Product Type,Recently Updated Record,Last Modified Date,Event ID,Status,Recalling Firm,Address1,Address2,City,State/Province,Postal Code,Country,Voluntary/Mandated,Initial Firm Notification of Consignee or Public,Distribution Pattern,Recall Number,Classification,Product Description,Product Quantity,Reason for Recall,Recall Initiation Date,Center Classification Date,Termination Date,Report Date,Code Info
"Veterinary","No","","58856","Terminated","Cargill Animal Nutrition","#6 Industrial Park","N/A","Flora","IL","	62839","United States","N/A","N/A","Arkansas, Illinois, Indiana, Kentucky, Missouri and Tennessee","V-363-2011","Class II","Pfizer TM Crumbles Medicated; Active Drug ingredient - Oxytetracycline 2 grams/LB; a medicated feed designed to be fed to pullets and broiler chickens, turkeys, sheep, swine, beef cattle and lobsters; 50 lb. bag; Manufactured By: Cargill Animal Nutrition, General Office, Minneapolis, MN 55440; item 4574-M FL 0501, UPC 7 22304 01294 6","188 bags (4.7 tons)","The ruminant feeds were manufactured with yellow grease with more than 0.15% insoluble impurities, and non-ruminant feeds manufactured with the same yellow grease lacked the caution statement ""Do not feed to cattle or other ruminants"".","05/17/2011","N/A","09/20/2011","","N/A"
"Veterinary","No","","59299","Terminated","Texas Farm Products Co - Feed Mill","915 S Fredonia St","N/A","Nacogdoches","TX","	75964-5913","United States","N/A","N/A","A list of all customers with contact information is attached.","V-409-2011","Class II","LONE STAR COMMERCIAL CALF CREEP PELLETS Medicated 1665 Manufactured By:  TEXAS FARM PRODUCTS COMPANY, P.O. BOX 630009, Nacogdoches, TX 75963-0009, 936-564-3711","50 tons","The calf feed contains prohibited materials.","07/08/2011","N/A","05/23/2013","","N/A"
"Veterinary","No","","59983","Terminated","Alpharma LLC","601 Beam St","N/A","Salisbury","MD","	21801-7876","United States","N/A","N/A","IL, IA, KY, KS, ID","V-002-2012","Class II","Bovatec 91 Brand of Lasalocid Sodium Type A Medicated Article","120 bags(50lbs/ea) of each lot were distributed","The product failed to meet potency specifications during stability testing.","09/22/2011","N/A","11/14/2011","","N/A"
"Veterinary","No","","60111","Terminated","Melick Aquafeed","75 Orchard Dr","N/A","Catawissa","PA","	17820-8354","United States","N/A","N/A","AR and TX","V-006-2012","Class II","28% Catfish Feed","100 tons","Catfish feed was manufactured using corn that was found to be above the legal limit for Aflatoxin.","10/05/2011","N/A","02/01/2012","","N/A"
"Veterinary","No","","60251","Terminated","Melick Aquafeed","75 Orchard Dr","N/A","Catawissa","PA","	17820-8354","United States","N/A","N/A","TX, MO, AR","V-009-2012","Class II","28% Catfish Feed","300 tons","Catfish feed was manufactured using corn that was found to be above the legal limit for Aflatoxin.","10/26/2011","N/A","02/01/2012","","N/A"
"Veterinary","No","","60540","Terminated","Procter & Gamble The Iams Company","845 Commerce Dr","N/A","Henderson","NC","	27537-7450","United States","N/A","N/A","AL, AR, AZ, CA, CO, CT, DE, FL, GA, IA, KS, LA, MA, MD, ME, MN, MS, NC, ND, NE,  NH, NJ, NY, OR, PA, SC, TN, TX, UT, VA, WA and WI,","V-039-2012","Class II","Iams Proactive Health Original with Chicken Cat Food, 33 lb, 6.8 lb, 20 lb, 4 lb and 20 lb bags, UPC: 1901410533, 1901403915, 1901460807, 1901410504 and 1901410520","1750 bags","Product was found contain high levels of Aflatoxin.","11/22/2011","N/A","09/17/2012","","N/A"
"Veterinary","No","","60656","Terminated","Innovacyn Inc.","3546 N. Riverside","N/A","Rialto","CA","	92377","United States","N/A","N/A","nationwide in the US","V-021-2012","Class II","Bovine Eye Wash, Item #1030, Size 16 oz., Applicator:  Trigger, 6 case, $35","49, 697 units total","Innovacyn is voluntarily recalling certain Vetericyn eye and ear care products due to the product being mislabeled as ""sterile.""  There is a concern that the term ""sterile"" misbrands the product.","11/28/2011","N/A","03/27/2012","","N/A"
"Veterinary","No","","60656","Terminated","Innovacyn Inc.","3546 N. Riverside","N/A","Rialto","CA","	92377","United States","N/A","N/A","nationwide in the US","V-022-2012","Class II","Bovine Eye Wash, Item #1031, Size: 8 oz., Applicator:  Trigger & Pump, 6 case, $28","49, 697 units total","Innovacyn is voluntarily recalling certain Vetericyn eye and ear care products due to the product being mislabeled as ""sterile.""  There is a concern that the term ""sterile"" misbrands the product.","11/28/2011","N/A","03/27/2012","","N/A"
"Veterinary","No","","60656","Terminated","Innovacyn Inc.","3546 N. Riverside","N/A","Rialto","CA","	92377","United States","N/A","N/A","nationwide in the US","V-023-2012","Class II","Canine Eye Wash, Item #1033, Size 4 oz., Applicator:  Drops, 6 case, $24","49, 697 units total","Innovacyn is voluntarily recalling certain Vetericyn eye and ear care products due to the product being mislabeled as ""sterile.""  There is a concern that the term ""sterile"" misbrands the product.","11/28/2011","N/A","03/27/2012","","N/A"
"Veterinary","No","","60656","Terminated","Innovacyn Inc.","3546 N. Riverside","N/A","Rialto","CA","	92377","United States","N/A","N/A","nationwide in the US","V-024-2012","Class II","Feline Eye Wash, Item #1034, Size 4 oz., Applicator:  Drops, 6 case, $24","49, 697 units total","Innovacyn is voluntarily recalling certain Vetericyn eye and ear care products due to the product being mislabeled as ""sterile.""  There is a concern that the term ""sterile"" misbrands the product.","11/28/2011","N/A","03/27/2012","","N/A"
"Veterinary","No","","60656","Terminated","Innovacyn Inc.","3546 N. Riverside","N/A","Rialto","CA","	92377","United States","N/A","N/A","nationwide in the US","V-025-2012","Class II","Canine Ear Rinse, Item #1024, Size 4 oz., Applicator:  Drops, 6 case, $24","49, 697 units total","Innovacyn is voluntarily recalling certain Vetericyn eye and ear care products due to the product being mislabeled as ""sterile.""  There is a concern that the term ""sterile"" misbrands the product.","11/28/2011","N/A","03/27/2012","","N/A"
"Veterinary","No","","60656","Terminated","Innovacyn Inc.","3546 N. Riverside","N/A","Rialto","CA","	92377","United States","N/A","N/A","nationwide in the US","V-026-2012","Class II","Feline Ear Rinse, Item #1025, Size 4 oz., Applicator:  Drops, 6 case, $24","49, 697 units total","Innovacyn is voluntarily recalling certain Vetericyn eye and ear care products due to the product being mislabeled as ""sterile.""  There is a concern that the term ""sterile"" misbrands the product.","11/28/2011","N/A","03/27/2012","","N/A"
"Veterinary","No","","61017","Terminated","Cargill Inc Animal Nutrition Division","16 Feed Mill Rd","N/A","Lecompte","LA","	71346-9518","United States","Voluntary: Firm initiated","Telephone","AL, AR, AZ, CA, GUAM, HI, IA, ID, IL, IN, KS, LA, MI, MO, MS, NC, NV, OH, OK, OR, TN, TX, WA, and WI","V-146-2012","Class II","Nutrena (R), COUNTRY FEEDS (R) CHICK STARTER GROWER 18% CRUMBLES (AMP) (LL) MEDICATED, 95171-A LL, NET WEIGHT 50 LB (22.67 kg), NUTRENA, GENERAL OFFICE, MINNEAPOLIS, MN  55440, UPC None","3026 units (50 lb bags)","Animal feed may have elevated levels of Aflatoxin","12/15/2011","06/26/2012","01/17/2013","07/04/2012","4K1213 - 4K1335"
"Veterinary","No","","61017","Terminated","Cargill Inc Animal Nutrition Division","16 Feed Mill Rd","N/A","Lecompte","LA","	71346-9518","United States","Voluntary: Firm initiated","Telephone","AL, AR, AZ, CA, GUAM, HI, IA, ID, IL, IN, KS, LA, MI, MO, MS, NC, NV, OH, OK, OR, TN, TX, WA, and WI","V-147-2012","Class II","Nutrena (R), NutreBeef (R), RANGE MEAL (C70) (LL) MEDICATED, 93908LL, NET WEIGHT ON BAG OR BULK, NUTRENA, GENERAL OFFICE, MINNEAPOLIS, MN  55440, UPC 722304273767","1021 units (50 lb bags)","Animal feed may have elevated levels of Aflatoxin","12/15/2011","06/26/2012","01/17/2013","07/04/2012","4K1213 - 4K1335"
"Veterinary","No","","61017","Terminated","Cargill Inc Animal Nutrition Division","16 Feed Mill Rd","N/A","Lecompte","LA","	71346-9518","United States","Voluntary: Firm initiated","Telephone","AL, AR, AZ, CA, GUAM, HI, IA, ID, IL, IN, KS, LA, MI, MO, MS, NC, NV, OH, OK, OR, TN, TX, WA, and WI","V-149-2012","Class II","Nutrena (R), PORKTRACK(R) SOW/PIG COMPLETE PL 16 (C50) (LL) MEDICATED, 90679-C LL, NET WEIGHT ON BAG OR BULK, NUTRENA, GENERAL OFFICE, MINNEAPOLIS, MN  55440, UPC 722304017200","1015 units (50 lb bags)","Animal feed may have elevated levels of Aflatoxin","12/15/2011","06/26/2012","01/17/2013","07/04/2012","4K1213 - 4K1335"
"Veterinary","No","","61017","Terminated","Cargill Inc Animal Nutrition Division","16 Feed Mill Rd","N/A","Lecompte","LA","	71346-9518","United States","Voluntary: Firm initiated","Telephone","AL, AR, AZ, CA, GUAM, HI, IA, ID, IL, IN, KS, LA, MI, MO, MS, NC, NV, OH, OK, OR, TN, TX, WA, and WI","V-151-2012","Class II","14% HI-E RANGE MEAL (AN) (C100) (LL) MEDICATED, 4685-N LL, NET WEIGHT ON BAG OR BULK, NUTRENA, GENERAL OFFICE, MINNEAPOLIS, MN  55440, UPC 722304073985","916 units (50 lb bags)","Animal feed may have elevated levels of Aflatoxin","12/15/2011","06/26/2012","01/17/2013","07/04/2012","4K1213 - 4K1335"
"Veterinary","No","","61017","Terminated","Cargill Inc Animal Nutrition Division","16 Feed Mill Rd","N/A","Lecompte","LA","	71346-9518","United States","Voluntary: Firm initiated","Telephone","AL, AR, AZ, CA, GUAM, HI, IA, ID, IL, IN, KS, LA, MI, MO, MS, NC, NV, OH, OK, OR, TN, TX, WA, and WI","V-152-2012","Class II","CALF CREEP FEED (B45) (LL) MEDICATED, 4078-B LL, NET WEIGHT ON BAG OR BULK, NUTRENA, GENERAL OFFICE, MINNEAPOLIS, MN  55440, UPC 722304073848","1563 units (50 lb bags)","Animal feed may have elevated levels of Aflatoxin","12/15/2011","06/26/2012","01/17/2013","07/04/2012","4K1213 - 4K1335"
"Veterinary","No","","61017","Terminated","Cargill Inc Animal Nutrition Division","16 Feed Mill Rd","N/A","Lecompte","LA","	71346-9518","United States","Voluntary: Firm initiated","Telephone","AL, AR, AZ, CA, GUAM, HI, IA, ID, IL, IN, KS, LA, MI, MO, MS, NC, NV, OH, OK, OR, TN, TX, WA, and WI","V-153-2012","Class II","Nutrena (R), NutreBeef (R), CATTLE GROWER/FINISHER TEXTURED (LL), 93913 LL, NET WEIGHT ON BAG OR BULK, NUTRENA, GENERAL OFFICE, MINNEAPOLIS, MN  55440, UPC 722304271084","1992 units (50 lb bags)","Animal feed may have elevated levels of Aflatoxin","12/15/2011","06/26/2012","01/17/2013","07/04/2012","4K1213 - 4K1335"
"Veterinary","No","","61438","Terminated","XF Enterprises, Inc","310 Miles St","N/A","Hereford","TX","	79045-5354","United States","N/A","N/A","TX and IA","V-076-2012","Class II","SHOWFLEXX MEDICATED With Optaflexx by ELANCO ANIMAL HEALTH A Feed Supplement for Market Cattle during the final stage of the finishing period.  Distributed by:  SULLIVAN SUPPLY SOUTH, INC. Hillsboro, Texas 800-588-7096 and SULLIVAN SUPPLY, INC. Dunlap, Iowa 800-475-5902 Manufactured exclusively for and Guaranteed X.F. Enterprises Inc. P.O. Box 350 Hereford, Texas 79045 Formulated by:  Bob Beville, Consulting Nutritionist with Nutrition Service Associates Net Weight 15 lb (6.8 Kg.)  MEDICATED ACTIVE INGREDIENT Ractopamine hydrochloride 800g/ton.","1005 buckets","The products are missing required labeling.","03/15/2012","N/A","02/12/2013","","N/A"
"Veterinary","No","","61857","Terminated","Yachere Feed, Inc.","200 West Main St","N/A","Rockwood","PA","	15557-1045","United States","Voluntary: Firm initiated","Letter","Direct sales to farms in Fayette and Somerset Counties in PA, 1 direct account located in MD.","V-165-2012","Class II","19% Calf Starter Medicated  Active Ingredient Lasatocid  Yachere 19% Calf Starter Medicated  50 Lb. Net Wt.  Active Drug Ingredient   Lasatocid 47.4 g/ton  Yachere Feed, Inc.  415 Somerset Ave., Rockwood, PA 15557  ","268 50-Lb. bags","Feed was labeled as containing Lasalocid medication. Inspection revealed product did not contain Lasalocid.","05/02/2012","07/11/2012","02/04/2014","07/18/2012","None"
"Veterinary","No","","61940","Terminated","Pegasus Laboratories, Inc.","8809 Ely St","N/A","Pensacola","FL","	32514-7064","United States","Voluntary: Firm initiated","Telephone","Product was distributed to FL, OR, OH, PA, CA, TX, MO, NY, MN, IA, NE, NJ.","V-168-2012","Class II","PROIN 75MG COUNT BOTTLES HAVE THE CORRECT BASE LABEL OF:  ""***PROIN 75 mg (phenylpropanolamine hydrochloride) CHEWABLE TABLETS 75 mg per tablet***For oral use in dogs only***60 tablets***CAUTION: Federal law restricts this drug to use by or on the order of a licensed veterinarian.***Sympathomimetic amine drug***NADA #141-324, Approved by FDA***PRN PHARMACAL Pegasus Laboratories, Inc.***Each scored tablet contains 75 mg phenylpropanolamine, as hydrochloride.***Indications:  PROIN is indicated for the control of urinary incontinence due to urethral sphincter hypotonus in dogs.***Dosage:  The total recommended dosage for oral administration is 2mg/kg (0.91 mg/lb) of body weight twice daily.  Tablets are scored and dosage should be calculated in half-tablet increments.***Warnings:  Keep out of reach of children.  Not for human use.  Consult a physician in case of accidental ingestion by humans.  For use in dogs only.***Precautions:  PROIN Chewable Tablets should be stored out of reach of dogs in a secured area.***Manufactured by:  Pegasus Laboratories, Inc. An Employee-Owned Company Pensacola, FL 32514, USA***Made in USA***""                   INCORRECT BOOKLET TOP LABEL IS A PROIN 25MG LABEL.  INSERT/BOOKLET LABELING THAT MAY BE ON PROIN 75 mg 60 COUNT BOTTLES:  ""***PROIN 25 mg (phenylpropanolamine hydrochloride) CHEWABLE TABLETS 25 mg per tablet***For oral use in dogs only***60 tablets***CAUTION: Federal law restricts this drug to use by or on the order of a licensed veterinarian.***Sympathomimetic amine drug***NADA #141-324, Approved by FDA***PRN PHARMACAL Pegasus Laboratories, Inc.***Warnings:  Keep out of reach of children.  Not for human use.  Consult a physician in case of accidental ingestion by humans.  For use in dogs only.***Precautions:  PROIN Chewable Tablets should be stored out of reach of dogs in a secured area.***Manufactured by:  Pegasus Laboratories, Inc. An Employee-Owned Company Pensacola, FL 32514, USA***Made in USA***""    CORRECT BOOKLET TOP LABEL IS A PROIN 75 MG LABEL.  INSERT/BOOKLET LABELING THAT SHOULD BE ON PROIN 75 mg 60 COUNT BOTTLES:  ""***PROIN 75 mg (phenylpropanolamine hydrochloride) CHEWABLE TABLETS 75 mg per tablet***For oral use in dogs only***60 tablets***CAUTION: Federal law restricts this drug to use by or on the order of a licensed veterinarian.***Sympathomimetic amine drug***NADA #141-324, Approved by FDA***PRN PHARMACAL Pegasus Laboratories, Inc.***Warnings:  Keep out of reach of children.  Not for human use.  Consult a physician in case of accidental ingestion by humans.  For use in dogs only.***Precautions:  PROIN Chewable Tablets should be stored out of reach of dogs in a secured area.***Manufactured by:  Pegasus Laboratories, Inc. An Employee-Owned Company Pensacola, FL 32514, USA***Made in USA***""  ","34,685","Pegasus Laboratories, Inc. is recalling 75 mg, 60 count bottles of Proin Lots 120416 and 120213 for misbranding.  The affected product has the potential to have a 75mg base label with a 25mg Insert attached to the label.  Proin is a veterinary drug used to treat incontinence in dogs.","05/24/2012","07/17/2012","12/11/2012","07/25/2012","Lots:  120213 and 120416"
"Veterinary","No","","62662","Terminated","Hubbard Feeds Inc.","130 Bill Bryan Blvd","PO Box 1185","Hopkinsville","KY","	42241-1185","United States","Voluntary: Firm initiated","N/A","Product was distributed to a single non-government consignee in Russelville, KY.","V-197-2012","Class II","Scales Dairy 2 16% Pellet is a non-medicated bulk animal feed. Indicated on label as a ""Lactating Dairy Cattle Feed"" / Bulk feed","29,480 lbs bulk feed","Improper flushing / clean out procedures created a risk of Carbadox carry over into non-medicated dairy feed.","07/06/2012","08/13/2012","06/25/2013","08/22/2012","23457, Batch Run ID 17723"
"Veterinary","No","","62677","Terminated","Dogswell Llc","1964 Westwood Blvd","SUITE 350","Los Angeles","CA","	90025-4651","United States","Voluntary: Firm initiated","Press Release","The VitaKitty treats were distributed nationwide and Canada via retail stores and mail order from April 13th through June 14th, 2012.","V-199-2012","Class II","Catswell Brand Vitakitty Chicken Breast with Flaxseed and Vitamins, 2 oz. Packaged in re-sealable 2 oz orange plastic bag with clear window.","797 cases","The product was recalled because it has the potential to contain propylene glycol.","07/27/2012","08/16/2012","07/29/2013","08/22/2012","Lot codes affected are as follows: SEW12CH032701/03c and SEW12CH032702/03c with a best before date of 09/10/13 and 09/11/13, respectively (UPC code 8 84244 00057 2)"
"Veterinary","No","","62700","Terminated","Nutra Blend LLC","3200 2nd St","N/A","Neosho","MO","	64850-7738","United States","Voluntary: Firm initiated","Telephone","The product was distributed in MO.","V-211-2012","Class II","BLN Fescue Forage Blend CTC NB-0451, Type B Medicated Feed For Beef Cattle, containing 1.4 g/lb. chlortetracycline, packaged in 50-lb. bags.  The tag is labeled Manufactured by: Nutra Blend, LLC, Neosho, MO.  The bag lists the firm name as Bass Livestock Nutrition, LLC, Rogersville, MO.","81/50-lb. bags","The feed contains excessive levels of selenium","07/30/2012","09/07/2012","09/11/2012","09/19/2012","Lot 0525264"
"Veterinary","No","","63905","Terminated","Western Stockmen's","223 Rodeo Ave","N/A","Caldwell","ID","	83605-6714","United States","Voluntary: Firm initiated","Two or more of the following: Email, Fax, Letter, Press Release, Telephone, Visit","Product was distributed in Idaho and Oregon","V-135-2013","Class II","WSI Pride Plus Amprolium Crumble 1.25%, packaged in a 50 lb. bag.  The Product code/number is 104636.  Tag is tan in color; with the lot number and product number located at the bottom of the tag just above the tag sew line.      The product is labeled in parts: ""***WSI Pride Plus Amprolium Crumble 1.25%***For Beef and Dairy Calves***MEDICATED An aid in the prevention and treatment of coccidiosis caused by Eimeria bovis and E. zurnii in calves***ACTIVE DRUG INGREDIENT***Amprolium (Corid) 1.25%***MANUFACTURED BY WESTERN STOCKMEN'S, CALDWELL, ID 83605*** 208-459-0777***"".","200 bags (50 lbs. per bag)","WSI Pride-Plus Amprolium Crumble 1.25% was found to be sub-potent for Amprolium.   The sample was detected of 0.9758% instead of 1.25% concentration of Amprolium.","12/11/2012","02/05/2013","02/11/2013","02/13/2013","Lot No. 340209114-090712           The lot number consists of the first 9 digits, i.e., 340209114 and is a unique identifier.   The Product code is the unique code assigned in the firm's database for this named finished feed product.    The number 090712 is September 7, 2012.  The tag was made on Sept. 7. This date does not reflect the actual date of manufacture necessarily, as tags are produced at the time an order is placed. In this case, the order was placed on Sept. 7th and at that time the tags were made."
"Veterinary","No","","63936","Terminated","Dairy Manufacturers, Inc","601 N Coleman St","N/A","Prosper","TX","	75078-2333","United States","Voluntary: Firm initiated","Telephone","TX","V-136-2013","Class II","Lone Star 22-10-.5 Instant Medicated Calf Milk Replacer 25lb bag, manufactured for Texas Farm Products Company, Nacogdoches, Texas 75963","3,824 bags","Category II drug NeoOxy 100/100 MR used in milk replacer was expired as of December 2011.","12/21/2012","02/08/2013","07/31/2013","02/20/2013","All product manufactured between January 1, 2012 and December 18, 2012 (lot codes: 202802, 202301, 200902-05, 203204, 203303-05, 206601-02, 206501-05,  209001-04, 211701-03, 215301-05, 219501-05, 224304-06, 226401-03, 229202-04, 234801-05)"
"Veterinary","No","","66170","Terminated","Zoetis Inc","100 Campus Dr","4th Floor","Florham Park","NJ","	07932","United States","Voluntary: Firm initiated","Letter","Product was distributed to the following states:  GA, AR, OK, TX, and VA.","V-001-2014","Class II","Bio-Cox Granular 60 Alpharma Brand of salinomycin sodium Type A Medicated Article Net Wt 50 LB, Marketed by Alpharma Inc. Bridgewater, New Jersey 08807, NADA # 128-686","1280 bags","Stability failure","09/09/2013","11/05/2013","08/14/2014","11/13/2013","HSK10293, HSK10294, HSK10295, HSK10296, HSK10297, HSK10298, HSK10299, HSK10300, HSK10301, HSK10302, HSK10303, HSK10304, HSK10305, HSK10306, HSK10307, and HSK10308."
"Veterinary","No","","66429","Terminated","Bio-Cat Inc","9117 Three Notch Rd","N/A","Troy","VA","	22974-2809","United States","Voluntary: Firm initiated","E-Mail","The product was distributed to manufacturers and distributors nationwide and to Canada and Taiwan.","V-054-2014","Class II","Cellulase Enzyme Blends, bulk, custom blended formulations identified as Feed Sources blend and P-one blend, packed in boxes or drums ranging from 1 kg to 25 kg, item # CELIND, labeled in part ***Manufactured by BIO-CAT, INC.9117 Three Notch Road Troy, Virginia 22974 Telephone (800) 545-9052 Fax (434) 589-3301 E-mail: info@bio-cat.com Website: www.bio-cat.com***      ","57,000 kg total","Raw material enzymes intended for further manufacturing of animal feed may be contaminated with chloramphenicol.","09/26/2013","02/25/2014","06/17/2014","03/05/2014","Lots:  fsb-vw08  pob-tw31"
"Veterinary","No","","66429","Terminated","Bio-Cat Inc","9117 Three Notch Rd","N/A","Troy","VA","	22974-2809","United States","Voluntary: Firm initiated","E-Mail","The product was distributed to manufacturers and distributors nationwide and to Canada and Taiwan.","V-055-2014","Class II","Pectinase Enzyme Blends, bulk, custom blended formulations identified as Synerzyme-AE, Brizyme, EB-7 Multi-Enzyme Blend, Enzyme 7x, Pectinase 3,000 ENDO PG/GM, and Enzyme Blend Y2X,  in boxes or drums ranging from 1 kg to 25 kg, item # PECCI, labeled in part ***Manufactured by BIO-CAT, INC.9117 Three Notch Road Troy, Virginia 22974 Telephone (800) 545-9052 Fax (434) 589-3301 E-mail: info@bio-cat.com Website: www.bio-cat.com***      ","57,000 kg total","Raw material enzymes intended for further manufacturing of animal feed may be contaminated with chloramphenicol.","09/26/2013","02/25/2014","06/17/2014","03/05/2014","Lots:    BRI-XW16  EB7-XW08  E7X-TW03  PE003-UW21  EBY2X-UW22"
"Veterinary","No","","66429","Terminated","Bio-Cat Inc","9117 Three Notch Rd","N/A","Troy","VA","	22974-2809","United States","Voluntary: Firm initiated","E-Mail","The product was distributed to manufacturers and distributors nationwide and to Canada and Taiwan.","V-056-2014","Class II","Xylanase Enzyme Blends, bulk, custom blended formulations identified as Synerzyme-ae, Brizyme, Cellulase Special Blend OMRI, Xylanase amylase blend, Bio-Cat Ruminant Enzyme, Feed Blend ws, Alkacel 20x, BC-XR, Enzyme blend #2237, CHX blend, and EB-7 multi-enzyme blend, packed in boxes or drums ranging from 1 kg to 25 kg, item # XYXP, and labeled in part ***Manufactured by BIO-CAT, INC.9117 Three Notch Road Troy, Virginia 22974 Telephone (800) 545-9052 Fax (434) 589-3301 E-mail: info@bio-cat.com Website: www.bio-cat.com***    ","57,000 kg total","Raw material enzymes intended for further manufacturing of animal feed may be contaminated with chloramphenicol.","09/26/2013","02/25/2014","06/17/2014","03/05/2014","Lots:  synae-vw18  bri-xw16  csbomri-xw20  xab-vw21  bcr-yw14  fbws-uw04  alc20-ww05  bcxr-tw04  eb2237-vw14  chxb-uw27  eb7-xw08"
"Veterinary","No","","66432","Terminated","Cargill Inc.","3540 Railroad Ave","N/A","Alexander","NY","	14005-9765","United States","Voluntary: Firm initiated","Telephone","New York","V-005-2014","Class II","Agway LS Meat Goat 16 PL (DQ) (AX) MEDICATED, Net Wt. 50 lb poly bags","11 bags","Cargill Feed & Nutrition has recalled Agway LS Meat Goat 16 Pellet with Decox due to the presence of excessive amounts of selenium.","09/27/2013","11/18/2013","05/06/2015","11/27/2013","Product Code 200593, Lot #AX3242"
"Veterinary","No","","66673","Terminated","Ridley Block Operations, Inc.","424 N Riverfront Dr","N/A","Mankato","MN","	56001","United States","Voluntary: Firm initiated","Letter","Distribution was made to NE.  There was not foreign or military distribution.","V-012-2014","Class II","Hubbard Grolean 16% B91Aureo 140+Vit A, medicated, contains Lasalocid, 91g/ton and Chlortetracycline 140 g/ton, vitamin A, vitamin D, and vitamin E, packaged in 50 lb/bags. Hubbard Feeds Inc., Mankato, MN.","56/50 lb-bags","The product is being recalled because a routine sample analyzed by the Nebraska Department of Agriculture was found to contain Oxytetracycline.","10/22/2013","12/06/2013","01/07/2014","12/18/2013","Lot B00603274"
"Veterinary","No","","67500","Terminated","Hospira Inc.","275 N Field Dr","N/A","Lake Forest","IL","	60045-2579","United States","Voluntary: Firm initiated","Letter","US: Nationwide (AL, CO, DE, FL, IA, IL, IN, KS, LA, MN, MO, NC, NY, OK, PA, TN, TX, VA) + District of Columbia","V-136-2014","Class II","The Plum XL Family is indicated for intravenous. arterial, sort-term epidural, and parenteral administration of general I.V. fluids, medications, nutritional fluids, and blood/blood products to patients in hospital and home care environments.","1,168 pumps","There is the potential for the door roller assembly on the Plum XL family of infusers to break. In the event of a broken door roller pin, the door cannot appropriately lock the cassette in the right position. Depending on the conditions of a broken door toller pin, a number of events can occur. The door cannot be closed or a cassette/door alarm or a false occlusion alarm might be triggered. Broken","01/24/2014","07/15/2014","11/07/2016","07/23/2014","List Number: 12570;   Serial Numbers: 13735001 ,  13735002 ,  13735003 ,  13735004 ,  13735005 ,  13735006 ,  13735007 ,  13735008 ,  13735009 ,  13735010 ,  13735011 ,  13735012 ,  13735013 ,  13735014 ,  13735015 ,  13735016 ,  13735017 ,  13735018 ,  13735019 ,  13735020 ,  13735021 ,  13735022 ,  13735023 ,  13735024 ,  13735025 ,  13735026 ,  13735027 ,  13735028 ,  13735029 ,  13735030 ,  13735031 ,  13735032 ,  13735033 ,  13735034 ,  13735035 ,  13735036 ,  13735037 ,  13735038 ,  13735039 ,  13735040 ,  13735041 ,  13735042 ,  13735043 ,  13735044 ,  13735045 ,  13735046 ,  13735047 ,  13735048 ,  13735049 ,  13735050 ,  13735051 ,  13735052 ,  13735053 ,  13735054 ,  13735055 ,  13735056 ,  13735057 ,  13735058 ,  13735059 ,  13735060 ,  13735061 ,  13735062 ,  13735063 ,  13735064 ,  13735065 ,  13735066 ,  13735067 ,  13735068 ,  13735069 ,  13735070 ,  13735071 ,  13735072 ,  13735073 ,  13735074 ,  13735075 ,  13735076 ,  13735077 ,  13735078 ,  13735079 ,  13735080 ,  13735081 ,  13735082 ,  13735083 ,  13735084 ,  13735085 ,  13735086 ,  13735087 ,  13735088 ,  13735089 ,  13735090 ,  13735091 ,  13735092 ,  13735093 ,  13735094 ,  13735095 ,  13735096 ,  13735097 ,  13735098 ,  13735099 ,  13735100 ,  13735101 ,  13735102 ,  13735103 ,  13735104 ,  13735105 ,  13735106 ,  13735107 ,  13735108 ,  13735109 ,  13735110 ,  13735111 ,  13735112 ,  13735113 ,  13735114 ,  13735115 ,  13735116 ,  13735117 ,  13735118 ,  13735119 ,  13735120 ,  13735121 ,  13735122 ,  13735123 ,  13735124 ,  13735125 ,  13735126 ,  13735127 ,  13735128 ,  13735129 ,  13735130 ,  13735131 ,  13735132 ,  13735133 ,  13735134 ,  13735135 ,  13735136 ,  13735137 ,  13735138 ,  13735139 ,  13735140 ,  13735141 ,  13735142 ,  13735143 ,  13735144 ,  13735145 ,  13735146 ,  13735147 ,  13735148 ,  13735149 ,  13735150 ,  13735151 ,  13735152 ,  13735153 ,  13735154 ,  13735155 ,  13735156 ,  13735157 ,  13735158 ,  13735159 ,  13735160 ,  13735161 ,  13735162 ,  13735163 ,  13735164 ,  13735165 ,  13735166 ,  13735167 ,  13735168 ,  13735169 ,  13735170 ,  13735171 ,  13735172 ,  13735173 ,  13735174 ,  13735175 ,  13735176 ,  13735177 ,  13735178 ,  13735179 ,  13735180 ,  13735181 ,  13735182 ,  13735183 ,  13735184 ,  13735185 ,  13735186 ,  13735187 ,  13735188 ,  13735189 ,  13735190 ,  13735191 ,  13735192 ,  13735193 ,  13735194 ,  13735195 ,  13735196 ,  13735197 ,  13735198 ,  13735199 ,  13735200 ,  13735201 ,  13735202 ,  13735203 ,  13735204 ,  13735205 ,  13735206 ,  13735207 ,  13735208 ,  13735209 ,  13735210 ,  13735211 ,  13735212 ,  13735213 ,  13735214 ,  13735215 ,  13735216 ,  13735217 ,  13735218 ,  13735219 ,  13735220 ,  13735221 ,  13735222 ,  13735223 ,  13735224 ,  13735225 ,  13735226 ,  13735227 ,  13735228 ,  13735229 ,  13735230 ,  13735231 ,  13735233 ,  13735234 ,  13735235 ,  13735236 ,  13735237 ,  13735238 ,  13735239 ,  13735240 ,  13735241 ,  13735242 ,  13735243 ,  13735244 ,  13735245 ,  13735246 ,  13735247 ,  13735248 ,  13735249 ,  13735250 ,  13735251 ,  13735252 ,  13735253 ,  13735254 ,  13735255 ,  13735256 ,  13735257 ,  13735258 ,  13735259 ,  13735260 ,  13735261 ,  13735262 ,  13735263 ,  13735264 ,  13735265 ,  13735266 ,  13735267 ,  13735268 ,  13735269 ,  13735270 ,  13735271 ,  13735272 ,  13735273 ,  13735274 ,  13735275 ,  13735276 ,  13735277 ,  13735278 ,  13735279 ,  13735280 ,  13735281 ,  13735282 ,  13735283 ,  13735284 ,  13735285 ,  13735286 ,  13735287 ,  13735288 ,  13735289 ,  13735290 ,  13735291 ,  13735292 ,  13735293 ,  13735294 ,  13735295 ,  13735296 ,  13735297 ,  13735298 ,  13735299 ,  13735300 ,  13735301 ,  13735302 ,  13735303 ,  13735304 ,  13735305 ,  13735306 ,  13735307 ,  13735308 ,  13735309 ,  13735310 ,  13735311 ,  13735312 ,  13735313 ,  13735314 ,  13735315 ,  13735316 ,  13735317 ,  13735318 ,  13735319 ,  13735320 ,  13735321 ,  13735322 ,  13735323 ,  13735324 ,  13735325 ,  13735326 ,  13735327 ,  13735328 ,  13735329 ,  13735330 ,  13735331 ,  13735332 ,  13735333 ,  13735334 ,  13735335 ,  13735336 ,  13735337 ,  13735338 ,  13735339 ,  13735340 ,  13735341 ,  13735342 ,  13735343 ,  13735344 ,  13735345 ,  13735346 ,  13735347 ,  13735348 ,  13735349 ,  13735350 ,  13735351 ,  13735352 ,  13735353 ,  13735354 ,  13735355 ,  13735356 ,  13735357 ,  13735358 ,  13735359 ,  13735360 ,  13735361 ,  13735362 ,  13735363 ,  13735364 ,  13735365 ,  13735366 ,  13735367 ,  13735368 ,  13735369 ,  13735370 ,  13735371 ,  13735372 ,  13735373 ,  13735374 ,  13735375 ,  13735376 ,  13735377 ,  13735378 ,  13735379 ,  13735380 ,  13735381 ,  13735382 ,  13735383 ,  13735384 ,  13735385 ,  13735386 ,  13735387 ,  13735388 ,  13735389 ,  13735390 ,  13735391 ,  13735392 ,  13735393 ,  13735394 ,  13735395 ,  13735396 ,  13735397 ,  13735398 ,  13735399 ,  13735400 ,  13735401 ,  13735402 ,  13735403 ,  13735404 ,  13735405 ,  13735406 ,  13735407 ,  13735408 ,  13735409 ,  13735410 ,  13735411 ,  13735412 ,  13735413 ,  13735414 ,  13735415 ,  13735416 ,  13735417 ,  13735418 ,  13735419 ,  13735420 ,  13735421 ,  13735422 ,  13735423 ,  13735424 ,  13735425 ,  13735426 ,  13735427 ,  13735428 ,  13735429 ,  13735430 ,  13735431 ,  13735432 ,  13735433 ,  13735434 ,  13735435 ,  13735436 ,  13735437 ,  13735438 ,  13735439 ,  13735440 ,  13735441 ,  13735442 ,  13735443 ,  13735444 ,  13735445 ,  13735446 ,  13735447 ,  13735448 ,  13735449 ,  13735450 ,  13735451 ,  13735452 ,  13735453 ,  13735454 ,  13735455 ,  13735456 ,  13735457 ,  13735458 ,  13735459 ,  13735460 ,  13735461 ,  13735462 ,  13735463 ,  13735464 ,  13735465 ,  13735466 ,  13735467 ,  13735468 ,  13735469 ,  13735470 ,  13735471 ,  13735472 ,  13735473 ,  13735474 ,  13735475 ,  13735476 ,  13735477 ,  13735478 ,  13735479 ,  13735480 ,  13735481 ,  13735482 ,  13735483 ,  13735484 ,  13735485 ,  13735486 ,  13735487 ,  13735488 ,  13735489 ,  13735490 ,  13735491 ,  13735492 ,  13735493 ,  13735494 ,  13735495 ,  13735496 ,  13735497 ,  13735498 ,  13735499 ,  13735500 ,  13735501 ,  13735502 ,  13735503 ,  13735504 ,  13735505 ,  13735506 ,  13735507 ,  13735508 ,  13735509 ,  13735510 ,  13735511 ,  13735512 ,  13735513 ,  13735514 ,  13735515 ,  13735516 ,  13735517 ,  13735518 ,  13735519 ,  13735520 ,  13735521 ,  13735522 ,  13735523 ,  13735524 ,  13735525 ,  13735526 ,  13735527 ,  13735528 ,  13735529 ,  13735530 ,  13735531 ,  13735532 ,  13735533 ,  13735534 ,  13735535 ,  13735536 ,  13735537 ,  13735538 ,  13735539 ,  13735540 ,  13735541 ,  13735542 ,  13735543 ,  13735544 ,  13735545 ,  13735546 ,  13735547 ,  13735548 ,  13735549 ,  13735550 ,  13735551 ,  13735552 ,  13735553 ,  13735554 ,  13735555 ,  13735556 ,  13735557 ,  13735558 ,  13735559 ,  13735560 ,  13735561 ,  13735562 ,  13735563 ,  13735564 ,  13735565 ,  13735566 ,  13735567 ,  13735568 ,  13735569 ,  13735570 ,  13735571 ,  13735572 ,  13735573 ,  13735574 ,  13735575 ,  13735576 ,  13735577 ,  13735578 ,  13735579 ,  13735580 ,  13735581 ,  13735582 ,  13735583 ,  13735584 ,  13735585 ,  13735586 ,  13735587 ,  13735588 ,  13735589 ,  13735590 ,  13735591 ,  13735592 ,  13735593 ,  13735594 ,  13735595 ,  13735596 ,  13735597 ,  13735598 ,  13735599 ,  13735600 ,  13735601 ,  13735602 ,  13735603 ,  13735604 ,  13735605 ,  13735606 ,  13735607 ,  13735608 ,  13735609 ,  13735610 ,  13735611 ,  13735612 ,  13735613 ,  13735614 ,  13735615 ,  13735616 ,  13735617 ,  13735618 ,  13735619 ,  13735620 ,  13735621 ,  13735622 ,  13735623 ,  13735624 ,  13735625 ,  13735626 ,  13735627 ,  13735628 ,  13735629 ,  13735630 ,  13735631 ,  13735632 ,  13735633 ,  13735634 ,  13735635 ,  13735637 ,  13735638 ,  13735639 ,  13735640 ,  13735641 ,  13735642 ,  13735643 ,  13735644 ,  13735645 ,  13735646 ,  13735647 ,  13735648 ,  13735649 ,  13735650 ,  13735651 ,  13735652 ,  13735653 ,  13735654 ,  13735655 ,  13735656 ,  13735657 ,  13735658 ,  13735659 ,  13735660 ,  13735661 ,  13735662 ,  13735663 ,  13735664 ,  13735665 ,  13735666 ,  13735667 ,  13735668 ,  13735669 ,  13735670 ,  13735671 ,  13735672 ,  13735673 ,  13735674 ,  13735675 ,  13735676 ,  13735677 ,  13735678 ,  13735679 ,  13735680 ,  13735681 ,  13735682 ,  13735683 ,  13735684 ,  13735685 ,  13735686 ,  13735687 ,  13735688 ,  13735689 ,  13735690 ,  13735691 ,  13735692 ,  13735693 ,  13735694 ,  13735695 ,  13735696 ,  13735697 ,  13735698 ,  13735699 ,  13735700 ,  13735701 ,  13735702 ,  13735703 ,  13735704 ,  13735705 ,  13735706 ,  13735707 ,  13735709 ,  13735710 ,  13735711 ,  13735712 ,  13735713 ,  13735714 ,  13735715 ,  13735716 ,  13735717 ,  13735718 ,  13735719 ,  13735720 ,  13735721 ,  13735722 ,  13735723 ,  13735724 ,  13735725 ,  13735726 ,  13735727 ,  13735728 ,  13735729 ,  13735730 ,  13735731 ,  13735732 ,  13735733 ,  13735734 ,  13735735 ,  13735736 ,  13735737 ,  13735738 ,  13735739 ,  13735740 ,  13735741 ,  13735742 ,  13735743 ,  13735744 ,  13735745 ,  13735746 ,  13735747 ,  13735748 ,  13735749 ,  13735750 ,  13735751 ,  13735752 ,  13735753 ,  13735754 ,  13735755 ,  13735756 ,  13735757 ,  13735758 ,  13735759 ,  13735760 ,  13735761 ,  13735762 ,  13735763 ,  13735764 ,  13735765 ,  13735766 ,  13735767 ,  13735768 ,  13735769 ,  13735770 ,  13735771 ,  13735772 ,  13735773 ,  13735774 ,  13735775 ,  13735776 ,  13735777 ,  13735778 ,  13735779 ,  13735780 ,  13735781 ,  13735782 ,  13735783 ,  13735784 ,  13735785 ,  13735786 ,  13735787 ,  13735788 ,  13735789 ,  13735790 ,  13735791 ,  13735792 ,  13735793 ,  13735794 ,  13735795 ,  13735796 ,  13735797 ,  13735798 ,  13735799 ,  13735800 ,  13735801 ,  13735802 ,  13735803 ,  13735804 ,  13735805 ,  13735806 ,  13735807 ,  13735808 ,  13735809 ,  13735810 ,  13735811 ,  13735812 ,  13735813 ,  13735814 ,  13735815 ,  13735816 ,  13735817 ,  13735818 ,  13735819 ,  13735820 ,  13735821 ,  13735822 ,  13735823 ,  13735824 ,  13735825 ,  13735826 ,  13735827 ,  13735828 ,  13735829 ,  13735830 ,  13735831 ,  13735832 ,  13735833 ,  13735834 ,  13735835 ,  13735836 ,  13735837 ,  13735838 ,  13735839 ,  13735840 ,  13735841 ,  13735842 ,  13735843 ,  13735844 ,  13735845 ,  13735846 ,  13735847 ,  13735848 ,  13735849 ,  13735850 ,  13735851 ,  13735852 ,  13735853 ,  13735854 ,  13735855 ,  13735856 ,  13735857 ,  13735858 ,  13735859 ,  13735860 ,  13735861 ,  13735862 ,  13735863 ,  13735864 ,  13735865 ,  13735866 ,  13735867 ,  13735868 ,  13735869 ,  13735870 ,  13735871 ,  13735872 ,  13735873 ,  13735874 ,  13735875 ,  13735876 ,  13735877 ,  13735878 ,  13735879 ,  13735880 ,  13735881 ,  13735882 ,  13735883 ,  13735884 ,  13735885 ,  13735886 ,  13735887 ,  13735888 ,  13735889 ,  13735890 ,  13735891 ,  13735892 ,  13735893 ,  13735894 ,  13735895 ,  13735896 ,  13735897 ,  13735898 ,  13735899 ,  13735900 ,  13735901 ,  13735902 ,  13735903 ,  13735904 ,  13735905 ,  13735906 ,  13735907 ,  13735908 ,  13735909 ,  13735910 ,  13735911 ,  13735912 ,  13735913 ,  13735914 ,  13735915 ,  13735916 ,  13735917 ,  13735918 ,  13735919 ,  13735920 ,  13735921 ,  13735922 ,  13735923 ,  13735924 ,  13735925 ,  13735926 ,  13735927 ,  13735928 ,  13735929 ,  13735930 ,  13735931 ,  13735932 ,  13735933 ,  13735934 ,  13735935 ,  13735936 ,  13735937 ,  13735938 ,  13735939 ,  13735940 ,  13735941 ,  13735942 ,  13735943 ,  13735944 ,  13735945 ,  13735946 ,  13735947 ,  13735948 ,  13735949 ,  13735950 ,  13735951 ,  13735952 ,  13735953 ,  13735954 ,  13735955 ,  13735956 ,  13735957 ,  13735958 ,  13735959 ,  13735960 ,  13735961 ,  13735962 ,  13735963 ,  13735964 ,  13735965 ,  13735966 ,  13735967 ,  13735968 ,  13735969 ,  13735970 ,  13735971 ,  13735972 ,  13735973 ,  13735974 ,  13735975 ,  13735976 ,  13735977 ,  13735978 ,  13735979 ,  13735980 ,  13735981 ,  13735982 ,  13735983 ,  13735984 ,  13735985 ,  13735986 ,  13735987 ,  13735988 ,  13735989 ,  13735990 ,  13735991 ,  13735992 ,  13735993 ,  13735994 ,  13735995 ,  13735996 ,  13735997 ,  13735998 ,  13735999 ,  13736000 ,  13736001 ,  13736002 ,  13736003 ,  13736004 ,  13736005 ,  13736006 ,  13736007 ,  13736008 ,  13736009 ,  13736010 ,  13736011 ,  13736012 ,  13736013 ,  13736014 ,  13736015 ,  13736016 ,  13736017 ,  13736018 ,  13736019 ,  13736020 ,  13736021 ,  13736022 ,  13736023 ,  13736024 ,  13736025 ,  13736026 ,  13736027 ,  13736028 ,  13736029 ,  13736030 ,  13736031 ,  13736032 ,  13736033 ,  13736034 ,  13736035 ,  13736036 ,  13736037 ,  13736038 ,  13736039 ,  13736040 ,  13736041 ,  13736042 ,  13736043 ,  13736044 ,  13736045 ,  13736046 ,  13736047 ,  13736048 ,  13736049 ,  13736050 ,  13736051 ,  13736052 ,  13736053 ,  13736054 ,  13736055 ,  13736056 ,  13736057 ,  13736058 ,  13736059 ,  13736060 ,  13736061 ,  13736062 ,  13736063 ,  13736064 ,  13736065 ,  13736066 ,  13736067 ,  13736068 ,  13736069 ,  13736070 ,  13736071 ,  13736072 ,  13736073 ,  13736074 ,  13736075 ,  13736076 ,  13736077 ,  13736078 ,  13736079 ,  13736080 ,  13736081 ,  13736082 ,  13736083 ,  13736084 ,  13736085 ,  13736086 ,  13736087 ,  13736088 ,  13736089 ,  13736090 ,  13736091 ,  13736092 ,  13736093 ,  13736094 ,  13736095 ,  13736096 ,  13736097 ,  13736098 ,  13736099 ,  13736100 ,  13736101 ,  13736102 ,  13736103 ,  13736104 ,  13736105 ,  13736106 ,  13736107 ,  13736108 ,  13736109 ,  13736110 ,  13736111 ,  13736112 ,  13736113 ,  13736114 ,  13736115 ,  13736116 ,  13736117 ,  13736118 ,  13736119 ,  13736120 ,  13736121 ,  13736122 ,  13736123 ,  13736124 ,  13736125 ,  13736126 ,  13736127 ,  13736128 ,  13736129 ,  13736130 ,  13736131 ,  13736132 ,  13736133 ,  13736134 ,  13736135 ,  13736136 ,  13736137 ,  13736138 ,  13736139 ,  13736140 ,  13736141 ,  13736142 ,  13736143 ,  13736144 ,  13736145 ,  13736146 ,  13736147 ,  13736148 ,  13736149 ,  13736150 ,  13736151 ,  13736154 ,  13736158 ,  13736159 ,  13736161 ,  13736162 ,  13736163 ,  13736165 ,  13736166 ,  13736167 ,  13736168 ,  13736169 ,  13736170 ,  13736171 ,  13736172 ,  13736173 ,  13736174 ,  13736175 ,  13736178 ,  13736180 ,  13736182"
"Veterinary","No","","68257","Terminated","Hospira Inc.","275 N Field Dr","N/A","Lake Forest","IL","	60045-2579","United States","Voluntary: Firm initiated","Letter","*** US: Nationwide (AK, AL, AR, AZ, CA, CO, CT, DE, FL, GA, HI, IA, ID, IL, IN, KS, KY, LA, MA, MD, ME, MI, MN, MO, MS, MT, NC, ND, NE, NH, NJ, NM, NV, NY, OH, OK, OR, PA, RI, SC, SD, TN, TX, UT, VA, VT, WA, WI, WV, WY) + District of Columbia + Puerto Rico + US Virgin Islands; *** FOREIGN: Australia, Bahrain, Belgium, Bosnia and Herzegovina, Brazil, Bulgaria, Canada, Chile, Croatia, Czech Republic, Egypt, Finland, France, Germany, Greece, Hong Kong, Hungary, Israel, Italy, Jordan, Kuwait, Luxembourg, Oman, Peru, Poland, Portugal, Qatar, Russia, San Marino, Saudi Arabia, South Africa, Spain, Sweden, Switzerland, Syria, Taiwan, Turkey, United Arab Emirates, United Kingdom, Yemen","V-139-2014","Class II","The LifeCare 5000 Pump (Plum 1.6) is indicated for accurate, volumetric infusion of critical drugs and fluids by intravenous (I.V.) administration.","List Number 02507: 132,889 pumps","There is the potential for the door roller assembly on the Plum LifeCare 5000 Series and Plum XL families of infusers to break. In the event of a broken door roller pin, the door cannot appropriately lock the cassette in  the right position. Depending on the conditions of a broken door roller pin, a number of events can occur. The door cannot be closed or a cassette/door alarm or a false occlusion","01/24/2014","07/18/2014","11/07/2016","07/30/2014","List Number: 02507; Serial Numbers: All."
"Veterinary","No","","68257","Terminated","Hospira Inc.","275 N Field Dr","N/A","Lake Forest","IL","	60045-2579","United States","Voluntary: Firm initiated","Letter","*** US: Nationwide (AK, AL, AR, AZ, CA, CO, CT, DE, FL, GA, HI, IA, ID, IL, IN, KS, KY, LA, MA, MD, ME, MI, MN, MO, MS, MT, NC, ND, NE, NH, NJ, NM, NV, NY, OH, OK, OR, PA, RI, SC, SD, TN, TX, UT, VA, VT, WA, WI, WV, WY) + District of Columbia + Puerto Rico + US Virgin Islands; *** FOREIGN: Australia, Bahrain, Belgium, Bosnia and Herzegovina, Brazil, Bulgaria, Canada, Chile, Croatia, Czech Republic, Egypt, Finland, France, Germany, Greece, Hong Kong, Hungary, Israel, Italy, Jordan, Kuwait, Luxembourg, Oman, Peru, Poland, Portugal, Qatar, Russia, San Marino, Saudi Arabia, South Africa, Spain, Sweden, Switzerland, Syria, Taiwan, Turkey, United Arab Emirates, United Kingdom, Yemen","V-140-2014","Class II","The Plum XL Family is indicated for intravenous. arterial, sort-term epidural, and parenteral administration of general I.V. fluids, medications, nutritional fluids, and blood/blood products to patients in hospital and home care environments.","List Number 11555: 17,887 pumps; List Number 11855: 1,292 pumps; List Number 11859:","There is the potential for the door roller assembly on the Plum LifeCare 5000 Series and Plum XL families of infusers to break. In the event of a broken door roller pin, the door cannot appropriately lock the cassette in  the right position. Depending on the conditions of a broken door roller pin, a number of events can occur. The door cannot be closed or a cassette/door alarm or a false occlusion","01/24/2014","07/18/2014","11/07/2016","07/30/2014","List Number: 11555; Serial Numbers: All. List Number: 11855; Serial Numbers: All. List Number:  11859; Serial Numbers: All."
"Veterinary","No","","68257","Terminated","Hospira Inc.","275 N Field Dr","N/A","Lake Forest","IL","	60045-2579","United States","Voluntary: Firm initiated","Letter","*** US: Nationwide (AK, AL, AR, AZ, CA, CO, CT, DE, FL, GA, HI, IA, ID, IL, IN, KS, KY, LA, MA, MD, ME, MI, MN, MO, MS, MT, NC, ND, NE, NH, NJ, NM, NV, NY, OH, OK, OR, PA, RI, SC, SD, TN, TX, UT, VA, VT, WA, WI, WV, WY) + District of Columbia + Puerto Rico + US Virgin Islands; *** FOREIGN: Australia, Bahrain, Belgium, Bosnia and Herzegovina, Brazil, Bulgaria, Canada, Chile, Croatia, Czech Republic, Egypt, Finland, France, Germany, Greece, Hong Kong, Hungary, Israel, Italy, Jordan, Kuwait, Luxembourg, Oman, Peru, Poland, Portugal, Qatar, Russia, San Marino, Saudi Arabia, South Africa, Spain, Sweden, Switzerland, Syria, Taiwan, Turkey, United Arab Emirates, United Kingdom, Yemen","V-141-2014","Class II","The Plum XL Family is indicated for intravenous. arterial, sort-term epidural, and parenteral administration of general I.V. fluids, medications, nutritional fluids, and blood/blood products to patients in hospital and home care environments.","List Number 11781: 1,828 pumps; List Number 11845: 13,700 pumps; List Number 11846:","There is the potential for the door roller assembly on the Plum LifeCare 5000 Series and Plum XL families of infusers to break. In the event of a broken door roller pin, the door cannot appropriately lock the cassette in  the right position. Depending on the conditions of a broken door roller pin, a number of events can occur. The door cannot be closed or a cassette/door alarm or a false occlusion","01/24/2014","07/18/2014","11/07/2016","07/30/2014","List Number: 11781; Serial Numbers: All. List Number: 11845; Serial Numbers: All. List Number:  11846; Serial Numbers: All."
"Veterinary","No","","68514","Terminated","Huvepharma Inc","3360 Maury Ave","N/A","Saint Louis","MO","	63116-2029","United States","Voluntary: Firm initiated","Telephone","The product was distributed to MO.  The firm's consignee reports distributing the recalled product to two customers, one in OR and one in GA.","V-134-2014","Class II","Huvepharma Amprol 25% (amprolium), Type A medicated article, NADA 012-650, Manufactured by: Huvepharma, Inc., St. Louis, MO, Distributed by: Huvepharma, Inc., Peachtree City, GA.","115/50-lb. bags","The product may contain broken glass.","06/05/2014","07/14/2014","09/11/2014","07/23/2014","Lot # HSC119; expiration date: February 2017"
"Veterinary","No","","68707","Terminated","PGG/HSC  Feed Co. LLC","300 W Feedville Rd","N/A","Hermiston","OR","	97838-9573","United States","Voluntary: Firm initiated","Telephone","Product was sold to two retail customers, located in Idaho and Oregon.","V-149-2014","Class II","KOXY KRUMBLES MEDICATED calf pellet/crumble feed; 50 lb bag; Active Drug Ingredient Amprolium 1.25%; Manufactured By: CHS Inc. Sioux Falls, SD 57107","84 fifty pound bags","PGG/HSC Feed Co., LLC is recalling Koxy Krumbles, an amprolium medicated calf pellet/crumble, due to 70% of declared amprolium.","06/10/2014","07/21/2014","03/17/2015","07/30/2014","Manufacturer's Lot Code: M927140  Product Code: 2730"
"Veterinary","No","","69164","Terminated","Bimeda MTC Animal Health Inc.","420 Beaverdale Rd.","N/A","Cambridge","N/A","	N/A","Canada","Voluntary: Firm initiated","Letter","US: IA, MN","V-166-2014","Class II","Ivermax (Ivermectin) 1% sterile solution is provided in a 500 mL plastic bottle suitable for use with automatic syringe equipment. Each bottle contains sufficient solution to treat 100 head of 550 lb (250 kg) cattle or 1000 head of 38 lb (17.3 kg) swine.","1,022 bottles","This recall has been initiated due to incorrect information printed on the bottle carton.  Specifically the carton indicates that the manufacturing date was May 2014 where as the correct information (as indicated on the bottle) is that the expiry date is May 2014.  There is a chance that customers may use the product after the expiration date based on the carton label.  The bottle inside the carto","08/14/2014","09/29/2014","04/17/2018","10/08/2014","Item Number: 1IVE038, Lot Number: 2E055"
"Veterinary","No","","70305","Terminated","Farmers Cooperative Society","317 3rd St NW","N/A","Sioux Center","IA","	51250-1856","United States","Voluntary: Firm initiated","Telephone","Iowa and Minnesota.","V-255-2015","Class II","Jerry Helmers Cattle Mix, 0.2775 % Rumensin","7840 lbs","Cattle feed was manufactured using a load of rendered animal fat which was not of sufficient grade to be used in ruminant feed.","01/14/2015","09/17/2015","11/06/2015","09/23/2015","W/O 853065"
"Veterinary","No","","70725","Terminated","Phibro Animal Health Corporation","300 Frank W Burr Blvd Ste 21","N/A","Teaneck","NJ","	07666-6704","United States","Voluntary: Firm initiated","Letter","KA, OH, OK & TX","V-251-2015","Class II","V-Max 50 Type A Medicated Article # 66104-9601    Packed in a 50 lb Multi-wall bag, with the following construction/configuration:  4 ply Kraft and 1 ply of HDPE.  ","100 bags/units","This recall has been initiated because Vmax 50 lot N30360585VN tested below (41.4 g/lb) the potency specification of 42.5   57.5 g/lb at the 18-month stability interval under VICH long-term conditions.","02/27/2015","08/28/2015","11/07/2017","09/09/2015","Lot N30360585VN"
"Veterinary","No","","71194","Terminated","Virbac AH, Inc","3200 Meacham Blvd","N/A","Fort Worth","TX","	76137-4611","United States","Voluntary: Firm initiated","Letter","Distribution pattern was nationwide, including Puerto Rico.  Foreign distribution was made to Mexico and Taiwan.  There was no military or government distribution.","V-072-2016","Class II","Virbac Etiderm (Ethyl Lactate 10% w/w) Shampoo for Dogs, Cats and Horses, packaged in 8 oz. (NDC 051311-080-08) and 16 oz. (051311-080-16) plastic bottles.  The responsible name of the label is Virbac, Fort Worth, TX 76161.","17,352 /8 oz. bottles; 13,320 /16 oz. bottles","Active ingredients failed to meet their stability specifications throughout expiry.  Product failed stability (low potency for ethyl lactate).","05/05/2015","11/12/2015","04/24/2017","11/18/2015","lot 130690, exp date 05/2015; lot 131172, exp. date 09/2015; lot 131443, exp. date 11/2015; and lot 140194, exp. date 01/2016."
"Veterinary","No","","71194","Terminated","Virbac AH, Inc","3200 Meacham Blvd","N/A","Fort Worth","TX","	76137-4611","United States","Voluntary: Firm initiated","Letter","Distribution pattern was nationwide, including Puerto Rico.  Foreign distribution was made to Mexico and Taiwan.  There was no military or government distribution.","V-073-2016","Class II","Virbac Pyoben Gel (Benzoyl Peroxide 3% w/w) for Dogs, Cats and Horses, packaged in 1 oz. plastic bottles.  NDC 051311-014-30.  The responsible name of the label is Virbac, Fort Worth, TX 76161.","6,840 /1 oz. bottles","Active ingredients failed to meet their stability specifications throughout expiry.  Product failed stability (high potency for benzoyl peroxide).","05/05/2015","11/12/2015","04/24/2017","11/18/2015","lot 130622, exp. date 05/2015"
"Veterinary","No","","71194","Terminated","Virbac AH, Inc","3200 Meacham Blvd","N/A","Fort Worth","TX","	76137-4611","United States","Voluntary: Firm initiated","Letter","Distribution pattern was nationwide, including Puerto Rico.  Foreign distribution was made to Mexico and Taiwan.  There was no military or government distribution.","V-074-2016","Class II","Virbac Pyoben Shampoo (Benzoyl Peroxide 3% w/w) for Dogs, Cats and Horses, packaged in 8 oz. (NDC 0151311-012-08) and 16 oz. (NDC 051311-012-16) plastic bottles.  The responsible name of the label is Virbac, Fort Worth, TX 76161.","28,656 /8 oz.bottles; 19,980 /16 oz. bottles","Active ingredients failed to meet their stability specifications throughout expiry.  Product failed stability (low potency for benzoyl peroxide).","05/05/2015","11/12/2015","04/24/2017","11/18/2015","lot 131197, exp. date 10/2015; and lot 140150, exp. date 01/2016."
"Veterinary","No","","71194","Terminated","Virbac AH, Inc","3200 Meacham Blvd","N/A","Fort Worth","TX","	76137-4611","United States","Voluntary: Firm initiated","Letter","Distribution pattern was nationwide, including Puerto Rico.  Foreign distribution was made to Mexico and Taiwan.  There was no military or government distribution.","V-075-2016","Class II","Virbac Resiketochlor (Chlorhexidine Gluconate 2.3% w/w; ketoconazole 1% w/w) Leave-on Lotion for Dogs, Cats and Horses, packaged in 8 oz. plastic bottles. NDC 0151311-780-08.  The responsible name of the label is Virbac, Fort Worth, TX 76161.","70,272 /8oz. bottles","Active ingredients failed to meet their stability specifications throughout expiry.  Product failed stability (low potency for chlorhexidine gluconate and ketoconazole).","05/05/2015","11/12/2015","04/24/2017","11/18/2015","lot 130617, exp. date 05/2015; lot 130783, exp. date 06/2015; lot 131148, exp. date 09/2015; lot 131224, exp. date 10/2015; lot 140010, exp. date 12/2015; lot 140209, exp. date 02/2016; lot 140349, exp. date 03/2016; lot 140713, exp. date 06/2016; lot 140886, exp. date 07/2016; and lot 141146, exp. date 09/2016."
"Veterinary","No","","71478","Terminated","Virbac AH, Inc","3200 Meacham Blvd","N/A","Fort Worth","TX","	76137-4611","United States","Voluntary: Firm initiated","Telephone","Product was distributed nationwide, including Puerto Rico.  Product was distributed to an affiliate in Seoul, South Korea.  There was no government or military distribution.","V-063-2016","Class II","Virbac Animal Health, KetoChlor Shampoo Medicated Shampoo for dogs, cats, and horses, Chlorhexidine Gluconate 2.3% w/w, Ketoconazole 1% w/w; Packaged in 8 oz bottles, NDC 51311-028-08.  The responsible name on the bottle is Virbac Animal Health, Fort Worth, TX 76161.","30,024 bottles","Some of the products may be missing labels.","06/05/2015","10/26/2015","03/10/2017","11/04/2015","140434, Exp 04/2016"
"Veterinary","No","","71506","Terminated","Kent Pet Group","2905 N Highway 61","N/A","Muscatine","IA","	52761-5809","United States","Voluntary: Firm initiated","Telephone","The recalled product was distributed to CA, GA, IL, MN, PA, NV and NY.","V-068-2016","Class II","by Nature, Active Defense +, Grain Free, 95% Beef & Beef Liver, Made in New Zealand, Distributed By Kent Pet Group, Inc. 2905 N Hwy 61, Muscatine, IA 52761 USA, UPC 8-40673-10078-8","281 cases","Analysis of product indicates it may contain more than the labeled amounts of vitamin A, calcium, and phosphorus.","06/26/2015","11/12/2015","03/28/2017","11/18/2015","7740"
"Veterinary","No","","71506","Terminated","Kent Pet Group","2905 N Highway 61","N/A","Muscatine","IA","	52761-5809","United States","Voluntary: Firm initiated","Telephone","The recalled product was distributed to CA, GA, IL, MN, PA, NV and NY.","V-069-2016","Class II","by Nature, Active Defense +, Grain Free, 95% Beef, Beef Liver & Chicken, Made in New Zealand, Distributed By Kent Pet Group, Inc. 2905 N Hwy 61, Muscatine, IA 52761 USA, UPC 8-40673-10081-8","219 cases","Analysis of product indicates it may contain more than the labeled amounts of vitamin A, calcium, and phosphorus.","06/26/2015","11/12/2015","03/28/2017","11/18/2015","7758"
"Veterinary","No","","71506","Terminated","Kent Pet Group","2905 N Highway 61","N/A","Muscatine","IA","	52761-5809","United States","Voluntary: Firm initiated","Telephone","The recalled product was distributed to CA, GA, IL, MN, PA, NV and NY.","V-070-2016","Class II","by Nature, Active Defense +, Grain Free, 95% Chicken & Venison, Made in New Zealand, Distributed By Kent Pet Group, Inc. 2905 N Hwy 61, Muscatine, IA 52761 USA, UPC 8-40673-10084-9","109 cases","Analysis of product indicates it may contain more than the labeled amounts of vitamin A, calcium, and phosphorus.","06/26/2015","11/12/2015","03/28/2017","11/18/2015","7594"
"Veterinary","No","","72012","Terminated","Burkmann Industries Inc.","1111 Perryville Rd","N/A","Danville","KY","	40422-1306","United States","Voluntary: Firm initiated","Other","Product was shipped to the following states: KY, TN & WV.","V-110-2016","Class II","711 Burkmann Feeds STRESS 700 MEDICATED PREMIX OR TOPDRESS FOR BEEF CATTLE, ***ACTIVE DRUG INGREDIENTS Chlortetracycline, Sulfamethazine**"" Manufactured By BURKMANN FEEDS Danville, Kentucky 40422 NET WT. 25 LBS. (11.36 KG) 825","425/25 lb bags","Unapproved indication of use for the drug combination of lasalocid and chlortetracycline.  Specifically the statement and reduction of liver condemnations due to abscesses.","08/20/2015","12/18/2015","02/04/2016","12/30/2015","Batch #'s: 212104, 104095, 107215"
"Veterinary","No","","72012","Terminated","Burkmann Industries Inc.","1111 Perryville Rd","N/A","Danville","KY","	40422-1306","United States","Voluntary: Firm initiated","Other","Product was shipped to the following states: KY, TN & WV.","V-111-2016","Class II","805 Burkmann Feeds Bovagard MEDICATED MIXING MINERAL FOR BEEF CATTLE, ""***ACTIVE DRUG INGREDIENT Lasalocid.***"" Manufactured By BURKMANN FEEDS Danville, Kentucky 40422 NET WT. 50 LBS. (22.67 KG) 825","2,104/50 lb bags","Unapproved indication of use for the drug combination of lasalocid and chlortetracycline.  Specifically the statement and reduction of liver condemnations due to abscesses.","08/20/2015","12/18/2015","02/04/2016","12/30/2015","Batch #'s:101215, 201295, 102185, 203245, 204135, 205015, 205285, 107075, 107165 & 108135."
"Veterinary","No","","72012","Terminated","Burkmann Industries Inc.","1111 Perryville Rd","N/A","Danville","KY","	40422-1306","United States","Voluntary: Firm initiated","Other","Product was shipped to the following states: KY, TN & WV.","V-112-2016","Class II","812 Burkmann Feeds PASTURE BALANCER-RUM MEDICATED MIXING MINERAL FOR BEEF CATTLE, ACTIVE DRUG INGREDIENT Monensin***"" Manufactured By BURKMANN FEEDS Danville, Kentucky 40422 NET WT. 50 LBS. (22.67 KG) 825","460/50 lb bags","Unapproved indication of use for the drug combination of lasalocid and chlortetracycline.  Specifically the statement and reduction of liver condemnations due to abscesses.","08/20/2015","12/18/2015","02/04/2016","12/30/2015","Batch #'s: 212134, 102115, 206045 & 108135."
"Veterinary","No","","72012","Terminated","Burkmann Industries Inc.","1111 Perryville Rd","N/A","Danville","KY","	40422-1306","United States","Voluntary: Firm initiated","Other","Product was shipped to the following states: KY, TN & WV.","V-113-2016","Class II","814 Burkmann Feeds RUMAGARD MEDICATED MIXING MINERAL FOR BEEF CATTLE, ""***ACTIVE DRUG INGREDIENT Monensin ***"" Manufactured By BURKMANN FEEDS Danville, Kentucky 40422 NET WT. 50 LBS. (22.67 KG) 825","5,408/50 lb bags","Unapproved indication of use for the drug combination of lasalocid and chlortetracycline.  Specifically the statement and reduction of liver condemnations due to abscesses.","08/20/2015","12/18/2015","02/04/2016","12/30/2015","Batch #'s: 111204, 212154, 301095, 101215, 102105, 203195, 204135, 204165, 204575, 205135, 105295, 206125, 32206, 107145, 307285, 208215, 108275"
"Veterinary","No","","72012","Terminated","Burkmann Industries Inc.","1111 Perryville Rd","N/A","Danville","KY","	40422-1306","United States","Voluntary: Firm initiated","Other","Product was shipped to the following states: KY, TN & WV.","V-114-2016","Class II","818 Burkmann Feeds RUMAMAG MEDICATED MIXING MINERAL FOR BEEF CATTLE, ""***ACTIVE DRUG INGREDIENT Monensin.***"" Manufactured By BURKMANN FEEDS Danville, Kentucky 40422 NET WT. 50 LBS. (22.67 KG) 825","644/50 lb bags","Unapproved indication of use for the drug combination of lasalocid and chlortetracycline.  Specifically the statement and reduction of liver condemnations due to abscesses.","08/20/2015","12/18/2015","02/04/2016","12/30/2015","Batch #'s: 201295, 103225 & 61316."
"Veterinary","No","","72012","Terminated","Burkmann Industries Inc.","1111 Perryville Rd","N/A","Danville","KY","	40422-1306","United States","Voluntary: Firm initiated","Other","Product was shipped to the following states: KY, TN & WV.","V-115-2016","Class II","825 Burkmann Feeds I-MAX MEDICATED MIXING MINERAL FOR BEEF CATTLE, ""***ACTIVE DRUG INGREDIENTS  Lasalocid, Chlortetracycline***"" Manufactured By BURKMANN FEEDS Danville, Kentucky 40422 NET WT. 50 LBS. (22.67 KG) 825","2,264/50 lb bags","Unapproved indication of use for the drug combination of lasalocid and chlortetracycline.  Specifically the statement and reduction of liver condemnations due to abscesses.","08/20/2015","12/18/2015","02/04/2016","12/30/2015","Batch #'s: 203075, 203245, 204035, 205285, 106105, 206305, 207085, 208075"
"Veterinary","No","","72012","Terminated","Burkmann Industries Inc.","1111 Perryville Rd","N/A","Danville","KY","	40422-1306","United States","Voluntary: Firm initiated","Other","Product was shipped to the following states: KY, TN & WV.","V-116-2016","Class II","827 Burkmann Feeds COPRODUCT FORTIFIER-RUM MEDICATED MIXING MINERAL FOR BEEF CATTLE""***ACTIVE DRUG INGREDIENTS Monensin***"" Manufactured By BURKMANN FEEDS Danville, Kentucky 40422 NET WT. 50 LBS. (22.67 KG) 825","1,523/50 lb bags","Unapproved indication of use for the drug combination of lasalocid and chlortetracycline.  Specifically the statement and reduction of liver condemnations due to abscesses.","08/20/2015","12/18/2015","02/04/2016","12/30/2015","Batch #'s: 101125, 203065, 203245, 204135, 205045 & 106295."
"Veterinary","No","","72012","Terminated","Burkmann Industries Inc.","1111 Perryville Rd","N/A","Danville","KY","	40422-1306","United States","Voluntary: Firm initiated","Other","Product was shipped to the following states: KY, TN & WV.","V-117-2016","Class II","830 Burkmann Feeds RUMAX MINERAL MEDICATED MIXING MINERAL FOR BEEF CATTLE""***ACTIVE DRUG INGREDIENTS Monensin***"" Manufactured By BURKMANN FEEDS Danville, Kentucky 40422 NET WT. 50 LBS. (22.67 KG) 825","2,080/50 lb bags","Unapproved indication of use for the drug combination of lasalocid and chlortetracycline.  Specifically the statement and reduction of liver condemnations due to abscesses.","08/20/2015","12/18/2015","02/04/2016","12/30/2015","Batch #'s: 30195, 1234, 103075, 103195, 204025,304275, 205045, 105145, 160165, 107015 & 108195."
"Veterinary","No","","72613","Terminated","Halo, Purely for Pets, Inc.","12400 Race Track Rd","N/A","Tampa","FL","	33626-3117","United States","Voluntary: Firm initiated","Two or more of the following: Email, Fax, Letter, Press Release, Telephone, Visit","AZ, CA, CO, DE, GA, ID, IL, IN, MA, MI, MN, NC, ND, NJ, NV, NY, OH, OK, OR, PA, SC, TN, TX, UT AND WA  Canada","V-405-2016","Class II","Halo Spot's Stew Wholesome Turkey Recipe Sensitive Formula for Cats (Dry Cat Kibble)","1,080 bags (3 lbs.) and 6,983 bags (6 lbs.)","Reports of mold in the product.","10/26/2015","03/07/2016","01/29/2019","03/16/2016","3 lbs. All Lots with Best by Date of 09/04/2016  6 lbs. All Lots with Best by Date of 09/04/2016"
"Veterinary","No","","72778","Terminated","Land O Lakes Purina LLC","1080 County Road F W","N/A","Shoreview","MN","	55126-2910","United States","Voluntary: Firm initiated","Letter","ND and SD","V-455-2016","Class II","Purina Steakmaker Co-Product Balancer R700, Medicated, Type B Medicated Feed.  Supplement Feed for Grower-Finisher Feedlot cattle.  For improved feed efficiency in cattle fed in confinement for slaughter.  Monensin (as Monensin Sodium) 700.00 g/ton.  Manufactured by Purina Animal Nutrition, LLC, 1080 County Road F West, Shoreview, MN  55126.Bulk Net Weight.  Formula No. L386, Item No. 1720041.","190 bags","Purina is retrieving all bags of Steakmaker Co-Product Balancer R700, Lot 5NOV10SXF1 due to the product being deficient in Rumensin.","11/25/2015","07/21/2016","11/22/2016","07/27/2016","Lot Code:  5NOV10SXF1"
"Veterinary","No","","73127","Terminated","Phibro Animal Health Corporation","300 Frank W Burr Blvd Ste 21","N/A","Teaneck","NJ","	07666-6704","United States","Voluntary: Firm initiated","E-Mail","IN & TX","V-486-2016","Class II","Stafac 50 Type A Medicated Articles  NDC# 66104-8815  Packed in a 50 lb/bag (22.6 kg/bag) Multi-wall bag, with the following  construction/configuration: 4 ply Natural Kraft and 1 ply of HDPE 2.0 mil.","115 bags/units","This recall was initiated because Stafac 50 lot number R40430001VA tested below (41.7 g/lb) the potency specification of (42.5 -  57.5 g/lb) at the 18-month stability interval under VICH long-term conditions.","09/08/2015","08/17/2016","01/11/2019","08/24/2016","Lot R40430001VA Expiration Date: 02/28/2016 (February 28, 2016)"
"Veterinary","No","","73392","Terminated","Merial Limited","3239 Satellite Blvd Bldg 500","N/A","Duluth","GA","	30096-4640","United States","Voluntary: Firm initiated","Letter","AL, AZ, AR, CA, CO, CT, FL, GA, HI, IN, IA, KS, KY, LA, MD, MA, MI, MN, MO, MT, NE, NM, NY, NC, OH, OK, OR, PA, SC, SD, TN, TX, VA, WA, WI, & Puerto Rico","V-487-2016","Class II","Ivomec (Ivermectin) Injection for Cattle and Swine 1% Sterile Solution, 50 mL, Distributed by Merial Limited, Duluth, GA 30096, Product 67306; Ivomet (Ivermectin) Injection for Cattle and Swine 1% Sterile Solution, 500 mL, Distributed by Merial Limited, Duluth, GA 30096, Product 67308","40,540 bottles","Out-of-specification (OOS) assay value for the 12 month, 25C/60% RH, ongoing stability sample of Ivomec (Ivermectin 1%) Injection.","03/02/2016","08/23/2016","05/31/2017","08/31/2016","50 mL - Code BA270/14, BB270/14, BC270/14; 500 mL - Code AA246/14, AB246/14, BC246/14"
"Veterinary","No","","73503","Terminated","Phibro Animal Health Corporation","300 Frank W Burr Blvd Ste 21","N/A","Teaneck","NJ","	07666-6704","United States","Voluntary: Firm initiated","Letter","CA, MN, WI","V-489-2016","Class II","Phibro Animal Health Corporation  NeoTerramycin 100/100D Type A Medicated Article  Net Weight 50 lb (22.7 kg)  Distributed by Phibro Animal Health Corporation Teaneck NJ 07666  NDC 66104-8851-0    Packed in a 50 lb bag (22.6 kg/bag); Multi-wall bag with the following construction/configuration; 4 ply Natural Kraft and 1 ply 2.0 mil HDPE","3,900 pounds","This recall was initiated because NeoTerramycin (100/100D lot number A41770017NK tested below (88.5 g/lb) the potency specification of 89.5-115.4 g/lb at the 18 month stability interval under VICH long-term conditions.","01/13/2016","08/31/2016","02/08/2019","09/07/2016","Lot number A41770017NK Expiration Date 03/31/2016 (March 31, 2016)."
"Veterinary","No","","74081","Terminated","Tucker Milling LLC","85 Signal Point Dr","N/A","Guntersville","AL","	35976-8031","United States","Voluntary: Firm initiated","Letter","AL, FL, GA, TN, MS","V-522-2016","Class II","ALL STOCK TASTY 10%, A TEXTURED SWEET FEED FOR CATTLE AND HORSES, NET WT. 50 LBS (22.68 KG), MANUFACTURED BY TUCKER MILLING, LLC","1,135.7 tons","The firm received a small number of reports of  choking in horses.","04/25/2016","09/21/2016","10/30/2016","09/28/2016","serial numbers:  131833, 131838, 131894, 131844, 131968, 131946, 132004, 132082, 132103, 132143, 132139, 132189, 132230, 132236, 132243, 132278, 132283, 132323, 132311, 132366, 132285, 132428, 132497, 132456, 132533, 132549, 132517, 132601, 132510, 132592, 132709, 132728, 132714"
"Veterinary","No","","74414","Terminated","Phibro Animal Health Corporation","300 Frank W Burr Blvd Ste 21","N/A","Teaneck","NJ","	07666-6704","United States","Voluntary: Firm initiated","Letter","CA and MN","V-0006-2017","Class II","Neo-Terramycin 100/100D (neomycin-oxytetracycline), Type A Medicated Article Antibiotic, Net Weight 50 lb (22.7 kg), packaged in a Multi-wall bag, Phibro Animal Health Corporation, NDC #66104-8851-0","49 bags (A40870006NK) and 55 bags (A40900007)","Out of Specification for Neo Terramycin 100/100 D Type A Medicated Article.","05/26/2016","10/07/2016","01/04/2018","10/19/2016","Lot numbers A40870006NK and A40900007NK"
"Veterinary","No","","74926","Terminated","Phibro Animal Health Corporation","300 Frank W Burr Blvd Ste 21","N/A","Teaneck","NJ","	07666-6704","United States","Voluntary: Firm initiated","Letter","nationwide","V-0037-2017","Class II","Stafac 20 Type A Medicated Article   20 g/Ib equivalent to 44 g/KG  NDC 66104-1220      Phibro Animal Health Corporation  Teaneck, NJ     Packed in a 50 Ib/bag (22.6 kg/bag) Multi-wall bag, with the following  construction/configuration: 4 ply Natural Kraft and 1 ply of HDPE 2.0 or 0.5miL.","400 bags/units","Stafac 20 lot numbers N32704049VW and N32764167VW tested below the potency specification of 17.0-23.0 g/lb at the 18 month stability interval under VICH long-term condition.","04/22/2015","12/14/2016","04/04/2019","12/21/2016","N32704049VW; N32764167VW     April 30, 2015"
"Veterinary","No","","74972","Terminated","Cargill, Inc         Corporate Headquarters","15407 Mcginty Rd W","N/A","Wayzata","MN","	55391-2365","United States","Voluntary: Firm initiated","Telephone","Recalled product was distributed to customers in AR, IA, IL, KS, MA, MO, MS, NH, NY, OK, TN, and VT.","V-0066-2017","Class II","FortiGraze 3 (CTC6000) (MC) MEDICATED, product code 151706-C, Type C medicated feed packaged in 50lb bags, strength of CTC is 3.0g/lb, label states: Manufactured for: Livestock Nutrition Center 409 Shepard St. Chickasha, OK 73018","318 bags","Feed was manufactured without the correct amount of chlortetracycline (CTC), difubenzuron, and/or (S)-Methoprene added and some products are subpotent and others are superpotent.","06/23/2016","02/28/2017","11/09/2018","03/08/2017","Lot number 6161335507, manufactured on 12MAY16"
"Veterinary","No","","74972","Terminated","Cargill, Inc         Corporate Headquarters","15407 Mcginty Rd W","N/A","Wayzata","MN","	55391-2365","United States","Voluntary: Firm initiated","Telephone","Recalled product was distributed to customers in AR, IA, IL, KS, MA, MO, MS, NH, NY, OK, TN, and VT.","V-0067-2017","Class II","Right Now Emerald Fly (C1.4) (MC) MEDICATED, product code 55103-AL, Type C medicated feed packaged in 50lb bags, strength of CTC is 1.4g/lb and strength of S-Methoprene is 95.24g/ton, most responsible firm name on the label is: Cargill Animal Nutrition General Office Minneapolis, MN 55440, www.cargillanimalnutrition.com","395 bags","Feed was manufactured without the correct amount of chlortetracycline (CTC), difubenzuron, and/or (S)-Methoprene added and some products are subpotent and others are superpotent.","06/23/2016","02/28/2017","11/09/2018","03/08/2017","Lot number 6161445602, manufactured on 23MAY16"
"Veterinary","No","","74972","Terminated","Cargill, Inc         Corporate Headquarters","15407 Mcginty Rd W","N/A","Wayzata","MN","	55391-2365","United States","Voluntary: Firm initiated","Telephone","Recalled product was distributed to customers in AR, IA, IL, KS, MA, MO, MS, NH, NY, OK, TN, and VT.","V-0068-2017","Class II","Powell 4% Beef Mineral (C2.0/IGR) (MC) MEDICATED, product code 151412-C2, Type C medicated feed packaged in 50lb bags, strength of CTC is 2.0g/lb and strength of S-Methoprene is 95.36g/ton, label states: Manufactured For: Powell Feed & Milling 217 Main Street Green Forest, AR 72638","395 bags of lot 6161465633, 316 bags of lot 6161585767","Feed was manufactured without the correct amount of chlortetracycline (CTC), difubenzuron, and/or (S)-Methoprene added and some products are subpotent and others are superpotent.","06/23/2016","02/28/2017","11/09/2018","03/08/2017","Lot number 6161585767, manufactured on 06JUN16  Lot number 6161465633, manufactured on 25MAY16"
"Veterinary","No","","74972","Terminated","Cargill, Inc         Corporate Headquarters","15407 Mcginty Rd W","N/A","Wayzata","MN","	55391-2365","United States","Voluntary: Firm initiated","Telephone","Recalled product was distributed to customers in AR, IA, IL, KS, MA, MO, MS, NH, NY, OK, TN, and VT.","V-0069-2017","Class II","Powell 4% Beef Mineral (C2.0) (MC) MEDICATED, product code 151412-C, Type C medicated feed packaged in 50lb bags, strength of CTC is 2.0g/lb, label states: Manufactured For: Powell Feed & Milling 217 Main Street Green Forest, AR 72638","398 bags","Feed was manufactured without the correct amount of chlortetracycline (CTC), difubenzuron, and/or (S)-Methoprene added and some products are subpotent and others are superpotent.","06/23/2016","02/28/2017","11/09/2018","03/08/2017","Lot number 6161465634, manufactured on 25MAY16"
"Veterinary","No","","74972","Terminated","Cargill, Inc         Corporate Headquarters","15407 Mcginty Rd W","N/A","Wayzata","MN","	55391-2365","United States","Voluntary: Firm initiated","Telephone","Recalled product was distributed to customers in AR, IA, IL, KS, MA, MO, MS, NH, NY, OK, TN, and VT.","V-0070-2017","Class II","Cameron 4oz CTC5600 Fescue Mineral MEDICATED, product code 160200_CT, Type C medicated feed packaged in 50lb bags, strength of CTC is 5600g/ton, label states: Custom Mix Not For Resale or Redistribution Consult Cargill Representative For Feeding Directions Manufactured by: Cargill Animal Nutrition General Office Minneapolis, Minn. 55440","235 bags","Feed was manufactured without the correct amount of chlortetracycline (CTC), difubenzuron, and/or (S)-Methoprene added and some products are subpotent and others are superpotent.","06/23/2016","02/28/2017","11/09/2018","03/08/2017","Lot number 6161545709, manufactured on 02JUN16"
"Veterinary","No","","74972","Terminated","Cargill, Inc         Corporate Headquarters","15407 Mcginty Rd W","N/A","Wayzata","MN","	55391-2365","United States","Voluntary: Firm initiated","Telephone","Recalled product was distributed to customers in AR, IA, IL, KS, MA, MO, MS, NH, NY, OK, TN, and VT.","V-0071-2017","Class II","Right Now Emerald Anaplas (C2.4) (MC) MEDICATED, product code 55103-C1, Type C medicated feed packaged in 50lb bags, strength of CTC is 2.4g/lb, most responsible firm name on the label states:  Cargill Animal Nutrition General Office Minneapolis, MN. 55440, www.cargillanimalnutrition.com","235 bags","Feed was manufactured without the correct amount of chlortetracycline (CTC), difubenzuron, and/or (S)-Methoprene added and some products are subpotent and others are superpotent.","06/23/2016","02/28/2017","11/09/2018","03/08/2017","Lot number 6161545718, manufactured on 02JUN16"
"Veterinary","No","","74972","Terminated","Cargill, Inc         Corporate Headquarters","15407 Mcginty Rd W","N/A","Wayzata","MN","	55391-2365","United States","Voluntary: Firm initiated","Telephone","Recalled product was distributed to customers in AR, IA, IL, KS, MA, MO, MS, NH, NY, OK, TN, and VT.","V-0072-2017","Class II","Right Now Emerald Anaplas Fly Control (C2.4/METH) (MC) MEDICATED, product code 55103-C4, Type C medicated feed packaged in 50lb bags, strength of CTC is 2.4g/lb and strength of S-Methoprene is 95.24g/ton, most responsible firm name on the label states:  Cargill Animal Nutrition General Office Minneapolis, MN. 55440, www.cargillanimalnutrition.com","553 bags of lot 6161545720, 399 bags of lot 6161555748","Feed was manufactured without the correct amount of chlortetracycline (CTC), difubenzuron, and/or (S)-Methoprene added and some products are subpotent and others are superpotent.","06/23/2016","02/28/2017","11/09/2018","03/08/2017","Lot number 6161545720, manufactured on 02JUN16  Lot number 6161555748, manufactured on 03JUN16"
"Veterinary","No","","74972","Terminated","Cargill, Inc         Corporate Headquarters","15407 Mcginty Rd W","N/A","Wayzata","MN","	55391-2365","United States","Voluntary: Firm initiated","Telephone","Recalled product was distributed to customers in AR, IA, IL, KS, MA, MO, MS, NH, NY, OK, TN, and VT.","V-0073-2017","Class II","Right Now Gold (C1.4) (MC) MEDICATED, product code 55102-CC, Type C medicated feed packaged in 50lb bags, strength of CTC is 1.4g/lb, most responsible firm name on the label states:  Cargill Animal Nutrition General Office Minneapolis, MN. 55440, www.cargillanimalnutrition.com","238 bags","Feed was manufactured without the correct amount of chlortetracycline (CTC), difubenzuron, and/or (S)-Methoprene added and some products are subpotent and others are superpotent.","06/23/2016","02/28/2017","11/09/2018","03/08/2017","Lot number 6161565754, manufactured on 04JUN16"
"Veterinary","No","","74972","Terminated","Cargill, Inc         Corporate Headquarters","15407 Mcginty Rd W","N/A","Wayzata","MN","	55391-2365","United States","Voluntary: Firm initiated","Telephone","Recalled product was distributed to customers in AR, IA, IL, KS, MA, MO, MS, NH, NY, OK, TN, and VT.","V-0074-2017","Class II","Cattle Grazers APC Mineral (C2800) (MC) MEDICATED, product code 7144-C, Type C medicated feed packaged in 50lb bags, strength of CTC is 1.4g/lb, most responsible firm name on the label states:  Cargill Animal Nutrition General Office Minneapolis, MN. 55440, www.cargillanimalnutrition.com","397 bags","Feed was manufactured without the correct amount of chlortetracycline (CTC), difubenzuron, and/or (S)-Methoprene added and some products are subpotent and others are superpotent.","06/23/2016","02/28/2017","11/09/2018","03/08/2017","Lot number 6161605810, manufactured on 08JUN16"
"Veterinary","No","","74972","Terminated","Cargill, Inc         Corporate Headquarters","15407 Mcginty Rd W","N/A","Wayzata","MN","	55391-2365","United States","Voluntary: Firm initiated","Telephone","Recalled product was distributed to customers in AR, IA, IL, KS, MA, MO, MS, NH, NY, OK, TN, and VT.","V-0075-2017","Class II","FortiGraze 6 (CTC 4800) IGR (MC) MEDICATED, product code 151313-C2, Type C medicated feed packaged in 50lb bags, strength of CTC is 2.4g/lb, label states:  Manufactured For: Livestock Nutrition Center 409 Shepard St. Chickasha, OK 73018","198 bags","Feed was manufactured without the correct amount of chlortetracycline (CTC), difubenzuron, and/or (S)-Methoprene added and some products are subpotent and others are superpotent.","06/23/2016","02/28/2017","11/09/2018","03/08/2017","Lot number 6161605810, manufactured on 08JUN16"
"Veterinary","No","","74972","Terminated","Cargill, Inc         Corporate Headquarters","15407 Mcginty Rd W","N/A","Wayzata","MN","	55391-2365","United States","Voluntary: Firm initiated","Telephone","Recalled product was distributed to customers in AR, IA, IL, KS, MA, MO, MS, NH, NY, OK, TN, and VT.","V-0076-2017","Class II","Appleton City 5 Cow/Stocker MN (C1.4) (MC) MEDICATED, product code 151299-C, Type C medicated feed packaged in 50lb bags, strength of CTC is 1.4g/lb, most responsible firm listed on the label states:  Cargill Animal Nutrition Gneral Office Minneapolis, MN 55440, www.cargillanimalnutrition.com","156 bags","Feed was manufactured without the correct amount of chlortetracycline (CTC), difubenzuron, and/or (S)-Methoprene added and some products are subpotent and others are superpotent.","06/23/2016","02/28/2017","11/09/2018","03/08/2017","Lot number 6161655874, manufactured on 13JUN16"
"Veterinary","No","","74972","Terminated","Cargill, Inc         Corporate Headquarters","15407 Mcginty Rd W","N/A","Wayzata","MN","	55391-2365","United States","Voluntary: Firm initiated","Telephone","Recalled product was distributed to customers in AR, IA, IL, KS, MA, MO, MS, NH, NY, OK, TN, and VT.","V-0077-2017","Class II","PL06126 Nelson LAC RUM/FLY MEDICATED, product code 160000_NH, Type B medicated feed in bulk, strength of monensin is 205.12g/ton and diflubenzuron is 22.84mg/kg, most responsible firm listed on the label states:  Custom Mix. Not For Resale or Redistribution. Manufactured by: Cargill Animal Nutrition Gneral Office Minneapolis, MN 55440","18025 lbs","Feed was manufactured without the correct amount of chlortetracycline (CTC), difubenzuron, and/or (S)-Methoprene added and some products are subpotent and others are superpotent.","06/23/2016","02/28/2017","11/09/2018","03/08/2017","Lot number 6161655886, manufactured on 13JUN16"
"Veterinary","No","","75266","Terminated","Biozyme Inc","787 E County Road T","N/A","Fremont","NE","	68025-7809","United States","Voluntary: Firm initiated","Telephone","Product was distributed to customers in IA, NE, and SD","V-0142-2017","Class II","Peet's, 23% Broiler RTN MD CR Medicated, Amprolium 0.025%, Biozyme Incorporated St. Joseph MO, 50 lb bag","189 50-lb bags","An ingredient used in the manufacture of animal feeds was recalled due to contamination with Salmonella.","08/01/2016","05/19/2017","05/23/2017","05/31/2017","159400"
"Veterinary","No","","75925","Terminated","Producers Cooperative Association","1800 N Texas Ave","N/A","Bryan","TX","	77803-1831","United States","Voluntary: Firm initiated","Telephone","Unknown.","V-0078-2017","Class II","Producers 478 Show Goat Medicated For Growing Goats (For Ruminants Only) Manufactured by Producers Cooperative Association Bryan, Texas 77806 Net Weight 50 lbs. (22.68 kg) or Bulk","41.25 tons","May contain prohibited animal proteins","11/17/2016","03/13/2017","04/13/2017","03/22/2017","None."
"Veterinary","No","","75925","Terminated","Producers Cooperative Association","1800 N Texas Ave","N/A","Bryan","TX","	77803-1831","United States","Voluntary: Firm initiated","Telephone","Unknown.","V-0079-2017","Class II","Producers 210/1036 Range Mix #2 For Cattle on Pasture Manufactured by Producers Cooperative Association Bryan, Texas 77806 Net Weight 50 lbs. (22.68 kg) or Bulk","64.50 tons","May contain prohibited animal proteins","11/17/2016","03/13/2017","04/13/2017","03/22/2017","None."
"Veterinary","No","","75925","Terminated","Producers Cooperative Association","1800 N Texas Ave","N/A","Bryan","TX","	77803-1831","United States","Voluntary: Firm initiated","Telephone","Unknown.","V-0080-2017","Class II","Producers 472/1105 Cattle Pellet 1.5 Medicated Manufactured by Producers Cooperative Association Bryan, Texas 77806 Net Weight 50 lbs. (22.68 kg) or Bulk","82.50 tons","May contain prohibited animal proteins","11/17/2016","03/13/2017","04/13/2017","03/22/2017","None."
"Veterinary","No","","75925","Terminated","Producers Cooperative Association","1800 N Texas Ave","N/A","Bryan","TX","	77803-1831","United States","Voluntary: Firm initiated","Telephone","Unknown.","V-0081-2017","Class II","Producers 460/1123 Cattle Pellet 1.0 Medicated Manufactured by Producers Cooperative Association Bryan, Texas 77806 Net Weight 50 lbs. (22.68 kg) or Bulk","14 tons","May contain prohibited animal proteins","11/17/2016","03/13/2017","04/13/2017","03/22/2017","None."
"Veterinary","No","","75974","Terminated","Fourth & Pomeroy Associates Inc","105 4th St","N/A","Clay Center","KS","	67432-3300","United States","Voluntary: Firm initiated","Letter","Distributed to customers within the state of Kansas.","V-0082-2017","Class II","KEY POULTRY GROWER 17% AMP MEDICATED Fourth & Pomeroy Associates, Inc. Clay Center, KS 67432, packaged in 50 lb bags.","15 bags","Medicated feed was manufactured with expired Type A medicated article","12/15/2016","03/23/2017","05/19/2017","03/29/2017","6102601"
"Veterinary","No","","76232","Terminated","Phibro Animal Health Corporation","300 Frank W Burr Blvd Ste 21","N/A","Teaneck","NJ","	07666-6712","United States","Voluntary: Firm initiated","Letter","MN, WI","V-0084-2017","Class II","NeoTerramycin 100/100D Type A Medicated Article  Net Wt. 50 lbs. (22.7 kg)  Phibro Animal Health Corporation Teaneck, NJ 07666","61 units","NeoTerramycin 100/100D Type A Medicated Article, LOT NUMBER A61370001NK  was confirmed Out of Specification (OOS) for the neomycin component; 80.0 g/lbs at  the 6-month stability interval under VICH accelerated (40¿C¿2¿C /75%RH¿ 5%)  conditions.","01/09/2017","03/31/2017","07/23/2019","04/12/2017","LOT NUMBER A61370001NK"
"Veterinary","No","","76403","Terminated","Simmons Foods Inc","601 N Hico St","N/A","Siloam Springs","AR","	72761","United States","Voluntary: Firm initiated","Letter","Nationwide","V-0117-2017","Class II","Always Save    Fish Flavor Cat Food Net Wt. 13.2 oz.    Proudly Distributed By:    Associated Wholesale Grocers, Inc. Kansas City, Kansas 66106    UPC 0-70038-32970-1","405 cases","This recall has been initiated due to receiving a notification of a consumer complaint regarding foreign material in Doctors Fosters and Smith Chicken and Brown Rice Dog Food.","02/01/2017","05/19/2017","02/14/2018","05/31/2017","RLC7 16JJJS1"
"Veterinary","No","","76403","Terminated","Simmons Foods Inc","601 N Hico St","N/A","Siloam Springs","AR","	72761","United States","Voluntary: Firm initiated","Letter","Nationwide","V-0118-2017","Class II","Always Save    Chicken Flavor Cat Food Net Wt. 13.2 oz    Proudly Distributed By:  Associated Wholesale Grocers, Inc. Kansas City, Kansas 66106    UPC 0-70038-32972-5","402 cases","This recall has been initiated due to receiving a notification of a consumer complaint regarding foreign material in Doctors Fosters and Smith Chicken and Brown Rice Dog Food.","02/01/2017","05/19/2017","02/14/2018","05/31/2017","RLF7 16JJJS1"
"Veterinary","No","","76403","Terminated","Simmons Foods Inc","601 N Hico St","N/A","Siloam Springs","AR","	72761","United States","Voluntary: Firm initiated","Letter","Nationwide","V-0120-2017","Class II","Sprout Ultra High Performance Cat Food Country Chicken Dinner    Net Wt. 13.2 oz    Distributed By:    Mills Fleet Farm  PO Box 1199, Appleton, WI 54912      UPC 0-88302-42230-0","432 Cases","This recall has been initiated due to receiving a notification of a consumer complaint regarding foreign material in Doctors Fosters and Smith Chicken and Brown Rice Dog Food.","02/01/2017","05/19/2017","02/14/2018","05/31/2017","CCF1S1"
"Veterinary","No","","76403","Terminated","Simmons Foods Inc","601 N Hico St","N/A","Siloam Springs","AR","	72761","United States","Voluntary: Firm initiated","Letter","Nationwide","V-0123-2017","Class II","Cat Cuisine Turkey & Giblets Dinner Cat Food Net Wt. 13.2 oz   Distributed by: Save-A-Lot Food Stores, LTD Earth City, MO 63045  UPC 7-37257-26116-7    Net Wt. 13.2 oz.    Distributed By:    Mills Fleet Farm  PO Box 1199, Appleton, WI 54912      UPC 0-51933-46489-6","461 cases","This recall has been initiated due to receiving a notification of a consumer complaint regarding foreign material in Doctors Fosters and Smith Chicken and Brown Rice Dog Food.","02/01/2017","05/19/2017","02/14/2018","05/31/2017","FTG151"
"Veterinary","No","","76403","Terminated","Simmons Foods Inc","601 N Hico St","N/A","Siloam Springs","AR","	72761","United States","Voluntary: Firm initiated","Letter","Nationwide","V-0124-2017","Class II","Triumph Premium Cat Food Ocean Fish Formula  Net Wt. 13.2 oz  UPC 0-73657-00289-5","785 cases","This recall has been initiated due to receiving a notification of a consumer complaint regarding foreign material in Drs Fosters and Smith Chicken and Brown Rice Dog Food.","02/01/2017","05/19/2017","02/14/2018","05/31/2017","TOF1S1"
"Veterinary","No","","76403","Terminated","Simmons Foods Inc","601 N Hico St","N/A","Siloam Springs","AR","	72761","United States","Voluntary: Firm initiated","Letter","Nationwide","V-0126-2017","Class II","4Health Turkey & Salmon Dinner for Cats  Net Wt. 13.2 oz.  Distributed by:  Tractor Supply Company 200 Powell Place  Brentwood, TN 37027  UPC 7-49394-04303-2","1602 cases","This recall has been initiated due to receiving a notification of a consumer complaint regarding foreign material in Doctors Fosters and Smith Chicken and Brown Rice Dog Food.","02/01/2017","05/19/2017","02/14/2018","05/31/2017","UCTSS1"
"Veterinary","No","","76616","Terminated","WellPet, LLC","1011 W 11th St","N/A","Mishawaka","IN","	46544-4818","United States","Voluntary: Firm initiated","Letter","US:AZ CA FL MA MI MN NC NJ NV NY PA RI TX VT WA  Canada    Product was distributed to 26 accounts.","V-0135-2017","Class II","Wellness Chicken & Herring Formula, Natural Food for Cats, Net Wt. 12.5 oz (354g); UPC: 0 76344 08820 2","68,991 cases (total for all products)","Product may contain metal fragments.","02/10/2017","05/19/2017","07/03/2017","05/31/2017","Best By: 08/04/2019"
"Veterinary","No","","76616","Terminated","WellPet, LLC","1011 W 11th St","N/A","Mishawaka","IN","	46544-4818","United States","Voluntary: Firm initiated","Letter","US:AZ CA FL MA MI MN NC NJ NV NY PA RI TX VT WA  Canada    Product was distributed to 26 accounts.","V-0136-2017","Class II","Wellness Canned Chicken Formula, Natural Food for Cats, Net WT. 12.5 oz (354 g)0 76344 08822 6","68,991 cases (total for all products)","Product may contain metal fragments.","02/10/2017","05/19/2017","07/03/2017","05/31/2017","Best By: 08/03/2019 & 08/04/2019"
"Veterinary","No","","76616","Terminated","WellPet, LLC","1011 W 11th St","N/A","Mishawaka","IN","	46544-4818","United States","Voluntary: Firm initiated","Letter","US:AZ CA FL MA MI MN NC NJ NV NY PA RI TX VT WA  Canada    Product was distributed to 26 accounts.","V-0137-2017","Class II","Wellness Chicken & Lobster Formula, Natural Food for Cats, Net Wt. 12.5 oz (354g); UPC: 0 76344 08869 1","68,991 cases (total for all products)","Product may contain metal fragments.","02/10/2017","05/19/2017","07/03/2017","05/31/2017","Best By: 08/04/2019"
"Veterinary","No","","76616","Terminated","WellPet, LLC","1011 W 11th St","N/A","Mishawaka","IN","	46544-4818","United States","Voluntary: Firm initiated","Letter","US:AZ CA FL MA MI MN NC NJ NV NY PA RI TX VT WA  Canada    Product was distributed to 26 accounts.","V-0138-2017","Class II","Wellness Turkey & Salmon Formula, Natural Food for Cats, Net Wt. 12.5 oz (354g); UPC: 0 76344 08819 6","68,991 cases (total for all products)","Product may contain metal fragments.","02/10/2017","05/19/2017","07/03/2017","05/31/2017","Best By: 08/05/2019"
"Veterinary","No","","76616","Terminated","WellPet, LLC","1011 W 11th St","N/A","Mishawaka","IN","	46544-4818","United States","Voluntary: Firm initiated","Letter","US:AZ CA FL MA MI MN NC NJ NV NY PA RI TX VT WA  Canada    Product was distributed to 26 accounts.","V-0139-2017","Class II","Wellness Turkey Formula, Natural Food for Cats, Net Wt. 12.5 oz (354g); UPC: 0 76344 08823 3","68,991 cases (total for all products)","Product may contain metal fragments.","02/10/2017","05/19/2017","07/03/2017","05/31/2017","Best By: 08/04/2019 & 08/05/2019"
"Veterinary","No","","76616","Terminated","WellPet, LLC","1011 W 11th St","N/A","Mishawaka","IN","	46544-4818","United States","Voluntary: Firm initiated","Letter","US:AZ CA FL MA MI MN NC NJ NV NY PA RI TX VT WA  Canada    Product was distributed to 26 accounts.","V-0140-2017","Class II","Wellness Beef & Chicken Formula, Natural Food for Cats, Net Wt. 12.5 oz (354g); UPC: 0 76344 08821 9","68,991 cases (total for all products)","Product may contain metal fragments.","02/10/2017","05/19/2017","07/03/2017","05/31/2017","Best By: 08/05/2019"
"Veterinary","No","","76616","Terminated","WellPet, LLC","1011 W 11th St","N/A","Mishawaka","IN","	46544-4818","United States","Voluntary: Firm initiated","Letter","US:AZ CA FL MA MI MN NC NJ NV NY PA RI TX VT WA  Canada    Product was distributed to 26 accounts.","V-0141-2017","Class II","Wellness Beef & Salmon Formula, Natural Food for Cats, Net Wt. 12.5 oz (354g); UPC: 0 76344 09122 6","68,991 cases (total for all products)","Product may contain metal fragments.","02/10/2017","05/19/2017","07/03/2017","05/31/2017","Best By: 08/05/2019"
"Veterinary","No","","76944","Terminated","Phibro Animal Health Corporation","300 Frank W Burr Blvd Ste 21","N/A","Teaneck","NJ","	07666-6712","United States","Voluntary: Firm initiated","Letter","GA, NC & TX","V-0111-2017","Class II","Nicarb 25% Type A Medicated Article 8.4 mg/kg     Distributed by : Phibrio Animal Health Corporation Teaneck, NJ 07666    NDC 66104-8200-0      Packed in a 50 lb./bag (22.68 kg/bag) Multi-wall bag with the following construction/configuration 4 ply Natural Kraft and 1 ply 0.8 mil HDPE","239 bags","Phibro Animal Health Corporation (Phibro) is initiating this recall because the 18-month stability sample (kept under the VICH 25¿C/60%RH condition) of Nicarb 25% Type A Medicated Article Lot JSC692, has assayed out of specification (OOS), 24.4%.","04/06/2017","05/18/2017","02/27/2020","05/24/2017","JSC692"
"Veterinary","No","","75266","Terminated","Biozyme Inc","787 E County Road T","N/A","Fremont","NE","	68025-7809","United States","Voluntary: Firm initiated","Telephone","Product was distributed to customers in IA, NE, and SD","V-0143-2017","Class II","Peet's, 32% Goat Supplement D46 Medicated, Decoquinate 46 grams/ton, Biozyme Incorporated St. Joseph MO, 50 lb bag","40 50-lb bags","An ingredient used in the manufacture of animal feeds was recalled due to contamination with Salmonella.","08/01/2016","05/19/2017","05/23/2017","05/31/2017","573-2S"
"Veterinary","No","","77379","Terminated","CHS, Inc.","13400 van Buren St","N/A","Holland","MI","	49424-9410","United States","Voluntary: Firm initiated","Telephone","Single consignee MI.","V-0153-2017","Class II","F1015L JBS Swine G/F #5 Meal KLF W/Linco;   medicated swine meal 40 Tons bulk.  Custom Bulk swine Feed medicated with Lincomix","40 Ton","Illegal drug combination with one drug being toxic to swine.  56 lbs of Zoamix substituted for 56 lbs of Lincomix in 40 Ton batch","05/25/2017","06/15/2017","07/21/2017","06/21/2017","36097"
"Veterinary","No","","77385","Terminated","Bayer Health Care LLC","12707 Shawnee Mission Pkwy","N/A","Shawnee","KS","	66216-1846","United States","Voluntary: Firm initiated","Telephone","NE, AL, MN, IA, MO, ID, CO, OH, CO, OK","V-0276-2017","Class II","CYDECTIN (moxidectin) Injectable Solution for Beef and Nonlactating Dairy Cattle, Antiparasitic. Sterile.  Contains 10 mg moxidectin/mL (5,000 mg/500 mL).  Contents 500 mL.  Manufactured for:  Boehringer Ingelheim Vetmedica, Inc., St. Joseph, MO 64506 USA","405 bottles","Lack of sterility assurance:  Due to potential for bottles to leak.","05/25/2017","08/08/2017","12/06/2017","08/16/2017","Lot AH01VL1, Product Code 81449783, Expiry Date 31/12/2018"
"Veterinary","No","","78348","Terminated","Multi-Kare Inc","555 Armour St","Po Box 605","Tifton","GA","	31793-0605","United States","Voluntary: Firm initiated","Telephone","SC","V-0022-2018","Class II","Cattle Mineral R, Medicated, Net Wt. 50 lbs., Manufactured for J&D, Inc., 602 B Main Street, Lancester, SC 29720.","400 bags (200 lbs per bag)","Label does not meet FDA blue bird label requirements for use in Type B and Type C medicated feeds.","10/17/2017","11/22/2017","03/06/2018","11/29/2017","Product number 7637, Lot numbers: 8171, 8172, 8173, 8174, 8175, 8176, 8177 and 8178."
"Veterinary","No","","78766","Terminated","Furst McNess Co","780 Rundell Rd","N/A","Gering","NE","	69341-3726","United States","Voluntary: Firm initiated","Telephone","Product was distributed to customers in Nebraska","V-0026-2018","Class II","Custom Corid 4.54 Add Pak, Medicated, For Beef and Dairy Calves, Amprolium 4.54 g/lb, Product Code No. 603906, Net weight 40 lbs Manufactured by Furst-McNess Company.","4,000 lbs","Medicated feed assayed low for amprolium","12/14/2017","01/11/2018","07/25/2018","01/17/2018","71Y26, 71Y27"
"Veterinary","No","","79081","Terminated","Phibro Animal Health Corporation","300 Frank W Burr Blvd Ste 21","N/A","Teaneck","NJ","	07666-6712","United States","Voluntary: Firm initiated","Letter","Nationwide","V-0249-2018","Class II","Phibro Nicarb 25% (nicarbazin) Type A Medicated Article   Net Wt 50 lb. (22.68)  Distributed by: Phibro Animal Health Corporation Teaneck, NJ 07666    NDC 66104-8200-0","476 bags","The 18-month and 12-month stability samples  have confirmed  out of specification (OOS), results of 24.4% and 24.2% respectively for two lots of Nicarb 25% Type A Medicated Article.","02/06/2018","06/29/2018","09/10/2021","07/11/2018","KSC675 7/31/2019  LSC027 1/31/2020"
"Veterinary","No","","79270","Terminated","CHS, Inc.","13400 Van Buren St","N/A","Holland","MI","	49424-9410","United States","Voluntary: Firm initiated","Telephone","MI only","V-0253-2018","Class II","F856 AKEY Turkey 6 Pellet, and Medicated Bulk turkey feed , Active Drug Ingredient Bambermycins, 2.0 g/ton","48 tons and 20 tons","CHS Inc. initiated a voluntary recall of turkey feed due to excessive levels of salt which could be potentially toxic to turkeys.","02/16/2018","07/25/2018","10/04/2018","08/01/2018","CHS Inc. F856 AKEY Turkey 6 Pellet, Medicated Bulk turkey Active Drug Ingredient Bambermycins, 2.0 g/ton  1. F856 run 41355 all product fed no issues reported, and    2. F856 run 41336"
"Veterinary","No","","79270","Terminated","CHS, Inc.","13400 Van Buren St","N/A","Holland","MI","	49424-9410","United States","Voluntary: Firm initiated","Telephone","MI only","V-0254-2018","Class II","CHS Inc. F854 AKEY Turkey 4 Pellet, Medicated Bulk turkey Active Drug Ingredient Bacitracin Methylene Disalicylate 50 g/ton and Monensin as Monensin Sodium 63 g/ton  ","20 tons F854 run 41337 all product fed; 23 tons of F854 run 41345 all product fed no reported issues","CHS Inc. initiated a voluntary recall of turkey feed due to excessive levels of salt which could be potentially toxic to turkeys.","02/16/2018","07/25/2018","10/04/2018","08/01/2018","CHS Inc. F854 AKEY Turkey 4 Pellet, Medicated Bulk turkey Active Drug Ingredient Bacitracin Methylene Disalicylate 50 g/ton and Monensin as Monensin Sodium 63 g/ton  F854 run 41337 all product fed; and F854 run 41345 all product fed no reported issues"
"Veterinary","No","","79270","Terminated","CHS, Inc.","13400 Van Buren St","N/A","Holland","MI","	49424-9410","United States","Voluntary: Firm initiated","Telephone","MI only","V-0255-2018","Class II","CHS Inc. F852 AKEY Turkey 2 Crumble, Medicated Bulk turkey Active Drug Ingredient Bacitracin Methylene Disalicylate 50 g/ton and Monensin as Monensin Sodium 72 g/ton  ","7 tons of  F852 run 41338 all product fed no issues reported","CHS Inc. initiated a voluntary recall of turkey feed due to excessive levels of salt which could be potentially toxic to turkeys.","02/16/2018","07/25/2018","10/04/2018","08/01/2018","CHS Inc. F852 AKEY Turkey 2 Crumble, Medicated Bulk turkey Active Drug Ingredient Bacitracin Methylene Disalicylate 50 g/ton and Monensin as Monensin Sodium 72 g/ton  F852 run 41338"
"Veterinary","No","","79270","Terminated","CHS, Inc.","13400 Van Buren St","N/A","Holland","MI","	49424-9410","United States","Voluntary: Firm initiated","Telephone","MI only","V-0256-2018","Class II","CHS Inc. F864 AKEY Turkey 4 Pellet, Medicated Bulk turkey Active Drug Ingredient Bacitracin Methylene Disalicylate 50 g/ton and Monensin as Monensin Sodium 63 g/ton  ","35 tons of  F864 run 41339 all product fed no issues","CHS Inc. initiated a voluntary recall of turkey feed due to excessive levels of salt which could be potentially toxic to turkeys.","02/16/2018","07/25/2018","10/04/2018","08/01/2018","CHS Inc. F864 AKEY Turkey 4 Pellet, Medicated Bulk turkey Active Drug Ingredient Bacitracin Methylene Disalicylate 50 g/ton and Monensin as Monensin Sodium 63 g/ton  F864 run 41339 all product fed no issues reported"
"Veterinary","No","","79270","Terminated","CHS, Inc.","13400 Van Buren St","N/A","Holland","MI","	49424-9410","United States","Voluntary: Firm initiated","Telephone","MI only","V-0257-2018","Class II","CHS Inc. F854S AKEY Turkey 5 Pellet with Safeguard, Medicated Bulk turkey Active Drug Ingredient Fenbendazole 14.49 g/ton","48 tons  of F854S run 41340 (feed to be retrieved from field and sent to landfill  tested high in sodium","CHS Inc. initiated a voluntary recall of turkey feed due to excessive levels of salt which could be potentially toxic to turkeys.","02/16/2018","07/25/2018","10/04/2018","08/01/2018","CHS Inc. F854S AKEY Turkey 5 Pellet with Safeguard, Medicated Bulk turkey Active Drug Ingredient Fenbendazole 14.49 g/ton  F854S run 41340"
"Veterinary","No","","79270","Terminated","CHS, Inc.","13400 Van Buren St","N/A","Holland","MI","	49424-9410","United States","Voluntary: Firm initiated","Telephone","MI only","V-0258-2018","Class II","CHS Inc. F857 AKEY Turkey 7 Pellet, and Medicated Bulk turkey feed , Active Drug Ingredient Bambermycins, 2.0 g/ton","32 tons of  F857 run 41341 ; and 23 tons of F857 run 41346","CHS Inc. initiated a voluntary recall of turkey feed due to excessive levels of salt which could be potentially toxic to turkeys.","02/16/2018","07/25/2018","10/04/2018","08/01/2018","CHS Inc. F857 AKEY Turkey 7 Pellet, and Medicated Bulk turkey feed , Active Drug Ingredient Bambermycins, 2.0 g/ton  F857 run 41341 all product fed tested high in sodium; F857 run 41346 all product fed no reported issues"
"Veterinary","No","","79270","Terminated","CHS, Inc.","13400 Van Buren St","N/A","Holland","MI","	49424-9410","United States","Voluntary: Firm initiated","Telephone","MI only","V-0259-2018","Class II","CHS Inc. F855 AKEY Turkey 5 Pellet, and Medicated Bulk turkey feed , Active Drug Ingredient Bambermycins, 2.0 g/ton","12 tons of 8. F855 run 41344 ; 23 tons of  F855 run 41347 ; and 23 tons of F855 run 41348","CHS Inc. initiated a voluntary recall of turkey feed due to excessive levels of salt which could be potentially toxic to turkeys.","02/16/2018","07/25/2018","10/04/2018","08/01/2018","CHS Inc. F855 AKEY Turkey 5 Pellet, and Medicated Bulk turkey feed , Active Drug Ingredient Bambermycins, 2.0 g/ton  F855 run 41344 all fed no reported issues; and F855 run 41347 ; and F855 run 41348"
"Veterinary","No","","79270","Terminated","CHS, Inc.","13400 Van Buren St","N/A","Holland","MI","	49424-9410","United States","Voluntary: Firm initiated","Telephone","MI only","V-0261-2018","Class II","CHS Inc. F941 Akey Turkey 1 Crumble , Bulk Medicated turkey feed with Active Drug Ingredient Bacitracin Methylene Disalicyate 50 g/ton and Monensin as Monensin Sodium 72 g/ton","12 tons of F941 run 41350","CHS Inc. initiated a voluntary recall of turkey feed due to excessive levels of salt which could be potentially toxic to turkeys.","02/16/2018","07/25/2018","10/04/2018","08/01/2018","CHS Inc. F941 Akey Tukey 1 Crumble , Bulk Medicated turkey feed with Active Drug Ingredient Bacitracin Methylene Disalicyate 50 g/ton and Monensin as Monensin Sodium 72 g/ton   F941 run 41350"
"Veterinary","No","","79270","Terminated","CHS, Inc.","13400 Van Buren St","N/A","Holland","MI","	49424-9410","United States","Voluntary: Firm initiated","Telephone","MI only","V-0262-2018","Class II","CHS Inc. F943 Akey Turkey 3 Crumble , Bulk Medicated turkey feed with Active Drug Ingredient Bacitracin Methylene Disalicyate 50 g/ton and Monensin as Monensin Sodium 63 g/ton","12 tons of F943 run 41351","CHS Inc. initiated a voluntary recall of turkey feed due to excessive levels of salt which could be potentially toxic to turkeys.","02/16/2018","07/25/2018","10/04/2018","08/01/2018","CHS Inc. F943 Akey Tukey 3 Crumble, Bulk Medicated turkey feed with Active Drug Ingredient Bacitracin Methylene Disalicyate 50 g/ton and Monensin as Monensin Sodium 63 g/ton   F943 run 41351"
"Veterinary","No","","79270","Terminated","CHS, Inc.","13400 Van Buren St","N/A","Holland","MI","	49424-9410","United States","Voluntary: Firm initiated","Telephone","MI only","V-0263-2018","Class II","CHS Inc. F947 Akey Turkey 7 Pellet, Bulk Medicated turkey feed with Active Drug Ingredient Bambermycins 2.0 g/ton","14 tons of F947 run 41352","CHS Inc. initiated a voluntary recall of turkey feed due to excessive levels of salt which could be potentially toxic to turkeys.","02/16/2018","07/25/2018","10/04/2018","08/01/2018","CHS Inc. F947 Akey Tukey 7 Pellet, Bulk Medicated turkey feed with Active Drug Ingredient Bambermycins 2.0 g/ton   F947 run 41352"
"Veterinary","No","04/25/2019","80031","Terminated","Zoetis, LLC","601 Beam St","N/A","Salisbury","MD","	21801-7876","United States","Voluntary: Firm initiated","Letter","Product was distributed to customers (feed mills) in Utah, Texas and New York.","V-0126-2019","Class II","Bovatec 91, Type A Medicated Article, packaged in 50 lbs, polyethylene lined kraft paper bags.","100/50 lb bags","Product is being recalled due to the distribution of an unreleased lot.","05/03/2018","04/25/2019","04/06/2020","05/01/2019","Lot number: HFN70475  NADA # 096-298"
"Veterinary","No","05/09/2019","80448","Terminated","Phibro Animal Health Corporation","300 Frank W Burr Blvd Ste 21","N/A","Teaneck","NJ","	07666-6712","United States","Voluntary: Firm initiated","Letter","NC","V-0137-2019","Class II","Phibro Nicarb 25% Type A Medicated Article Net Wt 50 lb (22.68 kg) Distributed by: Phibro Animal Health Corporation Teaneck, NJ 07666","120 units","Nicarb 25% Type A Medicated Article lot F72510108KA is under recall because the 9-month stability sample has a confirmed out of specification (OOS) result of 24.3%.","06/27/2018","05/09/2019","05/04/2022","05/01/2019","Lot #F72510108KA"
"Veterinary","No","05/07/2019","80456","Terminated","Phibro Animal Health Corporation","300 Frank W Burr Blvd Ste 21","N/A","Teaneck","NJ","	07666-6712","United States","Voluntary: Firm initiated","Letter","AL","V-0136-2019","Class II","Phibro Nicarb (nicarbazin) 25% Type A Medicated Article, Net Wt 50 lb (22.68 kg) Distributed by: Phibro Animal Health Corporation Teaneck, NJ 07666","240 units","Nicarb 25% Type A medicated article tested at 24.2% (Nicarbazin) below the potency specification of 24.5-26.5 % at the 12 month stability interval under VICH long-term conditions.","07/13/2018","05/07/2019","06/07/2023","05/01/2019","Lot #LSC678"
"Veterinary","No","05/16/2019","80962","Terminated","King Bio Inc.","3 Westside Dr","N/A","Asheville","NC","	28806-2846","United States","Voluntary: Firm initiated","Press Release","Nationwide.","V-0143-2019","Class II","Dr. King's Natural Pet Pharmaceuticals Homeopathic All Natural Cat Tomlyn Anxiety & Stress 4 fl. oz. (118 mL) NDC# 57955-4304-4 UPC 357955430445 King Bio, Inc. FDA Reg. #1053442 3 Westside Dr. Asheville, NC 28806 USA","29567 bottles","Possible microbial contamination.","08/27/2018","05/16/2019","01/19/2022","05/15/2019","Lots: 112317B Exp. 11/19; 011817C Exp. 01/20; 012616C Exp. 01/19; 030816H Exp. 03/19; 072916B Exp. 07/19; 081715C Exp. 08/18; 101816A Exp. 10/19"
"Veterinary","No","05/16/2019","80962","Terminated","King Bio Inc.","3 Westside Dr","N/A","Asheville","NC","	28806-2846","United States","Voluntary: Firm initiated","Press Release","Nationwide.","V-0144-2019","Class II","Dr. King's Natural Pet Pharmaceuticals Homeopathic All Natural Cat Tomlyn Urinary Tract Irritations 4 fl. oz. (118 mL) NDC# 57955-4302-4 UPC 357955430247 King Bio, Inc. FDA Reg. #1053442 3 Westside Dr. Asheville, NC 28806 USA","53010 bottles","Possible microbial contamination.","08/27/2018","05/16/2019","01/19/2022","05/15/2019","Lots: 010118BF Exp. 01/20; 090717B Exp. 09/19; 111617A Exp. 11/19; 102215J Exp. 10/18; 101016C Exp. 10/19; 090816C Exp. 09/19; 082015B Exp. 08/18; 072216E Exp. 07/19; 030816F Exp. 03/19; 010517D Exp. 01/20"
"Veterinary","No","05/16/2019","80962","Terminated","King Bio Inc.","3 Westside Dr","N/A","Asheville","NC","	28806-2846","United States","Voluntary: Firm initiated","Press Release","Nationwide.","V-0147-2019","Class II","Dr. King's Natural Pet Pharmaceuticals Homeopathic All Natural Cat Tomlyn Skin & Itch 4 fl. oz. (118 mL) NDC# 57955-4301-4 UPC 357955430148 King Bio, Inc. FDA Reg. #1053442 3 Westside Dr. Asheville, NC 28806 USA","26977 bottles","Possible microbial contamination.","08/27/2018","05/16/2019","01/19/2022","05/15/2019","Lots: 030816G Exp. 03/19; 052516A Exp. 05/19; 062816J Exp. 06/19; 091416B Exp. 06/19; 123016C Exp. 12/19; 121417H Exp. 12/19"
"Veterinary","No","10/17/2019","81573","Terminated","ADM Alliance Nutrition, Inc.","PO Box C1","1000 N 30th St","Quincy","IL","	62301-3400","United States","Voluntary: Firm initiated","Letter","Distributed to customers in Minnesota, Nebraska, South Dakota, and Wyoming.","V-0055-2020","Class II","BEEF SUPPLEMENT RU 34259CCA, Medicated, Monensin...(125 mg/lb)...250 gm/ton, ADM Animal Nutrition, a division of  Archer Daniels Midland Company, Quincy, IL, packaged in bulk.","N/A","Feeds may contain incorrect amounts or types of micro ingredients, including drug ingredients. Some feeds contain unlabeled drugs which when fed in the labeled manner could cause serious health consequences in animals.","11/14/2018","10/17/2019","10/17/2019","06/12/2019","Lot # 17336, 108406"
"Veterinary","No","10/17/2019","81573","Terminated","ADM Alliance Nutrition, Inc.","PO Box C1","1000 N 30th St","Quincy","IL","	62301-3400","United States","Voluntary: Firm initiated","Letter","Distributed to customers in Minnesota, Nebraska, South Dakota, and Wyoming.","V-0057-2020","Class II","AMPT""-A BT, 54229BJY, MEDICATED, Lasaocid ... (720 mg/lb) ... 1,440 gm/ton, ADM Animal Nutrition, a division of Archer Daniels Midland Company, Quincy, IL, packaged in 50 lb bags","N/A","Feeds may contain incorrect amounts or types of micro ingredients, including drug ingredients. Some feeds contain unlabeled drugs which when fed in the labeled manner could cause serious health consequences in animals.","11/14/2018","10/17/2019","10/17/2019","06/12/2019","Lot # NE30518"
"Veterinary","No","10/17/2019","81573","Terminated","ADM Alliance Nutrition, Inc.","PO Box C1","1000 N 30th St","Quincy","IL","	62301-3400","United States","Voluntary: Firm initiated","Letter","Distributed to customers in Minnesota, Nebraska, South Dakota, and Wyoming.","V-0058-2020","Class II","AMPT""-A Co-Product Balancer RU 54258CDL, MEDICATED, Monensin ... (400 mg/lb) ... 800 gm/ton, ADM Animal Nutrition, a division of Archer Daniels Midland Company, Quincy, IL, packaged in 50 lb bags.","N/A","Feeds may contain incorrect amounts or types of micro ingredients, including drug ingredients. Some feeds contain unlabeled drugs which when fed in the labeled manner could cause serious health consequences in animals.","11/14/2018","10/17/2019","10/17/2019","06/12/2019","Lot # NE29818"
"Veterinary","No","10/17/2019","81573","Terminated","ADM Alliance Nutrition, Inc.","PO Box C1","1000 N 30th St","Quincy","IL","	62301-3400","United States","Voluntary: Firm initiated","Letter","Distributed to customers in Minnesota, Nebraska, South Dakota, and Wyoming.","V-0059-2020","Class II","AMPT""-A CPB w/ CitriStim¿ RU 54270CDL, MEDICATED, Monensin ... (400 mg/lb) ... 800 gm/ton, ADM Animal Nutrition, a division of Archer Daniels Midland Company, Quincy, IL packaged in 50 lb bags","N/A","Feeds may contain incorrect amounts or types of micro ingredients, including drug ingredients. Some feeds contain unlabeled drugs which when fed in the labeled manner could cause serious health consequences in animals.","11/14/2018","10/17/2019","10/17/2019","06/12/2019","Lot # NE31618"
"Veterinary","No","10/17/2019","81573","Terminated","ADM Alliance Nutrition, Inc.","PO Box C1","1000 N 30th St","Quincy","IL","	62301-3400","United States","Voluntary: Firm initiated","Letter","Distributed to customers in Minnesota, Nebraska, South Dakota, and Wyoming.","V-0060-2020","Class II","AMPT""-A CPB Citristim Pellet RU 54279CDA, MEDICATED, Monensin ... (262.5 mg/lb) ... 525 gm/ton, ADM Animal Nutrition, a division of Archer Daniels Midland Company, Quincy, IL, packaged in bulk","N/A","Feeds may contain incorrect amounts or types of micro ingredients, including drug ingredients. Some feeds contain unlabeled drugs which when fed in the labeled manner could cause serious health consequences in animals.","11/14/2018","10/17/2019","10/17/2019","06/12/2019","Lot # 108200"
"Veterinary","No","10/17/2019","81573","Terminated","ADM Alliance Nutrition, Inc.","PO Box C1","1000 N 30th St","Quincy","IL","	62301-3400","United States","Voluntary: Firm initiated","Letter","Distributed to customers in Minnesota, Nebraska, South Dakota, and Wyoming.","V-0061-2020","Class II","ADM 20 Hi Energy Pellet BT 54309BHB, MEDICATED, Lasalocid ... (30 mg/lb) ... 60 gm/ton, ADM Animal Nutrition, a division of Archer Daniels Midland Company, Quincy, IL, packaged in bulk","N/A","Feeds may contain incorrect amounts or types of micro ingredients, including drug ingredients. Some feeds contain unlabeled drugs which when fed in the labeled manner could cause serious health consequences in animals.","11/14/2018","10/17/2019","10/17/2019","06/12/2019","Lot # 107731, 107895, 108194"
"Veterinary","No","10/17/2019","81573","Terminated","ADM Alliance Nutrition, Inc.","PO Box C1","1000 N 30th St","Quincy","IL","	62301-3400","United States","Voluntary: Firm initiated","Letter","Distributed to customers in Minnesota, Nebraska, South Dakota, and Wyoming.","V-0062-2020","Class II","AminoGro"" 16 Creep BT 54570BHB, MEDICATED, Lasalocid ... (30 mg/lb) ... 60 gm/ton, ADM Animal Nutrition, a division of Archer Daniels Midland Company, Quincy, IL, packaged in bulk","N/A","Feeds may contain incorrect amounts or types of micro ingredients, including drug ingredients. Some feeds contain unlabeled drugs which when fed in the labeled manner could cause serious health consequences in animals.","11/14/2018","10/17/2019","10/17/2019","06/12/2019","Lot # 108225"
"Veterinary","No","10/17/2019","81573","Terminated","ADM Alliance Nutrition, Inc.","PO Box C1","1000 N 30th St","Quincy","IL","	62301-3400","United States","Voluntary: Firm initiated","Letter","Distributed to customers in Minnesota, Nebraska, South Dakota, and Wyoming.","V-0064-2020","Class II","AminoGain¿ 1 CPB BT/MGA 54574BLR, MEDICATED, Lasalocid ... (200 mg/lb) ... 400 gm/ton, Melengestrol Acetate ... (0.4 mg/lb) ... 0.000088%, ADM Animal Nutrition, a division of Archer Daniels Midland Company, Quincy, IL, packaged in bulk","N/A","Feeds may contain incorrect amounts or types of micro ingredients, including drug ingredients. Some feeds contain unlabeled drugs which when fed in the labeled manner could cause serious health consequences in animals.","11/14/2018","10/17/2019","10/17/2019","06/12/2019","Lot # 107199"
"Veterinary","No","10/17/2019","81573","Terminated","ADM Alliance Nutrition, Inc.","PO Box C1","1000 N 30th St","Quincy","IL","	62301-3400","United States","Voluntary: Firm initiated","Letter","Distributed to customers in Minnesota, Nebraska, South Dakota, and Wyoming.","V-0065-2020","Class II","AminoGain¿ 1 CPB RU 54574CCP, MEDICATED, Monensin ... (200 mg/lb) ... 400 gm/ton, ADM Animal Nutrition, a division of Archer Daniels Midland Company, Quincy, IL, packaged in bulk","N/A","Feeds may contain incorrect amounts or types of micro ingredients, including drug ingredients. Some feeds contain unlabeled drugs which when fed in the labeled manner could cause serious health consequences in animals.","11/14/2018","10/17/2019","10/17/2019","06/12/2019","Lot # 107515, 108177, 107724, 107109"
"Veterinary","No","10/17/2019","81573","Terminated","ADM Alliance Nutrition, Inc.","PO Box C1","1000 N 30th St","Quincy","IL","	62301-3400","United States","Voluntary: Firm initiated","Letter","Distributed to customers in Minnesota, Nebraska, South Dakota, and Wyoming.","V-0066-2020","Class II","AminoGain¿ 1 CPB RU 54574CDB, MEDICATED, Monensin ... (250 mg/lb) ... 500 gm/ton, ADM Animal Nutrition, a division of Archer Daniels Midland Company, Quincy, IL, packaged in bulk and 50 lb bags.","N/A","Feeds may contain incorrect amounts or types of micro ingredients, including drug ingredients. Some feeds contain unlabeled drugs which when fed in the labeled manner could cause serious health consequences in animals.","11/14/2018","10/17/2019","10/17/2019","06/12/2019","Lot # 108175, NE30318"
"Veterinary","No","10/17/2019","81573","Terminated","ADM Alliance Nutrition, Inc.","PO Box C1","1000 N 30th St","Quincy","IL","	62301-3400","United States","Voluntary: Firm initiated","Letter","Distributed to customers in Minnesota, Nebraska, South Dakota, and Wyoming.","V-0067-2020","Class II","AminoGain¿ 1 CPB RU 54574CDD, MEDICATED, Monensin ... (300 mg/lb) ... 600 gm/ton, ADM Animal Nutrition, a division of Archer Daniels Midland Company, Quincy, IL, packaged in bulk","N/A","Feeds may contain incorrect amounts or types of micro ingredients, including drug ingredients. Some feeds contain unlabeled drugs which when fed in the labeled manner could cause serious health consequences in animals.","11/14/2018","10/17/2019","10/17/2019","06/12/2019","Lot # 107543, 108360"
"Veterinary","No","10/17/2019","81573","Terminated","ADM Alliance Nutrition, Inc.","PO Box C1","1000 N 30th St","Quincy","IL","	62301-3400","United States","Voluntary: Firm initiated","Letter","Distributed to customers in Minnesota, Nebraska, South Dakota, and Wyoming.","V-0068-2020","Class II","AminoGain¿ 1 CPB RU 54574CDH, MEDICATED, Monensin ... (350 mg/lb) ... 700 gm/ton, ADM Animal Nutrition, a division of Archer Daniels Midland Company, Quincy, IL, packaged in bulk","N/A","Feeds may contain incorrect amounts or types of micro ingredients, including drug ingredients. Some feeds contain unlabeled drugs which when fed in the labeled manner could cause serious health consequences in animals.","11/14/2018","10/17/2019","10/17/2019","06/12/2019","Lot # 107064, 107066, 107928, 1008433"
"Veterinary","No","10/17/2019","81573","Terminated","ADM Alliance Nutrition, Inc.","PO Box C1","1000 N 30th St","Quincy","IL","	62301-3400","United States","Voluntary: Firm initiated","Letter","Distributed to customers in Minnesota, Nebraska, South Dakota, and Wyoming.","V-0069-2020","Class II","AminoGain¿ 1 CPB RU 54574CDL, MEDICATED, Monensin ... (400 mg/lb) ... 800 gm/ton, ADM Animal Nutrition, a division of Archer Daniels Midland Company, Quincy, IL, packaged in bulk","N/A","Feeds may contain incorrect amounts or types of micro ingredients, including drug ingredients. Some feeds contain unlabeled drugs which when fed in the labeled manner could cause serious health consequences in animals.","11/14/2018","10/17/2019","10/17/2019","06/12/2019","Lot # 107536, 108084"
"Veterinary","No","10/17/2019","81573","Terminated","ADM Alliance Nutrition, Inc.","PO Box C1","1000 N 30th St","Quincy","IL","	62301-3400","United States","Voluntary: Firm initiated","Letter","Distributed to customers in Minnesota, Nebraska, South Dakota, and Wyoming.","V-0070-2020","Class II","AminoGain¿ 1 CPB with CitriStim¿ RU 54575CCP, MEDICATED, Monensin ... (200 mg/lb) ... 400 gm/ton, ADM Animal Nutrition, a division of Archer Daniels Midland Company, Quincy, IL, packaged in bulk and 50 lb bags.","N/A","Feeds may contain incorrect amounts or types of micro ingredients, including drug ingredients. Some feeds contain unlabeled drugs which when fed in the labeled manner could cause serious health consequences in animals.","11/14/2018","10/17/2019","10/17/2019","06/12/2019","Lot # 109914, 107935, 107513, 107277, 107887, 108401, 107630, NE31018"
"Veterinary","No","10/17/2019","81573","Terminated","ADM Alliance Nutrition, Inc.","PO Box C1","1000 N 30th St","Quincy","IL","	62301-3400","United States","Voluntary: Firm initiated","Letter","Distributed to customers in Minnesota, Nebraska, South Dakota, and Wyoming.","V-0071-2020","Class II","AminoGain¿ 1 CPB with CitriStim¿ RU 54577CCP, MEDICATED, Monensin ... (200 mg/lb) ... 400 gm/ton, ADM Animal Nutrition, a division of Archer Daniels Midland Company, Quincy, IL, packaged in bulk and in 50 lb bags","N/A","Feeds may contain incorrect amounts or types of micro ingredients, including drug ingredients. Some feeds contain unlabeled drugs which when fed in the labeled manner could cause serious health consequences in animals.","11/14/2018","10/17/2019","10/17/2019","06/12/2019","Lot # 107247, NE29518"
"Veterinary","No","10/17/2019","81573","Terminated","ADM Alliance Nutrition, Inc.","PO Box C1","1000 N 30th St","Quincy","IL","	62301-3400","United States","Voluntary: Firm initiated","Letter","Distributed to customers in Minnesota, Nebraska, South Dakota, and Wyoming.","V-0072-2020","Class II","AminoGain¿ 1 CPB RMXB RU 54579CDD, MEDICATED, Monensin ... (300 mg/lb) ... 600 gm/ton, ADM Animal Nutrition, a division of Archer Daniels Midland Company, Quincy, IL, packaged in bulk","N/A","Feeds may contain incorrect amounts or types of micro ingredients, including drug ingredients. Some feeds contain unlabeled drugs which when fed in the labeled manner could cause serious health consequences in animals.","11/14/2018","10/17/2019","10/17/2019","06/12/2019","Lot # 107371"
"Veterinary","No","10/17/2019","81573","Terminated","ADM Alliance Nutrition, Inc.","PO Box C1","1000 N 30th St","Quincy","IL","	62301-3400","United States","Voluntary: Firm initiated","Letter","Distributed to customers in Minnesota, Nebraska, South Dakota, and Wyoming.","V-0073-2020","Class II","AminoGain¿ 1 Traditional RU 54586CCP, MEDICATED, Monensin ... (200 mg/lb) ... 400 gm/ton, ADM Animal Nutrition, a division of Archer Daniels Midland Company, Quincy, IL, packaged in bulk and in 50 lb bags","N/A","Feeds may contain incorrect amounts or types of micro ingredients, including drug ingredients. Some feeds contain unlabeled drugs which when fed in the labeled manner could cause serious health consequences in animals.","11/14/2018","10/17/2019","10/17/2019","06/12/2019","Lot # 107507, 108358, NE30318"
"Veterinary","No","10/17/2019","81573","Terminated","ADM Alliance Nutrition, Inc.","PO Box C1","1000 N 30th St","Quincy","IL","	62301-3400","United States","Voluntary: Firm initiated","Letter","Distributed to customers in Minnesota, Nebraska, South Dakota, and Wyoming.","V-0074-2020","Class II","AminoGain¿ 1 Traditional CitriStim¿ RU 54587CCP, MEDICATED, Monensin ... (200 mg/lb) ... 400 gm/ton, ADM Animal Nutrition, a division of Archer Daniels Midland Company, Quincy, IL, bags","N/A","Feeds may contain incorrect amounts or types of micro ingredients, including drug ingredients. Some feeds contain unlabeled drugs which when fed in the labeled manner could cause serious health consequences in animals.","11/14/2018","10/17/2019","10/17/2019","06/12/2019","Lot # 108160"
"Veterinary","No","10/17/2019","81573","Terminated","ADM Alliance Nutrition, Inc.","PO Box C1","1000 N 30th St","Quincy","IL","	62301-3400","United States","Voluntary: Firm initiated","Letter","Distributed to customers in Minnesota, Nebraska, South Dakota, and Wyoming.","V-0075-2020","Class II","AminoGro"" 6 RU 54597CAZ, MEDICATED, Monensin ... (200 mg/lb) ... 400 gm/ton, ADM Animal Nutrition, a division of Archer Daniels Midland Company, Quincy, IL, packaged in 50 lb bags","N/A","Feeds may contain incorrect amounts or types of micro ingredients, including drug ingredients. Some feeds contain unlabeled drugs which when fed in the labeled manner could cause serious health consequences in animals.","11/14/2018","10/17/2019","10/17/2019","06/12/2019","Lot # NE30418"
"Veterinary","No","10/17/2019","81573","Terminated","ADM Alliance Nutrition, Inc.","PO Box C1","1000 N 30th St","Quincy","IL","	62301-3400","United States","Voluntary: Firm initiated","Letter","Distributed to customers in Minnesota, Nebraska, South Dakota, and Wyoming.","V-0077-2020","Class II","AminoGro"" 6 CitriStim¿ RU 54600CAZ, MEDICATED, Monensin ... (25 mg/lb) ... 50 gm/ton, ADM Animal Nutrition, a division of Archer Daniels Midland Company, Quincy, IL, packaged in 50 lb bags","N/A","Feeds may contain incorrect amounts or types of micro ingredients, including drug ingredients. Some feeds contain unlabeled drugs which when fed in the labeled manner could cause serious health consequences in animals.","11/14/2018","10/17/2019","10/17/2019","06/12/2019","Lot # NE30518"
"Veterinary","No","10/17/2019","81573","Terminated","ADM Alliance Nutrition, Inc.","PO Box C1","1000 N 30th St","Quincy","IL","	62301-3400","United States","Voluntary: Firm initiated","Letter","Distributed to customers in Minnesota, Nebraska, South Dakota, and Wyoming.","V-0078-2020","Class II","AminoGro"" 6 CitriStim¿ RU 54600CBB, MEDICATED, Monensin ... (30 mg/lb) ... 60 gm/ton, ADM Animal Nutrition, a division of Archer Daniels Midland Company, Quincy, IL, packaged in bulk and in 50 lb bags","N/A","Feeds may contain incorrect amounts or types of micro ingredients, including drug ingredients. Some feeds contain unlabeled drugs which when fed in the labeled manner could cause serious health consequences in animals.","11/14/2018","10/17/2019","10/17/2019","06/12/2019","Lot # 10965, 108042, NE30218, NE30618"
"Veterinary","No","10/17/2019","81573","Terminated","ADM Alliance Nutrition, Inc.","PO Box C1","1000 N 30th St","Quincy","IL","	62301-3400","United States","Voluntary: Firm initiated","Letter","Distributed to customers in Minnesota, Nebraska, South Dakota, and Wyoming.","V-0079-2020","Class II","AminoGro"" 12 Developer RU 54605CBB, MEDICATED, Monensin ... (30 mg/lb) ... 60 gm/ton, ADM Animal Nutrition, a division of Archer Daniels Midland Company, Quincy, IL, packaged in bulk","N/A","Feeds may contain incorrect amounts or types of micro ingredients, including drug ingredients. Some feeds contain unlabeled drugs which when fed in the labeled manner could cause serious health consequences in animals.","11/14/2018","10/17/2019","10/17/2019","06/12/2019","Lot # 107346"
"Veterinary","No","10/17/2019","81573","Terminated","ADM Alliance Nutrition, Inc.","PO Box C1","1000 N 30th St","Quincy","IL","	62301-3400","United States","Voluntary: Firm initiated","Letter","Distributed to customers in Minnesota, Nebraska, South Dakota, and Wyoming.","V-0081-2020","Class II","Rough-N-Ready"" 14 BT, 54783BHB, MEDICATED, Lasalocid ... (30 mg/lb) ... 60 gm/ton, ADM Animal Nutrition, a division of Archer Daniels Midland Company, Quincy, IL, packaged in bulk and 50 lb bags","N/A","Feeds may contain incorrect amounts or types of micro ingredients, including drug ingredients. Some feeds contain unlabeled drugs which when fed in the labeled manner could cause serious health consequences in animals.","11/14/2018","10/17/2019","10/17/2019","06/12/2019","Lot # NE29818"
"Veterinary","No","10/17/2019","81573","Terminated","ADM Alliance Nutrition, Inc.","PO Box C1","1000 N 30th St","Quincy","IL","	62301-3400","United States","Voluntary: Firm initiated","Letter","Distributed to customers in Minnesota, Nebraska, South Dakota, and Wyoming.","V-0082-2020","Class II","Rough-N-Ready"" 14 BT 54783BHI, MEDICATED, Lasalocid ... (45 mg/lb) ... 90 gm/ton, ADM Animal Nutrition, a division of Archer Daniels Midland Company, Quincy, IL, packaged in bulk","N/A","Feeds may contain incorrect amounts or types of micro ingredients, including drug ingredients. Some feeds contain unlabeled drugs which when fed in the labeled manner could cause serious health consequences in animals.","11/14/2018","10/17/2019","10/17/2019","06/12/2019","Lot # 107860"
"Veterinary","No","10/17/2019","81573","Terminated","ADM Alliance Nutrition, Inc.","PO Box C1","1000 N 30th St","Quincy","IL","	62301-3400","United States","Voluntary: Firm initiated","Letter","Distributed to customers in Minnesota, Nebraska, South Dakota, and Wyoming.","V-0083-2020","Class II","Rough-N-Ready"" 14 54783BHJ, MEDICATED, Lasalocid ... (50 mg/lb) ... 100 gm/ton, ADM Animal Nutrition, a division of Archer Daniels Midland Company, Quincy, IL, packaged in bulk","N/A","Feeds may contain incorrect amounts or types of micro ingredients, including drug ingredients. Some feeds contain unlabeled drugs which when fed in the labeled manner could cause serious health consequences in animals.","11/14/2018","10/17/2019","10/17/2019","06/12/2019","Lot # 107520, 107925, 108033, 108362, 108263"
"Veterinary","No","10/17/2019","81573","Terminated","ADM Alliance Nutrition, Inc.","PO Box C1","1000 N 30th St","Quincy","IL","	62301-3400","United States","Voluntary: Firm initiated","Letter","Distributed to customers in Minnesota, Nebraska, South Dakota, and Wyoming.","V-0084-2020","Class II","Rough-N-Ready"" 16 BT 54787BHB, MEDICATED, Lasalocid ... (30 mg/lb) ... 60 gm/ton, ADM Animal Nutrition, a division of Archer Daniels Midland Company, Quincy, IL, packaged in bulk","N/A","Feeds may contain incorrect amounts or types of micro ingredients, including drug ingredients. Some feeds contain unlabeled drugs which when fed in the labeled manner could cause serious health consequences in animals.","11/14/2018","10/17/2019","10/17/2019","06/12/2019","Lot # 107554, 108443, 108002, 107395"
"Veterinary","No","10/17/2019","81573","Terminated","ADM Alliance Nutrition, Inc.","PO Box C1","1000 N 30th St","Quincy","IL","	62301-3400","United States","Voluntary: Firm initiated","Letter","Distributed to customers in Minnesota, Nebraska, South Dakota, and Wyoming.","V-0085-2020","Class II","Rough N-Ready"" 16 RU 54787CAX, MEDICATED, Monensin ... (20 mg/lb) ... 40 gm/ton, ADM Animal Nutrition, a division of Archer Daniels Midland Company, Quincy, IL, packaged in bulk","N/A","Feeds may contain incorrect amounts or types of micro ingredients, including drug ingredients. Some feeds contain unlabeled drugs which when fed in the labeled manner could cause serious health consequences in animals.","11/14/2018","10/17/2019","10/17/2019","06/12/2019","Lot # 107455, 107761"
"Veterinary","No","10/17/2019","81573","Terminated","ADM Alliance Nutrition, Inc.","PO Box C1","1000 N 30th St","Quincy","IL","	62301-3400","United States","Voluntary: Firm initiated","Letter","Distributed to customers in Minnesota, Nebraska, South Dakota, and Wyoming.","V-0087-2020","Class II","Beef-trate¿ BT 54910BJP, MEDICATED, Lasalocid ... (400 mg/lb) ... 800 gm/ton, ADM Animal Nutrition, a division of Archer Daniels Midland Company, Quincy, IL, packaged in 50 lb bags","N/A","Feeds may contain incorrect amounts or types of micro ingredients, including drug ingredients. Some feeds contain unlabeled drugs which when fed in the labeled manner could cause serious health consequences in animals.","11/14/2018","10/17/2019","10/17/2019","06/12/2019","Lot # NE31018"
"Veterinary","No","10/17/2019","81573","Terminated","ADM Alliance Nutrition, Inc.","PO Box C1","1000 N 30th St","Quincy","IL","	62301-3400","United States","Voluntary: Firm initiated","Letter","Distributed to customers in Minnesota, Nebraska, South Dakota, and Wyoming.","V-0088-2020","Class II","Beef-trate¿ BT/MGA 54910BMJ, MEDICATED, Lasalocid ... (350 mg/lb) ... 700 gm/ton, Melengestrol Acetate ... (0.5 mg/lb) ... 0.00011%, ADM Animal Nutrition, a division of Archer Daniels Midland Company, Quincy, IL, packaged in bulk","N/A","Feeds may contain incorrect amounts or types of micro ingredients, including drug ingredients. Some feeds contain unlabeled drugs which when fed in the labeled manner could cause serious health consequences in animals.","11/14/2018","10/17/2019","10/17/2019","06/12/2019","Lot # 107328"
"Veterinary","No","10/17/2019","81573","Terminated","ADM Alliance Nutrition, Inc.","PO Box C1","1000 N 30th St","Quincy","IL","	62301-3400","United States","Voluntary: Firm initiated","Letter","Distributed to customers in Minnesota, Nebraska, South Dakota, and Wyoming.","V-0089-2020","Class II","BovaGain¿ 32/15 LI RU 54953CBN, MEDICATED, Monensin ... (55 mg/lb) ... 110 gm/ton, ADM Animal Nutrition, a division of Archer Daniels Midland Company, Quincy, IL, packaged in 50 lb bags","N/A","Feeds may contain incorrect amounts or types of micro ingredients, including drug ingredients. Some feeds contain unlabeled drugs which when fed in the labeled manner could cause serious health consequences in animals.","11/14/2018","10/17/2019","10/17/2019","06/12/2019","Lot # NE29218, NE31118"
"Veterinary","No","10/17/2019","81573","Terminated","ADM Alliance Nutrition, Inc.","PO Box C1","1000 N 30th St","Quincy","IL","	62301-3400","United States","Voluntary: Firm initiated","Letter","Distributed to customers in Minnesota, Nebraska, South Dakota, and Wyoming.","V-0091-2020","Class II","BovaGain¿ 40/15 BT 54962BIY, MEDICATED, Lasalocid ... (200 mg/lb) ... 400 gm/ton, ADM Animal Nutrition, a division of Archer Daniels Midland Company, Quincy, IL, packaged in bulk","N/A","Feeds may contain incorrect amounts or types of micro ingredients, including drug ingredients. Some feeds contain unlabeled drugs which when fed in the labeled manner could cause serious health consequences in animals.","11/14/2018","10/17/2019","10/17/2019","06/12/2019","Lot # 107375"
"Veterinary","No","10/17/2019","81573","Terminated","ADM Alliance Nutrition, Inc.","PO Box C1","1000 N 30th St","Quincy","IL","	62301-3400","United States","Voluntary: Firm initiated","Letter","Distributed to customers in Minnesota, Nebraska, South Dakota, and Wyoming.","V-0092-2020","Class II","BovaGain¿ 40/15 RU 54962CCP, MEDICATED, Monensin ... (200 mg/lb) ... 400 gm/ton, ADM Animal Nutrition, a division of Archer Daniels Midland Company, Quincy, IL, packaged in 50 lb bags","N/A","Feeds may contain incorrect amounts or types of micro ingredients, including drug ingredients. Some feeds contain unlabeled drugs which when fed in the labeled manner could cause serious health consequences in animals.","11/14/2018","10/17/2019","10/17/2019","06/12/2019","Lot # NE30618"
"Veterinary","No","10/17/2019","81573","Terminated","ADM Alliance Nutrition, Inc.","PO Box C1","1000 N 30th St","Quincy","IL","	62301-3400","United States","Voluntary: Firm initiated","Letter","Distributed to customers in Minnesota, Nebraska, South Dakota, and Wyoming.","V-0093-2020","Class II","MasterPlex"" 50P RU 54997CDL, MEDICATED, Monensin ... (200 mg/lb) ... 400 gm/ton, ADM Animal Nutrition, a division of Archer Daniels Midland Company, Quincy, IL, packaged 50 lb bags","N/A","Feeds may contain incorrect amounts or types of micro ingredients, including drug ingredients. Some feeds contain unlabeled drugs which when fed in the labeled manner could cause serious health consequences in animals.","11/14/2018","10/17/2019","10/17/2019","06/12/2019","Lot # NE30318"
"Veterinary","No","10/17/2019","81573","Terminated","ADM Alliance Nutrition, Inc.","PO Box C1","1000 N 30th St","Quincy","IL","	62301-3400","United States","Voluntary: Firm initiated","Letter","Distributed to customers in Minnesota, Nebraska, South Dakota, and Wyoming.","V-0094-2020","Class II","MasterPlex"" 75P BT/MGA 55005BMF, MEDICATED, Laslocid ... (300 mg/lb) ... 600 gm/ton, Melengestrol Acetate ... (0.625 mg/lb) ... 0.0001375%, ADM Animal Nutrition, a division of Archer Daniels Midland Company, Quincy, IL, packaged in bulk","N/A","Feeds may contain incorrect amounts or types of micro ingredients, including drug ingredients. Some feeds contain unlabeled drugs which when fed in the labeled manner could cause serious health consequences in animals.","11/14/2018","10/17/2019","10/17/2019","06/12/2019","Lot # 107398, 108073"
"Veterinary","No","10/17/2019","81573","Terminated","ADM Alliance Nutrition, Inc.","PO Box C1","1000 N 30th St","Quincy","IL","	62301-3400","United States","Voluntary: Firm initiated","Letter","Distributed to customers in Minnesota, Nebraska, South Dakota, and Wyoming.","V-0095-2020","Class II","MasterPlex"" 75P BT/MGA 55005BMN, MEDICATED, Laslocid ... (400 mg/lb) ... 800 gm/ton, Melengestrol Acetate ... (0.60 mg/lb) ... 0.000132%, ADM Animal Nutrition, a division of Archer Daniels Midland Company, Quincy, IL, packaged in bulk","N/A","Feeds may contain incorrect amounts or types of micro ingredients, including drug ingredients. Some feeds contain unlabeled drugs which when fed in the labeled manner could cause serious health consequences in animals.","11/14/2018","10/17/2019","10/17/2019","06/12/2019","Lot # 108385"
"Veterinary","No","10/17/2019","81573","Terminated","ADM Alliance Nutrition, Inc.","PO Box C1","1000 N 30th St","Quincy","IL","	62301-3400","United States","Voluntary: Firm initiated","Letter","Distributed to customers in Minnesota, Nebraska, South Dakota, and Wyoming.","V-0096-2020","Class II","MasterPlex"" 75P RU 55005CDD, MEDICATED, Monensin ... (300 mg/lb) ... 600 gm/ton, ADM Animal Nutrition, a division of Archer Daniels Midland Company, Quincy, IL, packaged in bulk","N/A","Feeds may contain incorrect amounts or types of micro ingredients, including drug ingredients. Some feeds contain unlabeled drugs which when fed in the labeled manner could cause serious health consequences in animals.","11/14/2018","10/17/2019","10/17/2019","06/12/2019","Lot # 108431"
"Veterinary","No","10/17/2019","81573","Terminated","ADM Alliance Nutrition, Inc.","PO Box C1","1000 N 30th St","Quincy","IL","	62301-3400","United States","Voluntary: Firm initiated","Letter","Distributed to customers in Minnesota, Nebraska, South Dakota, and Wyoming.","V-0097-2020","Class II","MasterPlex"" 75P 30/30 RU 55010CDD, MEDICATED, Monensin ... (300 mg/lb) ... 600 gm/ton, ADM Animal Nutrition, a division of Archer Daniels Midland Company, Quincy, IL, packaged in bulk","N/A","Feeds may contain incorrect amounts or types of micro ingredients, including drug ingredients. Some feeds contain unlabeled drugs which when fed in the labeled manner could cause serious health consequences in animals.","11/14/2018","10/17/2019","10/17/2019","06/12/2019","Lot # 108356"
"Veterinary","No","10/17/2019","81573","Terminated","ADM Alliance Nutrition, Inc.","PO Box C1","1000 N 30th St","Quincy","IL","	62301-3400","United States","Voluntary: Firm initiated","Letter","Distributed to customers in Minnesota, Nebraska, South Dakota, and Wyoming.","V-0098-2020","Class II","N-Vigor8"" Two 55040BAJ, MEDICATED, Decoquinate ... (56.75 mg/lb) ... 0.0125%, ADM Animal Nutrition, a division of Archer Daniels Midland Company, Quincy, IL, packaged in bulk","N/A","Feeds may contain incorrect amounts or types of micro ingredients, including drug ingredients. Some feeds contain unlabeled drugs which when fed in the labeled manner could cause serious health consequences in animals.","11/14/2018","10/17/2019","10/17/2019","06/12/2019","Lot # 107950"
"Veterinary","No","10/17/2019","81573","Terminated","ADM Alliance Nutrition, Inc.","PO Box C1","1000 N 30th St","Quincy","IL","	62301-3400","United States","Voluntary: Firm initiated","Letter","Distributed to customers in Minnesota, Nebraska, South Dakota, and Wyoming.","V-0101-2020","Class II","StressFighter¿ 6 AS 55073AWP, MEDICATED, Chlortetracycline ... (58.5 mg/lb) ...117 gms/ton, Sulfamethazine ... (58.5 mg/lb) ... 0.0129%, ADM Animal Nutrition, a division of Archer Daniels Midland Company, Quincy, IL, packaged in bulk and in 50 lb bags.","N/A","Feeds may contain incorrect amounts or types of micro ingredients, including drug ingredients. Some feeds contain unlabeled drugs which when fed in the labeled manner could cause serious health consequences in animals.","11/14/2018","10/17/2019","10/17/2019","06/12/2019","Lot # 107884, 108311, 107289, NE30518"
"Veterinary","No","10/17/2019","81573","Terminated","ADM Alliance Nutrition, Inc.","PO Box C1","1000 N 30th St","Quincy","IL","	62301-3400","United States","Voluntary: Firm initiated","Letter","Distributed to customers in Minnesota, Nebraska, South Dakota, and Wyoming.","V-0104-2020","Class II","Beef Creep/Grower 14 BT 55103BHB, MEDICATED, Lasalocid ... (30 mg/lb) ...60 gms/ton, ADM Animal Nutrition, a division of Archer Daniels Midland Company, Quincy, IL, packaged in bulk","N/A","Feeds may contain incorrect amounts or types of micro ingredients, including drug ingredients. Some feeds contain unlabeled drugs which when fed in the labeled manner could cause serious health consequences in animals.","11/14/2018","10/17/2019","10/17/2019","06/12/2019","Lot # 107389, 107615, 107832"
"Veterinary","No","10/17/2019","81573","Terminated","ADM Alliance Nutrition, Inc.","PO Box C1","1000 N 30th St","Quincy","IL","	62301-3400","United States","Voluntary: Firm initiated","Letter","Distributed to customers in Minnesota, Nebraska, South Dakota, and Wyoming.","V-0105-2020","Class II","Beef Creep/Grower 14 BT 55103BHI, MEDICATED, Lasalocid ... (45 mg/lb) ...90 gms/ton, ADM Animal Nutrition, a division of Archer Daniels Midland Company, Quincy, IL, packaged in bulk and in 50 lb bags","N/A","Feeds may contain incorrect amounts or types of micro ingredients, including drug ingredients. Some feeds contain unlabeled drugs which when fed in the labeled manner could cause serious health consequences in animals.","11/14/2018","10/17/2019","10/17/2019","06/12/2019","Lot # 107476, 107728, 108061, 108099, NE29118, NE29018"
"Veterinary","No","10/17/2019","81573","Terminated","ADM Alliance Nutrition, Inc.","PO Box C1","1000 N 30th St","Quincy","IL","	62301-3400","United States","Voluntary: Firm initiated","Letter","Distributed to customers in Minnesota, Nebraska, South Dakota, and Wyoming.","V-0107-2020","Class II","Beef Creep/Grower 16 BT 55107BHB, MEDICATED, Lasalocid ... (30 mg/lb) ...60 gms/ton, ADM Animal Nutrition, a division of Archer Daniels Midland Company, Quincy, IL, packaged in bulk","N/A","Feeds may contain incorrect amounts or types of micro ingredients, including drug ingredients. Some feeds contain unlabeled drugs which when fed in the labeled manner could cause serious health consequences in animals.","11/14/2018","10/17/2019","10/17/2019","06/12/2019","Lot # 107003, 108086, 108365, 107408"
"Veterinary","No","10/17/2019","81573","Terminated","ADM Alliance Nutrition, Inc.","PO Box C1","1000 N 30th St","Quincy","IL","	62301-3400","United States","Voluntary: Firm initiated","Letter","Distributed to customers in Minnesota, Nebraska, South Dakota, and Wyoming.","V-0108-2020","Class II","Beef Creep/Grower 16 RU 55107CBB, MEDICATED, Monensin ... (30 mg/lb) ...60 gms/ton, ADM Animal Nutrition, a division of Archer Daniels Midland Company, Quincy, IL, packaged in bulk","N/A","Feeds may contain incorrect amounts or types of micro ingredients, including drug ingredients. Some feeds contain unlabeled drugs which when fed in the labeled manner could cause serious health consequences in animals.","11/14/2018","10/17/2019","10/17/2019","06/12/2019","Lot # 108235"
"Veterinary","No","10/17/2019","81573","Terminated","ADM Alliance Nutrition, Inc.","PO Box C1","1000 N 30th St","Quincy","IL","	62301-3400","United States","Voluntary: Firm initiated","Letter","Distributed to customers in Minnesota, Nebraska, South Dakota, and Wyoming.","V-0112-2020","Class II","ADM Beef Concentrate 38 BT 55194BIY, MEDICATED, Lasalocid ... (200 mg/lb) ...400 gms/ton, ADM Animal Nutrition, a division of Archer Daniels Midland Company, Quincy, IL, packaged in bulk","N/A","Feeds may contain incorrect amounts or types of micro ingredients, including drug ingredients. Some feeds contain unlabeled drugs which when fed in the labeled manner could cause serious health consequences in animals.","11/14/2018","10/17/2019","10/17/2019","06/12/2019","Lot # 108024"
"Veterinary","No","10/17/2019","81573","Terminated","ADM Alliance Nutrition, Inc.","PO Box C1","1000 N 30th St","Quincy","IL","	62301-3400","United States","Voluntary: Firm initiated","Letter","Distributed to customers in Minnesota, Nebraska, South Dakota, and Wyoming.","V-0113-2020","Class II","ADM Beef Concentrate 40/20 RU 55197CCP, MEDICATED, Monensin ... (200 mg/lb) ...400 gms/ton, ADM Animal Nutrition, a division of Archer Daniels Midland Company, Quincy, IL, packaged in bulk and in 50 lb bags","N/A","Feeds may contain incorrect amounts or types of micro ingredients, including drug ingredients. Some feeds contain unlabeled drugs which when fed in the labeled manner could cause serious health consequences in animals.","11/14/2018","10/17/2019","10/17/2019","06/12/2019","Lot # 107945, NE31318"
"Veterinary","No","10/17/2019","81573","Terminated","ADM Alliance Nutrition, Inc.","PO Box C1","1000 N 30th St","Quincy","IL","	62301-3400","United States","Voluntary: Firm initiated","Letter","Distributed to customers in Minnesota, Nebraska, South Dakota, and Wyoming.","V-0114-2020","Class II","Flight Ready"" GAME BIRD CONDITIONER 80071AAH,  MEDICATED, Amprolium ... 0.0175%, ADM Animal Nutrition, a division of Archer Daniels Midland Company, Quincy, IL, packaged in bulk","N/A","Feeds may contain incorrect amounts or types of micro ingredients, including drug ingredients. Some feeds contain unlabeled drugs which when fed in the labeled manner could cause serious health consequences in animals.","11/14/2018","10/17/2019","10/17/2019","06/12/2019","Lot # 108414"
"Veterinary","No","10/17/2019","81573","Terminated","ADM Alliance Nutrition, Inc.","PO Box C1","1000 N 30th St","Quincy","IL","	62301-3400","United States","Voluntary: Firm initiated","Letter","Distributed to customers in Minnesota, Nebraska, South Dakota, and Wyoming.","V-0115-2020","Class II","INC BEEF G/F 35-15 R400,  MEDICATED, Monensin (as Monensin Sodium) ... 400 gms/ton,Manufactured For:  Independent Nutrition & Consulting, Inc. Norfolk, NE. 68701, packaged in bulk","N/A","Feeds may contain incorrect amounts or types of micro ingredients, including drug ingredients. Some feeds contain unlabeled drugs which when fed in the labeled manner could cause serious health consequences in animals.","11/14/2018","10/17/2019","10/17/2019","06/12/2019","Lot # 108393"
"Veterinary","No","10/17/2019","81573","Terminated","ADM Alliance Nutrition, Inc.","PO Box C1","1000 N 30th St","Quincy","IL","	62301-3400","United States","Voluntary: Firm initiated","Letter","Distributed to customers in Minnesota, Nebraska, South Dakota, and Wyoming.","V-0116-2020","Class II","CC GLUTEN BALANCER R350,  MEDICATED, Monensin (as Monensin Sodium) ... 350 gms/ton,Manufactured For:  Independent Nutrition & Consulting, Inc. Norfolk, NE. 68701, packaged in bulk","N/A","Feeds may contain incorrect amounts or types of micro ingredients, including drug ingredients. Some feeds contain unlabeled drugs which when fed in the labeled manner could cause serious health consequences in animals.","11/14/2018","10/17/2019","10/17/2019","06/12/2019","Lot # 107097, 107171, 107245, 107445, 107503, 107618, 107639, 107716, 107880, 107899, 107941, 108082, 108110, 108186, 108329, 109741"
"Veterinary","No","10/17/2019","81573","Terminated","ADM Alliance Nutrition, Inc.","PO Box C1","1000 N 30th St","Quincy","IL","	62301-3400","United States","Voluntary: Firm initiated","Letter","Distributed to customers in Minnesota, Nebraska, South Dakota, and Wyoming.","V-0117-2020","Class II","INC FEEDLOT FINISHER R500,  MEDICATED, Monensin (as Monensin Sodium) ... 500 g/ton,Manufactured For:  Independent Nutrition & Consulting, Inc. Norfolk, NE. 68701","N/A","Feeds may contain incorrect amounts or types of micro ingredients, including drug ingredients. Some feeds contain unlabeled drugs which when fed in the labeled manner could cause serious health consequences in animals.","11/14/2018","10/17/2019","10/17/2019","06/12/2019","Lot # 107582, 108391"
"Veterinary","No","10/17/2019","81573","Terminated","ADM Alliance Nutrition, Inc.","PO Box C1","1000 N 30th St","Quincy","IL","	62301-3400","United States","Voluntary: Firm initiated","Letter","Distributed to customers in Minnesota, Nebraska, South Dakota, and Wyoming.","V-0118-2020","Class II","INC CATTLE CONDITIONER 5-A-DAY AS 700,  MEDICATED, Chlortetracycline ... 140 g/ton, Sulfamethazine ... 140 g/ton, Manufactured For:  Independent Nutrition & Consulting, Inc. Norfolk, NE. 68701, packaged in bulk","N/A","Feeds may contain incorrect amounts or types of micro ingredients, including drug ingredients. Some feeds contain unlabeled drugs which when fed in the labeled manner could cause serious health consequences in animals.","11/14/2018","10/17/2019","10/17/2019","06/12/2019","Lot # 108498"
"Veterinary","No","10/17/2019","81573","Terminated","ADM Alliance Nutrition, Inc.","PO Box C1","1000 N 30th St","Quincy","IL","	62301-3400","United States","Voluntary: Firm initiated","Letter","Distributed to customers in Minnesota, Nebraska, South Dakota, and Wyoming.","V-0119-2020","Class II","INC CATTLE CONDITIONER 10-A-DAY Bovatec 100,  MEDICATED, Lasalosid... 100 g/ton, Manufactured For:  Independent Nutrition & Consulting, Inc. Norfolk, NE. 68701, packaged in bulk","N/A","Feeds may contain incorrect amounts or types of micro ingredients, including drug ingredients. Some feeds contain unlabeled drugs which when fed in the labeled manner could cause serious health consequences in animals.","11/14/2018","10/17/2019","10/17/2019","06/12/2019","Lot # 107580, 107706, 108314"
"Veterinary","No","10/17/2019","81573","Terminated","ADM Alliance Nutrition, Inc.","PO Box C1","1000 N 30th St","Quincy","IL","	62301-3400","United States","Voluntary: Firm initiated","Letter","Distributed to customers in Minnesota, Nebraska, South Dakota, and Wyoming.","V-0120-2020","Class II","INC 14% GRAZE-N-GROW CALF CREEP R60,  MEDICATED, Monensin... 60 gm/ton, Manufactured For:  Independent Nutrition & Consulting, Inc. Norfolk, NE. 68701, packaged in bulk","N/A","Feeds may contain incorrect amounts or types of micro ingredients, including drug ingredients. Some feeds contain unlabeled drugs which when fed in the labeled manner could cause serious health consequences in animals.","11/14/2018","10/17/2019","10/17/2019","06/12/2019","Lot # 108304"
"Veterinary","No","10/17/2019","81573","Terminated","ADM Alliance Nutrition, Inc.","PO Box C1","1000 N 30th St","Quincy","IL","	62301-3400","United States","Voluntary: Firm initiated","Letter","Distributed to customers in Minnesota, Nebraska, South Dakota, and Wyoming.","V-0121-2020","Class II","INC BEEF GROWER 35-15 R600,  MEDICATED, Monensin (as Monensin Sodium)... 600 g/ton, Manufactured For:  Independent Nutrition & Consulting, Inc. Norfolk, NE. 68701","N/A","Feeds may contain incorrect amounts or types of micro ingredients, including drug ingredients. Some feeds contain unlabeled drugs which when fed in the labeled manner could cause serious health consequences in animals.","11/14/2018","10/17/2019","10/17/2019","06/12/2019","Lot # 108108"
"Veterinary","No","10/17/2019","81573","Terminated","ADM Alliance Nutrition, Inc.","PO Box C1","1000 N 30th St","Quincy","IL","	62301-3400","United States","Voluntary: Firm initiated","Letter","Distributed to customers in Minnesota, Nebraska, South Dakota, and Wyoming.","V-0122-2020","Class II","German Grower Bal RU Thiamine D9245CDP,  MEDICATED, Monensin... (460 mg/lb)... 920 gm/ton, ADM Animal Nutrition, a division of Archer Daniels Midland Company, Quincy, IL 62305, packaged in bulk","N/A","Feeds may contain incorrect amounts or types of micro ingredients, including drug ingredients. Some feeds contain unlabeled drugs which when fed in the labeled manner could cause serious health consequences in animals.","11/14/2018","10/17/2019","10/17/2019","06/12/2019","Lot # 107220, 107628"
"Veterinary","No","10/17/2019","81573","Terminated","ADM Alliance Nutrition, Inc.","PO Box C1","1000 N 30th St","Quincy","IL","	62301-3400","United States","Voluntary: Firm initiated","Letter","Distributed to customers in Minnesota, Nebraska, South Dakota, and Wyoming.","V-0123-2020","Class II","Burr Feeds 40/15 FDLT Supp RU D9416CDB,  MEDICATED, Monensin... (250 mg/lb)... 500 gm/ton, ADM Animal Nutrition, a division of Archer Daniels Midland Company, Quincy, IL 62305 packaged in bulk","N/A","Feeds may contain incorrect amounts or types of micro ingredients, including drug ingredients. Some feeds contain unlabeled drugs which when fed in the labeled manner could cause serious health consequences in animals.","11/14/2018","10/17/2019","10/17/2019","06/12/2019","Lot # 107773"
"Veterinary","No","10/17/2019","81573","Terminated","ADM Alliance Nutrition, Inc.","PO Box C1","1000 N 30th St","Quincy","IL","	62301-3400","United States","Voluntary: Firm initiated","Letter","Distributed to customers in Minnesota, Nebraska, South Dakota, and Wyoming.","V-0124-2020","Class II","Diamond L Feedlot By-Product Mineral RU E5912CDB,  MEDICATED, Monensin... (250 mg/lb)... 500 gm/ton, ADM Animal Nutrition, a division of Archer Daniels Midland Company, Quincy, IL 62305 packaged in 50 lb bags","N/A","Feeds may contain incorrect amounts or types of micro ingredients, including drug ingredients. Some feeds contain unlabeled drugs which when fed in the labeled manner could cause serious health consequences in animals.","11/14/2018","10/17/2019","10/17/2019","06/12/2019","Lot # NE29818"
"Veterinary","No","10/17/2019","81573","Terminated","ADM Alliance Nutrition, Inc.","PO Box C1","1000 N 30th St","Quincy","IL","	62301-3400","United States","Voluntary: Firm initiated","Letter","Distributed to customers in Minnesota, Nebraska, South Dakota, and Wyoming.","V-0125-2020","Class II","INC FEEDLOT FINISHER B800 1.0 MGA,  MEDICATED, Lasalocid... 800 g/ton, Melengestrol Acetate... 1.0 mg/lb. Manufactured For: Independent Nutrition & Consulting, Inc.  Norfolk, NE. 68702, packaged in bulk","N/A","Feeds may contain incorrect amounts or types of micro ingredients, including drug ingredients. Some feeds contain unlabeled drugs which when fed in the labeled manner could cause serious health consequences in animals.","11/14/2018","10/17/2019","10/17/2019","06/12/2019","Lot # 107099, 107492, 108389"
"Veterinary","No","10/17/2019","81573","Terminated","ADM Alliance Nutrition, Inc.","PO Box C1","1000 N 30th St","Quincy","IL","	62301-3400","United States","Voluntary: Firm initiated","Letter","Distributed to customers in Minnesota, Nebraska, South Dakota, and Wyoming.","V-0126-2020","Class II","TMT Feedlot Base RU E7278CDJ,  MEDICATED, Monensin... (375 mg/lb)... 750 gms/ton, ADM Animal Nutrition, a division of Archer Daniels Midland Company, Quincy, IL 62305, packaged in bulk","N/A","Feeds may contain incorrect amounts or types of micro ingredients, including drug ingredients. Some feeds contain unlabeled drugs which when fed in the labeled manner could cause serious health consequences in animals.","11/14/2018","10/17/2019","10/17/2019","06/12/2019","Lot # 107326"
"Veterinary","No","10/17/2019","81573","Terminated","ADM Alliance Nutrition, Inc.","PO Box C1","1000 N 30th St","Quincy","IL","	62301-3400","United States","Voluntary: Firm initiated","Letter","Distributed to customers in Minnesota, Nebraska, South Dakota, and Wyoming.","V-0127-2020","Class II","Stevens Feedlot 47 Balancer RU 0.85 F0865GBN,  MEDICATED, Monensin... (335.3 mg/lb)... 670 gms/ton, ADM Animal Nutrition, a division of Archer Daniels Midland Company, Quincy, IL 62305, packaged in bulk","N/A","Feeds may contain incorrect amounts or types of micro ingredients, including drug ingredients. Some feeds contain unlabeled drugs which when fed in the labeled manner could cause serious health consequences in animals.","11/14/2018","10/17/2019","10/17/2019","06/12/2019","Lot # 108343"
"Veterinary","No","10/17/2019","81573","Terminated","ADM Alliance Nutrition, Inc.","PO Box C1","1000 N 30th St","Quincy","IL","	62301-3400","United States","Voluntary: Firm initiated","Letter","Distributed to customers in Minnesota, Nebraska, South Dakota, and Wyoming.","V-0128-2020","Class II","INC FEEDLOT FINISHER R600,  MEDICATED, Monensin (as Monensin Sodium)... 600 g/ton, Manufactured For:  Independent Nutrition & Consulting, Inc. Norfolk, NE. 68702, packaged in bulk","N/A","Feeds may contain incorrect amounts or types of micro ingredients, including drug ingredients. Some feeds contain unlabeled drugs which when fed in the labeled manner could cause serious health consequences in animals.","11/14/2018","10/17/2019","10/17/2019","06/12/2019","Lot # 107040, 107111, 107149, 107322, 107149, 107281, 107322, 107281, 107322, 107281, 107367, 107281, 107367, 107453, 107557, 107589, 107654, 107971, 108114, 108188, 108215, 108275, 108331"
"Veterinary","No","10/17/2019","81573","Terminated","ADM Alliance Nutrition, Inc.","PO Box C1","1000 N 30th St","Quincy","IL","	62301-3400","United States","Voluntary: Firm initiated","Letter","Distributed to customers in Minnesota, Nebraska, South Dakota, and Wyoming.","V-0129-2020","Class II","Lazy K FDLT Starter/Balncr DC F4353GFO,  MEDICATED, Decoquinate... (124.85 mg/lb)... 0.0275%, ADM Animal Nutrition, a division of Archer Daniels Midland Company, Quincy, IL 62305, packaged in bulk and in 50 lb bags.","N/A","Feeds may contain incorrect amounts or types of micro ingredients, including drug ingredients. Some feeds contain unlabeled drugs which when fed in the labeled manner could cause serious health consequences in animals.","11/14/2018","10/17/2019","10/17/2019","06/12/2019","Lot # 107083, 107222, 107511, 108368, NE30618"
"Veterinary","No","10/17/2019","81573","Terminated","ADM Alliance Nutrition, Inc.","PO Box C1","1000 N 30th St","Quincy","IL","	62301-3400","United States","Voluntary: Firm initiated","Letter","Distributed to customers in Minnesota, Nebraska, South Dakota, and Wyoming.","V-0131-2020","Class II","INC FEEDLOT FINISHER .8 MGA,  MEDICATED, Melengestrol Acetate... 0.8 mg/lb, Manufactured For:  Independent Nutrition & Consulting, Inc. Norfolk, NE. 68702, packaged in bulk","N/A","Feeds may contain incorrect amounts or types of micro ingredients, including drug ingredients. Some feeds contain unlabeled drugs which when fed in the labeled manner could cause serious health consequences in animals.","11/14/2018","10/17/2019","10/17/2019","06/12/2019","Lot # 107001, 107124, 107283, 107416, 107635, 107897, 107635, 107897, 108279, 108299, 108323"
"Veterinary","No","10/17/2019","81573","Terminated","ADM Alliance Nutrition, Inc.","PO Box C1","1000 N 30th St","Quincy","IL","	62301-3400","United States","Voluntary: Firm initiated","Letter","Distributed to customers in Minnesota, Nebraska, South Dakota, and Wyoming.","V-0132-2020","Class II","INC FEEDLOT FINISHER R1200,  MEDICATED, Monensin (as Monensin Sodium)... 1200 g/ton, Manufactured For:  Independent Nutrition & Consulting, Inc. Norfolk, NE. 68702, packaged in bulk","N/A","Feeds may contain incorrect amounts or types of micro ingredients, including drug ingredients. Some feeds contain unlabeled drugs which when fed in the labeled manner could cause serious health consequences in animals.","11/14/2018","10/17/2019","10/17/2019","06/12/2019","Lot # 107369, 107559, 107865, 107973, 107865, 107973, 108277, 108297, 108333, 108297, 108333"
"Veterinary","No","10/17/2019","81573","Terminated","ADM Alliance Nutrition, Inc.","PO Box C1","1000 N 30th St","Quincy","IL","	62301-3400","United States","Voluntary: Firm initiated","Letter","Distributed to customers in Minnesota, Nebraska, South Dakota, and Wyoming.","V-0133-2020","Class II","INC FEEDLOT FINISHER 1.0 MGA,  MEDICATED, Melengestrol Acetate... 1 mg/lb, Manufactured For:  Independent Nutrition & Consulting, Inc. Norfolk, NE. 68702, packaged in bulk","N/A","Feeds may contain incorrect amounts or types of micro ingredients, including drug ingredients. Some feeds contain unlabeled drugs which when fed in the labeled manner could cause serious health consequences in animals.","11/14/2018","10/17/2019","10/17/2019","06/12/2019","Lot # 107151, 107495"
"Veterinary","No","10/17/2019","81573","Terminated","ADM Alliance Nutrition, Inc.","PO Box C1","1000 N 30th St","Quincy","IL","	62301-3400","United States","Voluntary: Firm initiated","Letter","Distributed to customers in Minnesota, Nebraska, South Dakota, and Wyoming.","V-0134-2020","Class II","CC GLUTEN BALANCER B450 .25MGA,  MEDICATED, Lasalosid... 450 g/ton, Melengestrol Acetate... 0.25 mg/lb, Manufactured For: Independent Nutrition & Consulting, Inc. Norfolk, NE. 68702, packaged in bulk","N/A","Feeds may contain incorrect amounts or types of micro ingredients, including drug ingredients. Some feeds contain unlabeled drugs which when fed in the labeled manner could cause serious health consequences in animals.","11/14/2018","10/17/2019","10/17/2019","06/12/2019","Lot # 107155, 107254, 107756, 107254, 107756, 107933, 108399"
"Veterinary","No","10/17/2019","81573","Terminated","ADM Alliance Nutrition, Inc.","PO Box C1","1000 N 30th St","Quincy","IL","	62301-3400","United States","Voluntary: Firm initiated","Letter","Distributed to customers in Minnesota, Nebraska, South Dakota, and Wyoming.","V-0135-2020","Class II","INC FEEDLOT FINISHER Bov 650 .4 MGA,  MEDICATED, Lasalosid... 650 g/ton, Melengestrol Acetate... 0.4 mg/lb, Manufactured For: Independent Nutrition & Consulting, Inc. Norfolk, NE. 68702, packaged in bulk","N/A","Feeds may contain incorrect amounts or types of micro ingredients, including drug ingredients. Some feeds contain unlabeled drugs which when fed in the labeled manner could cause serious health consequences in animals.","11/14/2018","10/17/2019","10/17/2019","06/12/2019","Lot # 107173, 107587, 108387"
"Veterinary","No","10/17/2019","81573","Terminated","ADM Alliance Nutrition, Inc.","PO Box C1","1000 N 30th St","Quincy","IL","	62301-3400","United States","Voluntary: Firm initiated","Letter","Distributed to customers in Minnesota, Nebraska, South Dakota, and Wyoming.","V-0136-2020","Class II","INC FEEDLOT FINISHER R700, MEDICATED, Monensin (as Monensin Sodium)... 700 g/ton, Manufactured For: Independent Nutrition & Consulting, Inc. Norfolk, NE. 68702 packaged in bulk","N/A","Feeds may contain incorrect amounts or types of micro ingredients, including drug ingredients. Some feeds contain unlabeled drugs which when fed in the labeled manner could cause serious health consequences in animals.","11/14/2018","10/17/2019","10/17/2019","06/12/2019","Lot # 107414, 108067"
"Veterinary","No","10/17/2019","81573","Terminated","ADM Alliance Nutrition, Inc.","PO Box C1","1000 N 30th St","Quincy","IL","	62301-3400","United States","Voluntary: Firm initiated","Letter","Distributed to customers in Minnesota, Nebraska, South Dakota, and Wyoming.","V-0137-2020","Class II","INC FEEDLOT FINISHER R600 + Availa Zn, MEDICATED, Monensin (as Monensin Sodium)... 600 g/ton, Manufactured For: Independent Nutrition & Consulting, Inc. Norfolk, NE 68702 packaged in bulk","N/A","Feeds may contain incorrect amounts or types of micro ingredients, including drug ingredients. Some feeds contain unlabeled drugs which when fed in the labeled manner could cause serious health consequences in animals.","11/14/2018","10/17/2019","10/17/2019","06/12/2019","Lot # 107201, 107854, 108211, 108429, 108465"
"Veterinary","No","10/17/2019","81573","Terminated","ADM Alliance Nutrition, Inc.","PO Box C1","1000 N 30th St","Quincy","IL","	62301-3400","United States","Voluntary: Firm initiated","Letter","Distributed to customers in Minnesota, Nebraska, South Dakota, and Wyoming.","V-0138-2020","Class II","INC FEEDLOT FINISHER R700 + Availa Zn, MEDICATED, Monensin (as Monensin Sodium)... 700 g/ton, Manufactured For: Independent Nutrition & Consulting, Inc. Norfolk, NE 68702, packaged in bulk","N/A","Feeds may contain incorrect amounts or types of micro ingredients, including drug ingredients. Some feeds contain unlabeled drugs which when fed in the labeled manner could cause serious health consequences in animals.","11/14/2018","10/17/2019","10/17/2019","06/12/2019","Lot # 107147, 107499"
"Veterinary","No","10/17/2019","81573","Terminated","ADM Alliance Nutrition, Inc.","PO Box C1","1000 N 30th St","Quincy","IL","	62301-3400","United States","Voluntary: Firm initiated","Letter","Distributed to customers in Minnesota, Nebraska, South Dakota, and Wyoming.","V-0139-2020","Class II","INC FEEDLOT FINISHER R1200 + Availa Zn, MEDICATED, Monensin (as Monensin Sodium)... 1200 g/ton, Manufactured For: Independent Nutrition & Consulting, Inc. Norfolk, NE. 68702","N/A","Feeds may contain incorrect amounts or types of micro ingredients, including drug ingredients. Some feeds contain unlabeled drugs which when fed in the labeled manner could cause serious health consequences in animals.","11/14/2018","10/17/2019","10/17/2019","06/12/2019","Lot # NE29818"
"Veterinary","No","10/17/2019","81573","Terminated","ADM Alliance Nutrition, Inc.","PO Box C1","1000 N 30th St","Quincy","IL","	62301-3400","United States","Voluntary: Firm initiated","Letter","Distributed to customers in Minnesota, Nebraska, South Dakota, and Wyoming.","V-0140-2020","Class II","INC FEEDLOT FINISHER R1000 + Availa Zn, MEDICATED, Monensin (as Monensin Sodium)... 1000 g/ton, Manufactured For: Independent Nutrition & Consulting, Inc. Norfolk, NE. 68702, packaged in bulk","N/A","Feeds may contain incorrect amounts or types of micro ingredients, including drug ingredients. Some feeds contain unlabeled drugs which when fed in the labeled manner could cause serious health consequences in animals.","11/14/2018","10/17/2019","10/17/2019","06/12/2019","Lot # 107188, 108219"
"Veterinary","No","10/17/2019","81573","Terminated","ADM Alliance Nutrition, Inc.","PO Box C1","1000 N 30th St","Quincy","IL","	62301-3400","United States","Voluntary: Firm initiated","Letter","Distributed to customers in Minnesota, Nebraska, South Dakota, and Wyoming.","V-0141-2020","Class II","INC BEEF FINISHER 45-30 .8MGA, MEDICATED, Melengestrol Acetate... 0.8 Mg/lb, Manufactured For: Independent Nutrition & Consulting, Inc. Norfolk, NE. 68702, packaged in bulk","N/A","Feeds may contain incorrect amounts or types of micro ingredients, including drug ingredients. Some feeds contain unlabeled drugs which when fed in the labeled manner could cause serious health consequences in animals.","11/14/2018","10/17/2019","10/17/2019","06/12/2019","Lot # 107463"
"Veterinary","No","10/17/2019","81573","Terminated","ADM Alliance Nutrition, Inc.","PO Box C1","1000 N 30th St","Quincy","IL","	62301-3400","United States","Voluntary: Firm initiated","Letter","Distributed to customers in Minnesota, Nebraska, South Dakota, and Wyoming.","V-0142-2020","Class II","INC BEEF FINISHER 45-30 R1000 + Availa Zn, MEDICATED, Monensin (as Monensin Sodium)... 1000 g/tom, Manufactured For: Independent Nutrition & Consulting, Inc. Norfolk, NE. 68702, packaged in bulk","N/A","Feeds may contain incorrect amounts or types of micro ingredients, including drug ingredients. Some feeds contain unlabeled drugs which when fed in the labeled manner could cause serious health consequences in animals.","11/14/2018","10/17/2019","10/17/2019","06/12/2019","Lot # 107458"
"Veterinary","No","10/17/2019","81573","Terminated","ADM Alliance Nutrition, Inc.","PO Box C1","1000 N 30th St","Quincy","IL","	62301-3400","United States","Voluntary: Firm initiated","Letter","Distributed to customers in Minnesota, Nebraska, South Dakota, and Wyoming.","V-0145-2020","Class II","AG West Starter 6 CTC/SMZ G3757AWP, MEDICATED, Chlortetracycline... (58.5 mg/lb)... 117 gms/ton, Sulfamethazine... (58.5 mg/lb)... 0.0129%,  ADM Animal Nutrition, a division of Archer Daniels Midland Company, Quincy, IL 62305, packaged in bulk and 50 lb bags","N/A","Feeds may contain incorrect amounts or types of micro ingredients, including drug ingredients. Some feeds contain unlabeled drugs which when fed in the labeled manner could cause serious health consequences in animals.","11/14/2018","10/17/2019","10/17/2019","06/12/2019","Lot # 107809, NE29818"
"Veterinary","No","10/17/2019","81573","Terminated","ADM Alliance Nutrition, Inc.","PO Box C1","1000 N 30th St","Quincy","IL","	62301-3400","United States","Voluntary: Firm initiated","Letter","Distributed to customers in Minnesota, Nebraska, South Dakota, and Wyoming.","V-0146-2020","Class II","Williams Beef Balancer RU G4150CDV, MEDICATED, Monensin... (600 mg/lb)... 1200 gm/ton, ADM Animal Nutrition, a division of Archer Daniels Midland Company, Quincy, IL 62305, packaged in bulk","N/A","Feeds may contain incorrect amounts or types of micro ingredients, including drug ingredients. Some feeds contain unlabeled drugs which when fed in the labeled manner could cause serious health consequences in animals.","11/14/2018","10/17/2019","10/17/2019","06/12/2019","Lot # 107652"
"Veterinary","No","10/17/2019","81573","Terminated","ADM Alliance Nutrition, Inc.","PO Box C1","1000 N 30th St","Quincy","IL","	62301-3400","United States","Voluntary: Firm initiated","Letter","Distributed to customers in Minnesota, Nebraska, South Dakota, and Wyoming.","V-0147-2020","Class II","INC BEEF FINISHER 45-30 B500 .4MGA, MEDICATED, Lasalocid...  500 gm/ton, Melengestrol Acetate... 0.4 Mg/lb,Manufactured For: Independent Nutrition & Consulting, Inc. Norfolk, Ne. 68702, packaged in bulk","N/A","Feeds may contain incorrect amounts or types of micro ingredients, including drug ingredients. Some feeds contain unlabeled drugs which when fed in the labeled manner could cause serious health consequences in animals.","11/14/2018","10/17/2019","10/17/2019","06/12/2019","Lot # 1071007"
"Veterinary","No","10/17/2019","81573","Terminated","ADM Alliance Nutrition, Inc.","PO Box C1","1000 N 30th St","Quincy","IL","	62301-3400","United States","Voluntary: Firm initiated","Letter","Distributed to customers in Minnesota, Nebraska, South Dakota, and Wyoming.","V-0148-2020","Class II","INC BEEF FINISHER 45-30 B500, MEDICATED, Lasalocid...  500 gm/ton, Manufactured For: Independent Nutrition & Consulting, Inc. Norfolk, Ne. 68702, packaged in bulk","N/A","Feeds may contain incorrect amounts or types of micro ingredients, including drug ingredients. Some feeds contain unlabeled drugs which when fed in the labeled manner could cause serious health consequences in animals.","11/14/2018","10/17/2019","10/17/2019","06/12/2019","Lot # 107975"
"Veterinary","No","10/17/2019","81573","Terminated","ADM Alliance Nutrition, Inc.","PO Box C1","1000 N 30th St","Quincy","IL","	62301-3400","United States","Voluntary: Firm initiated","Letter","Distributed to customers in Minnesota, Nebraska, South Dakota, and Wyoming.","V-0149-2020","Class II","Augustin Beef Bal RU G4894CDD, MEDICATED, Monensin...(300 mg/lb)... 600 gm/ton, ADM Animal Nutrition, a division of Archer Daniels Midland Company, Quincy, IL 62305, packaged in bulk","N/A","Feeds may contain incorrect amounts or types of micro ingredients, including drug ingredients. Some feeds contain unlabeled drugs which when fed in the labeled manner could cause serious health consequences in animals.","11/14/2018","10/17/2019","10/17/2019","06/12/2019","Lot # 107036, 107882, 107373"
"Veterinary","No","10/17/2019","81573","Terminated","ADM Alliance Nutrition, Inc.","PO Box C1","1000 N 30th St","Quincy","IL","	62301-3400","United States","Voluntary: Firm initiated","Letter","Distributed to customers in Minnesota, Nebraska, South Dakota, and Wyoming.","V-0150-2020","Class II","Marc Beef Balancer RU G5498CDH, MEDICATED, Monensin...(350 mg/lb)... 700 gm/ton, ADM Animal Nutrition, a division of Archer Daniels Midland Company, Quincy, IL 62305, packaged in bulk","N/A","Feeds may contain incorrect amounts or types of micro ingredients, including drug ingredients. Some feeds contain unlabeled drugs which when fed in the labeled manner could cause serious health consequences in animals.","11/14/2018","10/17/2019","10/17/2019","06/12/2019","Lot # 107251, 107460, 107632, 107889, 108261"
"Veterinary","No","10/17/2019","81573","Terminated","ADM Alliance Nutrition, Inc.","PO Box C1","1000 N 30th St","Quincy","IL","	62301-3400","United States","Voluntary: Firm initiated","Letter","Distributed to customers in Minnesota, Nebraska, South Dakota, and Wyoming.","V-0151-2020","Class II","Marc Beef Balancer RU/TY G5498CJT, MEDICATED, Monensin...(350 mg/lb)... 700 gm/ton, Tylosin... (100 mg/lb)... 200 gm/ton, ADM Animal Nutrition, a division of Archer Daniels Midland Company, Quincy, IL 62305, packaged in bulk","N/A","Feeds may contain incorrect amounts or types of micro ingredients, including drug ingredients. Some feeds contain unlabeled drugs which when fed in the labeled manner could cause serious health consequences in animals.","11/14/2018","10/17/2019","10/17/2019","06/12/2019","Lot # 107891"
"Veterinary","No","10/17/2019","81573","Terminated","ADM Alliance Nutrition, Inc.","PO Box C1","1000 N 30th St","Quincy","IL","	62301-3400","United States","Voluntary: Firm initiated","Letter","Distributed to customers in Minnesota, Nebraska, South Dakota, and Wyoming.","V-0152-2020","Class II","INC CUSTOM FEEDLOT FINISHER R700 + ZinPro, MEDICATED, Monensin (as Monensin Sodium)... 700 gm/ton, Manufactured For: Independent Nutrition & Consulting, Inc. Norfolk, NE. 68702, packaged in bulk","N/A","Feeds may contain incorrect amounts or types of micro ingredients, including drug ingredients. Some feeds contain unlabeled drugs which when fed in the labeled manner could cause serious health consequences in animals.","11/14/2018","10/17/2019","10/17/2019","06/12/2019","Lot # 107122, 107406, 107819"
"Veterinary","No","10/17/2019","81573","Terminated","ADM Alliance Nutrition, Inc.","PO Box C1","1000 N 30th St","Quincy","IL","	62301-3400","United States","Voluntary: Firm initiated","Letter","Distributed to customers in Minnesota, Nebraska, South Dakota, and Wyoming.","V-0155-2020","Class II","Blase Beef Gainer RU G5941CDD, MEDICATED, Monensin... (300 mg/lb)... 600 gm/ton, ADM Animal Nutrition, a division of Archer Daniels Midland Company, Quincy, IL 62305, packaged of bulk","N/A","Feeds may contain incorrect amounts or types of micro ingredients, including drug ingredients. Some feeds contain unlabeled drugs which when fed in the labeled manner could cause serious health consequences in animals.","11/14/2018","10/17/2019","10/17/2019","06/12/2019","Lot # 107159, 107852, 108190"
"Veterinary","No","05/16/2019","80962","Terminated","King Bio Inc.","3 Westside Dr","N/A","Asheville","NC","	28806-2846","United States","Voluntary: Firm initiated","Press Release","Nationwide.","V-0167-2019","Class II","Natural Pet Pharmaceuticals Teeth & Gums Homeopathic Cat 4 fl oz (118 mL) NDC# 57955-4303-4 UPC357955430346 King Bio, Inc. FDA Reg. #1053442 3 Westside Dr. Asheville, NC 28806 USA","7006 bottles","Possible microbial contamination.","08/27/2018","05/16/2019","01/19/2022","05/15/2019","Lots: 012716A Exp. 01/19; 072716A Exp. 07/19; 060116D Exp. 06/19; 021717D Exp. 02/20"
"Veterinary","No","05/16/2019","80962","Terminated","King Bio Inc.","3 Westside Dr","N/A","Asheville","NC","	28806-2846","United States","Voluntary: Firm initiated","Press Release","Nationwide.","V-0169-2019","Class II","Dr. King's Natural Pet Pharmaceuticals Oral Health All Natural Cat Homeopathic 4 fl oz (118 mL) NDC# 57955-4310-4 UPC357955431046 King Bio, Inc. FDA Reg. #1053442 3 Westside Dr. Asheville, NC 28806 USA","1015 bottles","Possible microbial contamination.","08/27/2018","05/16/2019","01/19/2022","05/15/2019","Lot: 022318E Exp. 02/20"
"Veterinary","No","03/08/2019","82191","Terminated","PGG/HSC Feed Company, LLC","300 W Feedville Rd","N/A","Hermiston","OR","	97838-9573","United States","Voluntary: Firm initiated","Telephone","distributed in ID and WA","V-0111-2019","Class II","Start Right 18-30 MEC50 is a medicated pig feed, packaged in 50 lb. bag.  UPC 6 53341 43330 5.    The label is read in parts: ""***STAR RIGHT 18-30 MEC 50 ***MEDICATED** For Starting Swine***ACTIVE DRUG INGREDIENT Carbadox 50g/ton*** WARNING***Do not feed swine within 42 days of slaughter***CAUTION: Not for use in pregnant swine or swine intended for breeding purposes*** CHS Inc. Sioux Falls, SD 57107***"".","60/50 lbs. bags","Start Right 18-30 MEC50 medicated pig feed is recalled because Carbadox level is out of the specification.  The specification is 75%-125% but the lab analysis revealed Carbadox level is only at 69% of label claim.","02/15/2019","03/08/2019","04/16/2019","03/06/2019","352988102318m217870.        Code is interpreted as:  3529 product number.  88 plant code.  102318 date code.  M217870 is the specific lot."
"Veterinary","No","10/17/2019","82128","Terminated","ADM Alliance Nutrition, Inc.","PO Box C1","1000 N 30th St","Quincy","IL","	62301-3400","United States","Voluntary: Firm initiated","Two or more of the following: Email, Fax, Letter, Press Release, Telephone, Visit","TX, LA, MN, OK, NE, MO, NM, KS","V-0168-2020","Class II","ADM Animal Nutrition ADM Triplex Cattle Block 55119AAA65 packaged in a 33 1/3 pound block","377 blocks","Elevated levels of non-protein nitrogen (NPN).","02/11/2019","10/17/2019","11/01/2019","06/19/2019","Lot CT01619 and CT03019"
"Veterinary","No","10/17/2019","82128","Terminated","ADM Alliance Nutrition, Inc.","PO Box C1","1000 N 30th St","Quincy","IL","	62301-3400","United States","Voluntary: Firm initiated","Two or more of the following: Email, Fax, Letter, Press Release, Telephone, Visit","TX, LA, MN, OK, NE, MO, NM, KS","V-0179-2020","Class II","MoorMan's 646 Mineral BT/IGR 54646PHK Medicated packaged in 50 pound bags","119 bags","Elevated levels of non-protein nitrogen (NPN).","02/11/2019","10/17/2019","11/01/2019","06/19/2019","Lot CT03719"
"Veterinary","No","10/17/2019","82128","Terminated","ADM Alliance Nutrition, Inc.","PO Box C1","1000 N 30th St","Quincy","IL","	62301-3400","United States","Voluntary: Firm initiated","Two or more of the following: Email, Fax, Letter, Press Release, Telephone, Visit","TX, LA, MN, OK, NE, MO, NM, KS","V-0180-2020","Class II","MasterGain 20:2 Beef Mineral RU 54859CDV Medicated packaged in 50 pound bags","241 bags","Elevated levels of non-protein nitrogen (NPN).","02/11/2019","10/17/2019","11/01/2019","06/19/2019","Lot CT03719"
"Veterinary","No","10/17/2019","82128","Terminated","ADM Alliance Nutrition, Inc.","PO Box C1","1000 N 30th St","Quincy","IL","	62301-3400","United States","Voluntary: Firm initiated","Two or more of the following: Email, Fax, Letter, Press Release, Telephone, Visit","TX, LA, MN, OK, NE, MO, NM, KS","V-0181-2020","Class II","ADM Animal Nutrition AMPT-A RU/IGR 54229PIZ Medicated packaged in 50 pound bags","245 bags","Elevated levels of non-protein nitrogen (NPN).","02/11/2019","10/17/2019","11/01/2019","06/19/2019","Lot CT03719"
"Veterinary","No","10/17/2019","82128","Terminated","ADM Alliance Nutrition, Inc.","PO Box C1","1000 N 30th St","Quincy","IL","	62301-3400","United States","Voluntary: Firm initiated","Two or more of the following: Email, Fax, Letter, Press Release, Telephone, Visit","TX, LA, MN, OK, NE, MO, NM, KS","V-0182-2020","Class II","ADM Animal Nutrition MasterGain 20:2 Beef Mineral CTC/BT 54859MKR Medicated packaged in 50 pound bags","198 bags","Elevated levels of non-protein nitrogen (NPN).","02/11/2019","10/17/2019","11/01/2019","06/19/2019","Lot CT03719"
"Veterinary","No","10/17/2019","82128","Terminated","ADM Alliance Nutrition, Inc.","PO Box C1","1000 N 30th St","Quincy","IL","	62301-3400","United States","Voluntary: Firm initiated","Two or more of the following: Email, Fax, Letter, Press Release, Telephone, Visit","TX, LA, MN, OK, NE, MO, NM, KS","V-0183-2020","Class II","NP Stocker RU Medicated packaged in 50 pound bags","120 bags","Elevated levels of non-protein nitrogen (NPN).","02/11/2019","10/17/2019","11/01/2019","06/19/2019","Lot CT03719"
"Veterinary","No","10/17/2019","82128","Terminated","ADM Alliance Nutrition, Inc.","PO Box C1","1000 N 30th St","Quincy","IL","	62301-3400","United States","Voluntary: Firm initiated","Two or more of the following: Email, Fax, Letter, Press Release, Telephone, Visit","TX, LA, MN, OK, NE, MO, NM, KS","V-0186-2020","Class II","ADM Animal Nutrition MasterGain 20:2 Beef MIneral RU 54859CEE Medicated packaged in 50 pound bags","236 bags","Elevated levels of non-protein nitrogen (NPN).","02/11/2019","10/17/2019","11/01/2019","06/19/2019","Lot CT03919"
"Veterinary","No","10/17/2019","82128","Terminated","ADM Alliance Nutrition, Inc.","PO Box C1","1000 N 30th St","Quincy","IL","	62301-3400","United States","Voluntary: Firm initiated","Two or more of the following: Email, Fax, Letter, Press Release, Telephone, Visit","TX, LA, MN, OK, NE, MO, NM, KS","V-0187-2020","Class II","ADM Animal Nutrition AMPT-T RU/IGR 54232PIZ Medicated packaged in 50 pound bags","237 bags","Elevated levels of non-protein nitrogen (NPN).","02/11/2019","10/17/2019","11/01/2019","06/19/2019","Lot CT04019"
"Veterinary","No","10/17/2019","82128","Terminated","ADM Alliance Nutrition, Inc.","PO Box C1","1000 N 30th St","Quincy","IL","	62301-3400","United States","Voluntary: Firm initiated","Two or more of the following: Email, Fax, Letter, Press Release, Telephone, Visit","TX, LA, MN, OK, NE, MO, NM, KS","V-0188-2020","Class II","ADM Animal Nutrition AMPT-T CTC/IGR 54232XNA Medicated packaged in 50 pound bags","120 bags","Elevated levels of non-protein nitrogen (NPN).","02/11/2019","10/17/2019","11/01/2019","06/19/2019","Lot CT03919"
"Veterinary","No","10/17/2019","82128","Terminated","ADM Alliance Nutrition, Inc.","PO Box C1","1000 N 30th St","Quincy","IL","	62301-3400","United States","Voluntary: Firm initiated","Two or more of the following: Email, Fax, Letter, Press Release, Telephone, Visit","TX, LA, MN, OK, NE, MO, NM, KS","V-0189-2020","Class II","168XFE MoorMan's Special Range Minerals AU Type C Medicated Feed packaged in 50 pound bags","357 bags","Elevated levels of non-protein nitrogen (NPN).","02/11/2019","10/17/2019","11/01/2019","06/19/2019","Lot CT03919"
"Veterinary","No","07/22/2019","82482","Terminated","Nestle Purina PetCare Co","Attn Christopher S Cowell","Checkerboard Square","Saint Louis","MO","	63164-0001","United States","Voluntary: Firm initiated","Press Release","Distributed to customers in AZ, CA, CO, CT, FL, GA, IL, IN, KY, MA, MD, MI, MN, NJ, NV, OH, OR, PA, SC, TN, TX, VA, and WA","V-0218-2019","Class II","Muse by Purina Natural Chicken Recipe Plus Essential Nutrients in gravy Adult Cat Food in 3 oz (85 g) cans.","123,252 cans","Product is contaminated with foreign objects which are a potential choking hazard.","03/29/2019","07/22/2019","07/25/2019","07/31/2019","80941162 L1MX1"
"Veterinary","No","10/28/2019","83649","Terminated","Provimi North America Inc","10 Nutrition Way","N/A","Brookville","OH","	45309-8884","United States","Voluntary: Firm initiated","Telephone","Sent to one customer who further distributed to one customer.","V-0216-2020","Class II","Nuture D17 Pellet DEN/CTC medicated Tiamulin Hydrogen Fumarate 35 g/ton Chlortetracycline 400 g/ton manufactured by Provimi North America, Inc, Brookville, Ohio, net weight 50 lbs.","80 50-lb bags","Product had elevated levels of Manganese.","08/22/2019","10/28/2019","10/31/2019","10/23/2019","Lot/Batch number 5799265"
"Veterinary","No","10/28/2019","84041","Terminated","PGG/HSC Feed Company, LLC","300 W Feedville Rd","N/A","Hermiston","OR","	97838-9573","United States","Voluntary: Firm initiated","Telephone","distributed in OR and WA.","V-0217-2020","Class II","Boer Goat Developer R20, Medicated Feed, Bulk or 50 lbs. bags. UPC 7 48252 48510 6.    The product tag label is read in parts: ""***BOER GOAT DEVELOPER R20  MEDICATED***ACTIVE DRUG INGREDIENT Monensin (as monensin sodium)***20 g/ton***CHS Inc,  Sioux Falls, SD, 57107***"".","716/50 lbs. bags (including non-affected codes)","Boer Goat Developer R20 Medicated Feed is recalled because Rumensin (Monensin) was tested higher than expected level of 20g/ton.","10/11/2019","10/28/2019","11/12/2019","10/30/2019","5018 lot 88071219 m557550.    No expiration or best by date on tag.    5018 = product code  88 = plant code  071219 = date in mmdayr  m557550 is the batch number."
"Veterinary","No","11/07/2019","84104","Terminated","Cargill, Inc         Corporate Headquarters","15407 McGinty Rd W","N/A","Wayzata","MN","	55391-2365","United States","Voluntary: Firm initiated","Telephone","Product was shipped to North Carolina & South Carolina","V-0234-2020","Class II","SOUTHERN STATES¿ TRADITIONS POULTRY FEED CHICK START & GROW (AMP)(CN) 50 lb bag, MEDICATED MANUFACTURED BY CARGILL ANIMAL NUTRITION PO Box 5614 Minneapolis, Minnesota 55440","807/50 lb bags","The firm was notified by South Carolina Department of Agriculture that the product tested out of specification for Amprolium","09/25/2019","11/07/2019","09/25/2020","11/06/2019","Lot Code: N9192; Product Code: 523600"
"Veterinary","No","09/25/2020","85148","Terminated","Cargill, Inc         Corporate Headquarters","15407 McGinty Rd W","N/A","Wayzata","MN","	55391-2365","United States","Voluntary: Firm initiated","Letter","Product was shipped to the following states: FL, GA & SC.","V-0400-2020","Class II","Nutrena COUNTRY FEEDS CHICK STARTER GROWER 18% CRUMBLE MEDICATED (AMP) (VG) 50LB bags. NUTRENA PO Box 5614 Minneapolis, MN 55440 1.800.367.4894 UPC 7 22304 27582 2","218/50lb bags","The firm was notified by the South Carolina Department of Agriculture that the product was subpotent for Amprolium. The product should contain 113.5g/ton however lab results indicate the product only contains 82.2g/ton.","03/04/2020","03/20/2020","09/25/2020","03/18/2020","Lot Code: D9364 and D9361, Product Code: 95171_A"
"Veterinary","No","09/08/2020","85720","Terminated","Cargill, Inc         Corporate Headquarters","15407 McGinty Rd W","N/A","Wayzata","MN","	55391-2365","United States","Voluntary: Firm initiated","Two or more of the following: Email, Fax, Letter, Press Release, Telephone, Visit","ID, MT, OR, UT","V-0442-2020","Class II","Country Companion Chick Starter Crumbles (AMP)(GN) Medicated, product number 96192A, 50 lb. bag","438 bags","A sample analyzed by Montana Department of Agriculture found the product to be sub-potent. The results showed an amprolium content result of 0.0081%. The product specification is  0.0125%.","05/07/2020","05/27/2020","09/01/2021","05/27/2020","Lot number 3J00384108, product number 96192A, Expiration 5/8/2020"
"Veterinary","No","06/03/2020","85735","Terminated","PGG/HSC Feed Company, LLC dba  CHS Nutrition","300 W Feedville Rd","N/A","Hermiston","OR","	97838-9573","United States","Voluntary: Firm initiated","Two or more of the following: Email, Fax, Letter, Press Release, Telephone, Visit","distributed in Oregon.","V-0445-2020","Class II","Rumensin 4G/LB Pellet, Medicated, Dry pelleted feed supplement packaged in 50 lbs. white poly bags.    The product tag label is read in parts: ""***RUMENSIN 4G/LB PELLET *** ACTIVE DRUG INGREDIENT Monensin (as Monensin sodium) ***(8,000 g/ton) 4 g/lb ***INGREDIENTS: Processes Grain Byproducts, Calcium Carbonate, Grain Products *** FEEDING DIRECTIONS ***For use in manufacturing animal feeds only***Do not allow horses or other equines to formulation containing Monensin.  Ingestion of Monensin by horses has been fatal.  Monensin medicated cattle feeds are safe for use in cattle only*** Manufactured By: CHS Inc ***"".    ","80 bags (50 lb. per bag)","Sub-potency or out of specification assay.  Product label indicates 4 g/lb. (8000 g/ton) of Monensin but lab result indicates product contains 2.705 g/lb. (5410 g/ton).","05/21/2020","06/03/2020","07/01/2020","06/03/2020","6671HM M929980 04/17/20      The lot breaks down as follows:   6671 = Product code.  HM   = Plant code.  M929980 = Lot number.   04/17/20  = Date code."
"Veterinary","No","08/20/2020","86253","Terminated","Cargill, Inc         Corporate Headquarters","15407 McGinty Rd W","N/A","Wayzata","MN","	55391-2365","United States","Voluntary: Firm initiated","Letter","Product was distributed in South Carolina, Florida, North Carolina, and Georgia","V-0467-2020","Class II","Nutrena COUNTRY FEEDS CHICK STARTER GROWER 18% CRUMBLE MEDICATED (AMP)(VG)  50LB bag  Nutrena, P.O. Box 5614  Minneapolis, MN 55440    UPC 72230427582","1234/50LB Bags","A sample of Country Feeds Chick Starter Grower 18% Crumbles Medicated (AMP)(VG), taken by the South Carolina Department of Agriculture was subpotent for  Amprolium. The product is labeled for 113.5 g/ton of Amprolium; however,  analysis revealed 86.57 g/ton of the ingredient.","08/14/2020","08/20/2020","03/21/2022","08/26/2020","Lot Code: D0157  Product Code: 95171_A"
"Veterinary","No","12/04/2020","86851","Terminated","Cargill, Inc         Corporate Headquarters","15407 McGinty Rd W","N/A","Wayzata","MN","	55391-2365","United States","Voluntary: Firm initiated","Letter","All product was shipped to one customer in North Carolina","V-0033-2021","Class II","Producers PRIDE¿ 12% SWEET FEED TEXTURED (CN) For Horses, Cattle & Goats NET WT. 50 lb (22.67kg) bag Distributed by: Tractor Supply Company 5401 Virginia Way Brentwood, TN 37027 UPC 7 49394 95058 3","880/50lb bags","High level of aflatoxins","11/24/2020","12/04/2020","02/28/2025","12/02/2020","Product Code 93922, Lot Code N0295, Expiration date 1/19/2021"
"Veterinary","No","04/01/2022","86870","Terminated","Petsmart Inc","Attn: Intl Transportation Dept","19601 N 27th Ave","Phoenix","AZ","	85027-4008","United States","Voluntary: Firm initiated","Other","Nationwide.","V-0034-2021","Class II","Authority Savory Blends Chicken Formula Cat Food, Adult Ages 1-7, UPC 7 37257 83108 3.5 lb. bag, and UPC 7 37257 83107 7 lb. bag","12,984 bags","Product samples contain elevated levels of the mycotoxin Zearalenone.","11/11/2020","12/17/2020","04/01/2022","12/16/2020","All lot codes"
"Veterinary","No","12/17/2020","86870","Terminated","Petsmart Inc","Attn: Intl Transportation Dept","19601 N 27th Ave","Phoenix","AZ","	85027-4008","United States","Voluntary: Firm initiated","Other","Nationwide.","V-0035-2021","Class II","Authority Savory Blends Turkey Formula Cat Food, Adult Ages 1-7, UPC 7 37257 83105 3.5 lb. bag, and UPC 7 37257 85016 7 lb. bag","13,074 bags","Product samples contain elevated levels of the mycotoxin Zearalenone.","11/11/2020","12/17/2020","04/01/2022","12/16/2020","All lot codes"
"Veterinary","No","03/05/2021","87367","Terminated","Cargill, Inc         Corporate Headquarters","15407 McGinty Rd W","N/A","Wayzata","MN","	55391-2365","United States","Voluntary: Firm initiated","Two or more of the following: Email, Fax, Letter, Press Release, Telephone, Visit","IA, IL,WI","V-0057-2021","Class II","Theisens Prosper Chick Starter 18% (AMP) (MW) Medicated, Product Code 51800, Net Weight 55 lb. (24.95 kg)  UPC 22304-48202. Active Drug Ingredient:  Amprolium  0.0125% (113.5 grams/ton).   Manufactured for:  Theisen's, 6201 Chavenelle Road, Dubuque, IA  52002","11.16 tons","The feeds may be inadequately mixed due to an equipment failure.","02/15/2021","03/05/2021","05/18/2021","03/03/2021","Lot Code 4310370471"
"Veterinary","No","03/05/2021","87367","Terminated","Cargill, Inc         Corporate Headquarters","15407 McGinty Rd W","N/A","Wayzata","MN","	55391-2365","United States","Voluntary: Firm initiated","Two or more of the following: Email, Fax, Letter, Press Release, Telephone, Visit","IA, IL,WI","V-0059-2021","Class II","MP01181 Gre Lyn CU MON Medicated, Product Code 121508-L1.  Net Wt. 50 lbs. (22.68 kg) or Bulk.  Active Drug Ingredient   Monensin 59.46 g/T.   Custom Mix - Not for Resale or Redistribution.  Manufactured by:  Cargill Animal Nutrition, PO Box 5614, Minneapolis, MN  55440","4.08 Tons","The feeds may be inadequately mixed due to an equipment failure.","02/15/2021","03/05/2021","05/18/2021","03/03/2021","Lot Code 4310380479"
"Veterinary","No","03/05/2021","87367","Terminated","Cargill, Inc         Corporate Headquarters","15407 McGinty Rd W","N/A","Wayzata","MN","	55391-2365","United States","Voluntary: Firm initiated","Two or more of the following: Email, Fax, Letter, Press Release, Telephone, Visit","IA, IL,WI","V-0060-2021","Class II","ML02031 Gehring Dry Mix MON Medicated.  Product Code   121967-GH.  Active Ingredient   Monensin  175.09 g/T.  Net Wt. 50 lbs. (22.68 kg) or Bulk.  Manufactured by:  Cargill Animal Nutrition, PO Box 5614, Minneapolis, MN  55440","1.99 tons","The feeds may be inadequately mixed due to an equipment failure.","02/15/2021","03/05/2021","05/18/2021","03/03/2021","Lot Code 4310360456"
"Veterinary","No","03/05/2021","87367","Terminated","Cargill, Inc         Corporate Headquarters","15407 McGinty Rd W","N/A","Wayzata","MN","	55391-2365","United States","Voluntary: Firm initiated","Two or more of the following: Email, Fax, Letter, Press Release, Telephone, Visit","IA, IL,WI","V-0061-2021","Class II","ML02041 Gre Lyn LAC MON Medicated.  Product Code   122036-G8.  Active Ingredient   Monensin  116.32 g/T.  Net Wt. 50 lbs. (22.68 kg) or Bulk.  Manufactured by:  Cargill Animal Nutrition, PO Box 5614, Minneapolis, MN  55440","13.45 tons","The feeds may be inadequately mixed due to an equipment failure.","02/15/2021","03/05/2021","05/18/2021","03/03/2021","Lot Code 4310380491"
"Veterinary","No","03/05/2021","87367","Terminated","Cargill, Inc         Corporate Headquarters","15407 McGinty Rd W","N/A","Wayzata","MN","	55391-2365","United States","Voluntary: Firm initiated","Two or more of the following: Email, Fax, Letter, Press Release, Telephone, Visit","IA, IL,WI","V-0063-2021","Class II","ML12110 Redlin LAC MON.  Medicated.  Product Code   124000_R4.  Active Drug Ingredient  Monensin  47.39 g/T.   Net Wt. 50 lbs. (22.68 kg) or Bulk.  Manufactured by:  Cargill Animal Nutrition, PO Box 5614, Minneapolis, MN  55440","12.04 tons","The feeds may be inadequately mixed due to an equipment failure.","02/15/2021","03/05/2021","05/18/2021","03/03/2021","Lot Code 4310350443"
"Veterinary","No","03/05/2021","87367","Terminated","Cargill, Inc         Corporate Headquarters","15407 McGinty Rd W","N/A","Wayzata","MN","	55391-2365","United States","Voluntary: Firm initiated","Two or more of the following: Email, Fax, Letter, Press Release, Telephone, Visit","IA, IL,WI","V-0064-2021","Class II","ML01241 Goeller Fresh MON  Medicated.  Product Code   124000_GF.  Active Drug Ingredient  Monensin  72.38 g/T.   Net Wt. 50 lbs. (22.68 kg) or Bulk.  Manufactured by:  Cargill Animal Nutrition, PO Box 5614, Minneapolis, MN  55440","2 tons","The feeds may be inadequately mixed due to an equipment failure.","02/15/2021","03/05/2021","05/18/2021","03/03/2021","Lot Code 4310360444"
"Veterinary","No","03/05/2021","87367","Terminated","Cargill, Inc         Corporate Headquarters","15407 McGinty Rd W","N/A","Wayzata","MN","	55391-2365","United States","Voluntary: Firm initiated","Two or more of the following: Email, Fax, Letter, Press Release, Telephone, Visit","IA, IL,WI","V-0065-2021","Class II","ML12140 Redlin FR MON  Medicated.  Product Code   124000_R3.  Active Drug Ingredient  Monensin  72.84 g/T.   Net Wt. 50 lbs. (22.68 kg) or Bulk.  Manufactured by:  Cargill Animal Nutrition, PO Box 5614, Minneapolis, MN  55440","6.05 tons","The feeds may be inadequately mixed due to an equipment failure.","02/15/2021","03/05/2021","05/18/2021","03/03/2021","Lot Code 4310350445"
"Veterinary","No","03/05/2021","87367","Terminated","Cargill, Inc         Corporate Headquarters","15407 McGinty Rd W","N/A","Wayzata","MN","	55391-2365","United States","Voluntary: Firm initiated","Two or more of the following: Email, Fax, Letter, Press Release, Telephone, Visit","IA, IL,WI","V-0066-2021","Class II","Jack & Dicks Beef Grower (R200) (MW)  Medicated.  Product Code   124020-T6.  Active Drug Ingredient  Monensin  200 g/T.   UPC 22304-49177.  Net Wt. 50 lbs. (22.68 kg) or Bulk.  Cargill Animal Nutrition, PO Box 5614, Minneapolis, MN  55440","3.07 tons","The feeds may be inadequately mixed due to an equipment failure.","02/15/2021","03/05/2021","05/18/2021","03/03/2021","Lot Code 4310350438"
"Veterinary","No","03/05/2021","87367","Terminated","Cargill, Inc         Corporate Headquarters","15407 McGinty Rd W","N/A","Wayzata","MN","	55391-2365","United States","Voluntary: Firm initiated","Two or more of the following: Email, Fax, Letter, Press Release, Telephone, Visit","IA, IL,WI","V-0067-2021","Class II","Select Beef Premium Grower/Finisher (M400) (MW)  Medicated.  Product Code   128111-R4.  Active Drug Ingredient  Monensin  400 g/T.     Net Wt. 50 lbs. (22.67 kg) or Bulk.  Cargill Animal Nutrition, PO Box 5614, Minneapolis, MN  55440","2.08 ton","The feeds may be inadequately mixed due to an equipment failure.","02/15/2021","03/05/2021","05/18/2021","03/03/2021","Lot Code 4310410528"
"Veterinary","No","03/05/2021","87367","Terminated","Cargill, Inc         Corporate Headquarters","15407 McGinty Rd W","N/A","Wayzata","MN","	55391-2365","United States","Voluntary: Firm initiated","Two or more of the following: Email, Fax, Letter, Press Release, Telephone, Visit","IA, IL,WI","V-0068-2021","Class II","ML01051 Siegmann Fresh RUM  Medicated.  Product Code   140009_S5.  Active Drug Ingredient  Monensin  130.80 g/T.     Net Wt. 50 lbs. (22.68 kg) or Bulk.  Manufactured by:  Cargill Animal Nutrition, PO Box 5614, Minneapolis, MN  55440","2.99 tons","The feeds may be inadequately mixed due to an equipment failure.","02/15/2021","03/05/2021","05/18/2021","03/03/2021","Lot Code 4310360450"
"Veterinary","No","03/05/2021","87367","Terminated","Cargill, Inc         Corporate Headquarters","15407 McGinty Rd W","N/A","Wayzata","MN","	55391-2365","United States","Voluntary: Firm initiated","Two or more of the following: Email, Fax, Letter, Press Release, Telephone, Visit","IA, IL,WI","V-0071-2021","Class II","ML02041 Buchholz LAC MON.  Medicated.  Product Code   140098_B3.  Active Drug Ingredient  Monensin  63.29 g/T.   Net Wt. 50 lbs. (22.68 kg) or Bulk.  Manufactured by:  Cargill Animal Nutrition, PO Box 5614, Minneapolis, MN  55440","6 tons","The feeds may be inadequately mixed due to an equipment failure.","02/15/2021","03/05/2021","05/18/2021","03/03/2021","Lot Code 4310351451"
"Veterinary","No","03/05/2021","87367","Terminated","Cargill, Inc         Corporate Headquarters","15407 McGinty Rd W","N/A","Wayzata","MN","	55391-2365","United States","Voluntary: Firm initiated","Two or more of the following: Email, Fax, Letter, Press Release, Telephone, Visit","IA, IL,WI","V-0074-2021","Class II","ML01311 Meier LAC MON.  Medicated.  Product Code 140098_M6.  Active Drug Ingredient  Monensin  156.83 g/T.  Net Wt. 50 lbs. (22.68 kg) or Bulk.  Manufactured by:  Cargill Animal Nutrition, PO Box 5614, Minneapolis, MN  55440","3 tons","The feeds may be inadequately mixed due to an equipment failure.","02/15/2021","03/05/2021","05/18/2021","03/03/2021","Lot Code 4310360452"
"Veterinary","No","03/05/2021","87367","Terminated","Cargill, Inc         Corporate Headquarters","15407 McGinty Rd W","N/A","Wayzata","MN","	55391-2365","United States","Voluntary: Firm initiated","Two or more of the following: Email, Fax, Letter, Press Release, Telephone, Visit","IA, IL,WI","V-0075-2021","Class II","MP09150 Siegmann CU RUM.  Medicated.  Product Code 140209_S4.  Active Drug Ingredient  Monensin  72.68 g/T.  Net Wt. 50 lbs. (22.68 kg) or Bulk.  Manufactured by:  Cargill Animal Nutrition, PO Box 5614, Minneapolis, MN  55440","3.1 tons","The feeds may be inadequately mixed due to an equipment failure.","02/15/2021","03/05/2021","05/18/2021","03/03/2021","Lot Code 4310360449"
"Veterinary","No","03/05/2021","87367","Terminated","Cargill, Inc         Corporate Headquarters","15407 McGinty Rd W","N/A","Wayzata","MN","	55391-2365","United States","Voluntary: Firm initiated","Two or more of the following: Email, Fax, Letter, Press Release, Telephone, Visit","IA, IL,WI","V-0076-2021","Class II","ML03250 Ehlen CU RUM.  Medicated.  Product Code 140398_JE.  Active Drug Ingredient  Monensin  74.17 g/T.  Net Wt. 50 lbs. (22.68 kg) or Bulk.  Manufactured by:  Cargill Animal Nutrition, PO Box 5614, Minneapolis, MN  55440","2.02 tons","The feeds may be inadequately mixed due to an equipment failure.","02/15/2021","03/05/2021","05/18/2021","03/03/2021","Lot Code 4310390477"
"Veterinary","No","03/05/2021","87367","Terminated","Cargill, Inc         Corporate Headquarters","15407 McGinty Rd W","N/A","Wayzata","MN","	55391-2365","United States","Voluntary: Firm initiated","Two or more of the following: Email, Fax, Letter, Press Release, Telephone, Visit","IA, IL,WI","V-0077-2021","Class II","MN08279 SDB DRY RUM.  Medicated.  Product Code 140509_S1.  Active Drug Ingredient  Monensin  518.97 g/T.   Bulk.  Manufactured by:  Cargill Animal Nutrition, PO Box 5614, Minneapolis, MN  55440","2 tons","The feeds may be inadequately mixed due to an equipment failure.","02/15/2021","03/05/2021","05/18/2021","03/03/2021","Lot Code 4310400502"
"Veterinary","No","03/05/2021","87367","Terminated","Cargill, Inc         Corporate Headquarters","15407 McGinty Rd W","N/A","Wayzata","MN","	55391-2365","United States","Voluntary: Firm initiated","Two or more of the following: Email, Fax, Letter, Press Release, Telephone, Visit","IA, IL,WI","V-0079-2021","Class II","TX10189 Paramount 18% Strdvntdec (loose) Medicated.  Product Code 302104_D1.  Active Drug Ingredient  Decoquinate  18.20 g/T.  Net Weight 50 lb (22.66 kg) or bulk.  Manufactured by:   Cargill Animal Nutrition, PO Box 5614, Minneapolis, MN  55440","13.39 tons","The feeds may be inadequately mixed due to an equipment failure.","02/15/2021","03/05/2021","05/18/2021","03/03/2021","Lot Code 733863"
"Veterinary","No","03/05/2021","87367","Terminated","Cargill, Inc         Corporate Headquarters","15407 McGinty Rd W","N/A","Wayzata","MN","	55391-2365","United States","Voluntary: Firm initiated","Two or more of the following: Email, Fax, Letter, Press Release, Telephone, Visit","IA, IL,WI","V-0080-2021","Class II","HerdFirst Total Calf BOV TX (MW) Medicated  packaged in the following configurations:    1.  Net Weight Bulk 2.67 tons, Product Code 696233-B8, UPC 22304-48239    2.  Net Weight 50 lb (22.67 kg), Product Code 696333-B8, UPC 22304-48244,     Active Drug Ingredient  Lasalocid  91g/T.  Cargill Animal Nutrition, PO Box 5614, Minneapolis, MN  55440","8.4 tons","The feeds may be inadequately mixed due to an equipment failure.","02/15/2021","03/05/2021","05/18/2021","03/03/2021","Lot Code Bulk:  4310380481  Lot Code 50 lb Bag:  4310360461"
"Veterinary","No","03/05/2021","87367","Terminated","Cargill, Inc         Corporate Headquarters","15407 McGinty Rd W","N/A","Wayzata","MN","	55391-2365","United States","Voluntary: Firm initiated","Two or more of the following: Email, Fax, Letter, Press Release, Telephone, Visit","IA, IL,WI","V-0081-2021","Class II","HerdFirst Starter BOV TX (MW) Medicated  packaged in the following configurations:    1.  Net Weight Bulk 2.66 tons, Product Code 696223-B1, UPC 22304-48238    2.  Net Weight 50 lb (22.67 kg), Product Code 696323-B1, UPC 22304-48242,     Active Drug Ingredient  Lasalocid  91g/T.  Cargill Animal Nutrition, PO Box 5614, Minneapolis, MN  55440","10.18 tons","The feeds may be inadequately mixed due to an equipment failure.","02/15/2021","03/05/2021","05/18/2021","03/03/2021","Lot Code Bulk:  4310380468  Lot Code 50 lb Bag:  4310360459"
"Veterinary","No","03/05/2021","87367","Terminated","Cargill, Inc         Corporate Headquarters","15407 McGinty Rd W","N/A","Wayzata","MN","	55391-2365","United States","Voluntary: Firm initiated","Two or more of the following: Email, Fax, Letter, Press Release, Telephone, Visit","IA, IL,WI","V-0082-2021","Class II","HerdFirst Grower BOV TX (MW) Medicated, Product Code 696343-B6, Active Drug Ingredient  Lasalocid  80 grams/ton.  Net Weight 50 lb (22.67 kg), UPC 22304-48246,  Cargill Animal Nutrition, PO Box 5614, Minneapolis, MN  55440","3.82 tons","The feeds may be inadequately mixed due to an equipment failure.","02/15/2021","03/05/2021","05/18/2021","03/03/2021","Lot Code 4310360466"
"Veterinary","No","03/05/2021","87367","Terminated","Cargill, Inc         Corporate Headquarters","15407 McGinty Rd W","N/A","Wayzata","MN","	55391-2365","United States","Voluntary: Firm initiated","Two or more of the following: Email, Fax, Letter, Press Release, Telephone, Visit","IA, IL,WI","V-0083-2021","Class II","Nutrena DairyWay Calf Starter 18% textured (DQ) (MW) Medicated, Product Code 90090-D Active Drug Ingredient  Decoquinate  50 grams/ton.  UPC 22304-39917.  Net Weight 50 lb (22.67 kg).  Nutrena, PO Box 5614, Minneapolis, MN  55440.     ","21 tons","The feeds may be inadequately mixed due to an equipment failure.","02/15/2021","03/05/2021","05/18/2021","03/03/2021","Lot Code 4310360436"
"Veterinary","No","03/05/2021","87367","Terminated","Cargill, Inc         Corporate Headquarters","15407 McGinty Rd W","N/A","Wayzata","MN","	55391-2365","United States","Voluntary: Firm initiated","Two or more of the following: Email, Fax, Letter, Press Release, Telephone, Visit","IA, IL,WI","V-0084-2021","Class II","Nutrena DairyWay Starter 18% Textured (M50) (MW) Medicated, Product Code 90090-R Active Drug Ingredient  Monensin  50 grams/ton.  UPC 22304-39916.  Net Weight 50 lb (22.67 kg).  Nutrena, PO Box 5614, Minneapolis, MN  55440.     ","2.61 tons","The feeds may be inadequately mixed due to an equipment failure.","02/15/2021","03/05/2021","05/18/2021","03/03/2021","Lot Code 4310360458"
"Veterinary","No","03/05/2021","87367","Terminated","Cargill, Inc         Corporate Headquarters","15407 McGinty Rd W","N/A","Wayzata","MN","	55391-2365","United States","Voluntary: Firm initiated","Two or more of the following: Email, Fax, Letter, Press Release, Telephone, Visit","IA, IL,WI","V-0087-2021","Class II","ML01211 Leedle LAC MONtemp Medicated, Product Code 940098_LD.  Active Drug Ingredient   Monensin  132.88 g/T.  Net Weight 50 lbs (22.68 kg).  Manufactured by:  Cargill Animal Nutrition, PO Box 5614, Minneapolis, MN  55440.     ","10.98 tons","The feeds may be inadequately mixed due to an equipment failure.","02/15/2021","03/05/2021","05/18/2021","03/03/2021","Lot Code 4310360470"
"Veterinary","No","03/05/2021","87367","Terminated","Cargill, Inc         Corporate Headquarters","15407 McGinty Rd W","N/A","Wayzata","MN","	55391-2365","United States","Voluntary: Firm initiated","Two or more of the following: Email, Fax, Letter, Press Release, Telephone, Visit","IA, IL,WI","V-0088-2021","Class II","ML08190 Lenkaitis LAC RUMtemp Medicated, Product Code 940098_LK.  Active Drug Ingredient   Monensin  55.00 g/T.  Net Weight 50 lbs (22.68 kg) or Bulk.  Manufactured by:  Cargill Animal Nutrition, PO Box 5614, Minneapolis, MN  55440.     ","8.48 tons","The feeds may be inadequately mixed due to an equipment failure.","02/15/2021","03/05/2021","05/18/2021","03/03/2021","Lot Code 4310390503"
"Veterinary","No","04/27/2021","87708","Terminated","Dechra Veterinary Products Inc","7015 College Blvd Ste 525","N/A","Overland Park","KS","	66211-1551","United States","Voluntary: Firm initiated","Letter","MO, NY, OH, PA","V-0105-2021","Class II","MiconaHex+Triz Spray Conditioner Formulated for dogs, cats and horses Antimicrobial, antifungal, antibiofilm, moisturizing 8 fl. oz. (236 mL) NDC 17033-180-08 Barcode: MHTCW Manufactured for: Dechra Veterinary Products 7015 College Blvd., Overland Park, KS 66211 866.933.2472","7656 bottles","Microbial contamination of non-sterile product: high TPC results; yeasts and mold growth.","04/09/2021","04/27/2021","02/22/2022","04/28/2021","Lot: 21046B Exp. 02/23"
"Veterinary","No","06/24/2021","88063","Terminated","True Pet Food Project, Inc dba Smalls","49 Elizabeth St","Floor 4","New York","NY","	10013-4636","United States","Voluntary: Firm initiated","N/A","Nationwide","V-0133-2021","Class II","Smalls Cat Food - Ground Chicken Recipe- 11.05 oz.","N/A","Cat food has off odor and color","06/09/2021","06/24/2021","05/19/2022","06/23/2021","21098, 21109"
"Veterinary","No","06/24/2021","88063","Terminated","True Pet Food Project, Inc dba Smalls","49 Elizabeth St","Floor 4","New York","NY","	10013-4636","United States","Voluntary: Firm initiated","N/A","Nationwide","V-0134-2021","Class II","Smalls Cat Food -Pate Chicken Recipe  - 11.05 oz.","N/A","Cat food has off odor and color","06/09/2021","06/24/2021","05/19/2022","06/23/2021","21136"
"Veterinary","No","06/24/2021","88063","Terminated","True Pet Food Project, Inc dba Smalls","49 Elizabeth St","Floor 4","New York","NY","	10013-4636","United States","Voluntary: Firm initiated","N/A","Nationwide","V-0135-2021","Class II","Smalls Cat Food -Ground Turkey Recipe  - 11.05 oz.","N/A","Cat food has off odor and color","06/09/2021","06/24/2021","05/19/2022","06/23/2021","21113"
"Veterinary","No","06/24/2021","88063","Terminated","True Pet Food Project, Inc dba Smalls","49 Elizabeth St","Floor 4","New York","NY","	10013-4636","United States","Voluntary: Firm initiated","N/A","Nationwide","V-0136-2021","Class II","Smalls Cat Food -Pate Turkey Recipe  - 11.05 oz.","N/A","Cat food has off odor and color","06/09/2021","06/24/2021","05/19/2022","06/23/2021","21110, 21132"
"Veterinary","No","07/20/2021","88230","Terminated","First Priority, Inc.","1590 Todd Farm Dr","N/A","Elgin","IL","	60123-1287","United States","Voluntary: Firm initiated","E-Mail","MO","V-0145-2021","Class II","Ivermectin (ivermectin topical solution), POUR-ON for Cattle, 5 mg per mL, NET Contents: 250 mL (8.5 fl oz), Manufactured for: Durvet Inc., Blue Springs, Missouri 64014.  NDC: 30798-927-13, ANADA 200-340","2904 bottles","Text is missing from the onsert label.","03/01/2021","07/19/2021","09/11/2023","07/21/2021","Lot J12M"
"Veterinary","No","12/16/2021","89105","Terminated","Livia Global","7202 W Pershing Ct","N/A","Visalia","CA","	93291-7909","United States","Voluntary: Firm initiated","Letter","Nationwide","V-0045-2022","Class II","BioLifePet Liquid Probiotics for Cats Organic, Gluten Free, Plant Based 4 oz. (120 ml) UPC: 0 30915 10704 4 Recommended use: Small Cats (3-15 lbs.) 3-7 drops per day; Large cats (16-100 pls.) 7-30 drops per day. Add to daily liquid, food or directly in mouth  Bottles and Distributed by: Livia Global, Inc. Visalia, CA 93291 www.liviaglobal.com  Ingredients: Proprietary Blend of plant-based probiotics in an enzyme enriched substrate: Lactobacillus-Acidophilus, L. Rhamnosus, L. Casei, L-Plantarum, Bifidobacterium-Bifidum, B-Infantis, B-Longum.  Made with water and a proprietary blend of three organic grasses.","128  x 4 oz. bottles","Probiotic products contaminated with Pseudomonas aeruginosa","12/01/2021","12/16/2021","04/29/2022","12/15/2021","Lot #001005-1, Best by 4/2023"
"Veterinary","No","08/03/2022","90404","Terminated","Wedgewood Village Pharmacy, LLC","405 Heron Dr Ste 200","N/A","Swedesboro","NJ","	08085-1749","United States","Voluntary: Firm initiated","N/A","to be entered.","V-0209-2022","Class II","Unmedicated 0mg/ml Oral Suspension 30ml Bottle UNMEDISUS0006VC Unmedicated 0mg/ml Oral Suspension 100ml Bottle UNMEDISUS0014VC  packaged in amber plastic bottles  Wedgewood Pharmacy 800.331.8272 ","5 bottles","Insanitary conditions.","07/05/2022","08/03/2022","04/22/2024","08/03/2022","000-03703650  07/16/2022 000-03596505  06/05/2022 000-03867933  09/14/2022 000-03885112  09/20/2022 000-03906611  09/28/2022 000-03677794  06/10/2022"
"Veterinary","No","01/09/2023","91393","Terminated","Wegmans Food Markets, Inc.","1500 Brooks Ave","N/A","Rochester","NY","	14624-3512","United States","Voluntary: Firm initiated","Two or more of the following: Email, Fax, Letter, Press Release, Telephone, Visit","MA, NY, PA, NJ, VA, Washington DC, DE, NC, MD","V-0024-2023","Class II","Wegmans Organic Farm & Orchard Cat Grass","N/A","Product may be contaminated with Salmonella.","12/22/2022","01/08/2023","03/28/2023","01/11/2023","UPC 77890-50938 Sold since: 10/25/22"
"Veterinary","No","06/16/2023","92467","Ongoing","Huvepharma Inc.","3360 Maury Ave","N/A","Saint Louis","MO","	63116-2029","United States","Voluntary: Firm initiated","Letter","IA, IL","V-0127-2023","Class II","Monovet 90 (monensin Type A medicated article) For Animal Feed Only, Net Weight: 25 kg (55.12 lb), distributed by: Huvepharma Inc., Peachtree City, GA 30269.  NDC 23243-0064-5; ANADA 200-639","160 bags","Missing lot numbers and expiration dates.","05/25/2023","06/16/2023","N/A","06/21/2023","Lot: VSB119"
"Veterinary","No","07/19/2023","92631","Terminated","Boehringer Ingelheim Animal Health USA Inc","3239 Satellite Blvd","N/A","Duluth","GA","	30096-4640","United States","Voluntary: Firm initiated","Letter","Nationwide.","V-0149-2023","Class II","Semintra (telmisartan oral solution) 10 mg/mL For oral use in cats only Angiotensin II Receptor Blocker 35 mL NDC 0010-4492-01 UPC 0 12313 44921 6 Marketed by: Boehringer Ingelheim Animal Health USA Inc. Duluth, GA 30096","13,242 bottles","Out of specification for pH and precipitation formation.","06/30/2023","07/19/2023","08/23/2024","07/19/2023","Batches: D49253 Exp. Sept. 2023, D67319 Exp. Sept. 2023"
"Veterinary","No","08/21/2023","92716","Terminated","Ozona Organics LLC","3001 I10 East","N/A","Ozona","TX","	76943","United States","Voluntary: Firm initiated","Two or more of the following: Email, Fax, Letter, Press Release, Telephone, Visit","Nationwide","V-0154-2023","Class II","OZONA ORGANICS PROBIOTICS FOR DOGS Net Wt. 4 ounces OZONA ORGANICS PROBIOTICS FOR CATS Net Wt. 4 ounces OZONA ORGANICS EQUINE BEYOND PROBIOTICS METABOLITES Net Wt. 128 ounces OZONA ORGANICS SWINE PROBIOTICS Net Wt. 128 ounces","25,076 bottles","Acidified food product without an approved scheduled process.","07/14/2023","08/21/2023","04/10/2024","08/16/2023","No Code"
"Veterinary","No","11/20/2023","93325","Terminated","Cargill, Inc         Corporate Headquarters","15407 McGinty Rd W","N/A","Wayzata","MN","	55391-2365","United States","Voluntary: Firm initiated","Two or more of the following: Email, Fax, Letter, Press Release, Telephone, Visit","SD","V-0017-2024","Class II","ML09143 R170.86 w/SBM Medicated","24,073 pounds","Elevated monensin","10/30/2023","11/20/2023","01/22/2024","11/15/2023","Lot Number: 7732840073"
"Veterinary","No","11/28/2023","93397","Ongoing","Nova Biomedical Corporation","200 Prospect St","N/A","Waltham","MA","	02453-3407","United States","Voluntary: Firm initiated","Letter","Nationwide Foreign: Belgium Brazil Canada Chile France Germany Hong Kong Italy Romania Spain Thailand UK United Arab Emerites ","V-0024-2024","Class II","Nova Biomedical Prime Plus Vet Analyzer, Model:  57808  Nova Biomedical Prime Plus Vet Analyzer, Remanufactured  Model 59422 with Prime Plus VET Software Release V1.17.1129.0, V3.2.1129.0, V1.50.1129.0.  Indicated for use by veterinary healthcare professionals for quantitative determination of pH, Partial Pressure of Carbon Dioxide, Partial Pressure of Oxygen, Hematocrit, Sodium, Potassium, Chloride, Ionized Calcium, Ionized Magnesium, Glucose, Lactate, Creatinine, Blood Urea Nitrogen, Oxygen Saturation, Total Hemoglobin, Fetal Hemoglobin, Oxyhemoglobin, Carboxyhemoglobin, Methemoglobin, Deoxyhemoglobin, and Total Bilirubin in heparinized arterial, venous, and capillary animal whole blood specimens","215 units","Potential risk of reporting erroneous creatinine results associated with the initial start-up of a new BUN/Creatinine Sensor Cartridge. The potential risk is within the first 2-4 hours after cartridge installation that may not be identified by traditional Quality Control practices","09/13/2023","11/28/2023","N/A","11/22/2023","Serial Numbers: US: PP2118040C PP2118060C PP2119010C PP2119020C PP2119070C PP2120020C PP21220030C PP21220070C PP21220090C PP2218040C PP2218070C PP2218140C PP22220010C PP22230020C PP22230040C PP22230060C PP22230090C PP22230110C PP2318020C PP2318030C PP23230010C PP23230020C PP23230030C PP23230040C PP2418040C PP2419010C PP2419020C PP2419030C PP2519020C PP2519030C PP2619010C PP2619030C PP2619060C PP26200010C PP26200030C PP26220020C PP26220040C PP26220090C PP2718020C PP2718050C PP2719050C PP2719060C PP2719070C PP2719080C PP2719090C PP2719100C PP2719110C PP2719120C PP2719130C PP2719140C PP2719170C PP27200010C PP27200030C PP27200040C PP27200060C PP27220010C PP27220020C PP27220030C PP2818010C PP2818050C PP2818090C PP2819010C PP2819030C PP2819100C PP28210030C PP28220010C PP28220020C PP28220040C PP2917010C PP2918010C PP2918040C PP2918070C PP2919030C PP2919040C PP29220030C PP29220050C PP29220060C PP29220070C PP2A17010C PP2A17030C PP2A17040C PP2A17050C PP2A18040C PP2A18050C  PP2A18070C PP2A210010C PP2A210020C PP2A210030C PP2B17030C PP2B17040C PP2B17190C PP2B17430C PP2B210010C PP2B210020C PP2B220010C PP2B220020C PP2B220030C PP2B220040C PP2B220050C PP2B220060C PP2B220070C PP2B220080C PP2C17010C PP2C17020C PP2C17060C PP2C210030C PP2C210040C PP2C210050C PP2C220010C  Serial Numbers OUS: Serial Number PP15230030C PP2118051C PP2119030C PP2119040C PP2119050C PP21210010C PP21210020C PP21220010C PP21220020C PP21220040C PP21220050C PP21220060C PP21220080C PP2218100C PP2218110C PP2219020C PP2219031C PP2219050C PP2219060C PP2219100C PP2219110C PP22230050C PP22230070C PP22230080C PP2318010C PP2318060C PP2318070C PP2318100C PP2319010C PP2319020C PP23220010C PP2417150C PP2417150C PP2418010C PP2418030C PP2517090C PP2517090C PP2517120C PP2517120C PP2517210C PP2517210C PP2519010C PP2619050C PP26220010C PP26220030C PP26220060C PP26220070C PP26220080C PP2718030C PP2719010C PP2719020C PP2719150C PP27200020C PP27200050C PP27210010C PP27210020C PP27210030C PP27210040C PP27210050C PP27210060C PP2817020C PP2818020C PP2818020C  PP2818030C PP2818040C PP2819020C PP2819020C PP2819040C PP2819090C PP2819140C PP2819170C PP2819190C PP28200020C PP28210010C PP28210020C PP28210040C PP28220030C PP2918030C PP2918060C PP2918080C PP2918090C PP2918100C PP2918110C PP2919040C PP29200050C PP29200060C PP29210010C PP29220010C PP29220020C PP29220040C PP29220080C PP2A18080C PP2A210040C PP2A210050C PP2B17020C PP2B17020C PP2B17050C PP2B17180C PP2B17180C PP2B17450C PP2B17450C PP2B17460C PP2C17050C PP2C210010C PP2C210020C PP2C210060C"
"Veterinary","No","05/10/2024","94503","Terminated","MFA Inc","201 Ray Young Dr","N/A","Columbia","MO","	65201-3568","United States","Voluntary: Firm initiated","Two or more of the following: Email, Fax, Letter, Press Release, Telephone, Visit","MO","V-0053-2024","Class II","CS 700 2G Crumbles, Medicated. 50lb bag","38 bags (1900 lbs)","Feed is subpotent for Chlortetracycline and Sulfamethazine.","04/24/2024","05/10/2024","05/17/2024","05/15/2024","Lot Number: 466891"
"Veterinary","No","05/10/2024","94503","Terminated","MFA Inc","201 Ray Young Dr","N/A","Columbia","MO","	65201-3568","United States","Voluntary: Firm initiated","Two or more of the following: Email, Fax, Letter, Press Release, Telephone, Visit","MO","V-0054-2024","Class II","MFA Cattle Charge CS700 2X Pellet, Medicated, Net Wt 50lb or Bulk Pellet.","7.36 ton","Feed is subpotent for Chlortetracycline and Sulfamethazine.","04/24/2024","05/10/2024","05/17/2024","05/15/2024","50lb bag lots: 469392, 472042 Bulk Lot: 470148"
"Veterinary","No","05/10/2024","94503","Terminated","MFA Inc","201 Ray Young Dr","N/A","Columbia","MO","	65201-3568","United States","Voluntary: Firm initiated","Two or more of the following: Email, Fax, Letter, Press Release, Telephone, Visit","MO","V-0055-2024","Class II","MFA Cattle Charge CS700 Pellet, Medicated. 50lb bag or bulk","81.96 ton","Feed is subpotent for Chlortetracycline and Sulfamethazine.","04/24/2024","05/10/2024","05/17/2024","05/15/2024","50lb bag lots: 466902, 467955, 471279, 468560 Bulk Lots: 466928, 467463, 468398, 470551, 472014, 467399, 469311"
"Veterinary","No","05/10/2024","94503","Terminated","MFA Inc","201 Ray Young Dr","N/A","Columbia","MO","	65201-3568","United States","Voluntary: Firm initiated","Two or more of the following: Email, Fax, Letter, Press Release, Telephone, Visit","MO","V-0056-2024","Class II","Trendsetter Developer CS700 Pellet, Medicated, bulk","48.29 ton","Feed is subpotent for Chlortetracycline and Sulfamethazine.","04/24/2024","05/10/2024","05/17/2024","05/15/2024","Lot numbers: 467584, 469570"
"Veterinary","No","05/31/2024","94652","Terminated","Chr Hansen, Inc.","9015 W Maple St","N/A","Milwaukee","WI","	53214-4213","United States","Voluntary: Firm initiated","E-Mail","CO, IA, ID, IN, KS, MN, MO, NJ, VT, WI Outside the US:  Canada","V-0112-2024","Class II","Chr Hansen Bovamine Dairy (2K), 500 g pouch.  Living Probiotic.  Item number 715261.  UPC 0 78631-15261 0.   A viable microbial product for Dairy Cattle.  Contains a source of live (viable), naturally occurring microorganisms.    Net Weight 500g (17.64 oz). Manufactured by Chr. Hanson, Inc., 9015 West Maple Street, Milwaukee, WI  53214.","N/A","Potential Salmonella contamination.","05/10/2024","05/31/2024","11/26/2024","06/05/2024","Lot # 3732857"
"Veterinary","No","05/31/2024","94652","Terminated","Chr Hansen, Inc.","9015 W Maple St","N/A","Milwaukee","WI","	53214-4213","United States","Voluntary: Firm initiated","E-Mail","CO, IA, ID, IN, KS, MN, MO, NJ, VT, WI Outside the US:  Canada","V-0113-2024","Class II","Chr Hansen Bovamine Dairy Blender Mix (1T) 12.6 kg bucket.  Item number 715251 A viable microbial product for Dairy Cattle.  Contains a source of live (viable), naturally occurring microorganisms.","6 units","Potential Salmonella contamination.","05/10/2024","05/31/2024","11/26/2024","06/05/2024","Lot # 3731679"
"Veterinary","No","05/31/2024","94652","Terminated","Chr Hansen, Inc.","9015 W Maple St","N/A","Milwaukee","WI","	53214-4213","United States","Voluntary: Firm initiated","E-Mail","CO, IA, ID, IN, KS, MN, MO, NJ, VT, WI Outside the US:  Canada","V-0114-2024","Class II","Chr Hansen Bovamine Beef 12.6 kg bucket.  Item number 715260.  UPC 0 78631-15260 3.  Direct Fed Microbial Additive for Feedlot Cattle. A viable microbial product for Dairy Cattle.  Contains a source of live (viable), naturally occurring microorganisms.    Net Weight:  500g (17.64 oz).  Manufactured by:  Chr. Hansen, Inc., 9015 West Maple Street, Milwaukee, WI  53214.","1080 units","Potential Salmonella contamination.","05/10/2024","05/31/2024","11/26/2024","06/05/2024","Lot # 3732859"
"Veterinary","No","05/31/2024","94652","Terminated","Chr Hansen, Inc.","9015 W Maple St","N/A","Milwaukee","WI","	53214-4213","United States","Voluntary: Firm initiated","E-Mail","CO, IA, ID, IN, KS, MN, MO, NJ, VT, WI Outside the US:  Canada","V-0115-2024","Class II","Chr Hansen Bovamine Phoenix Probac 40 lb. bag.  Item number 717124.  Viable microbial product for Dairy Cattle.  Contains a source of live (viable), naturally occurring microorganisms, hydrolyzed yeast and Aspergillus oryzae fermentation product.    Net Weight:  40 Pounds (18.14 kg).  Manufactured by:  Chr. Hansen, Inc., 9015 West Maple Street, Milwaukee, WI  53214.","467 units","Potential Salmonella contamination.","05/10/2024","05/31/2024","11/26/2024","06/05/2024","Lot #s:  3723872, 3723873, 3723874, 3723876."
"Veterinary","No","05/31/2024","94652","Terminated","Chr Hansen, Inc.","9015 W Maple St","N/A","Milwaukee","WI","	53214-4213","United States","Voluntary: Firm initiated","E-Mail","CO, IA, ID, IN, KS, MN, MO, NJ, VT, WI Outside the US:  Canada","V-0116-2024","Class II","Chr Hansen Bovamine Defend 1 lb. pouch.  Item number 717164.  Probiotic Feed Additive for Beef Cattle.  Contains a source of live (viable), naturally occurring microorganisms.    Net Weight:  1 lb (453.6g).  Manufactured by:  Chr. Hansen, Inc., 9015 West Maple Street, Milwaukee, WI  53214.","160 units","Potential Salmonella contamination.","05/10/2024","05/31/2024","11/26/2024","06/05/2024","Lot #  3729268."
"Veterinary","No","05/31/2024","94652","Terminated","Chr Hansen, Inc.","9015 W Maple St","N/A","Milwaukee","WI","	53214-4213","United States","Voluntary: Firm initiated","E-Mail","CO, IA, ID, IN, KS, MN, MO, NJ, VT, WI Outside the US:  Canada","V-0117-2024","Class II","Chr Hansen Bovamine Defend 600 gram pouch.  Item number 717250.  UPC 0 78631-17250 2.   Viable Microbial Product for Feedlot Cattle. For improving weight gain and feed efficiency.    Net Weight:  600 grams (21.16 oz).  Manufactured by:  Chr. Hansen, Inc., 9015 West Maple Street, Milwaukee, WI  53214.","810 units","Potential Salmonella contamination.","05/10/2024","05/31/2024","11/26/2024","06/05/2024","Lot #s:  3729264, 3729265, 3734216."
"Veterinary","No","05/31/2024","94652","Terminated","Chr Hansen, Inc.","9015 W Maple St","N/A","Milwaukee","WI","	53214-4213","United States","Voluntary: Firm initiated","E-Mail","CO, IA, ID, IN, KS, MN, MO, NJ, VT, WI Outside the US:  Canada","V-0119-2024","Class II","Chr Hansen Bovamine Dairy Plus 2K Dose,  500 g pouch Item number 718704.  UPC  78631-18704.   Viable Microbial product for dairy cattle.  Contains a source of live (viable), naturally occurring microorganisms.  Net Weight: 500g (17.64 oz).  Manufactured by:  Chr. Hansen, Inc., 9015 West Maple Street, Milwaukee, WI  53214.","200 units","Potential Salmonella contamination.","05/10/2024","05/31/2024","11/26/2024","06/05/2024","Lot # 3732861"
"Veterinary","No","05/31/2024","94652","Terminated","Chr Hansen, Inc.","9015 W Maple St","N/A","Milwaukee","WI","	53214-4213","United States","Voluntary: Firm initiated","E-Mail","CO, IA, ID, IN, KS, MN, MO, NJ, VT, WI Outside the US:  Canada","V-0120-2024","Class II","Chr Hansen Bovamine Dairy Bolus,  20 g pouch Item number 720028.     Viable Microbial product for dairy cattle.  Contains a source of live (viable), naturally occurring microorganisms.  Net Weight: 20g (0.7 oz).  Manufactured by:  Chr. Hansen, Inc., 9015 West Maple Street, Milwaukee, WI  53214.","12 units","Potential Salmonella contamination.","05/10/2024","05/31/2024","11/26/2024","06/05/2024","Lot # 3735064"
"Veterinary","No","05/31/2024","94652","Terminated","Chr Hansen, Inc.","9015 W Maple St","N/A","Milwaukee","WI","	53214-4213","United States","Voluntary: Firm initiated","E-Mail","CO, IA, ID, IN, KS, MN, MO, NJ, VT, WI Outside the US:  Canada","V-0121-2024","Class II","Chr Hansen Bovamine Defend Plus,  500 g pouch Item number 723545.     Direct Fed Microbial Feed Additive for Feedlot Cattle.  Contains a source of live (viable), naturally occurring microorganisms.  Net Weight: 500g (17.64 oz).  Manufactured by:  Chr. Hansen, Inc., 9015 West Maple Street, Milwaukee, WI  53214.","2840 units","Potential Salmonella contamination.","05/10/2024","05/31/2024","11/26/2024","06/05/2024","Lot # 3732869"
"Veterinary","No","07/02/2024","94362","Ongoing","Viva Raw","500 Valley Forge Rd","N/A","Hillsborough","NC","	27278-9502","United States","Voluntary: Firm initiated","Other","Product was shipped to distributors in the following states: CA, NC & NJ.","V-0126-2024","Class II","VIVA for cats turkey net wt. 1lb (454g) Distributed by Viva Raw, 500 Valley Forge Rd, Hillsborough, NC 27278","896/2/1lb units","After an inspection by the FDA, the firm was notified that their products test positive for Listeria monocytogenes.","06/12/2024","07/02/2024","N/A","07/10/2024","Lot #21244"
"Veterinary","No","07/02/2024","94362","Ongoing","Viva Raw","500 Valley Forge Rd","N/A","Hillsborough","NC","	27278-9502","United States","Voluntary: Firm initiated","Other","Product was shipped to distributors in the following states: CA, NC & NJ.","V-0130-2024","Class II","VIVA PURE turkey for cats & dogs net wt. 1lb (454g) Viva Raw, 500 Valley Forge Rd, Hillsborough, NC 27278","368/2/1lb units","After an inspection by the FDA, the firm was notified that their products test positive for Listeria monocytogenes.","06/12/2024","07/02/2024","N/A","07/10/2024","Lot #21244"
"Veterinary","No","08/15/2024","95076","Terminated","Predator Pet, Inc.","2521 Folex Way","N/A","Spring Valley","CA","	91978-2038","United States","Voluntary: Firm initiated","Letter","Product shipped to 3 distributors, who further distributed to 7 retailers in total. CO, IL, NE, TX","V-0134-2024","Class II","Savage Cat Food Rabbit + Lamb Raw, RTE","8 cases (6 boxes/case) and 1 case (18 boxes/case)","Product tested positive for L. mono.","05/27/2022","08/15/2024","08/15/2024","08/21/2024","030324"
"Veterinary","No","10/08/2024","95136","Terminated","Vita Plus Corporation","1508 W Badger Rd","N/A","Madison","WI","	53713-2308","United States","Voluntary: Firm initiated","E-Mail","MI, MN, WI","V-0006-2025","Class II","TNI Beef Cow Mineral-RUM/DBZ Medicated.  For Mature Reproducing Cows.  Item 076279.  Net Weight 50 lb (22.6 kg).  Active Drug Ingredient Monensin 1,601 g/ton and Diflubenzuron 508.74 g/ton.  Vita Plus Corporation, Madison, WI  53713.","40 bags","Feed may contain excessive minerals.","08/07/2024","10/07/2024","01/22/2025","08/21/2024","Lot Code:  J000330074"
"Veterinary","No","02/19/2026","98309","Ongoing","Stratford Care USA, Inc.","4027 Tampa Rd Ste 3200","N/A","Oldsmar","FL","	34677-3221","United States","Voluntary: Firm initiated","Two or more of the following: Email, Fax, Letter, Press Release, Telephone, Visit","US Nationwide, including PR and Israel.","V-0063-2026","Class II","Animal Medical Clinic, Keto-C Wipes, Ketoconazole 2% Chlorhexidine 1%, For Dogs & Cats, 50 wipes, Manufactured for: Stratford Animal Care, 4027 Tampa Road, Oldsmar, FL 34677 877-498-2002 "" www.stratfordrx.com, www.Animal-Medical-Clinic.com 4020 South Babcock St. | Melbourne, Florida 32901, UPC 1 69682 51004 4.   ","N/A","The product labeled as medicated wipes was found to contain a non-medicated otic flush due to a product mix-up that occurred at the manufacturing level. As a result, the product is misbranded and does not contain the labeled active ingredient.","01/27/2026","02/19/2026","N/A","02/11/2026","Lot # 251086, Exp Date: 03/2027"
"Veterinary","No","02/19/2026","98309","Ongoing","Stratford Care USA, Inc.","4027 Tampa Rd Ste 3200","N/A","Oldsmar","FL","	34677-3221","United States","Voluntary: Firm initiated","Two or more of the following: Email, Fax, Letter, Press Release, Telephone, Visit","US Nationwide, including PR and Israel.","V-0064-2026","Class II","Curaseb, Chlorhexidine Antiseptic Pads, for dogs & cats, 50 Pads, Anti-Fungal, Anti-Bacterial, Anti-Yeast, Manufactured for: Bexley Labs, Los Angeles, CA, Tel: 888.935.4512, www.curaseb.com   ","N/A","The product labeled as medicated wipes was found to contain a non-medicated otic flush due to a product mix-up that occurred at the manufacturing level. As a result, the product is misbranded and does not contain the labeled active ingredient.","01/27/2026","02/19/2026","N/A","02/11/2026","Lot # 251086, Exp Date: 03/2027"
"Veterinary","No","02/19/2026","98309","Ongoing","Stratford Care USA, Inc.","4027 Tampa Rd Ste 3200","N/A","Oldsmar","FL","	34677-3221","United States","Voluntary: Firm initiated","Two or more of the following: Email, Fax, Letter, Press Release, Telephone, Visit","US Nationwide, including PR and Israel.","V-0065-2026","Class II","Boca Village Animal Hospital, Chlorhexidine 2%, Ketoconazole 1%, Antiseptic Wipes, 50 ct, For Dogs & Cats, Distributed by: Stratford Animal Care, 4027 Tampa Road, Oldsmar, FL 34677, 877-498-2002, www.stratfordrx.com","N/A","The product labeled as medicated wipes was found to contain a non-medicated otic flush due to a product mix-up that occurred at the manufacturing level. As a result, the product is misbranded and does not contain the labeled active ingredient.","01/27/2026","02/19/2026","N/A","02/11/2026","Lot # 251086, Exp Date: 03/2027"
"Veterinary","No","02/19/2026","98309","Ongoing","Stratford Care USA, Inc.","4027 Tampa Rd Ste 3200","N/A","Oldsmar","FL","	34677-3221","United States","Voluntary: Firm initiated","Two or more of the following: Email, Fax, Letter, Press Release, Telephone, Visit","US Nationwide, including PR and Israel.","V-0067-2026","Class II","Deer Park Animal Hospital, Keto-C Wipes, Formulated for Dogs, Cats, & Horses, 50 Wipes, Manufactured for: Stratford Animal Care, Odessa, FL 33556, 877-498-2002, www.stratfordrx.com","N/A","The product labeled as medicated wipes was found to contain a non-medicated otic flush due to a product mix-up that occurred at the manufacturing level. As a result, the product is misbranded and does not contain the labeled active ingredient.","01/27/2026","02/19/2026","N/A","02/11/2026","Lot # 251086, Exp Date: 03/2027"
"Veterinary","No","02/19/2026","98309","Ongoing","Stratford Care USA, Inc.","4027 Tampa Rd Ste 3200","N/A","Oldsmar","FL","	34677-3221","United States","Voluntary: Firm initiated","Two or more of the following: Email, Fax, Letter, Press Release, Telephone, Visit","US Nationwide, including PR and Israel.","V-0068-2026","Class II","Duke Animal Clinic, Medicated Ketoconazole & Chlorhexidine Wipes, For Dogs, Cats, & Horses, 50 Wipes- Cucumber Melon Scent, Duke Animal Clinic 1962 Schillinger Road South, Mobile, Alabama 36695.","N/A","The product labeled as medicated wipes was found to contain a non-medicated otic flush due to a product mix-up that occurred at the manufacturing level. As a result, the product is misbranded and does not contain the labeled active ingredient.","01/27/2026","02/19/2026","N/A","02/11/2026","Lot # 251086, Exp Date: 03/2027"
"Veterinary","No","02/19/2026","98309","Ongoing","Stratford Care USA, Inc.","4027 Tampa Rd Ste 3200","N/A","Oldsmar","FL","	34677-3221","United States","Voluntary: Firm initiated","Two or more of the following: Email, Fax, Letter, Press Release, Telephone, Visit","US Nationwide, including PR and Israel.","V-0069-2026","Class II","Eco Deco Pet Hospital, Keto-C Wipes, Net Contents: 50 Wipes, For Dogs & Cats, Manufactured for: Stratford Animal Care, 4027 Tampa Road, Oldsmar, FL 33556, Eco Deco Pet Hospital, 1539 Alton Road, Miami Beach, FL 33139.","N/A","The product labeled as medicated wipes was found to contain a non-medicated otic flush due to a product mix-up that occurred at the manufacturing level. As a result, the product is misbranded and does not contain the labeled active ingredient.","01/27/2026","02/19/2026","N/A","02/11/2026","Lot # 251086, Exp Date: 03/2027"
"Veterinary","No","02/19/2026","98309","Ongoing","Stratford Care USA, Inc.","4027 Tampa Rd Ste 3200","N/A","Oldsmar","FL","	34677-3221","United States","Voluntary: Firm initiated","Two or more of the following: Email, Fax, Letter, Press Release, Telephone, Visit","US Nationwide, including PR and Israel.","V-0070-2026","Class II","Emancipet, Ketoconazole & Chlorhexidine wipes, For Dogs & Cats, 50 Wipes, 1-866-441-9248, www.emancipet.org","N/A","The product labeled as medicated wipes was found to contain a non-medicated otic flush due to a product mix-up that occurred at the manufacturing level. As a result, the product is misbranded and does not contain the labeled active ingredient.","01/27/2026","02/19/2026","N/A","02/11/2026","Lot # 251086, Exp Date: 03/2027"
"Veterinary","No","02/19/2026","98309","Ongoing","Stratford Care USA, Inc.","4027 Tampa Rd Ste 3200","N/A","Oldsmar","FL","	34677-3221","United States","Voluntary: Firm initiated","Two or more of the following: Email, Fax, Letter, Press Release, Telephone, Visit","US Nationwide, including PR and Israel.","V-0071-2026","Class II","ChloraSeb, Antiseptic Wipes, Chlorhexidine 2% Ketoconazole 1%, With Soothing Aloe Vera, 50 Pledget Wipes, For Dogs & Cats, Distributed by: PHS Pet Health Solutions, 34485 7th St., Union City, CA 94587, pethealthsolutions.com, UPC 8 14087 00590 8.","N/A","The product labeled as medicated wipes was found to contain a non-medicated otic flush due to a product mix-up that occurred at the manufacturing level. As a result, the product is misbranded and does not contain the labeled active ingredient.","01/27/2026","02/19/2026","N/A","02/11/2026","Lot # 251086, Exp Date: 03/2027"
"Veterinary","No","02/19/2026","98309","Ongoing","Stratford Care USA, Inc.","4027 Tampa Rd Ste 3200","N/A","Oldsmar","FL","	34677-3221","United States","Voluntary: Firm initiated","Two or more of the following: Email, Fax, Letter, Press Release, Telephone, Visit","US Nationwide, including PR and Israel.","V-0072-2026","Class II","Island Animal Hospital, Keto-C Wipes, For Dogs, Cats, & Horses, Antiseptic Wipes, Chlorhexidine 2%, Ketoconazole 1%, 50ct Wipes, Visit: Island Animal Hospital at Viera, 5485 Lorkey Lane, Melbourne, FL 32940, Stratford Animal Care, 4027 Tampa Road, Oldsmar, FL 34677.","N/A","The product labeled as medicated wipes was found to contain a non-medicated otic flush due to a product mix-up that occurred at the manufacturing level. As a result, the product is misbranded and does not contain the labeled active ingredient.","01/27/2026","02/19/2026","N/A","02/11/2026","Lot # 251086, Exp Date: 03/2027"
"Veterinary","No","02/19/2026","98309","Ongoing","Stratford Care USA, Inc.","4027 Tampa Rd Ste 3200","N/A","Oldsmar","FL","	34677-3221","United States","Voluntary: Firm initiated","Two or more of the following: Email, Fax, Letter, Press Release, Telephone, Visit","US Nationwide, including PR and Israel.","V-0073-2026","Class II","King's Crossing Animal Hospital, Keto-C Wipes, 50 Wipes, Formulate for Dogs, Cats & Horses, For Veterinary Use Only, King s Crossing Animal Hospital, 7607 NC Hwy 68 N Suite E Oak Ridge, NC 27310, 336-644-7606, Manufactured for:  Stratford Animal Care, 4027 Tampa Road, Oldsmar, FL 34677.","N/A","The product labeled as medicated wipes was found to contain a non-medicated otic flush due to a product mix-up that occurred at the manufacturing level. As a result, the product is misbranded and does not contain the labeled active ingredient.","01/27/2026","02/19/2026","N/A","02/11/2026","Lot # 251086, Exp Date: 03/2027"
"Veterinary","No","02/19/2026","98309","Ongoing","Stratford Care USA, Inc.","4027 Tampa Rd Ste 3200","N/A","Oldsmar","FL","	34677-3221","United States","Voluntary: Firm initiated","Two or more of the following: Email, Fax, Letter, Press Release, Telephone, Visit","US Nationwide, including PR and Israel.","V-0074-2026","Class II","Lake Forest Animal Clinic, KC Medicated, Chlorhexidine 2%, Ketoconazole 1%, 50 Wipes, For Dogs, Cats & Horses, Distributed by: Stratford Animal Care, 4027 Tampa Road, Oldsmar, FL 34677.","N/A","The product labeled as medicated wipes was found to contain a non-medicated otic flush due to a product mix-up that occurred at the manufacturing level. As a result, the product is misbranded and does not contain the labeled active ingredient.","01/27/2026","02/19/2026","N/A","02/11/2026","Lot # 251086, Exp Date: 03/2027"
"Veterinary","No","02/19/2026","98309","Ongoing","Stratford Care USA, Inc.","4027 Tampa Rd Ste 3200","N/A","Oldsmar","FL","	34677-3221","United States","Voluntary: Firm initiated","Two or more of the following: Email, Fax, Letter, Press Release, Telephone, Visit","US Nationwide, including PR and Israel.","V-0075-2026","Class II","Lake Oconee Animal Hospital, Keto-C Wipes, 50 Wipes, For Dogs, Cats & Horses, For Veterinary Use Only, Lake Oconee Animal Hospital, 613 Old Phoenix Road, Eatonton, Georgia 31024, Distributed by: Stratford Animal Care, 4027 Tampa Road, Oldsmar, FL 34677.","N/A","The product labeled as medicated wipes was found to contain a non-medicated otic flush due to a product mix-up that occurred at the manufacturing level. As a result, the product is misbranded and does not contain the labeled active ingredient.","01/27/2026","02/19/2026","N/A","02/11/2026","Lot # 251086, Exp Date: 03/2027"
"Veterinary","No","02/19/2026","98309","Ongoing","Stratford Care USA, Inc.","4027 Tampa Rd Ste 3200","N/A","Oldsmar","FL","	34677-3221","United States","Voluntary: Firm initiated","Two or more of the following: Email, Fax, Letter, Press Release, Telephone, Visit","US Nationwide, including PR and Israel.","V-0076-2026","Class II","Mills Animal Hospital, Ketoconazole & Chlorhexidine Wipes, 50 Wipes, Cucumber Melon, For Dogs & Cats, Mills Animal Hospital, 4514 N. Cobb Pkwy NW, Suite 112, Acworth, GA 30101, 415 Villa Rica Way SW, Marietta, GA 30064, Distributed by: Stratford Animal Care, 4027 Tampa Road, Oldsmar, FL 34677.","N/A","The product labeled as medicated wipes was found to contain a non-medicated otic flush due to a product mix-up that occurred at the manufacturing level. As a result, the product is misbranded and does not contain the labeled active ingredient.","01/27/2026","02/19/2026","N/A","02/11/2026","Lot # 251086, Exp Date: 03/2027"
"Veterinary","No","02/19/2026","98309","Ongoing","Stratford Care USA, Inc.","4027 Tampa Rd Ste 3200","N/A","Oldsmar","FL","	34677-3221","United States","Voluntary: Firm initiated","Two or more of the following: Email, Fax, Letter, Press Release, Telephone, Visit","US Nationwide, including PR and Israel.","V-0078-2026","Class II","VetOne, KetoHex, Wipes, Chlorhexidine & Ketoconazole, Net Contents: 50 Wipes, Cucumber Melon, Antiseptic cleansing pads for use on dogs, cats, and horses, Distributed by: MWI, Boise, ID 83705, UPC 3 86136 01650 5, NDC 86136-016-50. ","N/A","The product labeled as medicated wipes was found to contain a non-medicated otic flush due to a product mix-up that occurred at the manufacturing level. As a result, the product is misbranded and does not contain the labeled active ingredient.","01/27/2026","02/19/2026","N/A","02/11/2026","Lot # 251086, Exp Date: 03/2027"
"Veterinary","No","02/19/2026","98309","Ongoing","Stratford Care USA, Inc.","4027 Tampa Rd Ste 3200","N/A","Oldsmar","FL","	34677-3221","United States","Voluntary: Firm initiated","Two or more of the following: Email, Fax, Letter, Press Release, Telephone, Visit","US Nationwide, including PR and Israel.","V-0079-2026","Class II","Noah's Animal Hospital, Keto-C Wipes, 50 Wipes, For Dogs, Cats & Horses, Manufactured for: Stratford Animal Care, 4027 Tampa Road, 4027 Tampa Road, Oldsmar, FL 34667.","N/A","The product labeled as medicated wipes was found to contain a non-medicated otic flush due to a product mix-up that occurred at the manufacturing level. As a result, the product is misbranded and does not contain the labeled active ingredient.","01/27/2026","02/19/2026","N/A","02/11/2026","Lot # 251086, Exp Date: 03/2027"
"Veterinary","No","02/19/2026","98309","Ongoing","Stratford Care USA, Inc.","4027 Tampa Rd Ste 3200","N/A","Oldsmar","FL","	34677-3221","United States","Voluntary: Firm initiated","Two or more of the following: Email, Fax, Letter, Press Release, Telephone, Visit","US Nationwide, including PR and Israel.","V-0081-2026","Class II","Old Shell Animal Hospital, Keto-C Antiseptic Wipes, 50 Wipes, For Dogs Cats, Distributed By: Stratford Animal Care, 4027 Tampa Road, Oldsmar, FL 34677, Old Shell Road Small Animal Hospital, 2658 Old Shell Road, Mobile, AL 36607.","N/A","The product labeled as medicated wipes was found to contain a non-medicated otic flush due to a product mix-up that occurred at the manufacturing level. As a result, the product is misbranded and does not contain the labeled active ingredient.","01/27/2026","02/19/2026","N/A","02/11/2026","Lot # 251086, Exp Date: 03/2027"
"Veterinary","No","02/19/2026","98309","Ongoing","Stratford Care USA, Inc.","4027 Tampa Rd Ste 3200","N/A","Oldsmar","FL","	34677-3221","United States","Voluntary: Firm initiated","Two or more of the following: Email, Fax, Letter, Press Release, Telephone, Visit","US Nationwide, including PR and Israel.","V-0082-2026","Class II","Oxford Animal Hospital, Ketoconazole & Chlorhexidine Wipes, 50 Wipes, Chlorhexidine 2% & Ketoconazole 1%, Made for Dogs, Cats & Horses, Oxford Animal Hospital, 3935 County Road 201, Oxford, FL 34484. ","N/A","The product labeled as medicated wipes was found to contain a non-medicated otic flush due to a product mix-up that occurred at the manufacturing level. As a result, the product is misbranded and does not contain the labeled active ingredient.","01/27/2026","02/19/2026","N/A","02/11/2026","Lot # 251086, Exp Date: 03/2027"
"Veterinary","No","02/19/2026","98309","Ongoing","Stratford Care USA, Inc.","4027 Tampa Rd Ste 3200","N/A","Oldsmar","FL","	34677-3221","United States","Voluntary: Firm initiated","Two or more of the following: Email, Fax, Letter, Press Release, Telephone, Visit","US Nationwide, including PR and Israel.","V-0083-2026","Class II","Pamlico Animal Hospital, Ketoconazole & Chlorhexidine, Antiseptic Wipes, 50 Wipes, For Dogs & Cats, Manufactured for: Pamlico Animal Hospital, 3005 John Small Ave., Washington, NC 27889.","N/A","The product labeled as medicated wipes was found to contain a non-medicated otic flush due to a product mix-up that occurred at the manufacturing level. As a result, the product is misbranded and does not contain the labeled active ingredient.","01/27/2026","02/19/2026","N/A","02/11/2026","Lot # 251086, Exp Date: 03/2027"
"Veterinary","No","02/19/2026","98309","Ongoing","Stratford Care USA, Inc.","4027 Tampa Rd Ste 3200","N/A","Oldsmar","FL","	34677-3221","United States","Voluntary: Firm initiated","Two or more of the following: Email, Fax, Letter, Press Release, Telephone, Visit","US Nationwide, including PR and Israel.","V-0084-2026","Class II","Pet Wellness Clinics, Keto-C Wipes, Formulated for Dogs, Cats & Horses, For Veterinary Use Only, 50 Wipes, Pet Wellness Clinics, 317-516-5921, www.PetWellnessClinics.com, Manufactured for: Stratford Animal Care, 4027 Tampa Road Suite 3200 Oldsmar, FL 34677.","N/A","The product labeled as medicated wipes was found to contain a non-medicated otic flush due to a product mix-up that occurred at the manufacturing level. As a result, the product is misbranded and does not contain the labeled active ingredient.","01/27/2026","02/19/2026","N/A","02/11/2026","Lot # 251086, Exp Date: 03/2027"
"Veterinary","No","02/19/2026","98309","Ongoing","Stratford Care USA, Inc.","4027 Tampa Rd Ste 3200","N/A","Oldsmar","FL","	34677-3221","United States","Voluntary: Firm initiated","Two or more of the following: Email, Fax, Letter, Press Release, Telephone, Visit","US Nationwide, including PR and Israel.","V-0085-2026","Class II","DermatoVet Professional Formula, Keto-C Wipes, For Dogs, Cats & Horses, 50 Wipes, For Veterinary Use Only, Distributed By: Pet-Vet Biomed, Petach Tikva, Israel, Made in the USA.","N/A","The product labeled as medicated wipes was found to contain a non-medicated otic flush due to a product mix-up that occurred at the manufacturing level. As a result, the product is misbranded and does not contain the labeled active ingredient.","01/27/2026","02/19/2026","N/A","02/11/2026","Lot # 251086, Exp Date: 03/2027"
"Veterinary","No","02/19/2026","98309","Ongoing","Stratford Care USA, Inc.","4027 Tampa Rd Ste 3200","N/A","Oldsmar","FL","	34677-3221","United States","Voluntary: Firm initiated","Two or more of the following: Email, Fax, Letter, Press Release, Telephone, Visit","US Nationwide, including PR and Israel.","V-0086-2026","Class II","PICCARDMEDS4PETS, Keto-Itch Antiseptic Wipes, Net Contents 50 Wipes, Cucumber Melon Scent, For Veterinary Use Only, Formulated for Dogs, Cats, & Horses, Distributed by: PiccardMeds4Pets, Stone Brook LLC - DBA PetPals Club, 1200 Riverplace Blvd, Suite 105-1394, Jacksonville, FL 32207, UPC 8 50053 06632 0.","N/A","The product labeled as medicated wipes was found to contain a non-medicated otic flush due to a product mix-up that occurred at the manufacturing level. As a result, the product is misbranded and does not contain the labeled active ingredient.","01/27/2026","02/19/2026","N/A","02/11/2026","Lot # 251086, Exp Date: 03/2027"
"Veterinary","No","02/19/2026","98309","Ongoing","Stratford Care USA, Inc.","4027 Tampa Rd Ste 3200","N/A","Oldsmar","FL","	34677-3221","United States","Voluntary: Firm initiated","Two or more of the following: Email, Fax, Letter, Press Release, Telephone, Visit","US Nationwide, including PR and Israel.","V-0087-2026","Class II","Sanum PR Inc, Chlorhexidine & Ketoconazole Medicated Wipes, 50 Ct Wipes, For Dogs & Cats, Solution for Topical Management of Skin Conditions, Chlorhexidine 2%, Ketoconazole 1%, Sanum PR INC, Trujillo Alto, 00976, Puerto Rico, 787-755-6225, Distributed by: Stratford Animal Care, 4027 Tampa Road, Oldsmar, FL 34677.","N/A","The product labeled as medicated wipes was found to contain a non-medicated otic flush due to a product mix-up that occurred at the manufacturing level. As a result, the product is misbranded and does not contain the labeled active ingredient.","01/27/2026","02/19/2026","N/A","02/11/2026","Lot # 251086, Exp Date: 03/2027"
"Veterinary","No","02/19/2026","98309","Ongoing","Stratford Care USA, Inc.","4027 Tampa Rd Ste 3200","N/A","Oldsmar","FL","	34677-3221","United States","Voluntary: Firm initiated","Two or more of the following: Email, Fax, Letter, Press Release, Telephone, Visit","US Nationwide, including PR and Israel.","V-0088-2026","Class II","Southport Animal Hospital, Antiseptic medicated wipes, Chlorhexidine 2%, Ketoconazole 1%, 50 CT, For Dogs, Cats & Horses, Distributed by: Stratford Animal Care, 4027 Tampa Road, Oldsmar, FL 34677, Southport Animal Hospital, 2200 S Andrews Ave West, Fort Lauderdale, FL 33316.","N/A","The product labeled as medicated wipes was found to contain a non-medicated otic flush due to a product mix-up that occurred at the manufacturing level. As a result, the product is misbranded and does not contain the labeled active ingredient.","01/27/2026","02/19/2026","N/A","02/11/2026","Lot # 251086, Exp Date: 03/2027"
"Veterinary","No","02/19/2026","98309","Ongoing","Stratford Care USA, Inc.","4027 Tampa Rd Ste 3200","N/A","Oldsmar","FL","	34677-3221","United States","Voluntary: Firm initiated","Two or more of the following: Email, Fax, Letter, Press Release, Telephone, Visit","US Nationwide, including PR and Israel.","V-0089-2026","Class II","Stratford, Keto-C, Antiseptic Wipes, Chlorhexidine 2%, Ketoconazole 1%, 50 CT, For Dogs, Cats & Horses, Distributed by: Stratford Animal Care, 4027 Tampa Road, Oldsmar, FL 34677, Southport Animal Hospital, 2200 S Andrews Ave West, Fort Lauderdale, FL 33316.","N/A","The product labeled as medicated wipes was found to contain a non-medicated otic flush due to a product mix-up that occurred at the manufacturing level. As a result, the product is misbranded and does not contain the labeled active ingredient.","01/27/2026","02/19/2026","N/A","02/11/2026","Lot # 251086, Exp Date: 03/2027"
"Veterinary","No","02/19/2026","98309","Ongoing","Stratford Care USA, Inc.","4027 Tampa Rd Ste 3200","N/A","Oldsmar","FL","	34677-3221","United States","Voluntary: Firm initiated","Two or more of the following: Email, Fax, Letter, Press Release, Telephone, Visit","US Nationwide, including PR and Israel.","V-0090-2026","Class II","Tavares Crossroads Veterinary Clinic, Antiseptic Wipes, Chlorhexidine 2%, Ketoconazole 1%, 50 CT, Formulated for Dogs & Cats, Cucumber Melon Scent, Tavares Crossroads Veterinary Clinic, 2030 State Road 19, Tavares, FL 32778.","N/A","The product labeled as medicated wipes was found to contain a non-medicated otic flush due to a product mix-up that occurred at the manufacturing level. As a result, the product is misbranded and does not contain the labeled active ingredient.","01/27/2026","02/19/2026","N/A","02/11/2026","Lot # 251086, Exp Date: 03/2027"
"Veterinary","No","02/19/2026","98309","Ongoing","Stratford Care USA, Inc.","4027 Tampa Rd Ste 3200","N/A","Oldsmar","FL","	34677-3221","United States","Voluntary: Firm initiated","Two or more of the following: Email, Fax, Letter, Press Release, Telephone, Visit","US Nationwide, including PR and Israel.","V-0091-2026","Class II","SensoVet, Animal Health & Wellness, Antiseptic, Chlorhexidine, Medicated Wipes, 50 Wipes, Veterinarian Developed, Chlorhexidine 2%, Ketoconazole 1%, For Dogs and Cats, Manufactured for: SensoVet, Jersey City, NJ 07307, UPC 5 060934 420171.","N/A","The product labeled as medicated wipes was found to contain a non-medicated otic flush due to a product mix-up that occurred at the manufacturing level. As a result, the product is misbranded and does not contain the labeled active ingredient.","01/27/2026","02/19/2026","N/A","02/11/2026","Lot # 251086, Exp Date: 03/2027"
"Veterinary","No","02/19/2026","98309","Ongoing","Stratford Care USA, Inc.","4027 Tampa Rd Ste 3200","N/A","Oldsmar","FL","	34677-3221","United States","Voluntary: Firm initiated","Two or more of the following: Email, Fax, Letter, Press Release, Telephone, Visit","US Nationwide, including PR and Israel.","V-0092-2026","Class II","PetScy, Keto Skin Wipes, 50 Wipes, For Dogs & Cats, Cucumber Melon Scent, Antibacterial/Antifungal, Medicated Wipes, Manufactured For: PetScy Inc, Po Box #2685, Oldsmar, FL 33556, UPC 199284989214.","N/A","The product labeled as medicated wipes was found to contain a non-medicated otic flush due to a product mix-up that occurred at the manufacturing level. As a result, the product is misbranded and does not contain the labeled active ingredient.","01/27/2026","02/19/2026","N/A","02/11/2026","Lot # 251086, Exp Date: 03/2027"
"Veterinary","No","02/19/2026","98309","Ongoing","Stratford Care USA, Inc.","4027 Tampa Rd Ste 3200","N/A","Oldsmar","FL","	34677-3221","United States","Voluntary: Firm initiated","Two or more of the following: Email, Fax, Letter, Press Release, Telephone, Visit","US Nationwide, including PR and Israel.","V-0093-2026","Class II","Warsaw Animal Hospital, Wipes for Dogs & Cats, Ketoconazole & Chlorhexidine, 50 Wipes, Manufactured for: Warsaw Animal Hospital, 1472 NC 24 50 HWY. Warsaw, NC 28398.","N/A","The product labeled as medicated wipes was found to contain a non-medicated otic flush due to a product mix-up that occurred at the manufacturing level. As a result, the product is misbranded and does not contain the labeled active ingredient.","01/27/2026","02/19/2026","N/A","02/11/2026","Lot # 251086, Exp Date: 03/2027"
"Veterinary","No","02/19/2026","98309","Ongoing","Stratford Care USA, Inc.","4027 Tampa Rd Ste 3200","N/A","Oldsmar","FL","	34677-3221","United States","Voluntary: Firm initiated","Two or more of the following: Email, Fax, Letter, Press Release, Telephone, Visit","US Nationwide, including PR and Israel.","V-0094-2026","Class II","Weakley County Animal Clinic, Keto-C Antiseptic Wipes, Net Contents: 50 Wipes, Formulated for Dogs, Cats & Horses, Distributed By: Stratford Animal Care, 4027 Tampa Road, Oldsmar, FL 34677, Weakley County Animal Clinic, 110 Weldon Dr., Martin, TN 38237.","N/A","The product labeled as medicated wipes was found to contain a non-medicated otic flush due to a product mix-up that occurred at the manufacturing level. As a result, the product is misbranded and does not contain the labeled active ingredient.","01/27/2026","02/19/2026","N/A","02/11/2026","Lot # 251086, Exp Date: 03/2027"
"Veterinary","No","02/19/2026","98309","Ongoing","Stratford Care USA, Inc.","4027 Tampa Rd Ste 3200","N/A","Oldsmar","FL","	34677-3221","United States","Voluntary: Firm initiated","Two or more of the following: Email, Fax, Letter, Press Release, Telephone, Visit","US Nationwide, including PR and Israel.","V-0096-2026","Class II","Wheatland Animal Hospital, Ketoconazole & Chlorhexidine Wipes, Cucumber Melon, 50 Wipes, Formulated for Dogs, Cats & Horses, Wheatland Animal Hospital, 24041 103rd St., Naperville, IL 60564.","N/A","The product labeled as medicated wipes was found to contain a non-medicated otic flush due to a product mix-up that occurred at the manufacturing level. As a result, the product is misbranded and does not contain the labeled active ingredient.","01/27/2026","02/19/2026","N/A","02/11/2026","Lot # 251086, Exp Date: 03/2027"
"Veterinary","No","02/19/2026","98309","Ongoing","Stratford Care USA, Inc.","4027 Tampa Rd Ste 3200","N/A","Oldsmar","FL","	34677-3221","United States","Voluntary: Firm initiated","Two or more of the following: Email, Fax, Letter, Press Release, Telephone, Visit","US Nationwide, including PR and Israel.","V-0097-2026","Class II","Wilson Veterinary Hospital, Medicated CK Antiseptic Wipes, Chlorhexidine 2%, Ketoconazole 1%, 50 CT, For Dogs, Cats & Horses, Distributed by: Stratford Animal Care, 4027 Tampa Road, Oldsmar, FL 34677, Wilson Veterinary Hospital, 12000 Durham St, Washington, MI 48095.","N/A","The product labeled as medicated wipes was found to contain a non-medicated otic flush due to a product mix-up that occurred at the manufacturing level. As a result, the product is misbranded and does not contain the labeled active ingredient.","01/27/2026","02/19/2026","N/A","02/11/2026","Lot # 251086, Exp Date: 03/2027"
"Veterinary","No","03/18/2026","98491","Ongoing","Huvepharma EAD","Floor 5, Iztok District","Nikolay Haytov 3A","Sofia","N/A","	N/A","Bulgaria","Voluntary: Firm initiated","Two or more of the following: Email, Fax, Letter, Press Release, Telephone, Visit","MS","V-0104-2026","Class II","BioCox 60 Type A Medicated Article, Brand of Salinomycin Sodium, 60g/lb, Net wt 50 lbs (22.68) per bag, Distributed by: Huvepharma, Inc., Peachtree City, GA 30269. NDC 23243-6807-5","80 bags","Failed to meet stability specification requirements for assay at the 6M and 9M timepoints.","02/19/2026","03/18/2026","N/A","03/18/2026","Lot HSK50067"
"Veterinary","No","05/20/2026","98847","Ongoing","Cronus Pharma","2 Tower Center Blvd","N/A","East Brunswick","NJ","	08816-1100","United States","Voluntary: Firm initiated","E-Mail","US Nationwide.","V-0123-2026","Class II","covetrus, Amoxicillin and Clavulanate Potassium for Oral Suspension Drops, 62.5mg/mL, 15 mL, For use in dogs and cats, Distributed by: Covetrus Noth America, 400 Metro Place North, Dublin, OH 43017, Made in India, NDC 11695-7007-1","53400","This voluntary recall is due to market complaints pertaining to product discoloration following reconstitution.","04/25/2026","05/20/2026","N/A","05/13/2026","Lot# FZ6224017A, Exp Date: Nov 2026"
"Veterinary","No","05/20/2026","98847","Ongoing","Cronus Pharma","2 Tower Center Blvd","N/A","East Brunswick","NJ","	08816-1100","United States","Voluntary: Firm initiated","E-Mail","US Nationwide.","V-0124-2026","Class II","VETONE, Betacilin Clav Drops, Amoxicillin and Clavulanate Potassium for Oral Suspension Drops, 15 mL, For use in dogs and cats, Distributed by: MWI, Boise, ID 83705, Made in India, NDC 86136-011-15.","N/A","This voluntary recall is due to market complaints pertaining to product discoloration following reconstitution.","04/25/2026","05/20/2026","N/A","05/13/2026","Lot# FZ6224018A, Exp Date: Nov 2026"
"Veterinary","No","05/29/2026","98896","Ongoing","Dechra Veterinary Products Inc","7015 College Blvd Ste 525","N/A","Overland Park","KS","	66211-1551","United States","Voluntary: Firm initiated","Letter","US Nationwide.","V-0129-2026","Class II","Ophthavet Ophthalmic Solution, 0.18% Viscoadaptive Sodium Hyaluronate, 10 mL (0.33 fl oz), Manufactured for: Dechra Veterinary Products, 7015 College Boulevard, Suite 525, Overland Park, KS 66211 USA, NDC 17033-045-10. For use in dogs and cats.","N/A","Lack of sterility assurance: The recall of this lot is being initiated due a potential quality concern at the manufacturing site.","04/30/2026","05/29/2026","N/A","05/27/2026","Lot # 9T84, Exp 05/2027."
"Veterinary","No","09/09/2026","99567","Ongoing","Westwood Laboratories, LLC.","710 S Ayon Ave","N/A","Azusa","CA","	91702-5123","United States","Voluntary: Firm initiated","Letter","US Nationwide.","V-0194-2026","Class II","Remedy Recovery Dogswell, Pet Wormer, for dogs, cats, puppies, & kittens, Net Contents 236 ml (8 fl oz), Distributed by Whitebridge Pet Brands, St. Louis, MO 63141, NDC 86131-300-08.","N/A","Firm received complaints related to adverse events after administration of the product.","08/05/2026","09/09/2026","N/A","08/12/2026","Lot # 24I19C-5, Exp Date: 09/2026; Lot # 25B17A-5, Exp Date: 02/2027."
"Veterinary","No","","25058","Completed","Purina Mills Inc","1401 S Hanley Rd","N/A","St Louis","Missouri","	63144","United States","N/A","N/A","Distribution of the bulk product was made to a Purina dealer in MO.  Distribution of the bagged product was made to Purina  dealers in IL and MO.","V-173-3","Class II","Purina Impact Starter Complete WC CTSM 77 Medicated 32W6, bulk and 50-lb. bags, containing 77.0 g/ton chlortetracycline and .0084% sulfamethazine, complete weaning ration for beef cattle only.  The responsible firm on the label is Purina Mills, LLC, St. Louis, MO.","13,215 lbs. bulk & 160/50-lb. bags","Superpotent complete feed","11/15/2002","N/A","N/A","","N/A"
"Veterinary","No","","25053","Ongoing","Schering Corp","Galloping Hill Rd","N/A","Kenilworth","New Jersey","	07033","United States","N/A","N/A","No product was distributed to government accounts.  The product was distributed nationwide, with the exception of Alaska and West Virginia, to direct accounts including distributors as well as hopsitals, clinics, and veterinarians.  Recall letters were sent to 165 distributors and 1293 customers who received the recalled products.  Six international customers identified are:  Canada, Puerto Rico, Guam, Germany, Peru, and South Korea.    Garacin Piglet Injection (Durvet) was manufactured for Durvet, Inc.  FLU-NIX Injection was manufactured for Pro Labs Ltd. (Agri Labs).","V-033-3","Class II","Pro-Labs Flu-Nix Injectable Solution, Flunixin meglumine equivalent to 50mg/mL flunixin.  50 mL and 100mL vials are the units of sale, packed in individual printed folded cartons.  Product is a sterile solution intended for intravenous or intramuscular use in horses and for intravenous use in beef and nonlactating dairy cattle only.","8700","Problems with sterility assurance","11/11/2002","N/A","N/A","","N/A"
"Veterinary","No","","25053","Ongoing","Schering Corp","Galloping Hill Rd","N/A","Kenilworth","New Jersey","	07033","United States","N/A","N/A","No product was distributed to government accounts.  The product was distributed nationwide, with the exception of Alaska and West Virginia, to direct accounts including distributors as well as hopsitals, clinics, and veterinarians.  Recall letters were sent to 165 distributors and 1293 customers who received the recalled products.  Six international customers identified are:  Canada, Puerto Rico, Guam, Germany, Peru, and South Korea.    Garacin Piglet Injection (Durvet) was manufactured for Durvet, Inc.  FLU-NIX Injection was manufactured for Pro Labs Ltd. (Agri Labs).","V-034-3","Class II","Banamine Injectable Solution, Flunixin meglumine equivalent to 50mg/mL flunixin.  50mL, 100mL and 250mL vials are the units of sale, packed in individual printed folding cartons.  Product is a sterile solution intended for intravenous or intramuscular use in horses and for intravenous use in beef and nonlactating dairy cattle only.","237161","Problems with sterility assurance","11/11/2002","N/A","N/A","","N/A"
"Veterinary","No","","25053","Ongoing","Schering Corp","Galloping Hill Rd","N/A","Kenilworth","New Jersey","	07033","United States","N/A","N/A","No product was distributed to government accounts.  The product was distributed nationwide, with the exception of Alaska and West Virginia, to direct accounts including distributors as well as hopsitals, clinics, and veterinarians.  Recall letters were sent to 165 distributors and 1293 customers who received the recalled products.  Six international customers identified are:  Canada, Puerto Rico, Guam, Germany, Peru, and South Korea.    Garacin Piglet Injection (Durvet) was manufactured for Durvet, Inc.  FLU-NIX Injection was manufactured for Pro Labs Ltd. (Agri Labs).","V-040-3","Class II","Nuflor Injectable Solution, 300 mg/mL Florfenicol.  100mL, 250mL, and 500mL vials are the units of sale.  Product is a sterile solution intended for intramuscular and subcutaneous use in cattle only.","326090","Problems with sterility assurance","11/11/2002","N/A","N/A","","N/A"
"Veterinary","No","","25204","Ongoing","Grove River Mills Inc","326 Jackson Concourse","N/A","Pendergrass","Georgia","	305674624","United States","N/A","N/A","All accounts are located in the state of Georgia.  There are no foreign or government accounts involved.","V-012-3","Class II","CATTLE FEED, Flock #999, Date: 12/5/02, Quantity 8000, Load A, Feed C205, Grower# Z001, Tag C100, Manufactured by Grove River Mills, 326 Jackson Concourse, P.O. Box 368, Pendergrass, Georgia 30567. product in bulk tanker trucks.","235,668 lbs.","Cattle Feed contaminated with prohibited materials.","12/09/2002","N/A","N/A","","N/A"
"Veterinary","No","","25419","Ongoing","Westmin Corp","300 N 8th St","N/A","Quincy","Illinois","	62301","United States","N/A","N/A","Pennsylvania, Iowa, Mississippi, Illinois, Washington, Missouri, Minnesota, Utah and Canada","V-023-3","Class II","Kerber Milling Company Cattle Trace Mineral Premix #1700; 50 lb. miultilayer paper bags; Manufactured for Kerber Milling Company, Emmetsburg, IA","8,000 lbs.","The zinc oxide is contaminated with dioxin.","01/13/2003","N/A","N/A","","N/A"
"Veterinary","No","","25638","Completed","Nu Feeds, Inc.","16 SR1006","N/A","Lemon","Pennsylvania","	18657","United States","N/A","N/A","The products were shipped to direct accounts in PA, NY, and MD","V-062-3","Class II","Calcium Carbonate sold in 50 lb bags with the folowing labels: 1) Brace 2 to 1 Mineral; 2) Catlin 2 to 1 Mineral; 3) Roy Darling Custom Mineral;  4) W.M. GOLDEN FEEDER BLEND 22 W/4PLEX; 5) W.M. GOLDEN FEEDER BLEND 5;  6) MacKnight 22-8-6 Dairy Mineral; 7) NYP 100; 8) Nu-Feeds 10%; 9) PSU #4 Trace Base; 10) Riverhaven Farm; 11) Purina Pack; 12) Sam Esh Custom Mineral; 13) Shaffers 80; and 14) Snyder Custom Mineral.","1) 220 bags; 2) 340 bags; 3) 124 bags; 4) 2052 bags; 5) 807 bags; 6) 455 bags; 7) 1629 bags; 8) 90 bags; 9) 11 bags; 10) 4 bags; 11) 584 bags; 12) 160","possible dioxin contamination","02/24/2003","N/A","N/A","","N/A"
"Veterinary","No","","25638","Completed","Nu Feeds, Inc.","16 SR1006","N/A","Lemon","Pennsylvania","	18657","United States","N/A","N/A","The products were shipped to direct accounts in PA, NY, and MD","V-064-3","Class II","Catlin 4 to 1 Mineral.  Product labeled in part:  Catlin 4 to 1 Mineral, Mineral Content. The product is sold in 50 lb bags","560 bags","possible dioxin contamination","02/24/2003","N/A","N/A","","N/A"
"Veterinary","No","","25638","Completed","Nu Feeds, Inc.","16 SR1006","N/A","Lemon","Pennsylvania","	18657","United States","N/A","N/A","The products were shipped to direct accounts in PA, NY, and MD","V-084-3","Class II","Monensin Calcium (min) 12.0, sold in 50 lb bags under the Arnolds Heifer Mineral with Rumensin label.  Product labeled as ARNOLDS HIEFER MINERAL with RUMENSIN, (Type B medicated), Active Drug Ingredient Monensin, Calcium (min) 12.0","400 bags","possible dioxin contamination","02/24/2003","N/A","N/A","","N/A"
"Veterinary","No","","25719","Ongoing","Fishbelt Feeds Inc","33 Moorhead Itta Bena Road","N/A","Moorhead","Mississippi","	38761","United States","N/A","N/A","AL, AR, GA, IN, KY, LA, MS, and WV","V-025-3","Class II","FISHBELT FEEDS, INC. brand feed:  25% Extruded Catfish Food (bulk).","14,615 tons of bulk feed and 52 tons of bagged feed (2,080/50 pound bags)","Samples collected from the manufacturer contained dioxin.","02/26/2003","N/A","N/A","","N/A"
"Veterinary","No","","25719","Ongoing","Fishbelt Feeds Inc","33 Moorhead Itta Bena Road","N/A","Moorhead","Mississippi","	38761","United States","N/A","N/A","AL, AR, GA, IN, KY, LA, MS, and WV","V-026-3","Class II","FISHBELT FEEDS, INC. brand feed:  35% Fry/Fingerling Catfish Food Medicated (Romet-30) (bulk)","14,615 tons of bulk feed and 52 tons of bagged feed (2,080/50 pound bags)","Samples collected from the manufacturer contained dioxin.","02/26/2003","N/A","N/A","","N/A"
"Veterinary","No","","25719","Ongoing","Fishbelt Feeds Inc","33 Moorhead Itta Bena Road","N/A","Moorhead","Mississippi","	38761","United States","N/A","N/A","AL, AR, GA, IN, KY, LA, MS, and WV","V-028-3","Class II","FISHBELT FEEDS, INC. brand feed:  28% Floating Catfish Food (bulk), 28% Floating Catfish Food EXP (bulk)","14,615 tons of bulk feed and 52 tons of bagged feed (2,080/50 pound bags)","Samples collected from the manufacturer contained dioxin.","02/26/2003","N/A","N/A","","N/A"
"Veterinary","No","","25719","Ongoing","Fishbelt Feeds Inc","33 Moorhead Itta Bena Road","N/A","Moorhead","Mississippi","	38761","United States","N/A","N/A","AL, AR, GA, IN, KY, LA, MS, and WV","V-029-3","Class II","FISHBELT FEEDS, INC. brand feed:  32% APP Floating Catfish Food (bulk), 32% Floating Catfish Food (bulk and 50 lb-bagged feed), 32% Floating Catfish Food EXP (bulk)","14,615 tons of bulk feed and 52 tons of bagged feed (2,080/50 pound bags)","Samples collected from the manufacturer contained dioxin.","02/26/2003","N/A","N/A","","N/A"
"Veterinary","No","","25719","Ongoing","Fishbelt Feeds Inc","33 Moorhead Itta Bena Road","N/A","Moorhead","Mississippi","	38761","United States","N/A","N/A","AL, AR, GA, IN, KY, LA, MS, and WV","V-030-3","Class II","FISHBELT FEEDS, INC. brand feed:  35% Fry/Fingerling Catfish Food (bulk and 50 lb-bagged feed)","14,615 tons of bulk feed and 52 tons of bagged feed (2,080/50 pound bags)","Samples collected from the manufacturer contained dioxin.","02/26/2003","N/A","N/A","","N/A"
"Veterinary","No","","25638","Completed","Nu Feeds, Inc.","16 SR1006","N/A","Lemon","Pennsylvania","	18657","United States","N/A","N/A","The products were shipped to direct accounts in PA, NY, and MD","V-086-3","Class II","Beef Mineral with Rumensin.  Product labeled as in BEEF MINERAL with RUMENSIN, (medicated), Calcium (min) 18.0. The product is sold in 50 lb bags.","27 bags","possible dioxin contamination","02/24/2003","N/A","N/A","","N/A"
"Veterinary","No","","25638","Completed","Nu Feeds, Inc.","16 SR1006","N/A","Lemon","Pennsylvania","	18657","United States","N/A","N/A","The products were shipped to direct accounts in PA, NY, and MD","V-087-3","Class II","Monensin sold in 50lb bags.   Product labeled as CHAMPDALE HEIFER MINERAL with RUMENSIN, (Type B medicated), Active Drug Ingredient: Monensin","20 bags","possible dioxin contamination","02/24/2003","N/A","N/A","","N/A"
"Veterinary","No","","25638","Completed","Nu Feeds, Inc.","16 SR1006","N/A","Lemon","Pennsylvania","	18657","United States","N/A","N/A","The products were shipped to direct accounts in PA, NY, and MD","V-088-3","Class II","Dicalcium Phosphate, sold in 50 lb bags. Product labeled as HEIFER 75 with BOVATEC (50''S), (medicated)","1773 bags","possible dioxin contamination","02/24/2003","N/A","N/A","","N/A"
"Veterinary","No","","25638","Completed","Nu Feeds, Inc.","16 SR1006","N/A","Lemon","Pennsylvania","	18657","United States","N/A","N/A","The products were shipped to direct accounts in PA, NY, and MD","V-089-3","Class II","Monensin.  Product labeled as HEIFER with RUMENSIN, (Type B medicated), Active Drug Ingredient: Monensin","1428 bags","possible dioxin contamination","02/24/2003","N/A","N/A","","N/A"
"Veterinary","No","","25638","Completed","Nu Feeds, Inc.","16 SR1006","N/A","Lemon","Pennsylvania","	18657","United States","N/A","N/A","The products were shipped to direct accounts in PA, NY, and MD","V-090-3","Class II","Dicalcium Phosphate, sold in 50 lb bags. Product labeled as HEIFER MINERAL with BOVATEC (50''S), (medicated)","120 bags","possible dioxin contamination","02/24/2003","N/A","N/A","","N/A"
"Veterinary","No","","25638","Completed","Nu Feeds, Inc.","16 SR1006","N/A","Lemon","Pennsylvania","	18657","United States","N/A","N/A","The products were shipped to direct accounts in PA, NY, and MD","V-091-3","Class II","Lasalocid, Potassium Sulfate sold in 50 lb bag.  Product labeled as LUTZ HEIFER 25 with BOVATEC, (medicated)***Active Drug Ingredient: Lasalocid","680 bags","possible dioxin contamination","02/24/2003","N/A","N/A","","N/A"
"Veterinary","No","","25638","Completed","Nu Feeds, Inc.","16 SR1006","N/A","Lemon","Pennsylvania","	18657","United States","N/A","N/A","The products were shipped to direct accounts in PA, NY, and MD","V-092-3","Class II","Lasalocid, Dicalcium Phosphate, sold in 50 lb bags.  Product labeled as Martins Mineral with Bovatec, (medicated), Active Drug Ingredient: Lasalocid, Contents: Dicalcium Phosphate","440 bags","possible dioxin contamination","02/24/2003","N/A","N/A","","N/A"
"Veterinary","No","","25748","Completed","Tennessee Farmers Cooperative","200 Waldron Rd","N/A","LaVergne","Tennessee","	37086","United States","N/A","N/A","Tennessee","V-043-3","Class II","Premium Rooster Kicker non-medicated feed for game cocks; feed is in 50-lb white plastic fabric bags","Unknown","Product contains mammalian protein but lacks BSE warning statement","03/04/2003","N/A","N/A","","N/A"
"Veterinary","No","","25790","Terminated","Zephyr Feed Company","Country Road 54A East","N/A","Zephyrhills","Florida","	34248","United States","N/A","N/A","There are a total of 74 ranchers/farmers in the Central and North Florida area that may have recieved the recalled product.","V-046-3","Class II","Product is unlabeled bulk ''Cattle Feed'' sold by weight to user/farmers who pick it up at the firm. Product is a ruminant feed used to feed beef cattle.","17,840 lbs","Cattle feed was distributed to farmers that may contain prohibited protein for ruminants.","03/18/2003","N/A","12/16/2011","","N/A"
"Veterinary","No","","25855","Ongoing","Poulin Grain, Inc.","24 Railroad Square","N/A","Newport","Vermont","	05855","United States","N/A","N/A","ME, NH, NY, RI, VT","V-177-3","Class II","Pig Starter Crumbles Type  B Medicated Feed. Net Weight 50 Lbs.","91/50 lb. bags","Medicated feed was manufactured with expired antibiotic","03/20/2003","N/A","N/A","","N/A"
"Veterinary","No","","26015","Completed","Riverside Grain & Feed Co","130 E 1st Street","PO Box 158","Riverside","Iowa","	52327","United States","N/A","N/A","The bulk feed was distributed to four feeder/growers in Iowa.","V-048-3","Class II","Bulk Medicated Custom Mix Feed for Swine containing 50 g/ton carbadox.","Approx. 25 tons","Firm received zinc oxide raw material ingredient from a supplier that may have contained elevated levels of dioxin.","04/09/2003","N/A","N/A","","N/A"
"Veterinary","No","","26064","Ongoing","Doane Pet Care Company Inc","1  Doane Dr","N/A","Washington Courthouse","Ohio","	43160","United States","N/A","N/A","Distribution Centers located in OH, PA, and MI.","V-100-3","Class II","Consolidated Nutrition 32% Floating Catfish Food, packaged in 50-LB bags.","210 bags","The fish feed product lacks the required BSE warning statement, and the nutritional ingredient statement on the label.","04/16/2003","N/A","N/A","","N/A"
"Veterinary","No","","26062","Ongoing","American Agco, Inc.","545 Hardman Ave.","N/A","South St. Paul","Minnesota","	55075","United States","N/A","N/A","The products were shipped to consignees in Iowa, Michigan, Minnesota, Montana, North Dakota, South Dakota, Ohio and Wisconsin.","V-126-3","Class II","352-200-08   BOVA LAC MIN-A-VITE, A Special Vitamin and Trace Mineral Supplement for Cattle, Net Weight 50 lbs. (22.7 Kg.)   ","N/A","The recalled products, made by American Agco, contain a premix recalled by Westmin Corporation because it contained elevated dioxins levels.","04/11/2003","N/A","N/A","","N/A"
"Veterinary","No","","26062","Ongoing","American Agco, Inc.","545 Hardman Ave.","N/A","South St. Paul","Minnesota","	55075","United States","N/A","N/A","The products were shipped to consignees in Iowa, Michigan, Minnesota, Montana, North Dakota, South Dakota, Ohio and Wisconsin.","V-127-3","Class II","352-300-08   CONSULTANT''S CHOICE Dairy Premix Pack, Vitamin and Trace Mineral Premix for Cattle","N/A","The recalled products, made by American Agco, contain a premix recalled by Westmin Corporation because it contained elevated dioxins levels.","04/11/2003","N/A","N/A","","N/A"
"Veterinary","No","","26062","Ongoing","American Agco, Inc.","545 Hardman Ave.","N/A","South St. Paul","Minnesota","	55075","United States","N/A","N/A","The products were shipped to consignees in Iowa, Michigan, Minnesota, Montana, North Dakota, South Dakota, Ohio and Wisconsin.","V-129-3","Class II","SHANGHAI DAIRY LACTATION BLEND, A Protein and Mineral-Vitamin Supplement for Dairy Cattle, Bulk,  522-038, Manufactured for Shanghai Dairy, Le Center, MN","N/A","The recalled products, made by American Agco, contain a premix recalled by Westmin Corporation because it contained elevated dioxins levels.","04/11/2003","N/A","N/A","","N/A"
"Veterinary","No","","26062","Ongoing","American Agco, Inc.","545 Hardman Ave.","N/A","South St. Paul","Minnesota","	55075","United States","N/A","N/A","The products were shipped to consignees in Iowa, Michigan, Minnesota, Montana, North Dakota, South Dakota, Ohio and Wisconsin.","V-130-3","Class II","PEAVEY RANCH RANGE MINERAL, A mineral-vitamin supplement for beef cattle, 532-157, Distributed by Nutra-Lix, Inc.,Billings, MT, Net Weight 50 Pounds. (22.7 Kg.)","N/A","The recalled products, made by American Agco, contain a premix recalled by Westmin Corporation because it contained elevated dioxins levels.","04/11/2003","N/A","N/A","","N/A"
"Veterinary","No","","26062","Ongoing","American Agco, Inc.","545 Hardman Ave.","N/A","South St. Paul","Minnesota","	55075","United States","N/A","N/A","The products were shipped to consignees in Iowa, Michigan, Minnesota, Montana, North Dakota, South Dakota, Ohio and Wisconsin.","V-131-3","Class II","PRECISION DAIRY RATION PREMIX, Vitamin Trace Mineral Premix for Cattle, 552-530, Manufactured for Animal Feed and Management Corporation, Stillater, MN, Net Weight 50 lbs. (22.7 Kg.) ","N/A","The recalled products, made by American Agco, contain a premix recalled by Westmin Corporation because it contained elevated dioxins levels.","04/11/2003","N/A","N/A","","N/A"
"Veterinary","No","","26062","Ongoing","American Agco, Inc.","545 Hardman Ave.","N/A","South St. Paul","Minnesota","	55075","United States","N/A","N/A","The products were shipped to consignees in Iowa, Michigan, Minnesota, Montana, North Dakota, South Dakota, Ohio and Wisconsin.","V-133-3","Class II","R MEISCH CUSTOM HEIFER MINERAL MEDICATED,  A Vitamin and Mineral Supplement for Growing Cattle, Lasalocid 75 mg/oz, 552-682, Net Weight 50 lbs. (22.7 Kg.)","N/A","The recalled products, made by American Agco, contain a premix recalled by Westmin Corporation because it contained elevated dioxins levels.","04/11/2003","N/A","N/A","","N/A"
"Veterinary","No","","26062","Ongoing","American Agco, Inc.","545 Hardman Ave.","N/A","South St. Paul","Minnesota","	55075","United States","N/A","N/A","The products were shipped to consignees in Iowa, Michigan, Minnesota, Montana, North Dakota, South Dakota, Ohio and Wisconsin.","V-135-3","Class II","JIM BEHLING HEIFER MINERAL MEDICATED, A Mineral-Vitamin Premix for Dairy Heifers, Lasalocid 700 mg/lb., 552-682, Net Weight 50 lbs. (22.7 Kg.)","N/A","The recalled products, made by American Agco, contain a premix recalled by Westmin Corporation because it contained elevated dioxins levels.","04/11/2003","N/A","N/A","","N/A"
"Veterinary","No","","26062","Ongoing","American Agco, Inc.","545 Hardman Ave.","N/A","South St. Paul","Minnesota","	55075","United States","N/A","N/A","The products were shipped to consignees in Iowa, Michigan, Minnesota, Montana, North Dakota, South Dakota, Ohio and Wisconsin.","V-136-3","Class II","VAN DYK STEER MINERAL 1000R MEDICATED, Mineral-Vitamin for Feedlot Cattle, Monensin 1000 gm/ton, 552-716, Net Weight 50 lbs. (22.7 Kg.) ","N/A","The recalled products, made by American Agco, contain a premix recalled by Westmin Corporation because it contained elevated dioxins levels.","04/11/2003","N/A","N/A","","N/A"
"Veterinary","No","","26062","Ongoing","American Agco, Inc.","545 Hardman Ave.","N/A","South St. Paul","Minnesota","	55075","United States","N/A","N/A","The products were shipped to consignees in Iowa, Michigan, Minnesota, Montana, North Dakota, South Dakota, Ohio and Wisconsin.","V-141-3","Class II","EBERSVILLER HEIFER MIN. W/ BOVATEC, A medicated mineral premix, Lasalocid 1700 mg/lb., 554-122, Net Weight 50 lbs. (22.7 Kg.) or Bulk","N/A","The recalled products, made by American Agco, contain a premix recalled by Westmin Corporation because it contained elevated dioxins levels.","04/11/2003","N/A","N/A","","N/A"
"Veterinary","No","","26062","Ongoing","American Agco, Inc.","545 Hardman Ave.","N/A","South St. Paul","Minnesota","	55075","United States","N/A","N/A","The products were shipped to consignees in Iowa, Michigan, Minnesota, Montana, North Dakota, South Dakota, Ohio and Wisconsin.","V-145-3","Class II","622-056-08   WAYNE SCHILLING CUSTOM PROTEIN BLEND, Protein Supplement With Added Vitamins & Minerals For Dairy Cattle, bulk ","N/A","The recalled products, made by American Agco, contain a premix recalled by Westmin Corporation because it contained elevated dioxins levels.","04/11/2003","N/A","N/A","","N/A"
"Veterinary","No","","26062","Ongoing","American Agco, Inc.","545 Hardman Ave.","N/A","South St. Paul","Minnesota","	55075","United States","N/A","N/A","The products were shipped to consignees in Iowa, Michigan, Minnesota, Montana, North Dakota, South Dakota, Ohio and Wisconsin.","V-146-3","Class II","BRUCE HEIM PROTEIN/MINERAL BLEND, Medicated Protein, Trace Mineral and Vitamin Supplement for Heiffers, Lasalocid 150 g/ton, 622-068, bulk","N/A","The recalled products, made by American Agco, contain a premix recalled by Westmin Corporation because it contained elevated dioxins levels.","04/11/2003","N/A","N/A","","N/A"
"Veterinary","No","","26062","Ongoing","American Agco, Inc.","545 Hardman Ave.","N/A","South St. Paul","Minnesota","	55075","United States","N/A","N/A","The products were shipped to consignees in Iowa, Michigan, Minnesota, Montana, North Dakota, South Dakota, Ohio and Wisconsin.","V-147-3","Class II","HEINBACH CUSTON DAIRY MINERAL,  A Trace Mineral and Vitamin Supplement for Dairy Cattle, 623-250, Net Weight 50 lbs. (22.7 Kg.)","N/A","The recalled products, made by American Agco, contain a premix recalled by Westmin Corporation because it contained elevated dioxins levels.","04/11/2003","N/A","N/A","","N/A"
"Veterinary","No","","26062","Ongoing","American Agco, Inc.","545 Hardman Ave.","N/A","South St. Paul","Minnesota","	55075","United States","N/A","N/A","The products were shipped to consignees in Iowa, Michigan, Minnesota, Montana, North Dakota, South Dakota, Ohio and Wisconsin.","V-148-3","Class II","DAN DUNN FAR OFF PEN MEDICATED MINERAL PREMIX FOR CONFINED CATTLE, Monensin 814.4 gm/ton, 632-034, Net Weight 50 lbs. (22.7 Kg.)","N/A","The recalled products, made by American Agco, contain a premix recalled by Westmin Corporation because it contained elevated dioxins levels.","04/11/2003","N/A","N/A","","N/A"
"Veterinary","No","","26062","Ongoing","American Agco, Inc.","545 Hardman Ave.","N/A","South St. Paul","Minnesota","	55075","United States","N/A","N/A","The products were shipped to consignees in Iowa, Michigan, Minnesota, Montana, North Dakota, South Dakota, Ohio and Wisconsin.","V-149-3","Class II","DAN DUNN CLOSE UP PEN MINERAL PREMIX FOR DIARY CATTLE, 632-036, Net Weight 50 lbs. (22.7 Kg.)   ","N/A","The recalled products, made by American Agco, contain a premix recalled by Westmin Corporation because it contained elevated dioxins levels.","04/11/2003","N/A","N/A","","N/A"
"Veterinary","No","","26062","Ongoing","American Agco, Inc.","545 Hardman Ave.","N/A","South St. Paul","Minnesota","	55075","United States","N/A","N/A","The products were shipped to consignees in Iowa, Michigan, Minnesota, Montana, North Dakota, South Dakota, Ohio and Wisconsin.","V-150-3","Class II","DAN DUNN PEN #1 MINERAL, Mixing Mineral for Lactating Dairy Cattle, 632-038, Net Weight 50 lbs. (22.7 Kg.) ","N/A","The recalled products, made by American Agco, contain a premix recalled by Westmin Corporation because it contained elevated dioxins levels.","04/11/2003","N/A","N/A","","N/A"
"Veterinary","No","","26062","Ongoing","American Agco, Inc.","545 Hardman Ave.","N/A","South St. Paul","Minnesota","	55075","United States","N/A","N/A","The products were shipped to consignees in Iowa, Michigan, Minnesota, Montana, North Dakota, South Dakota, Ohio and Wisconsin.","V-151-3","Class II","DAN DUNN PEN #2 MINERAL, Mixing Mineral for Lactating Dairy Cattle, 632-040, Net Weight 50 lbs. (22.7 Kg.)","N/A","The recalled products, made by American Agco, contain a premix recalled by Westmin Corporation because it contained elevated dioxins levels.","04/11/2003","N/A","N/A","","N/A"
"Veterinary","No","","26062","Ongoing","American Agco, Inc.","545 Hardman Ave.","N/A","South St. Paul","Minnesota","	55075","United States","N/A","N/A","The products were shipped to consignees in Iowa, Michigan, Minnesota, Montana, North Dakota, South Dakota, Ohio and Wisconsin.","V-161-3","Class II","FRITZ ANDING CUSTOM MINERAL, A trace mineral and vitamin supplement for dairy cattle, 634-065/8, Net Weight 50 lbs. or bulk","N/A","The recalled products, made by American Agco, contain a premix recalled by Westmin Corporation because it contained elevated dioxins levels.","04/11/2003","N/A","N/A","","N/A"
"Veterinary","No","","26062","Ongoing","American Agco, Inc.","545 Hardman Ave.","N/A","South St. Paul","Minnesota","	55075","United States","N/A","N/A","The products were shipped to consignees in Iowa, Michigan, Minnesota, Montana, North Dakota, South Dakota, Ohio and Wisconsin.","V-162-3","Class II","PRESTRUD CUSTOM DRY COW MINERAL,  A mineral and vitamin supplement for dairy cattle, 634-085-08, Net Weight 50 lbs. (22.7 Kg.)","N/A","The recalled products, made by American Agco, contain a premix recalled by Westmin Corporation because it contained elevated dioxins levels.","04/11/2003","N/A","N/A","","N/A"
"Veterinary","No","","26116","Ongoing","Daco Laboratories Ltd.","14340 W Rt 26 & 72","N/A","Forreston","Illinois","	61030","United States","N/A","N/A","Illinois","V-102-3","Class II","Robert Vormezelle CPX 6233-02 Non-Medicated Beef Premix; mix 0.32 lbs premix into grain/roughage per head per day; 50 lb. multilayer paper bags; Manufactured by Daco Laboratories Ltd., Forreston, IL 61030 MVG","1150 lbs.","The 72% Zinc Oxide used in the manufacture of the feeds was contaminated with dioxin.","04/08/2003","N/A","N/A","","N/A"
"Veterinary","No","","26116","Ongoing","Daco Laboratories Ltd.","14340 W Rt 26 & 72","N/A","Forreston","Illinois","	61030","United States","N/A","N/A","Illinois","V-103-3","Class II","Bob and Francis Vormezeele Beef Supplement, Medicated; Monensin Sodium, 333 grams per ton; mix 1.65 lbs supplement into grain/roughage per head per day; 50 lb. multilayer paper bags; Manufactured by Eastland Feed and Grain Inc., Shannon, IL 61078","3897 lbs.","The 72% Zinc Oxide used in the manufacture of the feeds was contaminated with dioxin.","04/08/2003","N/A","N/A","","N/A"
"Veterinary","No","","26116","Ongoing","Daco Laboratories Ltd.","14340 W Rt 26 & 72","N/A","Forreston","Illinois","	61030","United States","N/A","N/A","Illinois","V-104-3","Class II","Eastland Sow/Starter VTM #6242-02 Non-Medicated Vitamin-Mineral Premix; 50 lb. multilayer paper bags; Manufactured for Eastland Feed and Grain Inc., Shannon, IL 61078, Manufactured by Daco Laboratories Ltd., Forreston, IL 61030 MVG","1000 lbs.","The 72% Zinc Oxide used in the manufacture of the feeds was contaminated with dioxin.","04/08/2003","N/A","N/A","","N/A"
"Veterinary","No","","26116","Ongoing","Daco Laboratories Ltd.","14340 W Rt 26 & 72","N/A","Forreston","Illinois","	61030","United States","N/A","N/A","Illinois","V-105-3","Class II","Gerry Meinsma CPX 6219-06 Beef Grower Premix Medicated w/Rumensin; Monensin, 1010.4 grams per ton; mix 0.198 lbs premix into grain/roughage per head per day; 50 lb. multilayer paper bags; Manufactured by Daco Laboratories Ltd., Forreston, IL 61030 MVG","2000 lbs.","The 72% Zinc Oxide used in the manufacture of the feeds was contaminated with dioxin.","04/08/2003","N/A","N/A","","N/A"
"Veterinary","No","","26116","Ongoing","Daco Laboratories Ltd.","14340 W Rt 26 & 72","N/A","Forreston","Illinois","	61030","United States","N/A","N/A","Illinois","V-106-3","Class II","Paul Kane CPX 1595-10 Beef FInisher Premix Medicated w/Rumensin; Monensin, 1511.2 grams per ton; mix 0.331 lbs premix into grain/roughage per head per day; 50 lb. multilayer paper bags; Manufactured by Daco Laboratories Ltd., Forreston, IL 61030 MVG","2000 lbs.","The 72% Zinc Oxide used in the manufacture of the feeds was contaminated with dioxin.","04/08/2003","N/A","N/A","","N/A"
"Veterinary","No","","26116","Ongoing","Daco Laboratories Ltd.","14340 W Rt 26 & 72","N/A","Forreston","Illinois","	61030","United States","N/A","N/A","Illinois","V-107-3","Class II","Special Envir-O-Mix 4100-12, non-medicated premix; mix 50 lbs premix per ton finished feed; 50 lb. multilayer paper bags; Manufactured by Daco Laboratories Ltd., Forreston, IL 61030 MVG","16,000 lbs.","The 72% Zinc Oxide used in the manufacture of the feeds was contaminated with dioxin.","04/08/2003","N/A","N/A","","N/A"
"Veterinary","No","","26116","Ongoing","Daco Laboratories Ltd.","14340 W Rt 26 & 72","N/A","Forreston","Illinois","	61030","United States","N/A","N/A","Illinois","V-110-3","Class II","Mac-O-Lac (SE) Mineral-Vitamin Premix for Dairy and Beef Cattle; mix 0.18 lbs premix into a complete beef or dairy grain mix per head per day; 50 lb. multilayer paper bags; Manufactured by Daco Laboratories Ltd., Forreston, IL 61030 MVG","1000 lbs.","The 72% Zinc Oxide used in the manufacture of the feeds was contaminated with dioxin.","04/08/2003","N/A","N/A","","N/A"
"Veterinary","No","","26152","Completed","Farmers Coop Society","317 3rd St NW","N/A","Sioux Center","Iowa","	51250","United States","N/A","N/A","Distribution was made to IA, MN, MO, NE,  and SD.","V-263-3","Class II","FCS 10-15 CBD Medicated, Starter for Pigs Weaned at 14-28 Days, containing 50 g/ton carbadox, packaged in 50-lb. bags, product #22972.  The label shows Manufactured by Farmers Coop Society, Sioux Center, IA, as the responsible firm.","2,544.82 CWT","Firm received raw material ingredient zinc oxide from a supplier and it  contained elevated levels of dioxin","04/25/2003","N/A","N/A","","N/A"
"Veterinary","No","","26097","Completed","Ag Partners LLC","1541 Western Ave","N/A","Sheldon","Iowa","	51201","United States","N/A","N/A","The feed was distributed to end users located in Iowa and Minnesota,","V-180-3","Class II","Phase 101 (SH) Den Plus Medicated, complete starter feed for pigs, contains 35 g/ton (0.039%) tiamulin hydrogen fumarate and 400 g/ton (0.0440%) chlortetracycline, packaged in 50-lb. bags, product #115128.  The responsible firm on the label shows the product was Manufactured by Ag Partners, LLC,  Albert City, IA.","8,000 lbs.","Elevated levels of dioxin were present in the zinc oxide purchased for inclusion in the recalled product.","04/18/2003","N/A","N/A","","N/A"
"Veterinary","No","","26097","Completed","Ag Partners LLC","1541 Western Ave","N/A","Sheldon","Iowa","	51201","United States","N/A","N/A","The feed was distributed to end users located in Iowa and Minnesota,","V-181-3","Class II","Phase 101 (SH) - Pulmotil 181 Medicated, a complete starter feed for pigs, containing 181 g/ton (0.019%) tilmicosin, packaged in 50-lb. bags, product #115170.  The responsible firm on the label shows the product was Manufactured by Ag Partners, LLC, Albert City, IA.","43,800 lbs.","Elevated levels of dioxin were present in the zinc oxide purchased for inclusion in the recalled product.","04/18/2003","N/A","N/A","","N/A"
"Veterinary","No","","26097","Completed","Ag Partners LLC","1541 Western Ave","N/A","Sheldon","Iowa","	51201","United States","N/A","N/A","The feed was distributed to end users located in Iowa and Minnesota,","V-182-3","Class II","Bulk Customer-Formula Feed, Murphy Farms LLC Swine Starter Lincomycin 100 Medicated, for starter pigs weighing 11 to 44 pounds, containing 100 g/ton lincomycin, product #125936.   The responsible firm on the label shows the product was Manufactured by Ag Partners, Sheldon,  IA.","2,907,803 lbs.","Elevated levels of dioxin were present in the zinc oxide purchased for inclusion in the recalled product.","04/18/2003","N/A","N/A","","N/A"
"Veterinary","No","","26466","Ongoing","Federacion de Asociaciones Pecuarias de P.R. Inc.","Bo. Malecon","N/A","Mayaguez","Puerto Rico","	00680","United States","N/A","N/A","Distribution was to farmer and stores in Puerto Rico onlhy.","V-025-4","Class II","Animal Feed manufactured using Wheat Middling:  (All labels are in Spanish since product is for local distribution)    20% Dairy Supreme, feed for dairy cattle, pellets distributed in 100 lbs bulk (203420)    ","130,250 lbs","Laboratory analysis revealed the presence of pirimiphos-methyl","06/06/2003","N/A","N/A","","N/A"
"Veterinary","No","","26466","Ongoing","Federacion de Asociaciones Pecuarias de P.R. Inc.","Bo. Malecon","N/A","Mayaguez","Puerto Rico","	00680","United States","N/A","N/A","Distribution was to farmer and stores in Puerto Rico onlhy.","V-026-4","Class II","Animal Feed manufactured using Wheat Middling  (All labels are in Spanish since product is for local distribution)  20% Dairy Feed ¿ feed for dairy cattle, pellets distributed in 100 lbs bulk (963020).    ","62,056 lbs","Laboratory analysis revealed the presence of pirimiphos-methyl","06/06/2003","N/A","N/A","","N/A"
"Veterinary","No","","26097","Completed","Ag Partners LLC","1541 Western Ave","N/A","Sheldon","Iowa","	51201","United States","N/A","N/A","The feed was distributed to end users located in Iowa and Minnesota,","V-183-3","Class II","Bulk Phase 102 (SH) - Pulmotil 181 Medicated, a complete starter feed for pigs, containing 181 g/ton (0.019%) tilmicosin, product #115270.  The responsible firm on the label shows the product was Manufactured by Ag Partners, LLC, Albert City, IA.","156,060 lbs.","Elevated levels of dioxin were present in the zinc oxide purchased for inclusion in the recalled product.","04/18/2003","N/A","N/A","","N/A"
"Veterinary","No","","26097","Completed","Ag Partners LLC","1541 Western Ave","N/A","Sheldon","Iowa","	51201","United States","N/A","N/A","The feed was distributed to end users located in Iowa and Minnesota,","V-184-3","Class II","Profit Booster MEW 5-10 - Den Plus Medicated, a complete, pelleted starter feed for early-weaned pigs, containing 35 g/ton (0.0039%) tiamulin hydrogen fumarate and 400 g/ton (0.044%) chlortetracycline, packaged in 50-lb. bags and in bulk, product #120028.  The responsible firm on the label shows the product was Manufactured by Ag Partners, LLC, Albert City, IA.","39,500 lbs.","Elevated levels of dioxin were present in the zinc oxide purchased for inclusion in the recalled product.","04/18/2003","N/A","N/A","","N/A"
"Veterinary","No","","26097","Completed","Ag Partners LLC","1541 Western Ave","N/A","Sheldon","Iowa","	51201","United States","N/A","N/A","The feed was distributed to end users located in Iowa and Minnesota,","V-186-3","Class II","Profit Booster Preweaner 10-15 - Den Plus Medicated, a complete feed for starter swine weighing 10-15 pounds, containing 35 g/ton (0.0039%) tiamulin hydrogen fumarate and 400 g/ton (0.0441%) chlortetracycline, packaged in 50-lb. bags and bulk, product #120228.  The responsible firm on the label shows the product was Manufactured by Ag Partners, LLC, Albert City, IA.","123,330 lbs.","Elevated levels of dioxin were present in the zinc oxide purchased for inclusion in the recalled product.","04/18/2003","N/A","N/A","","N/A"
"Veterinary","No","","26097","Completed","Ag Partners LLC","1541 Western Ave","N/A","Sheldon","Iowa","	51201","United States","N/A","N/A","The feed was distributed to end users located in Iowa and Minnesota,","V-187-3","Class II","Profit Booster Preweaner 10/15 Pulmotil 181 Medicated, a complete feed for starter swine weighing 10 to 15 pounds, containing 181 g/ton tilmicosin, packaged in 50-lb. bags or bulk, product #120270.  The responsible firm on the label shows the product was Manufactured by Ag Partners, LLC, Albert City, IA.","10,070 lbs.","Elevated levels of dioxin were present in the zinc oxide purchased for inclusion in the recalled product.","04/18/2003","N/A","N/A","","N/A"
"Veterinary","No","","26097","Completed","Ag Partners LLC","1541 Western Ave","N/A","Sheldon","Iowa","	51201","United States","N/A","N/A","The feed was distributed to end users located in Iowa and Minnesota,","V-188-3","Class II","Bulk Profit Booster Quick Start 15-25 - 250 CSP Medicated, a complete feed for starter swine weighing 15 to 25 pounds, containing 100 g/ton (0.011%) chlortetracycline, 100 g/ton (0.011%) sulfathiazole, and 50 g/ton (0.0055%) penicillin (from procaine penicillin), product #120301.  The responsible firm on the label shows the product was Manufactured by Ag Partners, LLC, Albert City, IA.","3,920 lbs.","Elevated levels of dioxin were present in the zinc oxide purchased for inclusion in the recalled product.","04/18/2003","N/A","N/A","","N/A"
"Veterinary","No","","26097","Completed","Ag Partners LLC","1541 Western Ave","N/A","Sheldon","Iowa","	51201","United States","N/A","N/A","The feed was distributed to end users located in Iowa and Minnesota,","V-189-3","Class II","Bulk Profit Booster Quick Start 15-25 - 100 TY Medicated, a complete feed for starter swine weighing 15 to 25 pounds, containing 100 g/ton (0.011%) tylosin, product #120311.  The responsible firm on the label shows the product was Manufactured by Ag Partners, LLC, Albert City, IA.","22,200 lbs.","Elevated levels of dioxin were present in the zinc oxide purchased for inclusion in the recalled product.","04/18/2003","N/A","N/A","","N/A"
"Veterinary","No","","26097","Completed","Ag Partners LLC","1541 Western Ave","N/A","Sheldon","Iowa","	51201","United States","N/A","N/A","The feed was distributed to end users located in Iowa and Minnesota,","V-190-3","Class II","Profit Booster Quick Start 15-25 - Den Plus Medicated, a complete feed for starter swine weighing 15 to 25 pounds, containing 35 g/ton (0.0039%) tiamulin hydrogen fumarate and 400 g/ton (0.0441%) chlortetracycline, packaged in 50-lb. bags and in bulk, product #120328.  The responsible firm on the label shows the product was Manufactured by Ag Partners, LLC, Albert City, IA.","140,470 lbs.","Elevated levels of dioxin were present in the zinc oxide purchased for inclusion in the recalled product.","04/18/2003","N/A","N/A","","N/A"
"Veterinary","No","","26097","Completed","Ag Partners LLC","1541 Western Ave","N/A","Sheldon","Iowa","	51201","United States","N/A","N/A","The feed was distributed to end users located in Iowa and Minnesota,","V-191-3","Class II","Profit Booster Quick Start 15-25 - 50 CX Medicated, a complete feed for starter swine weighing 15 to 25 pounds, containing 50 g/ton (0.0055%) carbadox, packaged in 50-lb. bags and in bulk, product #120342. The responsible firm on the label shows the product was Manufactured by Ag Partners, LLC, Albert City, IA.","117,930 lbs.","Elevated levels of dioxin were present in the zinc oxide purchased for inclusion in the recalled product.","04/18/2003","N/A","N/A","","N/A"
"Veterinary","No","","26097","Completed","Ag Partners LLC","1541 Western Ave","N/A","Sheldon","Iowa","	51201","United States","N/A","N/A","The feed was distributed to end users located in Iowa and Minnesota,","V-193-3","Class II","Profit Booster Start N'' Grow 25-50 - 40 TY Medicated, a complete feed for starter and grower swine weighing 25 to 50 pounds, containing 40 g/ton (0.044%) tylosin, packaged in 50-lb. bags and in bulk, product #120510.  The responsible firm on the label shows the product was Manufactured by Ag Partners, LLC, Albert City, IA.","282,200 lbs.","Elevated levels of dioxin were present in the zinc oxide purchased for inclusion in the recalled product.","04/18/2003","N/A","N/A","","N/A"
"Veterinary","No","","26097","Completed","Ag Partners LLC","1541 Western Ave","N/A","Sheldon","Iowa","	51201","United States","N/A","N/A","The feed was distributed to end users located in Iowa and Minnesota,","V-194-3","Class II","Bulk Profit Booster Start N'' Grow 25-50 - 100 TY Medicated, a complete feed for starter and grower swine weighing 25 to 50 pounds, containing 100 g/ton (0.011%) tylosin, product #120511.  The responsible firm on the label shows the product was Manufactured by Ag Partners, LLC, Albert City, IA.","17,620 lbs.","Elevated levels of dioxin were present in the zinc oxide purchased for inclusion in the recalled product.","04/18/2003","N/A","N/A","","N/A"
"Veterinary","No","","26097","Completed","Ag Partners LLC","1541 Western Ave","N/A","Sheldon","Iowa","	51201","United States","N/A","N/A","The feed was distributed to end users located in Iowa and Minnesota,","V-195-3","Class II","Bulk Profit Booster Start N'' Grow 25-50 - Den Plus Medicated, a complete feed for starter and grower swine weighing 25 to 50 pounds, containing 35 g/ton (0.0039%) tiamulin hydrogen fumarate and 400 g/ton (0.044%) chlortetracycline, product #120528.  The responsible firm on the label shows the product was Manufactured by Ag Partners, LLC, Albert City, IA.","122,230 lbs.","Elevated levels of dioxin were present in the zinc oxide purchased for inclusion in the recalled product.","04/18/2003","N/A","N/A","","N/A"
"Veterinary","No","","26097","Completed","Ag Partners LLC","1541 Western Ave","N/A","Sheldon","Iowa","	51201","United States","N/A","N/A","The feed was distributed to end users located in Iowa and Minnesota,","V-196-3","Class II","Bulk Profit Booster Start N'' Grow 25-50 - Den 35 Medicated, a complete feed for starter and grower swine weighing 25 to 50 pounds, containing 35 g/ton (0.0038%) tiamulin hydrogen fumarate, product #120529.  The responsible firm on the label shows the product was Manufactured by Ag Partners, LLC, Albert City, IA.","18,520 lbs.","Elevated levels of dioxin were present in the zinc oxide purchased for inclusion in the recalled product.","04/18/2003","N/A","N/A","","N/A"
"Veterinary","No","","26097","Completed","Ag Partners LLC","1541 Western Ave","N/A","Sheldon","Iowa","	51201","United States","N/A","N/A","The feed was distributed to end users located in Iowa and Minnesota,","V-197-3","Class II","Bulk Profit Booster Start N'' Grow 25-50 - 50 CX Medicated, a complete feed for starter and grower swine weighing 25 to 50 lbs., containing 50 g/ton (0.0055%) carbadox, product #120542.  The responsible firm on the label shows the product was Manufactured by Ag Partners, LLC, Albert City, IA.","44,400 lbs.","Elevated levels of dioxin were present in the zinc oxide purchased for inclusion in the recalled product.","04/18/2003","N/A","N/A","","N/A"
"Veterinary","No","","26097","Completed","Ag Partners LLC","1541 Western Ave","N/A","Sheldon","Iowa","	51201","United States","N/A","N/A","The feed was distributed to end users located in Iowa and Minnesota,","V-200-3","Class II","Customer-Formula Feed, Murphy Farms LLC Swine Early Wean CTC 400/Denagard 35 Medicated, for early wean pigs weighing 10 to 15 pounds, containing 400 g/ton chlortetracycline and 35 g/ton tiamulin hydrogen fumarate, packaged in 50-lb. bags or bulk, product #125628.  The responsible firm on the label shows the product was Manufactured by Ag Partners, Sheldon, IA.","86,080 lbs.","Elevated levels of dioxin were present in the zinc oxide purchased for inclusion in the recalled product.","04/18/2003","N/A","N/A","","N/A"
"Veterinary","No","","26097","Completed","Ag Partners LLC","1541 Western Ave","N/A","Sheldon","Iowa","	51201","United States","N/A","N/A","The feed was distributed to end users located in Iowa and Minnesota,","V-201-3","Class II","Customer-Formula Feed, Murphy Farms LLC Swine Early Wean Pulmotil 363 Medicated, for early wean pigs weighing 10 to 15 pounds, containing 363 g/ton tilmicosin, packaged in 50-lb. bags or bulk, product #125671.  The responsible firm on the label shows the product was Manufactured by Ag Partners, Sheldon, IA.","163,090 lbs.","Elevated levels of dioxin were present in the zinc oxide purchased for inclusion in the recalled product.","04/18/2003","N/A","N/A","","N/A"
"Veterinary","No","","26097","Completed","Ag Partners LLC","1541 Western Ave","N/A","Sheldon","Iowa","	51201","United States","N/A","N/A","The feed was distributed to end users located in Iowa and Minnesota,","V-202-3","Class II","Bulk Customer-Formula Feed, Murphy Farms LLC Swine Prestarter CTC 400/Denagard 35 Medicated, for prestarter pigs weighing 15 to 22 pounds, containing 400 g/ton chlortetracycline and 35 g/ton tiamulin hydrogen fumarate, product #125728.  The responsible firm on the label shows the product was Manufactured by Ag Partners, Sheldon, IA.","115,100 lbs.","Elevated levels of dioxin were present in the zinc oxide purchased for inclusion in the recalled product.","04/18/2003","N/A","N/A","","N/A"
"Veterinary","No","","26097","Completed","Ag Partners LLC","1541 Western Ave","N/A","Sheldon","Iowa","	51201","United States","N/A","N/A","The feed was distributed to end users located in Iowa and Minnesota,","V-203-3","Class II","Bulk Customer-Formula Feed, Murphy Farms LLC Swine Prestarter Pulmotil 363 Medicated, for prestarter pigs weighing 15 to 22 pounds, containing 363 g/ton tilmicosin, product #125771.  The responsible firm on the label shows the product was Manufactured by Ag Partners, Sheldon, IA.","247,370 lbs.","Elevated levels of dioxin were present in the zinc oxide purchased for inclusion in the recalled product.","04/18/2003","N/A","N/A","","N/A"
"Veterinary","No","","26097","Completed","Ag Partners LLC","1541 Western Ave","N/A","Sheldon","Iowa","	51201","United States","N/A","N/A","The feed was distributed to end users located in Iowa and Minnesota,","V-205-3","Class II","Bulk Customer-Formula Feed, Murphy Farms LLC Swine Starter Pulmotil 181 Medicated, for starter pigs weighing 11 to 44 pounds, containing 181 g/ton tilmicosin, product #125970.  The responsible firm on the label shows the product is Manufactured by Ag Partners, Sheldon, IA.","1,766,340 lbs.","Elevated levels of dioxin were present in the zinc oxide purchased for inclusion in the recalled product.","04/18/2003","N/A","N/A","","N/A"
"Veterinary","No","","26097","Completed","Ag Partners LLC","1541 Western Ave","N/A","Sheldon","Iowa","	51201","United States","N/A","N/A","The feed was distributed to end users located in Iowa and Minnesota,","V-209-3","Class II","Profit Booster Cattle Mineral Plus, an all-purpose bovine mineral for further ration mixing or to be fed free-choice, packaged in 50-lb. bags, product #287400.  The responsible firm on the label shows the product is Manufactured by Ag Partners, LLC, Albert City, IA.","12,874 lbs.","Elevated levels of dioxin were present in the zinc oxide purchased for inclusion in the recalled product.","04/18/2003","N/A","N/A","","N/A"
"Veterinary","No","","26689","Ongoing","Intervet Inc.","405 State ST","N/A","Millsboro","Delaware","	19966","United States","N/A","N/A","The product was shipped to distributors in AL, AR, CO, IA, MN, MO, NE, PA, TN, and  WI.","V-259-3","Class II","Safe Guard (fenbendazole) (0.42%) Medicated Dewormer 35% Salt: Free Choice Mineral for Beef and Dairy Cattle. The product is a Type C Medicated Mineral Mix. The product is sold in 20 lb pails and shipped to distributors in cartons containing 2 pails. The NADA number is 137-600","553 pails","missing label","07/11/2003","N/A","N/A","","N/A"
"Veterinary","No","","26154","Completed","Kerber Milling Co","1817 E Main Box 96","N/A","Emmetsburg","Iowa","	50536","United States","N/A","N/A","Iowa and Minnesota.","V-212-3","Class II","Nonmedicated cattle supplements or premixes packaged in bulk or 50-lb. bags under the following product labels:  Kerber Cow - Calf; Kerber Dry Cow Premix, Cattle Supplement, EJM Farms Thiamine Carrier, Davis Dairy Cow Premix, Floyd Jefson Lactation Premix, Floyd Jefson Niacin Carrier, Hadacek Cow Supplement, Kutrous Grazing Mineral, Russ Salton Grower 1 1/4# and Twin Brook Finisher.  The labels list Manufactured by Kerber Milling Co., Emmetsburg, IA, as the responsible firm.","Unknown","Firm used trace mineral products and raw material ingredient zinc oxide containing elevated levels of dioxin in the manufacture of supplements, premixes, and feed.","03/28/2003","N/A","N/A","","N/A"
"Veterinary","No","","26154","Completed","Kerber Milling Co","1817 E Main Box 96","N/A","Emmetsburg","Iowa","	50536","United States","N/A","N/A","Iowa and Minnesota.","V-213-3","Class II","15 bulk custom cattle supplements medicated with  decoquinate at levels ranging from 56-124.85 mg/lb.  The labels list Manufactured by Kerber Milling Co., Emmetsburg, IA, as the responsible firm.","Unknown","Firm used trace mineral products and raw material ingredient zinc oxide containing elevated levels of dioxin in the manufacture of supplements, premixes, and feed.","03/28/2003","N/A","N/A","","N/A"
"Veterinary","No","","26154","Completed","Kerber Milling Co","1817 E Main Box 96","N/A","Emmetsburg","Iowa","	50536","United States","N/A","N/A","Iowa and Minnesota.","V-214-3","Class II","9 bulk custom cattle supplements medicated with laidlomycin propionate at levels ranging between 96-260 g/ton.  The labels list Manufactured by Kerber Milling Co., Emmetsburg, IA, as the responsible firm.","Unknown","Firm used trace mineral products and raw material ingredient zinc oxide containing elevated levels of dioxin in the manufacture of supplements, premixes, and feed.","03/28/2003","N/A","N/A","","N/A"
"Veterinary","No","","26154","Completed","Kerber Milling Co","1817 E Main Box 96","N/A","Emmetsburg","Iowa","	50536","United States","N/A","N/A","Iowa and Minnesota.","V-215-3","Class II","Bulk Neusch Beef Premix BOV 391 Medicated, containing 638 g/ton lasalocid sodium.  The label lists Manufactured by Kerber Milling Co., Emmetsburg, IA, as the responsible firm.","Unknown","Firm used trace mineral products and raw material ingredient zinc oxide containing elevated levels of dioxin in the manufacture of supplements, premixes, and feed.","03/28/2003","N/A","N/A","","N/A"
"Veterinary","No","","26154","Completed","Kerber Milling Co","1817 E Main Box 96","N/A","Emmetsburg","Iowa","	50536","United States","N/A","N/A","Iowa and Minnesota.","V-216-3","Class II","MGA Carrier 2.0 Medicated, containing 0.00044% melengestrol acetate, packaged in 50-lb. bags that list Manufactured by Kerber Milling Co., Emmetsburg, IA, as the responsible firm on the label.","Unknown","Firm used trace mineral products and raw material ingredient zinc oxide containing elevated levels of dioxin in the manufacture of supplements, premixes, and feed.","03/28/2003","N/A","N/A","","N/A"
"Veterinary","No","","26154","Completed","Kerber Milling Co","1817 E Main Box 96","N/A","Emmetsburg","Iowa","	50536","United States","N/A","N/A","Iowa and Minnesota.","V-217-3","Class II","Bulk Schmidt Finisher MGA .28 Medicated, containing 0.00006% melengestrol acetate.  The label lists Manufactured by Kerber Milling Co., Emmetsburg, IA, as the responsible firm.","Unknown","Firm used trace mineral products and raw material ingredient zinc oxide containing elevated levels of dioxin in the manufacture of supplements, premixes, and feed.","03/28/2003","N/A","N/A","","N/A"
"Veterinary","No","","26154","Completed","Kerber Milling Co","1817 E Main Box 96","N/A","Emmetsburg","Iowa","	50536","United States","N/A","N/A","Iowa and Minnesota.","V-218-3","Class II","18 bulk custom cattle supplements medicated with monensin ranging in levels between 200-800 g/ton.   The labels list Manufactured by Kerber Milling Co., Emmetsburg, IA, as the responsible firm.","Unknown","Firm used trace mineral products and raw material ingredient zinc oxide containing elevated levels of dioxin in the manufacture of supplements, premixes, and feed.","03/28/2003","N/A","N/A","","N/A"
"Veterinary","No","","26154","Completed","Kerber Milling Co","1817 E Main Box 96","N/A","Emmetsburg","Iowa","	50536","United States","N/A","N/A","Iowa and Minnesota.","V-219-3","Class II","Kutrous Calf Grower Mineral RUM 2000 Medicated, containing 4,000 g/ton monensin, packaged in 50-lb. bags that list Manufactured by Kerber Milling Co, Emmetsburg, IA, as the responsible firm on the label.","Unknown","Firm used trace mineral products and raw material ingredient zinc oxide containing elevated levels of dioxin in the manufacture of supplements, premixes, and feed.","03/28/2003","N/A","N/A","","N/A"
"Veterinary","No","","26154","Completed","Kerber Milling Co","1817 E Main Box 96","N/A","Emmetsburg","Iowa","	50536","United States","N/A","N/A","Iowa and Minnesota.","V-220-3","Class II","8 custom cattle supplements medicated with monensin and melengestrol acetate at various levels.   The labels list Manufactured by Kerber Milling Co., Emmetsburg, IA, as the responsible firm.","Unknown","Firm used trace mineral products and raw material ingredient zinc oxide containing elevated levels of dioxin in the manufacture of supplements, premixes, and feed.","03/28/2003","N/A","N/A","","N/A"
"Veterinary","No","","26154","Completed","Kerber Milling Co","1817 E Main Box 96","N/A","Emmetsburg","Iowa","	50536","United States","N/A","N/A","Iowa and Minnesota.","V-221-3","Class II","Bulk custom cattle supplement RUM 160 TY 70 Medicated, containing 320 g/ton monensin and 140 g/ton tylosin.  The label lists Manufactured by Kerber Milling Co., Emmetsburg, IA, as the responsible firm.","Unknown","Firm used trace mineral products and raw material ingredient zinc oxide containing elevated levels of dioxin in the manufacture of supplements, premixes, and feed.","03/28/2003","N/A","N/A","","N/A"
"Veterinary","No","","26154","Completed","Kerber Milling Co","1817 E Main Box 96","N/A","Emmetsburg","Iowa","	50536","United States","N/A","N/A","Iowa and Minnesota.","V-222-3","Class II","Bulk custom cattle supplement RUM 165 TY 60 Medicated, containing 330 g/ton monensin and 120 g/ton tylosin, which lists Manufactured by Kerber Milling Co., Emmetsburg, IA, as the responsible firm on the label.","Unknown","Firm used trace mineral products and raw material ingredient zinc oxide containing elevated levels of dioxin in the manufacture of supplements, premixes, and feed.","03/28/2003","N/A","N/A","","N/A"
"Veterinary","No","","26154","Completed","Kerber Milling Co","1817 E Main Box 96","N/A","Emmetsburg","Iowa","	50536","United States","N/A","N/A","Iowa and Minnesota.","V-223-3","Class II","Bulk custom cattle supplement RUM 250 TY 90 Medicated, containing 500 g/ton monensin and 180 g/ton tylosin.  The label lists Manufactured by Kerber Milling Co., Emmetsburg, IA, as the responsible firm.","Unknown","Firm used trace mineral products and raw material ingredient zinc oxide containing elevated levels of dioxin in the manufacture of supplements, premixes, and feed.","03/28/2003","N/A","N/A","","N/A"
"Veterinary","No","","26154","Completed","Kerber Milling Co","1817 E Main Box 96","N/A","Emmetsburg","Iowa","	50536","United States","N/A","N/A","Iowa and Minnesota.","V-224-3","Class II","Phase 1 1/2, complete nonmedicated feed for pigs, packaged in 50-lb. bags which list Manufactured for Lee''s Feed & Farm Supply, Fairfax, MN, as the responsible firm on the label.","Unknown","Firm used trace mineral products and raw material ingredient zinc oxide containing elevated levels of dioxin in the manufacture of supplements, premixes, and feed.","03/28/2003","N/A","N/A","","N/A"
"Veterinary","No","","26154","Completed","Kerber Milling Co","1817 E Main Box 96","N/A","Emmetsburg","Iowa","	50536","United States","N/A","N/A","Iowa and Minnesota.","V-225-3","Class II","T.N.T., complete nonmedicated feed for pigs, packaged in 50-lb. bags which list Manufactured for Lee''s Feed & Farm Supply, Fairfax, MN, as the responsible firm on the label.","Unknown","Firm used trace mineral products and raw material ingredient zinc oxide containing elevated levels of dioxin in the manufacture of supplements, premixes, and feed.","03/28/2003","N/A","N/A","","N/A"
"Veterinary","No","","26154","Completed","Kerber Milling Co","1817 E Main Box 96","N/A","Emmetsburg","Iowa","	50536","United States","N/A","N/A","Iowa and Minnesota.","V-226-3","Class II","Nonmedicated swine starter feeds for 15-25-lb. pigs produced under the following labels:      (1) Kerber Dynamite 2.0 ''600'', packaged in 50-lb. bags that list Manufactured by Kerber Milling Co., Emmetsburg, IA, as the responsible firm on the label.    (2) Bulk Kerber Dyna 2 Supp. No Fat.  The label lists Manufactured by Kerber Milling Co., Emmetsburg, IA, as the responsible firm.    (3) 2.0 Dynamite Starter ''600'', packaged in 50-lb. bags under two different labels that list Manufactured by  Kerber Milling Co, Emmetsburg, IA, or Lee''s Feed & Farm Supply, Fairfax, MN, as the responsible firm.    (4) Dynamite 2.0 Complete, packaged in 50-lb. bags that list  Manufactured by Kerber Milling Co., Emmetsburg, IA, as the responsible firm on the label.    (5) Starter produced under the names Haugen Basemix 500, packaged in 50-lb. bags, and bulk Rippe Basemix 500, both of which list Manufactured by Kerber Milling Co., Emmetsburg, IA, as the responsible firm on the label; and bulk Basemix 500 Starter, which lists Manufactured For Spillville Mill, Spillville, IA, as the responsible firm on the label.    (6) Bulk Fransen 2.0 ''1,000''.   The label lists Manufactured by Kerber Milling Co., Emmetsburg, IA, as the responsible firm.    (7) Starter feed produced under the names Kleavland 2.0-367 Starter, K-Webb 2.0-367 Starter, and Toft 2.0-367 Starter, all packaged in 50-lb. bags.  The labels list Manufactured by Kerber Milling Co., Emmetsburg, IA, as the responsible firm.    Nonmedicated swine starter feeds for 25-50-lb. pigs produced under the following labels:      (1) Starter feed produced under the names Kleavland 3.0-65 Starter, K-Webb 3.0-65 Starter, and Toft 3.0-65 Starter, all packaged in 50-lb. bags, which list  Manufactured by Kerber Milling Co., Emmetsburg, IA, as the responsible firm on the label.    (2) 3.0 Dynamite Starter ''150'', packaged in 50-lb. bags, which lists Manufactured for Lee''s Feed & Farm Supply, Fairfax, MN, as the responsible firm on the label.","Unknown","Firm used trace mineral products and raw material ingredient zinc oxide containing elevated levels of dioxin in the manufacture of supplements, premixes, and feed.","03/28/2003","N/A","N/A","","N/A"
"Veterinary","No","","26154","Completed","Kerber Milling Co","1817 E Main Box 96","N/A","Emmetsburg","Iowa","	50536","United States","N/A","N/A","Iowa and Minnesota.","V-234-3","Class II","Nonmedicated swine grower or finisher premixes produced under the following labels:    (1) Kerber Big 50 Finisher Swine Premix and Neu Farms Big 50 Finisher Swine Premix, both packaged in 50-lb. bags that list Manufactured by Kerber Milling Co., Emmetsburg, IA, as the responsible firm on the label.    (2) Kerber Big L-50 Finisher Swine Premix, packaged in 50-lb. bags that  list Manufactured by Kerber Milling Co., Emmetsburg, IA, as the responsible firm on the label.    (3) Kerber Phy L-Grower, packaged in 50-lb. bags that list Manufactured by Kerber Milling Co., Emmetsburg, IA, as the responsible firm on the label.    (4) L-50 Finisher Swine Premix, packaged in 50-lb. bags that list Manufactured for Breda Feed & Grain, Breda, IA, as the responsible firm on the label; and bulk Renze Finisher L-50 Swine Premix that lists Manufactured by Kerber Milling Co., Emmetsburg, IA, as the responsible firm on the label.    (5) Toomsen L-50# Finisher Premix, Willems L-50# Finisher Premix, Alleven L-50# Finisher Premix, Crystal Valley L-50# Finisher Premix, Entinger L-50# Finisher Premix, and Harvest States L-50# Finisher Premix, all packaged in 50-lb. bags that list Manufactured by Kerber Milling Co., Emmetsburg, IA, as the responsible firm on the label.    (6) Bulk Spillville L-50 Premix that lists Manufactured by Kerber Milling Co., Emmetsburg, IA, on the label.    (7) Swine Grower & Finisher Premix, packaged in 50-lb. bags that list Manufactured for Lee''s Feed & Farm Supply, Fairfax, MN, as the responsible firm on the label.","Unknown","Firm used trace mineral products and raw material ingredient zinc oxide containing elevated levels of dioxin in the manufacture of supplements, premixes, and feed.","03/28/2003","N/A","N/A","","N/A"
"Veterinary","No","","26154","Completed","Kerber Milling Co","1817 E Main Box 96","N/A","Emmetsburg","Iowa","	50536","United States","N/A","N/A","Iowa and Minnesota.","V-235-3","Class II","Nonmedicated swine grower premixes packaged in 55-lb. bags under the following labels:     (1) Alleven L-55# Grower Premix.  The label lists Manufactured by Kerber Milling Co., Emmetsburg, IA, as the responsible firm.    (2) Crystal Valley L-55 Grower Premix.  The label lists Manufactured by Kerber Milling Co., Emmetsburg, IA, as the responsible firm.    (3) Flygare L-55# Grower Premix.  The label lists Manufactured by Kerber Milling Co., Emmetsburg, IA, as the responsible firm.      (4) Toomsen L-55# Grower Premix.  The label lists Manufactured by Kerber Milling Co., Emmetsburg, IA, as the responsible firm.    (5) Willems L-55# Grower Premix.  The label lists Manufactured by Kerber Milling Co., Emmetsburg, IA, as the responsible firm.    (6) Trask GR/FIN 55 Premix.  The label lists Manufactured by Kerber Milling Co., Emmetsburg, IA, as the responsible firm.    ","Unknown","Firm used trace mineral products and raw material ingredient zinc oxide containing elevated levels of dioxin in the manufacture of supplements, premixes, and feed.","03/28/2003","N/A","N/A","","N/A"
"Veterinary","No","","26154","Completed","Kerber Milling Co","1817 E Main Box 96","N/A","Emmetsburg","Iowa","	50536","United States","N/A","N/A","Iowa and Minnesota.","V-236-3","Class II","Nonmedicated swine premixes packaged in 60-lb. bags, with the exception of product #1, Summit View Farms:    (1) Bulk Summit View Farms 60 Swine Premix.  The label lists Manufactured by Kerber Milling Co., Emmetsburg, IA, as the responsible firm.    (2) Kerber Royal 60 Premix.  The label lists Manufactured by Kerber Milling Co., Emmetsburg, IA, as the responsible firm.    (3) Kerber Royal L-60 Premix.  The label lists Manufactured by Kerber Milling Co., Emmetsburg, IA, as the responsible firm.    (4) Neu Farms 60 Premix.  The label lists Manufactured by Kerber Milling Co., Emmetsburg, IA, as the responsible firm.    (5) Rippe Grain and Milling 60 Swine Premix.  The label lists Manufactured by Kerber Milling Co., Emmetsburg, IA, as the responsible firm.    (6) Ruzicka Swine Gro-Finish Premix 60.    The label lists Manufactured by Kerber Milling Co., Emmetsburg, IA, as the responsible firm.    (7)  L-60 Swine Premix.  The label lists Manufactured for Breda Feed & Grain, Breda, IA, as the responsible firm.    (8) L-60# Swine Premix.  The label lists Manufactured for Lee''s Feed & Farm Supply, Fairfax, MN, as the responsible firm.","Unknown","Firm used trace mineral products and raw material ingredient zinc oxide containing elevated levels of dioxin in the manufacture of supplements, premixes, and feed.","03/28/2003","N/A","N/A","","N/A"
"Veterinary","No","","26154","Completed","Kerber Milling Co","1817 E Main Box 96","N/A","Emmetsburg","Iowa","	50536","United States","N/A","N/A","Iowa and Minnesota.","V-245-3","Class II","Bulk nonmedicated swine feed produced under the following labels which list Manufactured by Kerber Milling Co., Emmetsburg, IA, as the responsible firm:  Hagers Swine L-100 Premix,  Renze Grower L-100 Swine Premix, Swine L-100 Grower-Finisher Premix, and  Wahlert L-100 Premix","Unknown","Firm used trace mineral products and raw material ingredient zinc oxide containing elevated levels of dioxin in the manufacture of supplements, premixes, and feed.","03/28/2003","N/A","N/A","","N/A"
"Veterinary","No","","26154","Completed","Kerber Milling Co","1817 E Main Box 96","N/A","Emmetsburg","Iowa","	50536","United States","N/A","N/A","Iowa and Minnesota.","V-248-3","Class II","5 nonmedicated sow premixes produced under the following labels:    (1) Haugen Sow Micro Mix packaged in 50-lb. bags which list Manufactured by Kerber Milling Co., Emmetsburg, IA, as the responsible firm on the label.    (2) Hauser Top Sow Premix packaged in 50-lb. bags which list Manufactured by Kerber Milling Co., Emmetsburg, IA, as the responsible firm on the label.    (3)  Kuecker Sow 110 packaged in 55-lb. bags that list  Manufactured by Kerber Milling Co., Emmetsburg, IA, as the responsible firm on the label.    (4) Sow Gilt Premix packaged in 60-lb. bags that list Manufactured for Lee''s Feed & Farm Supply, Fairfax, MN, as the responsible firm on the label.    (5) Trask Sow 100 Premix packaged in 50-lb. bags that list Manufactured by Kerber Milling Co., Emmetsburg, IA, as the responsible firm on the label.","Unknown","Firm used trace mineral products and raw material ingredient zinc oxide containing elevated levels of dioxin in the manufacture of supplements, premixes, and feed.","03/28/2003","N/A","N/A","","N/A"
"Veterinary","No","","26154","Completed","Kerber Milling Co","1817 E Main Box 96","N/A","Emmetsburg","Iowa","	50536","United States","N/A","N/A","Iowa and Minnesota.","V-249-3","Class II","Krusemark L-50 Hog Premix Medicated, containing 1,200 g/ton bacitracin methylene disalicylate, packaged in 50-lb. bags which list Manufactured by Kerber Milling Co., Emmetsburg, IA, as the responsible  firm on the label.","Unknown","Firm used trace mineral products and raw material ingredient zinc oxide containing elevated levels of dioxin in the manufacture of supplements, premixes, and feed.","03/28/2003","N/A","N/A","","N/A"
"Veterinary","No","","26154","Completed","Kerber Milling Co","1817 E Main Box 96","N/A","Emmetsburg","Iowa","	50536","United States","N/A","N/A","Iowa and Minnesota.","V-250-3","Class II","5 medicated swine feeds containing 0.0055% carbadox produced under the following labels:    (1) Kerber T.N.T. Pig Starter Crumbles, packaged in 50-lb. bags that list Manufactured by Kerber Milling Co., Emmetsburg, IA, as the responsible firm on the label.    (2) T.N.T. Pig Starter Crumbles, packaged in 50-lb. bags that list Manufactured for Lee''s Feed & Farm Supply, Fairfax, MN, as the responsible firm on the label.    (3) Kerber 1.5 Dynamite Pig Starter Medicated, packaged in 50-lb. bags which list Manufactured by Kerber Milling Co., Emmetsburg, IA, as the responsible firm on the label.    (4) 1.5 Dynamite Medicated, packaged in 50-lb. bags which list Manufactured for Lee''s Feed & Farm Supply, Fairfax, MN, as the responsible firm on the label.    (5) Dynamite 2.0 Complete Medicated, packaged in 50-lb. bags that list Manufactured by Kerber Milling Co., Emmetsburg, IA, as the responsible firm on the label.  ","Unknown","Firm used trace mineral products and raw material ingredient zinc oxide containing elevated levels of dioxin in the manufacture of supplements, premixes, and feed.","03/28/2003","N/A","N/A","","N/A"
"Veterinary","No","","26154","Completed","Kerber Milling Co","1817 E Main Box 96","N/A","Emmetsburg","Iowa","	50536","United States","N/A","N/A","Iowa and Minnesota.","V-251-3","Class II","Lee''s Phase 1 1/2 No-200 Medicated, containing 100 g/ton oxytetracycline and 70 g/ton neomycin base, packaged in 50-lb. bags that list Manufactured by Kerber Milling Co., Emmetsburg, IA, as the responsible firm on the label.","Unknown","Firm used trace mineral products and raw material ingredient zinc oxide containing elevated levels of dioxin in the manufacture of supplements, premixes, and feed.","03/28/2003","N/A","N/A","","N/A"
"Veterinary","No","","26154","Completed","Kerber Milling Co","1817 E Main Box 96","N/A","Emmetsburg","Iowa","	50536","United States","N/A","N/A","Iowa and Minnesota.","V-252-3","Class II","Finish Lean 10 X Medicated, containing 0.19841% ractopamine hydrochloride, packaged in 50-lb. bags that list Manufactured by Kerber Milling Co., Emmetsburg, IA, as the responsible firm on the label.","Unknown","Firm used trace mineral products and raw material ingredient zinc oxide containing elevated levels of dioxin in the manufacture of supplements, premixes, and feed.","03/28/2003","N/A","N/A","","N/A"
"Veterinary","No","","26154","Completed","Kerber Milling Co","1817 E Main Box 96","N/A","Emmetsburg","Iowa","	50536","United States","N/A","N/A","Iowa and Minnesota.","V-253-2","Class II","Bulk Lean Finisher #7 Swine Complete Feed Medicated, containing 0.19841% ractopamine hydrochloride.  The label lists Manufactured by Kerber Milling Co., Emmetsburg, IA, as the responsible firm.","Unknown","Firm used trace mineral products and raw material ingredient zinc oxide containing elevated levels of dioxin in the manufacture of supplements, premixes, and feed.","03/28/2003","N/A","N/A","","N/A"
"Veterinary","No","","26154","Completed","Kerber Milling Co","1817 E Main Box 96","N/A","Emmetsburg","Iowa","	50536","United States","N/A","N/A","Iowa and Minnesota.","V-254-3","Class II","Bulk Kerber Phase 1-1/2 Medicated, containing 363 g/ton tilmicosin.  The label lists Manufactured by Kerber Milling Co., Emmetsburg, IA, as the responsible firm.","Unknown","Firm used trace mineral products and raw material ingredient zinc oxide containing elevated levels of dioxin in the manufacture of supplements, premixes, and feed.","03/28/2003","N/A","N/A","","N/A"
"Veterinary","No","","26154","Completed","Kerber Milling Co","1817 E Main Box 96","N/A","Emmetsburg","Iowa","	50536","United States","N/A","N/A","Iowa and Minnesota.","V-258-3","Class II","Feedlot Conditioner 2-32 Medicated, containing 68.1 mg/lb. decoquinate, packaged in 50-lb. bags.  The label shows Manufactured by Kerber Milling Co., Emmetsburg, IA, as the responsible firm.","Unknown","Firm used trace mineral products and raw material ingredient zinc oxide containing elevated levels of dioxin in the manufacture of supplements, premixes, and feed.","03/28/2003","N/A","N/A","","N/A"
"Veterinary","No","","26781","Terminated","Federacion de Asociaciones Pecuarias de P.R. Inc.","Bo. Malecon","N/A","Mayaguez","Puerto Rico","	00680","United States","N/A","N/A","Distributon was to farmers and stores in Puerto Rico only.","V-055-4","Class II","16% Dairy Summer Supreme, feed for dairy cattle, pellets in 100 lbs bulk (961620).  Animal Feed manufactured using Corn (whole, chopped, pellets, mashed and/or crumble:    (All labels are in Spanish since product is for local distribution)    ","31099919 lbs.","Laboratory analysis revealed presence of fenitrothion.","06/17/2003","N/A","07/02/2004","","N/A"
"Veterinary","No","","26781","Terminated","Federacion de Asociaciones Pecuarias de P.R. Inc.","Bo. Malecon","N/A","Mayaguez","Puerto Rico","	00680","United States","N/A","N/A","Distributon was to farmers and stores in Puerto Rico only.","V-056-4","Class II","16% Dairy Summer Supreme with sodium bicarbonate, feed for dairy cattle, pellets in 100 lbs bulk (961720). Animal Feed manufactured using Corn (whole, chopped, pellets, mashed and/or crumble: (All labels are in Spanish since product is for local distribution)    ","124,036 lbs.","Laboratory analysis revealed presence of fenitrothion.","06/17/2003","N/A","07/02/2004","","N/A"
"Veterinary","No","","26781","Terminated","Federacion de Asociaciones Pecuarias de P.R. Inc.","Bo. Malecon","N/A","Mayaguez","Puerto Rico","	00680","United States","N/A","N/A","Distributon was to farmers and stores in Puerto Rico only.","V-057-4","Class II","20% Dairy Feed, feed for dairy cattle, pellets in 100 lbs bulk (963020).  Animal Feed manufactured using Corn (whole, chopped, pellets, mashed and/or crumble:    (All labels are in Spanish since product is for local distribution)    ","15,118,922 lbs.","Laboratory analysis revealed presence of fenitrothion.","06/17/2003","N/A","07/02/2004","","N/A"
"Veterinary","No","","26781","Terminated","Federacion de Asociaciones Pecuarias de P.R. Inc.","Bo. Malecon","N/A","Mayaguez","Puerto Rico","	00680","United States","N/A","N/A","Distributon was to farmers and stores in Puerto Rico only.","V-058-4","Class II","16% High Energy ''Texturizado'', feed for dairy cattle, mashed product in 100 lbs bulk (236810). Animal Feed manufactured using Corn (whole, chopped, pellets, mashed and/or crumble: (All labels are in Spanish since product is for local distribution)","1,395,000 lbs.","Laboratory analysis revealed presence of fenitrothion.","06/17/2003","N/A","07/02/2004","","N/A"
"Veterinary","No","","26793","Completed","Ragland Mills Inc","14079 Hammer Rd","N/A","Neosho","Missouri","	64850","United States","N/A","N/A","Distribution was made to AR, OK, MO, KS, KY, TX, LA, NE, IL, NM, IN, and MN.","V-342-3","Class II","A&M Feeds Big 8 Plus 2 Medicated Mineral, Net Wt. 50 Lb, Guaranteed by Stillwater Milling Company, Box 2407, Oklahoma 74076","Unknown","Firm used trace mineral products and raw ingredient zinc oxide containing elevated levels of dioxin in the manufacture of supplements, premixes, and feed.","03/28/2003","N/A","N/A","","N/A"
"Veterinary","No","","26793","Completed","Ragland Mills Inc","14079 Hammer Rd","N/A","Neosho","Missouri","	64850","United States","N/A","N/A","Distribution was made to AR, OK, MO, KS, KY, TX, LA, NE, IL, NM, IN, and MN.","V-343-3","Class II","Debord Custom 6% Beef Medicated Mineral, Net Wt. 50 Lb, Guaranteed by Stillwater Milling Company, Box 2407, Oklahoma 74076","Unknown","Firm used trace mineral products and raw ingredient zinc oxide containing elevated levels of dioxin in the manufacture of supplements, premixes, and feed.","03/28/2003","N/A","N/A","","N/A"
"Veterinary","No","","26824","Completed","Ameri-Pac Inc","751 S 4th PO Box 1088","N/A","St Joseph","Missouri","	64502","United States","N/A","N/A","Two own-label distributors in MO","V-295-3","Class II","Steamed bone meal under the following labels:  (1) Upco Steamed Bone Meal for Dogs, Cats,and Horses, packaged in 1-lb. laminated pouches.  The label shows Distributed by United Pharmacal Co., Inc., St. Joseph, MO, as the responsible firm; and (2) Benepet Steamed Bone Meal for Dogs, Cats, and Horses, packaged in a 1-lb. plastic jar.  The label shows Mfg. For:  Benepet Pet Care Products, St. Joseph, MO, as the responsible firm.","23.3 tons Upco brand and 6.7 tons Benepet brand","Label lacks the cautionary statement 'Do Not Feed to Cattle or Other Ruminants.'","06/27/2003","N/A","N/A","","N/A"
"Veterinary","No","","26833","Completed","Swiss Valley Ag Service","3076 Hwy 38","N/A","Hopkinton","Iowa","	52237","United States","N/A","N/A","The feed was distributed in Iowa.","V-262-3","Class II","Custom beef cattle supplement for Z Bar, packaged in 50-lb. bags.","50/50-lb. bags","Firm used raw material zinc oxide containing elevated levels of dioxin in feed","06/04/2003","N/A","N/A","","N/A"
"Veterinary","No","","26793","Completed","Ragland Mills Inc","14079 Hammer Rd","N/A","Neosho","Missouri","	64850","United States","N/A","N/A","Distribution was made to AR, OK, MO, KS, KY, TX, LA, NE, IL, NM, IN, and MN.","V-344-3","Class II","Bonanza 4% Mineral 2500 Medicated, Net Wt. 50 Lb, Guaranteed by: Mid America Feeds, Box 11, Talala, Oklahoma 74080","Unknown","Firm used trace mineral products and raw ingredient zinc oxide containing elevated levels of dioxin in the manufacture of supplements, premixes, and feed.","03/28/2003","N/A","N/A","","N/A"
"Veterinary","No","","26793","Completed","Ragland Mills Inc","14079 Hammer Rd","N/A","Neosho","Missouri","	64850","United States","N/A","N/A","Distribution was made to AR, OK, MO, KS, KY, TX, LA, NE, IL, NM, IN, and MN.","V-345-3","Class II","Bonanza 8% Mineral 2500 Medicated, Net Wt. 50 Lb, Guaranteed by: Mid America Feeds, Box 11, Talala, Oklahoma 74080","Unknown","Firm used trace mineral products and raw ingredient zinc oxide containing elevated levels of dioxin in the manufacture of supplements, premixes, and feed.","03/28/2003","N/A","N/A","","N/A"
"Veterinary","No","","26152","Completed","Farmers Coop Society","317 3rd St NW","N/A","Sioux Center","Iowa","	51250","United States","N/A","N/A","Distribution was made to IA, MN, MO, NE,  and SD.","V-267-3","Class II","FCS 15-22 CBD Medicated, For Pigs 15 to 22 Pounds in Weight, containing 50 g/ton carbadox, packaged in 50-lb. bags, product #22982.  The label shows Manufactured by Farmers Coop Society, Sioux Center, IA, as the responsible firm.","2,223.91 CWT","Firm received raw material ingredient zinc oxide from a supplier and it contained elevated levels of dioxin","04/25/2003","N/A","N/A","","N/A"
"Veterinary","No","","26152","Completed","Farmers Coop Society","317 3rd St NW","N/A","Sioux Center","Iowa","	51250","United States","N/A","N/A","Distribution was made to IA, MN, MO, NE,  and SD.","V-268-3","Class II","FCS 15-22 CTC-Den Medicated, For Pigs 15 to 22 Pounds in Weight, containing 35 g/ton tiamulin hydrogen fumarate and 400 g/ton chlortetracycline, product #22983.  The label shows Manufactured by Farmers Coop Society, Sioux Center, IA, as the responsible firm.","104.90 CWT","Firm received raw material ingredient zinc oxide from a supplier and it contained elevated levels of dioxin","04/25/2003","N/A","N/A","","N/A"
"Veterinary","No","","26152","Completed","Farmers Coop Society","317 3rd St NW","N/A","Sioux Center","Iowa","	51250","United States","N/A","N/A","Distribution was made to IA, MN, MO, NE,  and SD.","V-270-3","Class II","FCS 1.4L Starter CBD Medicated, Starter Feed for Pigs Weighing 22 to 40 Pounds, containing 50 g/ton carbadox, packaged in 50-lb. bags, product #24206.  The label shows Manufactured by Farmers Coop Society, Sioux Center, IA, as the responsible firm.","2 CWT","Firm received raw material ingredient zinc oxide from a supplier and it  contained elevated levels of dioxin","04/25/2003","N/A","N/A","","N/A"
"Veterinary","No","","26152","Completed","Farmers Coop Society","317 3rd St NW","N/A","Sioux Center","Iowa","	51250","United States","N/A","N/A","Distribution was made to IA, MN, MO, NE,  and SD.","V-271-3","Class II","FCS 1.4L Starter NT Medicated, Starter Feed for Pigs Weighing 22 to 40 Pounds, containing 150 g/ton oxytetracycline and 105 g/ton neomycin base, packaged in 50-lb. bags, product #24208.  The label  shows Manufactured by Farmers Coop Society, Sioux Center, IA, as the responsible firm.","5 CWT","Firm received raw material ingredient zinc oxide from a supplier and it  contained elevated levels of dioxin","04/25/2003","N/A","N/A","","N/A"
"Veterinary","No","","26152","Completed","Farmers Coop Society","317 3rd St NW","N/A","Sioux Center","Iowa","	51250","United States","N/A","N/A","Distribution was made to IA, MN, MO, NE,  and SD.","V-272-3","Class II","FCS 1.3L Starter NT Medicated, Starter Feed for Pigs Weighing 30 to 50 Pounds, containing 150 g/ton oxytetracycline and 105 g/ton neomycin base, packaged in 50-lb. bags, product #24210.  The label shows Manufactured by Farmers coop Society, Sioux Center, IA, as the responsible firm.","21 CWT","Firm received raw material ingredient zinc oxide from a supplier and it contained elevated levels of dioxin","04/25/2003","N/A","N/A","","N/A"
"Veterinary","No","","26152","Completed","Farmers Coop Society","317 3rd St NW","N/A","Sioux Center","Iowa","	51250","United States","N/A","N/A","Distribution was made to IA, MN, MO, NE,  and SD.","V-273-3","Class II","FCS 1.3L Starter CBD Medicated, Starter Feed for Pigs Weighing 30 to 50 Pounds, containing 50 g/ton carbadox, packaged in 50-lb. bags, product #24211.  The label shows Manufactured by Farmers Coop Society, Sioux Center, IA, as the responsible firm.","89.50  CWT","Firm received raw material ingredient zinc oxide from a supplier and it contained elevated levels of dioxin","04/25/2003","N/A","N/A","","N/A"
"Veterinary","No","","26152","Completed","Farmers Coop Society","317 3rd St NW","N/A","Sioux Center","Iowa","	51250","United States","N/A","N/A","Distribution was made to IA, MN, MO, NE,  and SD.","V-274-3","Class II","Land O''Lakes Farmland Feed Lean Gain 95 T40 Meal Medicated, Swine Grow/Finish Complete Feed, containing 40 g/ton tylosin phosphate, packaged in 50-lb. bags.  The label shows Manufactured by Farmers Coop Society, Sioux Center, IA for Land O''Lakes Farmland Feed LLC, Fort Dodge, IA, as the responsible firms.","89.50  CWT","Firm received raw material ingredient zinc oxide from a supplier and it contained elevated levels of dioxin","04/25/2003","N/A","N/A","","N/A"
"Veterinary","No","","26793","Completed","Ragland Mills Inc","14079 Hammer Rd","N/A","Neosho","Missouri","	64850","United States","N/A","N/A","Distribution was made to AR, OK, MO, KS, KY, TX, LA, NE, IL, NM, IN, and MN.","V-356-3","Class II","Purchase Pride Mag Plus Mineral Medicated, Net Wt. 50 Lb, Guaranteed by: Kevil Crop Service dba Rudys Farm Center, P.O. Box 10, Kevil, Kentucky 42053","Unknown","Firm used trace mineral products and raw ingredient zinc oxide containing elevated levels of dioxin in the manufacture of supplements, premixes, and feed.","03/28/2003","N/A","N/A","","N/A"
"Veterinary","No","","26793","Completed","Ragland Mills Inc","14079 Hammer Rd","N/A","Neosho","Missouri","	64850","United States","N/A","N/A","Distribution was made to AR, OK, MO, KS, KY, TX, LA, NE, IL, NM, IN, and MN.","V-360-3","Class II","Purchase Pride Pasture Booster Mineral Medicated, Net Wt. 50 Lb, Guaranteed by: Kevil Crop Service dba Rudys Farm Center, P.O. Box 10, Kevil, Kentucky 42053","Unknown","Firm used trace mineral products and raw ingredient zinc oxide containing elevated levels of dioxin in the manufacture of supplements, premixes, and feed.","03/28/2003","N/A","N/A","","N/A"
"Veterinary","No","","26793","Completed","Ragland Mills Inc","14079 Hammer Rd","N/A","Neosho","Missouri","	64850","United States","N/A","N/A","Distribution was made to AR, OK, MO, KS, KY, TX, LA, NE, IL, NM, IN, and MN.","V-361-3","Class II","Purchase Pride 4% Phosphorus Medicated, Net Wt. 50 Lb, Guaranteed by: Kevil Crop Service dba Rudys Farm Center, P.O. Box 10, Kevil, Kentucky 42053","Unknown","Firm used trace mineral products and raw ingredient zinc oxide containing elevated levels of dioxin in the manufacture of supplements, premixes, and feed.","03/28/2003","N/A","N/A","","N/A"
"Veterinary","No","","26793","Completed","Ragland Mills Inc","14079 Hammer Rd","N/A","Neosho","Missouri","	64850","United States","N/A","N/A","Distribution was made to AR, OK, MO, KS, KY, TX, LA, NE, IL, NM, IN, and MN.","V-362-3","Class II","Lucky H All Season Mineral Medicated, Net Wt 50 Lb, Guaranteed by: Lucky H Rt 1, Box 605, Garland, KS 66741","Unknown","Firm used trace mineral products and raw ingredient zinc oxide containing elevated levels of dioxin in the manufacture of supplements, premixes, and feed.","03/28/2003","N/A","N/A","","N/A"
"Veterinary","No","","26793","Completed","Ragland Mills Inc","14079 Hammer Rd","N/A","Neosho","Missouri","	64850","United States","N/A","N/A","Distribution was made to AR, OK, MO, KS, KY, TX, LA, NE, IL, NM, IN, and MN.","V-363-3","Class II","Osage Anaplas Meal (Medicated), Net Wt 50 Lb, Guaranteed by: Allen Brothers, Pawhska, OK 74056","Unknown","Firm used trace mineral products and raw ingredient zinc oxide containing elevated levels of dioxin in the manufacture of supplements, premixes, and feed.","03/28/2003","N/A","N/A","","N/A"
"Veterinary","No","","26793","Completed","Ragland Mills Inc","14079 Hammer Rd","N/A","Neosho","Missouri","	64850","United States","N/A","N/A","Distribution was made to AR, OK, MO, KS, KY, TX, LA, NE, IL, NM, IN, and MN.","V-376-3","Class II","Veemin 12/12 Cattle Mineral, Net Wt 50 Lb, Guaranteed by: Big V Feeds, Inc., McAlester, Oklahoma 74502","Unknown","Firm used trace mineral products and raw ingredient zinc oxide containing elevated levels of dioxin in the manufacture of supplements, premixes, and feed.","03/28/2003","N/A","N/A","","N/A"
"Veterinary","No","","26793","Completed","Ragland Mills Inc","14079 Hammer Rd","N/A","Neosho","Missouri","	64850","United States","N/A","N/A","Distribution was made to AR, OK, MO, KS, KY, TX, LA, NE, IL, NM, IN, and MN.","V-379-3","Class II","Veemin Anaplasmosis Vitamin-Mineral Supplement (Medicated), Net Wt 50 Lb, Guaranteed by: Big V Feeds, Inc., McAlester, Oklahoma 74502","Unknown","Firm used trace mineral products and raw ingredient zinc oxide containing elevated levels of dioxin in the manufacture of supplements, premixes, and feed.","03/28/2003","N/A","N/A","","N/A"
"Veterinary","No","","26922","Completed","Cargill Inc Animal Nutrition","N 4th St","PO Box 667","West Branch","Iowa","	52358","United States","N/A","N/A","The product was distributed in IL and IA.","V-280-3","Class II","Pig.Net Starter 2 (C400/T35) (WB) Medicated, product #7092D, containing 400 g/ton chlortetracycline and 35 g/ton tiamulin hydrogen fumarate, packaged in 50-lb. bags.  The label shows Cargill Animal Nutrition, Minneapolis, MN, as the responsible firm.","83/50-lb. bags","Firm received raw material ingredient zinc oxide from a supplier and it contained elevated levels of dioxin","05/06/2003","N/A","N/A","","N/A"
"Veterinary","No","","26922","Completed","Cargill Inc Animal Nutrition","N 4th St","PO Box 667","West Branch","Iowa","	52358","United States","N/A","N/A","The product was distributed in IL and IA.","V-281-3","Class II","Pig.Net Starter 3 (C400/T35) (WB) Medicated, product #7093D, containing 400 g/ton chlortetracycline and 35 g/ton tiamulin hydrogen fumarate, packaged in 50-lb. bags.  The label shows Cargill Animal Nutrition, Minneapolis, MN, as the responsible firm.","650/50-lb. bags","Firm received raw material ingredient zinc oxide from a supplier and it contained elevated levels of dioxin","05/06/2003","N/A","N/A","","N/A"
"Veterinary","No","","26922","Completed","Cargill Inc Animal Nutrition","N 4th St","PO Box 667","West Branch","Iowa","	52358","United States","N/A","N/A","The product was distributed in IL and IA.","V-285-3","Class II","Cargill Animal Nutrition Pork Focus 2.10 Pre-STR Diet (C400/T35) (WB) Medicated, product #99222D, containing 400 g/ton chlortetracycline and 35 g/ton tiamulin hydrogen fumarate, packaged in 50-lb. bags.  The label shows Cargill Animal Nutrition, Minneapolis, MN, as the responsible firm.","651/50-lb. bags","Firm received raw material ingredient zinc oxide from a supplier and it contained elevated levels of dioxin","05/06/2003","N/A","N/A","","N/A"
"Veterinary","No","","26922","Completed","Cargill Inc Animal Nutrition","N 4th St","PO Box 667","West Branch","Iowa","	52358","United States","N/A","N/A","The product was distributed in IL and IA.","V-289-3","Class II","Cargill Animal Nutrition Pork Focus 2.21 Starter Diet (C400/T35) (WB) Medicated, product #99230D, containing 400 g/ton chlortetracycline and 35 g/ton tiamulin hydrogen fumarate, packaged in 50-lb. bags.  The label shows Cargill Animal Nutrition, Minneapolis, MN, as the responsible firm.","895/50-lb. bags","Firm received raw material ingredient zinc oxide from a supplier and it contained elevated levels of dioxin","05/06/2003","N/A","N/A","","N/A"
"Veterinary","No","","26922","Completed","Cargill Inc Animal Nutrition","N 4th St","PO Box 667","West Branch","Iowa","	52358","United States","N/A","N/A","The product was distributed in IL and IA.","V-290-3","Class II","Cargill Animal Nutrition Pork Focus 2.22 Starter Diet (MCX) (WB) Medicated, product #99234M, containing 50 g/ton carbadox, packaged in 50-lb. bags.  The label shows Cargill Animal Nutrition, Minneapolis, MN, as the responsible firm.","161/50-lb. bags","Firm received raw material ingredient zinc oxide from a supplier and it contained elevated levels of dioxin","05/06/2003","N/A","N/A","","N/A"
"Veterinary","No","","26929","Completed","Eu-Tec Nutrition Inc","305 Pershing Rd","N/A","Maquoketa","Iowa","	52060","United States","N/A","N/A","Product was distributed in IL, KS, IA, and MN.","V-321-3","Class II","Eu-Tec Nutrition Easi Start, Medicated, A Complete Prestarter Feed for Pigs, containing 30 g/ton tiamulin hydrogen fumerate and 400 g/ton chlortetracycline, packaged in 50-lb. bags.  The label shows Manufactured by Eu-Tec Nutrition, Inc., Maquoketa, IA, as the responsible firm.","1-2 tons","Firm received raw material ingredient zinc oxide from a supplier that contained elevated levels of dioxin","05/05/2003","N/A","N/A","","N/A"
"Veterinary","No","","26929","Completed","Eu-Tec Nutrition Inc","305 Pershing Rd","N/A","Maquoketa","Iowa","	52060","United States","N/A","N/A","Product was distributed in IL, KS, IA, and MN.","V-322-3","Class II","SBD Prestarter 1 Medicated Swine Pellets, containing 35 g/ton tiamulin hydrogen fumarate and 400 g/ton chlortetracycline, packaged in 50-lb. bags.  The label shows Manufactured by Eu-Tec Nutrition, Inc., Maquoketa, IA.","82-164 tons","Firm received raw material ingredient zinc oxide from a supplier that contained elevated levels of dioxin","05/05/2003","N/A","N/A","","N/A"
"Veterinary","No","","26929","Completed","Eu-Tec Nutrition Inc","305 Pershing Rd","N/A","Maquoketa","Iowa","	52060","United States","N/A","N/A","Product was distributed in IL, KS, IA, and MN.","V-323-3","Class II","Suidae Technology Weaner Stage III Pellets, Medicated (DEN-CTC), A Complete Starter for Pigs, containing 35 g/ton tiamulin hydrogen fumarate and 400 g/ton chlortetracycline, packaged in 50-lb. bags.  The label shows Manufactured For Suidae Technology, Inc., Greensburg, IN, as the responsible firm.","3-6 tons","Firm received raw material ingredient zinc oxide from a supplier that contained elevated levels of dioxin","05/05/2003","N/A","N/A","","N/A"
"Veterinary","No","","26929","Completed","Eu-Tec Nutrition Inc","305 Pershing Rd","N/A","Maquoketa","Iowa","	52060","United States","N/A","N/A","Product was distributed in IL, KS, IA, and MN.","V-324-3","Class II","Premium Weaner Mecadox, Medicated, A Complete Prestarter Feed for Pigs, containing 50 g/ton carbadox, packaged in 50-lb. bags.  The label shows Manufactured for United Suppliers, Inc., Eldora, IA, as the responsible firm.","10-20 tons","Firm received raw material ingredient zinc oxide from a supplier that contained elevated levels of dioxin","05/05/2003","N/A","N/A","","N/A"
"Veterinary","No","","26929","Completed","Eu-Tec Nutrition Inc","305 Pershing Rd","N/A","Maquoketa","Iowa","	52060","United States","N/A","N/A","Product was distributed in IL, KS, IA, and MN.","V-325-3","Class II","Premium Starter Mecadox, Medicated, for starter pigs weighing 10 to 15 pounds, containing 50 g/ton carbadox, packaged in 50-lb. bags.  The label shows Manufactured for United Suppliers, Inc., Eldora, IA, as the responsible firm.","14-28 tons","Firm received raw material ingredient zinc oxide from a supplier that contained elevated levels of dioxin","05/05/2003","N/A","N/A","","N/A"
"Veterinary","No","","26929","Completed","Eu-Tec Nutrition Inc","305 Pershing Rd","N/A","Maquoketa","Iowa","	52060","United States","N/A","N/A","Product was distributed in IL, KS, IA, and MN.","V-326-3","Class II","Premium Starter Neo300, Medicated, A Complete Prestarter for Pigs, containing 300 g/ton neomycin, packaged in 50-lb. bags.  The label shows Manufactured for United Suppliers, Inc., Eldora, IA, as the responsible firm.","1-2 tons","Firm received raw material ingredient zinc oxide from a supplier that contained elevated levels of dioxin","05/05/2003","N/A","N/A","","N/A"
"Veterinary","No","","26929","Completed","Eu-Tec Nutrition Inc","305 Pershing Rd","N/A","Maquoketa","Iowa","	52060","United States","N/A","N/A","Product was distributed in IL, KS, IA, and MN.","V-327-3","Class II","Eu-Tec Nutrition Vital Medicated, A Complete Starter Feed for Pigs, containing 35 g/ton tiamulin hydrogen fumarate and 400 g/ton chlortetracycline, packaged in 50-lb. bags.  The label shows Manufactured by Eu-Tec Nutrition, Inc., Maquoketa, IA, as the responsible firm.","2-4 tons","Firm received raw material ingredient zinc oxide from a supplier that contained elevated levels of dioxin","05/05/2003","N/A","N/A","","N/A"
"Veterinary","No","","26929","Completed","Eu-Tec Nutrition Inc","305 Pershing Rd","N/A","Maquoketa","Iowa","	52060","United States","N/A","N/A","Product was distributed in IL, KS, IA, and MN.","V-328-3","Class II","McNess Livestock Nutrition Start 160 DG+ Swine Pellets, Medicated, A Complete Prestarter Feed for Pigs, containing 35 g/ton tiamulin hydrogen fumarate and 400 g/ton chlortetracycline, packaged in 50-lb. bags.  The label shows Manufactured for Furst McNess Co., Freeport, IL, as the responsible firm.","1-2 tons","Firm received raw material ingredient zinc oxide from a supplier that contained elevated levels of dioxin","05/05/2003","N/A","N/A","","N/A"
"Veterinary","No","","26929","Completed","Eu-Tec Nutrition Inc","305 Pershing Rd","N/A","Maquoketa","Iowa","	52060","United States","N/A","N/A","Product was distributed in IL, KS, IA, and MN.","V-329-3","Class II","McNess Livestock Nutrition Start 175 DG+ Swine Pellets, Medicated, containing 35 g/ton tiamulin hydrogen fumarate and 400 g/ton chlortetracycline, packaged in 50-lb. bags.  The label shows Manufactured for Furst McNess Co., Freeport, IL, as the responsible firm.","5-10  tons","Firm received raw material ingredient zinc oxide from a supplier that contained elevated levels of dioxin","05/05/2003","N/A","N/A","","N/A"
"Veterinary","No","","26929","Completed","Eu-Tec Nutrition Inc","305 Pershing Rd","N/A","Maquoketa","Iowa","	52060","United States","N/A","N/A","Product was distributed in IL, KS, IA, and MN.","V-330-3","Class II","Eu-Tec Nutrition Vital Medicated, A Complete Starter Feed for Pigs, containing 181 g/ton tilmicosin, packaged in 50-lb. bags.  The label shows Manufactured by Eu-Tec Nutrition, Inc., Maquoketa, IA, as the responsible firm.","1-2  tons","Firm received raw material ingredient zinc oxide from a supplier that contained elevated levels of dioxin","05/05/2003","N/A","N/A","","N/A"
"Veterinary","No","","26929","Completed","Eu-Tec Nutrition Inc","305 Pershing Rd","N/A","Maquoketa","Iowa","	52060","United States","N/A","N/A","Product was distributed in IL, KS, IA, and MN.","V-331-3","Class II","FAC 12-16, Medicated, A Complete Starter Feed for Pigs, containing 35 g/ton tiamulin hydrogen fumarate and 400 g/ton chlortetracycline, packaged in 50-lb. bags.  The label shows Manufactured For Farmers Cooperative Elevator Co., Arcadia, IA, as the responsible firm.","4-8 tons","Firm received raw material ingredient zinc oxide from a supplier that contained elevated levels of dioxin","05/05/2003","N/A","N/A","","N/A"
"Veterinary","No","","26929","Completed","Eu-Tec Nutrition Inc","305 Pershing Rd","N/A","Maquoketa","Iowa","	52060","United States","N/A","N/A","Product was distributed in IL, KS, IA, and MN.","V-332-3","Class II","FAC 16-22, Medicated, A Complete Starter Feed for Pigs, containing 35 g/ton tiamulin hydrogen fumarate and 400 g/ton chlortetracycline, packaged in 50-lb. bags.  The label shows Manufactured For Farmers Cooperative Elevator Co., Arcadia, IA, as the responsible firm.","5-10 tons","Firm received raw material ingredient zinc oxide from a supplier that contained elevated levels of dioxin","05/05/2003","N/A","N/A","","N/A"
"Veterinary","No","","26929","Completed","Eu-Tec Nutrition Inc","305 Pershing Rd","N/A","Maquoketa","Iowa","	52060","United States","N/A","N/A","Product was distributed in IL, KS, IA, and MN.","V-333-3","Class II","FAC 16-22, Medicated, A Complete Starter Feed for Pigs, containing 100 g/ton oxytetracycline and 200 g/ton neomycin sulfate, packaged in 50-lb. bags.  The label shows Manufactured For Farmers Cooperative Elevator Co., Arcadia, IA, as the responsible firm.","1-2 tons","Firm received raw material ingredient zinc oxide from a supplier that contained elevated levels of dioxin","05/05/2003","N/A","N/A","","N/A"
"Veterinary","No","","26929","Completed","Eu-Tec Nutrition Inc","305 Pershing Rd","N/A","Maquoketa","Iowa","	52060","United States","N/A","N/A","Product was distributed in IL, KS, IA, and MN.","V-334-3","Class II","FAC 16-22, Medicated, A Complete Starter Feed for Pigs, containing 50 g/ton carbadox, packaged in 50-lb. bags.  The label shows Manufactured For Farmers Cooperative Elevator Co., Arcadia, IA, as the responsible firm.","11-22 tons","Firm received raw material ingredient zinc oxide from a supplier that contained elevated levels of dioxin","05/05/2003","N/A","N/A","","N/A"
"Veterinary","No","","26929","Completed","Eu-Tec Nutrition Inc","305 Pershing Rd","N/A","Maquoketa","Iowa","	52060","United States","N/A","N/A","Product was distributed in IL, KS, IA, and MN.","V-335-3","Class II","Alpha Starter Swine Pellets-Medicated, A Complete Prestarter Feed for Pigs, containing 50 g/ton carbadox, packaged in 50-lb. bags.  The label shows Manufactured For Omega Nutrition, Fairmont, MN, as the responsible firm.","8-16 tons","Firm received raw material ingredient zinc oxide from a supplier that contained elevated levels of dioxin","05/05/2003","N/A","N/A","","N/A"
"Veterinary","No","","26929","Completed","Eu-Tec Nutrition Inc","305 Pershing Rd","N/A","Maquoketa","Iowa","	52060","United States","N/A","N/A","Product was distributed in IL, KS, IA, and MN.","V-336-3","Class II","Beta Starter Swine Pellets-Medicated, A Complete Prestarter Feed for Pigs, containing 50 g/ton carbadox, packaged in 50-lb. bags.  The label shows Manufactured For Omega Nutrition, Fairmont, MN, as the responsible firm.","5-10 tons","Firm received raw material ingredient zinc oxide from a supplier that contained elevated levels of dioxin","05/05/2003","N/A","N/A","","N/A"
"Veterinary","No","","26929","Completed","Eu-Tec Nutrition Inc","305 Pershing Rd","N/A","Maquoketa","Iowa","	52060","United States","N/A","N/A","Product was distributed in IL, KS, IA, and MN.","V-337-3","Class II","Gamma Starter Swine Pellets-Medicated, A Complete Prestarter Feed for Pigs, containing 55 g/ton carbadox, packaged in 50-lb. bags.  The label shows Manufactured For Omega Nutrition, Fairmont, MN, as the responsible firm.","4-8 tons","Firm received raw material ingredient zinc oxide from a supplier that contained elevated levels of dioxin","05/05/2003","N/A","N/A","","N/A"
"Veterinary","No","","26929","Completed","Eu-Tec Nutrition Inc","305 Pershing Rd","N/A","Maquoketa","Iowa","	52060","United States","N/A","N/A","Product was distributed in IL, KS, IA, and MN.","V-338-3","Class II","Wean Assure Swine Pellets-Medicated, A Complete Prestarter Feed for Pigs, containing 181 g/ton tilmicosin, distributed in 1,500-2,000 lb. totes.  The label shows  Manufactured For Omega Nutrition, Fairmont, MN, as the responsible firm.","4.5-6 tons","Firm received raw material ingredient zinc oxide from a supplier that contained elevated levels of dioxin","05/05/2003","N/A","N/A","","N/A"
"Veterinary","No","","26929","Completed","Eu-Tec Nutrition Inc","305 Pershing Rd","N/A","Maquoketa","Iowa","	52060","United States","N/A","N/A","Product was distributed in IL, KS, IA, and MN.","V-339-3","Class II","Wean Assure Swine Pellets-Medicated, A Complete Prestarter Feed for Pigs, containing 50 g/ton carbadox, distributed in 1,500-2,000 lb. totes.  The label shows  Manufactured For Omega Nutrition, Fairmont, MN, as the responsible firm.","22.5-30 tons","Firm received raw material ingredient zinc oxide from a supplier that contained elevated levels of dioxin","05/05/2003","N/A","N/A","","N/A"
"Veterinary","No","","26929","Completed","Eu-Tec Nutrition Inc","305 Pershing Rd","N/A","Maquoketa","Iowa","	52060","United States","N/A","N/A","Product was distributed in IL, KS, IA, and MN.","V-340-3","Class II","TP-1 Swine Pellets, Medicated, A Complete Starter Feed for Pigs, containing 250 g/ton neomycin sulfate, packaged in 50-lb. bags.  The label shows Manufactured For Omega Nutrition, Fairmont, MN, as the responsible firm.","2-4 tons","Firm received raw material ingredient zinc oxide from a supplier that contained elevated levels of dioxin","05/05/2003","N/A","N/A","","N/A"
"Veterinary","No","","26929","Completed","Eu-Tec Nutrition Inc","305 Pershing Rd","N/A","Maquoketa","Iowa","	52060","United States","N/A","N/A","Product was distributed in IL, KS, IA, and MN.","V-341-3","Class II","TP-2 Swine Pellets, Medicated, A Complete Starter Feed for Pigs, containing 250 g/ton neomycin sulfate, packaged in 50-lb. bags.  The label shows Manufactured For Omega Nutrition, Fairmont, MN, as the responsible firm.","1-2 tons","Firm received raw material ingredient zinc oxide from a supplier that contained elevated levels of dioxin","05/05/2003","N/A","N/A","","N/A"
"Veterinary","No","","26793","Completed","Ragland Mills Inc","14079 Hammer Rd","N/A","Neosho","Missouri","	64850","United States","N/A","N/A","Distribution was made to AR, OK, MO, KS, KY, TX, LA, NE, IL, NM, IN, and MN.","V-417-3","Class II","Ragland Southwest Cattle Producer 12:12 Mineral Supplement, Net Wt 50 Lb, Manufactured by Ragland Mills, Inc., 14079 Hammer Rd., Neosho, MO 64850","Unknown","Firm used trace mineral products and raw ingredient zinc oxide containing elevated levels of dioxin in the manufacture of supplements, premixes, and feed.","03/28/2003","N/A","N/A","","N/A"
"Veterinary","No","","26793","Completed","Ragland Mills Inc","14079 Hammer Rd","N/A","Neosho","Missouri","	64850","United States","N/A","N/A","Distribution was made to AR, OK, MO, KS, KY, TX, LA, NE, IL, NM, IN, and MN.","V-439-3","Class II","Ragland Growth-Booster Free Choice Mineral with Bovatec Medicated, Net Wt 50 Lb, Manufactured by Ragland Mills, Inc., 14079 Hammer Rd., Neosho, MO 64850","Unknown","Firm used trace mineral products and raw ingredient zinc oxide containing elevated levels of dioxin in the manufacture of supplements, premixes, and feed.","03/28/2003","N/A","N/A","","N/A"
"Veterinary","No","","26793","Completed","Ragland Mills Inc","14079 Hammer Rd","N/A","Neosho","Missouri","	64850","United States","N/A","N/A","Distribution was made to AR, OK, MO, KS, KY, TX, LA, NE, IL, NM, IN, and MN.","V-440-3","Class II","Purchase Pride Growth-Booster Free Choice Mineral with Bovatec Medicated, Net Wt 50 Lb, Guaranteed by: Kevil Crop Service dba Rudys Farm Center, P.O. Box 10, Kevil, Kentucky 42053","Unknown","Firm used trace mineral products and raw ingredient zinc oxide containing elevated levels of dioxin in the manufacture of supplements, premixes, and feed.","03/28/2003","N/A","N/A","","N/A"
"Veterinary","No","","26793","Completed","Ragland Mills Inc","14079 Hammer Rd","N/A","Neosho","Missouri","	64850","United States","N/A","N/A","Distribution was made to AR, OK, MO, KS, KY, TX, LA, NE, IL, NM, IN, and MN.","V-441-3","Class II","A&M Growth-Booster Free Choice Mineral with Bovatec Medicated, Net Wt 50 Lb, Guaranteed by Stillwater Milling Company, Box 2407, Stillwater, Oklahoma 74076","Unknown","Firm used trace mineral products and raw ingredient zinc oxide containing elevated levels of dioxin in the manufacture of supplements, premixes, and feed.","03/28/2003","N/A","N/A","","N/A"
"Veterinary","No","","26793","Completed","Ragland Mills Inc","14079 Hammer Rd","N/A","Neosho","Missouri","	64850","United States","N/A","N/A","Distribution was made to AR, OK, MO, KS, KY, TX, LA, NE, IL, NM, IN, and MN.","V-442-3","Class II","Stockade Free-Choice Livestock Mineral with Bovatec (Medicated), Net Wt 50 Lb, Guaranteed by: Harvest Brands, Inc., Pittsburg, Kansas  66762","Unknown","Firm used trace mineral products and raw ingredient zinc oxide containing elevated levels of dioxin in the manufacture of supplements, premixes, and feed.","03/28/2003","N/A","N/A","","N/A"
"Veterinary","No","","26793","Completed","Ragland Mills Inc","14079 Hammer Rd","N/A","Neosho","Missouri","	64850","United States","N/A","N/A","Distribution was made to AR, OK, MO, KS, KY, TX, LA, NE, IL, NM, IN, and MN.","V-443-3","Class II","Growth Promoter Mineral, Medicated, Net Wt 50 Lb","Unknown","Firm used trace mineral products and raw ingredient zinc oxide containing elevated levels of dioxin in the manufacture of supplements, premixes, and feed.","03/28/2003","N/A","N/A","","N/A"
"Veterinary","No","","26793","Completed","Ragland Mills Inc","14079 Hammer Rd","N/A","Neosho","Missouri","	64850","United States","N/A","N/A","Distribution was made to AR, OK, MO, KS, KY, TX, LA, NE, IL, NM, IN, and MN.","V-444-3","Class II","Ragland Health Booster Mineral Medicated, Net Wt 50 Lb, Manufactured by Ragland Mills, Inc., 14079 Hammer Rd., Neosho, MO  64850","Unknown","Firm used trace mineral products and raw ingredient zinc oxide containing elevated levels of dioxin in the manufacture of supplements, premixes, and feed.","03/28/2003","N/A","N/A","","N/A"
"Veterinary","No","","27076","Completed","Frontier Feeds Company","130 East 11th","PO Box 268","Monticello","Iowa","	52310","United States","N/A","N/A","Distribution was made to producers located in IA.","V-298-3","Class II","Frontier Feeds Beef Finisher 1804, Beef Cattle Feedlot Mineral, packaged in 50-lb. bags.  The label shows Manufactured by Frontier Feeds Co., Monticello, IA, as the responsible firm.","163/50-lb. bags","Firm received raw material ingredient zinc oxide from a supplier that contained elevated levels of dioxin.","05/09/2003","N/A","N/A","","N/A"
"Veterinary","No","","27076","Completed","Frontier Feeds Company","130 East 11th","PO Box 268","Monticello","Iowa","	52310","United States","N/A","N/A","Distribution was made to producers located in IA.","V-299-3","Class II","Frontier Feeds 40% Beef Balancer B600 Cattle Concentrate, containing 600 gm/ton lasalocid, packaged in 50-lb. bags and bulk.  The label shows Manufactured by Frontier Feeds Co., Monticello, IA, as the responsible firm.","55/50-lb. bags and 5.84 tons bulk","Firm received raw material ingredient zinc oxide from a supplier that contained elevated levels of dioxin.","05/09/2003","N/A","N/A","","N/A"
"Veterinary","No","","27076","Completed","Frontier Feeds Company","130 East 11th","PO Box 268","Monticello","Iowa","	52310","United States","N/A","N/A","Distribution was made to producers located in IA.","V-300-3","Class II","Bulk G & A Farms 32% Protein Beef Calf Starter/Grower Concentrate with Lasalocid, Medicated, containing 600 g/ton lasalocid.  The label shows Manufactured by Frontier Feeds Co., Monticello, IA, as the responsible firm.","5.67 tons bulk","Firm received raw material ingredient zinc oxide from a supplier that contained elevated levels of dioxin.","05/09/2003","N/A","N/A","","N/A"
"Veterinary","No","","27083","Completed","English River Pellets Inc","126 E Ave","Box 1203","Kalona","Iowa","	52247","United States","N/A","N/A","Distribution was made to IL, IA, and MN.","V-304-3","Class II","MPP Super Pig Starter A, Medicated, a complete feed for starter swine, containing 50 g/ton (0.0055%)carbadox, product #331, packaged in 50-lb. bags.  The label shows Manufactured by English River Pellets, Inc., Kalona, IA, as the responsible firm.","340/50-lb. bags","Firm received raw material ingredient zinc oxide from a supplier that contained elevated levels of dioxin","04/29/2003","N/A","N/A","","N/A"
"Veterinary","No","","27083","Completed","English River Pellets Inc","126 E Ave","Box 1203","Kalona","Iowa","	52247","United States","N/A","N/A","Distribution was made to IL, IA, and MN.","V-305-3","Class II","MPP Super Pig Starter B, Medicated, containing 50 g/ton carbadox, product #337, bulk and packaged in 50-lb. bags.  The label shows Manufactured by English River Pellets, Inc., Kalona, IA, as the responsible firm.","18,580 lbs. bulk; 1,037/50-lb. bags.","Firm received raw material ingredient zinc oxide from a supplier that contained elevated levels of dioxin","04/29/2003","N/A","N/A","","N/A"
"Veterinary","No","","27083","Completed","English River Pellets Inc","126 E Ave","Box 1203","Kalona","Iowa","	52247","United States","N/A","N/A","Distribution was made to IL, IA, and MN.","V-306-3","Class II","MPP Super Pig Starter C, Medicated, containing 50 g/ton carbadox, product #342, bulk and packaged in 50-lb. bags.  The label shows Manufactured by English River Pellets, Inc., Kalona, IA, as the responsible firm.","2,040 lbs. bulk; 410/50-lb. bags","Firm received raw material ingredient zinc oxide from a supplier that contained elevated levels of dioxin","04/29/2003","N/A","N/A","","N/A"
"Veterinary","No","","27083","Completed","English River Pellets Inc","126 E Ave","Box 1203","Kalona","Iowa","	52247","United States","N/A","N/A","Distribution was made to IL, IA, and MN.","V-307-3","Class II","MPP Super Pig Starter D, Medicated, containing 100 g/ton oxytetracycline and 200 g/ton neomycin sulfate, product #347, packaged in 50-lb. bags.  The label shows Manufactured by English River Pellets, Inc., Kalona, IA, as the responsible firm.","17/50-lb. bags","Firm received raw material ingredient zinc oxide from a supplier that contained elevated levels of dioxin","04/29/2003","N/A","N/A","","N/A"
"Veterinary","No","","26793","Completed","Ragland Mills Inc","14079 Hammer Rd","N/A","Neosho","Missouri","	64850","United States","N/A","N/A","Distribution was made to AR, OK, MO, KS, KY, TX, LA, NE, IL, NM, IN, and MN.","V-478-3","Class II","Ragland Pasture 10 Mineral/Vitamin Supplement Medicated for Growing Cattle, Net Wt 50 Lb., Manufactured by Ragland Mills, Inc., 14079 Hammer Rd., Neosho, MO  64850","Unknown","Firm used trace mineral products and raw ingredient zinc oxide containing elevated levels of dioxin in the manufacture of supplements, premixes, and feed.","03/28/2003","N/A","N/A","","N/A"
"Veterinary","No","","26793","Completed","Ragland Mills Inc","14079 Hammer Rd","N/A","Neosho","Missouri","	64850","United States","N/A","N/A","Distribution was made to AR, OK, MO, KS, KY, TX, LA, NE, IL, NM, IN, and MN.","V-479-3","Class II","Ragland Pasture Ade Mineral Medicated for Beef Cattle on Pasture, Net Wt 50 Lb., Manufactured by Ragland Mills, Inc., 14079 Hammer Rd., Neosho, MO  64850","Unknown","Firm used trace mineral products and raw ingredient zinc oxide containing elevated levels of dioxin in the manufacture of supplements, premixes, and feed.","03/28/2003","N/A","N/A","","N/A"
"Veterinary","No","","26793","Completed","Ragland Mills Inc","14079 Hammer Rd","N/A","Neosho","Missouri","	64850","United States","N/A","N/A","Distribution was made to AR, OK, MO, KS, KY, TX, LA, NE, IL, NM, IN, and MN.","V-480-3","Class II","Big Country Anaplaz Mineral Medicated for Beef Cattle on Pasture, Net Wt 50 Lb, Manufactured For: Big Country Farm Center, 1800 17th Northeast Street, Paris, TX 75463, Guaranteed By: Ragland Mills, Inc., 14079 Hammer Rd, Neosho, MO  64850","Unknown","Firm used trace mineral products and raw ingredient zinc oxide containing elevated levels of dioxin in the manufacture of supplements, premixes, and feed.","03/28/2003","N/A","N/A","","N/A"
"Veterinary","No","","26793","Completed","Ragland Mills Inc","14079 Hammer Rd","N/A","Neosho","Missouri","	64850","United States","N/A","N/A","Distribution was made to AR, OK, MO, KS, KY, TX, LA, NE, IL, NM, IN, and MN.","V-481-3","Class II","Ragland Ranch-O Phos-8 With Rabon Oral Larvicide for Beef Cattle on Pasture, for Lactating & Non-Lactating Dairy Cattle, Net Wt 50 Lbs., Manufactured by Ragland Mills, Inc., 14079 Hammer Rd., Neosho, MO  64850","Unknown","Firm used trace mineral products and raw ingredient zinc oxide containing elevated levels of dioxin in the manufacture of supplements, premixes, and feed.","03/28/2003","N/A","N/A","","N/A"
"Veterinary","No","","26793","Completed","Ragland Mills Inc","14079 Hammer Rd","N/A","Neosho","Missouri","	64850","United States","N/A","N/A","Distribution was made to AR, OK, MO, KS, KY, TX, LA, NE, IL, NM, IN, and MN.","V-489-3","Class II","A&M Feeds Pur Pro 700 Anaplaz Meal Medicated For Beef Cattle on Pasture, Net Wt 50 Lb, Guaranteed By Stillwater Milling Company, Box 2407, Stillwater, OK  74076","Unknown","Firm used trace mineral products and raw ingredient zinc oxide containing elevated levels of dioxin in the manufacture of supplements, premixes, and feed.","03/28/2003","N/A","N/A","","N/A"
"Veterinary","No","","26793","Completed","Ragland Mills Inc","14079 Hammer Rd","N/A","Neosho","Missouri","	64850","United States","N/A","N/A","Distribution was made to AR, OK, MO, KS, KY, TX, LA, NE, IL, NM, IN, and MN.","V-501-3","Class II","Ragland 24% Supplement For Cattle, Net Wt 200 Lb, Manufactured by:  Ragland Mills, Inc., 1341 First Street Sw, Paris, TX  75460","Unknown","Firm used trace mineral products and raw ingredient zinc oxide containing elevated levels of dioxin in the manufacture of supplements, premixes, and feed.","03/28/2003","N/A","N/A","","N/A"
"Veterinary","No","","26793","Completed","Ragland Mills Inc","14079 Hammer Rd","N/A","Neosho","Missouri","	64850","United States","N/A","N/A","Distribution was made to AR, OK, MO, KS, KY, TX, LA, NE, IL, NM, IN, and MN.","V-502-3","Class II","Ragland 24% Supplement For Cattle, Net Wt 125 Lb, Manufactured by:  Ragland Mills, Inc., 1341 First Street Sw, Paris, TX  75460","Unknown","Firm used trace mineral products and raw ingredient zinc oxide containing elevated levels of dioxin in the manufacture of supplements, premixes, and feed.","03/28/2003","N/A","N/A","","N/A"
"Veterinary","No","","26793","Completed","Ragland Mills Inc","14079 Hammer Rd","N/A","Neosho","Missouri","	64850","United States","N/A","N/A","Distribution was made to AR, OK, MO, KS, KY, TX, LA, NE, IL, NM, IN, and MN.","V-503-3","Class II","Ragland 24% Supplement For Cattle, Net Wt 500 Lb, Manufactured by:  Ragland Mills, Inc., 1341 First Street Sw, Paris, TX  75460","Unknown","Firm used trace mineral products and raw ingredient zinc oxide containing elevated levels of dioxin in the manufacture of supplements, premixes, and feed.","03/28/2003","N/A","N/A","","N/A"
"Veterinary","No","","26793","Completed","Ragland Mills Inc","14079 Hammer Rd","N/A","Neosho","Missouri","	64850","United States","N/A","N/A","Distribution was made to AR, OK, MO, KS, KY, TX, LA, NE, IL, NM, IN, and MN.","V-504-3","Class II","Ragland 24% Supplement For Cattle, Net Wt 250 Lb, Manufactured by:  Ragland Mills, Inc., 1341 First Street Sw, Paris, TX  75460","Unknown","Firm used trace mineral products and raw ingredient zinc oxide containing elevated levels of dioxin in the manufacture of supplements, premixes, and feed.","03/28/2003","N/A","N/A","","N/A"
"Veterinary","No","","26793","Completed","Ragland Mills Inc","14079 Hammer Rd","N/A","Neosho","Missouri","	64850","United States","N/A","N/A","Distribution was made to AR, OK, MO, KS, KY, TX, LA, NE, IL, NM, IN, and MN.","V-505-3","Class II","Veemin 24% Supplement For Cattle, Net Wt 200 Lb, Guaranteed by:  Big V Feeds, Inc., McAlester, Oklahoma  74502","Unknown","Firm used trace mineral products and raw ingredient zinc oxide containing elevated levels of dioxin in the manufacture of supplements, premixes, and feed.","03/28/2003","N/A","N/A","","N/A"
"Veterinary","No","","26793","Completed","Ragland Mills Inc","14079 Hammer Rd","N/A","Neosho","Missouri","	64850","United States","N/A","N/A","Distribution was made to AR, OK, MO, KS, KY, TX, LA, NE, IL, NM, IN, and MN.","V-506-3","Class II","VFM 24% Supplement For Cattle, Net Wt 200 Lb, Guaranteed by Valley Feed Mill, Inc., Paris, Texas  75460","Unknown","Firm used trace mineral products and raw ingredient zinc oxide containing elevated levels of dioxin in the manufacture of supplements, premixes, and feed.","03/28/2003","N/A","N/A","","N/A"
"Veterinary","No","","26793","Completed","Ragland Mills Inc","14079 Hammer Rd","N/A","Neosho","Missouri","	64850","United States","N/A","N/A","Distribution was made to AR, OK, MO, KS, KY, TX, LA, NE, IL, NM, IN, and MN.","V-507-3","Class II","Ranch King 24% Supplement For Cattle, Net Wt 200 Lb, Guaranteed by Livestock Supply Co, Duncanville, Texas  75138","Unknown","Firm used trace mineral products and raw ingredient zinc oxide containing elevated levels of dioxin in the manufacture of supplements, premixes, and feed.","03/28/2003","N/A","N/A","","N/A"
"Veterinary","No","","26793","Completed","Ragland Mills Inc","14079 Hammer Rd","N/A","Neosho","Missouri","	64850","United States","N/A","N/A","Distribution was made to AR, OK, MO, KS, KY, TX, LA, NE, IL, NM, IN, and MN.","V-508-3","Class II","A&M Feeds 24% Supplement For Cattle, Net Wt 200 Lb, Guaranteed by Stillwater Milling Company, Box 2407, Stillwater, Oklahoma  74076","Unknown","Firm used trace mineral products and raw ingredient zinc oxide containing elevated levels of dioxin in the manufacture of supplements, premixes, and feed.","03/28/2003","N/A","N/A","","N/A"
"Veterinary","No","","26793","Completed","Ragland Mills Inc","14079 Hammer Rd","N/A","Neosho","Missouri","	64850","United States","N/A","N/A","Distribution was made to AR, OK, MO, KS, KY, TX, LA, NE, IL, NM, IN, and MN.","V-509-3","Class II","FMC Feeds 24% Supplement For Cattle, Net Wt 200 Lb, Guaranteed by:  Farmers Milling Company of Graham, Inc., P.O. Box 89, 406 Sixth Street, Graham, Texas  76450","Unknown","Firm used trace mineral products and raw ingredient zinc oxide containing elevated levels of dioxin in the manufacture of supplements, premixes, and feed.","03/28/2003","N/A","N/A","","N/A"
"Veterinary","No","","26793","Completed","Ragland Mills Inc","14079 Hammer Rd","N/A","Neosho","Missouri","	64850","United States","N/A","N/A","Distribution was made to AR, OK, MO, KS, KY, TX, LA, NE, IL, NM, IN, and MN.","V-510-3","Class II","Red Chain Feeds 24% Supplement For Cattle, Net Wt 200 Lb, Guaranteed by:  Gorman Milling Co., Box 276, Gorman, Texas  76454","Unknown","Firm used trace mineral products and raw ingredient zinc oxide containing elevated levels of dioxin in the manufacture of supplements, premixes, and feed.","03/28/2003","N/A","N/A","","N/A"
"Veterinary","No","","26793","Completed","Ragland Mills Inc","14079 Hammer Rd","N/A","Neosho","Missouri","	64850","United States","N/A","N/A","Distribution was made to AR, OK, MO, KS, KY, TX, LA, NE, IL, NM, IN, and MN.","V-522-3","Class II","Ragland Summer Health Mineral With Rabon Oral Larvicide and Chlortetracycline medicated for beef cattle on pasture, Net Wt 50 Lb, Manufactured by Ragland Mills, Inc., 14079 Hammer Rd., Neosho, MO  64850","Unknown","Firm used trace mineral products and raw ingredient zinc oxide containing elevated levels of dioxin in the manufacture of supplements, premixes, and feed.","03/28/2003","N/A","N/A","","N/A"
"Veterinary","No","","26793","Completed","Ragland Mills Inc","14079 Hammer Rd","N/A","Neosho","Missouri","	64850","United States","N/A","N/A","Distribution was made to AR, OK, MO, KS, KY, TX, LA, NE, IL, NM, IN, and MN.","V-523-3","Class II","A&M Feeds Summer Health Mineral With Rabon Oral Larvicide and Chlortetracycline medicated for beef cattle on pasture, Net Wt 50 Lb, Guaranteed by   Stillwater Milling Company, Box 2407, Stillwater, Oklahoma  74076","Unknown","Firm used trace mineral products and raw ingredient zinc oxide containing elevated levels of dioxin in the manufacture of supplements, premixes, and feed.","03/28/2003","N/A","N/A","","N/A"
"Veterinary","No","","27083","Completed","English River Pellets Inc","126 E Ave","Box 1203","Kalona","Iowa","	52247","United States","N/A","N/A","Distribution was made to IL, IA, and MN.","V-311-3","Class II","MPP Super Pig Starter B, Medicated, containing 35 g/ton tiamulin hydrogen fumarate and 400 g/ton chlortetracycline, product #338.  The label shows Manufactured by English River Pellets, Inc., Kalona, IA, as the responsible firm.","315/50-lb. bags","Firm received raw material ingredient zinc oxide from a supplier that contained elevated levels of dioxin","04/29/2003","N/A","N/A","","N/A"
"Veterinary","No","","26466","Ongoing","Federacion de Asociaciones Pecuarias de P.R. Inc.","Bo. Malecon","N/A","Mayaguez","Puerto Rico","	00680","United States","N/A","N/A","Distribution was to farmer and stores in Puerto Rico onlhy.","V-027-4","Class II","18% Dairy H.E. Plus with Bicarbonate ¿ feed for dairy cattle, pellets distributed in 100 lbs bulk (236420). Animal Feed manufactured using Wheat Middling.  All labels are in Spanish since product is local distribution","62,020 lbs","Laboratory analysis revealed the presence of pirimiphos-methyl","06/06/2003","N/A","N/A","","N/A"
"Veterinary","No","","26466","Ongoing","Federacion de Asociaciones Pecuarias de P.R. Inc.","Bo. Malecon","N/A","Mayaguez","Puerto Rico","	00680","United States","N/A","N/A","Distribution was to farmer and stores in Puerto Rico onlhy.","V-028-4","Class II","16% High Energy ''Texturizado'' - feed for dairy cattle, mashed product distributed in   100 lbs bulk (236810).   Animal Feed manufactured using Wheat Middling.  All labels are in Spanish since product is local distribution    ","192, 200 lbs","Laboratory analysis revealed the presence of pirimiphos-methyl","06/06/2003","N/A","N/A","","N/A"
"Veterinary","No","","26527","Ongoing","Federacion de Asociaciones Pecuarias de P.R. Inc.","Bo. Malecon","N/A","Mayaguez","Puerto Rico","	00680","United States","N/A","N/A","Distribution was to farmers and stores in Puerto Rico only.","V-024-4","Class II","18% Dairy Milk Producer, feed for dairy cattle, mashed product in 50 lbs bags (231712)   Animal feed manufactured using corn.  All labels are in Spanish since product is for local distribution.","37,200 lbs","Laboratory analysis revealed the presence of FENITROTHION.","06/17/2003","N/A","N/A","","N/A"
"Veterinary","No","","26466","Ongoing","Federacion de Asociaciones Pecuarias de P.R. Inc.","Bo. Malecon","N/A","Mayaguez","Puerto Rico","	00680","United States","N/A","N/A","Distribution was to farmer and stores in Puerto Rico onlhy.","V-030-4","Class II","14% Dry & Freshening - feed for dry ''Horras'' cattle, pellets distributed in 100 lbs bulk (238220.    Animal Feed manufactured using Wheat Middling.  All labels are in Spanish since product is local distribution    ","24, 800 lbs","Laboratory analysis revealed the presence of pirimiphos-methyl","06/06/2003","N/A","N/A","","N/A"
"Veterinary","No","","26466","Ongoing","Federacion de Asociaciones Pecuarias de P.R. Inc.","Bo. Malecon","N/A","Mayaguez","Puerto Rico","	00680","United States","N/A","N/A","Distribution was to farmer and stores in Puerto Rico onlhy.","V-031-4","Class II","14% High Energy ''Texturizado'' for dairy cattle, mashed product distributed in 100 lbs bulk (244010).    Animal Feed manufactured using Wheat Middling.  All labels are in Spanish since product is local distribution    ","167, 400 lbs","Laboratory analysis revealed the presence of pirimiphos-methyl","06/06/2003","N/A","N/A","","N/A"
"Veterinary","No","","26466","Ongoing","Federacion de Asociaciones Pecuarias de P.R. Inc.","Bo. Malecon","N/A","Mayaguez","Puerto Rico","	00680","United States","N/A","N/A","Distribution was to farmer and stores in Puerto Rico onlhy.","V-032-4","Class II","Custom Formula 17% Dairy Supreme H.E. ¿ feed for dairy cattle, pellets distributed in 100 lbs bulk (4001-20)  Animal Feed manufactured using Wheat Middling.  All labels are in Spanish since product is local distribution        ","179, 800 lbs","Laboratory analysis revealed the presence of pirimiphos-methyl","06/06/2003","N/A","N/A","","N/A"
"Veterinary","No","","26466","Ongoing","Federacion de Asociaciones Pecuarias de P.R. Inc.","Bo. Malecon","N/A","Mayaguez","Puerto Rico","	00680","United States","N/A","N/A","Distribution was to farmer and stores in Puerto Rico onlhy.","V-033-4","Class II","Dairy Supreme ''Texturizado''- for dairy cattle, mashed product distributed in 100 lbs bulk (917510)  Animal Feed manufactured using Wheat Middling.  All labels are in Spanish since product is local distribution    ","111, 600 lbs","Laboratory analysis revealed the presence of pirimiphos-methyl","06/06/2003","N/A","N/A","","N/A"
"Veterinary","No","","26466","Ongoing","Federacion de Asociaciones Pecuarias de P.R. Inc.","Bo. Malecon","N/A","Mayaguez","Puerto Rico","	00680","United States","N/A","N/A","Distribution was to farmer and stores in Puerto Rico onlhy.","V-034-4","Class II","18% Dairy Summer Supreme ¿for dairy cattle, pellets distributed in 100 lbs bulk (921020)  Animal Feed manufactured using Wheat Middling.  All labels are in Spanish since product is local distribution  ","446,490 lbs","Laboratory analysis revealed the presence of pirimiphos-methyl","06/06/2003","N/A","N/A","","N/A"
"Veterinary","No","","26466","Ongoing","Federacion de Asociaciones Pecuarias de P.R. Inc.","Bo. Malecon","N/A","Mayaguez","Puerto Rico","	00680","United States","N/A","N/A","Distribution was to farmer and stores in Puerto Rico onlhy.","V-037-4","Class II","18% Dairy H.E. ¿ for dairy cattle, pellets distributed in 100 lbs bulk (951020).  Animal Feed manufactured using Wheat Middling.  All labels are in Spanish since product is local distribution  ","86,828  lbs","Laboratory analysis revealed the presence of pirimiphos-methyl","06/06/2003","N/A","N/A","","N/A"
"Veterinary","No","","26466","Ongoing","Federacion de Asociaciones Pecuarias de P.R. Inc.","Bo. Malecon","N/A","Mayaguez","Puerto Rico","	00680","United States","N/A","N/A","Distribution was to farmer and stores in Puerto Rico onlhy.","V-038-4","Class II","18% Dairy Summer Supreme ¿ for dairy cattle, mashed product distributed in 100 lbs bulk (960010).  Animal Feed manufactured using Wheat Middling.  All labels are in Spanish since product is local distribution","43,435  lbs","Laboratory analysis revealed the presence of pirimiphos-methyl","06/06/2003","N/A","N/A","","N/A"
"Veterinary","No","","26466","Ongoing","Federacion de Asociaciones Pecuarias de P.R. Inc.","Bo. Malecon","N/A","Mayaguez","Puerto Rico","	00680","United States","N/A","N/A","Distribution was to farmer and stores in Puerto Rico onlhy.","V-039-4","Class II","18% Dairy Summer Supreme ¿ for dairy cattle, pellets distributed in 100 lbs bulk (960020).  Animal Feed manufactured using Wheat Middling.  All labels are in Spanish since product is local distribution","1,197,565  lbs","Laboratory analysis revealed the presence of pirimiphos-methyl","06/06/2003","N/A","N/A","","N/A"
"Veterinary","No","","26466","Ongoing","Federacion de Asociaciones Pecuarias de P.R. Inc.","Bo. Malecon","N/A","Mayaguez","Puerto Rico","	00680","United States","N/A","N/A","Distribution was to farmer and stores in Puerto Rico onlhy.","V-040-4","Class II","18% Dairy Summer Supreme ¿ for dairy cattle, pellets distributed in 100 lbs bulk (960020).Animal Feed manufactured using Wheat Middling.  All labels are in Spanish since product is local distribution","1,197,565  lbs","Laboratory analysis revealed the presence of pirimiphos-methyl","06/06/2003","N/A","N/A","","N/A"
"Veterinary","No","","26466","Ongoing","Federacion de Asociaciones Pecuarias de P.R. Inc.","Bo. Malecon","N/A","Mayaguez","Puerto Rico","	00680","United States","N/A","N/A","Distribution was to farmer and stores in Puerto Rico onlhy.","V-041-4","Class II","18% Dairy Summer Supreme with Sodium Bicarbonate- for dairy cattle, pellets distributed in 100 lbs bulk (961020).  Animal Feed manufactured using Wheat Middling.  All labels are in Spanish since product is local distribution","18, 614  lbs","Laboratory analysis revealed the presence of pirimiphos-methyl","06/06/2003","N/A","N/A","","N/A"
"Veterinary","No","","26466","Ongoing","Federacion de Asociaciones Pecuarias de P.R. Inc.","Bo. Malecon","N/A","Mayaguez","Puerto Rico","	00680","United States","N/A","N/A","Distribution was to farmer and stores in Puerto Rico onlhy.","V-042-4","Class II","18% Dairy Summer Supreme with Sodium Bicarbonate Plus ¿for dairy cattle, pellets distributed in 100 lbs bulk (961220).  Animal Feed manufactured using Wheat Middling.  All labels are in Spanish since product is local distribution  ","186, 044  lbs","Laboratory analysis revealed the presence of pirimiphos-methyl","06/06/2003","N/A","N/A","","N/A"
"Veterinary","No","","26466","Ongoing","Federacion de Asociaciones Pecuarias de P.R. Inc.","Bo. Malecon","N/A","Mayaguez","Puerto Rico","	00680","United States","N/A","N/A","Distribution was to farmer and stores in Puerto Rico onlhy.","V-043-4","Class II","16% Dairy Summer Supreme- for dairy cattle, pellets distributed in 100 lbs bulk (961620).Animal Feed manufactured using Wheat Middling.  All labels are in Spanish since product is local distribution","186, 044  lbs","Laboratory analysis revealed the presence of pirimiphos-methyl","06/06/2003","N/A","N/A","","N/A"
"Veterinary","No","","26466","Ongoing","Federacion de Asociaciones Pecuarias de P.R. Inc.","Bo. Malecon","N/A","Mayaguez","Puerto Rico","	00680","United States","N/A","N/A","Distribution was to farmer and stores in Puerto Rico onlhy.","V-044-4","Class II","16% Dairy Summer Supreme with Sodium Bicarbonate ¿ for dairy cattle, pellets distributed in 100 lbs bulk (961720).  Animal Feed manufactured using Wheat Middling.  All labels are in Spanish since product is local distribution  ","24, 807 lbs","Laboratory analysis revealed the presence of pirimiphos-methyl","06/06/2003","N/A","N/A","","N/A"
"Veterinary","No","","26466","Ongoing","Federacion de Asociaciones Pecuarias de P.R. Inc.","Bo. Malecon","N/A","Mayaguez","Puerto Rico","	00680","United States","N/A","N/A","Distribution was to farmer and stores in Puerto Rico onlhy.","V-045-4","Class II","16% High Energy ''Texturizado'' Cotton ¿ for dairy cattle, mashed product distributed in   10 lbs bulk (972010).  Animal Feed manufactured using Wheat Middling.  All labels are in Spanish since product is local distribution","483, 600 lbs","Laboratory analysis revealed the presence of pirimiphos-methyl","06/06/2003","N/A","N/A","","N/A"
"Veterinary","No","","26466","Ongoing","Federacion de Asociaciones Pecuarias de P.R. Inc.","Bo. Malecon","N/A","Mayaguez","Puerto Rico","	00680","United States","N/A","N/A","Distribution was to farmer and stores in Puerto Rico onlhy.","V-046-4","Class II","16% Heifer Ration Medicated - feed for bovine growing animal, mashed product distributed in 100 lbs bulk (236010).Animal Feed manufactured using Wheat Middling.  All labels are in Spanish since product is local distribution    ","6,200  lbs","Laboratory analysis revealed the presence of pirimiphos-methyl","06/06/2003","N/A","N/A","","N/A"
"Veterinary","No","","26466","Ongoing","Federacion de Asociaciones Pecuarias de P.R. Inc.","Bo. Malecon","N/A","Mayaguez","Puerto Rico","	00680","United States","N/A","N/A","Distribution was to farmer and stores in Puerto Rico onlhy.","V-047-4","Class II","16% Heifer Ration Medicated ¿ feed for bovine growing animal, mashed product distributed in 100 lbs plastic bags (236014).Animal Feed manufactured using Wheat Middling.  All labels are in Spanish since product is local distribution","2, 480lbs","Laboratory analysis revealed the presence of pirimiphos-methyl","06/06/2003","N/A","N/A","","N/A"
"Veterinary","No","","26466","Ongoing","Federacion de Asociaciones Pecuarias de P.R. Inc.","Bo. Malecon","N/A","Mayaguez","Puerto Rico","	00680","United States","N/A","N/A","Distribution was to farmer and stores in Puerto Rico onlhy.","V-048-4","Class II","16% Heifer Ration Medicated ¿ feed for bovine growing animal, pellets distributed in 100 lbs bulk (236020).Animal Feed manufactured using Wheat Middling.  All labels are in Spanish since product is local distribution    ","117,800 lbs","Laboratory analysis revealed the presence of pirimiphos-methyl","06/06/2003","N/A","N/A","","N/A"
"Veterinary","No","","26781","Terminated","Federacion de Asociaciones Pecuarias de P.R. Inc.","Bo. Malecon","N/A","Mayaguez","Puerto Rico","	00680","United States","N/A","N/A","Distributon was to farmers and stores in Puerto Rico only.","V-061-4","Class II","16% Pig Grower Medicated, pellets in 50 lbs bags (210222)","124.080 lbs.","Laboratory analysis revealed presence of fenitrothion.","06/17/2003","N/A","07/02/2004","","N/A"
"Veterinary","No","","26781","Terminated","Federacion de Asociaciones Pecuarias de P.R. Inc.","Bo. Malecon","N/A","Mayaguez","Puerto Rico","	00680","United States","N/A","N/A","Distributon was to farmers and stores in Puerto Rico only.","V-062-4","Class II","20% Broiler Starter M+L Medicates stimulate growth in chicken and for prevention of coccidiosis, crumble product packaged in 35 lbs. bags (230932)","1,239,980 lbs.","Laboratory analysis revealed presence of fenitrothion.","06/17/2003","N/A","07/02/2004","","N/A"
"Veterinary","No","","26781","Terminated","Federacion de Asociaciones Pecuarias de P.R. Inc.","Bo. Malecon","N/A","Mayaguez","Puerto Rico","	00680","United States","N/A","N/A","Distributon was to farmers and stores in Puerto Rico only.","V-063-4","Class II","18% Dairy Milk Producer, feed for dairy cattle, mashed product in 50 lbs. bags (231712)","49,581,500 lbs.","Laboratory analysis revealed presence of fenitrothion.","06/17/2003","N/A","07/02/2004","","N/A"
"Veterinary","No","","26781","Terminated","Federacion de Asociaciones Pecuarias de P.R. Inc.","Bo. Malecon","N/A","Mayaguez","Puerto Rico","	00680","United States","N/A","N/A","Distributon was to farmers and stores in Puerto Rico only.","V-064-3","Class II","16% Heifer Medicated, feed for growing bovine livestock, weight gain, mashed product in 100 lbs. bags (236014)","3.720.000 lbs.","Laboratory analysis revealed presence of fenitrothion.","06/17/2003","N/A","07/02/2004","","N/A"
"Veterinary","No","","26781","Terminated","Federacion de Asociaciones Pecuarias de P.R. Inc.","Bo. Malecon","N/A","Mayaguez","Puerto Rico","	00680","United States","N/A","N/A","Distributon was to farmers and stores in Puerto Rico only.","V-065-4","Class II","16% Heifer Medicated feed for growing bovine livestock, weigh gain, pellets in 50 lbs. bags (236022)","43.400.000 lbs.","Laboratory analysis revealed presence of fenitrothion.","06/17/2003","N/A","07/02/2004","","N/A"
"Veterinary","No","","26781","Terminated","Federacion de Asociaciones Pecuarias de P.R. Inc.","Bo. Malecon","N/A","Mayaguez","Puerto Rico","	00680","United States","N/A","N/A","Distributon was to farmers and stores in Puerto Rico only.","V-067-4","Class II","14% Dry & Freshening, feed for dry ''Horras'' cattle, pellets in 50 lbs. bags (238222)","155.000.00 lbs.","Laboratory analysis revealed presence of fenitrothion.","06/17/2003","N/A","07/02/2004","","N/A"
"Veterinary","No","","26781","Terminated","Federacion de Asociaciones Pecuarias de P.R. Inc.","Bo. Malecon","N/A","Mayaguez","Puerto Rico","	00680","United States","N/A","N/A","Distributon was to farmers and stores in Puerto Rico only.","V-076-4","Class II","25% MANNA LAC pellets, feed for dairy/meat cattle, pigs, horses, goat, sheep, poultry and rabbits, mashed product in 50 lbs. bags (912021)","12.390.00 lbs.","Laboratory analysis revealed presence of fenitrothion.","06/17/2003","N/A","07/02/2004","","N/A"
"Veterinary","No","","26781","Terminated","Federacion de Asociaciones Pecuarias de P.R. Inc.","Bo. Malecon","N/A","Mayaguez","Puerto Rico","	00680","United States","N/A","N/A","Distributon was to farmers and stores in Puerto Rico only.","V-077-4","Class II","18% Dairy Summer Supreme, feed for dairy cattle, pellets in 50lbs. bags (921022)","279.050.00 lbs.","Laboratory analysis revealed presence of fenitrothion.","06/17/2003","N/A","07/02/2004","","N/A"
"Veterinary","No","","26781","Terminated","Federacion de Asociaciones Pecuarias de P.R. Inc.","Bo. Malecon","N/A","Mayaguez","Puerto Rico","	00680","United States","N/A","N/A","Distributon was to farmers and stores in Puerto Rico only.","V-078-4","Class II","18% Calf Heifer Starter Medicated, weigh gain, mashed product in 50 lbs. bags (925212)","111.600.00 lbs.","Laboratory analysis revealed presence of fenitrothion.","06/17/2003","N/A","07/02/2004","","N/A"
"Veterinary","No","","26781","Terminated","Federacion de Asociaciones Pecuarias de P.R. Inc.","Bo. Malecon","N/A","Mayaguez","Puerto Rico","	00680","United States","N/A","N/A","Distributon was to farmers and stores in Puerto Rico only.","V-080-4","Class II","20% Dairy Summer Supreme, feed for dairy cattle, pellets in 100 lbs bulk (203420)","477.576.00 lbs.","Laboratory analysis revealed presence of fenitrothion.","06/17/2003","N/A","07/02/2004","","N/A"
"Veterinary","No","","26781","Terminated","Federacion de Asociaciones Pecuarias de P.R. Inc.","Bo. Malecon","N/A","Mayaguez","Puerto Rico","	00680","United States","N/A","N/A","Distributon was to farmers and stores in Puerto Rico only.","V-083-4","Class II","16% Heifer Starter Medicated, feed for growing bovine livestock, weight gain, mashed products in 100 lbs. bulk (236010)","24.800.00 lbs.","Laboratory analysis revealed presence of fenitrothion.","06/17/2003","N/A","07/02/2004","","N/A"
"Veterinary","No","","26781","Terminated","Federacion de Asociaciones Pecuarias de P.R. Inc.","Bo. Malecon","N/A","Mayaguez","Puerto Rico","	00680","United States","N/A","N/A","Distributon was to farmers and stores in Puerto Rico only.","V-084-4","Class II","16% Heifer Ration Medicated, feed for growing bovine livestock, weigh gain, pellets in 100 lbs. bulk (236020)","768.800.00 lbs.","Laboratory analysis revealed presence of fenitrothion.","06/17/2003","N/A","07/02/2004","","N/A"
"Veterinary","No","","26781","Terminated","Federacion de Asociaciones Pecuarias de P.R. Inc.","Bo. Malecon","N/A","Mayaguez","Puerto Rico","	00680","United States","N/A","N/A","Distributon was to farmers and stores in Puerto Rico only.","V-085-4","Class II","18%Dairy H.E. Plus with Bicarbonate, feed for dairy cattle, pellets in 100 lbs. bags (236420)","514.766.00 lbs.","Laboratory analysis revealed presence of fenitrothion.","06/17/2003","N/A","07/02/2004","","N/A"
"Veterinary","No","","26781","Terminated","Federacion de Asociaciones Pecuarias de P.R. Inc.","Bo. Malecon","N/A","Mayaguez","Puerto Rico","	00680","United States","N/A","N/A","Distributon was to farmers and stores in Puerto Rico only.","V-086-4","Class II","14% Dary & Freshening, feed for dry ''Horras'' cattle, pellets in 100 lbs. bags (238220)","62.000.00 lbs.","Laboratory analysis revealed presence of fenitrothion.","06/17/2003","N/A","07/02/2004","","N/A"
"Veterinary","No","","26781","Terminated","Federacion de Asociaciones Pecuarias de P.R. Inc.","Bo. Malecon","N/A","Mayaguez","Puerto Rico","	00680","United States","N/A","N/A","Distributon was to farmers and stores in Puerto Rico only.","V-090-4","Class II","16% Dairy Summer Supreme, feed for dairy cattle, pellets in 100 lbs. bulk (500020)","322.504.00 lbs.","Laboratory analysis revealed presence of fenitrothion.","06/17/2003","N/A","07/02/2004","","N/A"
"Veterinary","No","","26781","Terminated","Federacion de Asociaciones Pecuarias de P.R. Inc.","Bo. Malecon","N/A","Mayaguez","Puerto Rico","	00680","United States","N/A","N/A","Distributon was to farmers and stores in Puerto Rico only.","V-091-4","Class II","Dairy Supreme ''texturizado'', feed for dairy cattle, mashed product in 100 lbs. bulk (917510)","508.400.00 lbs.","Laboratory analysis revealed presence of fenitrothion.","06/17/2003","N/A","07/02/2004","","N/A"
"Veterinary","No","","26781","Terminated","Federacion de Asociaciones Pecuarias de P.R. Inc.","Bo. Malecon","N/A","Mayaguez","Puerto Rico","	00680","United States","N/A","N/A","Distributon was to farmers and stores in Puerto Rico only.","V-092-4","Class II","18% Dairy Summer Supreme, feed for dairy cattle, pellets in 100 lbs. bulk ( 920220)","37.191.00 lbs.","Laboratory analysis revealed presence of fenitrothion.","06/17/2003","N/A","07/02/2004","","N/A"
"Veterinary","No","","26781","Terminated","Federacion de Asociaciones Pecuarias de P.R. Inc.","Bo. Malecon","N/A","Mayaguez","Puerto Rico","	00680","United States","N/A","N/A","Distributon was to farmers and stores in Puerto Rico only.","V-093-4","Class II","18% Dairy Summer Supreme, feed for dairy cattle, pellets in 100lbs. bulk (921020)","3.770.402.00 lbs.","Laboratory analysis revealed presence of fenitrothion.","06/17/2003","N/A","07/02/2004","","N/A"
"Veterinary","No","","26781","Terminated","Federacion de Asociaciones Pecuarias de P.R. Inc.","Bo. Malecon","N/A","Mayaguez","Puerto Rico","	00680","United States","N/A","N/A","Distributon was to farmers and stores in Puerto Rico only.","V-095-4","Class II","20% Broiler Starter M+L Medicated, help in the prevention of coccidiosis and stimulate chicken growth, crumble product in 50lbs. bags (230932)","31.014.00 lbs.","Laboratory analysis revealed presence of fenitrothion.","06/17/2003","N/A","07/02/2004","","N/A"
"Veterinary","No","","26781","Terminated","Federacion de Asociaciones Pecuarias de P.R. Inc.","Bo. Malecon","N/A","Mayaguez","Puerto Rico","	00680","United States","N/A","N/A","Distributon was to farmers and stores in Puerto Rico only.","V-099-4","Class II","16% High Energy ''Texturizado'' cotton feed for dairy cattle, mashed product in 100lbs. bulk (972010)","4.011.400.00 lbs.","Laboratory analysis revealed presence of fenitrothion.","06/17/2003","N/A","07/02/2004","","N/A"
"Veterinary","No","","26781","Terminated","Federacion de Asociaciones Pecuarias de P.R. Inc.","Bo. Malecon","N/A","Mayaguez","Puerto Rico","	00680","United States","N/A","N/A","Distributon was to farmers and stores in Puerto Rico only.","V-100-4","Class II","18% Dairy H.E. feed for dairy cattle, pellets in 100lbs. bulk (951020)","291.494.00 lbs.","Laboratory analysis revealed presence of fenitrothion.","06/17/2003","N/A","07/02/2004","","N/A"
"Veterinary","No","","26781","Terminated","Federacion de Asociaciones Pecuarias de P.R. Inc.","Bo. Malecon","N/A","Mayaguez","Puerto Rico","	00680","United States","N/A","N/A","Distributon was to farmers and stores in Puerto Rico only.","V-101-4","Class II","18% Dairy Summer Supreme, feed for dairy cattle, mashed product in 100lbs. bulk (960010)","260.595.00 lbs.","Laboratory analysis revealed presence of fenitrothion.","06/17/2003","N/A","07/02/2004","","N/A"
"Veterinary","No","","26781","Terminated","Federacion de Asociaciones Pecuarias de P.R. Inc.","Bo. Malecon","N/A","Mayaguez","Puerto Rico","	00680","United States","N/A","N/A","Distributon was to farmers and stores in Puerto Rico only.","V-102-4","Class II","18% Dairy Summer Supreme, feed for dairy cattle, pellets in 100 lbs. bulk. (960020)","7.712.415.00 lbs.","Laboratory analysis revealed presence of fenitrothion.","06/17/2003","N/A","07/02/2004","","N/A"
"Veterinary","No","","26781","Terminated","Federacion de Asociaciones Pecuarias de P.R. Inc.","Bo. Malecon","N/A","Mayaguez","Puerto Rico","	00680","United States","N/A","N/A","Distributon was to farmers and stores in Puerto Rico only.","V-103-4","Class II","18% Dairy Summer Supreme with Sodium Bicarbonate {Plus, feed for dairy cattle, pellets in 100 lbs. bulk (961220)","1.228.629.00 lbs.","Laboratory analysis revealed presence of fenitrothion.","06/17/2003","N/A","07/02/2004","","N/A"
"Veterinary","No","","26781","Terminated","Federacion de Asociaciones Pecuarias de P.R. Inc.","Bo. Malecon","N/A","Mayaguez","Puerto Rico","	00680","United States","N/A","N/A","Distributon was to farmers and stores in Puerto Rico only.","V-104-4","Class II","18% Dairy Summer Supreme, feed for dairy cattle, pellets in 100 bulk (961420)","31.021.00 lbs.","Laboratory analysis revealed presence of fenitrothion.","06/17/2003","N/A","07/02/2004","","N/A"
"Veterinary","No","","26781","Terminated","Federacion de Asociaciones Pecuarias de P.R. Inc.","Bo. Malecon","N/A","Mayaguez","Puerto Rico","	00680","United States","N/A","N/A","Distributon was to farmers and stores in Puerto Rico only.","V-105-4","Class II","14% High Energy ''Texturizado'' feed for dairy cattle, mashed product in 100 lbs. bulk (244010)","1,488.000.00 lbs.","Laboratory analysis revealed presence of fenitrothion.","06/17/2003","N/A","07/02/2004","","N/A"
"Veterinary","No","","27982","Terminated","ADM Alliance Nutrition, Inc.","1000 N 30th St","N/A","Quincy","Illinois","	62301-3400","United States","N/A","N/A","Distribution was made to two consignees located in NE.","V-114-4","Class II","Consolidated Nutrition Metabalance 25/45 10485APY Medicated, A Complete Feed for Starting Pigs, containing 0.0055% Carbadox, packaged in 50-lb. bags.  The label shows ADM Alliance Nutrition, Inc., Quincy, IL, as the responsible firm.","121/50-lb. bags","Product was subpotent","10/28/2003","N/A","03/09/2004","","N/A"
"Veterinary","No","","28225","Completed","Menu Foods Inc","9130 Griffith Morgan Ln","N/A","Pennsauken","New Jersey","	08110-3211","United States","N/A","N/A","The entire shipment went to Premium Nutritional Products Inc., 10504 West 79th Street, Shawnee, KS  66214","V-115-4","Class II","ZuPreem Feline Diet, 14.0 oz, cans for Non-Domesticated Carnivores in the families Fedlidae, Canidea, and Hyenadea. Manufacturred by Menu Foods South, Inc., Pennsauken, NJ  08110.  Distributed to Own label distributor Premium Nutritional Products, Inc., Mission, KS 66202.","1620 cases","LACF Feiline Diet for non-domestic carnivores does not carry the BSE warning statement.","02/02/2004","N/A","N/A","","N/A"
"Veterinary","No","","28271","Terminated","Interfarma Corporation","12981 SW 132nd Court","N/A","Miami","FL","	33186-5842","United States","N/A","N/A","Product was distributed as a promotional item to farm and feed stores in Venezuela, Nicaragua and Guatemala.","V-116-4","Class II","Product is a horse supplement packed into a 5 lb. plastic container with a yellow/green/red/brown label printed in part ''FORMULA: Each 5 pounds contains: Chondroitin Sulfate 27,000 mg D-Glucosamine HCL 100,000 mg Collagen hydrolyzed 27,000 MSM (methysulfonylmethane) 2,500 mg. Manufactured by INTERFARMA, CORP. Miami, FL USA Carti -Flex COMPLEX Net wt. 5 lbs. INDICATIONS: CARTI-FLEX is a concentrated natural joint supplement containing Glucosamine HCL, Chondroitin sulfate, Hydrolixed collagen and MSM''  ADMINISTRATION: Feed orally, horses usually like vanilla flavor.  Mix the daily dose in the concentrate or by top dressing on the grain.","20/ 5 lb containers","This animal feed product does not contain the required BSE cautionary statement: 'Do Not Feed to Cattle or Other Ruminants'.","02/05/2004","N/A","10/05/2009","","N/A"
"Veterinary","No","","28396","Terminated","North American Nutrition Companies Inc","6531 State Route 503 N","N/A","Lewisburg","Ohio","	45338-6713","United States","N/A","N/A","The feed products were shipped to consignees located in SC, GA, KY, TN, IN, NE, PA, MI, IL, IA, OH, AL.","V-117-4","Class II","Vigortone No. 35SMGCTC, Medicated, For Beef Cattle on Pasture, contains 1.4 g/lb chlortetracycline, 50 lb bags.","395 bags","Animal feed products may contain protein derived from mammalian tissue, which is prohibited in the ruminant feed, and the non-ruminant feed labels lack the required BSE cautionary statement.","02/20/2004","N/A","06/18/2004","","N/A"
"Veterinary","No","","28443","Completed","Maribel Grain Co.","14906 Maribel Rd.","N/A","Maribel","Wisconsin","	54227","United States","N/A","N/A","The feeds were distributed to farms in Wisconsin.   ","V-123-4","Class II","Custom dairy cattle feed made for two customers.","2040 pounds","Possible cross contamination of cattle feed by steamed bone meal which is prohibited material.","02/25/2004","N/A","N/A","","N/A"
"Veterinary","No","","28396","Terminated","North American Nutrition Companies Inc","6531 State Route 503 N","N/A","Lewisburg","Ohio","	45338-6713","United States","N/A","N/A","The feed products were shipped to consignees located in SC, GA, KY, TN, IN, NE, PA, MI, IL, IA, OH, AL.","V-119-4","Class II","Sunglo Complete 100 Series, S-101 TY-100, Medicated Swine Feed, contains 110 g/ton Tylosin, 50 lb bags.","481 bags","Animal feed products may contain protein derived from mammalian tissue, which is prohibited in the ruminant feed, and the non-ruminant feed labels lack the required BSE cautionary statement.","02/20/2004","N/A","06/18/2004","","N/A"
"Veterinary","No","","28396","Terminated","North American Nutrition Companies Inc","6531 State Route 503 N","N/A","Lewisburg","Ohio","	45338-6713","United States","N/A","N/A","The feed products were shipped to consignees located in SC, GA, KY, TN, IN, NE, PA, MI, IL, IA, OH, AL.","V-120-4","Class II","Akey brand PIG 2000 Pellet Denagard/CTC, Medicated Swine Feed, contains 35 g/ton Tiarrulin Hydrogen Fumerate and 400 g/ton Chlortetracycline, 50 lb bags.","234 bags","Animal feed products may contain protein derived from mammalian tissue, which is prohibited in the ruminant feed, and the non-ruminant feed labels lack the required BSE cautionary statement.","02/20/2004","N/A","06/18/2004","","N/A"
"Veterinary","No","","29511","Ongoing","Blue Seal Feeds, Inc.","15 Buttrick Rd","N/A","Londonderry","New Hampshire","	03053-3305","United States","N/A","N/A","MA, ME, NH, MD, PA, NC, NJ, NY, WV, VA","V-180-4","Class II","Blue Seal Accelerator 32 Pellets Medicated, 50 Lb Bags","6/50 lb bags","Phosphorus levels below label claim","07/02/2004","N/A","N/A","","N/A"
"Veterinary","No","","29511","Ongoing","Blue Seal Feeds, Inc.","15 Buttrick Rd","N/A","Londonderry","New Hampshire","	03053-3305","United States","N/A","N/A","MA, ME, NH, MD, PA, NC, NJ, NY, WV, VA","V-184-4","Class II","NYS-RM-22 Starter, Medicated, Bulk","25 tons (Bulk)","Phosphorus levels below label claim","07/02/2004","N/A","N/A","","N/A"
"Veterinary","No","","29685","Ongoing","Blue Seal Feeds, Inc.","15 Buttrick Rd","N/A","Londonderry","New Hampshire","	03053-3305","United States","N/A","N/A","MA, ME, NH, VT, NY, PA, VA, MD, WV, NJ, NC, RI, CT, DE, OH","V-197-4","Class II","NYS-RM-22 Starter Medicated (bulk), Product No. 616","45 tons (bulk)","Vitamin D3 was not added to products","07/20/2004","N/A","N/A","","N/A"
"Veterinary","No","","29685","Ongoing","Blue Seal Feeds, Inc.","15 Buttrick Rd","N/A","Londonderry","New Hampshire","	03053-3305","United States","N/A","N/A","MA, ME, NH, VT, NY, PA, VA, MD, WV, NJ, NC, RI, CT, DE, OH","V-200-4","Class II","Blue Seal Broiler Crumbles-CB, Medicated 50 Lb Bags Product No: 801","665/50 lb. bags","Vitamin D3 was not added to products","07/20/2004","N/A","N/A","","N/A"
"Veterinary","No","","29685","Ongoing","Blue Seal Feeds, Inc.","15 Buttrick Rd","N/A","Londonderry","New Hampshire","	03053-3305","United States","N/A","N/A","MA, ME, NH, VT, NY, PA, VA, MD, WV, NJ, NC, RI, CT, DE, OH","V-201-4","Class II","Blue Seal Chick Starter-AM Medicated, 25 Lb and 50 Lb bags Product No: 601","1133/25 lb. bags; 1284/50 lb. bags","Vitamin D3 was not added to products","07/20/2004","N/A","N/A","","N/A"
"Veterinary","No","","29685","Ongoing","Blue Seal Feeds, Inc.","15 Buttrick Rd","N/A","Londonderry","New Hampshire","	03053-3305","United States","N/A","N/A","MA, ME, NH, VT, NY, PA, VA, MD, WV, NJ, NC, RI, CT, DE, OH","V-202-4","Class II","Blue Seal Chick Starter-AM Crumbles Medicated, 25 lb and 50 lb bags Product No: 602","158/25 lb. bags; 321/50 lb. bags","Vitamin D3 was not added to products","07/20/2004","N/A","N/A","","N/A"
"Veterinary","No","","29685","Ongoing","Blue Seal Feeds, Inc.","15 Buttrick Rd","N/A","Londonderry","New Hampshire","	03053-3305","United States","N/A","N/A","MA, ME, NH, VT, NY, PA, VA, MD, WV, NJ, NC, RI, CT, DE, OH","V-212-4","Class II","Blue Seal Turkey/Pheasant Starter Crumbles-Medicated , 50 Lb.Bags Product No: 808","872/50 lb. bags","Vitamin D3 was not added to products","07/20/2004","N/A","N/A","","N/A"
"Veterinary","No","","30031","Completed","Sunshine Mills Inc","2103 S Gloster St","N/A","Tupelo","Mississippi","	38801","United States","N/A","N/A","TX & MO","V-190-4","Class II","Premier Catfish Food, packaged in 50 pound bags (white paper with an orange label)","882 50 pound bags","The catfish food contains prohibited material (meat & bone meal) but does not contain the cautionary statement, 'Do not feed to cattle or other ruminants' on the label","04/14/2004","N/A","N/A","","N/A"
"Veterinary","No","","30032","Completed","Purina Mills, Llc","POBox 66812","N/A","Saint Louis","Missouri","	63166-6812","United States","N/A","N/A","The product was shipped to a dairy farmer in PA","V-217-4","Class II","Purina CU NE Maxi-Ext Ransom Complete (1H9Y). Non-medicated animal feed","10, 860 lbs","Potential sulfamethazine contamination","09/02/2004","N/A","N/A","","N/A"
"Veterinary","No","","30091","Terminated","Farmers Elevator Co","3837 State Route 66","PO Box 364","Houston","OH","	45333-0364","United States","N/A","N/A","Feed was distributed to 23 farms located in Ohio.","V-001-5","Class II","Product is custom made steer/cattle feed packaged in 100 lb. poly bags. The product has no labeling.","80 1/2 tons.","Feed may contain protein derived from mammalian tissues which is prohibited in ruminant feed.","09/27/2004","N/A","10/29/2008","","N/A"
"Veterinary","No","","30334","Ongoing","Hartz Mountain Corp.","400 Plaza Dr","N/A","Secaucus","New Jersey","	07094-3605","United States","N/A","N/A","These products are distributed nationwide to all supermarkets, discount stores, pet stores, and large nationwide stores/pharmacies.    ","V-011-5","Class II","Hartz Advanced Care Once-A-Month Capsule Wormer Products.  Item Numbers:    32700-84346 -- Once-a-Month Wormer for Puppies  32700-84345 -- Once-A-Month Wormer for Dogs  32700-84348 -- Once-A-Month Wormer for Large Dogs  32700-84347 -- Once-A-Month Wormer for Kittens and Cats.    Caution:***, Directions:***, Active Ingredient:  Each capsule contains 80mg piperazine base. The Hartz Mountain Corporation, Secaucus, NJ  07094.","1399419","Products do not meet manufacturing GMP requirements.","10/26/2004","N/A","N/A","","N/A"
"Veterinary","No","","30535","Completed","High Noon Feeds, LLC","Hc 2","N/A","Bird City","Kansas","	67731-9802","United States","N/A","N/A","The product was distributed in KS and CO.","V-041-5","Class II","High Noon Oklahoma Mix Medicated, For Lambs Weighing Up to 50 Lbs., containing 90 g/ton lasalocid, packaged in 50-lb. bags.  The label shows the product is Manufactured for High Noon Feeds, LLC, Bird City, KS.","80/50-lb. bags","Lot #07210404 was subpotent.","11/04/2004","N/A","N/A","","N/A"
"Veterinary","No","","32000","Completed","Kent Feeds Inc","1600 Oregon St POB 749","N/A","Muscatine","Iowa","	52761-0076","United States","N/A","N/A","Distribution was made to feed dealers located in MN and IA.","V-093-5","Class II","Kent Flav-R-Ized 20% Pig Nuggets M50 Medicated,  containing 0.0055% (50 gm/ton) carbadox, packaged in 50-lb. bags.   The firm name on the label is Kent Feeds, Inc., General Offices - Muscatine, Iowa.","220/50-lb. bags","Superpotent for carbadox","05/03/2005","N/A","N/A","","N/A"
"Veterinary","No","","32512","Terminated","Milbank Mills Inc","1 Brunswick Pob 763","N/A","Chillicothe","Missouri","	64601","United States","N/A","N/A","Distribution was made direct to 10 end user accounts and 1 feed dealer in MO.  The product was also sold out of the firm''s retail area.","V-095-5","Class II","Silver Moon Feeds Complete Turkey 24% C Bites Medicated, Product #1643P, containing 100 g/ton oxytetracycline and 70 g/ton neomycin base, packaged in 50-lb. bags or in bulk, Manufactured by Milbank Mills, Inc., Chillicothe, MO.","Approximately 6  tons bulk and approximately 231/50-lb. bags","Label lacked withdrawal time","06/09/2005","N/A","07/26/2005","","N/A"
"Veterinary","No","","32547","Completed","Pennfield Oil Co","14040 Industrial Rd","N/A","Omaha","Nebraska","	68144-3351","United States","N/A","N/A","Distribution was made in NE, IA, MO, AR, SD, IL, MO, OH, CA, IN, NC, OK, CO, KS, PA, MN, TX and WI.    Foreign distribution was made to Israel.","V-094-5","Class II","Pennitracin MD 50 G, Bacitracin Methylene Disalicylate, Type A Medicated Article, Antibacterial, each pound contains feed grade bacitracin methylene disalicylate equivalent to 50 grams bacitracin (Master Standard), For Manufacturing Registered Poultry and Livestock Feeds, NADA 141-137, packaged in 50-lb. bags.  The firm name on the label shows Distributed by Pennfield Animal Health, Omaha, NE.","2,197,450 lbs.","Stability testing at 24 months found the product does not meet the potency specifications","11/22/2004","N/A","N/A","","N/A"
"Veterinary","No","","32848","Ongoing","International Nutrition Inc","4444 S 76th Circle/ 7706 I Plaza","P O Box 27540","Omaha","Nebraska","	68127-0540","United States","N/A","N/A","The products were distributed to wholesale and retail accounts located in KS, NE, MN, IA, CO, MO, and AZ.","V-107-5","Class II","Procaine Penicillin - 10, Type B Medicated Feed, containing penicillin (from 10 g/lb. procaine penicillin), 6.0 g/lb., packaged in 50-lb. bags.   The firm name on the label is International Nutrition, Omaha, NE.","111/50-lb. bags","Labels lacked required warning to not feed to chickens or turkeys producing eggs for human consumption.","08/03/2005","N/A","N/A","","N/A"
"Veterinary","No","","32848","Ongoing","International Nutrition Inc","4444 S 76th Circle/ 7706 I Plaza","P O Box 27540","Omaha","Nebraska","	68127-0540","United States","N/A","N/A","The products were distributed to wholesale and retail accounts located in KS, NE, MN, IA, CO, MO, and AZ.","V-108-5","Class II","Deccox 10X, Type B Medicated Feed, containing decoquinate,  2,271 mg/lb., packaged in 10-lb. and 50-lb. bags.  The firm name on the label is International Nutrition, Omaha, NE.","19887/50-lb. bags and 3,710/10-lb. bags","Labels lacked required warning to not feed to sheep producing milk for food.   Cows and goats were properly listed on the label.","08/03/2005","N/A","N/A","","N/A"
"Veterinary","No","","32867","Completed","A-C Feeds Ltd","158 North Main","N/A","Winters","Texas","	79567","United States","N/A","N/A","Three customers in Texas","V-106-5","Class II","Triple Play Blocks with Rumensin, medicated feed blocks for beef animals, sheep and goats.  Manufactured by A-C Feeds Limited, 158 North Main, Winters, Texas 79567","70.41 tons of Triple Play Blocks with 704.1 Pounds of Rumensin 80","Distribution of a medicated free choice feed block for which there is no New Animal Drug Application on file.","06/20/2005","N/A","N/A","","N/A"
"Veterinary","No","","33263","Terminated","Gold Eagle Cooperative","415 N Locust St","PO Box 280","Goldfield","Iowa","	50542-0168","United States","N/A","N/A","The feed was distributed to swine and poultry producers located in IA, GA, MD, and MN.","V-006-6","Class II","Bulk nonmedicated custom swine and poultry feeds.  The scale ticket lists the firm name Gold-Eagle Cooperative, Goldfield, Iowa.","See total tonnage under ""Event Details""","Swine and poultry feeds which may contain prohibited material are not labeled with the warning statement not to feed to cattle or other ruminants.","08/30/2005","N/A","11/03/2005","","N/A"
"Veterinary","No","","33405","Ongoing","Virbac AH, Inc","3200 Meacham Blvd","N/A","Fort Worth","Texas","	76161","United States","N/A","N/A","Nationwide and Canada","V-001-6","Class II","Medication Mardel biospheres Maracide for Ick, Velvet, and other external Parasites.  Contents 2 fl. oz. (59mL) and Fish Care Guide.  Virbac Animal Health.  Active Ingredients:  Malachite green, Chitosan.","14,470 units","Product designed to treat external parasites in fish aquariums was packaged with labeling for another product.","09/14/2005","N/A","N/A","","N/A"
"Veterinary","No","","33405","Ongoing","Virbac AH, Inc","3200 Meacham Blvd","N/A","Fort Worth","Texas","	76161","United States","N/A","N/A","Nationwide and Canada","V-002-6","Class II","Medication Mardel Maroxy for True fungal infections of fish and eggs.  Contents: 2 fl.oz. (59mL) and Fish Care Guide.  Virbac Animal Health.  Active Ingredients: Stabilized chlorine oxides.","4,896 units","Product designed to treat external parasites in fish aquariums was packaged with labeling for another product.","09/14/2005","N/A","N/A","","N/A"
"Veterinary","No","","33717","Completed","ADM Alliance Nutrition, Inc.","1000 N 30th St","P.O. Box C1","Quincy","Illinois","	62305-3115","United States","N/A","N/A","Distribution was made to 3 feed dealers located in Iowa.","V-008-6","Class II","ADM Alliance Nutrition Metabalance 25/45 10485CPN Medicated, A Complete Feed for Starting Pigs, containing 100 g/ton oxytetracycline and 140 g/ton neomycin base (provided by neomycin sulfate 200 g/ton), packaged in 50-lb. bags.  The firm name on the label is ADM Alliance Nutrition, Inc., Quincy, IL.","153/50-lb. bags (76 bags Lot NH1525 and 77 bags lot NH1885)","The Type A medicated article used to manufacture the feed had expired.","09/07/2005","N/A","N/A","","N/A"
"Veterinary","No","","33717","Completed","ADM Alliance Nutrition, Inc.","1000 N 30th St","P.O. Box C1","Quincy","Illinois","	62305-3115","United States","N/A","N/A","Distribution was made to 3 feed dealers located in Iowa.","V-009-6","Class II","Bulk ADM Alliance Nutrition Momentum 10-15 CTC/DEN Medicated, A Complete Feed for Starting Pigs, containing chlortetracycline 400 g/ton (200 mg/lb), and tiamulin hydrogen fumarate 35 g/ton (17.5 mg/lb), product #12005AYW.  The firm name on the tag is ADM Alliance Nutrition, Inc., Quincy, IL.","3,900 lbs.","The Type A medicated article used to manufacture the feed had expired.","09/07/2005","N/A","N/A","","N/A"
"Veterinary","No","","33717","Completed","ADM Alliance Nutrition, Inc.","1000 N 30th St","P.O. Box C1","Quincy","Illinois","	62305-3115","United States","N/A","N/A","Distribution was made to 3 feed dealers located in Iowa.","V-010-6","Class II","Bulk ADM Alliance Nutrition Momentum 15-25 CTC/DEN Medicated, A Complete Feed for Starting Pigs, containing chlortetracycline 400 g/ton (200 mg/lb) and tiamulin hydrogen fumarate 35 g/ton (17.5 mg/lb), product #11749AYW.  The firm name on the tag is ADM Alliance Nutrition, Inc., Quincy, IL.","19,090 lbs.","The Type A medicated article used to manufacture the feed had expired.","09/07/2005","N/A","N/A","","N/A"
"Veterinary","No","","33834","Terminated","Golden Rod Feed Mill Inc","85 13th St NE","N/A","Cullman","Alabama","	35055-5907","United States","N/A","N/A","AL","V-003-6","Class II","Bulk medicated broiler starter poultry feed","54 tons total","Out of specification drug level for 3-Nitro-20 in medicated poultry feed.","08/22/2005","N/A","11/02/2005","","N/A"
"Veterinary","No","","33834","Terminated","Golden Rod Feed Mill Inc","85 13th St NE","N/A","Cullman","Alabama","	35055-5907","United States","N/A","N/A","AL","V-004-6","Class II","Bulk medicated broiler fnisher  poultry feed","54 tons total","Out of specification drug level for 3-Nitro-20 in medicated poultry feed.","08/22/2005","N/A","11/02/2005","","N/A"
"Veterinary","No","","33263","Terminated","Gold Eagle Cooperative","415 N Locust St","PO Box 280","Goldfield","Iowa","	50542-0168","United States","N/A","N/A","The feed was distributed to swine and poultry producers located in IA, GA, MD, and MN.","V-007-6","Class II","Bulk medicated swine and poultry feeds.  The scale ticket lists the firm name Gold-Eagle Cooperative, Goldfield, Iowa.","See total tonnage under ""Event Details""","Swine and poultry feeds which may contain prohibited material are not labeled with the warning statement not to feed to cattle or other ruminants.","08/30/2005","N/A","11/03/2005","","N/A"
"Veterinary","No","","34047","Ongoing","Tennessee Farmers Cooperative","180 Old Nashville Hwy","N/A","La Vergne","Tennessee","	37086-2813","United States","N/A","N/A","TN","V-013-6","Class II","Dairy Cattle Rumensin Premix 10000,  Medicated Type B Premix, net wt 50 lbs.","107 bags","Dairy cattle feed premix was below specification for monensin.","11/16/2005","N/A","N/A","","N/A"
"Veterinary","No","","34097","Ongoing","Tennessee Farmers Cooperative","180 Old Nashville Hwy","N/A","La Vergne","Tennessee","	37086-2813","United States","N/A","N/A","TN","V-014-6","Class II","Co-op Chick Starter/Grower, Medicated","420, 50 pound bags","Amount of Amprolium is below specification in chicken feed.","11/18/2005","N/A","N/A","","N/A"
"Veterinary","No","","34100","Ongoing","Tennessee Farmers Cooperative","180 Old Nashville Hwy","N/A","La Vergne","Tennessee","	37086-2813","United States","N/A","N/A","TN & NC","V-015-6","Class II","Co-op 16% Pelleted Goat Ration - DEC, Medicated","134 50# bags","Decoquinate was below specification in goat feed.","11/18/2005","N/A","N/A","","N/A"
"Veterinary","No","","34599","Terminated","Royal Canin Usa Inc","500 Fountain Lakes Blvd.","Suite 100","Saint Charles","MO","	63301","United States","N/A","N/A","Distribution of the product is direct to veterinarians nationwide.  There are reportedly no sales made to the wholesale or retail levels.","V-070-6","Class II","Royal Canin Veterinary Diet Feline Sensitivity VR,  Food for Cats, packaged in 5.8-oz. cans, 24 cans per case, Manufactured by Masterfoods USA, Vernon, CA, Manufactured for Royal Canin USA Inc., Rolla, MO, Royal Canin Canada, Inc., Toronto, ON, Canada.","7,449/24-can cases","The products contain excess levels of Vitamin D3","02/02/2006","N/A","01/16/2008","","N/A"
"Veterinary","No","","34599","Terminated","Royal Canin Usa Inc","500 Fountain Lakes Blvd.","Suite 100","Saint Charles","MO","	63301","United States","N/A","N/A","Distribution of the product is direct to veterinarians nationwide.  There are reportedly no sales made to the wholesale or retail levels.","V-071-6","Class II","Royal Canin Veterinary Diet Feline Calorie Control CC,  Food for Cats, packaged in 5.8-oz. cans, 24 cans per case, Manufactured By Masterfoods USA, Vernon, CA, Manufactured for Royal Canin USA, Inc., Rolla, MO, Royal Canin Canada, Inc., Toronto, ON, Canada.","2,774/24-can cases","The products contain excess levels of Vitamin D3","02/02/2006","N/A","01/16/2008","","N/A"
"Veterinary","No","","34599","Terminated","Royal Canin Usa Inc","500 Fountain Lakes Blvd.","Suite 100","Saint Charles","MO","	63301","United States","N/A","N/A","Distribution of the product is direct to veterinarians nationwide.  There are reportedly no sales made to the wholesale or retail levels.","V-072-6","Class II","Royal Canin Veterinary Diet Feline Renal LP, Food for Cats,  packaged in a 3.0-oz. pouch, 24 pouches per case, Manufactured by Masterfoods USA, Vernon, CA, Manufactured for Royal Canin USA, Inc., Rolla, MO, Royal Canin Canada, Inc., Toronto, ON, Canada.","13,850/24-pouch cases","The products contain excess levels of Vitamin D3","02/02/2006","N/A","01/16/2008","","N/A"
"Veterinary","No","","35714","Terminated","Hubbard Feeds Inc","E Hwy 24","PO Box 36","Beloit","Kansas","	67420-0036","United States","N/A","N/A","Distribution was made to one retail customer located in KS.","V-099-6","Class II","Express 10# Starter X200, Medicated, Beef Cattle-Feedlot Supplement, containing 200 g/ton oxytetracycline, packaged in 50-lb. bags.  The firm name on the label is Hubbard Feeds Inc., Mankato, MN.","279/50-lb. bags","The oxytetracycline used to manufacture the feed was expired","06/07/2006","N/A","07/21/2006","","N/A"
"Veterinary","No","","35842","Ongoing","Tucker Milling LLC","4800 Lake Guntersville Park Drive","N/A","Guntersville","Alabama","	35976","United States","N/A","N/A","Al. GA, MS, TN","V-124-6","Class II","Tucker Milling, LLC 31227-Crumble, Game Bird Starter, BMD Medicated, 50 lb bags","2526-50 lb bags","Poultry and fish feeds which were possibly contaminated with ruminant based protein were not labeled as 'Do not feed to ruminants'.","06/20/2006","N/A","N/A","","N/A"
"Veterinary","No","","35853","Completed","Alabama Farmers Cooperative Inc.","800-A Market Street","N/A","Decatur","Alabama","	35601","United States","N/A","N/A","AL& FL","V-100-6","Class II","CO-OP 32% SINKING CATFISH FOOD","unknown","Animal and fish feeds which were possibly contaminated with ruminant based protein not labeled as 'Do not feed to ruminants'","06/09/2006","N/A","N/A","","N/A"
"Veterinary","No","","35853","Completed","Alabama Farmers Cooperative Inc.","800-A Market Street","N/A","Decatur","Alabama","	35601","United States","N/A","N/A","AL& FL","V-101-6","Class II","PERFORMANCE SHEEP PELL W/DECOX/A/N, medicated, net wt 50 lbs.","unknown","Animal and fish feeds which were possibly contaminated with ruminant based protein not labeled as 'Do not feed to ruminants'","06/09/2006","N/A","N/A","","N/A"
"Veterinary","No","","35853","Completed","Alabama Farmers Cooperative Inc.","800-A Market Street","N/A","Decatur","Alabama","	35601","United States","N/A","N/A","AL& FL","V-103-6","Class II","CO-OP 32% SINKING CATFISH FOOD MEDICATED","unknown","Animal and fish feeds which were possibly contaminated with ruminant based protein not labeled as 'Do not feed to ruminants'","06/09/2006","N/A","N/A","","N/A"
"Veterinary","No","","35853","Completed","Alabama Farmers Cooperative Inc.","800-A Market Street","N/A","Decatur","Alabama","	35601","United States","N/A","N/A","AL& FL","V-105-6","Class II","CO-OP 40% HOG SUPPLEMENT MEDICATED PELLETED, Tylosin 100 grams/ton, 50 lb Bag","unknown","Animal and fish feeds which were possibly contaminated with ruminant based protein not labeled as 'Do not feed to ruminants'","06/09/2006","N/A","N/A","","N/A"
"Veterinary","No","","35853","Completed","Alabama Farmers Cooperative Inc.","800-A Market Street","N/A","Decatur","Alabama","	35601","United States","N/A","N/A","AL& FL","V-106-6","Class II","PIG STARTER PELL II, 18% W/MCDX MEDICATED 282020, CARBADOX - 0.0055%","unknown","Animal and fish feeds which were possibly contaminated with ruminant based protein not labeled as 'Do not feed to ruminants'","06/09/2006","N/A","N/A","","N/A"
"Veterinary","No","","35853","Completed","Alabama Farmers Cooperative Inc.","800-A Market Street","N/A","Decatur","Alabama","	35601","United States","N/A","N/A","AL& FL","V-107-6","Class II","CO-OP STARTER-GROWER CRUMBLES, COMPLETE FEED FOR CHICKENS FROM HATCH TO 20 WEEKS, MEDICATED, Bacitracin Methylene Disalicylate, 25 AND 50 LBS","unknown","Animal and fish feeds which were possibly contaminated with ruminant based protein not labeled as 'Do not feed to ruminants'","06/09/2006","N/A","N/A","","N/A"
"Veterinary","No","","35853","Completed","Alabama Farmers Cooperative Inc.","800-A Market Street","N/A","Decatur","Alabama","	35601","United States","N/A","N/A","AL& FL","V-110-6","Class II","CO-OP QUAIL FLIGHT CONDITIONER MEDICATED, net wt 50 LB,","unknown","Animal and fish feeds which were possibly contaminated with ruminant based protein not labeled as 'Do not feed to ruminants'","06/09/2006","N/A","N/A","","N/A"
"Veterinary","No","","35853","Completed","Alabama Farmers Cooperative Inc.","800-A Market Street","N/A","Decatur","Alabama","	35601","United States","N/A","N/A","AL& FL","V-111-6","Class II","CO-OP QUAIL STARTER MEDICATED, NET WT. 50 LBS","unknown","Animal and fish feeds which were possibly contaminated with ruminant based protein not labeled as 'Do not feed to ruminants'","06/09/2006","N/A","N/A","","N/A"
"Veterinary","No","","35853","Completed","Alabama Farmers Cooperative Inc.","800-A Market Street","N/A","Decatur","Alabama","	35601","United States","N/A","N/A","AL& FL","V-112-6","Class II","CO-OP QUAIL GROWER MEDICATED, 50 LBS","unknown","Animal and fish feeds which were possibly contaminated with ruminant based protein not labeled as 'Do not feed to ruminants'","06/09/2006","N/A","N/A","","N/A"
"Veterinary","No","","36029","Ongoing","Intervet, Inc.","29160 Intervet Lane","N/A","Millsboro","Delaware","	19966","United States","N/A","N/A","The product was shipped to distributors in IA and MT. The product was also shipped to customers in WI, NM, IN, Tn, and TX.","V-136-6","Class II","Safe Guard (fenbendazole) 20% Natural Protein Deworming Block for Beef Cattle. Type C Medicated Feed Block. 25 lb block","339 blocks","missing back label with dosing instructions","07/31/2006","N/A","N/A","","N/A"
"Veterinary","No","","36761","Terminated","Nutri Vet Nutritionals","495 N Dupont Avenue","N/A","Boise","ID","	83713","United States","N/A","N/A","Products were distributed to retail stores and distributors located in IL, OH, MN, WA, KY, CO, NY, ID, UT, FL, TN, OR, and TX.","V-006-2007","Class II","Non-medicated horse feed - NUTRI-VET Hoof & Coat For Horses with Vitamins and Minerals  Apple and Molasses Flavor Pellets 3.75 lbs.   DIST. BY PAR: Nutri-Vet 495 N. Duport Ave., Boise, Idaho 83713","174/3.75 lb. buckets","Product contains undeclared Monensin/Rumensin","11/07/2006","N/A","05/15/2008","","N/A"
"Veterinary","No","","36761","Terminated","Nutri Vet Nutritionals","495 N Dupont Avenue","N/A","Boise","ID","	83713","United States","N/A","N/A","Products were distributed to retail stores and distributors located in IL, OH, MN, WA, KY, CO, NY, ID, UT, FL, TN, OR, and TX.","V-007-2007","Class II","non-medicated horse feed - State Line Track Hoof & Coat for Horses  Apple and Molasses Flavor Pellets  Net Wt. 3.0 lbs.  Dist by/Par: Pacific Coast Distributing, Inc. Phoenix, AZ  Manufactured by: Nutri-Vet Nutritionals","336/3.0 lb. buckets","Product contains undeclared Monensin/Rumensin","11/07/2006","N/A","05/15/2008","","N/A"
"Veterinary","No","","36761","Terminated","Nutri Vet Nutritionals","495 N Dupont Avenue","N/A","Boise","ID","	83713","United States","N/A","N/A","Products were distributed to retail stores and distributors located in IL, OH, MN, WA, KY, CO, NY, ID, UT, FL, TN, OR, and TX.","V-008-2007","Class II","non-medicated goat feed: Nutri-Vet Hoof & Coat apple and molasses flavored pellets for goats  3.75 lbs.  Dist. BY/APR: Nutri-Vet, Boise, ID","52/3.0 lb. buckets","Product contains undeclared Monensin/Rumensin","11/07/2006","N/A","05/15/2008","","N/A"
"Veterinary","No","","36921","Terminated","Kalmbach Feeds Inc","7148 St Hwy 199","N/A","Upper Sandusky","OH","	43351-9346","United States","N/A","N/A","The product was distributed to two conignees located in PA and MI.","V-009-2007","Class II","Product is Feed 454A - Kalmbach 18% Turkey & Broiler Grower/Finisher Pellet (Medicated), Net Weight 50 LBS., manufactured by Kalmbach Feeds, Inc., Upper Sandusky, Ohio.","50/50 lb. bags.","Off label use of Type A medicated article. Product is labeled for calves and used in poultry feed.","11/30/2006","N/A","12/13/2007","","N/A"
"Veterinary","No","","37114","Terminated","Virbac AH, Inc","3200 Meacham Blvd","N/A","Fort Worth","TX","	76137","United States","N/A","N/A","CA, OH, MI, NJ, FL, GA, IL TX, and NY","V-010-2007","Class II","CopperSafe medication for Ick, Velvet, and other external Parasites found on fish.  1 gallon containers manufactured by Virbac AH, Inc, Consumer Brands Division, Fort Worth, TX.","324 one-gallon containers","After testing, product designed to treat external parasites in ornamental fish was found to have unusual organoleptic properties.","01/04/2007","N/A","09/20/2007","","N/A"
"Veterinary","No","","37125","Completed","Golden Rod Feed Mill Inc","85 13th Street NE","N/A","Cullman","Alabama","	35055-5907","United States","N/A","N/A","AL","V-019-2007","Class II","Broiler Grower, 200-118-101, medicated, bulk poultry feed","52,550 lbs","Feed contained excessive amounts of sodium.","10/04/2006","N/A","N/A","","N/A"
"Veterinary","No","","37283","Terminated","Eatonton Co-Op Feed Company","504 S Jefferson Ave","N/A","Eatonton","GA","	31024-1524","United States","N/A","N/A","GA","V-020-2007","Class II","Dairy cattle feed blends containing ProLak and/or ProAmino II protein concentrate, manufactured by HJ Baker & Bro., Inc., Stamford, CT.","25 tons","Finished feed product was manufactured from raw feed material that may have been contaminated with ruminant derived protein.","12/12/2006","N/A","11/15/2010","","N/A"
"Veterinary","No","","37408","Terminated","Pfeiffer, Arno, Inc.","W7786  Cty Rd. T","N/A","Greenbush","WI","	53026","United States","N/A","N/A","WI","V-024-2007","Class II","Bulk cattle feed made with recalled Darling''s 85% Blood Meal, Flash Dried.","17600 ton","Blood meal used to make cattle feed was recalled by Darling National, LLC because it was cross-contaminated with prohibited bovine meat and bone meal that had been manufactured on common equipment and labeling did not bear cautionary BSE statement.","02/02/2007","N/A","06/05/2012","","N/A"
"Veterinary","No","","37525","Terminated","Fort Dodge Laboratories Inc","800 5th St NW","PO Box 518","Fort Dodge","IA","	50501-0518","United States","N/A","N/A","Distribution was made nationwide to wholesale and veterinary/retail accounts.","V-033-2007","Class II","Fort Dodge Cydectin, moxidectin, Injectable Solution for Beef and Nonlactating Dairy Cattle, Antiparasitic, Sterile, packaged in 200- and 500-ml. bottles, containing 10 mg. moxidectin/ml, OTC, NADA 141-220, NDC 0856-4930-02 (200 ml) and NDC 0856-4930-03 (500 ml).  The firm name on the label is Fort Dodge Animal Health, Fort Dodge, IA","7,476/200-ml. bottles and 44,365/500-ml. bottles","Firm cannot assure validated parameters were met in the aseptic filling room","03/16/2007","N/A","04/08/2009","","N/A"
"Veterinary","No","","37689","Terminated","Suther Feeds Inc","105 S Kansas Ave","N/A","Frankfort","KS","	66427-1331","United States","N/A","N/A","Distribution was made to one farm in KS.","V-030-2007","Class II","Suther Feeds Excel-R-Ate L Mixer Medicated, containing 177.78 g/ton Lincomycin, packaged in 50-lb. bags.  The label shows the product is Manufactured by Suther Feeds, Inc., Frankfort, KS.","50/50-lb. bags","Subpotent feed","03/28/2007","N/A","06/13/2007","","N/A"
"Veterinary","No","","37840","Terminated","Natural Balance Pet Food Inc.","12924 Pierce St","N/A","Pacoima","CA","	91331-2526","United States","N/A","N/A","Nationwide and Internationally: Canada, Hong Kong, Singapore, Japan, Korea","V-1129-2007","Class II","Dick Van Patten's Natural Balance Ultra Premium Cat Food Ocean Fish Formula Canned Cat Food in 3oz and 6oz","3 oz: 13,604 cases/24 cans per case; 6oz: 37,807 cases/24 cans per case","Product has been manufactured with rice protein concentrate contaminated with melamine.","04/13/2007","N/A","11/04/2011","","N/A"
"Veterinary","No","","47488","Terminated","Milbank Mills Inc","1 Brunswick","PO Box 763","Chillicothe","MO","	64601-0763","United States","N/A","N/A","The products were distributed to two end users in MO.","V-037-2008","Class II","MGA200 Premix (Type A Medicated Article), each pound contains 200 mg. Melengestrol Acetate, packaged in a white, multi-layered paper bag containing approximately 10 lbs. of product with the drug name handwritten on it.","1/10-lb. bag","The product was repackaged with deficient labeling.","01/30/2008","N/A","07/30/2009","","N/A"
"Veterinary","No","","47488","Terminated","Milbank Mills Inc","1 Brunswick","PO Box 763","Chillicothe","MO","	64601-0763","United States","N/A","N/A","The products were distributed to two end users in MO.","V-038-2008","Class II","Lincomix 20 (lincomycin) Type A Medicated Article 20 grams/lb, packaged in a white, multi-layered paper bag containing approximately 5 lbs. with the drug name handwritten on it.","1/5-lb. bag","The product was repackaged with deficient labeling.","01/30/2008","N/A","07/30/2009","","N/A"
"Veterinary","No","","47545","Terminated","Purina Mills LLC d/b/a Land O'Lakes Purina Feed LLC","475 Saint Johns Church Rd","N/A","Camp Hill","PA","	17011-5755","United States","N/A","N/A","The products were shipped to dealers nationwide","V-066-2008","Class II","Cattle Finisher 40 W/O, formula number 3923, item number 0009798. The product is sold in 50 lb bags.","N/A","elevated aflatoxins levels","04/04/2008","N/A","03/01/2013","","N/A"
"Veterinary","No","","47545","Terminated","Purina Mills LLC d/b/a Land O'Lakes Purina Feed LLC","475 Saint Johns Church Rd","N/A","Camp Hill","PA","	17011-5755","United States","N/A","N/A","The products were shipped to dealers nationwide","V-067-2008","Class II","Cattle Finisher 50 W/O, formula number 3982M, item number 0001273. The product is sold in 50 lb bags.","N/A","elevated aflatoxins levels","04/04/2008","N/A","03/01/2013","","N/A"
"Veterinary","No","","47545","Terminated","Purina Mills LLC d/b/a Land O'Lakes Purina Feed LLC","475 Saint Johns Church Rd","N/A","Camp Hill","PA","	17011-5755","United States","N/A","N/A","The products were shipped to dealers nationwide","V-068-2008","Class II","Cattle Finisher 32 W/O, formula number 3895, item number 0009271. The product is sold in 50 lb bags.","N/A","elevated aflatoxins levels","04/04/2008","N/A","03/01/2013","","N/A"
"Veterinary","No","","48690","Terminated","Aquatrol Inc","237 N Euclid Way Ste H","N/A","Anaheim","CA","	92801-6737","United States","N/A","N/A","Nationwide to: AL, CA, CT, FL, HI, IL, KY, MD, MI, NV, OH, MO, NY, UT, TN, TX, WI, WA  and Guam","V-223-2008","Class II","Dr. Turtle Medication Block Card - Item No. 35440","154,313 units total for all products","This recall has been initiated due to product mislabeling, in that; the product may not contain the specified level of the sulfathiazole ingredient.","05/16/2008","N/A","11/22/2011","","N/A"
"Veterinary","No","","48690","Terminated","Aquatrol Inc","237 N Euclid Way Ste H","N/A","Anaheim","CA","	92801-6737","United States","N/A","N/A","Nationwide to: AL, CA, CT, FL, HI, IL, KY, MD, MI, NV, OH, MO, NY, UT, TN, TX, WI, WA  and Guam","V-224-2008","Class II","Dr. Turtle Medication Block Bulk - Item No. 35470","154,313 units total for all products","This recall has been initiated due to product mislabeling, in that; the product may not contain the specified level of the sulfathiazole ingredient.","05/16/2008","N/A","11/22/2011","","N/A"
"Veterinary","No","","48619","Terminated","Purina Mills LLC","555 Maryville University Dr","N/A","Saint Louis","MO","	63141-5805","United States","N/A","N/A","Distribution was made to feed dealers located in IA, KS, NE, MN, and CO.","V-220-2008","Class II","Land O Lakes Special Lamb Creep B90 Medicated, containing 90 g/ton Lasalocid (as Lasalocid Sodium), packaged in 50-lb. bags, Item #1852700.  The label shows the product is Manufactured By Land O'Lakes Purina Feed LLC, Shoreview, MN.","726/50-lb. bags","The product contains higher than acceptable levels of copper","06/02/2008","N/A","01/21/2010","","N/A"
"Veterinary","No","","48619","Terminated","Purina Mills LLC","555 Maryville University Dr","N/A","Saint Louis","MO","	63141-5805","United States","N/A","N/A","Distribution was made to feed dealers located in IA, KS, NE, MN, and CO.","V-222-2008","Class II","Land O Lakes Sheep Balancer B136 Medicated, For All Classes of Sheep, containing 136 g/ton Lasalocid (as lasalocid sodium), packaged in 50-lb. bags and in bulk, Item 1860220.  The product is labeled as Manufactured By Land O'Lakes Purina Feed LLC, Shoreview, MN.","Bulk - 14,060 lbs.; bagged - 319/50-lb. bags","The product contains higher than acceptable levels of copper","06/02/2008","N/A","01/21/2010","","N/A"
"Veterinary","No","","50481","Terminated","Land O'Lakes Purina Feed LLC","5500 N Cotner Blvd","N/A","Lincoln","NE","	68507","United States","N/A","N/A","Distribution was made to 6 dealers (1 in S.E. Nebraska and 5 in western Iowa).","V-005-2009","Class II","Sheep Balancer B136 Medicated, packaged in 50-lb. bags, containing 136.0 g/t lasalocid.  The firm name on the label is Land O'Lakes Purina Feed LLC, Shoreview, MN.","208/50-lb. bags","High copper level","12/04/2008","N/A","01/15/2010","","N/A"
"Veterinary","No","","51025","Terminated","Carolina Prime Pet","131 Regal St","N/A","Murphy","NC","	28906-2602","United States","N/A","N/A","AZ, FL, GA, IL, NV, NC, OH","V-170-2009","Class II","Peanut butter filled rawhide chew bones in 4 inch and 6 inch sizes sold under the Carolina Prime Pet brand name.  The product is packed in clear plastic bags with a cardboard label.  The catalog item numbers for 4"" is 42003, UPC 63725542003; and for 6"" is 42005, UPC 63725542005.  The products are labeled in part ""*** CAROLINA PRIME Peanut Butter STUFFED 6"" (OR 4"") RAWHIDE BONE ***"".","N/A","The product was manufactured using peanut butter recalled by Peanut Corporation of America because it has the potential to be contaminated with Salmonella.","01/26/2009","N/A","12/11/2013","","N/A"
"Veterinary","No","","51025","Terminated","Carolina Prime Pet","131 Regal St","N/A","Murphy","NC","	28906-2602","United States","N/A","N/A","AZ, FL, GA, IL, NV, NC, OH","V-171-2009","Class II","Peanut butter filled beef hooves sold 2 hooves per package under the Carolina Prime Pet brand name.  The product is packaged in clear plastic bags with a cardboard label.  The catalog item number is 42000, UPC 63725542000.  The product is labeled in part, ""*** CAROLINA PRIME Peanut Butter STUFFED Natural Hooves 2 BEEF HOOVES ***"".","N/A","The product was manufactured using peanut butter recalled by Peanut Corporation of America because it has the potential to be contaminated with Salmonella.","01/26/2009","N/A","12/11/2013","","N/A"
"Veterinary","No","","51025","Terminated","Carolina Prime Pet","131 Regal St","N/A","Murphy","NC","	28906-2602","United States","N/A","N/A","AZ, FL, GA, IL, NV, NC, OH","V-172-2009","Class II","Peanut butter filled 6 inch beef shank bones sold under the Carolina Prime Pet brand name and Salix Healthy-Hide brand name.  The product is packaged in clar plastic bags with a cardboard label.  The catalog item number for the Carolina Prime brand is 42007, UPC 6372554200; and for Healthy Hide brand is 33479, UPC 09109333479.  The Carolina Prime product is labeled in part, ""***CAROLINA PRIME Peanut Butter STUFFED Natural Smoked Bone 6"" Meaty BEEF SHANK ***"".  the Healthy-Hide product is labeled in part,""*** PEANUT BUTTER FILLED Salix Healthy-Hide REAL BONE DOG TREATS * Peanut Butter Filled BEEF SHANK BONE ** SALIX LLC Deerfield Beach FL ***"".","N/A","The product was manufactured using peanut butter recalled by Peanut Corporation of America because it has the potential to be contaminated with Salmonella.","01/26/2009","N/A","12/11/2013","","N/A"
"Veterinary","No","","51289","Terminated","Fort Dodge Laboratories Inc","800 5th St NW","PO Box 518","Fort Dodge","IA","	50501-0518","United States","N/A","N/A","Product was distributed nationwide.","V-136-2009","Class II","Factrel¿ (gonadorelin injectable) for the treatment of cystic ovaries in cattle.  Each milliliter sterile aqueous solution contains 50 micrograms of gonadorelin (as hydrochloride).  NADA 139-237.  20 mL vial, Lots 431413 and 431414.   NDC 0856-4311-02.  The responsible firm listed on the product label is Fort Dodge Animal Health, Fort Dodge, Iowa.","32,596 vials","The manufacturing site encountered an equipment malfunction with could have affected the sterility assurance of the glass vial of the drug product.","02/06/2009","N/A","08/25/2011","","N/A"
"Veterinary","No","","51443","Terminated","CHS Nutrition","300 W Feedville Rd","N/A","Hermiston","OR","	97838-9573","United States","N/A","N/A","product distributed to 19 retail distributors throughout WA, OR, and ID","V-173-2009","Class II","Product label reads in part:  ""SAFEGARD HOG DEWORMER MEDICATED For Growing Swine. For the removal of: Lungworms***Gastrointestinal worms***large roundworm***ACTIVE DRUG INGREDIENT Fenbendazole...22.65mg/lb****Manufactured By: CHS NUTRITION Sioux Falls, SD 57107***Bulk or 50 lbs (22.68 kg) Net Weight""  ","809 50lb bags","The firm manufactured medicated hog dewormer using a drug (Fenbendazole) that was expired.","02/18/2009","N/A","10/11/2011","","N/A"
"Veterinary","No","","51443","Terminated","CHS Nutrition","300 W Feedville Rd","N/A","Hermiston","OR","	97838-9573","United States","N/A","N/A","product distributed to 19 retail distributors throughout WA, OR, and ID","V-174-2009","Class II","Product label reads in part: ""SAFEGUARD BEEF DEWORMER MINERAL MEDICATED FOR THE REMOVAL AND CONTROL OF: LUNGWORMS***STOMACH WORMS***INTESTINAL WORMS***ACTIVE DRUG INGREDIENT Fenbendazole....3800g/ton***INGREDIENTS Processed Grain Byproducts,***Manufactured By: CHS NUTRITION Sioux Falls, SD 57117-5047***Bulk or 50lb (22.68kg) Net Weight***""","20 50lb bags","The firm manufactured medicated beef dewormer using a drug (Fenbendazole) that was expired.","02/18/2009","N/A","10/11/2011","","N/A"
"Veterinary","No","","52104","Terminated","MARS Petcare US, Inc.","315 Cool Springs Boulevard","N/A","Franklin","TN","	37067","United States","N/A","N/A","Nationwide and Canada, Mexico, Japan, Korea, Thailand, Malaysia, Singapore, Indonesia, New Zealand, and Israel.","V-276-2009","Class II","NUTRO NATURAL CHOICE COMPLETE CARE, Adult (cat) Food, 4 lbs (UPC 079105 20610 5) and 8 lbs (UPC 079105 20611 2), 9.2 lbs (Bonus Bag) (UPC 079105 20694 5), 20 lbs (UPC 079105 20612 9), 1.5 oz (sample bag -no UPC), Manufactured by Nutro Products, Inc., 445 Wilson Way, City of Industry, CA  91744","49,154 units","Product was found to contain excessive Zinc and below specification Potassium","05/21/2009","N/A","08/04/2010","","N/A"
"Veterinary","No","","52104","Terminated","MARS Petcare US, Inc.","315 Cool Springs Boulevard","N/A","Franklin","TN","	37067","United States","N/A","N/A","Nationwide and Canada, Mexico, Japan, Korea, Thailand, Malaysia, Singapore, Indonesia, New Zealand, and Israel.","V-277-2009","Class II","NUTRO NATURAL CHOICE COMPLETE CARE, Adult (cat) Food, Oceanfish Flavor, 4 lbs (UPC 079105 20622 8) and 8 lbs (UPC 079105 20623 5), 9.2 lbs (Bonus Bag) (UPC 079105 20698 3), 20 lbs (UPC 079105 20624 2), Manufactured by Nutro Products, Inc., 445 Wilson Way, City of Industry, CA  91744","19,205 units","Product was found to contain excessive Zinc and below specification Potassium","05/21/2009","N/A","08/04/2010","","N/A"
"Veterinary","No","","52104","Terminated","MARS Petcare US, Inc.","315 Cool Springs Boulevard","N/A","Franklin","TN","	37067","United States","N/A","N/A","Nationwide and Canada, Mexico, Japan, Korea, Thailand, Malaysia, Singapore, Indonesia, New Zealand, and Israel.","V-278-2009","Class II","NUTRO MAX Cat Adult, Roasted Chicken Flavor, 3 lbs (UPC 079105 10228 5) and 6 lbs (UPC 079105 10229 2), 16 lbs (UPC 079105 10230 8), 1.5 oz (sample bag -no UPC), Manufactured by Nutro Products, Inc., 445 Wilson Way, City of Industry, CA  91744","129,738 units","Product was found to contain excessive Zinc and below specification Potassium","05/21/2009","N/A","08/04/2010","","N/A"
"Veterinary","No","","52104","Terminated","MARS Petcare US, Inc.","315 Cool Springs Boulevard","N/A","Franklin","TN","	37067","United States","N/A","N/A","Nationwide and Canada, Mexico, Japan, Korea, Thailand, Malaysia, Singapore, Indonesia, New Zealand, and Israel.","V-279-2009","Class II","NUTRO MAX Cat Indoor Adult, Roasted Chicken Flavor, 3 lbs (UPC 079105 10243 8) and 6 lbs (UPC 079105 10244 5), 16 lbs (UPC 079105 10245 2), 1.5 oz (sample bag -no UPC), Manufactured by Nutro Products, Inc., 445 Wilson Way, City of Industry, CA  91744","67,028 units","Product was found to contain excessive Zinc and below specification Potassium","05/21/2009","N/A","08/04/2010","","N/A"
"Veterinary","No","","52104","Terminated","MARS Petcare US, Inc.","315 Cool Springs Boulevard","N/A","Franklin","TN","	37067","United States","N/A","N/A","Nationwide and Canada, Mexico, Japan, Korea, Thailand, Malaysia, Singapore, Indonesia, New Zealand, and Israel.","V-280-2009","Class II","NUTRO MAX Cat Indoor Adult, Salmon Flavor, 3 lbs (UPC 079105 10246 9) and 6 lbs (UPC 079105 10247 6), 16 lbs (UPC 079105 10248 3), Manufactured by Nutro Products, Inc., 445 Wilson Way, City of Industry, CA  91744","21,685 units","Product was found to contain excessive Zinc and below specification Potassium","05/21/2009","N/A","08/04/2010","","N/A"
"Veterinary","No","","52104","Terminated","MARS Petcare US, Inc.","315 Cool Springs Boulevard","N/A","Franklin","TN","	37067","United States","N/A","N/A","Nationwide and Canada, Mexico, Japan, Korea, Thailand, Malaysia, Singapore, Indonesia, New Zealand, and Israel.","V-281-2009","Class II","NUTRO MAX Cat Indoor Weight Control, 3 lbs (UPC 079105 102496 0) and 6 lbs (UPC 079105 10250 6), 16 lbs (UPC 079105 10251 3), Manufactured by Nutro Products, Inc., 445 Wilson Way, City of Industry, CA  91744","20,435 units","Product was found to contain excessive Zinc and below specification Potassium","05/21/2009","N/A","08/04/2010","","N/A"
"Veterinary","No","","52104","Terminated","MARS Petcare US, Inc.","315 Cool Springs Boulevard","N/A","Franklin","TN","	37067","United States","N/A","N/A","Nationwide and Canada, Mexico, Japan, Korea, Thailand, Malaysia, Singapore, Indonesia, New Zealand, and Israel.","V-282-2009","Class II","Nutro Complete Care Choice Adult Chicken Formula, cat food, NET/NETTO 3 kg, 7.5 kg,  and 15 kg","6,507 units","Product was found to contain excessive Zinc and below specification Potassium","05/21/2009","N/A","08/04/2010","","N/A"
"Veterinary","No","","52104","Terminated","MARS Petcare US, Inc.","315 Cool Springs Boulevard","N/A","Franklin","TN","	37067","United States","N/A","N/A","Nationwide and Canada, Mexico, Japan, Korea, Thailand, Malaysia, Singapore, Indonesia, New Zealand, and Israel.","V-284-2009","Class II","Nutro Complete Care Choice Adult with Salmon, cat food, NET/NETTO 1 kg, 3 kg, 7.5 kg,  and 15 kg","8,011 units","Product was found to contain excessive Zinc and below specification Potassium","05/21/2009","N/A","08/04/2010","","N/A"
"Veterinary","No","","52554","Terminated","Trouw Nutrition USA, LLC","115 Executive Drive","P.O. Box 219","Highland","IL","	62249-0219","United States","N/A","N/A","California and Tennessee","V-253-2009","Class II","Custom Mix Natural Max Cat Trace Mineral Premix; Net Weight 22.7 kg, 50 lb. bags; for further manufacturing use only; Manufactured for Nutro of Tennessee, Lebanon, TN 37087; Nutro Code: 237047","61,462,8 kg","The premix has high zinc levels and low potassium levels.","05/19/2009","N/A","07/08/2010","","N/A"
"Veterinary","No","","52554","Terminated","Trouw Nutrition USA, LLC","115 Executive Drive","P.O. Box 219","Highland","IL","	62249-0219","United States","N/A","N/A","California and Tennessee","V-254-2009","Class II","Custom Mix  Max Cat IND AD Chicken Base Mix; Net Weight 22.7 kg, 50 lb. bags; for further manufacturing use only; Manufactured for Nutro of Tennessee, Lebanon, TN 37087; Nutro Code: 236621","37,036.44 kg","The base mix has lower potassium levels than expected.","05/19/2009","N/A","07/08/2010","","N/A"
"Veterinary","No","","53521","Terminated","Western Stockmen's","223 Rodeo Ave","N/A","Caldwell","ID","	83605-6714","United States","N/A","N/A","The product was distributed domestically to individuals, dairys, and from the firm's own retail locations (in OR and ID).  Product went to OR and ID.","V-005-2010","Class II","This medicated feed is packaged in 50 lb (net weight) white poly bags with the product label stitched to the bag seam.   Labeling reads in part: ""Net Weight 50 lbs.***WST Pride PLUS AMPROLIUM CRUMBLE 1.25% For Beef and Dairy Calves***An aid in the prevention and treatment of coccidiosis***ACTIVE DRUG INGREDIENT Amprolium (Corid) 1.25%***LOT NO: 11639-033109***MANUFACTURED BY WESTERN STOCKMEN'S, CALDWELL, ID 83605***""  The firm's product number is printed to the right of the lot number and is ""35016601"".  The label does not have a best by or expiration date.","86 bags","Medicated feed was found to be sub-potent for Amprolium.","09/24/2009","N/A","07/21/2011","","N/A"
"Veterinary","No","","53786","Terminated","TEVA Animal Health Inc","3915 S 48th St Terr","N/A","Saint Joseph","MO","	64503","United States","N/A","N/A","Product was distributed to direct accounts nationwide and to the following foreign countries:  Israel, Hong Kong, Canada, Taiwan, and China.","V-087-2010","Class II","Ivermectin Pour-On for Cattle, 5 mg. Ivermectin per ml, OTC, ANADA 200-219, packaged under the following product names and labels:    (1) AmTech Group, Inc. Phoenectin, 250-ml, 1-, 2.5-, 5-, and 25-liter, and 1-gal bottles, Manufactured by IVX Animal Health, Inc., St. Joseph, MO;    (2) Aspen Ivermectin, 250-ml, 1-, 2.5-, 5-, and 25-liter, and 1-gal bottles,  Manufactured for Aspen Veterinary Resources, Ltd., Liberty, MO;    (3) Durvet Ivermectin, 250- and 500-ml, 1-, 2.5-, 5-, and 25-liter, and 1-gal bottles, Manufactured for DURVET, INC., Blue Springs, MO;    (4) RXV Ivermax, 250-ml and 1-liter bottles, Manufactured for RXVeterinary Products, Westlake, TX;    (5) VEDCO ProMectin B, 250- and 500-ml, 1-, 2.5-, 5-, and 25-liter, and 1-gal  bottles, Manufactured for Vedco, Inc., St. Joseph, MO;    (6) IBA Ibamectin, 1-and 5-liter bottles, Manufactured for IBA, Inc., Millbury, MA;    (7) Phoenix Pharmaceutical, Inc. Ivercide, 1- and 5-liter bottles, Manufactured for Phoenix Pharmaceutical, Inc., St. Joseph, MO;    (8) AgriLabs Agri-Mectin, 5-liter bottles, Manufactured for Agri Laboratories, Ltd., St. Joseph, MO;","503,294 btls.","The products were not manufactured in conformance with GMP's","09/04/2009","N/A","08/18/2011","","N/A"
"Veterinary","No","","53786","Terminated","TEVA Animal Health Inc","3915 S 48th St Terr","N/A","Saint Joseph","MO","	64503","United States","N/A","N/A","Product was distributed to direct accounts nationwide and to the following foreign countries:  Israel, Hong Kong, Canada, Taiwan, and China.","V-094-2010","Class II","DVM Malaseb Shampoo, Medicated Shampoo Formulation for Dogs, Cats and Horses,  containing miconazole nitrate 2% and chlorhexidine gluconate 2%, packaged in 1-gal. bottles, RX, labeled as Teva Animal Health, Inc., St. Joseph, MO.; 8- and 12-fl. oz. bottles, OTC, labeled as IVX Animal Health, St. Joseph, MO.","559,761 btls","The products were not manufactured in conformance with GMP's","09/04/2009","N/A","08/18/2011","","N/A"
"Veterinary","No","","53786","Terminated","TEVA Animal Health Inc","3915 S 48th St Terr","N/A","Saint Joseph","MO","	64503","United States","N/A","N/A","Product was distributed to direct accounts nationwide and to the following foreign countries:  Israel, Hong Kong, Canada, Taiwan, and China.","V-111-2010","Class II","DVM OtiRinse Ear Cleansing/Drying Solution, Antiseptic Ear Solution for Dogs and Cats, packaged in 8-fl oz btls, OTC.  Distributed by Teva Animal Health, Inc., St. Joseph, MO.","186,551/8-fl oz btls","The products were not manufactured in conformance with GMP's","09/04/2009","N/A","08/18/2011","","N/A"
"Veterinary","No","","54127","Terminated","Milk Products, LLC","435 E Main St","N/A","Chilton","WI","	53014-1201","United States","N/A","N/A","AL, AR, IA, ID, KS, KY, MN, MO, NE, PA, TX, WI","V-017-2010","Class II","Scour-Ease plus Concentrate, Type B Medicated Feed.  A calf supplement to be mixed with dry non-medicated milk replacer powder to make a complete medicated Type C milk replacer ration for dairy and beef replacement calves.  Medicated with the highest approved levels of neomycin and Oxytetracycline.   Active Drug Ingredients:  Neomycin sulfate ...10g/lb; Oxytetracycline (from Oxytetracycline Dihydrate)...10g/lb, equivalent to Oxytetracycline Hydrochloride.  Packaged in 2 different sized packages:  1) Net Wt 40 lb (18.14kg), UPC 95668-93914;  2) Net Wt 5.55 lb (2.52 kg), UPC 95668-94256.  Manufactured for:  Manna Pro, 707 spirit 40 Park Drive, Suite 150, St. Louis, MO  63005 USA.","13,865 lbs total","This recall has been initiated due to the use of Type A medication past its expiration date.","12/11/2009","N/A","12/17/2011","","N/A"
"Veterinary","No","","54127","Terminated","Milk Products, LLC","435 E Main St","N/A","Chilton","WI","	53014-1201","United States","N/A","N/A","AL, AR, IA, ID, KS, KY, MN, MO, NE, PA, TX, WI","V-018-2010","Class II","Sav-A-Caf Scours & Pneumonia Treatment, Medicated Calf Milk Replacer. Scours & Pneumonia Treatment is a nutritionally complete medicated milk replacer to be fed to pre-weaned herd replacement calves continuously for 7 to 14 days in place of normal calf milk replacer.  Active Drug Ingredients:  Neomycin Sulfate...1.25 g/lb, Oxytetracycline...1.25 g/lb (from Oxytetracycline Dihydrate) equivalent to Oxytetracycline Hydrochloride.   Net Weight 6 lbs (2.72 kg).  UPC 16368-53028.  Manufactured by:  Milk Products LLC, P.O. Box 150, Chilton, WI  53014.","13,865 lbs total","This recall has been initiated due to the use of Type A medication past its expiration date.","12/11/2009","N/A","12/17/2011","","N/A"
"Veterinary","No","","54127","Terminated","Milk Products, LLC","435 E Main St","N/A","Chilton","WI","	53014-1201","United States","N/A","N/A","AL, AR, IA, ID, KS, KY, MN, MO, NE, PA, TX, WI","V-019-2010","Class II","SROC 20-20 AM NT 1600 Medicated.  Milk Replacer to be fed to heard replacement calves.  Active Drug Ingredient(s):  Neomycin Base (from Neomycin Sulfate)..1600g/ton; Oxytetracycline...1600g/ton.  Net Weight 50 lb (22.68 kg).  Manufactured for:  Hubbard Feeds, Inc., P.O. Box 8500, Mankato, MN  56002-8500.","13,865 lbs total","This recall has been initiated due to the use of Type A medication past its expiration date.","12/11/2009","N/A","12/17/2011","","N/A"
"Veterinary","No","","54256","Terminated","Cargill Animal Nutrition","5744 Third St","N/A","Ferndale","WA","	98248","United States","N/A","N/A","The firm distributed to 11 dairies in the state of Washington","V-036-2010","Class II","Medicated dairy feed supplement, 4 custom blends, bulk.  Bulk product not labeled.  Consignee provided with documentation listing product name, ingredients, mixing directions, product code and Manufactured by: CARGILL ANIMAL NUTRITION General Office Minneapolis, Minn 55440.    Products include:1) Vreugdenhil Close up, 2) Vanderwaal Close up, 3) RTJ Dry Cow; and 4) Meadow Park Close up        ","29,040 lbs.","Undeclared urea - urea inadvertently added to the product.","01/13/2010","N/A","04/23/2010","","N/A"
"Veterinary","No","","54256","Terminated","Cargill Animal Nutrition","5744 Third St","N/A","Ferndale","WA","	98248","United States","N/A","N/A","The firm distributed to 11 dairies in the state of Washington","V-037-2010","Class II","Non-Medicated dairy feed supplement, 7 custom blends, bulk.  Bulk product not labeled.      Products include:  1) Marmel Close up; 2) Bajema Close up; 3) Vanmiddendorp Close up; 4)  Deck Close up;  5) Debruin Dry Cow; 6) Blankers Dry Cow; and 7) Dejong Close up        ","46,986 lbs.","Undeclared urea - urea inadvertently added to the product.","01/13/2010","N/A","04/23/2010","","N/A"
"Veterinary","No","","53786","Terminated","TEVA Animal Health Inc","3915 S 48th St Terr","N/A","Saint Joseph","MO","	64503","United States","N/A","N/A","Product was distributed to direct accounts nationwide and to the following foreign countries:  Israel, Hong Kong, Canada, Taiwan, and China.","V-159-2010","Class II","Ivermectin injection for cattle and swine, containing 1% ivermectin, OTC, ANDA 200-228, packaged under the following product names and labels:    (1) AgriLabs AGRI-MECTIN, 50-, 200- and 500-ml. vials, Manufactured for Agri Laboratories, Ltd., St. Joseph, MO;    (2) AmTech Group, Inc. Phoenectin, 50-, 200-, 500- and 1,000-ml vials, Manufactured by IVX Animal Health, Inc., St. Joseph, MO;    (3) Aspen Ivermectin, 50-, 200-, 500- and 1,000-ml vials, Manufactured for Aspen Veterinary Resources, Ltd., Liberty, MO;    (4) Butler Parid LA, 50-, 200- and 500-ml vials, Distributed Exclusively by Butler Animal Health Supply, Dublin, OH;    (5) durvet Ivermectin, 50-, 200-, 500- and 1,000-ml vials, Distributed by Durvet, Inc., Blue Springs, MO;    (6) Phoenix Pharmaceutical, Inc., Ivercide, 50-, 200-, and 500-ml vials, Manufactured by Phoenix Scientific, Inc., St. Joseph, MO;    (7) Ivermax, 50-, 200- and 500-ml vials, Manufactured for RXV Products, Westlake, TX; and    (7) VEDCO ProMectin Injection, 50-, 200-, 500- and 1,000-ml vials, Distributed by VEDCO Inc., St. Joseph, MO.","238,777 vials","The products were not manufactured in conformance with GMP's","09/04/2009","N/A","08/18/2011","","N/A"
"Veterinary","No","","53786","Terminated","TEVA Animal Health Inc","3915 S 48th St Terr","N/A","Saint Joseph","MO","	64503","United States","N/A","N/A","Product was distributed to direct accounts nationwide and to the following foreign countries:  Israel, Hong Kong, Canada, Taiwan, and China.","V-166-2010","Class II","DVM Malaseb Pledgets, Medicated Pads for Dogs, Cats and Horses, each pledget applicator  (2.25 in. diameter 70% rayon, 30% polyester) contains approximately 17.4 mg Miconazole (equivalent to 20 mg Miconazole Nitrate) and 20 mg Chlorhexidine Gluconate, 60 pledgets per container.  Distributed by Teva Animal Health, Inc., St. Joseph, MO.","166,737/60-ct. containers","The products were not manufactured in conformance with GMP's","09/04/2009","N/A","08/18/2011","","N/A"
"Veterinary","No","","53786","Terminated","TEVA Animal Health Inc","3915 S 48th St Terr","N/A","Saint Joseph","MO","	64503","United States","N/A","N/A","Product was distributed to direct accounts nationwide and to the following foreign countries:  Israel, Hong Kong, Canada, Taiwan, and China.","V-167-2010","Class II","IVX Malaseb Towelettes, Medicated Pads for Dogs, Cats and Horses, each individually wrapped towelette applicator (6 inches x 6 inches, 60% polypropylene, 40% cellulose fibers) contains approximately 63 mg of miconazole (equivalent to 72 mg miconazole nitrate), 72 mg of chlorhexidine gluconate, packaged in 12- and 60-ct shelf packs, RX.  Distributed by IVX Animal Health, Inc., St. Joseph, MO.","13,015/60-ct. shelf packs and 161,047/12-ct. shelf packs","The products were not manufactured in conformance with GMP's","09/04/2009","N/A","08/18/2011","","N/A"
"Veterinary","No","","54488","Terminated","ADM Alliance Nutrition of Puerto Rico, LLC","6 Calle Tomas Davila","N/A","Barceloneta","PR","	00617-2797","United States","N/A","N/A","Only Puerto Rico","V-068-2010","Class II","138 Tylosin-Sulfamethazine 10-10 Swine Premix Medicated.","71 bags; 47 bags/30 lbs and 24 bags/50 lbs","Low Potency for Sulfamethazine as part of assay analysis","01/27/2010","N/A","11/23/2011","","N/A"
"Veterinary","No","","55741","Terminated","Intervet Schering-Plough Animal Health","56 Livingston Avenue","N/A","Roseland","NJ","	07068","United States","N/A","N/A","OH, MO, AR, CO, TX. MN, ID, SD, OK, PA, NE, FL, KS, IA, CA, MA, MA.","V-187-2010","Class II","Estrumate Solution for Injection (Cloprostenol sodium equivalent to 250 ug/mL)  An Analogue of Prostaglandin F2 for Intramuscular Injection in Beef and Dairy Cattle.  Schering Animal Health","28,205 vials","Presence of particles in specific lots of Estrumate (cloprostenol sodium ) Injection","05/26/2010","N/A","06/23/2011","","N/A"
"Veterinary","No","","56692","Terminated","ADM Alliance Nutrition Inc","710 8th St SW","N/A","Le Mars","IA","	51031-1830","United States","N/A","N/A","Seven (7) farms and retail customers located in South Dakota, Iowa, and Minnesota.","V-061-2011","Class II","Bulk ADM Alliance Nutrition Rough-N-Ready 14 50321BHB Medicated, containing 60 gms/ton lasalocid.  The firm name on the label is ADM Alliance Nutrition, Inc., Quincy, IL.","twenty-five(25) tons of this bulk feed was distributed.","Product could contain broken glass from a broken light bulb globe.","09/04/2010","N/A","04/16/2012","","N/A"
"Veterinary","No","","56692","Terminated","ADM Alliance Nutrition Inc","710 8th St SW","N/A","Le Mars","IA","	51031-1830","United States","N/A","N/A","Seven (7) farms and retail customers located in South Dakota, Iowa, and Minnesota.","V-065-2011","Class II","Bulk - ADM Alliance Nutrition AminoGain CO-Product Grower RU 53497CCP Medicated containing 400 gm/ton Monensin.   The firm name on the label is ADM Alliance Nutrition, Inc., Quincy, IL.","Three (3) tons of medicated feed were distributed.","Product could contain broken glass from a broken light bulb globe.","09/04/2010","N/A","04/16/2012","","N/A"
"Veterinary","No","","56692","Terminated","ADM Alliance Nutrition Inc","710 8th St SW","N/A","Le Mars","IA","	51031-1830","United States","N/A","N/A","Seven (7) farms and retail customers located in South Dakota, Iowa, and Minnesota.","V-066-2011","Class II","Bulk ADM Alliance Nutrition Custom Tjeerdsma 490 RU/MGA D6361NET Medicated containing 533.4 gm/ton Monensin and 0.000117% Melengestrol Acetate.  The firm name on the label is ADM Alliance Nutrition, Inc., Quincy, IL.","Eight tons of this medicated feed was destributed.","Product could contain broken glass from a broken light bulb globe.","09/04/2010","N/A","04/16/2012","","N/A"
"Veterinary","No","","56692","Terminated","ADM Alliance Nutrition Inc","710 8th St SW","N/A","Le Mars","IA","	51031-1830","United States","N/A","N/A","Seven (7) farms and retail customers located in South Dakota, Iowa, and Minnesota.","V-067-2011","Class II","Bulk ADM Alliance Nutrition Special Mix No. 490 RU/MGA  490AB Medicated containing 533.4 gm/ton  Monensin and 0.000117% Melengestrol Acetate.  The firm name on the label is ADM Alliance Nutrition, Inc., Quincy, IL.","Six tons of this medicated feed was distributed.","Product could contain broken glass from a broken light bulb globe.","09/04/2010","N/A","04/16/2012","","N/A"
"Veterinary","No","","56692","Terminated","ADM Alliance Nutrition Inc","710 8th St SW","N/A","Le Mars","IA","	51031-1830","United States","N/A","N/A","Seven (7) farms and retail customers located in South Dakota, Iowa, and Minnesota.","V-068-2011","Class II","Bulk MoorMan's IA/MN Starter Pellet 1 CTC/DEN 12136AYW Medicated feed containing 400 gm/ton Chlortetracycline and 35 gm/ton Tiamulin.  The firm name on the label is ADM Alliance Nutrition, Inc., Quincy, IL.","Two tons of this medicated feed were distributed.","Product could contain broken glass from a broken light bulb globe.","09/04/2010","N/A","04/16/2012","","N/A"
"Veterinary","No","","56692","Terminated","ADM Alliance Nutrition Inc","710 8th St SW","N/A","Le Mars","IA","	51031-1830","United States","N/A","N/A","Seven (7) farms and retail customers located in South Dakota, Iowa, and Minnesota.","V-069-2011","Class II","Bulk ADM Alliance Nutrition Feedlot Supplement 65/39 53135NED Medicated containing 333.3 gm/ton Monensin and 0.000073% Melengestrol Acetate.  The firm name on the label is ADM Alliance Nutrition, Inc. Quincy, IL.","Eight tons of medicated feed was distributed.","Product could contain broken glass from a broken light bulb globe.","09/04/2010","N/A","04/16/2012","","N/A"
"Veterinary","No","","58595","Terminated","Cargill Animal Nutrition","219 Right Of Way Road","N/A","Sterling","CO","	80751-8453","United States","N/A","N/A","MT, WY, UT","V-168-2011","Class II","Nutrena NutreBeef Calf Grower Pellet 12/1.5 (M12) (STL) Medicated, Active Drug Ingredient Monensin 24 grams/ton, 50 lb bag, Ingredients: Grain Products, Plant Protein Products, Processed Grain By-products, Forage Products, Molasses products, Hemicellulose Extract...., Nutrena General Office, Minneapolis, MN 55440.","160 / 50 lb bags","Medicated calf feed contains elevated levels of Monensin.","04/05/2011","N/A","06/09/2011","","N/A"





