Product Type,Recently Updated Record,Last Modified Date,Event ID,Status,Recalling Firm,Address1,Address2,City,State/Province,Postal Code,Country,Voluntary/Mandated,Initial Firm Notification of Consignee or Public,Distribution Pattern,Recall Number,Classification,Product Description,Product Quantity,Reason for Recall,Recall Initiation Date,Center Classification Date,Termination Date,Report Date,Code Info
"Veterinary","No","","58858","Terminated","Land O Lakes Purina LLC","1080 County Road F W","N/A","Shoreview","MN","	55126-2910","United States","N/A","N/A","AL, AZ, CA, CO, GA, ID, I L IN, IA, KS, KY,  ME, MI, MN, MS, MO, NE, NM, NY, NC, OH, OK, OR, PA, SD, TN, TX, VT, VA WA,WI, Mexico","V-406-2011","Class I","69AB20 DECOQUIANTE    132) LAND O LAKES, INSTANT NURSING FORMULA DC MEDICATED,  Dairy Herd & Beef Calf Milk Replacer, UPC 0 34500 98090 6, 1460100-106, Manufactured By: Land O'Lakes Animal Milk Products Co. Shoreview, MN 55126-2910, 50 lb (22.68 kg) Net Weight.        133)  LAND O LAKES, INSTANT AMPLIFIER MAX DC BM  MEDICATED,  Dairy Herd & Beef Calf Milk Replacer, UPC 8 04273 02898 9, 1482805-106, Manufactured By: Land O'Lakes Animal Milk Products Co. Shoreview, MN 55126-2910, 50 lb (22.68 kg) Net Weight.      134)  LAND O LAKES, INSTANT AMPLIFIER MAX DC BM (2X) (no cup)  MEDICATED,  Dairy Herd & Beef Calf Milk Replacer, UPC 8 83576  02212 2, 1482802-106, Manufactured By: Land O'Lakes Animal Milk Products Co. Shoreview, MN 55126-2910, 50 lb (22.68 kg) Net Weight.  135)  LAND OLAKES, INTANT AMPLIFIER MAX DC BM (2X)   MEDICATED,  Dairy Herd & Beef Calf Milk Replacer, UPC 8 83576  00759 4, 1482801-106, Manufactured By: Land O'Lakes Animal Milk Products Co. Shoreview, MN 55126-2910, 50 lb (22.68 kg) Net Weight.    136)  LAND O LAKES, INSTANT AMPLIFIER MAX DC MEDICATED,  Dairy Herd & Beef Calf Milk Replacer, UPC 0 34500 98244 3, 1482800-106, Manufactured By: Land O'Lakes Animal Milk Products Co. Shoreview, MN 55126-2910, 50 lb (22.68 kg) Net Weight.    137)  LAND O LAKES, INSTANT AMPLIFIER COWS MATCH DC BM MEDICATED,  Dairy Herd & Beef Calf Milk Replacer, UPC 8 83576  03106 3, 1486401-106, Manufactured By: Land O'Lakes Animal Milk Products Co. Shoreview, MN 55126-2910, 50 lb (22.68 kg) Net Weight.    138)  LAND O LAKES, INSTANT COWS MATCH DC  MEDICATED,  Dairy Herd & Beef Calf Milk Replacer, UPC 8 83576  00793 8, 1486400-106, Manufactured By: Land O'Lakes Animal Milk Products Co. Shoreview, MN 55126-2910, 50 lb (22.68 kg) Net Weight.    139)  SAME AS 132.    140)  Purina Mills CORNERSTONE 28:20 DQ,  MEDICATED, UPC 8 83576 00527 9, 0062920, Distributed by: PURINA MILLS, LLC, PO BOX 66812, St Louis, Missouri 63166-6812, 50 lb (22.68 kg) Net Weight.    141)  Purina Mills CORNERSTONE 22:20 DQ,  MEDICATED, UPC 8 83576 00525 5, 0062917  10PB, Distributed by: PURINA MILLS, LLC, PO BOX 66812, St Louis, Missouri 63166-6812, 50 lb (22.68 kg) Net Weight.    142)  Purina Mills CORNERSTONE 22:20 DQ BM,  MEDICATED, UPC 8 8 04273 02796 8, 0042114  106P, Distributed by: PURINA MILLS, LLC, PO BOX 66812, St Louis, Missouri 63166-6812, 50 lb (22.68 kg) Net Weight.    143)  Purina Mills HIGH ENERGY NURSE CHOW #100 DQ ,  MEDICATED, UPC 8 83576 00481 4, 0000017  10C3, Distributed by: PURINA MILLS, LLC, PO BOX 66812, St Louis, Missouri 63166-6812, 50 lb (22.68 kg) Net Weight.      144)  SOLUTION 20-20 DCX MEDICATED, ,  Dairy Herd & Beef Calf Milk Replacer, 8 83576 02656 4, 1474813-106, Manufactured For: United Suppliers, Eldora, Ia, 50627, 50 lb (22.68 kg) Net Weight.      145)  ADVANCED CALF TECHNOLOGY, FIRST FOOD CR-DCX sith Bio-Mos, MEDICATED INSTANTIZED CALF MILK REPLACER, UPC 8 83576 03168 1M 1472533-106, Manufactured for United Suppliers, Inc, General Offices Eldora, IA 50627, 50 lb (22.68 kg) Net Weight.    146) 146) NUTRA BLEND 22-20 AM BOV BM with ClariFly MEDICATED,  Dairy Herd & Beef Calf Milk Replacer, UPC 8 83576  03571 9, 1474116-106, Manufactured  For: Nutra Blend LLC, Neosho, MO 64850, 50 lb (22.68 kg) Net Weight.    147) 33741AZW16, ADM Alliance Nutrition, Nurse Trate All-Milk DC, MEDICATED,  Dairy Herd & Beef Calf Milk Replacer, 1476975-103, Manufactured  For: ADM Alliance Nutrition, Inc., Quincy, Il 62305-3115, 50 lb (22.68 kg) Net Weight.    148)  33741AZW14, ADM Alliance Nutrition, Nurse Trate All-Milk DC, MEDICATED,  Dairy Herd & Beef Calf Milk Replacer, 1476975-106, Manufactured  For: ADM Alliance Nutrition, Inc., Quincy, Il 62305-3115, 50 lb (22.68 kg) Net Weight    149)  34813AZW16, ADM Alliance Nutrition, Nurse Trate Platinum DC, MEDICATED,  Dairy Herd & Beef Calf Milk Replacer, 1476979-103, Manufactured  For: ADM Alliance Nutrition, Inc., Quincy, Il 62305-3115, 25 lb (11.34 kg) Net Weight    150) 34813AZW14, ADM Alliance Nutri","4575.7695 tons for all products","Land O'Lakes Purina Feed LLC at the direction of an ingredient supplier, are voluntarily recalling a limited number of calf milk replacer products that were manufactured at Black River Falls, WI, facility, due to the potential for salmonella contamination.","05/05/2011","N/A","04/30/2012","","N/A"
"Veterinary","No","","59195","Terminated","Nestle Purina PetCare Co","Checkerboard Square","Attn Christopher S Cowell","Saint Louis","MO","	63164-0001","United States","N/A","N/A","Distribution was made to distribution centers located in OR, ID, and CO and to one retail store located in ID.","V-400-2011","Class I","Purina Cat Chow brand Cat Food, Naturals Plus Vitamins & Minerals, packaged in 6.3-lb. bags, UPC 17800 11320.  Manufactured by: Nestle Purina PetCare Company, St. Louis, MO.","150/6.3-lb. bags","The product was inadvertently shipped after testing positive for Salmonella","06/27/2011","N/A","11/09/2011","","N/A"
"Veterinary","No","","59195","Terminated","Nestle Purina PetCare Co","Checkerboard Square","Attn Christopher S Cowell","Saint Louis","MO","	63164-0001","United States","N/A","N/A","Distribution was made to distribution centers located in OR, ID, and CO and to one retail store located in ID.","V-401-2011","Class I","Friskies Cat Food, Grillers' Blend, Chicken, Beef & Turkey Flavors Accented with Garden Veggies & Grill Flavor, packaged in 3.15- and 16-lb. bags, UPC 50000 08450 (3.15 lb.) and 50000 57578 (16-lb.).  Manufactured by: Nestle Purina PetCare Company, St. Louis, MO.","600/3.15-lb. bags and 120/16-lb. bags","The product was inadvertently shipped after testing positive for Salmonella","06/27/2011","N/A","11/09/2011","","N/A"
"Veterinary","No","","59482","Terminated","Nestle Purina PetCare Co","Checkerboard Square","Attn Christopher S Cowell","Saint Louis","MO","	63164-0001","United States","N/A","N/A","Distribution was made to distributors, pet specialty distributors, and to company stores located IA, IL, IN, KY, MI, MN, MO, ND, NE, OH, and WI.  Military distribution was also made in IL and WI","V-018-2012","Class I","Purina One Vibrant Maturity 7+ Adult Premium Cat Food, packaged in 3.5- and 7-lb. bags, Manufactured by Nestle Purina PetCare Company, St. Louis, MO.","13,830/3.5-lb. bags and 16,696/7-lb. bags","Contaminated with Salmonella.","07/29/2011","N/A","06/19/2012","","N/A"
"Veterinary","No","","61820","Terminated","Diamond Pet Foods","103 N Olive St","PO Box 156","Meta","MO","	65058-0156","United States","Voluntary: Firm initiated","Two or more of the following: Email, Fax, Letter, Press Release, Telephone, Visit","US/Nationwide; Canada; Belize; Costa Rica; Domincan Republic; Guatemala; Hong Kong; Jamaica; Jordan; Japan; Kuwait; Kazakhstan; Lebanon; Sri Lanka; Malasia; Nigeria; Philippines; Pakistan; Russia; Singapore; El Salvadore; Thailand; Trinidad and Tobago; Taiwan","V-013-2013","Class I","Diamond Pet Foods Indoor Cat Formula, Net Wt. 18 lbs., Made by Diamond Pet Food, Meta, Missouri 65058.","unknown","Product was found to be contaminated with Salmonella.","05/04/2012","10/19/2012","05/27/2014","10/31/2012","Products (all sizes) with Best Before dates between 9-DEC-2012 and 7-APR-2013; Lot codes with a number '2' or '3' in the 9th position AND an 'X' in the 10th or 11th position."
"Veterinary","No","","61820","Terminated","Diamond Pet Foods","103 N Olive St","PO Box 156","Meta","MO","	65058-0156","United States","Voluntary: Firm initiated","Two or more of the following: Email, Fax, Letter, Press Release, Telephone, Visit","US/Nationwide; Canada; Belize; Costa Rica; Domincan Republic; Guatemala; Hong Kong; Jamaica; Jordan; Japan; Kuwait; Kazakhstan; Lebanon; Sri Lanka; Malasia; Nigeria; Philippines; Pakistan; Russia; Singapore; El Salvadore; Thailand; Trinidad and Tobago; Taiwan","V-014-2013","Class I","Diamond Pet Foods Maintenance Cat, Net Wt. 40 lbs., Made by Diamond Pet Food, Meta, Missouri 65058.","unknown","Product was found to be contaminated with Salmonella.","05/04/2012","10/19/2012","05/27/2014","10/31/2012","Products (all sizes) with Best Before dates between 9-DEC-2012 and 7-APR-2013; Lot codes with a number '2' or '3' in the 9th position AND an 'X' in the 10th or 11th position."
"Veterinary","No","","61820","Terminated","Diamond Pet Foods","103 N Olive St","PO Box 156","Meta","MO","	65058-0156","United States","Voluntary: Firm initiated","Two or more of the following: Email, Fax, Letter, Press Release, Telephone, Visit","US/Nationwide; Canada; Belize; Costa Rica; Domincan Republic; Guatemala; Hong Kong; Jamaica; Jordan; Japan; Kuwait; Kazakhstan; Lebanon; Sri Lanka; Malasia; Nigeria; Philippines; Pakistan; Russia; Singapore; El Salvadore; Thailand; Trinidad and Tobago; Taiwan","V-026-2013","Class I","Diamond Pet Foods Naturals Active Cat Chicken & Rice, Net Wt. 18 lbs., Made by Diamond Pet Food, Meta, Missouri 65058.","unknown","Product was found to be contaminated with Salmonella.","05/04/2012","10/19/2012","05/27/2014","10/31/2012","Products (all sizes) with Best Before dates between 9-DEC-2012 and 7-APR-2013; Lot codes with a number '2' or '3' in the 9th position AND an 'X' in the 10th or 11th position."
"Veterinary","No","","61820","Terminated","Diamond Pet Foods","103 N Olive St","PO Box 156","Meta","MO","	65058-0156","United States","Voluntary: Firm initiated","Two or more of the following: Email, Fax, Letter, Press Release, Telephone, Visit","US/Nationwide; Canada; Belize; Costa Rica; Domincan Republic; Guatemala; Hong Kong; Jamaica; Jordan; Japan; Kuwait; Kazakhstan; Lebanon; Sri Lanka; Malasia; Nigeria; Philippines; Pakistan; Russia; Singapore; El Salvadore; Thailand; Trinidad and Tobago; Taiwan","V-036-2013","Class I","Professional Adult Cat Complete Formula, Net Wt. 18 lbs., Professional Pet Foods, Meta Missouri, 65058.","Approx. 332,300 lbs (total for all Professional brand products).","Product was found to be contaminated with Salmonella.","05/04/2012","10/19/2012","05/27/2014","10/31/2012","Products (all sizes) with Best Before dates between 9-DEC-2012 and 7-APR-2013; Lot codes with a number '2' or '3' in the 9th position AND an 'X' in the 10th or 11th position."
"Veterinary","No","","61820","Terminated","Diamond Pet Foods","103 N Olive St","PO Box 156","Meta","MO","	65058-0156","United States","Voluntary: Firm initiated","Two or more of the following: Email, Fax, Letter, Press Release, Telephone, Visit","US/Nationwide; Canada; Belize; Costa Rica; Domincan Republic; Guatemala; Hong Kong; Jamaica; Jordan; Japan; Kuwait; Kazakhstan; Lebanon; Sri Lanka; Malasia; Nigeria; Philippines; Pakistan; Russia; Singapore; El Salvadore; Thailand; Trinidad and Tobago; Taiwan","V-037-2013","Class I","Professional Light Cat Hairball Control, Net Wt. 18 lbs., Professional Pet Foods, Meta Missouri, 65058.","Approx. 332,300 lbs (total for all Professional brand products).","Product was found to be contaminated with Salmonella.","05/04/2012","10/19/2012","05/27/2014","10/31/2012","Products (all sizes) with Best Before dates between 9-DEC-2012 and 7-APR-2013; Lot codes with a number '2' or '3' in the 9th position AND an 'X' in the 10th or 11th position."
"Veterinary","No","","61820","Terminated","Diamond Pet Foods","103 N Olive St","PO Box 156","Meta","MO","	65058-0156","United States","Voluntary: Firm initiated","Two or more of the following: Email, Fax, Letter, Press Release, Telephone, Visit","US/Nationwide; Canada; Belize; Costa Rica; Domincan Republic; Guatemala; Hong Kong; Jamaica; Jordan; Japan; Kuwait; Kazakhstan; Lebanon; Sri Lanka; Malasia; Nigeria; Philippines; Pakistan; Russia; Singapore; El Salvadore; Thailand; Trinidad and Tobago; Taiwan","V-069-2013","Class I","Premium Edge Senior Cat Hairball, Net Wt. 18 lbs., Premium Edge Pet Food, Rt B, Meta Missouri, 65058.","Approx. 842,000 lbs total (for all Premium Edge brand products).","Product was found to be contaminated with Salmonella.","05/04/2012","10/19/2012","05/27/2014","10/31/2012","Products (all sizes) with Best Before dates between 9-DEC-2012 and 7-APR-2013; Lot codes with a number '2' or '3' in the 9th position AND an 'X' in the 10th or 11th position."
"Veterinary","No","","61820","Terminated","Diamond Pet Foods","103 N Olive St","PO Box 156","Meta","MO","	65058-0156","United States","Voluntary: Firm initiated","Two or more of the following: Email, Fax, Letter, Press Release, Telephone, Visit","US/Nationwide; Canada; Belize; Costa Rica; Domincan Republic; Guatemala; Hong Kong; Jamaica; Jordan; Japan; Kuwait; Kazakhstan; Lebanon; Sri Lanka; Malasia; Nigeria; Philippines; Pakistan; Russia; Singapore; El Salvadore; Thailand; Trinidad and Tobago; Taiwan","V-070-2013","Class I","Premium Edge Healthy Weight for Adult Cats, Chicken, Salmon & Vegetables Formula, Net Wt. 18 lbs., Premium Edge Pet Food, Rt B, Meta Missouri, 65058.","Approx. 842,000 lbs total (for all Premium Edge brand products).","Product was found to be contaminated with Salmonella.","05/04/2012","10/19/2012","05/27/2014","10/31/2012","Products (all sizes) with Best Before dates between 9-DEC-2012 and 7-APR-2013; Lot codes with a number '2' or '3' in the 9th position AND an 'X' in the 10th or 11th position."
"Veterinary","No","","61820","Terminated","Diamond Pet Foods","103 N Olive St","PO Box 156","Meta","MO","	65058-0156","United States","Voluntary: Firm initiated","Two or more of the following: Email, Fax, Letter, Press Release, Telephone, Visit","US/Nationwide; Canada; Belize; Costa Rica; Domincan Republic; Guatemala; Hong Kong; Jamaica; Jordan; Japan; Kuwait; Kazakhstan; Lebanon; Sri Lanka; Malasia; Nigeria; Philippines; Pakistan; Russia; Singapore; El Salvadore; Thailand; Trinidad and Tobago; Taiwan","V-072-2013","Class I","Premium Edge Adult Cat, Net Wt. 18 lbs., Premium Edge Pet Food, Rt B, Meta Missouri, 65058.","Approx. 842,000 lbs total (for all Premium Edge brand products).","Product was found to be contaminated with Salmonella.","05/04/2012","10/19/2012","05/27/2014","10/31/2012","Products (all sizes) with Best Before dates between 9-DEC-2012 and 7-APR-2013; Lot codes with a number '2' or '3' in the 9th position AND an 'X' in the 10th or 11th position."
"Veterinary","No","","61820","Terminated","Diamond Pet Foods","103 N Olive St","PO Box 156","Meta","MO","	65058-0156","United States","Voluntary: Firm initiated","Two or more of the following: Email, Fax, Letter, Press Release, Telephone, Visit","US/Nationwide; Canada; Belize; Costa Rica; Domincan Republic; Guatemala; Hong Kong; Jamaica; Jordan; Japan; Kuwait; Kazakhstan; Lebanon; Sri Lanka; Malasia; Nigeria; Philippines; Pakistan; Russia; Singapore; El Salvadore; Thailand; Trinidad and Tobago; Taiwan","V-073-2013","Class I","Premium Edge Finicky Adult Cat, Net Wt. 18 lbs., Premium Edge Pet Food, Rt B, Meta Missouri, 65058.","Approx. 842,000 lbs total (for all Premium Edge brand products).","Product was found to be contaminated with Salmonella.","05/04/2012","10/19/2012","05/27/2014","10/31/2012","Products (all sizes) with Best Before dates between 9-DEC-2012 and 7-APR-2013; Lot codes with a number '2' or '3' in the 9th position AND an 'X' in the 10th or 11th position."
"Veterinary","No","","61820","Terminated","Diamond Pet Foods","103 N Olive St","PO Box 156","Meta","MO","	65058-0156","United States","Voluntary: Firm initiated","Two or more of the following: Email, Fax, Letter, Press Release, Telephone, Visit","US/Nationwide; Canada; Belize; Costa Rica; Domincan Republic; Guatemala; Hong Kong; Jamaica; Jordan; Japan; Kuwait; Kazakhstan; Lebanon; Sri Lanka; Malasia; Nigeria; Philippines; Pakistan; Russia; Singapore; El Salvadore; Thailand; Trinidad and Tobago; Taiwan","V-082-2013","Class I","Chicken Soup for the Cat Lover's Soul Adult Cat Light, Net Wt. 18 lbs. Made by Diamond Pet Food, Meta, Missouri 65058.","Approx. 2,809,000 lbs total (for all Chicken Soup brand products).","Product was found to be contaminated with Salmonella.","05/04/2012","10/19/2012","05/27/2014","10/31/2012","Products (all sizes) with Best Before dates between 9-DEC-2012 and 7-APR-2013; Lot codes with a number '2' or '3' in the 9th position AND an 'X' in the 10th or 11th position."
"Veterinary","No","","61820","Terminated","Diamond Pet Foods","103 N Olive St","PO Box 156","Meta","MO","	65058-0156","United States","Voluntary: Firm initiated","Two or more of the following: Email, Fax, Letter, Press Release, Telephone, Visit","US/Nationwide; Canada; Belize; Costa Rica; Domincan Republic; Guatemala; Hong Kong; Jamaica; Jordan; Japan; Kuwait; Kazakhstan; Lebanon; Sri Lanka; Malasia; Nigeria; Philippines; Pakistan; Russia; Singapore; El Salvadore; Thailand; Trinidad and Tobago; Taiwan","V-083-2013","Class I","Chicken Soup for the Cat Lover's Soul Senior Cat Hairball, Net Wt. 18 lbs. Made by Diamond Pet Food, Meta, Missouri 65058.","Approx. 2,809,000 lbs total (for all Chicken Soup brand products).","Product was found to be contaminated with Salmonella.","05/04/2012","10/19/2012","05/27/2014","10/31/2012","Products (all sizes) with Best Before dates between 9-DEC-2012 and 7-APR-2013; Lot codes with a number '2' or '3' in the 9th position AND an 'X' in the 10th or 11th position."
"Veterinary","No","","61820","Terminated","Diamond Pet Foods","103 N Olive St","PO Box 156","Meta","MO","	65058-0156","United States","Voluntary: Firm initiated","Two or more of the following: Email, Fax, Letter, Press Release, Telephone, Visit","US/Nationwide; Canada; Belize; Costa Rica; Domincan Republic; Guatemala; Hong Kong; Jamaica; Jordan; Japan; Kuwait; Kazakhstan; Lebanon; Sri Lanka; Malasia; Nigeria; Philippines; Pakistan; Russia; Singapore; El Salvadore; Thailand; Trinidad and Tobago; Taiwan","V-084-2013","Class I","Chicken Soup for the Cat Lover's Soul Adult Cat, Net Wt. 18 lbs. Made by Diamond Pet Food, Meta, Missouri 65058.","Approx. 2,809,000 lbs total (for all Chicken Soup brand products).","Product was found to be contaminated with Salmonella.","05/04/2012","10/19/2012","05/27/2014","10/31/2012","Products (all sizes) with Best Before dates between 9-DEC-2012 and 7-APR-2013; Lot codes with a number '2' or '3' in the 9th position AND an 'X' in the 10th or 11th position."
"Veterinary","No","","64581","Terminated","Schell & Kampeter, Inc.","103 N Olive","PO Box 156","Meta","MO","	65058-0156","United States","Voluntary: Firm initiated","E-Mail","AL, CO, FL, GA, IN, KY, MD, MA, MI, MN, MO, NY, NC, OH, OK, PA, SC, VA, Canada, Costa Rica, Japan, Lebanon, Latvia, Poland, Russia, Sweden, Singapore, Slovenia, Taiwan","V-305-2013","Class I","Premium Edge Finicky Adult Cat Formula, 6 lb. bags &18 lb. bags, Premium Edge¿ Pet Foods P.O. Box 156 Meta, MO 65058.","316 - 6 lb. bags; 2150 - 18 lb. bags","Product may contain low thiamine levels (vitamin B1).","03/09/2013","08/27/2013","05/13/2014","09/04/2013","Production Codes: NGF0802, Best By: 15-Aug-2013, 16-Aug-2013 (6 lb. bags) and Production Codes: NGF0703, Best By: 10-Jul-2013(18 lb. bags)."
"Veterinary","No","","64581","Terminated","Schell & Kampeter, Inc.","103 N Olive","PO Box 156","Meta","MO","	65058-0156","United States","Voluntary: Firm initiated","E-Mail","AL, CO, FL, GA, IN, KY, MD, MA, MI, MN, MO, NY, NC, OH, OK, PA, SC, VA, Canada, Costa Rica, Japan, Lebanon, Latvia, Poland, Russia, Sweden, Singapore, Slovenia, Taiwan","V-306-2013","Class I","Premium Edge Senior Cat Hairball Management Formula, 6 lb. and 18 lb. bags, Premium Edge¿ Pet Foods P.O. Box 156 Meta, MO 65058.","208 - 6 lb. bags; 2150 - 18 lb. bags","Product may contain low thiamine levels (vitamin B1).","03/09/2013","08/27/2013","05/13/2014","09/04/2013","Production Codes: NGS0101, Best By: 03-Jan-2014, 04-Jan-2014 and Production Codes: NGS0702, Best By: 10-Jul-2013."
"Veterinary","No","","64642","Terminated","Natura Manufacturing, Inc.","2779 Rademakers Way","N/A","Fremont","NE","	68025-8044","United States","Voluntary: Firm initiated","Two or more of the following: Email, Fax, Letter, Press Release, Telephone, Visit","Distribution was nationwide.  Foreign distribution was made to Canada, Hong Kong, Korea, Japan, Malaysia, and Costa Rica.","V-130-2016","Class I","EVO Turkey & Chicken Formula Cat & Kitten Food, packaged in 4-oz. (UPC 751485152509), 2.2- lb. (UPC 751485414027), 6.6-lb. (UPC 751485414010), and 15.4-lb. (UPC 751485414003)  bags.   Manufactured by: Natura Pet Products, Inc., Fremont, NE.","658,903 bags","Product is potentially contaminated with Salmonella.","03/18/2013","01/21/2016","01/28/2016","01/27/2016","All expiration dates prior to and including March 24, 2014."
"Veterinary","No","","64642","Terminated","Natura Manufacturing, Inc.","2779 Rademakers Way","N/A","Fremont","NE","	68025-8044","United States","Voluntary: Firm initiated","Two or more of the following: Email, Fax, Letter, Press Release, Telephone, Visit","Distribution was nationwide.  Foreign distribution was made to Canada, Hong Kong, Korea, Japan, Malaysia, and Costa Rica.","V-131-2016","Class I","EVO Herring & Salmon Formula Cat & Kitten Food, packaged in 4-oz. (UPC 751485152516), 2.2- lb. (UPC 751485414126), 6.6-lb. (UPC 751485414119), and 15.4-lb. (UPC 751485414102)  bags.   Manufactured by: Natura Pet Products, Inc., Fremont, NE.","217,690 bags","Product is potentially contaminated with Salmonella.","03/18/2013","01/21/2016","01/28/2016","01/27/2016","All expiration dates prior to and including March 24, 2014."
"Veterinary","No","","64642","Terminated","Natura Manufacturing, Inc.","2779 Rademakers Way","N/A","Fremont","NE","	68025-8044","United States","Voluntary: Firm initiated","Two or more of the following: Email, Fax, Letter, Press Release, Telephone, Visit","Distribution was nationwide.  Foreign distribution was made to Canada, Hong Kong, Korea, Japan, Malaysia, and Costa Rica.","V-132-2016","Class I","EVO Weight Management Adult Cat Food, packaged in 4-oz. (UPC 751485152523), 2.2- lb. (UPC 751485414072), 6.6-lb. (UPC 751485414065), and 15.4-lb. (UPC 751485414058)  bags.   Manufactured by: Natura Pet Products, Inc., Fremont, NE.","172,729 bags","Product is potentially contaminated with Salmonella.","03/18/2013","01/21/2016","01/28/2016","01/27/2016","All expiration dates prior to and including March 24, 2014."
"Veterinary","No","","64642","Terminated","Natura Manufacturing, Inc.","2779 Rademakers Way","N/A","Fremont","NE","	68025-8044","United States","Voluntary: Firm initiated","Two or more of the following: Email, Fax, Letter, Press Release, Telephone, Visit","Distribution was nationwide.  Foreign distribution was made to Canada, Hong Kong, Korea, Japan, Malaysia, and Costa Rica.","V-150-2016","Class I","Innova Prime Grain Free Chicken & Turkey Formula Adult Cat Food, packaged in 4-oz. (UPC 751485153155),  2-lb. (UPC 751485414041), 5-lb. (UPC 751485413990), and 12-lb. (UPC 751485413983) bags.  Manufactured by Natura Pet Products, Inc., Fremont, NE.","114,170 bags","Product is potentially contaminated with Salmonella.","03/18/2013","01/21/2016","01/28/2016","01/27/2016","All expiration dates prior to and including March 24, 2014"
"Veterinary","No","","64642","Terminated","Natura Manufacturing, Inc.","2779 Rademakers Way","N/A","Fremont","NE","	68025-8044","United States","Voluntary: Firm initiated","Two or more of the following: Email, Fax, Letter, Press Release, Telephone, Visit","Distribution was nationwide.  Foreign distribution was made to Canada, Hong Kong, Korea, Japan, Malaysia, and Costa Rica.","V-151-2016","Class I","Innova Cat Food, packaged in 4-oz. (UPC 751485159959),  2.2-lb. (UPC 751485413877), 6-lb. (UPC 751485413938), 6-lb. bilingual (UPC 751485125831) and 15-lb. (UPC 751485413921) bags.  Manufactured by Natura Pet Products, Inc., Fremont, NE.","318,838 bags","Product is potentially contaminated with Salmonella.","03/18/2013","01/21/2016","01/28/2016","01/27/2016","All expiration dates prior to and including March 24, 2014"
"Veterinary","No","","64642","Terminated","Natura Manufacturing, Inc.","2779 Rademakers Way","N/A","Fremont","NE","	68025-8044","United States","Voluntary: Firm initiated","Two or more of the following: Email, Fax, Letter, Press Release, Telephone, Visit","Distribution was nationwide.  Foreign distribution was made to Canada, Hong Kong, Korea, Japan, Malaysia, and Costa Rica.","V-152-2016","Class I","Innova Weight Management Adult Cat Food, packaged in 4-oz. (UPC 751485159881),  2.2-lb. (UPC 751485413914), 6-lb. (UPC 751485413907), and 15-lb. (UPC 751485413891) bags.  Manufactured by Natura Pet Products, Inc., Fremont, NE.","192,331 bags","Product is potentially contaminated with Salmonella.","03/18/2013","01/21/2016","01/28/2016","01/27/2016","All expiration dates prior to and including March 24, 2014"
"Veterinary","No","","64642","Terminated","Natura Manufacturing, Inc.","2779 Rademakers Way","N/A","Fremont","NE","	68025-8044","United States","Voluntary: Firm initiated","Two or more of the following: Email, Fax, Letter, Press Release, Telephone, Visit","Distribution was nationwide.  Foreign distribution was made to Canada, Hong Kong, Korea, Japan, Malaysia, and Costa Rica.","V-153-2016","Class I","Innova Senior Cat Food, packaged in 4-oz. (UPC 751485159980),  2.2-lb. (UPC 751485416038), 6-lb. (UPC 751485416083), and 15-lb. (UPC 751485416076) bags.  Manufactured by Natura Pet Products, Inc., Fremont, NE.","117,859 bags","Product is potentially contaminated with Salmonella.","03/18/2013","01/21/2016","01/28/2016","01/27/2016","All expiration dates prior to and including March 24, 2014"
"Veterinary","No","","64642","Terminated","Natura Manufacturing, Inc.","2779 Rademakers Way","N/A","Fremont","NE","	68025-8044","United States","Voluntary: Firm initiated","Two or more of the following: Email, Fax, Letter, Press Release, Telephone, Visit","Distribution was nationwide.  Foreign distribution was made to Canada, Hong Kong, Korea, Japan, Malaysia, and Costa Rica.","V-172-2016","Class I","California Natural Chicken & Brown Rice Formula Cat & Kitten Food, packaged in 4-oz. (UPC 751485158853), 5-lb. (UPC 751485823874), 5-lb. bilingual (UPC 751485125572), 15-lb. (UPC 751485823560), and 15-lb. bilingual (UPC 751485125589) bags.  The firm name on the label is Natura Pet Products, Santa Clara, CA.","319,290 bags","Product is potentially contaminated with Salmonella.","03/18/2013","01/21/2016","01/28/2016","01/27/2016","All expiration dates prior to and including March 24, 2014"
"Veterinary","No","","64642","Terminated","Natura Manufacturing, Inc.","2779 Rademakers Way","N/A","Fremont","NE","	68025-8044","United States","Voluntary: Firm initiated","Two or more of the following: Email, Fax, Letter, Press Release, Telephone, Visit","Distribution was nationwide.  Foreign distribution was made to Canada, Hong Kong, Korea, Japan, Malaysia, and Costa Rica.","V-173-2016","Class I","California Natural Herring & Sweet Potato Formula Adult Cat Food, packaged in 4-oz. (UPC 751485158915), 5-lb. (UPC 751485823911), and 15-lb. (UPC 751485823577) bags.  The firm name on the label is Natura Pet Products, Santa Clara, CA.","118,658 bags","Product is potentially contaminated with Salmonella.","03/18/2013","01/21/2016","01/28/2016","01/27/2016","All expiration dates prior to and including March 24, 2014"
"Veterinary","No","","64642","Terminated","Natura Manufacturing, Inc.","2779 Rademakers Way","N/A","Fremont","NE","	68025-8044","United States","Voluntary: Firm initiated","Two or more of the following: Email, Fax, Letter, Press Release, Telephone, Visit","Distribution was nationwide.  Foreign distribution was made to Canada, Hong Kong, Korea, Japan, Malaysia, and Costa Rica.","V-181-2016","Class I","California Natural Grain Free Chicken Formula Cat and Kitten Food, packaged in 4-oz. (UPC 751485158792), 5-lb. (UPC 751485829265), and 15-lb. (UPC 751485829258) bags.  The firm name on the label is Natura Pet Products, Fremont, NE.","142,231 bags","Product is potentially contaminated with Salmonella.","03/18/2013","01/21/2016","01/28/2016","01/27/2016","All expiration dates prior to and including March 24, 2014"
"Veterinary","No","","65475","Terminated","Natura Pet Products","2779 Rademakers Way","N/A","Fremont","NE","	68025-8044","United States","Voluntary: Firm initiated","Press Release","Distribution was made to AZ, CA, CO, FL, GA, ID, IL, MI, MN, MT, NC, NJ, NV, NY, OH, PA, RI, TX, VT, and WA.","V-190-2016","Class I","California Natural Chicken & Brown Rice Formula Cat & Kitten Food, packaged in 4-oz. (UPC 751485158853), 5-lb. (UPC 751485823874), 5-lb. bilingual (UPC 751485125572), 15-lb. (UPC 751485823560), and 15-lb. bilingual (UPC 751485125589) bags.  The firm name on the label is Natura Pet Products, Santa Clara, CA.","73,007 bags","The product may be contaminated with Salmonella.","06/18/2013","01/21/2016","01/28/2016","01/27/2016","All expiration dates prior to and including June 9, 2014."
"Veterinary","No","","65475","Terminated","Natura Pet Products","2779 Rademakers Way","N/A","Fremont","NE","	68025-8044","United States","Voluntary: Firm initiated","Press Release","Distribution was made to AZ, CA, CO, FL, GA, ID, IL, MI, MN, MT, NC, NJ, NV, NY, OH, PA, RI, TX, VT, and WA.","V-191-2016","Class I","California Natural Herring & Sweet Potato Formula Adult Cat Food, packaged in 4-oz. (UPC 751485158914), 5-lb. (UPC 751485823911), and 15-lb. (UPC 751485823577) bags. The firm name on the label is Natura Pet Products, Santa Clara, CA.","41,485 bags","The product may be contaminated with Salmonella.","06/18/2013","01/21/2016","01/28/2016","01/27/2016","All expiration dates prior to and including June 9, 2014."
"Veterinary","No","","65475","Terminated","Natura Pet Products","2779 Rademakers Way","N/A","Fremont","NE","	68025-8044","United States","Voluntary: Firm initiated","Press Release","Distribution was made to AZ, CA, CO, FL, GA, ID, IL, MI, MN, MT, NC, NJ, NV, NY, OH, PA, RI, TX, VT, and WA.","V-192-2016","Class I","California Natural Grain Free Chicken Formula Cat and Kitten Food, packaged in 4-oz. (UPC 751485158792), 5-lb. (UPC 751485829265), and 15-lb. (UPC 751485829258) bags. The firm name on the label is Natura Pet Products, Fremont, NE.","N/A","The product may be contaminated with Salmonella.","06/18/2013","01/21/2016","01/28/2016","01/27/2016","All expiration dates prior to and including June 9, 2014."
"Veterinary","No","","65475","Terminated","Natura Pet Products","2779 Rademakers Way","N/A","Fremont","NE","	68025-8044","United States","Voluntary: Firm initiated","Press Release","Distribution was made to AZ, CA, CO, FL, GA, ID, IL, MI, MN, MT, NC, NJ, NV, NY, OH, PA, RI, TX, VT, and WA.","V-210-2016","Class I","EVO Herring & Salmon Formula Cat & Kitten Food, packaged in 4-oz. (UPC 751485152516), 2.2- lb. (UPC 751485414126), 6.6-lb. (UPC 751485414119), and 15.4-lb. (UPC 751485414102) bags. Manufactured by: Natura Pet Products, Inc., Fremont, NE.","55,413 bags","The product may be contaminated with Salmonella.","06/18/2013","01/21/2016","01/28/2016","01/27/2016","All expiration dates prior to and including June 9, 2014."
"Veterinary","No","","65475","Terminated","Natura Pet Products","2779 Rademakers Way","N/A","Fremont","NE","	68025-8044","United States","Voluntary: Firm initiated","Press Release","Distribution was made to AZ, CA, CO, FL, GA, ID, IL, MI, MN, MT, NC, NJ, NV, NY, OH, PA, RI, TX, VT, and WA.","V-212-2016","Class I","EVO Turkey & Chicken Formula Cat & Kitten Food, packaged in 4-oz. (UPC 751485152509), 2.2- lb. (UPC 751485414027), 6.6-lb. (UPC 751485414010), and 15.4-lb. (UPC 751485414003) bags. Manufactured by: Natura Pet Products, Inc., Fremont, NE.","153,202 bags","The product may be contaminated with Salmonella.","06/18/2013","01/21/2016","01/28/2016","01/27/2016","All expiration dates prior to and including June 9, 2014."
"Veterinary","No","","65475","Terminated","Natura Pet Products","2779 Rademakers Way","N/A","Fremont","NE","	68025-8044","United States","Voluntary: Firm initiated","Press Release","Distribution was made to AZ, CA, CO, FL, GA, ID, IL, MI, MN, MT, NC, NJ, NV, NY, OH, PA, RI, TX, VT, and WA.","V-214-2016","Class I","EVO Weight Management Adult Cat Food, packaged in 4-oz. (UPC 751485152523), 2.2- lb. (UPC 751485414072), 6.6-lb. (UPC 751485414065), and 15.4-lb. (UPC 751485414058) bags. Manufactured by: Natura Pet Products, Inc., Fremont, NE.","47,358 bags","The product may be contaminated with Salmonella.","06/18/2013","01/21/2016","01/28/2016","01/27/2016","All expiration dates prior to and including June 9, 2014."
"Veterinary","No","","65475","Terminated","Natura Pet Products","2779 Rademakers Way","N/A","Fremont","NE","	68025-8044","United States","Voluntary: Firm initiated","Press Release","Distribution was made to AZ, CA, CO, FL, GA, ID, IL, MI, MN, MT, NC, NJ, NV, NY, OH, PA, RI, TX, VT, and WA.","V-235-2016","Class I","Innova Cat Food, packaged in 4-oz. (UPC 751485159959), 2.2-lb. (UPC 751485413877), 6-lb. (UPC 751485413938), 6-lb. bilingual (UPC 751485125831) and 15-lb. (UPC 751485413921) bags. Manufactured by Natura Pet Products, Inc., Fremont, NE.","99,583 bags","The product may be contaminated with Salmonella.","06/18/2013","01/21/2016","01/28/2016","01/27/2016","All expiration dates prior to and including June 9, 2014."
"Veterinary","No","","65475","Terminated","Natura Pet Products","2779 Rademakers Way","N/A","Fremont","NE","	68025-8044","United States","Voluntary: Firm initiated","Press Release","Distribution was made to AZ, CA, CO, FL, GA, ID, IL, MI, MN, MT, NC, NJ, NV, NY, OH, PA, RI, TX, VT, and WA.","V-236-2016","Class I","Innova Senior Cat Food, packaged in 4-oz. (UPC 751485159980), 2.2-lb. (UPC 751485416038), 6-lb. (UPC 751485416083), and 15-lb. (UPC 751485416076) bags. Manufactured by Natura Pet Products, Inc., Fremont, NE.","41,225 bags","The product may be contaminated with Salmonella.","06/18/2013","01/21/2016","01/28/2016","01/27/2016","All expiration dates prior to and including June 9, 2014."
"Veterinary","No","","65475","Terminated","Natura Pet Products","2779 Rademakers Way","N/A","Fremont","NE","	68025-8044","United States","Voluntary: Firm initiated","Press Release","Distribution was made to AZ, CA, CO, FL, GA, ID, IL, MI, MN, MT, NC, NJ, NV, NY, OH, PA, RI, TX, VT, and WA.","V-238-2016","Class I","Innova Prime Grain Free Chicken & Turkey Formula Adult Cat Food, packaged in 4-oz. (UPC 751485153155), 2-lb. (UPC 751485414041), 5-lb. (UPC 751485413990), and 12-lb. (UPC 751485413983) bags. Manufactured by Natura Pet Products, Inc., Fremont, NE.","46,554 bags","The product may be contaminated with Salmonella.","06/18/2013","01/21/2016","01/28/2016","01/27/2016","All expiration dates prior to and including June 9, 2014."
"Veterinary","No","","65475","Terminated","Natura Pet Products","2779 Rademakers Way","N/A","Fremont","NE","	68025-8044","United States","Voluntary: Firm initiated","Press Release","Distribution was made to AZ, CA, CO, FL, GA, ID, IL, MI, MN, MT, NC, NJ, NV, NY, OH, PA, RI, TX, VT, and WA.","V-239-2016","Class I","Innova Weight Management Adult Cat Food, packaged in 4-oz. (UPC 751485159881), 2.2-lb. (UPC 751485413914), 6-lb. (UPC 751485413907), and 15-lb. (UPC 751485413891) bags. Manufactured by Natura Pet Products, Inc., Fremont, NE.","68,298 bags","The product may be contaminated with Salmonella.","06/18/2013","01/21/2016","01/28/2016","01/27/2016","All expiration dates prior to and including June 9, 2014."
"Veterinary","No","","66009","Terminated","Procter & Gamble Co","8700 Mason Montgomery Rd","N/A","Mason","OH","	45040-9462","United States","Voluntary: Firm initiated","Two or more of the following: Email, Fax, Letter, Press Release, Telephone, Visit","AL, CT, FL, DE, GA, LA, MA, MD, ME, MS, NC, NH, NJ, NY, SC, PA and VA.","V-189-2015","Class I","Iams Cat Food Healthy Naturals Chicken Adult, 5 lb (UPC: 19014612697) and 16 lb bags (UPC: 19014611881)","N/A","Product has the potential to be contaminated with Salmonella.","08/13/2013","11/04/2014","03/21/2017","11/12/2014","Lot Code: 31874177, Best by Date: 6Nov14 & Lot Code: 31944177, Best by Date: 13Nov14 (5 lb) and Lot Code: 31874177, Best by Date: 6Nov14 & Lot Code: 31944177, Best by Date: 13Nov14 (16 lb)."
"Veterinary","No","","66009","Terminated","Procter & Gamble Co","8700 Mason Montgomery Rd","N/A","Mason","OH","	45040-9462","United States","Voluntary: Firm initiated","Two or more of the following: Email, Fax, Letter, Press Release, Telephone, Visit","AL, CT, FL, DE, GA, LA, MA, MD, ME, MS, NC, NH, NJ, NY, SC, PA and VA.","V-190-2015","Class I","Iams Cat Food Healthy Naturals Weight Control Adult, 5 lb bags, UPC: 19014612703","N/A","Product has the potential to be contaminated with Salmonella.","08/13/2013","11/04/2014","03/21/2017","11/12/2014","Lot Code: 31894177, Best by Date: 8Nov14."
"Veterinary","No","","66009","Terminated","Procter & Gamble Co","8700 Mason Montgomery Rd","N/A","Mason","OH","	45040-9462","United States","Voluntary: Firm initiated","Two or more of the following: Email, Fax, Letter, Press Release, Telephone, Visit","AL, CT, FL, DE, GA, LA, MA, MD, ME, MS, NC, NH, NJ, NY, SC, PA and VA.","V-191-2015","Class I","Iams Cat Food ProActive Health Chicken Adult, 3.2 lb (UPC: 19014612659), 5.7 lb (UPC: 19014612499), 6.3 lb (UPC: 19014611621), 10.8 lb (UPC: 19014612086) and 17.4 lb bags (UPC: 19014611836)","N/A","Product has the potential to be contaminated with Salmonella.","08/13/2013","11/04/2014","03/21/2017","11/12/2014","Lot Code: 31904177, Best by Date: 9Nov14; Lot Code: 31924177, Best by Date: 11Nov14; Lot Code: 31934177, Best by Date: 12Nov14 & Lot Code: 31944177, Best by Date: 13Nov14 (3.2 lb); Lot Code: 31864177, Best by Date: 5Nov14; Lot Code: 31914177, Best by Date: 10Nov14; Lot Code: 31924177, Best by Date: 11Nov14 & Lot Code: 31944177, Best by Date: 13Nov14 (5.7 lb); Lot Code: 31944177, Best by Date: 13Nov14 (6.3 lb); Lot Code: 31864177, Best by Date: 5Nov14; Lot Code: 31904177, Best by Date: 9Nov14; Lot Code: 31914177, Best by Date: 10Nov14; Lot Code: 31924177, Best by Date: 11Nov14 & Lot Code: 31944177, Best by Date: 13Nov14 (10.8 lb) and Lot Code: 31864177, Best by Date: 5Nov14; Lot Code: 31914177, Best by Date: 10Nov14; Lot Code: 31924177, Best by Date: 11Nov14 & Lot Code: 31944177, Best by Date: 13Nov14 (17.4 lb)."
"Veterinary","No","","66009","Terminated","Procter & Gamble Co","8700 Mason Montgomery Rd","N/A","Mason","OH","	45040-9462","United States","Voluntary: Firm initiated","Two or more of the following: Email, Fax, Letter, Press Release, Telephone, Visit","AL, CT, FL, DE, GA, LA, MA, MD, ME, MS, NC, NH, NJ, NY, SC, PA and VA.","V-192-2015","Class I","Iams Cat Food ProActive Health Chicken Kitten, 3.2 lb (UPC: 19014612628), 5.7 lb (UPC: 19014612505), 17.4 lb bags (UPC: 19014611867)","N/A","Product has the potential to be contaminated with Salmonella.","08/13/2013","11/04/2014","03/21/2017","11/12/2014","Lot Code: 31904177, Best by Date: 9Nov14 & Lot Code: 31954177, Best by Date: 14Nov14 (3.2 lb) & Lot Code: 31904177, Best by Date: 9Nov14 and Lot Code: 31954177, Best By Date: 14Nov14 (5.7 lb) and Lot Code: 31904177, Best by Date: 9Nov14 (17.4 lb)."
"Veterinary","No","","66009","Terminated","Procter & Gamble Co","8700 Mason Montgomery Rd","N/A","Mason","OH","	45040-9462","United States","Voluntary: Firm initiated","Two or more of the following: Email, Fax, Letter, Press Release, Telephone, Visit","AL, CT, FL, DE, GA, LA, MA, MD, ME, MS, NC, NH, NJ, NY, SC, PA and VA.","V-193-2015","Class I","Iams Cat Food ProActive Health Digestive Care Adult, 3 lb (UPC: 19014700202), 5 lb (UPC: 19014612451) and 16 lb bags (UPC: 19014611904)","N/A","Product has the potential to be contaminated with Salmonella.","08/13/2013","11/04/2014","03/21/2017","11/12/2014","Lot Code: 31904177, Best by Date: 9Nov14 & Lot Code: 31954177, Best by Date: 14Nov14 (3 lb); Lot Code: 31904177, Best by Date: 9Nov14 & Lot Code: 31954177, Best by Date: 14Nov14 (5 lb) and Lot Code: 31904177, Best by Date: 9Nov14 and Lot Code: 31954177, Best by Date: 14Nov14 (16 lb)."
"Veterinary","No","","66009","Terminated","Procter & Gamble Co","8700 Mason Montgomery Rd","N/A","Mason","OH","	45040-9462","United States","Voluntary: Firm initiated","Two or more of the following: Email, Fax, Letter, Press Release, Telephone, Visit","AL, CT, FL, DE, GA, LA, MA, MD, ME, MS, NC, NH, NJ, NY, SC, PA and VA.","V-194-2015","Class I","Iams Cat Food ProActive Health Hairball Adult, 3.1 lb (UPC: 19014700219), 5 lb (UPC: 19014612420), 9.8 lb (UPC: 19014612161) and 16 lb bags (UPC: 19014611911)","N/A","Product has the potential to be contaminated with Salmonella.","08/13/2013","11/04/2014","03/21/2017","11/12/2014","Lot Code: 31884177, Best by Date: 7Nov14, Lot Code: 31914177, Best by Date: 10Nov14 & Lot Code: 31954177, Best by Date: 14Nov14 (3.1 lbs); Lot Code: 31874177, Best by Date: 6Nov14, Lot Code: 31884177, Best by Date: 7Nov14, Lot Code: 31914177, Best by Date: 10Nov14, Lot Code: 31934177, Best by Date: 12Nov14, Lot Code: 31954177, Best by Date: 14Nov14 (5 lbs); Lot Code: 31894177, Best by Date: 8Nov14, and 31914177, Best by Date: 10Nov14 (9.8 lbs.); Lot Code: 31874177, Best by Date: 6Nov14 & Lot Code: 31954177, Best by Date: 14Nov14 (16 lb)."
"Veterinary","No","","66009","Terminated","Procter & Gamble Co","8700 Mason Montgomery Rd","N/A","Mason","OH","	45040-9462","United States","Voluntary: Firm initiated","Two or more of the following: Email, Fax, Letter, Press Release, Telephone, Visit","AL, CT, FL, DE, GA, LA, MA, MD, ME, MS, NC, NH, NJ, NY, SC, PA and VA.","V-195-2015","Class I","Iams Cat Food ProActive Health Hairball Mature Adult, 5 lb bags, UPC: 19014612604","N/A","Product has the potential to be contaminated with Salmonella.","08/13/2013","11/04/2014","03/21/2017","11/12/2014","Lot Code: 31954177, Best by Date: 14Nov14."
"Veterinary","No","","66009","Terminated","Procter & Gamble Co","8700 Mason Montgomery Rd","N/A","Mason","OH","	45040-9462","United States","Voluntary: Firm initiated","Two or more of the following: Email, Fax, Letter, Press Release, Telephone, Visit","AL, CT, FL, DE, GA, LA, MA, MD, ME, MS, NC, NH, NJ, NY, SC, PA and VA.","V-196-2015","Class I","Iams Cat Food ProActive Health Weight Control & Hairball Adult, 2.9 lb, (UPCs: 19014700240 and 19014700257), 5 lb (UPC: 19014612789), 5.5 lb (UPC: 19014611652), 9.8 lb (UPC: 19014612130) and 16 lb bags (UPC: 19014612147)","N/A","Product has the potential to be contaminated with Salmonella.","08/13/2013","11/04/2014","03/21/2017","11/12/2014","Lot Code:  31914177, Best by Date: 10Nov14, Lot Code: 31924177, Best by Date: 11Nov14, Lot Code: 31934177, Best by Date: 12Nov14, Lot Code: 31944177, Best by Date: 13Nov14 & Lot Code: 31954177, Best by Date: 14Nov14 (2.9 lbs); Lot Code: 31884177, Best by Date: 7Nov14, Lot Code: 31914177, Best by Date: 10Nov14, Lot Code: 31924177, Best by Date: 11Nov14, Lot Code: 31934177, Best by Date: 12Nov14 & Lot Code: 31954177, Best by Date: 14Nov14 (5 lbs); Lot Code: 31924177, Best by Date: 11Nov14 (5.5 lbs); Lot Code: 31884177, Best by Date: 7Nov14, Lot Code: 31914177, Best by Date: 10Nov14, Lot Code: 31924177, Best by Date: 11Nov14, Lot Code: 31934177, Best by Date: 12Nov14 & Lot Code: 31944177, Best by Date: 13Nov14 (9.8 lbs); Lot Code: 31884177, Best by Date: 7Nov14, Lot Code: 31914177, Best by Date: 10Nov14, Lot Code: 31924177, Best by Date: 11Nov14, Lot Code: 31934177, Best by Date: 12Nov14 and Lot Code: 31944177, Best by Date: 13Nov14 (16 lbs)."
"Veterinary","No","","66009","Terminated","Procter & Gamble Co","8700 Mason Montgomery Rd","N/A","Mason","OH","	45040-9462","United States","Voluntary: Firm initiated","Two or more of the following: Email, Fax, Letter, Press Release, Telephone, Visit","AL, CT, FL, DE, GA, LA, MA, MD, ME, MS, NC, NH, NJ, NY, SC, PA and VA.","V-197-2015","Class I","Iams Cat Food ProActive Health Weight Control Adult, 5 lb (UPC: 19014612680), 9.8 lb (UPC: 19014612123) and 16 lb bags (UPC: 19014612178)","N/A","Product has the potential to be contaminated with Salmonella.","08/13/2013","11/04/2014","03/21/2017","11/12/2014","Lot Code: 31874177, Best by Date: 6Nov14, Lot Code: 31934177, Best by Date: 12Nov14 (5 lbs); Lot Code: 31874177, Best by Date: 6Nov14 (9.8 lbs) and Lot Code:  31874177, Best by Date: 6Nov14 & Lot Code: 31934177, Best by Date: 12Nov14 (16 lbs)."
"Veterinary","No","","66009","Terminated","Procter & Gamble Co","8700 Mason Montgomery Rd","N/A","Mason","OH","	45040-9462","United States","Voluntary: Firm initiated","Two or more of the following: Email, Fax, Letter, Press Release, Telephone, Visit","AL, CT, FL, DE, GA, LA, MA, MD, ME, MS, NC, NH, NJ, NY, SC, PA and VA.","V-198-2015","Class I","Iams Cat Food Professional Feeding Bag Chicken Adult, 33 lb bags, UPC: 19014105458","N/A","Product has the potential to be contaminated with Salmonella.","08/13/2013","11/04/2014","03/21/2017","11/12/2014","Lot Code: 31914177, Best by Date: 10Nov14 and Lot Code: 31944177, Best by Date: 13Nov14."
"Veterinary","No","","67366","Terminated","Pmi Nutrition, Llc","1080 County Road F W","N/A","Shoreview","MN","	55126-2910","United States","Voluntary: Firm initiated","Press Release","Product was shipped to the following states: AL, GA, IA, IL, IN, KY, MA, MD, MI, MN, MS, NC, ND, NJ, NY, OH, PA, SC, TN, VA, VT, WI & WV.","V-250-2015","Class I","WHOLESOME NUTRITION PMI NUTRITION RED FLANNEL PET FOOD CAT FORMULA CAT FOOD NET WT. 20 LB (9.07 kg) Distributed exclusively through PMI Nutrition Dealers. made in the USA Manufactured for PMI Nutrition LLC Brentwood, Missouri 63144 800 332-4738 www.pminutrition.com UPC 7 42869 00058 5 Item Number: 0066520 9902 2890652","1,390/20 lb bags","The firm was notified by the FDA of a positive result for Salmonella.","01/26/2014","08/10/2015","10/19/2015","08/19/2015","Best by 05 06 14, Lot #096 13 SM L2 1A"
"Veterinary","No","","67583","Terminated","Pro Pet LLC","1400 McKinley Rd","N/A","Saint Marys","OH","	45885","United States","Voluntary: Firm initiated","Press Release","Product was shipped to the following states: AZ, CA, CO, CT, FL, GA, IA, IL, IN, KS, KY, MA, MI, MN, MT, NC, ND, NE, NJ, NM, NY, OH, PA, SD, TN, TX, VA, WA, WI and WV.","V-126-2016","Class I","Hubbard Life Cat Stars Cat Food, Complete and balanced nutrition for all life stages, NET WT 15 lb/8.18 KG Hubbard Feeds, Inc. P.O. Box 8500 Mankato, MN 56001-8500 www.hubbardlife.com","1,350/15 lb bags","During an internal investigation, the firm discovered five additional products that were packaged on the same finishing line as a previous product which tested positive for Salmonella contamination.","02/04/2014","01/21/2016","08/25/2016","01/27/2016","Lot Number: 096 13 SM L2 1A"
"Veterinary","No","","67583","Terminated","Pro Pet LLC","1400 McKinley Rd","N/A","Saint Marys","OH","	45885","United States","Voluntary: Firm initiated","Press Release","Product was shipped to the following states: AZ, CA, CO, CT, FL, GA, IA, IL, IN, KS, KY, MA, MI, MN, MT, NC, ND, NE, NJ, NM, NY, OH, PA, SD, TN, TX, VA, WA, WI and WV.","V-128-2016","Class I","Joy Combo Cat Stars Cat Food MEAT, FISH & MILK FLAVOR NET WT. 15 LBS. (6.8 KG) & 40 LBS. (18.18 KG) paper bags. JOY PET FOODS PINCKNEYVILLE, IL 62274 800-245-4125 www.joypetfood.com","450/15lb. Bags + 560/40lb. Bags","During an internal investigation, the firm discovered five additional products that were packaged on the same finishing line as a previous product which tested positive for Salmonella contamination.","02/04/2014","01/21/2016","08/25/2016","01/27/2016","Lot Number: 096 13 SM L2 2A and 096 13 SM L2 1A"
"Veterinary","No","","69843","Terminated","Mars Petcare USA","315 Cool Springs Blvd","N/A","Franklin","TN","	37067-1632","United States","Voluntary: Firm initiated","Telephone","Product was distributed to distributors in CA, GA, MI, MN, NV, PA, TX, and VT as well as British Columbia, Canada.","V-286-2016","Class I","EVO Grain Free Turkey & Chicken Formula Cat & Kitten Food, packaged in 15.4 lbs. paper bags, UPC 5148 541400, Manufactured by Natura Pet Products, Inc., Fremont, NE;","2128 units","Batches of cat and ferret food were manufactured with no added vitamins and double the specified minerals.","11/20/2014","01/22/2016","02/05/2016","02/03/2016","(1) Lot 4300A700D2;  (2) Lots 4301A700A4, 4301A700B4, and 4301A700C4;  (3) Lot 4300A700D3;"
"Veterinary","No","","69843","Terminated","Mars Petcare USA","315 Cool Springs Blvd","N/A","Franklin","TN","	37067-1632","United States","Voluntary: Firm initiated","Telephone","Product was distributed to distributors in CA, GA, MI, MN, NV, PA, TX, and VT as well as British Columbia, Canada.","V-287-2016","Class I","California Natural Herring & Sweet Potato Formula, Adult Cat Food, packaged in 15 lbs paper boxes, UPC 5148 582357, Manufactured by Natura Pet Products, Inc., Fremont, NE.","126 units","Batches of cat and ferret food were manufactured with no added vitamins and double the specified minerals.","11/20/2014","01/22/2016","02/05/2016","02/03/2016","Lot 4307A700D2;"
"Veterinary","No","","70734","Terminated","Primal Pet Foods Inc.","2405 Mckinnon Ave","N/A","San Francisco","CA","	94124","United States","Voluntary: Firm initiated","Press Release","MO, PA, MN, FL, NY, OH, CA,  HI.","V-300-2016","Class I","Primal Formula for Cats; Turkey - 93% Turkey, 7% produce and supplements.  1 oz. nuggets - Keep Frozen:  Net wt. 3 lbs. (1.35 kg)  Feline Turkey Formula    Ingredients: Turkey, Turkey Necks, Turkey Hearts, Turkey Livers, Organic Collard Greens, Organic Squash, Organic Celery, Cranberries, Blueberries, Organic Pumpkin Seeds, Organic Sunflower Seeds, Minerals (Zinc Sulfate, Copper Carbonate, Selenium), Almonds, Organic Apple Cider Vinegar, Sardine Oil, Taurine, Organic Quinoa Sprout Powder, Dried Organic Kelp, Organic Cilantro, Organic Coconut Oil, Cod Liver Oil, Organic Ginger, Natural Vitamin E.    Primal Pet Foods Inc.","52 cases (8 x 3 lb. bags per case) (1248 lbs.","One lot of Feline Turkey Raw Frozen Formula 3 pound bag tested FDA was found to be low in Thiamine.","03/13/2015","02/09/2016","02/16/2016","02/17/2016","Best By date 060815 B22  UPC 8 50334-00414 0."
"Veterinary","No","","71927","Terminated","Northwest Farm Food Cooperative","1370 S Anacortes St","N/A","Burlington","WA","	98233-3038","United States","Voluntary: Firm initiated","Two or more of the following: Email, Fax, Letter, Press Release, Telephone, Visit","distributed in OR and WA","V-295-2016","Class I","Frozen Raw Cat Food (10 lbs. chubs and 50 lbs. block).  No UPC code.  Product is used for captive wild cats.    The affected products are sold in 50 pound blocks or 10 lbs. chubs  (the net weight per case of 10 lbs. chubs is 60 lbs.).   Each chub is packaged in a white plastic bag labeled as Cat Food.       The 10 lbs. product is labeled in parts: ""***CAT FOOD***Northwest Farm Food***10 LBS. NET WEIGHT***INEDIBLE NOT FOR HUMAN CONSUMPTION DO NOT FEED TO CATTLE OR OTHER RUMINANTS***KEEP FROZEN***Crude Protein**Crude Fat***Crude Fiber***Moisture***Ingredients: Fish, Beef Liver, Beef, Chicken, Meat By-Products.  Cooked Wheat, Cooked Barley, Mill run, Steamed Bone Meal, Vit E & Vit B-12.  Use as supplement to your regular maintenance diet***"".","total about 4200 lbs. (700 lbs. of 50 blocks and 3000 lbs. of 10 lbs. chubs)","Frozen Raw ""Cat Food"" is recalled due to contamination with Salmonella.","08/10/2015","02/04/2016","03/01/2016","02/10/2016","Jul12015B.    The code is interpreted as manufacture date (07/01/15) and shift (B)"
"Veterinary","No","","76385","Terminated","Evanger's Dog & Cat Food Co","221 Wheeling Rd","N/A","Wheeling","IL","	60090-4809","United States","Voluntary: Firm initiated","Letter","AZ, CA, FL, GA, HI, IL, IN, MA, MD, MI, MN, NV, NY, OH, PA, SC, WA, WI, British Columbia (Canada)","V-0273-2017","Class I","Evanger's Hand Packed Hunk of Beef Au Jus; Grain and Gluten Free; NET WT 12 OZ; Manufactured in the USA by Evanger's Dog & Cat Food Co., Inc. Markham, IL 60428","3,165 cases (12 cans per case)","Product is potentially contaminated with the barbiturate pentobarbital.","02/03/2017","08/03/2017","12/07/2023","08/09/2017","All product manufactured between December 1, 2015 and January 14, 2017 and bearing expiration dates of December 2019 through January 2021    Second part of UPC Code:  20109"
"Veterinary","No","","76385","Terminated","Evanger's Dog & Cat Food Co","221 Wheeling Rd","N/A","Wheeling","IL","	60090-4809","United States","Voluntary: Firm initiated","Letter","AZ, CA, FL, GA, HI, IL, IN, MA, MD, MI, MN, NV, NY, OH, PA, SC, WA, WI, British Columbia (Canada)","V-0274-2017","Class I","Evanger's Hand Packed Braised Beef Chunks with Gravy; NET WT 12 OZ; Manufactured in the USA by Evanger's Dog & Cat Food Co., Inc. Markham, IL 60428","1,719 cases (12 cans per case)","Product is potentially contaminated with the barbiturate pentobarbital.","02/03/2017","08/03/2017","12/07/2023","08/09/2017","All product manufactured between December 1, 2015 and January 14, 2017 and bearing expiration dates of December 2019 through January 2021    Second part of UPC Code:  20107"
"Veterinary","No","12/20/2018","80683","Terminated","G & C Raw, LLC","225 N West St","N/A","Versailles","OH","	45380-1359","United States","Voluntary: Firm initiated","E-Mail","Product distributed to individual consumers in: OH, MI, IN, PA, KY, NC, SC, GA","V-0071-2019","Class I","Pat's Cat Beef cat food packaged in clear plastic containers","N/A","positive for Listeria monocytogenes","07/30/2018","12/20/2018","12/20/2019","10/31/2018","All products with lot numbers that end in 022718 through 072018."
"Veterinary","No","12/20/2018","80683","Terminated","G & C Raw, LLC","225 N West St","N/A","Versailles","OH","	45380-1359","United States","Voluntary: Firm initiated","E-Mail","Product distributed to individual consumers in: OH, MI, IN, PA, KY, NC, SC, GA","V-0072-2019","Class I","Pat's Cat Rabbit cat food packaged in clear plastic containers","N/A","positive for Listeria monocytogenes","07/30/2018","12/20/2018","12/20/2019","10/31/2018","All products with lot numbers that end in 022718 through 072018."
"Veterinary","No","12/20/2018","80683","Terminated","G & C Raw, LLC","225 N West St","N/A","Versailles","OH","	45380-1359","United States","Voluntary: Firm initiated","E-Mail","Product distributed to individual consumers in: OH, MI, IN, PA, KY, NC, SC, GA","V-0073-2019","Class I","Pat's Cat Duck cat food packaged in clear plastic containers","N/A","positive for Listeria monocytogenes","07/30/2018","12/20/2018","12/20/2019","10/31/2018","All products with lot numbers that end in 022718 through 072018."
"Veterinary","No","10/22/2018","80983","Terminated","STEVE'S REAL FOOD FOR PETS","2034 E Fort Union Blvd","N/A","Cottonwood Heights","UT","	84121-3144","United States","Voluntary: Firm initiated","Press Release","nationwide.  no foreign/VA/govt/military consignees.","V-0003-2019","Class I","Super Premium Food for Your Feline, Quest Cat Food, Emu Diet, packages in 2 lb bags with UPC 6-91730-17103-2","69 Cases","Steves Real Food is voluntarily recalling one lot of 5lb Turducken Recipe, one lot of Quest Emu Diet, and one lot of Quest Beef Diet, due to their potential to be contaminated with Salmonella and/or Listeria.","09/07/2018","10/22/2018","08/26/2020","09/26/2018","Lot B138; Best By 8/18/19"
"Veterinary","No","10/22/2018","80983","Terminated","STEVE'S REAL FOOD FOR PETS","2034 E Fort Union Blvd","N/A","Cottonwood Heights","UT","	84121-3144","United States","Voluntary: Firm initiated","Press Release","nationwide.  no foreign/VA/govt/military consignees.","V-0004-2019","Class I","Super Premium Food For Your Feline, Quest Cat Food, Beef Diet, packages in 2 lb bags with UPC 6-91730-17101-8","67 Cases","Steve s Real Food is voluntarily recalling one lot of 5lb Turducken Recipe, one lot of Quest Emu Diet, and one lot of Quest Beef Diet, due to their potential to be contaminated with Salmonella and/or Listeria.","09/07/2018","10/22/2018","08/26/2020","09/26/2018","Lot A138; Best By 8/18/19"
"Veterinary","No","12/20/2018","80683","Terminated","G & C Raw, LLC","225 N West St","N/A","Versailles","OH","	45380-1359","United States","Voluntary: Firm initiated","E-Mail","Product distributed to individual consumers in: OH, MI, IN, PA, KY, NC, SC, GA","V-0076-2019","Class I","Pat's Cat Chicken cat food packaged in clear plastic containers","N/A","positive for Listeria monocytogenes","07/30/2018","12/20/2018","12/20/2019","10/31/2018","All products with lot numbers that end in 022718 through 072018."
"Veterinary","No","12/20/2018","80683","Terminated","G & C Raw, LLC","225 N West St","N/A","Versailles","OH","	45380-1359","United States","Voluntary: Firm initiated","E-Mail","Product distributed to individual consumers in: OH, MI, IN, PA, KY, NC, SC, GA","V-0077-2019","Class I","Pat's Cat Turkey cat food packaged in clear plastic containers","N/A","positive for Listeria monocytogenes","07/30/2018","12/20/2018","12/20/2019","10/31/2018","All products with lot numbers that end in 022718 through 072018."
"Veterinary","No","10/05/2019","81713","Terminated","Columbia River Natural Pet Foods Inc","4900 NE Boulder Creek Road","N/A","Camas","WA","	98607","United States","Voluntary: Firm initiated","Two or more of the following: Email, Fax, Letter, Press Release, Telephone, Visit","distributed in AK, OR, and WA","V-0010-2020","Class I","Cow Pie Fresh Frozen Meats Whole Food Nutrition for Dogs and Cats, net wt. 2 lbs.    The product label is read in parts: ""***COW PIE *** Fresh Frozen Meats Whole Food Nutrition for Dogs and Cats ***Columbia River Natural pet foods***P.O.Box 758 Camas, WA***Ingredients: Beef Green Tripe, Beef Heart, Beef Muscle Meat, Beef Kidney***FEED RAW ONLY DO NOT COOK.  Do not microwave***FOR ANIMAL CONSUMPTION ONLY***"".","1194 pkgs. total (933 pkg from lot # 81917 and 261 pkg from lot # 72681)","Cow Pie Fresh Frozen Meats Whole Food Nutrition for Dogs and Cats product ( lot 81917) is recalled due to contamination with Listeria monocytogenes.    Cow Pie Fresh Frozen Meats Whole Food Nutrition for Dogs and Cats product ( lot 72618) is recalled due to contamination with Listeria monocytogenes and Salmonella.","12/04/2018","10/05/2019","10/05/2019","06/12/2019","81917 and 72618"
"Veterinary","No","10/05/2019","81713","Terminated","Columbia River Natural Pet Foods Inc","4900 NE Boulder Creek Road","N/A","Camas","WA","	98607","United States","Voluntary: Firm initiated","Two or more of the following: Email, Fax, Letter, Press Release, Telephone, Visit","distributed in AK, OR, and WA","V-0011-2020","Class I","Chicken & Vegetables Fresh Frozen Meats Whole Food Nutrition for Dogs and Cats, net wt. 2 lbs.    The product label is read in parts: ""***CHICKEN & VEGETABLES *** Fresh Frozen Meats Whole Food Nutrition for Dogs and Cats ***Columbia River Natural pet foods***P.O.Box 758 Camas, WA***Ingredients: Ground Chicken Backs, Chicken Necks, Chicken Heart, Chicken Liver, Cabbage, Broccoli, Squash, Carrots, Parsley, Spinach, Sprouts & Kale***FEED RAW ONLY DO NOT COOK.  Do not microwave***FOR ANIMAL CONSUMPTION ONLY***"".","166 packages","Chicken & Vegetables Fresh Frozen Meats Whole Food Nutrition for Dogs and Cats product (lot # 111518) is recalled due to contamination with Salmonella.","12/04/2018","10/05/2019","10/05/2019","06/12/2019","111518"
"Veterinary","No","01/23/2020","83713","Terminated","Woody's Pet Food Deli","1245 Trapp Rd","Ste 160","Eagan","MN","	55121-1269","United States","Voluntary: Firm initiated","Telephone","MN and CO","V-0340-2020","Class I","Woody's Pet Food Deli, Raw Chicken, Homemade Cat and Dog Food, with supplements, Net wt. 15 oz","85lbs","Product was found to be contaminated with Salmonella","08/30/2019","01/23/2020","01/24/2020","11/13/2019","1521  Expiration Date: 08/17/20"
"Veterinary","No","01/23/2020","84267","Terminated","Go Raw, LLC DBA Steve's Real Food","2034 E Fort Union Blvd","N/A","Cottonwood","UT","	84121-3144","United States","Voluntary: Firm initiated","E-Mail","Nationwide; no foreign, government/military/VA consignees.","V-0346-2020","Class I","Raw, frozen, pet food; Quest Cat Food Prey Model Beef Diet, packaged in a flexible, printed, plastic bag. Net wt. 2 lbs (907 g), 10 bags/case. Distributed by Steve's Real Food, Inc., Aumsville, OR 97086.","1 lot: 740 bags/74 cases","One lot of Quest Cat Food Prey Model Beef Diet, 2 lb. bags, is being voluntarily recalled due to its potential to be contaminated with Salmonella.","11/08/2019","01/23/2020","04/24/2022","12/18/2019","Lot #N218, Use By: 11/06/20 - code printed on front of bag, right side below zipper. UPC 6 91730 17101 8."
"Veterinary","No","02/08/2021","87068","Terminated","Midwestern Pet Foods Chickasha Operation","913 N 9th St","N/A","Chickasha","OK","	73018-1817","United States","Voluntary: Firm initiated","Two or more of the following: Email, Fax, Letter, Press Release, Telephone, Visit","Nationwide throughout the United States and   Bahrain,  Barbados,  Chile,  Costa Rica,  Curacao,  Cyprus,  Czech Republic,  Ecuador,  El Salvador,  French Polynesia,  Ghana,  Guatemala,  Honduras,  Hong Kong,  Iceland,  Indonesia,  Ireland,  Israel,  Korea,  Kuwait,  Lebanon,  Lithuania,  Malaysia,  Mexico,  New Zealand,  Nicaraugua,  Panama,  Peru,  Singapore,  Taiwan,  Trinidad,  Ukraine,  United Arab Emirates,  Uruguay,  Vietnam","V-0041-2021","Class I","Sportmix Cat Food Original Recipe Targeted Nutrition for Cats and Kittens UPC 034846600834 packaged in 31 pound bag and Sportmix Cat Food Original Recipe Targeted Nutrition for Cats and Kittens UPC 034846600803 packaged in 15 pound bag","1724167 pounds (862.083 tons)","Elevated levels of aflatoxin","12/30/2020","02/08/2021","10/25/2021","01/27/2021","Lot #   01252021L2 05,  01252021L3 05,  02082021L2 05,  02082021L3 05,  02282021L2 05,  02282021L2 05,  04012021L2 05,  04012021L3 05,  05042021L3 05,  05262021L2 05,  05262021L3 05,  06122021L3 05,  07092021L2 05,  07092021L3 05,  08112021L2 05,  08112021L3 05,  08202021L3 05,  09172021L2 05,  09172021L3 05,  10072021L2 05,  10072021L3 05,  10172021L2 05,  10172021L3 05,  11122021L2 05,  11122021L3 05,  12112021L2 05,  12112021L3 05,  01092022L2 05,  01092022L3 05,  02062022L2 05,  02062022L3 05,  02062022L2 05,  03032022L3 05,  04012022L3 05,  04292022L2 05,  04292022L3 05,  06042022L3 05,  06302022L3 05,  01252021L2 05,  01252021L3 05,  02082021L2 05,  02082021L3 05,  02282021L2 05,  02282021L3 05,  02282021L3 05,  04012021L3 05,  05042021L2 05,  05042021L3 05,  05252021L3 05,  05252021L3 05,  06112021L3 05,  06122021L3 05,  07092021L2 05,  07092021L3 05,  07092021L2 05,  07092021L3 05,  08112021L3 05,  08202021L2 05,  08202021L3 05,  09172021L3 05,  10072021L2 05,  10072021L3 05,  10172021L3 05,  11122021L2 05,  11122021L3 05,  12112021L2 05,  01092022L2 05,  02062022L2 05,  02062022L3 05,  03032022L2 05,  03032022L3 05,  04012022L3 05,  04292022L3 05,  06042022L3 05,  06302022L2 05,  06302022L3 05"
"Veterinary","No","02/08/2021","87068","Terminated","Midwestern Pet Foods Chickasha Operation","913 N 9th St","N/A","Chickasha","OK","	73018-1817","United States","Voluntary: Firm initiated","Two or more of the following: Email, Fax, Letter, Press Release, Telephone, Visit","Nationwide throughout the United States and   Bahrain,  Barbados,  Chile,  Costa Rica,  Curacao,  Cyprus,  Czech Republic,  Ecuador,  El Salvador,  French Polynesia,  Ghana,  Guatemala,  Honduras,  Hong Kong,  Iceland,  Indonesia,  Ireland,  Israel,  Korea,  Kuwait,  Lebanon,  Lithuania,  Malaysia,  Mexico,  New Zealand,  Nicaraugua,  Panama,  Peru,  Singapore,  Taiwan,  Trinidad,  Ukraine,  United Arab Emirates,  Uruguay,  Vietnam","V-0044-2021","Class I","Splash Fat Cat Fish Food Floater For All Fresh Water Fish 32% UPC 078337601054 packaged in 50 pound bag","429900 pounds (214.95 tons)","Elevated levels of aflatoxin","12/30/2020","02/08/2021","10/25/2021","01/27/2021","Lot #    02082021L3 05,  02082021L3 05,  02092021L2 05,  05132021L3 05,  09032021L3 05,  10272021L3 05,  10282021L3 05,  11202021L3 05,  01212022L3 05,  03162022L3 05"
"Veterinary","No","04/20/2021","87625","Terminated","MIdwestern Pet Foods Inc.","617 South D Street","N/A","Monmouth","IL","	61462-2157","United States","Voluntary: Firm initiated","Press Release","Products were distributed to retail stores nationwide in the United States (including Puerto Rico) and to online retailers. Products were also exported to the following countries: Bahrain, Barbados, Chile, Costa Rica, Ghana, Honduras, Iceland, Indonesia, Ireland, Israel, Kuwait, Malaysia, New Zealand, Singapore, Taiwan, Trinidad and Tobago, United Arab Emirates, and Uruguay.","V-0104-2021","Class I","Certain dog and cat food brands including CanineX, Earthborn Holistic, Venture, Unrefined, Sportmix Wholesomes, Pro Pac, Pro Pac Ultimates, Sportstrail, Sportmix and Meridian; the products are packaged in paper or plastic bags of various sizes/weights ranging from 4lb-50lb.","6,509,819 lbs./ 224,400 units","Product potentially contaminated with Salmonella spp.","03/26/2021","04/20/2021","01/26/2022","04/14/2021","Multiple codes"
"Veterinary","No","04/27/2021","87691","Terminated","The J.M. Smucker Company, Inc.","830 N Mill St","N/A","Orrville","OH","	44667","United States","Voluntary: Firm initiated","Two or more of the following: Email, Fax, Letter, Press Release, Telephone, Visit","10 Walmart locations located in: IL, OK, NE, WY, MO, WI, UT, NM","V-0106-2021","Class I","Meow Mix Original Cat Food, 30 pound bags","33,592 bags","Presumptive positive for Salmonella placed on hold was inadvertently released.","04/08/2021","04/27/2021","06/01/2021","04/21/2021","Lot No. 1081804 and 1082804  Product No 29274 and 52099  Best Buy Date 09/14/2022 and 09/15/2022"
"Veterinary","No","06/07/2021","87979","Terminated","Natural Balance Pet Foods, Inc.","2358 University Ave","#2280","San Diego","CA","	92104-2720","United States","Voluntary: Firm initiated","Letter","OH, WI, NJ, NC, MN, TX, IN, PA, FL and Canada","V-0117-2021","Class I","Natural Balance L.I.D. Limited Ingredient Diets Green Pea & Chicken Formula Dry Cat Food- 5 LB Bag; 1- lb bag.    5 lb. bag - Case item code: 2363306234, UPC item code: 2363300233  10 lb. bag - Case item code: 2363300235, UPC item code: 2363300235  ","9,360 total bags","Product tested by the Minnesota Department of Agriculture found Salmonella 21:y:in Limited Ingredient Died Green Pea and Chicken Cat Food.","05/19/2021","06/07/2021","07/06/2021","06/02/2021","1008080  N811202-20    Best if Used by 10-Mar-2022"
"Veterinary","No","01/23/2024","93445","Terminated","Texas Farm Products Company dba TFP Nutrition","915 S Fredonia St","N/A","Nacogdoches","TX","	75964-5913","United States","Voluntary: Firm initiated","Telephone","Products are distributed Nationwide","V-0026-2024","Class I","Country Acres Farm Dog 55lb 23233TFP 18 -23316TFP 18 Exclusive Red Flannel Adult Formula Dog Food 40lb 23233TFP 18- 23316TFP 18; Exclusive Red Flannel Bites & Bones Dog Food 50lb 23233TFP 18- 23316TFP 18; Exclusive Signature Adult Dog Chicken & Rice Formula 5lb 23233TFP 18 -23316TFP 18; Exclusive Signature Adult Dog Chicken & Rice Formula 15lb 23233TFP 18- 23316TFP 18; Exclusive Signature Adult Dog Chicken & Rice Formula 30lb 23233TFP 18- 23316TFP 18; Exclusive Signature Lamb & Rice Adult 5lb 23233TFP 18 23316TFP 18; Exclusive Signature Lamb & Rice Adult 15lb 23233TFP 18 23316TFP 18;  Exclusive Signature Lamb & Rice Adult 30lb 23233TFP 18 23316TFP 18, Exclusive Signature Large Breed Puppy Food Chicken and Brown Rice Formula 30lb 23233TFP 18 23316TFP 18; H-E-B Texas Pets Chicken Flavor Large Breed Dry Dog Food 30lb 21 AUG 23-12 NOV 23; H-E-B Texas Pets Chicken Flavor Large Breed Dry Dog Food 50lb 21 AUG 23 -12 NOV 23 H-E-B Texas Pets Small Bites Dry Dog Food 8lb 21 AUG 23 -12 NOV 23 H-E-B Texas Pets Small Bites Dry Dog Food 15.5lb 21 AUG 23 12 NOV 23 ; H-E-B Texas Pets Sporting Beef & Chicken Flavor Dry Dog Food 20lb 21 AUG 23 12 NOV 23 ; H-E-B Texas Pets Sporting Beef & Chicken Flavor Dry Dog Food 50lb 21 AUG 23 12 NOV 23 TX;  Hill Country Fare Bite Size Dry Dog Food 20lb 21 AUG 23 12 NOV 23 TX; Hill Country Fare Bite Size Dry Dog Food 50lb 21 AUG 23 12 NOV 23; Lone Star Hi Pro Plus 50lb 21 AUG 23 12 NOV 23 ; Lone Star Mini Chunk 22% 18lb 21 AUG 23 12 NOV 23 ; Lone Star Mini Chunk 22% 40lb 21 AUG 23 12 NOV 23 ; Member s Mark Chicken and Rice Recipe Dog Food 35lb 21 AUG 23 12 NOV 23 ; Member s Mark Chicken and Rice Recipe Dog Food 40lb 21 AUG 23 12 NOV 23 ;C, ND, NE, NH, NJ, NM, NV, NY, OH, OK, PA, PR, SC, SD, TN, TX, UT, VA, WI, WV, WY, PR Retriever Hi Protein Chicken and Beef Recipe Dry Dog Food 50lb 3233 TFP 3316 TFP AR, AZ, CA, HI, KS, LA, MS, NM, NV, OK, OR, TX, UT, WA Retriever Bites and Bones Adult Savory Chicken Recipe Dry Dog Food 50lb 3233 TFP 3316 TFP AR, AZ, CA, HI, KS, LA, MS, NM, NV, OK, OR, TX, UT, WA Retriever Choice Chops Hearty Meat Flavor Dog Food 50lb 3233 TFP 3316 TFP AR, AZ, CA, HI, KS, LA, MS, NM, NV, OK, OR, TX, UT, WA Retriever Mini Chunk Chicken Recipe Dry Dog Food 50lb 3233 TFP 3316 TFP AR, AZ, CA, HI, KS, LA, MS, NM, NV, OK, OR, TX, UT, WA Retriever Puppy Blend Savory Chicken Flavor Dry Dog Food 15lb 3233 TFP 3316 TFP AR, AZ, CA, HI, KS, LA, MS, NM, NV, OK, OR, TX, UT, WA Retriever Puppy Blend Savory Chicken Flavor Dry Dog Food 40lb 3233 TFP 3316 TFP AR, AZ, CA, HI, KS, LA, MS, NM, NV, OK, OR, TX, UT, WA Star Pro Hi-Energy Formula 50lb 21 AUG 23 12 NOV 23 LA, MS, TX Star Pro Maintenance Formula 50lb 21 AUG 23 12 NOV 23 LA, TX Star Pro Performance Formula 40lb 21 AUG 23 12 NOV 23 LA, MS, TX Star Pro Professional Formula 50lb 21 AUG 23 12 NOV 23 LA, TX Star Pro Puppy Formula 20lb 21 AUG 23 12 NOV 23 LA, TX Star Pro Puppy Formula 40lb 21 AUG 23 12 NOV 23 LA, TX Lone Star Floating Catfish Food 50lb 21 AUG 23 12 NOV 23 LA, MS, TX Country Acres Farm Cat All Life Stages Cat Food 40lb 23233TFP 18 23316TFP 18 CA, CO, FL, GA, IA, IL, IN, LA, MN, MO, NC, NE, OH, OK, OR, PA, SD, TX, WA, WI Economax Dry Cat Food 3lb 21 AUG 23 12 NOV 23 TX Economax Dry Cat Food 36lb 21 AUG 23 12 NOV 23 TX Exclusive Red Flannel Cat Formula 20lb 23233TFP 18 23316TFP 18 CA, CO, FL, GA, IA, IL, IN, LA, MN, MO, NC, NE, OH, OK, OR, PA, SD, TX, WA, WI Exclusive Signature Adult Cat Food Weight Management & Hairball Care Chicken & Brown Rice Formula 5lb 23233TFP 18 23316TFP 18 CA, CO, FL, GA, IA, IL, IN, LA, MN, MO, NC, NE, OH, OK, OR, PA, SD, TX, WA, WI Exclusive Signature Adult Cat Food Weight Management & Hairball Care Chicken & Brown Rice Formula 15lb 23233TFP 18 23316TFP 18 CA, CO, FL, GA, IA, IL, IN, LA, MN, MO, NC, NE, OH, OK, OR, PA, SD, TX, WA, WI Feline Medley Formula Cat Food 20lb 23233TFP 18 23316TFP 18 CA, CO, FL, GA, IA, IL, IN, LA, MN, MO, NC, NE, OH, OK, OR, PA, SD, TX, WA, WI H-E-B Texas Pets 4 Flavor Morsels Dry Cat Food ","22,831.30 tons","Positive Salmonella Sample","11/13/2023","01/23/2024","03/03/2025","12/20/2023","Best By 10/05/2024- 11/06/2024"
"Veterinary","No","05/06/2025","96509","Terminated","PREDATOR PET INC DBA SAVAGE PET","13465 Camino Canada Ste 106-316","N/A","El Cajon","CA","	92021-8814","United States","Voluntary: Firm initiated","Press Release","Distributed to retailers in AZ, CA, CO, DC, DE, KS, MD, NE, NJ, NM, NY, OH, PA, UT, WV and WY","V-0078-2025","Class I","Savage Cat Food Chicken 84 oz.  Packaged in boxes containing 28, 3 oz plastic packets of product. Frozen product.  Savage Cat Food Chicken 21 oz.  Packaged in boxes containing 7, 3 oz plastic packets of product. Frozen product.","444 lbs","Highly Pathogenic Avian Influenza (HPAI) contamination in raw cat food.","03/14/2025","05/06/2025","05/12/2025","03/26/2025","Lot 11152026"
"Veterinary","No","10/01/2025","97494","Terminated","Viva Raw","1300 South Blvd Ste 30025","N/A","Charlotte","NC","	28203-4280","United States","Voluntary: Firm initiated","Two or more of the following: Email, Fax, Letter, Press Release, Telephone, Visit","Distributed to distributors in NJ, CA, TX, and NC.","V-0005-2026","Class I","Viva for Cats Chicken Complete Cat Food Net Wt. 1 lb (454g)","6120 units","Potential Salmonella contamination.","08/25/2025","10/01/2025","11/13/2025","09/03/2025","Lot 21975"
"Veterinary","No","10/01/2025","97494","Terminated","Viva Raw","1300 South Blvd Ste 30025","N/A","Charlotte","NC","	28203-4280","United States","Voluntary: Firm initiated","Two or more of the following: Email, Fax, Letter, Press Release, Telephone, Visit","Distributed to distributors in NJ, CA, TX, and NC.","V-0006-2026","Class I","Viva Pure Chicken Dog & Cat Food Mixer Net Wt. 1 lb (454g)","371 units","Potential Salmonella contamination.","08/25/2025","10/01/2025","11/13/2025","09/03/2025","Lot 21975"
"Veterinary","No","03/23/2026","98446","Terminated","Go Raw, LLC DBA Steve's Real Food","2034 E Fort Union Blvd","N/A","Cottonwood","UT","	84121-3144","United States","Voluntary: Firm initiated","Two or more of the following: Email, Fax, Letter, Press Release, Telephone, Visit","Distributed in the following states: CO, UT, WA, OR, PA, RI, MI, CA, TX, IL, GA, NC, SC, FL, MN, NY, OH, WI, PA, ID & MT.","V-0108-2026","Class I","Quest Cat Food Chicken Freeze Dried Nuggets - shelf stable 10 oz bag - UPC 6-9173018103-1  Distributed by Steves Real Food Aumsville OR 97086.","total of 60 cases 10/10 oz bags/case","Inadequate levels of thiamine for cats.","02/13/2026","03/23/2026","06/11/2026","03/25/2026","Lot # C25288  BBD 10/15/27"
"Veterinary","No","03/23/2026","98446","Terminated","Go Raw, LLC DBA Steve's Real Food","2034 E Fort Union Blvd","N/A","Cottonwood","UT","	84121-3144","United States","Voluntary: Firm initiated","Two or more of the following: Email, Fax, Letter, Press Release, Telephone, Visit","Distributed in the following states: CO, UT, WA, OR, PA, RI, MI, CA, TX, IL, GA, NC, SC, FL, MN, NY, OH, WI, PA, ID & MT.","V-0109-2026","Class I","Quest Cat Food Chicken Recipe Frozen. Sold in beige, zip-lock, keep frozen refrigerate upon opening 2 lb bag - UPC 6-91730-17104-9. Distributed by Steves Real Food Aumsville OR 97086","MCC25321 total of 74 cases 10 /2lb bags/case, MCD25350 total of 66 cases 10/ 2lb bags/case","Inadequate levels of thiamine for cats.","02/13/2026","03/23/2026","06/11/2026","03/25/2026","MCD25350 Best By Date: 6/16/2027  MCC25321 Best By Date: 5/17/2027"
"Veterinary","No","","34262","Ongoing","Diamond Pet Foods","103 N. Olive","PO Box 156","Meta","Missouri","	65058-0156","United States","N/A","N/A","AL, CT, DC, DE, FL, GA, KY, MA, MD, ME, MI, MS, NC, NH, NJ, NY, OH, PA, RI SC, TN, WV, VT and VA. International accounts:  Bulgaria, Chile, Costa Rica, Colombia, SA, Croatia, Czech Republic, Denmark, Dominican Republic, Finland,  France, Greece, Georgia, Hungary, Italy, Israel, Latvia, Peru, Poland, Lithuania, Peru, Portugal, Romania, Russia, Spain, Sweden, Switzerland, Taiwan, Turkey, Ukraine.","V-030-6","Class I","Country Value * Adult Cat Food * Cat Formula * Contains Chelated Minerals * Taurine Fortified *  Net Wt 20 lbs (9.07kg)","N/A","Product was found to contain Aflatoxin","12/21/2005","N/A","N/A","","N/A"
"Veterinary","No","","37304","Terminated","Wild Kitty Cat Food, Inc.","1272 Portland Rd","N/A","Arundel","ME","	04046-8104","United States","N/A","N/A","CT, FL, IL, MA, MD, ME,  MI, NM, NJ,  NY,  WA","V-016-2007","Class I","Wild Kitty Cat Food -Raw All Natural Chicken with Clam Recipe, Plastic 3.5 oz (100g) and 16 oz ( 1 Lb )units packaged in plastic","9993/3.5 oz and 2140/1 Lb units","Cat Food contaminated with Salmonella","02/17/2007","N/A","02/08/2008","","N/A"
"Veterinary","No","","37304","Terminated","Wild Kitty Cat Food, Inc.","1272 Portland Rd","N/A","Arundel","ME","	04046-8104","United States","N/A","N/A","CT, FL, IL, MA, MD, ME,  MI, NM, NJ,  NY,  WA","V-017-2007","Class I","Wild Kitty Cat Food -Raw All Natural Duck with Clam Recipe, Plastic 3.5 oz (100g) and 16 oz ( 1 Lb) units packaged in plastic","9000/3.5 oz and 1502/1 Lb units","Cat Food contaminated with Salmonella","02/17/2007","N/A","02/08/2008","","N/A"
"Veterinary","No","","37304","Terminated","Wild Kitty Cat Food, Inc.","1272 Portland Rd","N/A","Arundel","ME","	04046-8104","United States","N/A","N/A","CT, FL, IL, MA, MD, ME,  MI, NM, NJ,  NY,  WA","V-018-2007","Class I","Wild Kitty Cat Food -Raw All Natural Tuna with Conch Recipe, Plastic 3.5 oz (100g) packaged in plastic","10265/3.5 oz units","Cat Food contaminated with Salmonella","02/17/2007","N/A","02/08/2008","","N/A"
"Veterinary","No","","37791","Terminated","Natural Balance Pet Food Inc.","12924 Pierce St","N/A","Pacoima","CA","	91331-2526","United States","N/A","N/A","Nationwide and Canada","V-1121-2007","Class I","Dick Van Patten''s Natural Balance Venison & Green Pea Formula Dry Cat Food 5 lb and 10 lb bags.","174,378 bags","Firm''s sample analysis has shown products contain melamine","04/13/2007","N/A","11/07/2011","","N/A"
"Veterinary","No","","37851","Terminated","American Nutrition Incorporated","2813 Wall Avenue","N/A","Ogden","UT","	84401-3529","United States","N/A","N/A","Nationwide. No foreign distribution.","V-083-2007","Class I","Blue Buffalo Spa Select canned cat food, 3 oz. Flavors: Hairball Control Oven Roasted Chicken and Kitten Recipe Oven Roasted Chicken.","465,600 cans","Pet food may be contaminated with melamine, which was contained in the imported Rice Protein Concentrate ingredient.","04/26/2007","N/A","04/11/2012","","N/A"
"Veterinary","No","","37851","Terminated","American Nutrition Incorporated","2813 Wall Avenue","N/A","Ogden","UT","	84401-3529","United States","N/A","N/A","Nationwide. No foreign distribution.","V-088-2007","Class I","Natural Balance Ocean Fish Formula canned cat food, 3 oz and 6 oz.","938,160 cans","Pet food may be contaminated with melamine, which was contained in the imported Rice Protein Concentrate ingredient.","04/26/2007","N/A","04/11/2012","","N/A"
"Veterinary","No","","37851","Terminated","American Nutrition Incorporated","2813 Wall Avenue","N/A","Ogden","UT","	84401-3529","United States","N/A","N/A","Nationwide. No foreign distribution.","V-090-2007","Class I","Harmony Farms Country Chicken Entree canned cat food, 3 oz.","57,600 cans","Pet food may be contaminated with melamine, which was contained in the imported Rice Protein Concentrate ingredient.","04/26/2007","N/A","04/11/2012","","N/A"
"Veterinary","No","","37937","Terminated","Menu Foods Midwest Corp","1400 E Logan Ave","PO Box 1046","Emporia","KS","	66801-1046","United States","N/A","N/A","Affected product was shipped to direct accounts in all 50 states and Canada and Mexico.","V-511-2007","Class I","Numerous brands and UPC codes of CAT FOOD, including:  AMERICAS CHOICE, PREFERRED PETS - DISTRIBUTED BY THE GREAT ATLANTIC & PACIFIC TEA COMPANY, MONTVALE, NJ    Beef/Gravy packed in 5.5 oz cans, UPC 5480759123 with Best By/Date Codes:  Jan/01/10; Jan/02/10; Jan/03/10; Jan/15/10; Jan/16/10; Jan/17/10; Feb/12/10; Feb/13/10; Feb/14/10   ","Approximately 53,373,600 cans or pouches (2,384,722 cases) total of dog and cat cuts & gravy style wet pet food have been distributed.","Cuts and Gravy Style wet pet food has been implicated in illness and death of cats.","03/16/2007","N/A","04/11/2012","","N/A"
"Veterinary","No","","37938","Terminated","Menu Foods Midwest Corp","1400 E Logan Ave","PO Box 1046","Emporia","KS","	66801-1046","United States","N/A","N/A","Product was distributed througout the US and Canada","V-481-2007","Class I","Several brands of CAT food, including:   Nutro Max Cat Gourmet Classics distributed by NUTRO PRODUCTS, INC., CITY OF INDUSTRY, CA - Alaskan Halibut & Rice Entree packed in 3 oz cans, UPC 79105-35221, including all Best Buy/Date Codes.","Approximately 127,731 cases of total products were distributed.","Prompted by reports from FDA of the presence of melamine in cans of cuts and gravy pet food produced in Menu Foods' Canadian facility, the firm identified a single interplant transfer of the ChemNutra supplied wheat gluten, shipped from its plant in Emporia, KS, to its plant in Streetsville, Ontario. This wheat gluten was subsequently used in the production of pet food in Dec  2006 & Jan 2007.","04/10/2007","N/A","04/11/2012","","N/A"
"Veterinary","No","","37937","Terminated","Menu Foods Midwest Corp","1400 E Logan Ave","PO Box 1046","Emporia","KS","	66801-1046","United States","N/A","N/A","Affected product was shipped to direct accounts in all 50 states and Canada and Mexico.","V-687-2007","Class I","SOPHISTACAT   DISTRIBUTED BY PACIFIC COAST DISTRIBUTING, INC., PHOENIX, AZ    Seafood Variety Pack packed in 3 oz pouches, UPC 3725702851 with Best By/Date Codes:  Aug/03/08; Nov/08/08; Dec/08/08; Nov/19/08; Nov/19/08; Nov/20/08; Nov/20/08; Nov/21/08; Nov/21/08; Mar/04/09; Mar/04/09; Mar/05/09; Mar/05/09; Mar/06/09; Mar/06/09","Approximately 53,373,600 cans or pouches (2,384,722 cases) total of dog and cat cuts & gravy style wet pet food have been distributed.","Cuts and Gravy Style wet pet food has been implicated in illness and death of cats.","03/16/2007","N/A","04/11/2012","","N/A"
"Veterinary","No","","37938","Terminated","Menu Foods Midwest Corp","1400 E Logan Ave","PO Box 1046","Emporia","KS","	66801-1046","United States","N/A","N/A","Product was distributed througout the US and Canada","V-488-2007","Class I","Nutro Max Cat Gourmet Classics distributed by NUTRO PRODUCTS, INC., CITY OF INDUSTRY, CA - Seafood & Tomato Bisque packed in 3 oz cans, UPC 79105-30017, including all Best Buy/Date Codes.","Approximately 172,731 cases of product","Prompted by reports from FDA of the presence of melamine in cans of cuts and gravy pet food produced in Menu Foods' Canadian facility, the firm identified a single interplant transfer of the ChemNutra supplied wheat gluten, shipped from its plant in Emporia, KS, to its plant in Streetsville, Ontario. This wheat gluten was subsequently used in the production of pet food in Dec  2006 & Jan 2007.","04/10/2007","N/A","04/11/2012","","N/A"
"Veterinary","No","","37938","Terminated","Menu Foods Midwest Corp","1400 E Logan Ave","PO Box 1046","Emporia","KS","	66801-1046","United States","N/A","N/A","Product was distributed througout the US and Canada","V-489-2007","Class I","Nutro Max Cat Gourmet Classics distributed by NUTRO PRODUCTS, INC., CITY OF INDUSTRY, CA - Orleans Seafood Jambalaya packed in 3 oz cans, UPC 79105-35206, including all Best Buy/Date Codes.","Approximately 127,731 cases of product","Prompted by reports from FDA of the presence of melamine in cans of cuts and gravy pet food produced in Menu Foods' Canadian facility, the firm identified a single interplant transfer of the ChemNutra supplied wheat gluten, shipped from its plant in Emporia, KS, to its plant in Streetsville, Ontario. This wheat gluten was subsequently used in the production of pet food in Dec  2006 & Jan 2007.","04/10/2007","N/A","04/11/2012","","N/A"
"Veterinary","No","","37938","Terminated","Menu Foods Midwest Corp","1400 E Logan Ave","PO Box 1046","Emporia","KS","	66801-1046","United States","N/A","N/A","Product was distributed througout the US and Canada","V-500-2007","Class I","Laura Lynn Gourmet Cat Food -- Distributed by Ingles Markets, Inc., Asheville, NC.   Flaked Tuna Dinner, packed in 3 oz cans, UPC 8685402407 with Best Buy/Date Code:  Jan/2/10","Approximately 127,731 cases of product","Prompted by reports from FDA of the presence of melamine in cans of cuts and gravy pet food produced in Menu Foods' Canadian facility, the firm identified a single interplant transfer of the ChemNutra supplied wheat gluten, shipped from its plant in Emporia, KS, to its plant in Streetsville, Ontario. This wheat gluten was subsequently used in the production of pet food in Dec  2006 & Jan 2007.","04/10/2007","N/A","04/11/2012","","N/A"
"Veterinary","No","","37938","Terminated","Menu Foods Midwest Corp","1400 E Logan Ave","PO Box 1046","Emporia","KS","	66801-1046","United States","N/A","N/A","Product was distributed througout the US and Canada","V-501-2007","Class I","Laura Lynn Gourmet Cat Food -- Distributed by Ingles Markets, Inc., Asheville, NC.   Sliced Beef Dinner, packed in 3 oz cans, UPC 8685402406 with Best Buy/Date Code:  Dec/19/09","Approximately 127,731 cases of product","Prompted by reports from FDA of the presence of melamine in cans of cuts and gravy pet food produced in Menu Foods' Canadian facility, the firm identified a single interplant transfer of the ChemNutra supplied wheat gluten, shipped from its plant in Emporia, KS, to its plant in Streetsville, Ontario. This wheat gluten was subsequently used in the production of pet food in Dec  2006 & Jan 2007.","04/10/2007","N/A","04/11/2012","","N/A"
"Veterinary","No","","37938","Terminated","Menu Foods Midwest Corp","1400 E Logan Ave","PO Box 1046","Emporia","KS","	66801-1046","United States","N/A","N/A","Product was distributed througout the US and Canada","V-502-2007","Class I","Nutriplan Gourmet Cat Food -- Distributed by Supervalu, Inc., eden Prairie, MN.   Sliced Beef Dinner, packed in 3 oz cans, UPC 4113006755 with Best Buy/Date Code:  Dec/19/09","Approximately 127,731 cases of product","Prompted by reports from FDA of the presence of melamine in cans of cuts and gravy pet food produced in Menu Foods' Canadian facility, the firm identified a single interplant transfer of the ChemNutra supplied wheat gluten, shipped from its plant in Emporia, KS, to its plant in Streetsville, Ontario. This wheat gluten was subsequently used in the production of pet food in Dec  2006 & Jan 2007.","04/10/2007","N/A","04/11/2012","","N/A"
"Veterinary","No","","37938","Terminated","Menu Foods Midwest Corp","1400 E Logan Ave","PO Box 1046","Emporia","KS","	66801-1046","United States","N/A","N/A","Product was distributed througout the US and Canada","V-504-2007","Class I","Price Chopper Best Friends Gourmet Cat Food -- Distributed by The Price Chopper, Inc., Schenectady, NY.   Sliced Beef Dinner in Gravy packed in 3 oz cans, UPC 4173512828, with Best Buy/Date Codes:  Dec/19/09","Approximately 127,731 cases of product","Prompted by reports from FDA of the presence of melamine in cans of cuts and gravy pet food produced in Menu Foods' Canadian facility, the firm identified a single interplant transfer of the ChemNutra supplied wheat gluten, shipped from its plant in Emporia, KS, to its plant in Streetsville, Ontario. This wheat gluten was subsequently used in the production of pet food in Dec  2006 & Jan 2007.","04/10/2007","N/A","04/11/2012","","N/A"
"Veterinary","No","","37938","Terminated","Menu Foods Midwest Corp","1400 E Logan Ave","PO Box 1046","Emporia","KS","	66801-1046","United States","N/A","N/A","Product was distributed througout the US and Canada","V-505-2007","Class I","Publix Gourmet Cat Food -- Distributed by Publix Supermarkets, Inc., Lakeland, FL.   Flaked Tuna Entree packed in 3 oz cans, UPC 4141508327 with Best Buy/Date Codes:  Jan/02/10.","Approximately 127,731 cases of product","Prompted by reports from FDA of the presence of melamine in cans of cuts and gravy pet food produced in Menu Foods' Canadian facility, the firm identified a single interplant transfer of the ChemNutra supplied wheat gluten, shipped from its plant in Emporia, KS, to its plant in Streetsville, Ontario. This wheat gluten was subsequently used in the production of pet food in Dec  2006 & Jan 2007.","04/10/2007","N/A","04/11/2012","","N/A"
"Veterinary","No","","37938","Terminated","Menu Foods Midwest Corp","1400 E Logan Ave","PO Box 1046","Emporia","KS","	66801-1046","United States","N/A","N/A","Product was distributed througout the US and Canada","V-506-2007","Class I","Publix Gourmet Cat Food -- Distributed by Publix Supermarkets, Inc., Lakeland, FL.   Sliced Beef Entree packed in 3 oz cans, UPC 4141508827 with Best Buy/Date Codes:  Dec/19/09, Jan/2/10, Jan/24/10   ","Approximately 127,731 cases of product","Prompted by reports from FDA of the presence of melamine in cans of cuts and gravy pet food produced in Menu Foods' Canadian facility, the firm identified a single interplant transfer of the ChemNutra supplied wheat gluten, shipped from its plant in Emporia, KS, to its plant in Streetsville, Ontario. This wheat gluten was subsequently used in the production of pet food in Dec  2006 & Jan 2007.","04/10/2007","N/A","04/11/2012","","N/A"
"Veterinary","No","","37938","Terminated","Menu Foods Midwest Corp","1400 E Logan Ave","PO Box 1046","Emporia","KS","	66801-1046","United States","N/A","N/A","Product was distributed througout the US and Canada","V-508-2007","Class I","Winn Dixie Gourmet Cat Food -- Distributed by Winn-Dixie Stores, Inc., Jacksonville, FL.   Sliced Beef Entree packed in 3 oz cans, UPC 2114019419, with Best Buy/Date Codes:  Dec/19/09","Approximately 127,731 cases of product","Prompted by reports from FDA of the presence of melamine in cans of cuts and gravy pet food produced in Menu Foods' Canadian facility, the firm identified a single interplant transfer of the ChemNutra supplied wheat gluten, shipped from its plant in Emporia, KS, to its plant in Streetsville, Ontario. This wheat gluten was subsequently used in the production of pet food in Dec  2006 & Jan 2007.","04/10/2007","N/A","04/11/2012","","N/A"
"Veterinary","No","","49447","Terminated","MARS Petcare US, Inc.","315 Cool Springs Boulevard","N/A","Franklin","TN","	37067","United States","N/A","N/A","The product was shipped to distribution centers for retail stores nationwide","V-044-2009","Class I","Wegman's Buju & Ziggie Original Medley Cat Food 18#. UPC 77890 10003","N/A","finished product samples positive for Salmonella Schwarzengrund","09/12/2008","N/A","10/18/2012","","N/A"
"Veterinary","No","","49447","Terminated","MARS Petcare US, Inc.","315 Cool Springs Boulevard","N/A","Franklin","TN","	37067","United States","N/A","N/A","The product was shipped to distribution centers for retail stores nationwide","V-045-2009","Class I","Wegman's Buju & Ziggie Complete Cat Food 18#. UPC 77890 10004","N/A","finished product samples positive for Salmonella Schwarzengrund","09/12/2008","N/A","10/18/2012","","N/A"
"Veterinary","No","","49447","Terminated","MARS Petcare US, Inc.","315 Cool Springs Boulevard","N/A","Franklin","TN","	37067","United States","N/A","N/A","The product was shipped to distribution centers for retail stores nationwide","V-046-2009","Class I","Wegman's Buju & Ziggie Complete Cat Food 3.5#. UPC 77890 10005","N/A","finished product samples positive for Salmonella Schwarzengrund","09/12/2008","N/A","10/18/2012","","N/A"
"Veterinary","No","","49447","Terminated","MARS Petcare US, Inc.","315 Cool Springs Boulevard","N/A","Franklin","TN","	37067","United States","N/A","N/A","The product was shipped to distribution centers for retail stores nationwide","V-047-2009","Class I","Wegman's Buju & Ziggie Original Medley Cat Food 3.5#. UPC 77890 10006","N/A","finished product samples positive for Salmonella Schwarzengrund","09/12/2008","N/A","10/18/2012","","N/A"
"Veterinary","No","","49447","Terminated","MARS Petcare US, Inc.","315 Cool Springs Boulevard","N/A","Franklin","TN","	37067","United States","N/A","N/A","The product was shipped to distribution centers for retail stores nationwide","V-049-2009","Class I","Wegman's Buju & Ziggie Indoor Cat Food 3.5#. UPC 77890 12038","N/A","finished product samples positive for Salmonella Schwarzengrund","09/12/2008","N/A","10/18/2012","","N/A"
"Veterinary","No","","49447","Terminated","MARS Petcare US, Inc.","315 Cool Springs Boulevard","N/A","Franklin","TN","	37067","United States","N/A","N/A","The product was shipped to distribution centers for retail stores nationwide","V-050-2009","Class I","Wegman's Buju & Ziggie Indoor Cat Food 18#. UPC 77890 12039","N/A","finished product samples positive for Salmonella Schwarzengrund","09/12/2008","N/A","10/18/2012","","N/A"
"Veterinary","No","","49447","Terminated","MARS Petcare US, Inc.","315 Cool Springs Boulevard","N/A","Franklin","TN","	37067","United States","N/A","N/A","The product was shipped to distribution centers for retail stores nationwide","V-062-2009","Class I","Country Acres Cat Food 40#. UPC 16603 02181","N/A","finished product samples positive for Salmonella Schwarzengrund","09/12/2008","N/A","10/18/2012","","N/A"
"Veterinary","No","","49447","Terminated","MARS Petcare US, Inc.","315 Cool Springs Boulevard","N/A","Franklin","TN","	37067","United States","N/A","N/A","The product was shipped to distribution centers for retail stores nationwide","V-082-2009","Class I","Members Mark Complete Nutrition Premium Cat Food 20#. UPC 81131 89881","N/A","finished product samples positive for Salmonella Schwarzengrund","09/12/2008","N/A","10/18/2012","","N/A"
"Veterinary","No","","49447","Terminated","MARS Petcare US, Inc.","315 Cool Springs Boulevard","N/A","Franklin","TN","	37067","United States","N/A","N/A","The product was shipped to distribution centers for retail stores nationwide","V-083-2009","Class I","Natural Cat Food (Sam's Club) 15#. UPC 81131 89883","N/A","finished product samples positive for Salmonella Schwarzengrund","09/12/2008","N/A","10/18/2012","","N/A"
"Veterinary","No","","49447","Terminated","MARS Petcare US, Inc.","315 Cool Springs Boulevard","N/A","Franklin","TN","	37067","United States","N/A","N/A","The product was shipped to distribution centers for retail stores nationwide","V-085-2009","Class I","Paws & Claws Premium Choice Cat Food 40#. UPC 49394 05747","N/A","finished product samples positive for Salmonella Schwarzengrund","09/12/2008","N/A","10/18/2012","","N/A"
"Veterinary","No","","49447","Terminated","MARS Petcare US, Inc.","315 Cool Springs Boulevard","N/A","Franklin","TN","	37067","United States","N/A","N/A","The product was shipped to distribution centers for retail stores nationwide","V-086-2009","Class I","Paws & Claws Premium Choice Cat Food 20#. UPC 49394 00008","N/A","finished product samples positive for Salmonella Schwarzengrund","09/12/2008","N/A","10/18/2012","","N/A"
"Veterinary","No","","49447","Terminated","MARS Petcare US, Inc.","315 Cool Springs Boulevard","N/A","Franklin","TN","	37067","United States","N/A","N/A","The product was shipped to distribution centers for retail stores nationwide","V-087-2009","Class I","Paws & Claws Delicious Mix Cat Food 20#. UPC 49394 05746","N/A","finished product samples positive for Salmonella Schwarzengrund","09/12/2008","N/A","10/18/2012","","N/A"
"Veterinary","No","","49447","Terminated","MARS Petcare US, Inc.","315 Cool Springs Boulevard","N/A","Franklin","TN","	37067","United States","N/A","N/A","The product was shipped to distribution centers for retail stores nationwide","V-088-2009","Class I","Paws & Claws Delicious Mix Cat Food 8#. UPC 79818 96632","N/A","finished product samples positive for Salmonella Schwarzengrund","09/12/2008","N/A","10/18/2012","","N/A"
"Veterinary","No","","49447","Terminated","MARS Petcare US, Inc.","315 Cool Springs Boulevard","N/A","Franklin","TN","	37067","United States","N/A","N/A","The product was shipped to distribution centers for retail stores nationwide","V-089-2009","Class I","Paws & Claws Premium Choice Cat Food 8#. UPC 79818 96633","N/A","finished product samples positive for Salmonella Schwarzengrund","09/12/2008","N/A","10/18/2012","","N/A"
"Veterinary","No","","49447","Terminated","MARS Petcare US, Inc.","315 Cool Springs Boulevard","N/A","Franklin","TN","	37067","United States","N/A","N/A","The product was shipped to distribution centers for retail stores nationwide","V-090--2009","Class I","Paws & Claws Delicious Mix Cat Food 40#. UPC 79818 96676","N/A","finished product samples positive for Salmonella Schwarzengrund","09/12/2008","N/A","10/18/2012","","N/A"
"Veterinary","No","","50106","Terminated","MARS Petcare US, Inc.","315 Cool Springs Boulevard","N/A","Franklin","TN","	37067","United States","N/A","N/A","The product was shipped to Wal-Mart stores in CT, DE, MA, MD, NC, NH, NJ, NY, OH, PA, RI, VA, VT, and WV.","V-111-2009","Class I","Special Kitty Gourmet Blend Premium Cat Food in 3.5 lb bags","N/A","finished product is positive for Salmonella","10/24/2008","N/A","10/18/2012","","N/A"
"Veterinary","No","","50106","Terminated","MARS Petcare US, Inc.","315 Cool Springs Boulevard","N/A","Franklin","TN","	37067","United States","N/A","N/A","The product was shipped to Wal-Mart stores in CT, DE, MA, MD, NC, NH, NJ, NY, OH, PA, RI, VA, VT, and WV.","V-112-2009","Class I","Special Kitty Gourmet Blend Premium Cat Food in 7 lb bags","N/A","finished product is positive for Salmonella","10/24/2008","N/A","10/18/2012","","N/A"
"Veterinary","No","","50106","Terminated","MARS Petcare US, Inc.","315 Cool Springs Boulevard","N/A","Franklin","TN","	37067","United States","N/A","N/A","The product was shipped to Wal-Mart stores in CT, DE, MA, MD, NC, NH, NJ, NY, OH, PA, RI, VA, VT, and WV.","V-113-2009","Class I","Special Kitty Gourmet Blend Premium Cat Food in 18 lb bags","N/A","finished product is positive for Salmonella","10/24/2008","N/A","10/18/2012","","N/A"
"Veterinary","No","","50106","Terminated","MARS Petcare US, Inc.","315 Cool Springs Boulevard","N/A","Franklin","TN","	37067","United States","N/A","N/A","The product was shipped to Wal-Mart stores in CT, DE, MA, MD, NC, NH, NJ, NY, OH, PA, RI, VA, VT, and WV.","V-114-2009","Class I","Special Kitty Original Premium Cat Food in 3.5 lb bags","N/A","finished product is positive for Salmonella","10/24/2008","N/A","10/18/2012","","N/A"
"Veterinary","No","","50106","Terminated","MARS Petcare US, Inc.","315 Cool Springs Boulevard","N/A","Franklin","TN","	37067","United States","N/A","N/A","The product was shipped to Wal-Mart stores in CT, DE, MA, MD, NC, NH, NJ, NY, OH, PA, RI, VA, VT, and WV.","V-115-2009","Class I","Special Kitty Original Premium Cat Food in 7 lb bags","N/A","finished product is positive for Salmonella","10/24/2008","N/A","10/18/2012","","N/A"
"Veterinary","No","","50106","Terminated","MARS Petcare US, Inc.","315 Cool Springs Boulevard","N/A","Franklin","TN","	37067","United States","N/A","N/A","The product was shipped to Wal-Mart stores in CT, DE, MA, MD, NC, NH, NJ, NY, OH, PA, RI, VA, VT, and WV.","V-116-2009","Class I","Special Kitty Original Premium Cat Food in 18 lb bags","N/A","finished product is positive for Salmonella","10/24/2008","N/A","10/18/2012","","N/A"
"Veterinary","No","","50106","Terminated","MARS Petcare US, Inc.","315 Cool Springs Boulevard","N/A","Franklin","TN","	37067","United States","N/A","N/A","The product was shipped to Wal-Mart stores in CT, DE, MA, MD, NC, NH, NJ, NY, OH, PA, RI, VA, VT, and WV.","V-117-2009","Class I","Special Kitty Kitten Premium Cat Food in 3.5 lb bags","N/A","finished product is positive for Salmonella","10/24/2008","N/A","10/18/2012","","N/A"
"Veterinary","No","","50106","Terminated","MARS Petcare US, Inc.","315 Cool Springs Boulevard","N/A","Franklin","TN","	37067","United States","N/A","N/A","The product was shipped to Wal-Mart stores in CT, DE, MA, MD, NC, NH, NJ, NY, OH, PA, RI, VA, VT, and WV.","V-118-2009","Class I","Special Kitty Kitten Premium Cat Food in 7 lb bags","N/A","finished product is positive for Salmonella","10/24/2008","N/A","10/18/2012","","N/A"
"Veterinary","No","","50106","Terminated","MARS Petcare US, Inc.","315 Cool Springs Boulevard","N/A","Franklin","TN","	37067","United States","N/A","N/A","The product was shipped to Wal-Mart stores in CT, DE, MA, MD, NC, NH, NJ, NY, OH, PA, RI, VA, VT, and WV.","V-119-2009","Class I","Berkley & Jensen Bistro Blend Premium Cat Food in 21.6 lb bags","N/A","finished product is positive for Salmonella","10/24/2008","N/A","10/18/2012","","N/A"
"Veterinary","No","","53452","Terminated","Diamond Pet Foods","103 N Olive St","PO Box 156","Meta","MO","	65058-0156","United States","N/A","N/A","MA, NC, NY, PA, VA, Canada, Croatia, Korea, Latvia, Lithuania, Moscow, Malaysia, Poland, Portugal, Russia, Sweden, Taiwan and Thailand.","V-010-2010","Class I","Premium Edge¿ Finicky Adult Cat, Net Wt. 18 lbs.(8.16kg), Premium Edge Pet Food, Meta, Missouri.","2069 units","Products were found to be thiamine deficient.","09/23/2009","N/A","10/14/2010","","N/A"
"Veterinary","No","","53452","Terminated","Diamond Pet Foods","103 N Olive St","PO Box 156","Meta","MO","	65058-0156","United States","N/A","N/A","MA, NC, NY, PA, VA, Canada, Croatia, Korea, Latvia, Lithuania, Moscow, Malaysia, Poland, Portugal, Russia, Sweden, Taiwan and Thailand.","V-011-2010","Class I","Premium Edge Adult Cat Hair Ball Control , Net Wt. 18 lbs.(8.16kg), Premium Edge Pet Food, Meta, Missouri.","2090 units","Products were found to be thiamine deficient.","09/23/2009","N/A","10/14/2010","","N/A"
"Veterinary","No","","53452","Terminated","Diamond Pet Foods","103 N Olive St","PO Box 156","Meta","MO","	65058-0156","United States","N/A","N/A","MA, NC, NY, PA, VA, Canada, Croatia, Korea, Latvia, Lithuania, Moscow, Malaysia, Poland, Portugal, Russia, Sweden, Taiwan and Thailand.","V-012-2010","Class I","Nutra Gold Finicky Adult Cat (international only), Net Wt/Poids Net 3kg (6.6 lbs), Proudly made by: Diamond Pet Food, Meta, Missouri 65058, USA.","1553 units","Products were found to be thiamine deficient.","09/23/2009","N/A","10/14/2010","","N/A"
"Veterinary","No","","53452","Terminated","Diamond Pet Foods","103 N Olive St","PO Box 156","Meta","MO","	65058-0156","United States","N/A","N/A","MA, NC, NY, PA, VA, Canada, Croatia, Korea, Latvia, Lithuania, Moscow, Malaysia, Poland, Portugal, Russia, Sweden, Taiwan and Thailand.","V-013-2010","Class I","Nutra Gold Adult Cat Hair Ball Control (international only), Net Wt/Poids Net 3kg (6.6 lbs), Proudly made by: Diamond Pet Food, Meta, Missouri 65058, USA.","330 units","Products were found to be thiamine deficient.","09/23/2009","N/A","10/14/2010","","N/A"
"Veterinary","No","","58040","Terminated","Wellpet Llc","200 Ames Pond Dr","N/A","Tewksbury","MA","	01876-1290","United States","N/A","N/A","Nationwide  Foreign: Hong Kong, Singapore","V-379-2011","Class I","Wellness Canned Cat  Food  Turkey & Salmon Formula,    3.0 oz., 5.5 oz., 12.5 oz  ","2,219,755 cans","Cat food subpotent for thiamine (B1)","02/28/2011","N/A","07/30/2012","","N/A"
"Veterinary","No","","58040","Terminated","Wellpet Llc","200 Ames Pond Dr","N/A","Tewksbury","MA","	01876-1290","United States","N/A","N/A","Nationwide  Foreign: Hong Kong, Singapore","V-380-2011","Class I","Wellness Canned Cat  Food Beef & Chicken Formula   3 oz., 5.5 oz.,12.5 oz.","1,378,312 cans","Cat food subpotent for thiamine (B1)","02/28/2011","N/A","07/30/2012","","N/A"
"Veterinary","No","","58040","Terminated","Wellpet Llc","200 Ames Pond Dr","N/A","Tewksbury","MA","	01876-1290","United States","N/A","N/A","Nationwide  Foreign: Hong Kong, Singapore","V-381-2011","Class I","Wellness Canned Cat  Food Chicken Formula    3 oz., 5.5 oz.,12.5 oz.    ","3,073,053  cans","Cat food subpotent for thiamine (B1)","02/28/2011","N/A","07/30/2012","","N/A"
"Veterinary","No","","58040","Terminated","Wellpet Llc","200 Ames Pond Dr","N/A","Tewksbury","MA","	01876-1290","United States","N/A","N/A","Nationwide  Foreign: Hong Kong, Singapore","V-382-2011","Class I","Wellness Canned Cat  Food Turkey Formula   3 oz., 5.5 oz.,12.5 oz.  ","2,899,631  cans","Cat food subpotent for thiamine (B1)","02/28/2011","N/A","07/30/2012","","N/A"
"Veterinary","No","","58040","Terminated","Wellpet Llc","200 Ames Pond Dr","N/A","Tewksbury","MA","	01876-1290","United States","N/A","N/A","Nationwide  Foreign: Hong Kong, Singapore","V-383-2011","Class I","Wellness Canned Cat  Food  Sardine/Shrimp/Crab Formula   3 oz., 5.5 oz.,12.5 oz.   ","622,446  cans","Cat food subpotent for thiamine (B1)","02/28/2011","N/A","07/30/2012","","N/A"
"Veterinary","No","","58040","Terminated","Wellpet Llc","200 Ames Pond Dr","N/A","Tewksbury","MA","	01876-1290","United States","N/A","N/A","Nationwide  Foreign: Hong Kong, Singapore","V-384-2011","Class I","Wellness Canned Cat  Food Chicken & Lobster Formula   3 oz., 5.5 oz.,12.5 oz.    ","811,932  cans","Cat food subpotent for thiamine (B1)","02/28/2011","N/A","07/30/2012","","N/A"
"Veterinary","No","","58040","Terminated","Wellpet Llc","200 Ames Pond Dr","N/A","Tewksbury","MA","	01876-1290","United States","N/A","N/A","Nationwide  Foreign: Hong Kong, Singapore","V-385-2011","Class I","Wellness Canned Cat  Food Salmon & Trout Formula   3 oz, 5.5. oz ,12.5 oz","763,908  cans","Cat food subpotent for thiamine (B1)","02/28/2011","N/A","07/30/2012","","N/A"
"Veterinary","No","","58040","Terminated","Wellpet Llc","200 Ames Pond Dr","N/A","Tewksbury","MA","	01876-1290","United States","N/A","N/A","Nationwide  Foreign: Hong Kong, Singapore","V-386-2011","Class I","Wellness Canned Cat  Food  Beef & Salmon Formula     3 oz, 5.5. oz ,12.5 oz    ","539,724  cans","Cat food subpotent for thiamine (B1)","02/28/2011","N/A","07/30/2012","","N/A"
"Veterinary","No","","58040","Terminated","Wellpet Llc","200 Ames Pond Dr","N/A","Tewksbury","MA","	01876-1290","United States","N/A","N/A","Nationwide  Foreign: Hong Kong, Singapore","V-387-2011","Class I","Wellness Canned Cat  Food CORE Chicken , Turkey & Chicken Liver, 5.5 oz","6,342,030  cans","Cat food subpotent for thiamine (B1)","02/28/2011","N/A","07/30/2012","","N/A"
"Veterinary","No","","58040","Terminated","Wellpet Llc","200 Ames Pond Dr","N/A","Tewksbury","MA","	01876-1290","United States","N/A","N/A","Nationwide  Foreign: Hong Kong, Singapore","V-388-2011","Class I","Wellness Canned Cat  Food CORE Salmon, Whitefish & Herring, 5.5 oz  ","155,088 cans","Cat food subpotent for thiamine (B1)","02/28/2011","N/A","07/30/2012","","N/A"
"Veterinary","No","","58040","Terminated","Wellpet Llc","200 Ames Pond Dr","N/A","Tewksbury","MA","	01876-1290","United States","N/A","N/A","Nationwide  Foreign: Hong Kong, Singapore","V-389-2011","Class I","Wellness Canned Cat  Food  Kitten Formula  3 oz,  ","992,814 cans","Cat food subpotent for thiamine (B1)","02/28/2011","N/A","07/30/2012","","N/A"
"Veterinary","No","","58040","Terminated","Wellpet Llc","200 Ames Pond Dr","N/A","Tewksbury","MA","	01876-1290","United States","N/A","N/A","Nationwide  Foreign: Hong Kong, Singapore","V-390-2011","Class I","Wellness Canned Cat  Food  Chicken & Herring Formula   3 oz , 5.5 oz,  12.5 oz  ","1,808,134 cans","Cat food subpotent for thiamine (B1)","02/28/2011","N/A","07/30/2012","","N/A"





