Product Type,Recently Updated Record,Last Modified Date,Event ID,Status,Recalling Firm,Address1,Address2,City,State/Province,Postal Code,Country,Voluntary/Mandated,Initial Firm Notification of Consignee or Public,Distribution Pattern,Recall Number,Classification,Product Description,Product Quantity,Reason for Recall,Recall Initiation Date,Center Classification Date,Termination Date,Report Date,Code Info,More Code Info,More Code Info,More Code Info,More Code Info,More Code Info,More Code Info,More Code Info
"Veterinary","No","","61940","Terminated","Pegasus Laboratories, Inc.","8809 Ely St","N/A","Pensacola","FL","	32514-7064","United States","Voluntary: Firm initiated","Telephone","Product was distributed to FL, OR, OH, PA, CA, TX, MO, NY, MN, IA, NE, NJ.","V-168-2012","Class II","PROIN 75MG COUNT BOTTLES HAVE THE CORRECT BASE LABEL OF:  ""***PROIN 75 mg (phenylpropanolamine hydrochloride) CHEWABLE TABLETS 75 mg per tablet***For oral use in dogs only***60 tablets***CAUTION: Federal law restricts this drug to use by or on the order of a licensed veterinarian.***Sympathomimetic amine drug***NADA #141-324, Approved by FDA***PRN PHARMACAL Pegasus Laboratories, Inc.***Each scored tablet contains 75 mg phenylpropanolamine, as hydrochloride.***Indications:  PROIN is indicated for the control of urinary incontinence due to urethral sphincter hypotonus in dogs.***Dosage:  The total recommended dosage for oral administration is 2mg/kg (0.91 mg/lb) of body weight twice daily.  Tablets are scored and dosage should be calculated in half-tablet increments.***Warnings:  Keep out of reach of children.  Not for human use.  Consult a physician in case of accidental ingestion by humans.  For use in dogs only.***Precautions:  PROIN Chewable Tablets should be stored out of reach of dogs in a secured area.***Manufactured by:  Pegasus Laboratories, Inc. An Employee-Owned Company Pensacola, FL 32514, USA***Made in USA***""                   INCORRECT BOOKLET TOP LABEL IS A PROIN 25MG LABEL.  INSERT/BOOKLET LABELING THAT MAY BE ON PROIN 75 mg 60 COUNT BOTTLES:  ""***PROIN 25 mg (phenylpropanolamine hydrochloride) CHEWABLE TABLETS 25 mg per tablet***For oral use in dogs only***60 tablets***CAUTION: Federal law restricts this drug to use by or on the order of a licensed veterinarian.***Sympathomimetic amine drug***NADA #141-324, Approved by FDA***PRN PHARMACAL Pegasus Laboratories, Inc.***Warnings:  Keep out of reach of children.  Not for human use.  Consult a physician in case of accidental ingestion by humans.  For use in dogs only.***Precautions:  PROIN Chewable Tablets should be stored out of reach of dogs in a secured area.***Manufactured by:  Pegasus Laboratories, Inc. An Employee-Owned Company Pensacola, FL 32514, USA***Made in USA***""    CORRECT BOOKLET TOP LABEL IS A PROIN 75 MG LABEL.  INSERT/BOOKLET LABELING THAT SHOULD BE ON PROIN 75 mg 60 COUNT BOTTLES:  ""***PROIN 75 mg (phenylpropanolamine hydrochloride) CHEWABLE TABLETS 75 mg per tablet***For oral use in dogs only***60 tablets***CAUTION: Federal law restricts this drug to use by or on the order of a licensed veterinarian.***Sympathomimetic amine drug***NADA #141-324, Approved by FDA***PRN PHARMACAL Pegasus Laboratories, Inc.***Warnings:  Keep out of reach of children.  Not for human use.  Consult a physician in case of accidental ingestion by humans.  For use in dogs only.***Precautions:  PROIN Chewable Tablets should be stored out of reach of dogs in a secured area.***Manufactured by:  Pegasus Laboratories, Inc. An Employee-Owned Company Pensacola, FL 32514, USA***Made in USA***""  ","34,685","Pegasus Laboratories, Inc. is recalling 75 mg, 60 count bottles of Proin Lots 120416 and 120213 for misbranding.  The affected product has the potential to have a 75mg base label with a 25mg Insert attached to the label.  Proin is a veterinary drug used to treat incontinence in dogs.","05/24/2012","07/17/2012","12/11/2012","07/25/2012","Lots:  120213 and 120416"
"Veterinary","No","","64212","Terminated","Hartz Mountain Corp.","400 Plaza Dr","N/A","Secaucus","NJ","	07094-3605","United States","Voluntary: Firm initiated","Two or more of the following: Email, Fax, Letter, Press Release, Telephone, Visit","Nationwide","V-200-2013","Class II","Hartz Chicken Chews Soft and Tender Made in China for the Hartz Mountain Corporation, Secaucus, NJ 07094 USA      Net Wt. 3.5 oz. - UPC 3270011966  Net Wt. 8 oz - UPC 3270011967  Net Wt. 16 oz. - UPC 3270011953  Net Wt. 24 oz. - UPC 3270011954","3.5 oz. - 17610 units; 8 oz. - 26,202 units; 16 oz - 9,937 units; 24 oz. - 17,593 units","Pet treats contain unapproved antibiotics","01/25/2013","06/12/2013","02/25/2015","06/19/2013","All codes"
"Veterinary","No","","64212","Terminated","Hartz Mountain Corp.","400 Plaza Dr","N/A","Secaucus","NJ","	07094-3605","United States","Voluntary: Firm initiated","Two or more of the following: Email, Fax, Letter, Press Release, Telephone, Visit","Nationwide","V-201-2013","Class II","Hartz Chicken Chews Bite Size Made in China for the Hartz Mountain Corporation, Secaucus, NJ 07094 USA      Net Wt. 5.7 oz. - UPC 3270012856   Net Wt. 16 oz - UPC 3270012765  ","5.7 oz -7,094 units; 16 oz - 6,301 units;","Pet treats contain unapproved antibiotics","01/25/2013","06/12/2013","02/25/2015","06/19/2013","All codes"
"Veterinary","No","","65271","Terminated","Sogeval Laboratories Inc","4027 Tampa Rd Ste 3000","N/A","Oldsmar","FL","	34677-3215","United States","Voluntary: Firm initiated","Letter","Product was distributed to 8 domestic wholesalers/distributors and 1 foreign distributor.","V-210-2013","Class II","SOGEVAL VETRICALM Soft Chews for Dogs  Contact Sogeval Laboratories, Inc., Oldsmar, FL","3398","Product's recent testing microbial analysis revealed results exceeding that of the upper limit of normal bacterial specifications.","05/01/2013","06/21/2013","03/04/2015","07/03/2013","Lot #008871 (60 count), expiration date 11/2013  Lot #008881 (120 count), expiration date 11/2013"
"Veterinary","No","","70691","Terminated","Quality Animal Care Mfg Inc","3720 S 6th St Ste D","N/A","Lincoln","NE","	68502-4311","United States","Voluntary: Firm initiated","Letter","Nationwide.","V-235-2015","Class II","Pala-Tech Canine Thyroid Chewable Tablets (Levothyroxine Sodium, USP) 0.1 mg (100 mcg) packaged in 180-tablet and 1,000 tablet bottles. Manufactured for Pala-tech Laboratories Inc.","11,885 180-count bottles, 2343 1000-count bottles.","An FDA inspection revealed a failure to follow current good manufacturing practices in the manufacturing the various finished pharmaceuticals containing the active ingredient levothyroxine used in the treatment of hypothyroidism in dogs and horses.","03/13/2015","05/29/2015","03/23/2017","06/10/2015","All codes."
"Veterinary","No","","70691","Terminated","Quality Animal Care Mfg Inc","3720 S 6th St Ste D","N/A","Lincoln","NE","	68502-4311","United States","Voluntary: Firm initiated","Letter","Nationwide.","V-236-2015","Class II","Pala-Tech Canine Thyroid Chewable Tablets (Levothyroxine Sodium, USP) 0.2 mg (200 mcg) packaged in 180-tablet and 1,000-tablet bottles. Manufactured for Pala-tech Laboratories Inc.","17,036 180-count bottles, 3,664 1000-count bottles","An FDA inspection revealed a failure to follow current good manufacturing practices in the manufacturing the various finished pharmaceuticals containing the active ingredient levothyroxine used in the treatment of hypothyroidism in dogs and horses.","03/13/2015","05/29/2015","03/23/2017","06/10/2015","All codes."
"Veterinary","No","","70691","Terminated","Quality Animal Care Mfg Inc","3720 S 6th St Ste D","N/A","Lincoln","NE","	68502-4311","United States","Voluntary: Firm initiated","Letter","Nationwide.","V-237-2015","Class II","(1) Pala-Tech Canine Thyroid Chewable Tablets (Levothyroxine Sodium, USP) 0.3 mg (300 mcg) packaged in 180-tablet and 1,000-tablet bottles. Manufactured for Pala-tech Laboratories Inc.; (2) Caninthrox (Levothyroxine Sodium, USP) 0.3 mg (300 mcg) Manufactured for BET Laboratories, Lexington, KY;","11,870 180-count bottles, 2,290 1000-count bottles","An FDA inspection revealed a failure to follow current good manufacturing practices in the manufacturing the various finished pharmaceuticals containing the active ingredient levothyroxine used in the treatment of hypothyroidism in dogs and horses.","03/13/2015","05/29/2015","03/23/2017","06/10/2015","All codes."
"Veterinary","No","","70691","Terminated","Quality Animal Care Mfg Inc","3720 S 6th St Ste D","N/A","Lincoln","NE","	68502-4311","United States","Voluntary: Firm initiated","Letter","Nationwide.","V-238-2015","Class II","Pala-Tech Canine Thyroid Chewable Tablets (Levothyroxine Sodium, USP) 0.4 mg (400 mcg) packaged in 180-tablet and 1,000-tablet bottles. Manufactured for Pala-tech Laboratories Inc.","14,356 180-count bottles, 2,437 1000-count bottles","An FDA inspection revealed a failure to follow current good manufacturing practices in the manufacturing the various finished pharmaceuticals containing the active ingredient levothyroxine used in the treatment of hypothyroidism in dogs and horses.","03/13/2015","05/29/2015","03/23/2017","06/10/2015","All codes."
"Veterinary","No","","70691","Terminated","Quality Animal Care Mfg Inc","3720 S 6th St Ste D","N/A","Lincoln","NE","	68502-4311","United States","Voluntary: Firm initiated","Letter","Nationwide.","V-239-2015","Class II","Pala-Tech Canine Thyroid Chewable Tablets (Levothyroxine Sodium, USP) 0.5 mg (500 mcg) packaged in 180-tablet and 1,000-tablet bottles. Manufactured for Pala-tech Laboratories Inc.","16,125 180-count bottles, 2,752 1000-count bottles","An FDA inspection revealed a failure to follow current good manufacturing practices in the manufacturing the various finished pharmaceuticals containing the active ingredient levothyroxine used in the treatment of hypothyroidism in dogs and horses.","03/13/2015","05/29/2015","03/23/2017","06/10/2015","All codes."
"Veterinary","No","","70691","Terminated","Quality Animal Care Mfg Inc","3720 S 6th St Ste D","N/A","Lincoln","NE","	68502-4311","United States","Voluntary: Firm initiated","Letter","Nationwide.","V-240-2015","Class II","Pala-Tech Canine Thyroid Chewable Tablets (Levothyroxine Sodium, USP) 0.6 mg (600 mcg) packaged in 180-tablet and 1,000-tablet bottles. Manufactured for Pala-tech Laboratories Inc.","22,069 180-count bottles, 3,838 1000-count bottles","An FDA inspection revealed a failure to follow current good manufacturing practices in the manufacturing the various finished pharmaceuticals containing the active ingredient levothyroxine used in the treatment of hypothyroidism in dogs and horses.","03/13/2015","05/29/2015","03/23/2017","06/10/2015","All codes."
"Veterinary","No","","70691","Terminated","Quality Animal Care Mfg Inc","3720 S 6th St Ste D","N/A","Lincoln","NE","	68502-4311","United States","Voluntary: Firm initiated","Letter","Nationwide.","V-241-2015","Class II","Pala-Tech Canine Thyroid Chewable Tablets (Levothyroxine Sodium, USP) 0.7 mg (700 mcg) packaged in 180-tablet and 1,000-tablet bottles. Manufactured for Pala-tech Laboratories Inc.","12,693 180-count bottles, 1,814 1000-count bottles","An FDA inspection revealed a failure to follow current good manufacturing practices in the manufacturing the various finished pharmaceuticals containing the active ingredient levothyroxine used in the treatment of hypothyroidism in dogs and horses.","03/13/2015","05/29/2015","03/23/2017","06/10/2015","All codes."
"Veterinary","No","","70691","Terminated","Quality Animal Care Mfg Inc","3720 S 6th St Ste D","N/A","Lincoln","NE","	68502-4311","United States","Voluntary: Firm initiated","Letter","Nationwide.","V-242-2015","Class II","(1) Pala-Tech Canine Thyroid Chewable Tablets (Levothyroxine Sodium, USP) 0.8 mg (800 mcg) packaged in 180-tablet and 1,000-tablet bottles. Manufactured for Pala-tech Laboratories Inc.; (2) Caninthrox (Levothyroxine Sodium, USP) 0.8 mg (800 mcg) packaged in 1,000-tablet bottles. Manufactured for BET Laboratories, Lexington, KY;","30,720 180-count bottles, 5,857 1000-count bottles","An FDA inspection revealed a failure to follow current good manufacturing practices in the manufacturing the various finished pharmaceuticals containing the active ingredient levothyroxine used in the treatment of hypothyroidism in dogs and horses.","03/13/2015","05/29/2015","03/23/2017","06/10/2015","All codes."
"Veterinary","No","","70691","Terminated","Quality Animal Care Mfg Inc","3720 S 6th St Ste D","N/A","Lincoln","NE","	68502-4311","United States","Voluntary: Firm initiated","Letter","Nationwide.","V-243-2015","Class II","Pala-Tech Canine Thyroid Chewable Tablets (Levothyroxine Sodium, USP) 0.9 mg (900 mcg) packaged in 180-tablet and 1,000-tablet bottles. Manufactured for Pala-tech Laboratories Inc.","8,369 180-count bottles, 1,048 1000-count bottles","An FDA inspection revealed a failure to follow current good manufacturing practices in the manufacturing the various finished pharmaceuticals containing the active ingredient levothyroxine used in the treatment of hypothyroidism in dogs and horses.","03/13/2015","05/29/2015","03/23/2017","06/10/2015","All codes."
"Veterinary","No","","70691","Terminated","Quality Animal Care Mfg Inc","3720 S 6th St Ste D","N/A","Lincoln","NE","	68502-4311","United States","Voluntary: Firm initiated","Letter","Nationwide.","V-244-2015","Class II","Pala-Tech Canine Thyroid Chewable Tablets (Levothyroxine Sodium, USP) 1.0 mg (1,000 mcg) packaged in 180-tablet and 1,000-tablet bottles. Manufactured for Pala-tech Laboratories Inc.","12,621 180-count bottles, 2,248 1000-count bottles","An FDA inspection revealed a failure to follow current good manufacturing practices in the manufacturing the various finished pharmaceuticals containing the active ingredient levothyroxine used in the treatment of hypothyroidism in dogs and horses.","03/13/2015","05/29/2015","03/23/2017","06/10/2015","All codes."
"Veterinary","No","","71478","Terminated","Virbac AH, Inc","3200 Meacham Blvd","N/A","Fort Worth","TX","	76137-4611","United States","Voluntary: Firm initiated","Telephone","Product was distributed nationwide, including Puerto Rico.  Product was distributed to an affiliate in Seoul, South Korea.  There was no government or military distribution.","V-065-2016","Class II","Virbac Virbantel (pyrantel pamoate/praziquantel) Flavored Chewables packaged 50 flavored chewable per bottle, 114 mg pyrantel pamoate and 114 mg praziquantel.  De-wormer for Dogs Only Medium and Large dogs - 25.1 to 200 lbs. NADA 141-261, NDC 051311-741-50, Mfd. by: Virbac AH, Inc., Fort Worth, TX","1740 bottles","Some of the products may be missing labels.","06/05/2015","10/26/2015","03/10/2017","11/04/2015","140756, Exp 04/2017"
"Veterinary","No","","77441","Terminated","Spectrum Brands Inc","3001 Commerce St","N/A","Blacksburg","VA","	24060-6671","United States","Voluntary: Firm initiated","Telephone","Multiple states nationwide and Canada. States include AL, AR, AZ, CA, CO, CT, DE, FL, GA, IA, ID, IL, IN, KS, KY, LA, MA, MD, ME, MI, MN, MO, MS, NC, NE, NJ, NV, NY, OH, OK, OR, PA, RI, SC, TN, TX, UT, VA, WA, WI, and WV","V-0157-2017","Class II","Companion, Skin & Coat Chicken Flavored Chews, Distributed by: Foodhold USA LLC Landover, MD 20785, packaged in 2 count roll packages","Unknown","Investigation of complaints of an off odor on the product revealed that the product is potentially contaminated with an equipment sanitizer (quaternary ammonium).","06/05/2017","07/11/2017","02/02/2018","07/19/2017","All codes beginning with AH, AV, A, AI, AO, or AB and expiration dates between 6/1/2019 and 5/31/2020"
"Veterinary","No","","77441","Terminated","Spectrum Brands Inc","3001 Commerce St","N/A","Blacksburg","VA","	24060-6671","United States","Voluntary: Firm initiated","Telephone","Multiple states nationwide and Canada. States include AL, AR, AZ, CA, CO, CT, DE, FL, GA, IA, ID, IL, IN, KS, KY, LA, MA, MD, ME, MI, MN, MO, MS, NC, NE, NJ, NV, NY, OH, OK, OR, PA, RI, SC, TN, TX, UT, VA, WA, WI, and WV","V-0158-2017","Class II","Good 'n' Fun, Triple Flavor Chews, United Pet Group, a Division of Spectrum Brands, Blacksburg, VA, packaged in 2 count 7'' rolls, UPC 0 91093 82243 3;","Unknown","Investigation of complaints of an off odor on the product revealed that the product is potentially contaminated with an equipment sanitizer (quaternary ammonium).","06/05/2017","07/11/2017","02/02/2018","07/19/2017","All codes beginning with AH, AV, A, AI, AO, AB and expiration dates between 6/1/2019 and 5/31/2020"
"Veterinary","No","","77441","Terminated","Spectrum Brands Inc","3001 Commerce St","N/A","Blacksburg","VA","	24060-6671","United States","Voluntary: Firm initiated","Telephone","Multiple states nationwide and Canada. States include AL, AR, AZ, CA, CO, CT, DE, FL, GA, IA, ID, IL, IN, KS, KY, LA, MA, MD, ME, MI, MN, MO, MS, NC, NE, NJ, NV, NY, OH, OK, OR, PA, RI, SC, TN, TX, UT, VA, WA, WI, and WV","V-0160-2017","Class II","Good 'n' Fun, Triple Flavor Chews, United Pet Group, a Division of Spectrum Brands, Blacksburg, VA, packaged in the following ways 1) 3 count 4'' bones, UPC 0 91093 82247 1; 2) 1 count 8'' bone, UPC 0 91093 82257 0;","Unknown","Investigation of complaints of an off odor on the product revealed that the product is potentially contaminated with an equipment sanitizer (quaternary ammonium).","06/05/2017","07/11/2017","02/02/2018","07/19/2017","All codes beginning with AH, AV, A, AI, AO, AB and expiration dates between 6/1/2019 and 5/31/2020"
"Veterinary","No","","77441","Terminated","Spectrum Brands Inc","3001 Commerce St","N/A","Blacksburg","VA","	24060-6671","United States","Voluntary: Firm initiated","Telephone","Multiple states nationwide and Canada. States include AL, AR, AZ, CA, CO, CT, DE, FL, GA, IA, ID, IL, IN, KS, KY, LA, MA, MD, ME, MI, MN, MO, MS, NC, NE, NJ, NV, NY, OH, OK, OR, PA, RI, SC, TN, TX, UT, VA, WA, WI, and WV","V-0165-2017","Class II","Good 'n' Fun, Chew Bone, United Pet Group, a Division of Spectrum Brands, Blacksburg, VA, packaged in 1) 1 count 7'' packages, UPC 0 91093 14215 9; 2)  1 count 4'' packages, UPC 0 91093 14152 7; 3)  1 count 15'' packages, UPC 0 91093 14283 8;","Unknown","Investigation of complaints of an off odor on the product revealed that the product is potentially contaminated with an equipment sanitizer (quaternary ammonium).","06/05/2017","07/11/2017","02/02/2018","07/19/2017","All codes beginning with AH, AV, A, AI, AO, AB and expiration dates between 6/1/2019 and 5/31/2020"
"Veterinary","No","","77441","Terminated","Spectrum Brands Inc","3001 Commerce St","N/A","Blacksburg","VA","	24060-6671","United States","Voluntary: Firm initiated","Telephone","Multiple states nationwide and Canada. States include AL, AR, AZ, CA, CO, CT, DE, FL, GA, IA, ID, IL, IN, KS, KY, LA, MA, MD, ME, MI, MN, MO, MS, NC, NE, NJ, NV, NY, OH, OK, OR, PA, RI, SC, TN, TX, UT, VA, WA, WI, and WV","V-0167-2017","Class II","Good 'n' Fun, Chew Roll, United Pet Group, a Division of Spectrum Brands, Blacksburg, VA, packaged in 1 count 10'' packages, UPC 0 91093 14377 4;","Unknown","Investigation of complaints of an off odor on the product revealed that the product is potentially contaminated with an equipment sanitizer (quaternary ammonium).","06/05/2017","07/11/2017","02/02/2018","07/19/2017","All codes beginning with AH, AV, A, AI, AO, AB and expiration dates between 6/1/2019 and 5/31/2020"
"Veterinary","No","","77441","Terminated","Spectrum Brands Inc","3001 Commerce St","N/A","Blacksburg","VA","	24060-6671","United States","Voluntary: Firm initiated","Telephone","Multiple states nationwide and Canada. States include AL, AR, AZ, CA, CO, CT, DE, FL, GA, IA, ID, IL, IN, KS, KY, LA, MA, MD, ME, MI, MN, MO, MS, NC, NE, NJ, NV, NY, OH, OK, OR, PA, RI, SC, TN, TX, UT, VA, WA, WI, and WV","V-0168-2017","Class II","Good 'n' Fun, Chicken Chew Roll, United Pet Group, a Division of Spectrum Brands, Blacksburg, VA, packaged in 1 count 10'' packages, UPC 0 91093 27150 7;","Unknown","Investigation of complaints of an off odor on the product revealed that the product is potentially contaminated with an equipment sanitizer (quaternary ammonium).","06/05/2017","07/11/2017","02/02/2018","07/19/2017","All codes beginning with AH, AV, A, AI, AO, AB and expiration dates between 6/1/2019 and 5/31/2020"
"Veterinary","No","","77441","Terminated","Spectrum Brands Inc","3001 Commerce St","N/A","Blacksburg","VA","	24060-6671","United States","Voluntary: Firm initiated","Telephone","Multiple states nationwide and Canada. States include AL, AR, AZ, CA, CO, CT, DE, FL, GA, IA, ID, IL, IN, KS, KY, LA, MA, MD, ME, MI, MN, MO, MS, NC, NE, NJ, NV, NY, OH, OK, OR, PA, RI, SC, TN, TX, UT, VA, WA, WI, and WV","V-0169-2017","Class II","Good 'n' Fun, Natural Chew Ring, United Pet Group, a Division of Spectrum Brands, Blacksburg, VA, packaged in 1 count 6'' packages, UPC 0 91093 14359 0;","Unknown","Investigation of complaints of an off odor on the product revealed that the product is potentially contaminated with an equipment sanitizer (quaternary ammonium).","06/05/2017","07/11/2017","02/02/2018","07/19/2017","All codes beginning with AH, AV, A, AI, AO, AB and expiration dates between 6/1/2019 and 5/31/2020"
"Veterinary","No","","77441","Terminated","Spectrum Brands Inc","3001 Commerce St","N/A","Blacksburg","VA","	24060-6671","United States","Voluntary: Firm initiated","Telephone","Multiple states nationwide and Canada. States include AL, AR, AZ, CA, CO, CT, DE, FL, GA, IA, ID, IL, IN, KS, KY, LA, MA, MD, ME, MI, MN, MO, MS, NC, NE, NJ, NV, NY, OH, OK, OR, PA, RI, SC, TN, TX, UT, VA, WA, WI, and WV","V-0170-2017","Class II","Good 'n' Fun, Chew Bones, United Pet Group, a Division of Spectrum Brands, Blacksburg, VA, packaged in 8 count 4'' bone packages, UPC 0 91093 80206 0;","Unknown","Investigation of complaints of an off odor on the product revealed that the product is potentially contaminated with an equipment sanitizer (quaternary ammonium).","06/05/2017","07/11/2017","02/02/2018","07/19/2017","All codes beginning with AH, AV, A, AI, AO, AB and expiration dates between 6/1/2019 and 5/31/2020"
"Veterinary","No","","77441","Terminated","Spectrum Brands Inc","3001 Commerce St","N/A","Blacksburg","VA","	24060-6671","United States","Voluntary: Firm initiated","Telephone","Multiple states nationwide and Canada. States include AL, AR, AZ, CA, CO, CT, DE, FL, GA, IA, ID, IL, IN, KS, KY, LA, MA, MD, ME, MI, MN, MO, MS, NC, NE, NJ, NV, NY, OH, OK, OR, PA, RI, SC, TN, TX, UT, VA, WA, WI, and WV","V-0172-2017","Class II","Good 'n' Fun, Chew Chips, United Pet Group, a Division of Spectrum Brands, Blacksburg, VA, packaged in 1 lb packages, UPC 0 91093 96270 9;","Unknown","Investigation of complaints of an off odor on the product revealed that the product is potentially contaminated with an equipment sanitizer (quaternary ammonium).","06/05/2017","07/11/2017","02/02/2018","07/19/2017","All codes beginning with AH, AV, A, AI, AO, AB and expiration dates between 6/1/2019 and 5/31/2020"
"Veterinary","No","","77441","Terminated","Spectrum Brands Inc","3001 Commerce St","N/A","Blacksburg","VA","	24060-6671","United States","Voluntary: Firm initiated","Telephone","Multiple states nationwide and Canada. States include AL, AR, AZ, CA, CO, CT, DE, FL, GA, IA, ID, IL, IN, KS, KY, LA, MA, MD, ME, MI, MN, MO, MS, NC, NE, NJ, NV, NY, OH, OK, OR, PA, RI, SC, TN, TX, UT, VA, WA, WI, and WV","V-0173-2017","Class II","Good 'n' Fit, Skin & Coat Chews Beef Flavored, United Pet Group, a Division of Spectrum Brands, Blacksburg, VA, packaged in 1) 5 count 4'' bone packages, UPC 0 91093 31224 8; 2) 1 count 7'' bone packages UPC 0 91093 31222 4; 3) 1 count 9'' bones UPC 0 91093 31223 1;","Unknown","Investigation of complaints of an off odor on the product revealed that the product is potentially contaminated with an equipment sanitizer (quaternary ammonium).","06/05/2017","07/11/2017","02/02/2018","07/19/2017","All codes beginning with AH, AV, A, AI, AO, AB and expiration dates between 6/1/2019 and 5/31/2020"
"Veterinary","No","","77441","Terminated","Spectrum Brands Inc","3001 Commerce St","N/A","Blacksburg","VA","	24060-6671","United States","Voluntary: Firm initiated","Telephone","Multiple states nationwide and Canada. States include AL, AR, AZ, CA, CO, CT, DE, FL, GA, IA, ID, IL, IN, KS, KY, LA, MA, MD, ME, MI, MN, MO, MS, NC, NE, NJ, NV, NY, OH, OK, OR, PA, RI, SC, TN, TX, UT, VA, WA, WI, and WV","V-0176-2017","Class II","Good 'n' Fit, Skin & Coat Chews, United Pet Group, a Division of Spectrum Brands, Blacksburg, VA, packaged in 7 count 5'' roll packages, UPC 0 91093 31126 5;","Unknown","Investigation of complaints of an off odor on the product revealed that the product is potentially contaminated with an equipment sanitizer (quaternary ammonium).","06/05/2017","07/11/2017","02/02/2018","07/19/2017","All codes beginning with AH, AV, A, AI, AO, AB and expiration dates between 6/1/2019 and 5/31/2020"
"Veterinary","No","","77441","Terminated","Spectrum Brands Inc","3001 Commerce St","N/A","Blacksburg","VA","	24060-6671","United States","Voluntary: Firm initiated","Telephone","Multiple states nationwide and Canada. States include AL, AR, AZ, CA, CO, CT, DE, FL, GA, IA, ID, IL, IN, KS, KY, LA, MA, MD, ME, MI, MN, MO, MS, NC, NE, NJ, NV, NY, OH, OK, OR, PA, RI, SC, TN, TX, UT, VA, WA, WI, and WV","V-0177-2017","Class II","Good 'n' Fit, Skin & Coat Chews Chips, United Pet Group, a Division of Spectrum Brands, Blacksburg, VA, packaged in 4 oz packages, UPC 0 91093 31117 3;","Unknown","Investigation of complaints of an off odor on the product revealed that the product is potentially contaminated with an equipment sanitizer (quaternary ammonium).","06/05/2017","07/11/2017","02/02/2018","07/19/2017","All codes beginning with AH, AV, A, AI, AO, AB and expiration dates between 6/1/2019 and 5/31/2020"
"Veterinary","No","","77441","Terminated","Spectrum Brands Inc","3001 Commerce St","N/A","Blacksburg","VA","	24060-6671","United States","Voluntary: Firm initiated","Telephone","Multiple states nationwide and Canada. States include AL, AR, AZ, CA, CO, CT, DE, FL, GA, IA, ID, IL, IN, KS, KY, LA, MA, MD, ME, MI, MN, MO, MS, NC, NE, NJ, NV, NY, OH, OK, OR, PA, RI, SC, TN, TX, UT, VA, WA, WI, and WV","V-0187-2017","Class II","American Beefhide, Chew Bone, Manufactured by: Salix Animal Health, LLC Deerfield Beach, FL, packaged in 1) 5 count 4'' bone packages; 2) 1 count 7'' bone packages; 3) 1 count 6'' bone packages; 4) 1 count 8'' bone packages; 5) 1 count 9'' bone packages; 6) 1 count 7'' bone packages;","Unknown","Investigation of complaints of an off odor on the product revealed that the product is potentially contaminated with an equipment sanitizer (quaternary ammonium).","06/05/2017","07/11/2017","02/02/2018","07/19/2017","All codes beginning with AH and expiration dates between 6/1/2019 and 5/31/2020"
"Veterinary","No","","77441","Terminated","Spectrum Brands Inc","3001 Commerce St","N/A","Blacksburg","VA","	24060-6671","United States","Voluntary: Firm initiated","Telephone","Multiple states nationwide and Canada. States include AL, AR, AZ, CA, CO, CT, DE, FL, GA, IA, ID, IL, IN, KS, KY, LA, MA, MD, ME, MI, MN, MO, MS, NC, NE, NJ, NV, NY, OH, OK, OR, PA, RI, SC, TN, TX, UT, VA, WA, WI, and WV","V-0190-2017","Class II","Companion, Natural Rawhide Chews, Distributed by: Foodhold USA LLC Landover, MD 20785, packaged in 1) 4 count 4'' bone packages, UPC 41520022042; 2) 8 count small bone packages, UPC 41520022066; 3) 4 count 6'' bone packages, UPC 41520022073; 4) 2 count 6'' bone packages, UPC 41520866370; 5) 1 count 7'' bone packages, UPC 41520316240; 6) 1 count 10'' bone packages, UPC 41520022271; 7) 1 count 14'' bone packages, UPC 41520879738","Unknown","Investigation of complaints of an off odor on the product revealed that the product is potentially contaminated with an equipment sanitizer (quaternary ammonium).","06/05/2017","07/11/2017","02/02/2018","07/19/2017","All codes beginning with AH, AV, A, AI, AO, or AB and expiration dates between 6/1/2019 and 5/31/2020"
"Veterinary","No","","77441","Terminated","Spectrum Brands Inc","3001 Commerce St","N/A","Blacksburg","VA","	24060-6671","United States","Voluntary: Firm initiated","Telephone","Multiple states nationwide and Canada. States include AL, AR, AZ, CA, CO, CT, DE, FL, GA, IA, ID, IL, IN, KS, KY, LA, MA, MD, ME, MI, MN, MO, MS, NC, NE, NJ, NV, NY, OH, OK, OR, PA, RI, SC, TN, TX, UT, VA, WA, WI, and WV","V-0192-2017","Class II","Companion, Rawhide Chew Chips, Distributed by: Foodhold USA LLC Landover, MD 20785, packaged in 1) 4 oz packages, UPC 41520022189; 2) 1 lb packages, UPC 41520316479; 3) 2 lb packages, UPC 41520879318;","Unknown","Investigation of complaints of an off odor on the product revealed that the product is potentially contaminated with an equipment sanitizer (quaternary ammonium).","06/05/2017","07/11/2017","02/02/2018","07/19/2017","All codes beginning with AH, AV, A, AI, AO, or AB and expiration dates between 6/1/2019 and 5/31/2020"
"Veterinary","No","","77441","Terminated","Spectrum Brands Inc","3001 Commerce St","N/A","Blacksburg","VA","	24060-6671","United States","Voluntary: Firm initiated","Telephone","Multiple states nationwide and Canada. States include AL, AR, AZ, CA, CO, CT, DE, FL, GA, IA, ID, IL, IN, KS, KY, LA, MA, MD, ME, MI, MN, MO, MS, NC, NE, NJ, NV, NY, OH, OK, OR, PA, RI, SC, TN, TX, UT, VA, WA, WI, and WV","V-0193-2017","Class II","Companion, Chicken Flavored Rawhide Chew Chips, Distributed by: Foodhold USA LLC Landover, MD 20785, packaged in 4 oz packages, UPC 41520022196;","Unknown","Investigation of complaints of an off odor on the product revealed that the product is potentially contaminated with an equipment sanitizer (quaternary ammonium).","06/05/2017","07/11/2017","02/02/2018","07/19/2017","All codes beginning with AH, AV, A, AI, AO, or AB and expiration dates between 6/1/2019 and 5/31/2020"
"Veterinary","No","","77441","Terminated","Spectrum Brands Inc","3001 Commerce St","N/A","Blacksburg","VA","	24060-6671","United States","Voluntary: Firm initiated","Telephone","Multiple states nationwide and Canada. States include AL, AR, AZ, CA, CO, CT, DE, FL, GA, IA, ID, IL, IN, KS, KY, LA, MA, MD, ME, MI, MN, MO, MS, NC, NE, NJ, NV, NY, OH, OK, OR, PA, RI, SC, TN, TX, UT, VA, WA, WI, and WV","V-0194-2017","Class II","Companion, Peanut Butter Rawhide Chews, Distributed by: Foodhold USA LLC Landover, MD 20785, packaged in 2 count 8'' rolls packages, UPC 41520022165;","Unknown","Investigation of complaints of an off odor on the product revealed that the product is potentially contaminated with an equipment sanitizer (quaternary ammonium).","06/05/2017","07/11/2017","02/02/2018","07/19/2017","All codes beginning with AH, AV, A, AI, AO, or AB and expiration dates between 6/1/2019 and 5/31/2020"
"Veterinary","No","","77441","Terminated","Spectrum Brands Inc","3001 Commerce St","N/A","Blacksburg","VA","	24060-6671","United States","Voluntary: Firm initiated","Telephone","Multiple states nationwide and Canada. States include AL, AR, AZ, CA, CO, CT, DE, FL, GA, IA, ID, IL, IN, KS, KY, LA, MA, MD, ME, MI, MN, MO, MS, NC, NE, NJ, NV, NY, OH, OK, OR, PA, RI, SC, TN, TX, UT, VA, WA, WI, and WV","V-0195-2017","Class II","Companion, Peanut Butter Rawhide Chews, Distributed by: Foodhold USA LLC Landover, MD 20785, packaged in 1) 4 count 7'' bone packages, UPC 41520022059; 2) 1 count 9'' bone packages, UPC 41520022301;","Unknown","Investigation of complaints of an off odor on the product revealed that the product is potentially contaminated with an equipment sanitizer (quaternary ammonium).","06/05/2017","07/11/2017","02/02/2018","07/19/2017","All codes beginning with AH, AV, A, AI, AO, or AB and expiration dates between 6/1/2019 and 5/31/2020"
"Veterinary","No","","77441","Terminated","Spectrum Brands Inc","3001 Commerce St","N/A","Blacksburg","VA","	24060-6671","United States","Voluntary: Firm initiated","Telephone","Multiple states nationwide and Canada. States include AL, AR, AZ, CA, CO, CT, DE, FL, GA, IA, ID, IL, IN, KS, KY, LA, MA, MD, ME, MI, MN, MO, MS, NC, NE, NJ, NV, NY, OH, OK, OR, PA, RI, SC, TN, TX, UT, VA, WA, WI, and WV","V-0196-2017","Class II","Companion, Peanut Butter Rawhide Chews, Distributed by: Foodhold USA LLC Landover, MD 20785, packaged in 1) 4 count 7'' bone packages, UPC 41520022059; 2) 1 count 9'' bone packages, UPC 41520022301;","Unknown","Investigation of complaints of an off odor on the product revealed that the product is potentially contaminated with an equipment sanitizer (quaternary ammonium).","06/05/2017","07/11/2017","02/02/2018","07/19/2017","All codes beginning with AH, AV, A, AI, AO, or AB and expiration dates between 6/1/2019 and 5/31/2020"
"Veterinary","No","","77441","Terminated","Spectrum Brands Inc","3001 Commerce St","N/A","Blacksburg","VA","	24060-6671","United States","Voluntary: Firm initiated","Telephone","Multiple states nationwide and Canada. States include AL, AR, AZ, CA, CO, CT, DE, FL, GA, IA, ID, IL, IN, KS, KY, LA, MA, MD, ME, MI, MN, MO, MS, NC, NE, NJ, NV, NY, OH, OK, OR, PA, RI, SC, TN, TX, UT, VA, WA, WI, and WV","V-0197-2017","Class II","Dentahex, Oral Care Chews Petite, Manufactured For Vetoquinol USA Inc. Ft. Worth, TX USA 76137, packaged in 30 count packages, UPC 17030030167;","Unknown","Investigation of complaints of an off odor on the product revealed that the product is potentially contaminated with an equipment sanitizer (quaternary ammonium).","06/05/2017","07/11/2017","02/02/2018","07/19/2017","All codes with expiration dates between 6/1/2021 and 5/31/2022"
"Veterinary","No","","77441","Terminated","Spectrum Brands Inc","3001 Commerce St","N/A","Blacksburg","VA","	24060-6671","United States","Voluntary: Firm initiated","Telephone","Multiple states nationwide and Canada. States include AL, AR, AZ, CA, CO, CT, DE, FL, GA, IA, ID, IL, IN, KS, KY, LA, MA, MD, ME, MI, MN, MO, MS, NC, NE, NJ, NV, NY, OH, OK, OR, PA, RI, SC, TN, TX, UT, VA, WA, WI, and WV","V-0198-2017","Class II","Dentahex, Oral Care Chews Small Dogs, Manufactured For Vetoquinol USA Inc. Ft. Worth, TX USA 76137, packaged in 30 count packages, UPC 17030030174;","Unknown","Investigation of complaints of an off odor on the product revealed that the product is potentially contaminated with an equipment sanitizer (quaternary ammonium).","06/05/2017","07/11/2017","02/02/2018","07/19/2017","All codes with expiration dates between 6/1/2021 and 5/31/2022"
"Veterinary","No","","77441","Terminated","Spectrum Brands Inc","3001 Commerce St","N/A","Blacksburg","VA","	24060-6671","United States","Voluntary: Firm initiated","Telephone","Multiple states nationwide and Canada. States include AL, AR, AZ, CA, CO, CT, DE, FL, GA, IA, ID, IL, IN, KS, KY, LA, MA, MD, ME, MI, MN, MO, MS, NC, NE, NJ, NV, NY, OH, OK, OR, PA, RI, SC, TN, TX, UT, VA, WA, WI, and WV","V-0199-2017","Class II","Dentahex, Oral Care Chews Medium Dogs, Manufactured For Vetoquinol USA Inc. Ft. Worth, TX USA 76137, packaged in 30 count packages, UPC 17030030181;","Unknown","Investigation of complaints of an off odor on the product revealed that the product is potentially contaminated with an equipment sanitizer (quaternary ammonium).","06/05/2017","07/11/2017","02/02/2018","07/19/2017","All codes with expiration dates between 6/1/2021 and 5/31/2022"
"Veterinary","No","","77441","Terminated","Spectrum Brands Inc","3001 Commerce St","N/A","Blacksburg","VA","	24060-6671","United States","Voluntary: Firm initiated","Telephone","Multiple states nationwide and Canada. States include AL, AR, AZ, CA, CO, CT, DE, FL, GA, IA, ID, IL, IN, KS, KY, LA, MA, MD, ME, MI, MN, MO, MS, NC, NE, NJ, NV, NY, OH, OK, OR, PA, RI, SC, TN, TX, UT, VA, WA, WI, and WV","V-0200-2017","Class II","Dentahex, Oral Care Chews Large Dogs, Manufactured For Vetoquinol USA Inc. Ft. Worth, TX USA 76137, packaged in 30 count packages, UPC 17030030198;","Unknown","Investigation of complaints of an off odor on the product revealed that the product is potentially contaminated with an equipment sanitizer (quaternary ammonium).","06/05/2017","07/11/2017","02/02/2018","07/19/2017","All codes with expiration dates between 6/1/2021 and 5/31/2022"
"Veterinary","No","","77441","Terminated","Spectrum Brands Inc","3001 Commerce St","N/A","Blacksburg","VA","	24060-6671","United States","Voluntary: Firm initiated","Telephone","Multiple states nationwide and Canada. States include AL, AR, AZ, CA, CO, CT, DE, FL, GA, IA, ID, IL, IN, KS, KY, LA, MA, MD, ME, MI, MN, MO, MS, NC, NE, NJ, NV, NY, OH, OK, OR, PA, RI, SC, TN, TX, UT, VA, WA, WI, and WV","V-0213-2017","Class II","Enzadent, Oral Care Chews Petite Dogs, Manufactured for Vetoquinol USA Inc. Ft. Worth, TX USA 76137, packaged in 30 count packages, UPC 17030030167;","Unknown","Investigation of complaints of an off odor on the product revealed that the product is potentially contaminated with an equipment sanitizer (quaternary ammonium).","06/05/2017","07/11/2017","02/02/2018","07/19/2017","All codes with expiration dates between 6/1/2021 and 5/31/2022"
"Veterinary","No","","77441","Terminated","Spectrum Brands Inc","3001 Commerce St","N/A","Blacksburg","VA","	24060-6671","United States","Voluntary: Firm initiated","Telephone","Multiple states nationwide and Canada. States include AL, AR, AZ, CA, CO, CT, DE, FL, GA, IA, ID, IL, IN, KS, KY, LA, MA, MD, ME, MI, MN, MO, MS, NC, NE, NJ, NV, NY, OH, OK, OR, PA, RI, SC, TN, TX, UT, VA, WA, WI, and WV","V-0214-2017","Class II","Enzadent, Oral Care Chews Small Dogs, Manufactured for Vetoquinol USA Inc. Ft. Worth, TX USA 76137, packaged in 30 count packages, UPC 17030030174;","Unknown","Investigation of complaints of an off odor on the product revealed that the product is potentially contaminated with an equipment sanitizer (quaternary ammonium).","06/05/2017","07/11/2017","02/02/2018","07/19/2017","All codes with expiration dates between 6/1/2021 and 5/31/2022"
"Veterinary","No","","77441","Terminated","Spectrum Brands Inc","3001 Commerce St","N/A","Blacksburg","VA","	24060-6671","United States","Voluntary: Firm initiated","Telephone","Multiple states nationwide and Canada. States include AL, AR, AZ, CA, CO, CT, DE, FL, GA, IA, ID, IL, IN, KS, KY, LA, MA, MD, ME, MI, MN, MO, MS, NC, NE, NJ, NV, NY, OH, OK, OR, PA, RI, SC, TN, TX, UT, VA, WA, WI, and WV","V-0215-2017","Class II","Enzadent, Oral Care Chews Medium Dogs, Manufactured for Vetoquinol USA Inc. Ft. Worth, TX USA 76137, packaged in 30 count packages, UPC 17030030181;","Unknown","Investigation of complaints of an off odor on the product revealed that the product is potentially contaminated with an equipment sanitizer (quaternary ammonium).","06/05/2017","07/11/2017","02/02/2018","07/19/2017","All codes with expiration dates between 6/1/2021 and 5/31/2022"
"Veterinary","No","","77441","Terminated","Spectrum Brands Inc","3001 Commerce St","N/A","Blacksburg","VA","	24060-6671","United States","Voluntary: Firm initiated","Telephone","Multiple states nationwide and Canada. States include AL, AR, AZ, CA, CO, CT, DE, FL, GA, IA, ID, IL, IN, KS, KY, LA, MA, MD, ME, MI, MN, MO, MS, NC, NE, NJ, NV, NY, OH, OK, OR, PA, RI, SC, TN, TX, UT, VA, WA, WI, and WV","V-0216-2017","Class II","Enzadent, Oral Care Chews Large Dogs, Manufactured for Vetoquinol USA Inc. Ft. Worth, TX USA 76137, packaged in 30 count packages, UPC 17030030198;","Unknown","Investigation of complaints of an off odor on the product revealed that the product is potentially contaminated with an equipment sanitizer (quaternary ammonium).","06/05/2017","07/11/2017","02/02/2018","07/19/2017","All codes with expiration dates between 6/1/2021 and 5/31/2022"
"Veterinary","No","","77441","Terminated","Spectrum Brands Inc","3001 Commerce St","N/A","Blacksburg","VA","	24060-6671","United States","Voluntary: Firm initiated","Telephone","Multiple states nationwide and Canada. States include AL, AR, AZ, CA, CO, CT, DE, FL, GA, IA, ID, IL, IN, KS, KY, LA, MA, MD, ME, MI, MN, MO, MS, NC, NE, NJ, NV, NY, OH, OK, OR, PA, RI, SC, TN, TX, UT, VA, WA, WI, and WV","V-0220-2017","Class II","Essential Everyday, Retriever Rolls Natural Rawhide Chews, Distributed by Supervalu Inc Eden Prairie, MN 55344 USA, packaged in 1) 1 lb 8'' roll packages, UPC 41303043608; 2) 2 count 8'' roll packages, UPC 41303043806;","Unknown","Investigation of complaints of an off odor on the product revealed that the product is potentially contaminated with an equipment sanitizer (quaternary ammonium).","06/05/2017","07/11/2017","02/02/2018","07/19/2017","All codes beginning with AH, AV A, AI, AO, or AB and expiration dates between 6/1/2019 and 5/31/2020"
"Veterinary","No","","77441","Terminated","Spectrum Brands Inc","3001 Commerce St","N/A","Blacksburg","VA","	24060-6671","United States","Voluntary: Firm initiated","Telephone","Multiple states nationwide and Canada. States include AL, AR, AZ, CA, CO, CT, DE, FL, GA, IA, ID, IL, IN, KS, KY, LA, MA, MD, ME, MI, MN, MO, MS, NC, NE, NJ, NV, NY, OH, OK, OR, PA, RI, SC, TN, TX, UT, VA, WA, WI, and WV","V-0222-2017","Class II","Essential Everyday, Skin & Coat Premium Beef Flavor Chews, Distributed by Supervalu Inc Eden Prairie, MN 55344 USA, packaged in 20 count crunchy stick packages, UPC 41303043639;","Unknown","Investigation of complaints of an off odor on the product revealed that the product is potentially contaminated with an equipment sanitizer (quaternary ammonium).","06/05/2017","07/11/2017","02/02/2018","07/19/2017","All codes beginning with AH, AV A, AI, AO, or AB and expiration dates between 6/1/2019 and 5/31/2020"
"Veterinary","No","","77441","Terminated","Spectrum Brands Inc","3001 Commerce St","N/A","Blacksburg","VA","	24060-6671","United States","Voluntary: Firm initiated","Telephone","Multiple states nationwide and Canada. States include AL, AR, AZ, CA, CO, CT, DE, FL, GA, IA, ID, IL, IN, KS, KY, LA, MA, MD, ME, MI, MN, MO, MS, NC, NE, NJ, NV, NY, OH, OK, OR, PA, RI, SC, TN, TX, UT, VA, WA, WI, and WV","V-0223-2017","Class II","Essential Everyday, Skin & Coat Premium Rawhide Chews, Distributed by Supervalu Inc Eden Prairie, MN 55344 USA, packaged in 1) 2 count 8'' roll packages, UPC 41303043646; 2) 2 count 8'' roll packages, UPC 41303043653;","Unknown","Investigation of complaints of an off odor on the product revealed that the product is potentially contaminated with an equipment sanitizer (quaternary ammonium).","06/05/2017","07/11/2017","02/02/2018","07/19/2017","All codes beginning with AH, AV A, AI, AO, or AB and expiration dates between 6/1/2019 and 5/31/2020"
"Veterinary","No","","77441","Terminated","Spectrum Brands Inc","3001 Commerce St","N/A","Blacksburg","VA","	24060-6671","United States","Voluntary: Firm initiated","Telephone","Multiple states nationwide and Canada. States include AL, AR, AZ, CA, CO, CT, DE, FL, GA, IA, ID, IL, IN, KS, KY, LA, MA, MD, ME, MI, MN, MO, MS, NC, NE, NJ, NV, NY, OH, OK, OR, PA, RI, SC, TN, TX, UT, VA, WA, WI, and WV","V-0224-2017","Class II","Essential Everyday, Natural Rawhide Flip Chip Premium Dog Chews, Distributed by Supervalu Inc Eden Prairie, MN 55344 USA, packaged in 1lb packages, UPC 41303043820;","Unknown","Investigation of complaints of an off odor on the product revealed that the product is potentially contaminated with an equipment sanitizer (quaternary ammonium).","06/05/2017","07/11/2017","02/02/2018","07/19/2017","All codes beginning with AH, AV A, AI, AO, or AB and expiration dates between 6/1/2019 and 5/31/2020"
"Veterinary","No","","77441","Terminated","Spectrum Brands Inc","3001 Commerce St","N/A","Blacksburg","VA","	24060-6671","United States","Voluntary: Firm initiated","Telephone","Multiple states nationwide and Canada. States include AL, AR, AZ, CA, CO, CT, DE, FL, GA, IA, ID, IL, IN, KS, KY, LA, MA, MD, ME, MI, MN, MO, MS, NC, NE, NJ, NV, NY, OH, OK, OR, PA, RI, SC, TN, TX, UT, VA, WA, WI, and WV","V-0225-2017","Class II","Essential Everyday, Beef Basted Rawhide Flip Chip Premium Dog Chews, Distributed by Supervalu Inc Eden Prairie, MN 55344 USA, packaged in 1 lb packages, UPC 41303043837;","Unknown","Investigation of complaints of an off odor on the product revealed that the product is potentially contaminated with an equipment sanitizer (quaternary ammonium).","06/05/2017","07/11/2017","02/02/2018","07/19/2017","All codes beginning with AH, AV A, AI, AO, or AB and expiration dates between 6/1/2019 and 5/31/2020"
"Veterinary","No","","77441","Terminated","Spectrum Brands Inc","3001 Commerce St","N/A","Blacksburg","VA","	24060-6671","United States","Voluntary: Firm initiated","Telephone","Multiple states nationwide and Canada. States include AL, AR, AZ, CA, CO, CT, DE, FL, GA, IA, ID, IL, IN, KS, KY, LA, MA, MD, ME, MI, MN, MO, MS, NC, NE, NJ, NV, NY, OH, OK, OR, PA, RI, SC, TN, TX, UT, VA, WA, WI, and WV","V-0226-2017","Class II","Essential Everyday, Triple-Flavor Chews Beef Hide, Premium Chicken & Artificial Bacon Flavor, Distributed by Supervalu Inc Eden Prairie, MN 55344 USA, packaged in 1 count 4'' curl packages, UPC 41303043707;","Unknown","Investigation of complaints of an off odor on the product revealed that the product is potentially contaminated with an equipment sanitizer (quaternary ammonium).","06/05/2017","07/11/2017","02/02/2018","07/19/2017","All codes beginning with AH, AV A, AI, AO, or AB and expiration dates between 6/1/2019 and 5/31/2020"
"Veterinary","No","","77441","Terminated","Spectrum Brands Inc","3001 Commerce St","N/A","Blacksburg","VA","	24060-6671","United States","Voluntary: Firm initiated","Telephone","Multiple states nationwide and Canada. States include AL, AR, AZ, CA, CO, CT, DE, FL, GA, IA, ID, IL, IN, KS, KY, LA, MA, MD, ME, MI, MN, MO, MS, NC, NE, NJ, NV, NY, OH, OK, OR, PA, RI, SC, TN, TX, UT, VA, WA, WI, and WV","V-0235-2017","Class II","Hill Country Fare, Rawhide For Dogs All Natural Dog Chews, Distributed by: H-E-B  San Antonio, TX 78204, packaged in 1) 4 count 10'' roll packages, UPC 41220780211; 2) 4 count 10'' roll packages, UPC 41220928842;","Unknown","Investigation of complaints of an off odor on the product revealed that the product is potentially contaminated with an equipment sanitizer (quaternary ammonium).","06/05/2017","07/11/2017","02/02/2018","07/19/2017","All codes beginning with AH, AV A, AI, AO, or AB and expiration dates between 6/1/2019 and 5/31/2020"
"Veterinary","No","","77441","Terminated","Spectrum Brands Inc","3001 Commerce St","N/A","Blacksburg","VA","	24060-6671","United States","Voluntary: Firm initiated","Telephone","Multiple states nationwide and Canada. States include AL, AR, AZ, CA, CO, CT, DE, FL, GA, IA, ID, IL, IN, KS, KY, LA, MA, MD, ME, MI, MN, MO, MS, NC, NE, NJ, NV, NY, OH, OK, OR, PA, RI, SC, TN, TX, UT, VA, WA, WI, and WV","V-0240-2017","Class II","PetCo, Granulated Rawhide, Ribs Natural Flavored Dog Chews Beef, Distributed by: International Pet Supplies and Distribution, Inc. San Diego, CA 92121, packaged in 1 lb packages, UPC 800443126219;","Unknown","Investigation of complaints of an off odor on the product revealed that the product is potentially contaminated with an equipment sanitizer (quaternary ammonium).","06/05/2017","07/11/2017","02/02/2018","07/19/2017","All codes beginning with AH, AV A, AI, AO, or AB and expiration dates between 6/1/2019 and 5/31/2020"
"Veterinary","No","","77441","Terminated","Spectrum Brands Inc","3001 Commerce St","N/A","Blacksburg","VA","	24060-6671","United States","Voluntary: Firm initiated","Telephone","Multiple states nationwide and Canada. States include AL, AR, AZ, CA, CO, CT, DE, FL, GA, IA, ID, IL, IN, KS, KY, LA, MA, MD, ME, MI, MN, MO, MS, NC, NE, NJ, NV, NY, OH, OK, OR, PA, RI, SC, TN, TX, UT, VA, WA, WI, and WV","V-0241-2017","Class II","PetCo, Classic Rawhide, Knot Bones, Natural Flavored Dog Chews Beef, Distributed by: International Pet Supplies and Distribution, Inc. San Diego, CA 92121, packaged in 2 count 7'' bone packages, UPC 800443065051;","Unknown","Investigation of complaints of an off odor on the product revealed that the product is potentially contaminated with an equipment sanitizer (quaternary ammonium).","06/05/2017","07/11/2017","02/02/2018","07/19/2017","All codes beginning with AH, AV A, AI, AO, or AB and expiration dates between 6/1/2019 and 5/31/2020"
"Veterinary","No","","77441","Terminated","Spectrum Brands Inc","3001 Commerce St","N/A","Blacksburg","VA","	24060-6671","United States","Voluntary: Firm initiated","Telephone","Multiple states nationwide and Canada. States include AL, AR, AZ, CA, CO, CT, DE, FL, GA, IA, ID, IL, IN, KS, KY, LA, MA, MD, ME, MI, MN, MO, MS, NC, NE, NJ, NV, NY, OH, OK, OR, PA, RI, SC, TN, TX, UT, VA, WA, WI, and WV","V-0248-2017","Class II","Priority, Rawhide Chew Flip Chips Natural, Distributed by: Lucerne North America LLC Pleasanton, CA 94566-0009, packaged in 1) 3 OZ packages, UPC 21130422098; 2) 1 lb packages, UPC 21130420759","Unknown","Investigation of complaints of an off odor on the product revealed that the product is potentially contaminated with an equipment sanitizer (quaternary ammonium).","06/05/2017","07/11/2017","02/02/2018","07/19/2017","All codes beginning with AH, AV A, AI, AO, or AB and expiration dates between 6/1/2019 and 5/31/2020"
"Veterinary","No","05/16/2019","81739","Terminated","OMAHA STEAKS","11030 O St","N/A","Omaha","NE","	68137-2346","United States","Voluntary: Firm initiated","Letter","The product sold in the firm's retail stores in AZ, CA, CO, CT, FL, GA, IL, IN, KS, KY, MA, MD, MI, MO, NC, NE, NJ, NV, NY, OH, PA, RI, TX, and VA and directly to consumers nationwide.","V-0141-2019","Class II","Real Beef Bone Bone Chews, Net Wt. 12 oz, Omaha Steaks International Inc., Omaha, NE. Packaged in plastic bags","4,586 packages","Beef bone dog chews being recalled because they may splinter and injure dogs","12/10/2018","05/16/2019","05/30/2019","05/22/2019","Production date codes: 18 216, 18 220, 18 271, 18 281, 18 285"
"Veterinary","No","03/05/2021","87355","Terminated","Virbac Corporation","13001 Saint Charles Rock Rd","N/A","Bridgeton","MO","	63044-2421","United States","Voluntary: Firm initiated","Letter","Nebraska","V-0091-2021","Class II","Durvet Triple Wormer Flavored Chewables, (114 mg pyrantel pamoate, 114 mg praziquantel), Greater than 25 lbs, 276 six-count blister cards per case, Distributed by: Durvet, Inc., 100 S.E. Magellan Drive, Blue Springs, MO 64014.  ANDA N -141261, NDC 21091-642-02","23,184 blister packs","Tablets failed hardness specification at the 3 month stability time point.","02/17/2021","03/05/2021","06/21/2023","03/10/2021","Lots: 200574B"
"Veterinary","No","03/05/2021","87355","Terminated","Virbac Corporation","13001 Saint Charles Rock Rd","N/A","Bridgeton","MO","	63044-2421","United States","Voluntary: Firm initiated","Letter","Nebraska","V-0092-2021","Class II","Durvet Triple Wormer Flavored Chewables, (114 mg pyrantel pamoate, 114 mg praziquantel), Greater than 25 lbs,  six-count blister cards per case, Distributed by: Durvet, Inc., 100 S.E. Magellan Drive, Blue Springs, MO 64014.  ANDA N -141261, NDC 21091-642-02","18,088 blister packs","Tablets failed hardness specification at the 3 month stability time point.","02/17/2021","03/05/2021","06/21/2023","03/10/2021","Lots: 200575B"
"Veterinary","No","08/03/2022","90404","Terminated","Wedgewood Village Pharmacy, LLC","405 Heron Dr Ste 200","N/A","Swedesboro","NJ","	08085-1749","United States","Voluntary: Firm initiated","N/A","to be entered.","V-0172-2022","Class II","Chewable Treat (Chicken) Chew Treat CHEWAB-CHW002VC Chewable Treat (Beef) Chew Treat CHEWAB-CHW005VC      packaged in amber blister pack  Wedgewood Pharmacy 800-.331.8272         ","242 treats","Insanitary conditions.","07/05/2022","08/03/2022","04/22/2024","08/03/2022","000-03778459  08/12/2022 000-03668800  06/26/2022 000-03907732  09/28/2022"
"Veterinary","No","08/03/2022","90404","Terminated","Wedgewood Village Pharmacy, LLC","405 Heron Dr Ste 200","N/A","Swedesboro","NJ","	08085-1749","United States","Voluntary: Firm initiated","N/A","to be entered.","V-0177-2022","Class II","Cisapride Chicken Flavor 5mg Chew Treat CISAPR-CHW003VC Chew Treat Cisapride Chicken Flavor 2.5mg Chew Treat CISAPR-CHW006VC Chew Treat Cisapride Chicken Flavor 10mg/ml Oral Suspension 15ml Bottle CISAPRSUS0000VC Oral Suspension Cisapride Liver Flavor 5mg/ml Oral Suspension 30ml  Bottle CISAPRSUS0003VC Oral Suspension Cisapride Liver Flavor 5mg/ml Oral Suspension 60ml Bottle CISAPRSUS0004VC Oral Suspension Cisapride Liver Flavor 5mg/ml Oral Suspension 100ml Bottle CISAPRSUS0005VC Oral Suspension Cisapride Liver Flavor 5mg/ml Oral Suspension 240ml Bottle CISAPRSUS0006VC Oral Suspension Cisapride Liver Flavor 5mg/ml Oral Suspension 480ml Bottle CISAPRSUS0007VC Oral Suspension Cisapride Fish Flavor 10mg/ml Oral Suspension 30ml Bottle CISAPRSUS0038VC Oral Suspension Cisapride Fish Flavor 10mg/ml Oral Suspension 60ml Bottle CISAPRSUS0039VC Oral Suspension Cisapride Fish Flavor 10mg/ml Oral Suspension 100ml Bottle CISAPRSUS0041VC Oral Suspension Cisapride Fish Flavor 10mg/ml Oral Suspension 120ml Bottle CISAPRSUS0042VC Oral Suspension Cisapride Fish Flavor 10mg/ml Oral Suspension 240ml Bottle CISAPRSUS0043VC Oral Suspension Cisapride Fish Flavor 10mg/ml Oral Suspension 480ml Bottle CISAPRSUS0044VC Oral Suspension Cisapride Fish Flavor 5mg/ml Oral Suspension 30ml Bottle CISAPRSUS0046VC Oral Suspension Cisapride Fish Flavor 5mg/ml Oral Suspension 60ml Bottle CISAPRSUS0047VC Oral Suspension Cisapride Fish Flavor 5mg/ml Oral Suspension 90ml Bottle CISAPRSUS0048VC Oral Suspension Cisapride Fish Flavor 5mg/ml Oral Suspension 100ml Bottle CISAPRSUS0049VC Oral Suspension Cisapride Fish Flavor 5mg/ml Oral Suspension 120ml Bottle CISAPRSUS0050VC Oral Suspension Cisapride Fish Flavor 5mg/ml Oral Suspension 135ml Bottle CISAPRSUS0051VC Oral Suspension Cisapride Fish Flavor 5mg/ml Oral Suspension 180ml Bottle CISAPRSUS0053VC Oral Suspension Cisapride Fish Flavor 5mg/ml Oral Suspension 240ml Bottle CISAPRSUS0054VC Oral Suspension Cisapride Fish Flavor 5mg/ml Oral Suspension 250ml Bottle CISAPRSUS0055VC Oral Suspension Cisapride Fish Flavor 5mg/ml Oral Suspension 480ml Bottle CISAPRSUS0057VC Oral Suspension Cisapride Chicken Flavor 10mg/ml Oral Suspension 30ml Bottle CISAPRSUS0065VC Oral Suspension Cisapride Chicken Flavor 10mg/ml Oral Suspension 60ml Bottle CISAPRSUS0066VC Oral Suspension Cisapride Chicken Flavor 10mg/ml Oral Suspension 100ml Bottle CISAPRSUS0067VC Oral Suspension Cisapride Chicken Flavor 10mg/ml Oral Suspension 120ml Bottle CISAPRSUS0068VC Oral Suspension Cisapride Chicken Flavor 10mg/ml Oral Suspension 150ml Bottle CISAPRSUS0069VC Oral Suspension Cisapride Chicken Flavor 10mg/ml Oral Suspension 180ml Bottle CISAPRSUS0070VC Oral Suspension Cisapride Chicken Flavor 10mg/ml Oral Suspension 240ml Bottle CISAPRSUS0071VC Oral Suspension Cisapride Chicken Flavor 10mg/ml Oral Suspension 480ml Bottle CISAPRSUS0072VC Oral Suspension Cisapride Chicken Flavor 5mg/ml Oral Suspension 30ml Bottle CISAPRSUS0074VC Oral Suspension Cisapride Chicken Flavor 5mg/ml Oral Suspension 45ml Bottle CISAPRSUS0075VC Oral Suspension Cisapride Chicken Flavor 5mg/ml Oral Suspension 60ml Bottle CISAPRSUS0076VC Oral Suspension Cisapride Chicken Flavor 5mg/ml Oral Suspension 90ml Bottle CISAPRSUS0077VC Oral Suspension Cisapride Chicken Flavor 5mg/ml Oral Suspension 100ml Bottle CISAPRSUS0078VC Oral Suspension Cisapride Chicken Flavor 5mg/ml Oral Suspension 120ml Bottle CISAPRSUS0079VC Oral Suspension Cisapride Chicken Flavor 5mg/ml Oral Suspension 135ml Bottle CISAPRSUS0080VC Oral Suspension Cisapride Chicken Flavor 5mg/ml Oral Suspension 180ml Bottle CISAPRSUS0081VC Oral Suspension Cisapride Chicken Flavor 5mg/ml Oral Suspension 200ml Bottle CISAPRSUS0082VC Oral Suspension Cisapride Chicken Flavor 5mg/ml Oral Suspension 240ml Bottle CISAPRSUS0083VC Oral Suspension Cisapride Chicken Flavor 5mg/ml Oral Suspension 300ml Bottle CISAPRSUS0084VC Oral Suspension Cisapride Chicken Flavor 5mg/ml Oral Suspension 360ml Bottle CISAPRSUS0085VC Oral Suspension Cisapride Chic","9286 chews","Insanitary conditions.","07/05/2022","08/03/2022","04/22/2024","08/03/2022","000-03651911  06/18/2022 000-03665823  06/15/2022 000-03695812  06/18/2022 000-03710472  06/27/2022 000-03721654  06/27/2022 000-03754535  07/11/2022 000-03755402  07/11/2022 000-03814147  08/07/2022 000-03815366  08/07/2022 000-03888112  09/04/2022 000-03905943  09/04/2022 000-03905962  09/01/2022 000-03906550  09/04/2022 000-03912038  09/04/2022 000-03912050  09/04/2022 000-03646823  06/18/2022 000-03659354  06/18/2022 000-03668149  06/27/2022 000-03668173  06/27/2022 000-03818861  08/07/2022 000-03826823  08/07/2022 000-03905947  09/27/2022 000-03680618  06/18/2022 000-03740558  07/11/2022 000-03771238  08/07/2022 000-03648851  06/18/2022 000-03657384  06/18/2022 000-03674068  06/27/2022 000-03677743  06/27/2022 000-03704222  06/27/2022 000-03716226  06/27/2022 000-03740583  07/11/2022 000-03777269  08/07/2022 000-03793115  08/07/2022 000-03807924  08/07/2022 000-03815384  08/07/2022 000-03821953  08/07/2022 000-03825677  08/07/2022 000-03840611  08/20/2022 000-03845162  08/20/2022 000-03859689  08/20/2022 000-03878756  09/04/2022 000-03893264  09/04/2022 000-03688071  06/27/2022 000-03769223  07/02/2022 000-03911988  09/04/2022 000-03665827  06/27/2022 000-03892670  09/04/2022 000-03676080  06/27/2022 000-03866531  08/20/2022 000-03665051  06/27/2022 000-03792798  07/17/2022 000-03905939  09/27/2022 000-03680576  06/18/2022 000-03849276  08/20/2022 000-03886499  09/04/2022 000-03641035  06/18/2022 000-03676434  06/18/2022 000-03697056  06/27/2022 000-03740577  07/11/2022 000-03799543  08/07/2022 000-03821950  08/07/2022 000-03651978  06/18/2022 000-03720031  06/27/2022 000-03729570  06/27/2022 000-03810885  08/07/2022 000-03665123  06/27/2022 000-03680602  06/27/2022 000-03860752  08/20/2022 000-03731766  06/27/2022 000-03735358  06/27/2022 000-03743728  06/27/2022 000-03781952  06/27/2022 000-03784779  06/27/2022 000-03807533  06/27/2022 000-03810367  06/27/2022 000-03813908  06/27/2022 000-03815280  06/27/2022 000-03816782  06/27/2022 000-03831608  06/27/2022 000-03834102  06/27/2022 000-03841974  06/27/2022 000-03852793  08/20/2022 000-03855150  08/20/2022 000-03855155  08/20/2022 000-03866301  08/20/2022 000-03866306  08/20/2022 000-03869398  08/20/2022 000-03869404  08/20/2022 000-03875762  08/20/2022 000-03879545  08/20/2022 000-03900247  08/20/2022 000-03912315  08/20/2022 000-03912328  08/20/2022 000-03916235  08/20/2022 000-03930807  08/20/2022 000-03954650  08/20/2022 000-03955515  08/20/2022 000-03957409  08/20/2022 000-03765815  06/27/2022 000-03894143  08/20/2022 000-03932082  08/20/2022 000-03954999  08/20/2022 000-03743724  06/27/2022 000-03825050  06/27/2022 000-03956320  08/20/2022 000-03725331  06/27/2022 000-03728764  06/27/2022 000-03728784  06/27/2022 000-03757931  06/27/2022 000-03760333  06/27/2022 000-03762969  06/27/2022 000-03773579  06/27/2022 000-03784776  06/27/2022 000-03799527  06/27/2022 000-03813911  06/27/2022 000-03821375  06/27/2022 000-03834111  06/27/2022 000-03835121  06/27/2022 000-03841986  06/27/2022 000-03860168  08/20/2022 000-03862907  08/20/2022 000-03887776  08/20/2022 000-03891118  08/20/2022 000-03892879  08/20/2022 000-03900243  08/20/2022 000-03903247  08/20/2022 000-03909655  08/20/2022 000-03912314  08/20/2022 000-03916225  08/20/2022 000-03916238  08/20/2022 000-03927380  08/20/2022 000-03927877  08/20/2022 000-03938887  08/20/2022 000-03940021  08/20/2022 000-03963952  08/20/2022 000-03754802  06/27/2022 000-03772624  06/27/2022 000-03887784  08/20/2022 000-03900236  08/20/2022 000-03913427  08/20/2022 000-03728766  06/27/2022 000-03733079  06/27/2022 000-03772618  06/27/2022 000-03779549  06/27/2022 000-03784767  06/27/2022 000-03799515  06/27/2022 000-03823053  06/27/2022 000-03823892  06/27/2022 000-03838213  06/27/2022 000-03841977  06/27/2022 000-03855147  08/20/2022 000-03877268  08/20/2022 000-03877635  08/20/2022 000-03886074  08/20/2022 000-03900239  08/20/2022 000-03904817  08/20/2022 000-03933209  08/20/2022 000-03944259  08/20/2022 000-03747426  06/27/2022 000-03762967  06/27/2022 000-03802865  06/27/2022 000-03810773  06/27/2022 000-03813903  06/27/2022 000-03818913  06/27/2022 000-03834271  06/27/2022 000-03873407  08/20/2022 000-03875745  08/20/2022 000-03892878  08/20/2022 000-03897016  08/20/2022 000-03912316  08/20/2022 000-03923441  08/20/2022 000-03943202  08/20/2022 000-03944250  08/20/2022 000-03945591  08/20/2022 000-03731762  06/27/2022 000-03749301  06/27/2022 000-03751771  06/27/2022 000-03758633  06/27/2022 000-03786521  06/27/2022 000-03804340  06/27/2022 000-03806288  06/27/2022 000-03812155  06/27/2022 000-03832863  06/27/2022 000-03838216  06/27/2022 000-03876303  08/20/2022 000-03923095  08/20/2022 000-03932081  08/20/2022 000-03938885  08/20/2022 000-03940829  08/20/2022 000-03959944  08/20/2022 000-03961032  08/20/2022 000-03731761  06/27/2022 000-03740546  06/27/2022 000-03758643  06/27/2022 000-03788577  06/27/2022 000-03791496  06/27/2022 000-03792450  06/27/2022 000-03800875  06/27/2022 000-03801186  06/27/2022 000-03804517  06/27/2022 000-03807537  06/27/2022 000-03807978  06/27/2022 000-03815249  06/27/2022 000-03823056  06/27/2022 000-03852792  08/20/2022 000-03852797  08/20/2022 000-03869411  08/20/2022 000-03870549  08/20/2022 000-03874466  08/20/2022 000-03882424  08/20/2022 000-03908245  08/20/2022 000-03908248  08/20/2022 000-03916227  08/20/2022 000-03920909  08/20/2022 000-03923083  08/20/2022 000-03927187  08/20/2022 000-03930810  08/20/2022 000-03943027  08/20/2022 000-03949333  08/20/2022 000-03955003  08/20/2022 000-03959947  08/20/2022 000-03743729  06/27/2022 000-03754808  06/27/2022 000-03762968  06/27/2022 000-03766406  06/27/2022 000-03769664  06/27/2022 000-03798791  06/27/2022 000-03801736  06/27/2022 000-03829617  06/27/2022 000-03838212  06/27/2022 000-03838214  06/27/2022 000-03841973  06/27/2022 000-03860163  08/20/2022 000-03873399  08/20/2022 000-03874468  08/20/2022 000-03887779  08/20/2022 000-03933206  08/20/2022 000-03943192  08/20/2022 000-03943200  08/20/2022 000-03959941  08/20/2022 000-03732619  06/27/2022 000-03734622  06/27/2022 000-03752721  06/27/2022 000-03766113  06/27/2022 000-03788584  06/27/2022 000-03806287  06/27/2022 000-03821370  06/27/2022 000-03826321  06/27/2022 000-03841978  06/27/2022 000-03871937  08/20/2022 000-03878013  08/20/2022 000-03930800  08/20/2022 000-03940026  08/20/2022 000-03949328  08/20/2022 000-03952232  08/20/2022 000-03959946  08/20/2022 000-03749872  06/27/2022 000-03927884  08/20/2022 000-03724688  06/27/2022 000-03725329  06/27/2022 000-03732617  06/27/2022 000-03743723  06/27/2022 000-03743731  06/27/2022 000-03747422  06/27/2022 000-03751776  06/27/2022 000-03766114  06/27/2022 000-03766120  06/27/2022 000-03774064  06/27/2022 000-03774573  06/27/2022 000-03776657  06/27/2022 000-03776670  06/27/2022 000-03777195  06/27/2022 000-03777202  06/27/2022 000-03781592  06/27/2022 000-03802866  06/27/2022 000-03804343  06/27/2022 000-03808308  06/27/2022 000-03808696  06/27/2022 000-03810365  06/27/2022 000-03821365  06/27/2022 000-03822473  06/27/2022 000-03823069  06/27/2022 000-03823381  06/27/2022 000-03823382  06/27/2022 000-03826787  06/27/2022 000-03848866  08/20/2022 000-03852790  08/20/2022 000-03855149  08/20/2022 000-03860157  08/20/2022 000-03860171  08/20/2022 000-03862914  08/20/2022 000-03864550  06/27/2022 000-03867477  08/20/2022 000-03871944  08/20/2022 000-03878021  08/20/2022 000-03886072  08/20/2022 000-03889080  08/20/2022 000-03894145  08/20/2022 000-03898703  08/20/2022 000-03900186  08/20/2022 000-03916228  08/20/2022 000-03923096  08/20/2022 000-03943198  08/20/2022 000-03945587  08/20/2022 000-03945596  08/20/2022 000-03949323  08/20/2022 000-03952237  08/20/2022 000-03954653  08/20/2022 000-03955007  08/20/2022 000-03751773  06/27/2022 000-03781955  06/27/2022 000-03813900  06/27/2022 000-03871945  08/20/2022 000-03961315  08/20/2022 000-03728763  06/27/2022 000-03787350  06/27/2022 000-03799518  06/27/2022 000-03823905  06/27/2022 000-03832861  06/27/2022 000-03887778  08/20/2022 000-03900246  08/20/2022 000-03916239  08/20/2022 000-03932080  08/20/2022 000-03815281  06/27/2022 000-03912317  08/20/2022 000-03912322  08/20/2022 000-03751766  06/27/2022 000-03788573  06/27/2022 000-03798790  06/27/2022 000-03800873  06/27/2022 000-03825409  06/27/2022 000-03844181  06/27/2022 000-03866300  08/20/2022 000-03882963  08/20/2022 000-03912323  08/20/2022 000-03959948  08/20/2022 000-03722465  06/27/2022 000-03722466  06/27/2022 000-03725318  06/27/2022 000-03732621  06/27/2022 000-03732624  06/27/2022 000-03762973  06/27/2022 000-03769660  06/27/2022 000-03769673  06/27/2022 000-03778042  06/27/2022 000-03800744  06/27/2022 000-03806740  06/27/2022 000-03834103  06/27/2022 000-03838217  06/27/2022 000-03847223  08/20/2022 000-03852795  08/20/2022 000-03870163  08/20/2022 000-03908241  08/20/2022 000-03916240  08/20/2022 000-03923093  08/20/2022 000-03927882  08/20/2022 000-03943204  08/20/2022 000-03962371  08/20/2022 000-03725328  06/27/2022 000-03739700  06/27/2022 000-03749295  06/27/2022 000-03754807  06/27/2022 000-03775699  06/27/2022 000-03779564  06/27/2022 000-03847226  06/27/2022 000-03894002  08/20/2022 000-03894142  08/20/2022 000-03947989  08/20/2022 000-03952238  08/20/2022 000-03955000  08/20/2022 000-03964907  08/20/2022 000-03722458  06/27/2022 000-03736535  06/27/2022 000-03739490  06/27/2022 000-03747415  06/27/2022 000-03747419  06/27/2022 000-03758635  06/27/2022 000-03762528  06/27/2022 000-03773431  06/27/2022 000-03782953  06/27/2022 000-03795232  06/27/2022 000-03804497  06/27/2022 000-03815253  06/27/2022 000-03838218  06/27/2022 000-03848672  06/27/2022 000-03852789  08/20/2022 000-03860166  08/20/2022 000-03866906  08/20/2022 000-03870891  08/20/2022 000-03887783  08/20/2022 000-03908238  08/20/2022 000-03923696  08/20/2022 000-03936014  08/20/2022 000-03762530  06/27/2022 000-03883580  08/20/2022 000-03728765  06/27/2022 000-03728767  06/27/2022 000-03728789  06/27/2022 000-03729917  06/27/2022 000-03731764  06/27/2022 000-03731765  06/27/2022 000-03734624  06/27/2022 000-03737007  06/27/2022 000-03740553  06/27/2022 000-03740555  06/27/2022 000-03743726  06/27/2022 000-03747428  06/27/2022 000-03751768  06/27/2022 000-03751772  06/27/2022 000-03751777  06/27/2022 000-03752722  06/27/2022 000-03754813  06/27/2022 000-03758631  06/27/2022 000-03762525  06/27/2022 000-03766111  06/27/2022 000-03766112  06/27/2022 000-03766115  06/27/2022 000-03769668  06/27/2022 000-03774058  06/27/2022 000-03778033  06/27/2022 000-03779559  06/27/2022 000-03782944  06/27/2022 000-03788586  06/27/2022 000-03791493  06/27/2022 000-03792782  06/27/2022 000-03792785  06/27/2022 000-03804338  06/27/2022 000-03804341  06/27/2022 000-03804494  06/27/2022 000-03807972  06/27/2022 000-03810368  06/27/2022 000-03815250  06/27/2022 000-03815252  06/27/2022 000-03818915  06/27/2022 000-03821360  06/27/2022 000-03823066  06/27/2022 000-03827466  06/27/2022 000-03829612  06/27/2022 000-03832862  06/27/2022 000-03832866  06/27/2022 000-03834104  06/27/2022 000-03834270  06/27/2022 000-03838211  06/27/2022 000-03838223  06/27/2022 000-03841975  06/27/2022 000-03841982  06/27/2022 000-03841984  06/27/2022 000-03844184  06/27/2022 000-03844187  06/27/2022 000-03847212  08/20/2022 000-03847220  08/20/2022 000-03848665  06/27/2022 000-03852788  08/20/2022 000-03852794  08/20/2022 000-03852796  08/20/2022 000-03852801  08/20/2022 000-03855151  08/20/2022 000-03855158  08/20/2022 000-03860170  08/20/2022 000-03864546  06/27/2022 000-03870172  08/20/2022 000-03870551  08/20/2022 000-03875767  08/20/2022 000-03876299  08/20/2022 000-03878019  08/20/2022 000-03883330  08/20/2022 000-03886064  08/20/2022 000-03886076  08/20/2022 000-03887782  08/20/2022 000-03889067  08/20/2022 000-03889077  08/20/2022 000-03894156  08/20/2022 000-03894660  08/20/2022 000-03897656  08/20/2022 000-03900248  08/20/2022 000-03908247  08/20/2022 000-03909654  08/20/2022 000-03909656  08/20/2022 000-03912312  08/20/2022 000-03912318  08/20/2022 000-03912319  08/20/2022 000-03912321  08/20/2022 000-03923695  08/20/2022 000-03927376  08/20/2022 000-03927379  08/20/2022 000-03930809  08/20/2022 000-03930813  08/20/2022 000-03943194  08/20/2022 000-03943203  08/20/2022 000-03943205  08/20/2022 000-03945586  08/20/2022 000-03952233  08/20/2022 000-03952313  08/20/2022 000-03956322  08/20/2022 000-03957407  08/20/2022 000-03962118  08/20/2022 000-03962362  08/20/2022 000-03724846  06/27/2022 000-03725319  06/27/2022 000-03778037  06/27/2022 000-03825413  06/27/2022 000-03887781  08/20/2022 000-03949329  08/20/2022 000-03963951  08/20/2022 000-03725322  06/27/2022 000-03731763  06/27/2022 000-03758644  06/27/2022 000-03838210  06/27/2022 000-03844180  06/27/2022 000-03855157  08/20/2022 000-03955009  08/20/2022 000-03724847  06/27/2022 000-03728769  06/27/2022 000-03734618  06/27/2022 000-03743737  06/27/2022 000-03780897  06/27/2022 000-03798628  06/27/2022 000-03799526  06/27/2022 000-03804513  06/27/2022 000-03821392  06/27/2022 000-03831613  06/27/2022 000-03844185  06/27/2022 000-03852798  08/20/2022 000-03853505  06/27/2022 000-03869405  08/20/2022 000-03883589  08/20/2022 000-03886065  08/20/2022 000-03886069  08/20/2022 000-03894137  08/20/2022 000-03904827  08/20/2022 000-03916226  08/20/2022 000-03916234  08/20/2022 000-03923086  08/20/2022 000-03925516  08/20/2022 000-03927364  08/20/2022 000-03933210  08/20/2022 000-03936009  08/20/2022 000-03943195  08/20/2022 000-03956312  08/20/2022 000-03959940  08/20/2022 000-03959942  08/20/2022 000-03885113  09/04/2022 000-03721209  06/27/2022 000-03852524  08/20/2022 000-03674211  06/18/2022 000-03747820  07/11/2022 000-03777263  08/07/2022 000-03772323  07/11/2022 000-03859690  08/20/2022 000-03699052  06/27/2022 000-03747810  07/11/2022 000-03739762  07/11/2022 000-03757499  07/11/2022 000-03779412  08/07/2022 000-03861593  08/20/2022 000-03869987  08/20/2022 000-03891395  09/04/2022 000-03747757  07/11/2022 000-03694111  06/18/2022 000-03739517  06/18/2022 000-03796236  06/27/2022 000-03933533  09/04/2022 000-03938991  09/04/2022 000-03829614  06/27/2022 000-04000747  09/04/2022 000-03805967  06/27/2022 000-03725523  06/18/2022 000-03725531  06/18/2022 000-03926593  09/04/2022 000-03997457  09/04/2022 000-04015686  09/04/2022 000-03762664  06/27/2022 000-03938989  09/04/2022 000-03963968  09/04/2022 000-04013753  09/04/2022 000-03777232  06/27/2022 000-03856718  06/27/2022 000-03969614  09/04/2022 000-03728797  06/18/2022 000-03733075  06/18/2022 000-03755151  06/18/2022 000-03762655  06/27/2022 000-03762665  06/27/2022 000-03769698  06/27/2022 000-03798160  06/27/2022 000-03834262  06/27/2022 000-03834264  06/27/2022 000-03857871  06/27/2022 000-03863891  06/27/2022 000-03863894  06/27/2022 000-03875900  06/27/2022 000-03894653  09/04/2022 000-03904815  09/04/2022 000-03908246  09/04/2022 000-03933546  09/04/2022 000-03944257  09/04/2022 000-04003235  09/04/2022 000-03692590  06/09/2022 000-03744310  06/09/2022 000-03779086  06/09/2022 000-03802872  06/09/2022 000-03867321  07/19/2022 000-03875899  07/19/2022 000-03904653  07/19/2022 000-03912517  07/19/2022 000-03700751  06/09/2022 000-03841404  07/19/2022 000-03744313  06/09/2022 000-03744314  06/09/2022 000-03763172  06/09/2022 000-03776283  06/09/2022 000-03777774  06/09/2022 000-03797084  06/09/2022 000-03832879  07/19/2022 000-03858575  07/19/2022 000-03877276  07/19/2022 000-03885022  07/19/2022 000-03893137  07/19/2022 000-03897655  07/19/2022 000-03899261  07/19/2022 000-03935433  07/19/2022 000-03763171  06/09/2022 000-03862731  07/19/2022 000-03912523  07/19/2022 000-03904643  07/19/2022 000-03822480  06/09/2022 000-03946721  07/19/2022 000-03725710  06/09/2022 000-03763170  06/09/2022 000-03763767  06/09/2022 000-03777778  06/09/2022 000-03781601  06/09/2022 000-03796313  06/09/2022 000-03841379  07/19/2022 000-03858151  07/19/2022 000-03881182  07/19/2022 000-03912530  07/19/2022 000-03917139  07/19/2022 000-03941718  07/19/2022 000-03725700  06/09/2022 000-03727650  06/09/2022 000-03757638  06/09/2022 000-03779083  06/09/2022 000-03779089  06/09/2022 000-03822477  06/09/2022 000-03917134  07/19/2022 000-03692576  06/09/2022 000-03783275  06/09/2022 000-03827015  07/19/2022 000-03775697  06/09/2022 000-03820820  06/09/2022 000-03684736  06/09/2022 000-03720130  06/09/2022 000-03723208  06/09/2022 000-03733072  06/09/2022 000-03748792  06/09/2022 000-03748794  06/09/2022 000-03763169  06/09/2022 000-03790216  06/09/2022 000-03816273  06/09/2022 000-03819138  06/09/2022 000-03820798  06/09/2022 000-03862290  07/19/2022 000-03862296  07/19/2022 000-03873934  07/19/2022 000-03879432  07/19/2022 000-03880338  07/19/2022 000-03897648  07/19/2022 000-03914926  07/19/2022 000-03943179  07/19/2022 000-03720134  06/09/2022 000-03725717  06/09/2022 000-03741937  06/09/2022 000-03785945  06/09/2022 000-03879434  07/19/2022 000-03880147  07/19/2022 000-03887774  07/19/2022 000-03889057  07/19/2022 000-03711897  06/27/2022 000-03751767  06/27/2022 000-03765819  06/27/2022 000-03772595  06/27/2022 000-03808326  06/27/2022 000-03844769  07/19/2022 000-03875908  07/19/2022 000-03887785  07/19/2022 000-03894147  07/19/2022 000-03897255  07/19/2022 000-03908275  07/19/2022 000-03915364  07/19/2022 000-03713519  06/27/2022 000-03725702  06/27/2022 000-03725709  06/27/2022 000-03728751  06/27/2022 000-03731698  06/27/2022 000-03743716  06/27/2022 000-03747393  06/27/2022 000-03747598  06/27/2022 000-03758354  06/27/2022 000-03758361  06/27/2022 000-03761587  06/27/2022 000-03766717  06/27/2022 000-03772600  06/27/2022 000-03776669  06/27/2022 000-03784769  06/27/2022 000-03785754  06/27/2022 000-03790393  06/27/2022 000-03800041  06/27/2022 000-03812728  06/27/2022 000-03816789  06/27/2022 000-03816802  07/19/2022 000-03817853  07/19/2022 000-03823243  06/27/2022 000-03825047  06/27/2022 000-03837802  07/19/2022 000-03841323  07/19/2022 000-03841399  07/19/2022 000-03854482  07/19/2022 000-03871941  07/19/2022 000-03876966  07/19/2022 000-03877960  07/19/2022 000-03879433  07/19/2022 000-03879860  07/19/2022 000-03881376  07/19/2022 000-03885520  07/19/2022 000-03891403  07/19/2022 000-03893405  07/19/2022 000-03894637  07/19/2022 000-03915365  07/19/2022 000-03917140  07/19/2022 000-03919138  07/19/2022 000-03920805  07/19/2022 000-03945401  07/19/2022 000-03758366  06/27/2022 000-03781963  06/27/2022 000-03815159  06/27/2022 000-03920813  07/19/2022 000-03801130  06/27/2022 000-03716566  06/27/2022 000-03891415  07/19/2022 000-03725718  06/27/2022 000-03731707  06/27/2022 000-03743711  06/27/2022 000-03747603  06/27/2022 000-03792319  06/27/2022 000-03855163  07/19/2022 000-03855175  07/19/2022 000-03871946  07/19/2022 000-03879869  07/19/2022 000-03894633  07/19/2022 000-03915360  07/19/2022 000-03924282  07/19/2022 000-03924286  07/19/2022 000-03927770  07/19/2022 000-03747608  06/27/2022 000-03766721  06/27/2022 000-03788859  06/27/2022 000-03799557  06/27/2022 000-03837804  07/19/2022 000-03841938  07/19/2022 000-03861575  07/19/2022 000-03901110  07/19/2022 000-03927309  07/19/2022 000-03797111  06/27/2022 000-03839859  07/19/2022 000-03862905  07/19/2022 000-03832882  06/27/2022 000-03837797  07/19/2022 000-03949331  07/19/2022 000-03949330  07/19/2022 000-03711894  06/27/2022 000-03713518  06/27/2022 000-03747600  06/27/2022 000-03751764  06/27/2022 000-03758358  06/27/2022 000-03784772  06/27/2022 000-03790401  06/27/2022 000-03800047  06/27/2022 000-03800876  06/27/2022 000-03818014  07/19/2022 000-03844776  07/19/2022 000-03862911  07/19/2022 000-03872895  07/19/2022 000-03875760  07/19/2022 000-03875764  07/19/2022 000-03875765  07/19/2022 000-03891405  07/19/2022 000-03896987  07/19/2022 000-03902782  07/19/2022 000-03905719  07/19/2022 000-03909406  07/19/2022 000-03911511  07/19/2022 000-03920814  07/19/2022 000-03927773  07/19/2022 000-03931890  07/19/2022 000-03720136  06/27/2022 000-03799549  06/27/2022 000-03743715  06/27/2022 000-03790399  06/27/2022 000-03795548  06/27/2022 000-03727648  06/27/2022 000-03751765  06/27/2022 000-03784781  06/27/2022 000-03802260  06/27/2022 000-03862904  07/19/2022 000-03871931  07/19/2022 000-03879428  07/19/2022 000-03706548  06/27/2022 000-03709063  06/27/2022 000-03711409  06/27/2022 000-03711899  06/27/2022 000-03713515  06/27/2022 000-03716564  06/27/2022 000-03718493  06/27/2022 000-03721440  06/27/2022 000-03721442  06/27/2022 000-03725705  06/27/2022 000-03731697  06/27/2022 000-03731700  06/27/2022 000-03732953  06/27/2022 000-03732959  06/27/2022 000-03733083  06/27/2022 000-03735356  06/27/2022 000-03740315  06/27/2022 000-03754867  06/27/2022 000-03754868  06/27/2022 000-03758355  06/27/2022 000-03758356  06/27/2022 000-03758364  06/27/2022 000-03758365  06/27/2022 000-03761585  06/27/2022 000-03761596  06/27/2022 000-03766720  06/27/2022 000-03766724  06/27/2022 000-03769675  06/27/2022 000-03771412  06/27/2022 000-03772598  06/27/2022 000-03772786  06/27/2022 000-03775702  06/27/2022 000-03776661  06/27/2022 000-03776663  06/27/2022 000-03779889  06/27/2022 000-03780840  06/27/2022 000-03781971  06/27/2022 000-03783154  06/27/2022 000-03783156  06/27/2022 000-03784785  06/27/2022 000-03784788  06/27/2022 000-03788863  06/27/2022 000-03792784  06/27/2022 000-03792789  06/27/2022 000-03793132  06/27/2022 000-03795541  06/27/2022 000-03795547  06/27/2022 000-03800049  06/27/2022 000-03801188  06/27/2022 000-03804339  06/27/2022 000-03808988  06/27/2022 000-03811460  06/27/2022 000-03811466  06/27/2022 000-03815160  06/27/2022 000-03816796  07/19/2022 000-03818021  07/19/2022 000-03821372  06/27/2022 000-03828457  06/27/2022 000-03829601  06/27/2022 000-03829908  06/27/2022 000-03829912  06/27/2022 000-03834089  06/27/2022 000-03834092  07/19/2022 000-03834096  07/19/2022 000-03837793  07/19/2022 000-03837794  07/19/2022 000-03837795  07/19/2022 000-03840263  07/19/2022 000-03841387  07/19/2022 000-03841407  07/19/2022 000-03844766  07/19/2022 000-03844774  07/19/2022 000-03845451  07/19/2022 000-03845454  07/19/2022 000-03854479  07/19/2022 000-03854483  07/19/2022 000-03855174  07/19/2022 000-03861518  07/19/2022 000-03861519  07/19/2022 000-03861563  07/19/2022 000-03861583  07/19/2022 000-03862909  07/19/2022 000-03863808  07/19/2022 000-03868826  07/19/2022 000-03869519  07/19/2022 000-03871854  07/19/2022 000-03871932  07/19/2022 000-03879864  07/19/2022 000-03881375  07/19/2022 000-03882989  07/19/2022 000-03885518  07/19/2022 000-03885522  07/19/2022 000-03885523  07/19/2022 000-03891416  07/19/2022 000-03894150  07/19/2022 000-03894629  07/19/2022 000-03896990  07/19/2022 000-03901111  07/19/2022 000-03902780  07/19/2022 000-03905724  07/19/2022 000-03909397  07/19/2022 000-03909400  07/19/2022 000-03909404  07/19/2022 000-03909409  07/19/2022 000-03912641  07/19/2022 000-03915358  07/19/2022 000-03915362  07/19/2022 000-03915363  07/19/2022 000-03920799  07/19/2022 000-03920801  07/19/2022 000-03920804  07/19/2022 000-03920810  07/19/2022 000-03924283  07/19/2022 000-03927295  07/19/2022 000-03927311  07/19/2022 000-03927377  07/19/2022 000-03927764  07/19/2022 000-03927906  07/19/2022 000-03931877  07/19/2022 000-03931878  07/19/2022 000-03931880  07/19/2022 000-03931885  07/19/2022 000-03936006  07/19/2022 000-03936017  07/19/2022 000-03944253  07/19/2022 000-03949325  07/19/2022 000-03949332  07/19/2022 000-03711898  06/27/2022 000-03754869  06/27/2022 000-03758362  06/27/2022 000-03761598  06/27/2022 000-03785759  06/27/2022 000-03795550  06/27/2022 000-03796323  06/27/2022 000-03809836  06/27/2022 000-03848824  07/19/2022 000-03861560  07/19/2022 000-03882960  07/19/2022 000-03891407  07/19/2022 000-03896981  07/19/2022 000-03896986  07/19/2022 000-03927293  07/19/2022 000-03927762  07/19/2022 000-03781954  06/27/2022 000-03781957  06/27/2022 000-03812729  06/27/2022 000-03834094  07/19/2022 000-03870460  07/19/2022 000-03872911  07/19/2022 000-03873665  07/19/2022 000-03876963  07/19/2022 000-03936018  07/19/2022 000-03739486  06/27/2022 000-03766714  06/27/2022 000-03818017  07/19/2022 000-03818020  07/19/2022 000-03834085  07/19/2022 000-03850135  07/19/2022 000-03899259  07/19/2022 000-03709060  06/27/2022 000-03718488  06/27/2022 000-03731695  06/27/2022 000-03751774  06/27/2022 000-03757534  06/27/2022 000-03758357  06/27/2022 000-03769663  06/27/2022 000-03771411  06/27/2022 000-03795551  06/27/2022 000-03800870  06/27/2022 000-03828449  06/27/2022 000-03837799  07/19/2022 000-03841397  07/19/2022 000-03850139  07/19/2022 000-03854485  07/19/2022 000-03855160  07/19/2022 000-03880339  07/19/2022 000-03891409  07/19/2022 000-03896988  07/19/2022 000-03904644  07/19/2022 000-03904654  07/19/2022 000-03931879  07/19/2022 000-03931884  07/19/2022 000-03725713  06/27/2022 000-03697383  06/09/2022 000-03715325  06/09/2022 000-03745241  06/09/2022 000-03775722  06/09/2022 000-03817065  06/09/2022 000-03838233  06/09/2022 000-03850143  08/20/2022 000-03881380  08/20/2022 000-03888048  08/20/2022 000-03930803  08/20/2022 000-03930804  08/20/2022 000-03936251  08/20/2022 000-03961021  08/20/2022 000-03962368  08/20/2022 000-03969628  08/20/2022 000-03982157  08/20/2022 000-03742281  06/09/2022 000-03905363  08/20/2022 000-03973032  08/20/2022 000-03697089  06/09/2022 000-03758813  06/09/2022 000-03769665  06/09/2022 000-03777236  06/09/2022 000-03800581  06/09/2022 000-03832877  06/09/2022 000-03855154  08/20/2022 000-03920798  08/20/2022 000-03952227  08/20/2022 000-03720132  06/09/2022 000-03855148  08/20/2022 000-03706577  06/09/2022 000-03790769  06/09/2022 000-03866304  08/20/2022 000-03870546  08/20/2022 000-03887773  08/20/2022 000-03947710  08/20/2022 000-03952218  08/20/2022 000-03720472  06/09/2022 000-03728786  06/09/2022 000-03885697  08/20/2022 000-03889070  08/20/2022 000-04018798  08/20/2022 000-03769672  06/09/2022 000-03845450  06/09/2022 000-03911198  08/20/2022 000-03945585  08/20/2022 000-03677766  06/09/2022 000-03732615  06/09/2022 000-03742369  06/09/2022 000-03758815  06/09/2022 000-03793986  06/09/2022 000-03866298  08/20/2022 000-03898746  08/20/2022 000-03970185  08/20/2022 000-03801756  06/09/2022 000-03952725  08/20/2022 000-03705170  06/09/2022 000-03778035  06/09/2022 000-03797112  06/09/2022 000-03831714  06/09/2022 000-03936260  08/20/2022 000-03952211  08/20/2022 000-03697372  06/09/2022 000-03706576  06/09/2022 000-03715318  06/09/2022 000-03720139  06/09/2022 000-03732623  06/09/2022 000-03733078  06/09/2022 000-03739487  06/09/2022 000-03744346  06/09/2022 000-03788855  06/09/2022 000-03791485  06/09/2022 000-03794002  06/09/2022 000-03794246  06/09/2022 000-03795749  06/09/2022 000-03817084  06/09/2022 000-03832362  06/09/2022 000-03836224  06/09/2022 000-03845442  06/09/2022 000-03848670  08/20/2022 000-03850133  08/20/2022 000-03855153  08/20/2022 000-03877459  08/20/2022 000-03879861  08/20/2022 000-03894141  08/20/2022 000-03902781  08/20/2022 000-03909658  08/20/2022 000-03917122  08/20/2022 000-03923687  08/20/2022 000-03926592  08/20/2022 000-03926594  08/20/2022 000-03938222  08/20/2022 000-03940017  08/20/2022 000-03947712  08/20/2022 000-03952213  08/20/2022 000-03956307  08/20/2022 000-03956308  08/20/2022 000-03956321  08/20/2022 000-03963958  08/20/2022 000-03978019  08/20/2022 000-03982949  08/20/2022 000-03991361  08/20/2022 000-03996531  08/20/2022 000-03997403  08/20/2022 000-04001465  08/20/2022 000-04004226  08/20/2022 000-03849059  08/20/2022 000-03686211  06/09/2022 000-03720475  06/09/2022 000-03728780  06/09/2022 000-03747593  06/09/2022 000-03820924  06/09/2022 000-03826320  06/09/2022 000-03845443  06/09/2022 000-03891457  08/20/2022 000-03930801  08/20/2022 000-03983940  08/20/2022 000-03983955  08/20/2022 000-03705178  06/09/2022 000-03735360  06/09/2022 000-03728783  06/09/2022 000-03878012  08/20/2022 000-04001462  08/20/2022 000-03705172  06/09/2022 000-03706575  06/09/2022 000-03713269  06/09/2022 000-03725527  06/09/2022 000-03735357  06/09/2022 000-03742368  06/09/2022 000-03744349  06/09/2022 000-03747601  06/09/2022 000-03752247  06/09/2022 000-03754866  06/09/2022 000-03754872  06/09/2022 000-03758814  06/09/2022 000-03769657  06/09/2022 000-03791501  06/09/2022 000-03794917  06/09/2022 000-03800587  06/09/2022 000-03810197  06/09/2022 000-03838227  06/09/2022 000-03838232  06/09/2022 000-03863811  08/20/2022 000-03866297  08/20/2022 000-03869394  08/20/2022 000-03869407  08/20/2022 000-03879867  08/20/2022 000-03889071  08/20/2022 000-03894136  08/20/2022 000-03894151  08/20/2022 000-03898733  08/20/2022 000-03898740  08/20/2022 000-03902784  08/20/2022 000-03904822  08/20/2022 000-03911200  08/20/2022 000-03920800  08/20/2022 000-03923690  08/20/2022 000-03926585  08/20/2022 000-03930812  08/20/2022 000-03940030  08/20/2022 000-03946732  08/20/2022 000-03952219  08/20/2022 000-03963449  08/20/2022 000-03963956  08/20/2022 000-03974980  08/20/2022 000-03977398  08/20/2022 000-03991362  08/20/2022 000-03930798  08/20/2022 000-03794922  06/09/2022 000-03909653  08/20/2022 000-03972327  08/20/2022 000-04001459  08/20/2022 000-03907298  09/27/2022 000-03676128  06/18/2022 000-03705168  06/18/2022 000-03718028  06/27/2022 000-03809834  06/27/2022 000-03855689  08/07/2022 000-03875907  08/07/2022 000-03779890  06/27/2022 000-03779949  06/27/2022 000-03795559  06/27/2022 000-03819158  08/07/2022 000-03831717  08/07/2022 000-03997456  09/27/2022 000-03705167  06/18/2022 000-03797104  06/27/2022 000-03842397  08/07/2022 000-03879544  08/07/2022 000-03885707  08/07/2022 000-03936261  09/27/2022 000-03961160  09/27/2022 000-03973028  09/27/2022 000-03981104  09/27/2022 000-03737984  06/27/2022 000-03769694  06/27/2022 000-03886898  08/07/2022 000-03913413  08/07/2022 000-03932785  09/27/2022 000-03820375  08/07/2022 000-03709864  06/18/2022 000-03927035  09/27/2022 000-04015349  09/27/2022 000-03686219  06/18/2022 000-03863890  08/07/2022 000-03938644  09/27/2022 000-03948205  09/27/2022 000-03990333  09/27/2022 000-03675054  06/18/2022 000-03932789  08/07/2022 000-03943212  09/27/2022 000-03681217  06/18/2022 000-03720146  06/27/2022 000-03789482  06/27/2022 000-03932787  09/27/2022 000-03990336  09/27/2022 000-03826318  08/07/2022 000-04009567  09/27/2022 000-03759867  06/27/2022 000-03794460  06/27/2022 000-03848814  08/07/2022 000-03891742  08/07/2022 000-03891752  08/07/2022 000-03938648  09/27/2022 000-03945611  09/27/2022 000-03656625  06/09/2022 000-03693913  06/09/2022 000-03799587  06/27/2022 000-03806360  06/27/2022 000-03829618  06/27/2022 000-03842410  06/27/2022 000-04024788  09/04/2022 000-03649388  06/09/2022 000-03714454  06/09/2022 000-03725526  06/09/2022 000-03758809  06/27/2022 000-03780891  06/27/2022 000-03795756  06/27/2022 000-03837801  06/27/2022 000-03908239  09/04/2022 000-03940047  09/04/2022 000-03946737  09/04/2022 000-04007672  09/04/2022 000-04013773  09/04/2022 000-03656632  06/09/2022 000-03705174  06/09/2022 000-03739514  06/09/2022 000-03792431  06/27/2022 000-03797999  06/27/2022 000-03803601  06/27/2022 000-03842409  06/27/2022 000-03857675  06/27/2022 000-03891744  09/04/2022 000-03926583  09/04/2022 000-04065810  09/04/2022 000-03645390  06/09/2022 000-03675078  06/09/2022 000-03682649  06/09/2022 000-03697375  06/09/2022 000-03705165  06/09/2022 000-03714449  06/09/2022 000-03720148  06/09/2022 000-03728813  06/09/2022 000-03748654  06/09/2022 000-03748797  06/27/2022 000-03773057  06/09/2022 000-03779888  06/27/2022 000-03819157  06/27/2022 000-03841745  06/27/2022 000-03860175  06/27/2022 000-03881658  06/27/2022 000-03990338  09/04/2022 000-03990341  09/04/2022 000-04009570  09/04/2022 000-04021750  09/04/2022 000-04023316  09/04/2022 000-04046610  09/04/2022 000-03728793  06/09/2022 000-03875712  06/27/2022 000-04057014  09/04/2022 000-03725533  06/09/2022 000-03645385  06/09/2022 000-03645395  06/09/2022 000-03671317  06/09/2022 000-03671327  06/09/2022 000-03675075  06/09/2022 000-03678080  06/09/2022 000-03682635  06/09/2022 000-03697382  06/09/2022 000-03705177  06/09/2022 000-03748796  06/27/2022 000-03758817  06/27/2022 000-03769693  06/09/2022 000-03780893  06/09/2022 000-03799581  06/27/2022 000-03801252  06/27/2022 000-03802873  06/27/2022 000-03806735  06/27/2022 000-03806749  06/27/2022 000-03811688  06/27/2022 000-03811693  06/27/2022 000-03821674  06/27/2022 000-03832878  06/27/2022 000-03836921  06/27/2022 000-03837792  06/27/2022 000-03848812  06/27/2022 000-03875719  06/27/2022 000-03877208  09/04/2022 000-03885698  09/04/2022 000-03913414  09/04/2022 000-03932783  09/04/2022 000-03940032  09/04/2022 000-03965354  09/04/2022 ","000-03978398  09/04/2022 000-03985653  09/04/2022 000-03990334  09/04/2022 000-04001478  09/04/2022 000-04002819  09/04/2022 000-04009045  09/04/2022 000-04039146  09/04/2022 000-04058962  09/04/2022 000-03681750  06/09/2022 000-03686212  06/09/2022 000-03740627  06/09/2022 000-03776675  06/09/2022 000-03798594  06/27/2022 000-03842402  06/27/2022 000-03904816  09/04/2022 000-03913406  09/04/2022 000-03979273  09/04/2022 000-04002813  09/04/2022 000-04058960  09/04/2022 000-04073272  09/04/2022 000-04073279  09/04/2022 000-03661050  06/18/2022 000-03698808  06/27/2022 000-03719327  06/27/2022 000-03730979  06/27/2022 000-03771517  07/11/2022 000-03717212  06/27/2022 000-03760075  07/11/2022 000-03856957  08/20/2022 000-03905954  09/27/2022 000-03706887  06/27/2022 000-03859684  08/20/2022 000-03717213  06/27/2022 000-03736784  07/11/2022 000-03858090  08/20/2022 000-03720899  06/27/2022 000-03789384  08/07/2022 000-03859728  08/20/2022 000-03795200  08/07/2022 000-03846711  08/20/2022 000-03906543  09/04/2022 000-03865270  08/20/2022 000-03893280  09/04/2022 000-03655732  06/18/2022 000-03810561  08/07/2022 000-03677249  06/27/2022 000-03767540  07/11/2022 000-03814176  08/07/2022 000-03837043  08/07/2022 000-03883863  09/04/2022 000-03739746  07/11/2022 000-03798415  08/07/2022 000-03818880  08/07/2022 000-03674077  06/27/2022 000-03849262  08/20/2022 000-03711649  06/27/2022 000-03736003  06/27/2022 000-03814177  08/07/2022 000-03799513  08/07/2022 000-03737647  07/11/2022 000-03783793  08/07/2022 000-03799511  08/07/2022 000-03850404  08/20/2022 000-03819411  08/07/2022 000-03824385  08/07/2022 000-03828784  08/07/2022 000-03677871  06/27/2022 000-03820676  08/07/2022 000-03644298  06/18/2022 000-03648960  06/18/2022 000-03677780  06/27/2022 000-03677861  06/27/2022 000-03828072  08/07/2022 000-03752244  06/18/2022 000-03794192  07/19/2022 000-03860174  07/19/2022 000-03875896  07/19/2022 000-03904842  09/04/2022 000-03908250  09/04/2022 000-03993656  09/04/2022 000-03752243  06/18/2022 000-03773568  06/18/2022 000-03913404  09/04/2022 000-03932086  09/04/2022 000-03821385  07/19/2022 000-03826323  07/19/2022 000-03755161  06/18/2022 000-03800643  07/19/2022 000-03881163  07/19/2022 000-03899446  09/04/2022 000-03944255  09/04/2022 000-04027648  09/04/2022 000-03678076  06/18/2022 000-03714453  06/18/2022 000-03755162  06/18/2022 000-03769706  06/18/2022 000-03815289  07/19/2022 000-03843901  07/19/2022 000-03860187  07/19/2022 000-03894656  09/04/2022 000-03904837  09/04/2022 000-03908242  09/04/2022 000-03924276  09/04/2022 000-03924277  09/04/2022 000-03993649  09/04/2022 000-03684777  06/18/2022 000-03815282  07/19/2022 000-03993650  09/04/2022 000-03709455  06/18/2022 000-03714452  06/18/2022 000-03714458  06/18/2022 000-03748474  06/18/2022 000-03758652  06/18/2022 000-03758655  06/18/2022 000-03773896  06/18/2022 000-03806359  07/19/2022 000-03860177  07/19/2022 000-03869520  07/19/2022 000-03917119  09/04/2022 000-03940046  09/04/2022 000-03942593  09/04/2022 000-03962384  09/04/2022 000-03997453  09/04/2022 000-04009569  09/04/2022 000-04014900  09/04/2022 000-04031529  09/04/2022 000-03877963  07/19/2022 000-03833033  08/07/2022 000-03677708  06/27/2022 000-03808034  08/07/2022 000-03759607  07/11/2022 000-03665778  06/11/2022 000-03826816  08/07/2022 000-03807257  08/07/2022 000-03697044  06/18/2022 000-03722245  06/27/2022 000-03810117  08/07/2022 000-03905959  09/04/2022 000-03714417  06/27/2022 000-03670158  06/09/2022 000-03670557  06/09/2022 000-03670561  06/09/2022 000-03674447  06/09/2022 000-03683630  06/09/2022 000-03683631  06/09/2022 000-03684798  06/09/2022 000-03691923  06/09/2022 000-03691933  06/09/2022 000-03693911  06/09/2022 000-03698010  06/09/2022 000-03700763  06/09/2022 000-03709057  06/09/2022 000-03713507  06/09/2022 000-03716558  06/09/2022 000-03717770  06/09/2022 000-03718277  06/09/2022 000-03719901  06/09/2022 000-03725332  06/09/2022 000-03727662  06/09/2022 000-03732291  06/09/2022 000-03736207  06/09/2022 000-03736852  06/09/2022 000-03742995  06/09/2022 000-03754017  06/09/2022 000-03766014  06/09/2022 000-03772551  07/11/2022 000-03783153  07/11/2022 000-03784792  07/11/2022 000-03788583  07/11/2022 000-03791546  07/11/2022 000-03791553  07/11/2022 000-03797101  07/11/2022 000-03798803  07/11/2022 000-03804536  07/11/2022 000-03807845  07/11/2022 000-03814904  07/11/2022 000-03822479  07/11/2022 000-03822485  07/11/2022 000-03847182  07/11/2022 000-03854481  07/11/2022 000-03854818  07/11/2022 000-03866302  07/11/2022 000-03871219  07/11/2022 000-03871848  07/11/2022 000-03871936  07/11/2022 000-03875904  07/11/2022 000-03889051  07/11/2022 000-03891413  07/11/2022 000-03892845  07/11/2022 000-03900257  09/04/2022 000-03909626  09/04/2022 000-03909629  09/04/2022 000-03912280  09/04/2022 000-03912292  09/04/2022 000-03914668  09/04/2022 000-03916233  09/04/2022 000-03920808  09/04/2022 000-03927881  09/04/2022 000-03931765  09/04/2022 000-03933377  09/04/2022 000-03946707  09/04/2022 000-03947006  09/04/2022 000-03953379  09/04/2022 000-03957368  09/04/2022 000-03965362  09/04/2022 000-03976929  09/04/2022 000-03977738  09/04/2022 000-03978013  09/04/2022 000-03988478  09/04/2022 000-03993702  09/04/2022 000-04009577  09/04/2022 000-03709061  06/09/2022 000-03823061  07/11/2022 000-03841401  07/11/2022 000-03862527  07/11/2022 000-03876780  07/11/2022 000-03880915  07/11/2022 000-03886071  07/11/2022 000-03900251  09/04/2022 000-03937625  09/04/2022 000-03944262  09/04/2022 000-03978015  09/04/2022 000-04011865  09/04/2022 000-04016558  09/04/2022 000-03664625  06/09/2022 000-03674449  06/09/2022 000-03680743  06/09/2022 000-03683609  06/09/2022 000-03694423  06/09/2022 000-03698004  06/09/2022 000-03700769  06/09/2022 000-03719582  06/09/2022 000-03719898  06/09/2022 000-03721439  06/09/2022 000-03725326  06/09/2022 000-03725715  06/09/2022 000-03725987  06/09/2022 000-03727639  06/09/2022 000-03727643  06/09/2022 000-03727659  06/09/2022 000-03727663  06/09/2022 000-03732290  06/09/2022 000-03736212  06/09/2022 000-03736214  06/09/2022 000-03739499  06/09/2022 000-03742183  06/09/2022 000-03742375  06/09/2022 000-03747424  06/09/2022 000-03747427  06/09/2022 000-03750668  06/09/2022 000-03754024  06/09/2022 000-03758634  06/09/2022 000-03758636  06/09/2022 000-03758638  06/09/2022 000-03758642  06/09/2022 000-03761589  06/09/2022 000-03761593  06/09/2022 000-03766009  06/09/2022 000-03766223  06/09/2022 000-03768079  06/09/2022 000-03775696  07/11/2022 000-03777779  06/09/2022 000-03786546  07/11/2022 000-03786552  07/11/2022 000-03792320  07/11/2022 000-03798928  07/11/2022 000-03804342  07/11/2022 000-03808638  07/11/2022 000-03813904  07/11/2022 000-03818645  07/11/2022 000-03821675  07/11/2022 000-03826035  07/11/2022 000-03827932  07/11/2022 000-03828453  07/11/2022 000-03831617  07/11/2022 000-03834100  07/11/2022 000-03834110  07/11/2022 000-03838139  07/11/2022 000-03838150  07/11/2022 000-03847181  07/11/2022 000-03851766  07/11/2022 000-03854491  07/11/2022 000-03855524  07/11/2022 000-03866161  07/11/2022 000-03877957  07/11/2022 000-03879836  07/11/2022 000-03887786  07/11/2022 000-03889073  07/11/2022 000-03891408  07/11/2022 000-03897007  09/04/2022 000-03900256  09/04/2022 000-03902981  09/04/2022 000-03904650  09/04/2022 000-03909631  09/04/2022 000-03912278  09/04/2022 000-03914663  09/04/2022 000-03916242  09/04/2022 000-03917126  09/04/2022 000-03927874  09/04/2022 000-03927879  09/04/2022 000-03931761  09/04/2022 000-03937623  09/04/2022 000-03938109  09/04/2022 000-03940023  09/04/2022 000-03943354  09/04/2022 000-03946713  09/04/2022 000-03955008  09/04/2022 000-03962372  09/04/2022 000-03963109  09/04/2022 000-03963117  09/04/2022 000-03969615  09/04/2022 000-03973033  09/04/2022 000-03973546  09/04/2022 000-03988492  09/04/2022 000-03991348  09/04/2022 000-04000684  09/04/2022 000-04010082  09/04/2022 000-04012439  09/04/2022 000-03700768  06/09/2022 000-03816478  07/11/2022 000-03678599  06/09/2022 000-03680739  06/09/2022 000-03720142  06/09/2022 000-03720143  06/09/2022 000-03727664  06/09/2022 000-03728803  06/09/2022 000-03761591  06/09/2022 000-03766020  06/09/2022 000-03769400  06/09/2022 000-03775796  07/11/2022 000-03778036  07/11/2022 000-03779891  07/11/2022 000-03798177  07/11/2022 000-03815254  07/11/2022 000-03815255  07/11/2022 000-03830272  07/11/2022 000-03834107  07/11/2022 000-03844775  07/11/2022 000-03862524  07/11/2022 000-03871938  07/11/2022 000-03871939  07/11/2022 000-03892888  09/04/2022 000-03902971  09/04/2022 000-03943201  09/04/2022 000-03970097  09/04/2022 000-03972570  09/04/2022 000-03975430  09/04/2022 000-03975437  09/04/2022 000-04004663  09/04/2022 000-04013890  09/04/2022 000-03709953  06/09/2022 000-03719894  06/09/2022 000-03719896  06/09/2022 000-03727645  06/09/2022 000-03736211  06/09/2022 000-03743720  06/09/2022 000-03750671  06/09/2022 000-03750674  06/09/2022 000-03754027  06/09/2022 000-03769412  06/09/2022 000-03775705  07/11/2022 000-03782831  07/11/2022 000-03795562  07/11/2022 000-03807342  07/11/2022 000-03812941  07/11/2022 000-03814907  07/11/2022 000-03838144  07/11/2022 000-03854484  07/11/2022 000-03886582  07/11/2022 000-03891406  09/04/2022 000-03891414  07/11/2022 000-03900253  09/04/2022 000-03905725  09/04/2022 000-03934386  09/04/2022 000-03938107  09/04/2022 000-03946715  09/04/2022 000-03953139  09/04/2022 000-03957365  09/04/2022 000-03991370  09/04/2022 000-03993696  09/04/2022 000-04000679  09/04/2022 000-04012432  09/04/2022 000-04016563  09/04/2022 000-03728752  06/09/2022 000-03728753  06/09/2022 000-03743708  06/09/2022 000-03747405  06/09/2022 000-03803586  07/11/2022 000-03884533  07/11/2022 000-03892856  07/11/2022 000-03892858  07/11/2022 000-03892890  07/11/2022 000-03902980  09/04/2022 000-03912289  09/04/2022 000-03917125  09/04/2022 000-03976927  09/04/2022 000-03993704  09/04/2022 000-04002626  09/04/2022 000-04015220  09/04/2022 000-03684802  06/09/2022 000-03698007  06/09/2022 000-03709053  06/09/2022 000-03727644  06/09/2022 000-03766224  06/09/2022 000-03841385  07/11/2022 000-03854825  07/11/2022 000-03931764  09/04/2022 000-04001471  09/04/2022 000-03670553  06/09/2022 000-03697988  06/09/2022 000-03725703  06/09/2022 000-03727657  06/09/2022 000-03734005  06/09/2022 000-03747406  06/09/2022 000-03762781  06/09/2022 000-03771413  06/09/2022 000-03771416  06/09/2022 000-03780836  07/11/2022 000-03784782  07/11/2022 000-03812938  07/11/2022 000-03818654  07/11/2022 000-03834108  07/11/2022 000-03838140  07/11/2022 000-03862526  07/11/2022 000-03892846  07/11/2022 000-03892848  07/11/2022 000-03892889  07/11/2022 000-03912279  09/04/2022 000-03927883  09/04/2022 000-03936011  09/04/2022 000-03943193  09/04/2022 000-03947665  09/04/2022 000-03963111  09/04/2022 000-03991363  09/04/2022 000-04009020  09/04/2022 000-03754023  06/09/2022 000-03771403  07/11/2022 000-03805896  07/11/2022 000-03860165  07/11/2022 000-03664619  06/09/2022 000-03805187  07/11/2022 000-03855522  07/11/2022 000-03868827  07/11/2022 000-03991347  09/04/2022 000-03818655  07/11/2022 000-03667000  06/09/2022 000-03670548  06/09/2022 000-03674440  06/09/2022 000-03674450  06/09/2022 000-03674451  06/09/2022 000-03676849  06/09/2022 000-03677772  06/09/2022 000-03679291  06/09/2022 000-03680746  06/09/2022 000-03684752  06/09/2022 000-03684753  06/09/2022 000-03684793  06/09/2022 000-03697995  06/09/2022 000-03698005  06/09/2022 000-03699310  06/09/2022 000-03706550  06/09/2022 000-03706552  06/09/2022 000-03709052  06/09/2022 000-03710662  06/09/2022 000-03716555  06/09/2022 000-03719899  06/09/2022 000-03722682  06/09/2022 000-03725716  06/09/2022 000-03727656  06/09/2022 000-03728755  06/09/2022 000-03733996  06/09/2022 000-03734000  06/09/2022 000-03734002  06/09/2022 000-03734004  06/09/2022 000-03735362  06/09/2022 000-03736853  06/09/2022 000-03744350  06/09/2022 000-03747404  06/09/2022 000-03758639  06/09/2022 000-03758641  06/09/2022 000-03761597  06/09/2022 000-03762775  06/09/2022 000-03762779  06/09/2022 000-03769401  06/09/2022 000-03771409  07/11/2022 000-03775707  07/11/2022 000-03777782  06/09/2022 000-03780832  07/11/2022 000-03794925  07/11/2022 000-03807766  07/11/2022 000-03808415  07/11/2022 000-03809489  07/11/2022 000-03809842  07/11/2022 000-03814884  07/11/2022 000-03814885  07/11/2022 000-03814889  07/11/2022 000-03814912  07/11/2022 000-03815268  07/11/2022 000-03816486  07/11/2022 000-03823059  07/11/2022 000-03826396  07/11/2022 000-03826534  07/11/2022 000-03831305  07/11/2022 000-03831307  07/11/2022 000-03834112  07/11/2022 000-03838146  07/11/2022 000-03841384  07/11/2022 000-03850138  07/11/2022 000-03854831  07/11/2022 000-03854833  07/11/2022 000-03855532  07/11/2022 000-03860161  07/11/2022 000-03871216  07/11/2022 000-03882814  07/11/2022 000-03886067  07/11/2022 000-03886581  07/11/2022 000-03889056  07/11/2022 000-03889072  07/11/2022 000-03891401  07/11/2022 000-03891402  07/11/2022 000-03892836  07/11/2022 000-03892855  07/11/2022 000-03892885  07/11/2022 000-03894661  07/11/2022 000-03894665  07/11/2022 000-03896998  07/11/2022 000-03902975  09/04/2022 000-03902978  09/04/2022 000-03917128  09/04/2022 000-03920807  09/04/2022 000-03923092  09/04/2022 000-03931767  09/04/2022 000-03931768  09/04/2022 000-03931769  09/04/2022 000-03933373  09/04/2022 000-03936016  09/04/2022 000-03943197  09/04/2022 000-03943199  09/04/2022 000-03947007  09/04/2022 000-03947010  09/04/2022 000-03952419  09/04/2022 000-03962367  09/04/2022 000-03963962  09/04/2022 000-03965378  09/04/2022 000-03973545  09/04/2022 000-03976614  09/04/2022 000-03976918  09/04/2022 000-03977882  09/04/2022 000-03979895  09/04/2022 000-03984219  09/04/2022 000-03984457  09/04/2022 000-03985703  09/04/2022 000-03988479  09/04/2022 000-03988491  09/04/2022 000-03991349  09/04/2022 000-04000673  09/04/2022 000-04001468  09/04/2022 000-04003269  09/04/2022 000-04006202  09/04/2022 000-04009036  09/04/2022 000-04009043  09/04/2022 000-04009575  09/04/2022 000-04009576  09/04/2022 000-04010898  09/04/2022 000-04012420  09/04/2022 000-04015307  09/04/2022 000-03678594  06/09/2022 000-03823065  07/11/2022 000-03940020  09/04/2022 000-03963964  09/04/2022 000-03683629  06/09/2022 000-03683632  06/09/2022 000-03781590  07/11/2022 000-03863809  07/11/2022 000-03938105  09/04/2022 000-03938111  09/04/2022 000-03693909  06/09/2022 000-03725712  06/09/2022 000-03728762  06/09/2022 000-03741941  06/09/2022 000-03747425  06/09/2022 000-03788575  07/11/2022 000-03792323  07/11/2022 000-03838148  07/11/2022 000-03879424  07/11/2022 000-03913425  09/04/2022 000-03923094  09/04/2022 000-03934391  09/04/2022 000-03938101  09/04/2022 000-03953142  09/04/2022 000-03967509  09/04/2022 000-03991367  09/04/2022 000-03841834  07/11/2022 000-03967020  09/04/2022 000-03972571  09/04/2022 000-03694422  06/09/2022 000-03716570  06/09/2022 000-03777201  07/11/2022 000-03823920  07/11/2022 000-03844764  07/11/2022 000-03855528  07/11/2022 000-03920803  09/04/2022 000-03934390  09/04/2022 000-03963115  09/04/2022 000-03981097  09/04/2022 000-03676845  06/09/2022 000-03690305  06/09/2022 000-03713516  06/09/2022 000-03754800  06/09/2022 000-03758637  06/09/2022 000-03778040  07/11/2022 000-03788585  07/11/2022 000-03788864  07/11/2022 000-03795753  07/11/2022 000-03807760  07/11/2022 000-03819756  07/11/2022 000-03826029  07/11/2022 000-03843759  07/11/2022 000-03845659  07/11/2022 000-03860169  07/11/2022 000-03870453  07/11/2022 000-03891400  07/11/2022 000-03894658  07/11/2022 000-03894664  07/11/2022 000-03931290  09/04/2022 000-03945589  09/04/2022 000-03947009  09/04/2022 000-03953375  09/04/2022 000-03976928  09/04/2022 000-03984456  09/04/2022 000-04000682  09/04/2022 000-04002621  09/04/2022 000-04012410  09/04/2022 000-04022365  09/04/2022 000-03685138  06/09/2022 000-03691924  06/09/2022 000-03732287  06/09/2022 000-03744344  06/09/2022 000-03751770  06/09/2022 000-03761586  06/09/2022 000-03766015  06/09/2022 000-03796315  07/11/2022 000-03807435  07/11/2022 000-03823060  07/11/2022 000-03831308  07/11/2022 000-03874470  07/11/2022 000-03896997  09/04/2022 000-03900262  09/04/2022 000-03936012  09/04/2022 000-03940029  09/04/2022 000-03988499  09/04/2022 000-04006203  09/04/2022 000-03674448  06/09/2022 000-03680741  06/09/2022 000-03680748  06/09/2022 000-03732280  06/09/2022 000-03740321  06/09/2022 000-03743717  06/09/2022 000-03776671  07/11/2022 000-03812937  07/11/2022 000-03866296  07/11/2022 000-03920785  09/04/2022 000-03923088  09/04/2022 000-03923698  09/04/2022 000-03931762  09/04/2022 000-04000677  09/04/2022 000-03666990  06/09/2022 000-03666992  06/09/2022 000-03666995  06/09/2022 000-03666999  06/09/2022 000-03670554  06/09/2022 000-03676866  06/09/2022 000-03677771  06/09/2022 000-03679292  06/09/2022 000-03683633  06/09/2022 000-03684749  06/09/2022 000-03684750  06/09/2022 000-03684754  06/09/2022 000-03684796  06/09/2022 000-03690308  06/09/2022 000-03690310  06/09/2022 000-03691926  06/09/2022 000-03691935  06/09/2022 000-03693912  06/09/2022 000-03700770  06/09/2022 000-03706551  06/09/2022 000-03709056  06/09/2022 000-03709957  06/09/2022 000-03713506  06/09/2022 000-03716574  06/09/2022 000-03718061  06/09/2022 000-03718276  06/09/2022 000-03719897  06/09/2022 000-03727640  06/09/2022 000-03727660  06/09/2022 000-03734620  06/09/2022 000-03736208  06/09/2022 000-03739489  06/09/2022 000-03739495  06/09/2022 000-03740316  06/09/2022 000-03743709  06/09/2022 000-03743710  06/09/2022 000-03743713  06/09/2022 000-03743714  06/09/2022 000-03744351  06/09/2022 000-03747392  06/09/2022 000-03747403  06/09/2022 000-03747407  06/09/2022 000-03750673  06/09/2022 000-03750684  06/09/2022 000-03754018  06/09/2022 000-03754810  06/09/2022 000-03754811  06/09/2022 000-03758640  06/09/2022 000-03758645  06/09/2022 000-03761594  06/09/2022 000-03766010  06/09/2022 000-03766016  06/09/2022 000-03766235  06/09/2022 000-03769403  06/09/2022 000-03769406  06/09/2022 000-03771417  06/09/2022 000-03772543  07/11/2022 000-03772550  07/11/2022 000-03776666  07/11/2022 000-03788579  07/11/2022 000-03791556  07/11/2022 000-03792325  07/11/2022 000-03794919  07/11/2022 000-03795751  07/11/2022 000-03800906  07/11/2022 000-03804952  07/11/2022 000-03805964  07/11/2022 000-03806071  07/11/2022 000-03806734  07/11/2022 000-03807343  07/11/2022 000-03810518  07/11/2022 000-03814914  07/11/2022 000-03815274  07/11/2022 000-03816804  07/11/2022 000-03818649  07/11/2022 000-03819758  07/11/2022 000-03821364  07/11/2022 000-03821373  07/11/2022 000-03826031  07/11/2022 000-03826533  07/11/2022 000-03826538  07/11/2022 000-03828455  07/11/2022 000-03831306  07/11/2022 000-03831620  07/11/2022 000-03832875  07/11/2022 000-03834105  07/11/2022 000-03843612  07/11/2022 000-03844770  07/11/2022 000-03844779  07/11/2022 000-03844782  07/11/2022 000-03847173  07/11/2022 000-03854488  07/11/2022 000-03854819  07/11/2022 000-03854820  07/11/2022 000-03854821  07/11/2022 000-03854823  07/11/2022 000-03860164  07/11/2022 000-03862528  07/11/2022 000-03862532  07/11/2022 000-03866295  07/11/2022 000-03868829  07/11/2022 000-03871933  07/11/2022 000-03871940  07/11/2022 000-03873933  07/11/2022 000-03874465  07/11/2022 000-03877218  07/11/2022 000-03879423  07/11/2022 000-03879828  07/11/2022 000-03881386  07/11/2022 000-03882072  07/11/2022 000-03882076  07/11/2022 000-03882801  07/11/2022 000-03886584  07/11/2022 000-03887780  07/11/2022 000-03891404  07/11/2022 000-03892841  07/11/2022 000-03894654  07/11/2022 000-03897000  07/11/2022 000-03897008  09/04/2022 000-03900250  09/04/2022 000-03902645  09/04/2022 000-03902974  09/04/2022 000-03905721  09/04/2022 000-03908240  09/04/2022 000-03912281  09/04/2022 000-03912297  09/04/2022 000-03914664  09/04/2022 000-03916232  09/04/2022 000-03917124  09/04/2022 000-03920802  09/04/2022 000-03921888  09/04/2022 000-03923694  09/04/2022 000-03927362  09/04/2022 000-03927878  09/04/2022 000-03931763  09/04/2022 000-03936516  09/04/2022 000-03938100  09/04/2022 000-03938102  09/04/2022 000-03940018  09/04/2022 000-03940031  09/04/2022 000-03945583  09/04/2022 000-03946710  09/04/2022 000-03953140  09/04/2022 000-03953141  09/04/2022 000-03953146  09/04/2022 000-03953148  09/04/2022 000-03953377  09/04/2022 000-03953380  09/04/2022 000-03953383  09/04/2022 000-03955002  09/04/2022 000-03957361  09/04/2022 000-03959970  09/04/2022 000-03961024  09/04/2022 000-03961031  09/04/2022 000-03965376  09/04/2022 000-03966199  09/04/2022 000-03967521  09/04/2022 000-03970116  09/04/2022 000-03970846  09/04/2022 000-03972567  09/04/2022 000-03973547  09/04/2022 000-03976923  09/04/2022 000-03976925  09/04/2022 000-03978687  09/04/2022 000-03979045  09/04/2022 000-03980058  09/04/2022 000-03981096  09/04/2022 000-03983272  09/04/2022 000-03984047  09/04/2022 000-03984458  09/04/2022 000-03984459  09/04/2022 000-03985702  09/04/2022 000-03988484  09/04/2022 000-03988493  09/04/2022 000-03988498  09/04/2022 000-03991358  09/04/2022 000-03991359  09/04/2022 000-03991365  09/04/2022 000-03993701  09/04/2022 000-03997391  09/04/2022 000-03997392  09/04/2022 000-04002628  09/04/2022 000-04002630  09/04/2022 000-04004656  09/04/2022 000-04006208  09/04/2022 000-04009041  09/04/2022 000-04014459  09/04/2022 000-04016556  09/04/2022 000-03688404  06/09/2022 000-03709950  06/09/2022 000-03713509  06/09/2022 000-03739494  06/09/2022 000-03769402  06/09/2022 000-03778038  07/11/2022 000-03784315  07/11/2022 000-03800529  07/11/2022 000-03808032  07/11/2022 000-03826529  07/11/2022 000-03829611  07/11/2022 000-03830269  07/11/2022 000-03868834  07/11/2022 000-03902979  09/04/2022 000-03912282  09/04/2022 000-03947674  09/04/2022 000-04000676  09/04/2022 000-04009019  09/04/2022 000-03670552  06/09/2022 000-03680742  06/09/2022 000-03684797  06/09/2022 000-03690309  06/09/2022 000-03700764  06/09/2022 000-03713514  06/09/2022 000-03716576  06/09/2022 000-03716577  06/09/2022 000-03718279  06/09/2022 000-03721437  06/09/2022 000-03728754  06/09/2022 000-03733084  06/09/2022 000-03747410  06/09/2022 000-03758632  06/09/2022 000-03762782  06/09/2022 000-03769411  06/09/2022 000-03769814  06/09/2022 000-03776662  07/11/2022 000-03777193  07/11/2022 000-03777776  06/09/2022 000-03781600  07/11/2022 000-03784766  07/11/2022 000-03784789  07/11/2022 000-03795746  07/11/2022 000-03798489  07/11/2022 000-03798684  07/11/2022 000-03800525  07/11/2022 000-03804335  07/11/2022 000-03814902  07/11/2022 000-03819757  07/11/2022 000-03822472  07/11/2022 000-03831301  07/11/2022 000-03854489  07/11/2022 000-03854824  07/11/2022 000-03860162  07/11/2022 000-03862530  07/11/2022 000-03873662  07/11/2022 000-03884532  07/11/2022 000-03886583  07/11/2022 000-03891410  07/11/2022 000-03891411  07/11/2022 000-03891412  07/11/2022 000-03897001  09/04/2022 000-03902973  09/04/2022 000-03904642  09/04/2022 000-03909630  09/04/2022 000-03923692  09/04/2022 000-03927363  09/04/2022 000-03927378  09/04/2022 000-03927885  09/04/2022 000-03936520  09/04/2022 000-03959966  09/04/2022 000-03966192  09/04/2022 000-03973534  09/04/2022 000-03984043  09/04/2022 000-03984460  09/04/2022 000-03991355  09/04/2022 000-03991372  09/04/2022 000-04000540  09/04/2022 000-04003967  09/04/2022 000-04015298  09/04/2022 000-03884319  09/04/2022 000-03674070  06/27/2022 000-03680542  06/18/2022 000-03783784  08/07/2022 000-03842309  08/20/2022 000-03861595  08/20/2022 000-03906551  09/04/2022 000-03665097  06/27/2022 000-03698634  06/27/2022 000-03776873  08/07/2022 000-03801953  08/07/2022 000-03868926  08/20/2022 000-03692718  06/27/2022 000-03699394  06/27/2022 000-03743546  07/11/2022 000-03819455  08/07/2022 000-03841554  08/20/2022 000-03650247  06/18/2022 000-03674155  06/27/2022 000-03729519  06/27/2022 000-03867891  08/20/2022 000-03657323  06/18/2022 000-03720564  06/27/2022 000-03764992  07/11/2022 000-03801064  08/07/2022 000-03815382  08/07/2022 000-03821966  08/07/2022 000-03875035  09/04/2022 000-03906548  09/04/2022 000-03697934  06/18/2022 000-03852538  08/20/2022 000-03638817  06/18/2022 000-03867951  08/20/2022 000-03657330  06/18/2022 000-03714391  06/27/2022 000-03724918  06/27/2022 000-03905956  09/17/2022 000-03840099  08/20/2022 000-03738857  07/11/2022 000-03886523  09/04/2022 000-03774716  08/07/2022 000-03831721  06/27/2022 000-03875902  06/27/2022 000-03988796  09/04/2022 000-04030824  09/04/2022 000-04040277  09/04/2022 000-03838718  06/27/2022 000-04038046  09/04/2022 000-03746542  06/27/2022 000-03794241  06/27/2022 000-03932087  09/04/2022 000-03988798  09/04/2022 000-03995295  09/04/2022 000-03752024  06/27/2022 000-03780896  06/27/2022 000-03781001  06/27/2022 000-03781777  06/27/2022 000-03838728  06/27/2022 000-03857187  06/27/2022 000-03894659  09/04/2022 000-03917130  09/04/2022 000-03927367  09/04/2022 000-03973950  09/04/2022 000-03988797  09/04/2022 000-03997449  09/04/2022 000-04002562  09/04/2022 000-03641050  06/18/2022 000-03708330  06/27/2022 000-03906546  09/04/2022 000-03687571  06/27/2022 000-03795354  07/19/2022 000-03886490  07/19/2022 000-03687569  06/27/2022 000-03795355  07/19/2022 000-03862327  07/19/2022 000-03725506  06/27/2022 000-03845456  07/19/2022 000-03692589  06/27/2022 000-03705395  06/27/2022 000-03747413  06/27/2022 000-03751741  06/27/2022 000-03766231  06/27/2022 000-03844899  07/19/2022 000-03891617  07/19/2022 000-03816485  07/19/2022 000-03834113  07/19/2022 000-03858158  07/19/2022 000-03694421  06/27/2022 000-03711414  06/27/2022 000-03743699  06/27/2022 000-03747408  06/27/2022 000-03747409  06/27/2022 000-03758617  06/27/2022 000-03758621  06/27/2022 000-03777781  06/27/2022 000-03792788  06/27/2022 000-03796188  06/27/2022 000-03812130  06/27/2022 000-03832881  07/19/2022 000-03834101  07/19/2022 000-03844903  07/19/2022 000-03872088  07/19/2022 000-03876461  07/19/2022 000-03891616  07/19/2022 000-03909634  07/19/2022 000-03911202  07/19/2022 000-03727625  06/27/2022 000-03734761  06/27/2022 000-03744315  06/27/2022 000-03751748  06/27/2022 000-03757923  06/27/2022 000-03772601  06/27/2022 000-03777783  06/27/2022 000-03781953  06/27/2022 000-03785755  06/27/2022 000-03867331  07/19/2022 000-03887775  07/19/2022 000-03936010  07/19/2022 000-03687573  06/27/2022 000-03795356  07/19/2022 000-03720141  06/27/2022 000-03772596  06/27/2022 000-03816244  06/27/2022 000-03826537  07/19/2022 000-03909622  07/19/2022 000-03909625  07/19/2022 000-03844898  07/19/2022 000-03854478  07/19/2022 000-03901112  07/19/2022 000-03687572  06/27/2022 000-03795352  07/19/2022 000-03881493  07/19/2022 000-03881804  07/19/2022 000-03766233  06/27/2022 000-03847210  07/19/2022 000-03854486  07/19/2022 000-03894625  07/19/2022 000-03899260  07/19/2022 000-03901109  07/19/2022 000-03920902  07/19/2022 000-03715457  06/27/2022 000-03720135  06/27/2022 000-03725493  06/27/2022 000-03743703  06/27/2022 000-03743706  06/27/2022 000-03758627  06/27/2022 000-03766232  06/27/2022 000-03785757  06/27/2022 000-03795539  06/27/2022 000-03800538  07/19/2022 000-03816484  07/19/2022 000-03830890  07/19/2022 000-03860149  07/19/2022 000-03911201  07/19/2022 000-03913422  07/19/2022 000-03922240  07/19/2022 000-03692577  06/27/2022 000-03744316  06/27/2022 000-03792790  06/27/2022 000-03802839  06/27/2022 000-03821352  07/19/2022 000-03829957  07/19/2022 000-03860156  07/19/2022 000-03879852  07/19/2022 000-03902673  07/19/2022 000-03687570  06/27/2022 000-03787027  06/27/2022 000-03795353  07/19/2022 000-03895858  07/19/2022 000-03902071  07/19/2022 000-03903235  07/19/2022 000-03910341  07/19/2022 000-03840457  07/19/2022 000-03877959  07/19/2022 000-03894619  07/19/2022 000-03692586  06/27/2022 000-03694425  06/27/2022 000-03700753  06/27/2022 000-03711421  06/27/2022 000-03720138  06/27/2022 000-03720140  06/27/2022 000-03720471  06/27/2022 000-03725259  06/27/2022 000-03725495  06/27/2022 000-03727626  06/27/2022 000-03736536  06/27/2022 000-03740295  06/27/2022 000-03740303  06/27/2022 000-03747411  06/27/2022 000-03766222  06/27/2022 000-03781969  06/27/2022 000-03790214  06/27/2022 000-03795552  06/27/2022 000-03796191  06/27/2022 000-03800894  06/27/2022 000-03818770  07/19/2022 000-03818779  07/19/2022 000-03825053  07/19/2022 000-03826531  07/19/2022 000-03829973  07/19/2022 000-03830883  07/19/2022 000-03845453  07/19/2022 000-03847218  07/19/2022 000-03848815  07/19/2022 000-03860147  07/19/2022 000-03891609  07/19/2022 000-03894636  07/19/2022 000-03908225  07/19/2022 000-03908232  07/19/2022 000-03911197  07/19/2022 000-03735780  07/25/2022 000-03826989  08/29/2022 000-03885499  09/19/2022 000-03885501  09/19/2022 000-03618598  06/11/2022 000-03705565  07/16/2022 000-03876336  09/18/2022 000-03778662  07/19/2022 000-03873264  07/19/2022 000-03910323  09/04/2022 000-03778663  07/19/2022 000-03905560  07/19/2022 000-03910324  09/04/2022 000-03992792  09/04/2022 000-03818838  07/19/2022 000-03842188  07/19/2022 000-03997365  09/04/2022 000-04031983  09/04/2022 000-03834097  07/19/2022 000-03854563  07/19/2022 000-03885018  07/19/2022 000-03924947  09/04/2022 000-03965041  09/04/2022 000-03967946  09/04/2022 000-03974841  09/04/2022 000-03990244  09/04/2022 000-03842191  07/19/2022 000-03867318  07/19/2022 000-03874023  07/19/2022 000-03917133  09/04/2022 000-03938112  09/04/2022 000-03946709  09/04/2022 000-03948216  09/04/2022 000-03961029  09/04/2022 000-03990275  09/04/2022 000-04000668  09/04/2022 000-04009572  09/04/2022 000-04019750  09/04/2022 000-04021080  09/04/2022 000-03854490  07/19/2022 000-03861589  07/19/2022 000-03871934  07/19/2022 000-03881385  07/19/2022 000-03882420  07/19/2022 000-03924941  09/04/2022 000-03927291  09/04/2022 000-03932507  09/04/2022 000-03940019  09/04/2022 000-03946717  09/04/2022 000-03962365  09/04/2022 000-03966488  09/04/2022 000-03972324  09/04/2022 000-03973523  09/04/2022 000-03984273  09/04/2022 000-03990230  09/04/2022 000-03990266  09/04/2022 000-04007830  09/04/2022 000-04012921  09/04/2022 000-04020288  09/04/2022 000-04021201  09/04/2022 000-04035897  09/04/2022 000-03822476  07/19/2022 000-03858152  07/19/2022 000-03870168  07/19/2022 000-03896985  07/19/2022 000-03896989  07/19/2022 000-03917135  09/04/2022 000-03932504  09/04/2022 000-03941443  09/04/2022 000-03953378  09/04/2022 000-03970842  09/04/2022 000-03978686  09/04/2022 000-04009026  09/04/2022 000-03778664  07/19/2022 000-03912739  09/04/2022 000-03809839  07/19/2022 000-03858148  07/19/2022 000-03940975  09/04/2022 000-03949317  09/04/2022 000-03958881  09/04/2022 000-03778665  07/19/2022 000-03905535  07/19/2022 000-03910326  09/04/2022 000-03861579  07/19/2022 000-03920907  09/04/2022 000-04015797  09/04/2022 000-04024478  09/04/2022 000-03812131  07/19/2022 000-03815288  07/19/2022 000-03818836  07/19/2022 000-03847174  07/19/2022 000-03847175  07/19/2022 000-03854480  07/19/2022 000-03871704  07/19/2022 000-03871935  07/19/2022 000-03874006  07/19/2022 000-03879436  07/19/2022 000-03894139  07/19/2022 000-03897654  07/19/2022 000-03908218  07/19/2022 000-03938104  09/04/2022 000-03940024  09/04/2022 000-03946712  09/04/2022 000-03947988  09/04/2022 000-03953373  09/04/2022 000-03957402  09/04/2022 000-03963961  09/04/2022 000-03965052  09/04/2022 000-03990241  09/04/2022 000-03990269  09/04/2022 000-04012931  09/04/2022 000-04020293  09/04/2022 000-04028971  09/04/2022 000-04035095  09/04/2022 000-03815287  07/19/2022 000-03826389  07/19/2022 000-03840983  07/19/2022 000-03845447  07/19/2022 000-03861586  07/19/2022 000-03873664  07/19/2022 000-03874013  07/19/2022 000-03877953  07/19/2022 000-03880756  07/19/2022 000-03894144  07/19/2022 000-03894148  07/19/2022 000-03904821  07/19/2022 000-03911199  09/04/2022 000-03911203  09/04/2022 000-03918941  09/04/2022 000-03920901  09/04/2022 000-03953369  09/04/2022 000-03990262  09/04/2022 000-04001456  09/04/2022 000-04001463  09/04/2022 000-04012919  09/04/2022 000-04045257  09/04/2022 000-03913429  09/04/2022 000-03957411  09/04/2022 000-03978688  09/04/2022 000-03997368  09/04/2022 000-04029613  09/04/2022 000-03829606  07/19/2022 000-03861590  07/19/2022 000-03908227  07/19/2022 000-03932498  09/04/2022 000-04020074  09/04/2022 000-03778666  07/19/2022 000-03887588  07/19/2022 000-03895182  07/19/2022 000-03902073  07/19/2022 000-03905552  07/19/2022 000-03910327  09/04/2022 000-03996947  09/04/2022 000-03847176  07/19/2022 000-03854477  07/19/2022 000-03917143  09/04/2022 000-03938113  09/04/2022 000-03953372  09/04/2022 000-03778667  07/19/2022 000-03910328  09/04/2022 000-03837988  06/27/2022 ","000-03863799  06/27/2022 000-03900291  09/04/2022 000-03961033  09/04/2022 000-03982143  09/04/2022 000-04041729  09/04/2022 000-04041732  09/04/2022 000-03738625  06/27/2022 000-03754841  06/27/2022 000-03776660  06/27/2022 000-03802975  06/27/2022 000-03810519  06/27/2022 000-03811082  06/27/2022 000-03900287  09/04/2022 000-03909642  09/04/2022 000-03913395  09/04/2022 000-03950962  09/04/2022 000-03986607  09/04/2022 000-04011861  09/04/2022 000-04012024  09/04/2022 000-04021055  09/04/2022 000-04023539  09/04/2022 000-04038652  09/04/2022 000-03758810  06/27/2022 000-03787300  06/27/2022 000-03834095  06/27/2022 000-03837989  06/27/2022 000-03869524  06/27/2022 000-03904829  09/04/2022 000-03904841  09/04/2022 000-03957401  09/04/2022 000-03962359  09/04/2022 000-03988490  09/04/2022 000-03988504  09/04/2022 000-04021049  09/04/2022 000-04029176  09/04/2022 000-04038650  09/04/2022 000-03827153  06/27/2022 000-03875758  06/27/2022 000-03875761  06/27/2022 000-03997357  09/04/2022 000-04025404  09/04/2022 000-03795540  06/27/2022 000-03885517  06/27/2022 000-03902474  09/04/2022 000-04012025  09/04/2022 000-03725508  06/27/2022 000-03727620  06/27/2022 000-03738630  06/27/2022 000-03748671  06/27/2022 000-03751769  06/27/2022 000-03754846  06/27/2022 000-03764364  06/27/2022 000-03776665  06/27/2022 000-03807491  06/27/2022 000-03837987  06/27/2022 000-03845452  06/27/2022 000-03854420  06/27/2022 000-03854421  06/27/2022 000-03867322  06/27/2022 000-03871828  06/27/2022 000-03871840  06/27/2022 000-03897651  09/04/2022 000-03900288  09/04/2022 000-03900289  09/04/2022 000-03900290  09/04/2022 000-03924275  09/04/2022 000-03924287  09/04/2022 000-03961022  09/04/2022 000-03970406  09/04/2022 000-03978014  09/04/2022 000-03988483  09/04/2022 000-04022363  09/04/2022 000-04038647  09/04/2022 000-03819148  06/27/2022 000-03831622  06/27/2022 000-03834087  06/27/2022 000-03854075  06/27/2022 000-03877961  06/27/2022 000-03927880  09/04/2022 000-03950964  09/04/2022 000-03965346  09/04/2022 000-03884384  06/27/2022 000-03900286  09/04/2022 000-03711757  06/27/2022 000-03895387  09/04/2022 000-04024472  09/04/2022 000-03758818  06/27/2022 000-03793448  06/27/2022 000-03796158  06/27/2022 000-03796162  06/27/2022 000-03820157  06/27/2022 000-03823363  06/27/2022 000-03831614  06/27/2022 000-03858154  06/27/2022 000-03870173  06/27/2022 000-03879877  06/27/2022 000-03906286  09/04/2022 000-03906289  09/04/2022 000-03920659  09/04/2022 000-03924273  09/04/2022 000-03978269  09/04/2022 000-03985691  09/04/2022 000-03997351  09/04/2022 000-04041730  09/04/2022 000-03744311  06/27/2022 000-03783285  06/27/2022 000-03789492  06/27/2022 000-03792459  06/27/2022 000-03800531  06/27/2022 000-03802259  06/27/2022 000-03805429  06/27/2022 000-03816986  06/27/2022 000-03848816  06/27/2022 000-03863803  06/27/2022 000-03873142  08/20/2022 000-03876392  06/27/2022 000-03879145  08/20/2022 000-03882419  08/20/2022 000-03894617  08/20/2022 000-03894624  08/20/2022 000-03920617  08/20/2022 000-03932380  08/20/2022 000-03938645  08/20/2022 000-03961026  08/20/2022 000-03966209  08/20/2022 000-03972325  08/20/2022 000-03977425  08/20/2022 000-03978399  08/20/2022 000-03995175  08/20/2022 000-04009025  08/20/2022 000-04027658  08/20/2022 000-04028564  08/20/2022 000-04035538  08/20/2022 000-03751736  06/27/2022 000-03781960  06/27/2022 000-03790219  06/27/2022 000-03801996  06/27/2022 000-03812072  06/27/2022 000-03820384  06/27/2022 000-03826786  06/27/2022 000-03837783  06/27/2022 000-03858153  06/27/2022 000-03871825  06/27/2022 000-03879149  08/20/2022 000-03879425  08/20/2022 000-03945580  08/20/2022 000-03997377  08/20/2022 000-04003233  08/20/2022 000-04012961  08/20/2022 000-04026442  08/20/2022 000-03775706  06/27/2022 000-03749093  06/27/2022 000-03873153  08/20/2022 000-03894621  08/20/2022 000-03911205  08/20/2022 000-03921723  08/20/2022 000-03962352  08/20/2022 000-04030807  08/20/2022 000-03706561  06/27/2022 000-03764284  06/27/2022 000-03819134  06/27/2022 000-03832874  06/27/2022 000-03845446  06/27/2022 000-03984048  08/20/2022 000-03846554  06/27/2022 000-03754831  06/27/2022 000-03754842  06/27/2022 000-03762659  06/27/2022 000-03769646  06/27/2022 000-03776664  06/27/2022 000-03794005  06/27/2022 000-03801185  06/27/2022 000-03815267  06/27/2022 000-03815273  06/27/2022 000-03820383  06/27/2022 000-03837776  06/27/2022 000-03837786  06/27/2022 000-03858149  06/27/2022 000-03858150  06/27/2022 000-03860150  06/27/2022 000-03860152  06/27/2022 000-03871839  06/27/2022 000-03901101  08/20/2022 000-03901114  08/20/2022 000-03902681  08/20/2022 000-03911195  08/20/2022 000-03911196  08/20/2022 000-03938643  08/20/2022 000-03945577  08/20/2022 000-03950980  08/20/2022 000-03955253  08/20/2022 000-03956295  08/20/2022 000-03956297  08/20/2022 000-03973584  08/20/2022 000-03980035  08/20/2022 000-03984063  08/20/2022 000-03995134  08/20/2022 000-03995138  08/20/2022 000-04004628  08/20/2022 000-03751742  06/27/2022 000-03762657  06/27/2022 000-03845445  06/27/2022 000-03969631  08/20/2022 000-04030535  08/20/2022 000-03780838  06/27/2022 000-03877955  06/27/2022 000-03885689  08/20/2022 000-03692923  06/27/2022 000-03811367  06/27/2022 000-03828323  06/27/2022 000-03836685  06/27/2022 000-03847722  06/27/2022 000-03862097  08/20/2022 000-03985951  08/20/2022 000-03993371  08/20/2022 000-04008573  08/20/2022 000-03783278  06/27/2022 000-03796321  06/27/2022 000-03891615  08/20/2022 000-03894626  08/20/2022 000-03908220  08/20/2022 000-03936013  08/20/2022 000-03975056  08/20/2022 000-03751745  06/27/2022 000-03754840  06/27/2022 000-03754843  06/27/2022 000-03769631  06/27/2022 000-03769642  06/27/2022 000-03773577  06/27/2022 000-03798193  06/27/2022 000-03822484  06/27/2022 000-03843948  06/27/2022 000-03945572  08/20/2022 000-03965355  08/20/2022 000-03965356  08/20/2022 000-03967044  08/20/2022 000-03967054  08/20/2022 000-03984059  08/20/2022 000-04004627  08/20/2022 000-04014673  08/20/2022 000-03912033  06/03/2022 000-03912035  06/03/2022 000-03912028  06/03/2022 000-03769639  06/27/2022 000-03778528  06/27/2022 000-03837977  06/27/2022 000-03845650  06/27/2022 000-03863798  06/27/2022 000-03932505  09/04/2022 000-04012964  09/04/2022 000-04020067  09/04/2022 000-04047989  09/04/2022 000-03831715  06/27/2022 000-03854412  06/27/2022 000-03891614  09/04/2022 000-04025795  09/04/2022 000-04044136  09/04/2022 000-03849058  06/27/2022 000-03894622  09/04/2022 000-03762199  06/27/2022 000-03790212  06/27/2022 000-03802837  06/27/2022 000-03813912  06/27/2022 000-03927026  09/04/2022 000-03927308  09/04/2022 000-03950977  09/04/2022 000-03973630  09/04/2022 000-03997354  09/04/2022 000-04024470  09/04/2022 000-04032894  09/04/2022 000-04053000  09/04/2022 000-04053016  09/04/2022 000-03786021  06/27/2022 000-03877483  06/27/2022 000-03963953  09/04/2022 000-04053003  09/04/2022 000-03522115  11/09/2022 000-03769633  06/27/2022 000-03798804  06/27/2022 000-03822474  06/27/2022 000-03837986  06/27/2022 000-03854430  06/27/2022 000-03871942  06/27/2022 000-03871943  06/27/2022 000-03877054  06/27/2022 000-03920661  09/04/2022 000-03945578  09/04/2022 000-03984068  09/04/2022 000-03997363  09/04/2022 000-03997371  09/04/2022 000-04024696  09/04/2022"
"Veterinary","No","08/03/2022","90404","Terminated","Wedgewood Village Pharmacy, LLC","405 Heron Dr Ste 200","N/A","Swedesboro","NJ","	08085-1749","United States","Voluntary: Firm initiated","N/A","to be entered.","V-0180-2022","Class II","Colchicine Chicken Flavor 0.6mg Chew Treat COLCHI-CHW002VC Colchicine Chicken Flavor 0.4mg Chew Treat COLCHI-CHW003VC Colchicine Beef Flavor 0.6mg Chew Treat COLCHI-CHW004VC Colchicine Chicken Flavor 0.5mg Chew Treat COLCHI-CHW005VC Colchicine Beef Flavor 0.3mg Chew Treat COLCHI-CHW011VC Colchicine Unflavored 0.6mg Chew Treat COLCHI-CHW018VC          oval plastic bottle    Wedgewood Pharmacy 800.331.8272 ","4171 treats","Insanitary conditions.","07/05/2022","08/03/2022","04/22/2024","08/03/2022","000-03837848  12/27/2022 000-03666854  10/20/2022 000-03720958  10/20/2022 000-03882863  12/27/2022 000-03813339  12/27/2022 000-03729914  09/09/2022 000-03735781  09/09/2022 000-03678605  09/09/2022 000-03702290  09/09/2022 000-03709376  09/09/2022 000-03842171  12/27/2022 000-03842578  12/27/2022 000-03843984  12/27/2022 000-03583307  10/13/2022"
"Veterinary","No","08/03/2022","90404","Terminated","Wedgewood Village Pharmacy, LLC","405 Heron Dr Ste 200","N/A","Swedesboro","NJ","	08085-1749","United States","Voluntary: Firm initiated","N/A","to be entered.","V-0183-2022","Class II","DES (Diethylstilbestrol) Chicken Flavor 1mg Chew Treat DIETHY-CHW002VC DES (Diethylstilbestrol) Chicken Flavor 5mg Chew Treat DIETHY-CHW022VC DES (Diethylstilbestrol) Chicken Flavor 0.5mg Chew Treat DIETHY-CHW033VC DES (Diethylstilbestrol) Liver Flavor 0.1mg Chew Treat DIETHY-CHW047VC DES (Diethylstilbestrol) Chicken Flavor  0.1mg Chew Treat DIETHY-CHW054VC DES (Diethylstilbestrol) Chicken Flavor 4mg Chew Treat DIETHY-CHW058VC DES (Diethylstilbestrol) Chicken Flavor 0.7mg Chew Treat DIETHY-CHW059VC DES (Diethylstilbestrol) Chicken Flavor 0.25mg Chew Treat DIETHY-CHW061VC DES (Diethylstilbestrol) Chicken Flavor 0.3mg Chew Treat DIETHY-CHW068VC DES (Diethylstilbestrol) Chicken Flavor 2mg Chew Treat DIETHY-CHW072VC DES (Diethylstilbestrol) Peanut Butter Flavor 1mg Chew Treat DIETHY-CHW073VC DES (Diethylstilbestrol) Chicken Flavor 0.8mg Chew Treat DIETHY-CHW074VC DES (Diethylstilbestrol) Chicken Flavor 0.2mg Chew Treat DIETHY-CHW076VC DES (Diethylstilbestrol) Chicken Flavor 0.06mg Chew Treat DIETHY-CHW114VC  packaged in amber blister pack    Wedgewood Pharmacy 800.331.8272 ","3685 treats","Insanitary conditions.","07/05/2022","08/03/2022","04/22/2024","08/03/2022","000-03792930  07/11/2022 000-03815633  07/11/2022 000-03833437  07/11/2022 000-03892474  07/11/2022 000-03758277  07/11/2022 000-03814502  07/11/2022 000-03836290  07/11/2022 000-03892468  07/11/2022 000-03900380  07/11/2022 000-03756583  07/11/2022 000-03763882  07/11/2022 000-03890721  07/11/2022 000-03894476  07/11/2022 000-03775643  07/11/2022 000-03866748  07/11/2022 000-03791935  07/11/2022 000-03801776  07/11/2022 000-03837829  07/11/2022 000-03616705  06/13/2022 000-03646863  06/27/2022 000-03838677  09/06/2022 000-03873742  09/19/2022 000-03741730  07/24/2022 000-03785040  08/11/2022 000-03835324  09/01/2022 000-03917011  09/28/2022 000-03616718  06/13/2022 000-03652322  06/27/2022 000-03801771  08/24/2022 000-03892467  09/27/2022 000-03674529  07/10/2022 000-03850640  09/10/2022 000-03606071  06/08/2022 000-03616728  06/13/2022 000-03631436  06/21/2022 000-03679034  07/06/2022 000-03818231  08/27/2022 000-03841352  09/06/2022 000-03905824  10/01/2022 000-03833852  07/11/2022 000-03633226  06/21/2022 000-03649436  06/27/2022 000-03774831  08/13/2022 000-03792898  08/21/2022 000-03827736  08/31/2022"
"Veterinary","No","08/03/2022","90404","Terminated","Wedgewood Village Pharmacy, LLC","405 Heron Dr Ste 200","N/A","Swedesboro","NJ","	08085-1749","United States","Voluntary: Firm initiated","N/A","to be entered.","V-0189-2022","Class II","Fluoxetine (as HCl) Chicken Flavor 3mg Chew Treat FLUOXE-CHW004VC Fluoxetine (as HCl) Chicken Flavor 5mg Chew Treat FLUOXE-CHW008VC Fluoxetine (as HCl) Chicken Flavor 2.5mg Chew Treat FLUOXE-CHW022VC Fluoxetine (as HCl) Chicken Flavor 10mg Chew Treat FLUOXE-CHW024VC Fluoxetine (as HCL) Chicken Flavor 4mg Chew Treat FLUOXE-CHW027VC Fluoxetine (as HCl) Chicken Flavor 2mg Chew Treat FLUOXE-CHW033VC Fluoxetine (as HCl) Beef Flavor 50mg Chew Treat FLUOXE-CHW219VC Fluoxetine (as HCl) 20mg/ml In Lipoderm 1ml Syringe FLUOXE-GEL244VC Fluoxetine (as HCl) 80mg/ml In Lipoderm 1ml Syringe FLUOXE-GEL272VC Fluoxetine (as HCl) 10mg/ml Oral Suspension 15ml Bottle FLUOXESUS0231VC Fluoxetine (as HCl) 10mg/ml Oral Suspension 60ml Bottle FLUOXESUS0233VC Fluoxetine (as HCl) 10mg/ml Oral Suspension 30ml Bottle FLUOXESUS0238VC Fluoxetine (as HCl) 10mg/ml Oral Suspension 35ml Bottle FLUOXESUS0239VC Fluoxetine (as HCl) 10mg/ml Oral Suspension 90ml Bottle FLUOXESUS0346VC Fluoxetine (as HCl) 10mg/ml Oral Suspension 10ml Bottle FLUOXESUS0400VC Fluoxetine (as HCl) 10mg/ml Oral Suspension 20ml Bottle FLUOXESUS0401VC Fluoxetine (as HCl) 10mg/ml Oral Suspension 25ml Bottle FLUOXESUS0402VC Fluoxetine (as HCl) 10mg/ml Oral Suspension 40ml Bottle FLUOXESUS0403VC Fluoxetine (as HCl) 10mg/ml Oral Suspension 45ml Bottle FLUOXESUS0404VC Fluoxetine (as HCl) 10mg/ml Oral Suspension 50ml Bottle FLUOXESUS0405VC Fluoxetine (as HCl) 10mg/ml Oral Suspension 75ml Bottle FLUOXESUS0406VC Fluoxetine (as HCl) 10mg/ml Oral Suspension 80ml Bottle FLUOXESUS0407VC Fluoxetine (as HCl) 10mg/ml Oral Suspension 100ml Bottle FLUOXESUS0408VC Fluoxetine (as HCl) 10mg/ml Oral Suspension 120ml Bottle FLUOXESUS0409VC Fluoxetine (as HCl) 10mg/ml Oral Suspension 240ml Bottle FLUOXESUS0410VC Fluoxetine (as HCl) 10mg/ml Oral Suspension 12ml Bottle FLUOXESUS0416VC Fluoxetine (as HCl) 10mg/ml Oral Suspension 8ml Bottle FLUOXESUS0434VC Fluoxetine (as HCl) 25mg/ml Transdermal Gel in Lipoderm 1ml Syringe FLUPLO-GEL018VC   packaged amber bottles  Wedgewood Pharmacy 800.331.8272 ","10750 bottles","Insanitary conditions.","07/05/2022","08/03/2022","04/22/2024","08/03/2022","000-03763483  07/10/2022 000-03766774  07/10/2022 000-03783150  08/07/2022 000-03786568  08/07/2022 000-03817807  08/07/2022 000-03720439  07/10/2022 000-03721477  07/10/2022 000-03721478  07/10/2022 000-03734126  07/10/2022 000-03734127  07/10/2022 000-03736592  07/10/2022 000-03739582  07/10/2022 000-03751322  07/10/2022 000-03756709  07/10/2022 000-03768962  07/10/2022 000-03773599  07/10/2022 000-03776721  07/10/2022 000-03776722  07/10/2022 000-03781961  07/10/2022 000-03786560  08/07/2022 000-03794660  08/07/2022 000-03800717  08/07/2022 000-03815314  08/07/2022 000-03820811  08/07/2022 000-03824571  08/07/2022 000-03847211  08/07/2022 000-03879878  09/11/2022 000-03881292  09/11/2022 000-03882671  09/11/2022 000-03886869  09/11/2022 000-03887905  09/11/2022 000-03901680  09/11/2022 000-03908562  09/11/2022 000-03916332  09/11/2022 000-03923738  09/11/2022 000-03713649  07/10/2022 000-03716424  07/10/2022 000-03725379  07/10/2022 000-03737534  07/10/2022 000-03748663  07/10/2022 000-03789158  08/07/2022 000-03818847  08/07/2022 000-03846912  08/07/2022 000-03859813  08/07/2022 000-03887908  09/11/2022 000-03903048  09/11/2022 000-03907499  09/11/2022 000-03712774  07/10/2022 000-03729661  07/10/2022 000-03756700  07/10/2022 000-03766781  07/10/2022 000-03792875  08/07/2022 000-03800697  08/07/2022 000-03800881  08/07/2022 000-03830264  08/07/2022 000-03837882  08/07/2022 000-03837884  08/07/2022 000-03880202  09/11/2022 000-03897338  09/11/2022 000-03900105  09/11/2022 000-03912464  09/11/2022 000-03921394  09/11/2022 000-03716199  07/10/2022 000-03716421  07/10/2022 000-03717206  07/10/2022 000-03719189  07/10/2022 000-03720442  07/10/2022 000-03725197  07/10/2022 000-03725227  07/10/2022 000-03726932  07/10/2022 000-03729654  07/10/2022 000-03729675  07/10/2022 000-03729677  07/10/2022 000-03731785  07/10/2022 000-03731786  07/10/2022 000-03731789  07/10/2022 000-03732574  07/10/2022 000-03732576  07/10/2022 000-03733420  07/10/2022 000-03737281  07/10/2022 000-03738768  07/10/2022 000-03738778  07/10/2022 000-03740336  07/10/2022 000-03741245  07/10/2022 000-03741246  07/10/2022 000-03741250  07/10/2022 000-03741260  07/10/2022 000-03744481  07/10/2022 000-03750393  07/10/2022 000-03750406  07/10/2022 000-03751319  07/10/2022 000-03751927  07/10/2022 000-03752056  07/10/2022 000-03755064  07/10/2022 000-03755070  07/10/2022 000-03757072  07/10/2022 000-03763479  07/10/2022 000-03766076  07/10/2022 000-03766084  07/10/2022 000-03768965  07/10/2022 000-03770438  07/10/2022 000-03772405  07/10/2022 000-03772407  07/10/2022 000-03774060  07/10/2022 000-03774465  07/10/2022 000-03775863  07/10/2022 000-03775865  07/10/2022 000-03775876  07/10/2022 000-03776723  07/10/2022 000-03777279  07/10/2022 000-03778523  07/10/2022 000-03778560  07/10/2022 000-03779589  07/10/2022 000-03781043  07/10/2022 000-03781049  07/10/2022 000-03781967  08/07/2022 000-03786564  08/07/2022 000-03787842  08/07/2022 000-03789171  08/07/2022 000-03789172  08/07/2022 000-03791550  08/07/2022 000-03793086  08/07/2022 000-03793968  08/07/2022 000-03795760  08/07/2022 000-03795764  08/07/2022 000-03797063  08/07/2022 000-03798183  08/07/2022 000-03800571  08/07/2022 000-03800577  08/07/2022 000-03804348  08/07/2022 000-03806701  08/07/2022 000-03808317  08/07/2022 000-03810915  08/07/2022 000-03812931  08/07/2022 000-03816526  08/07/2022 000-03817809  08/07/2022 000-03817810  08/07/2022 000-03817815  08/07/2022 000-03817819  08/07/2022 000-03818846  08/07/2022 000-03818849  08/07/2022 000-03818856  08/07/2022 000-03820430  08/07/2022 000-03821555  08/07/2022 000-03822926  08/07/2022 000-03824563  08/07/2022 000-03828892  08/07/2022 000-03830898  08/07/2022 000-03834302  08/07/2022 000-03845064  08/07/2022 000-03845069  08/07/2022 000-03845077  08/07/2022 000-03845083  08/07/2022 000-03848529  08/07/2022 000-03851089  08/07/2022 000-03854081  08/07/2022 000-03857530  08/07/2022 000-03857532  08/07/2022 000-03859819  08/07/2022 000-03860505  08/07/2022 000-03860508  08/07/2022 000-03860516  08/07/2022 000-03863453  08/07/2022 000-03863779  09/11/2022 000-03865913  09/11/2022 000-03865925  09/11/2022 000-03865932  09/11/2022 000-03865941  09/11/2022 000-03865944  09/11/2022 000-03867720  09/11/2022 000-03868828  09/11/2022 000-03868830  09/11/2022 000-03870218  09/11/2022 000-03870563  09/11/2022 000-03871732  09/11/2022 000-03871733  09/11/2022 000-03872574  09/11/2022 000-03872581  09/11/2022 000-03872585  09/11/2022 000-03873409  09/11/2022 000-03873601  09/11/2022 000-03878063  09/11/2022 000-03879170  09/11/2022 000-03879874  09/11/2022 000-03879881  09/11/2022 000-03881818  09/11/2022 000-03882066  09/11/2022 000-03882525  09/11/2022 000-03882979  09/11/2022 000-03887914  09/11/2022 000-03894821  09/11/2022 000-03894824  09/11/2022 000-03894834  09/11/2022 000-03894837  09/11/2022 000-03894928  09/11/2022 000-03897067  09/11/2022 000-03897080  09/11/2022 000-03900109  09/11/2022 000-03900118  09/11/2022 000-03905104  09/11/2022 000-03907493  09/11/2022 000-03907503  09/11/2022 000-03907506  09/11/2022 000-03912434  09/11/2022 000-03912437  09/11/2022 000-03912460  09/11/2022 000-03912466  09/11/2022 000-03912469  09/11/2022 000-03913443  09/11/2022 000-03918420  09/11/2022 000-03921407  09/11/2022 000-03923739  09/11/2022 000-03923742  09/11/2022 000-03925684  09/11/2022 000-03925696  09/11/2022 000-03928683  09/11/2022 000-03928685  09/11/2022 000-03725202  07/10/2022 000-03725224  07/10/2022 000-03729656  07/10/2022 000-03739588  07/10/2022 000-03751528  07/10/2022 000-03757066  07/10/2022 000-03758396  07/10/2022 000-03763469  07/10/2022 000-03763477  07/10/2022 000-03766777  07/10/2022 000-03768968  07/10/2022 000-03778878  07/10/2022 000-03787838  08/07/2022 000-03797037  08/07/2022 000-03797057  08/07/2022 000-03799674  08/07/2022 000-03810919  08/07/2022 000-03826468  08/07/2022 000-03845066  08/07/2022 000-03851082  08/07/2022 000-03860507  08/07/2022 000-03860522  08/07/2022 000-03865924  09/11/2022 000-03865935  09/11/2022 000-03868836  09/11/2022 000-03870559  09/11/2022 000-03874283  09/11/2022 000-03879171  09/11/2022 000-03887907  09/11/2022 000-03900114  09/11/2022 000-03900115  09/11/2022 000-03907500  09/11/2022 000-03912438  09/11/2022 000-03913441  09/11/2022 000-03918425  09/11/2022 000-03921398  09/11/2022 000-03928682  09/11/2022 000-03928684  09/11/2022 000-03725204  07/10/2022 000-03743791  07/10/2022 000-03758390  07/10/2022 000-03766773  07/10/2022 000-03770435  07/10/2022 000-03779582  07/10/2022 000-03794661  08/07/2022 000-03794955  08/07/2022 000-03795594  08/07/2022 000-03797038  08/07/2022 000-03863449  08/07/2022 000-03869558  09/11/2022 000-03875785  09/11/2022 000-03889114  09/11/2022 000-03889612  09/11/2022 000-03913435  09/11/2022 000-03923741  09/11/2022 000-03754002  07/10/2022 000-03766080  07/10/2022 000-03766769  07/10/2022 000-03766776  07/10/2022 000-03766786  07/10/2022 000-03795237  08/07/2022 000-03798370  08/07/2022 000-03800574  08/07/2022 000-03820434  08/07/2022 000-03822931  08/07/2022 000-03833280  08/07/2022 000-03851561  08/07/2022 000-03860510  08/07/2022 000-03863780  09/11/2022 000-03866441  09/11/2022 000-03868832  09/11/2022 000-03878064  09/11/2022 000-03879173  09/11/2022 000-03880279  09/11/2022 000-03883323  09/11/2022 000-03897070  09/11/2022 000-03901670  09/11/2022 000-03913437  09/11/2022 000-03923736  09/11/2022 000-03491188  10/28/2022 000-03712775  07/10/2022 000-03712778  07/10/2022 000-03712782  07/10/2022 000-03716201  07/10/2022 000-03716203  07/10/2022 000-03716209  07/10/2022 000-03716420  07/10/2022 000-03716422  07/10/2022 000-03716426  07/10/2022 000-03717195  07/10/2022 000-03717205  07/10/2022 000-03718281  07/10/2022 000-03718284  07/10/2022 000-03718289  07/10/2022 000-03719198  07/10/2022 000-03719201  07/10/2022 000-03720440  07/10/2022 000-03720441  07/10/2022 000-03721470  07/10/2022 000-03721473  07/10/2022 000-03721475  07/10/2022 000-03725203  07/10/2022 000-03725223  07/10/2022 000-03725225  07/10/2022 000-03725226  07/10/2022 000-03725229  07/10/2022 000-03725375  07/10/2022 000-03726933  07/10/2022 000-03726935  07/10/2022 000-03729659  07/10/2022 000-03729679  07/10/2022 000-03731562  07/10/2022 000-03731782  07/10/2022 000-03732573  07/10/2022 000-03732580  07/10/2022 000-03733177  07/10/2022 000-03733918  07/10/2022 000-03734133  07/10/2022 000-03734136  07/10/2022 000-03736181  07/10/2022 000-03736185  07/10/2022 000-03737786  07/10/2022 000-03738769  07/10/2022 000-03739581  07/10/2022 000-03739584  07/10/2022 000-03740331  07/10/2022 000-03743646  07/10/2022 000-03743782  07/10/2022 000-03743786  07/10/2022 000-03743789  07/10/2022 000-03743790  07/10/2022 000-03744482  07/10/2022 000-03744483  07/10/2022 000-03750394  07/10/2022 000-03750400  07/10/2022 000-03750403  07/10/2022 000-03750405  07/10/2022 000-03751316  07/10/2022 000-03751318  07/10/2022 000-03751926  07/10/2022 000-03752060  07/10/2022 000-03755056  07/10/2022 000-03755060  07/10/2022 000-03755061  07/10/2022 000-03755066  07/10/2022 000-03755067  07/10/2022 000-03756702  07/10/2022 000-03756706  07/10/2022 000-03756708  07/10/2022 000-03757070  07/10/2022 000-03758385  07/10/2022 000-03758386  07/10/2022 000-03758387  07/10/2022 000-03758388  07/10/2022 000-03758393  07/10/2022 000-03758397  07/10/2022 000-03763286  07/10/2022 000-03763470  07/10/2022 000-03763471  07/10/2022 000-03763472  07/10/2022 000-03763475  07/10/2022 000-03763482  07/10/2022 000-03763484  07/10/2022 000-03766082  07/10/2022 000-03766085  07/10/2022 000-03766087  07/10/2022 000-03766770  07/10/2022 000-03766771  07/10/2022 000-03766775  07/10/2022 000-03766778  07/10/2022 000-03766779  07/10/2022 000-03766780  07/10/2022 000-03766782  07/10/2022 000-03766784  07/10/2022 000-03766787  07/10/2022 000-03768961  07/10/2022 000-03768964  07/10/2022 000-03768969  07/10/2022 000-03770442  07/10/2022 000-03772408  07/10/2022 000-03772414  07/10/2022 000-03772416  07/10/2022 000-03772781  07/10/2022 000-03772783  07/10/2022 000-03774065  07/10/2022 000-03774186  07/10/2022 000-03774464  07/10/2022 000-03774650  07/10/2022 000-03775868  07/10/2022 000-03775872  07/10/2022 000-03776717  07/10/2022 000-03776719  07/10/2022 000-03776724  07/10/2022 000-03777266  07/10/2022 000-03777268  07/10/2022 000-03777273  07/10/2022 000-03778564  07/10/2022 000-03778565  07/10/2022 000-03778881  07/10/2022 000-03779581  07/10/2022 000-03779583  07/10/2022 000-03779586  07/10/2022 000-03779590  07/10/2022 000-03781040  07/10/2022 000-03781042  07/10/2022 000-03781044  07/10/2022 000-03781054  07/10/2022 000-03781964  07/10/2022 000-03783051  07/10/2022 000-03784518  08/07/2022 000-03784520  08/07/2022 000-03784521  08/07/2022 000-03786321  08/07/2022 000-03786323  08/07/2022 000-03786558  08/07/2022 000-03786559  08/07/2022 000-03786563  08/07/2022 000-03786567  08/07/2022 000-03787841  08/07/2022 000-03789161  08/07/2022 000-03789167  08/07/2022 000-03790447  08/07/2022 000-03790450  08/07/2022 000-03791552  08/07/2022 000-03792286  08/07/2022 000-03794481  08/07/2022 000-03794623  08/07/2022 000-03795013  08/07/2022 000-03795015  08/07/2022 000-03795599  08/07/2022 000-03796248  08/07/2022 000-03796253  08/07/2022 000-03797033  08/07/2022 000-03797058  08/07/2022 000-03797468  08/07/2022 000-03799666  08/07/2022 000-03800040  08/07/2022 000-03800583  08/07/2022 000-03800882  08/07/2022 000-03801303  08/07/2022 000-03802051  08/07/2022 000-03802955  08/07/2022 000-03803187  08/07/2022 000-03803645  08/07/2022 000-03803649  08/07/2022 000-03803654  08/07/2022 000-03804552  08/07/2022 000-03807323  08/07/2022 000-03807489  08/07/2022 000-03807763  08/07/2022 000-03807765  08/07/2022 000-03807768  08/07/2022 000-03808647  08/07/2022 000-03810008  08/07/2022 000-03810012  08/07/2022 000-03810348  08/07/2022 000-03810349  08/07/2022 000-03810394  08/07/2022 000-03810650  08/07/2022 000-03810916  08/07/2022 000-03812921  08/07/2022 000-03812924  08/07/2022 000-03812929  08/07/2022 000-03813963  08/07/2022 000-03813965  08/07/2022 000-03815157  08/07/2022 000-03815311  08/07/2022 000-03815315  08/07/2022 000-03815318  08/07/2022 000-03815322  08/07/2022 000-03815326  08/07/2022 000-03816515  08/07/2022 000-03816516  08/07/2022 000-03816521  08/07/2022 000-03817816  08/07/2022 000-03818837  08/07/2022 000-03819821  08/07/2022 000-03820432  08/07/2022 000-03820435  08/07/2022 000-03820436  08/07/2022 000-03820440  08/07/2022 000-03820443  08/07/2022 000-03820445  08/07/2022 000-03820815  08/07/2022 000-03821565  08/07/2022 000-03822927  08/07/2022 000-03822930  08/07/2022 000-03824560  08/07/2022 000-03824570  08/07/2022 000-03825266  08/07/2022 000-03826212  08/07/2022 000-03826213  08/07/2022 000-03826474  08/07/2022 000-03826642  08/07/2022 000-03828893  08/07/2022 000-03828896  08/07/2022 000-03828905  08/07/2022 000-03829626  08/07/2022 000-03829630  08/07/2022 000-03829966  08/07/2022 000-03829967  08/07/2022 000-03830893  08/07/2022 000-03830896  08/07/2022 000-03831368  08/07/2022 000-03832473  08/07/2022 000-03833281  08/07/2022 000-03833284  08/07/2022 000-03834301  08/07/2022 000-03834304  08/07/2022 000-03834306  08/07/2022 000-03834308  08/07/2022 000-03834311  08/07/2022 000-03834312  08/07/2022 000-03834313  08/07/2022 000-03837873  08/07/2022 000-03837874  08/07/2022 000-03837878  08/07/2022 000-03837879  08/07/2022 000-03837885  08/07/2022 000-03839864  08/07/2022 000-03839871  08/07/2022 000-03841152  08/07/2022 000-03841153  08/07/2022 000-03841154  08/07/2022 000-03841157  08/07/2022 000-03841160  08/07/2022 000-03841163  08/07/2022 000-03847024  08/07/2022 000-03847217  08/07/2022 000-03847221  08/07/2022 000-03847222  08/07/2022 000-03851083  08/07/2022 000-03851085  08/07/2022 000-03851087  08/07/2022 000-03851088  08/07/2022 000-03851560  08/07/2022 000-03851564  08/07/2022 000-03851565  08/07/2022 000-03854098  08/07/2022 000-03854388  08/07/2022 000-03854389  08/07/2022 000-03854392  08/07/2022 000-03854393  08/07/2022 000-03854394  08/07/2022 000-03856760  08/07/2022 000-03856761  08/07/2022 000-03857531  08/07/2022 000-03857534  08/07/2022 000-03857535  08/07/2022 000-03859811  08/07/2022 000-03859812  08/07/2022 000-03859815  08/07/2022 000-03859818  08/07/2022 000-03860513  08/07/2022 000-03860514  08/07/2022 000-03860515  08/07/2022 000-03860523  08/07/2022 000-03863452  08/07/2022 000-03863778  09/11/2022 000-03865914  09/11/2022 000-03865915  09/11/2022 000-03865916  09/11/2022 000-03865917  09/11/2022 000-03865918  09/11/2022 000-03865919  09/11/2022 000-03865920  09/11/2022 000-03865922  09/11/2022 000-03865923  09/11/2022 000-03865926  09/11/2022 000-03865927  09/11/2022 000-03865928  09/11/2022 000-03865929  09/11/2022 000-03865931  09/11/2022 000-03865933  09/11/2022 000-03865934  09/11/2022 000-03865936  09/11/2022 000-03865937  09/11/2022 000-03865938  09/11/2022 000-03865943  09/11/2022 000-03865945  09/11/2022 000-03865946  09/11/2022 000-03865947  09/11/2022 000-03865948  09/11/2022 000-03865950  09/11/2022 000-03866439  09/11/2022 000-03867717  09/11/2022 000-03867719  09/11/2022 000-03868831  09/11/2022 000-03868833  09/11/2022 000-03868839  09/11/2022 000-03868840  09/11/2022 000-03869559  09/11/2022 000-03870214  09/11/2022 000-03870467  09/11/2022 000-03870470  09/11/2022 000-03870472  09/11/2022 000-03870555  09/11/2022 000-03870560  09/11/2022 000-03871719  09/11/2022 000-03871728  09/11/2022 000-03871729  09/11/2022 000-03871731  09/11/2022 000-03872022  09/11/2022 000-03872587  09/11/2022 000-03873414  09/11/2022 000-03873415  09/11/2022 000-03873615  09/11/2022 000-03874286  09/11/2022 000-03874523  09/11/2022 000-03875445  09/11/2022 000-03875448  09/11/2022 000-03875781  09/11/2022 000-03876936  09/11/2022 000-03876942  09/11/2022 000-03876943  09/11/2022 000-03877193  09/11/2022 000-03878069  09/11/2022 000-03879172  09/11/2022 000-03879866  09/11/2022 000-03879880  09/11/2022 000-03880581  09/11/2022 000-03881812  09/11/2022 000-03881816  09/11/2022 000-03882668  09/11/2022 000-03884548  09/11/2022 000-03884551  09/11/2022 000-03889605  09/11/2022 000-03889606  09/11/2022 000-03889607  09/11/2022 000-03889608  09/11/2022 000-03889610  09/11/2022 000-03889613  09/11/2022 000-03889615  09/11/2022 000-03893141  09/11/2022 000-03894820  09/11/2022 000-03894823  09/11/2022 000-03894826  09/11/2022 000-03894827  09/11/2022 000-03894830  09/11/2022 000-03894832  09/11/2022 000-03894835  09/11/2022 000-03894836  09/11/2022 000-03894838  09/11/2022 000-03897073  09/11/2022 000-03897074  09/11/2022 000-03897075  09/11/2022 000-03897076  09/11/2022 000-03897335  09/11/2022 000-03898365  09/11/2022 000-03900099  09/11/2022 000-03900100  09/11/2022 000-03900111  09/11/2022 000-03900113  09/11/2022 000-03901666  09/11/2022 000-03901672  09/11/2022 000-03901675  09/11/2022 000-03901681  09/11/2022 000-03903037  09/11/2022 000-03905099  09/11/2022 000-03905111  09/11/2022 000-03907495  09/11/2022 000-03907497  09/11/2022 000-03907501  09/11/2022 000-03907502  09/11/2022 000-03907505  09/11/2022 000-03908555  09/11/2022 000-03908556  09/11/2022 000-03908559  09/11/2022 000-03910454  09/11/2022 000-03910455  09/11/2022 000-03910456  09/11/2022 000-03910457  09/11/2022 000-03910458  09/11/2022 000-03912431  09/11/2022 000-03912432  09/11/2022 000-03912433  09/11/2022 000-03912462  09/11/2022 000-03912463  09/11/2022 000-03912470  09/11/2022 000-03916333  09/11/2022 000-03916334  09/11/2022 000-03916335  09/11/2022 000-03916336  09/11/2022 000-03916340  09/11/2022 000-03916345  09/11/2022 000-03918412  09/11/2022 000-03918414  09/11/2022 000-03921395  09/11/2022 000-03921396  09/11/2022 000-03921397  09/11/2022 000-03921399  09/11/2022 000-03921400  09/11/2022 000-03921402  09/11/2022 000-03921406  09/11/2022 000-03921410  09/11/2022 000-03922869  09/11/2022 000-03922870  09/11/2022 000-03922873  09/11/2022 000-03923737  09/11/2022 000-03923740  09/11/2022 000-03925680  09/11/2022 000-03925682  09/11/2022 000-03925689  09/11/2022 000-03925692  09/11/2022 000-03925694  09/11/2022 000-03925698  09/11/2022 000-03925702  09/11/2022 000-03927270  09/11/2022 000-03928686  09/11/2022 000-03716198  07/10/2022 000-03739580  07/10/2022 000-03750397  07/10/2022 000-03808693  08/07/2022 000-03809006  08/07/2022 000-03810918  08/07/2022 000-03859840  08/07/2022 000-03887904  09/11/2022 000-03897068  09/11/2022 000-03718286  07/10/2022 000-03743641  07/10/2022 000-03743644  07/10/2022 000-03766081  07/10/2022 000-03772784  07/10/2022 000-03781956  07/10/2022 000-03793973  08/07/2022 000-03829969  08/07/2022 000-03829971  08/07/2022 000-03841158  08/07/2022 000-03859820  08/07/2022 000-03868822  09/11/2022 000-03886865  09/11/2022 000-03886866  09/11/2022 000-03894822  09/11/2022 000-03912467  09/11/2022 000-03713647  07/10/2022 000-03721480  07/10/2022 000-03743780  07/10/2022 000-03751935  07/10/2022 000-03752053  07/10/2022 000-03756697  07/10/2022 000-03757064  07/10/2022 000-03763473  07/10/2022 000-03763481  07/10/2022 000-03768963  07/10/2022 000-03770440  07/10/2022 000-03772782  07/10/2022 000-03799394  08/07/2022 000-03808636  08/07/2022 000-03810765  08/07/2022 000-03828900  08/07/2022 000-03845085  08/07/2022 000-03848526  08/07/2022 000-03860509  08/07/2022 000-03866443  09/11/2022 000-03867712  09/11/2022 000-03876938  09/11/2022 000-03879169  09/11/2022 000-03880284  09/11/2022 000-03883313  09/11/2022 000-03886421  09/11/2022 000-03889604  09/11/2022 000-03905101  09/11/2022 000-03910447  09/11/2022 000-03912436  09/11/2022 000-03925676  09/11/2022 000-03716207  07/10/2022 000-03720434  07/10/2022 000-03731787  07/10/2022 000-03739577  07/10/2022 000-03751526  07/10/2022 000-03755058  07/10/2022 000-03758389  07/10/2022 000-03766079  07/10/2022 000-03784524  08/07/2022 000-03792449  08/07/2022 000-03800691  08/07/2022 000-03808286  08/07/2022 000-03809313  08/07/2022 000-03810722  08/07/2022 000-03837880  08/07/2022 000-03845075  08/07/2022 000-03848527  08/07/2022 000-03860511  08/07/2022 000-03868835  09/11/2022 000-03870561  09/11/2022 000-03925700  09/11/2022 000-03712773  07/10/2022 000-03717202  07/10/2022 000-03717208  07/10/2022 000-03719191  07/10/2022 000-03720437  07/10/2022 000-03720438  07/10/2022 000-03720443  07/10/2022 000-03721469  07/10/2022 000-03721482  07/10/2022 000-03725222  07/10/2022 000-03725376  07/10/2022 000-03726936  07/10/2022 000-03731566  07/10/2022 000-03731569  07/10/2022 000-03731783  07/10/2022 000-03731784  07/10/2022 000-03733418  07/10/2022 000-03736182  07/10/2022 000-03736186  07/10/2022 000-03739576  07/10/2022 000-03739579  07/10/2022 000-03739583  07/10/2022 000-03739585  07/10/2022 000-03740332  07/10/2022 000-03743643  07/10/2022 000-03743785  07/10/2022 000-03743787  07/10/2022 000-03750391  07/10/2022 000-03750404  07/10/2022 000-03751317  07/10/2022 000-03751320  07/10/2022 000-03751321  07/10/2022 000-03751533  07/10/2022 000-03751936  07/10/2022 000-03754007  07/10/2022 000-03754010  07/10/2022 000-03755057  07/10/2022 000-03755069  07/10/2022 000-03756698  07/10/2022 000-03756701  07/10/2022 000-03757065  07/10/2022 000-03757067  07/10/2022 000-03758395  07/10/2022 000-03763480  07/10/2022 000-03766078  07/10/2022 000-03766083  07/10/2022 000-03768967  07/10/2022 000-03770439  07/10/2022 000-03770444  07/10/2022 000-03772406  07/10/2022 000-03772410  07/10/2022 000-03774468  07/10/2022 000-03774649  07/10/2022 000-03775873  07/10/2022 000-03779587  07/10/2022 000-03781052  07/10/2022 000-03785167  08/07/2022 000-03786324  08/07/2022 000-03790444  08/07/2022 000-03794470  08/07/2022 000-03794622  08/07/2022 000-03796251  08/07/2022 000-03798583  08/07/2022 000-03798689  08/07/2022 000-03800045  08/07/2022 000-03800046  08/07/2022 000-03800584  08/07/2022 000-03801659  08/07/2022 000-03801759  08/07/2022 000-03802001  08/07/2022 000-03802953  08/07/2022 000-03803648  08/07/2022 000-03805717  08/07/2022 000-03807762  08/07/2022 000-03808023  08/07/2022 000-03810022  08/07/2022 000-03815312  08/07/2022 000-03815323  08/07/2022 000-03817808  08/07/2022 000-03817818  08/07/2022 000-03818843  08/07/2022 000-03820438  08/07/2022 000-03821562  08/07/2022 000-03822923  08/07/2022 000-03825069  08/07/2022 000-03826214  08/07/2022 000-03827501  08/07/2022 000-03827843  08/07/2022 000-03827965  08/07/2022 000-03828891  08/07/2022 000-03828894  08/07/2022 000-03830902  08/07/2022 000-03832470  08/07/2022 000-03834299  08/07/2022 000-03834314  08/07/2022 000-03837881  08/07/2022 000-03839877  08/07/2022 000-03841155  08/07/2022 000-03845068  08/07/2022 000-03847225  08/07/2022 000-03848533  08/07/2022 000-03851562  08/07/2022 000-03851571  08/07/2022 000-03854390  08/07/2022 000-03854391  08/07/2022 000-03859810  08/07/2022 000-03859814  08/07/2022 000-03859816  08/07/2022 000-03859817  08/07/2022 000-03863451  08/07/2022 000-03865921  09/11/2022 000-03865930  09/11/2022 000-03865939  09/11/2022 000-03865940  09/11/2022 000-03865942  09/11/2022 000-03865949  09/11/2022 000-03865951  09/11/2022 000-03867464  09/11/2022 000-03867713  09/11/2022 000-03867715  09/11/2022 000-03869562  09/11/2022 000-03871730  09/11/2022 000-03872008  09/11/2022 000-03872012  09/11/2022 000-03872525  09/11/2022 000-03874285  09/11/2022 000-03874524  09/11/2022 000-03875449  09/11/2022 000-03877200  09/11/2022 000-03878067  09/11/2022 000-03880061  09/11/2022 000-03881291  09/11/2022 000-03881293  09/11/2022 000-03881297  09/11/2022 000-03881300  09/11/2022 000-03882519  09/11/2022 000-03884552  09/11/2022 000-03884553  09/11/2022 000-03884555  09/11/2022 000-03887913  09/11/2022 000-03887916  09/11/2022 000-03889107  09/11/2022 000-03893140  09/11/2022 000-03894828  09/11/2022 000-03894831  09/11/2022 000-03897079  09/11/2022 000-03897339  09/11/2022 000-03900103  09/11/2022 000-03900110  09/11/2022 000-03901539  09/11/2022 000-03903042  09/11/2022 000-03905107  09/11/2022 000-03905110  09/11/2022 000-03905112  09/11/2022 000-03907498  09/11/2022 000-03908554  09/11/2022 000-03908560  09/11/2022 000-03908565  09/11/2022 000-03912458  09/11/2022 000-03912468  09/11/2022 000-03916343  09/11/2022 000-03916344  09/11/2022 000-03918408  09/11/2022 000-03918415  09/11/2022 000-03918424  09/11/2022 000-03921403  09/11/2022 000-03921405  09/11/2022 000-03921409  09/11/2022 000-03922868  09/11/2022 000-03922871  09/11/2022 000-03922876  09/11/2022 000-03923743  09/11/2022 000-03925704  09/11/2022 000-03729684  07/10/2022 000-03756707  07/10/2022 000-03772409  07/10/2022 000-03796252  08/07/2022 000-03901673  09/11/2022 000-03916338  09/11/2022 000-03717210  07/10/2022 000-03725200  07/10/2022 000-03729668  07/10/2022 000-03805063  08/07/2022 000-03825267  08/07/2022 000-03851570  08/07/2022 000-03894825  09/11/2022 000-03897337  09/11/2022 000-03912459  09/11/2022 000-03720501  07/10/2022 000-03804360  08/07/2022 000-03831367  08/07/2022 000-03897072  09/11/2022 000-03897078  09/11/2022 000-03905106  09/11/2022 000-03733419  07/10/2022 000-03754006  07/10/2022 000-03763474  07/10/2022 000-03778571  07/10/2022 000-03800723  08/07/2022 000-03813891  08/07/2022 000-03818842  08/07/2022 000-03826216  08/07/2022 000-03828902  08/07/2022 000-03672536  07/04/2022 000-03681253  07/10/2022 000-03694904  07/13/2022 000-03695036  07/14/2022 000-03699493  07/16/2022 000-03707885  07/17/2022 000-03711635  07/23/2022 000-03717351  07/23/2022 000-03736189  07/30/2022 000-03743495  08/01/2022 000-03755023  08/07/2022 000-03766860  08/08/2022 000-03780586  08/15/2022 000-03782315  08/16/2022 000-03792944  08/21/2022 000-03802431  08/22/2022 000-03809972  08/27/2022 000-03815480  08/29/2022 000-03825596  08/31/2022 000-03853880  09/11/2022 000-03875812  09/18/2022 000-03902370  09/27/2022 000-03627461  06/15/2022 000-03690446  07/10/2022 000-03771198  08/08/2022 000-03843182  09/04/2022 000-03692390  07/11/2022 000-03694456  07/12/2022 000-03695370  07/16/2022 000-03716624  07/19/2022 000-03721653  07/24/2022 000-03723379  07/24/2022 000-03725934  07/24/2022 000-03728575  07/25/2022 000-03736797  07/30/2022 000-03739726  07/31/2022 000-03744714  08/01/2022 000-03758735  08/07/2022 000-03762676  08/08/2022 000-03773819  08/14/2022 000-03807874  08/25/2022 000-03814467  08/28/2022 000-03829440  09/03/2022 000-03837000  09/06/2022 000-03845860  09/06/2022 000-03848097  09/10/2022 000-03863137  09/13/2022 000-03878782  09/19/2022 000-03886482  09/24/2022 000-03895198  09/25/2022 000-03887656  08/30/2022 000-03655277  06/26/2022 000-03753222  08/01/2022 000-03771821  08/01/2022 000-03848656  09/03/2022 000-03876354  09/17/2022 000-03876355  09/17/2022 000-03678603  07/04/2022 000-03827190  08/28/2022 000-03848746  08/27/2022 000-03888372  09/07/2022 000-03888516  09/10/2022 000-03729886  07/23/2022 000-03839404  09/03/2022 000-03840352  09/03/2022 000-03848474  09/04/2022 000-03848680  09/04/2022 000-03693487  07/11/2022 000-03767492  08/07/2022 000-03798799  08/07/2022 000-03827042  08/30/2022 000-03827067  08/29/2022 000-03923841  09/26/2022 000-03923842  09/26/2022 000-03668752  07/02/2022 000-03763265  08/06/2022 000-03763266  08/06/2022 000-03798763  08/16/2022 000-03804362  08/16/2022 000-03923843  09/24/2022 000-03923844  09/24/2022 000-03642925  06/19/2022 000-03693488  07/11/2022 000-03706056  07/16/2022 000-03801882  08/20/2022 000-03804294  08/20/2022 000-03804295  08/20/2022 000-03804296  08/20/2022 000-03853330  09/05/2022 000-03868190  09/10/2022 000-03868285  09/07/2022 000-03868347  09/10/2022"
"Veterinary","No","08/03/2022","90404","Terminated","Wedgewood Village Pharmacy, LLC","405 Heron Dr Ste 200","N/A","Swedesboro","NJ","	08085-1749","United States","Voluntary: Firm initiated","N/A","to be entered.","V-0200-2022","Class II","Methimazole Liver Flavor 5mg Chew Treat METHIM-CHW001VC Methimazole Chicken Flavor 5mg Chew Treat METHIM-CHW003VC Methimazole Chicken Flavor 2.5mg Chew Treat METHIM-CHW008VC Methimazole Chicken Flavor 10mg Chew Treat METHIM-CHW009VC Methimazole Surf & Turf Flavor 5mg Chew Treat METHIM-CHW012VC Methimazole Surf & Turf Flavor 10mg Chew Treat METHIM-CHW013VC Methimazole Beef Flavor 10mg Chew Treat METHIM-CHW014VC Methimazole Chicken Flavor 7.5mg Chew Treat METHIM-CHW015VC Methimazole Beef Flavor 2.5mg Chew Treat METHIM-CHW016VC Methimazole Chicken Flavor 3.75mg Chew Treat METHIM-CHW020VC Methimazole Surf & Turf Flavor 2.5mg Chew Treat METHIM-CHW024VC Methimazole Chicken Flavor 3mg Chew Treat METHIM-CHW026VC Methimazole Chicken Flavor 1.5mg Chew Treat METHIM-CHW031VC Methimazole Chicken Flavor 2mg Chew Treat METHIM-CHW036VC Methimazole Chicken Flavor 1.25mg Chew Treat METHIM-CHW041VC Methimazole Chicken Flavor 1mg Chew Treat METHIM-CHW045VC Methimazole Chicken Flavor 4mg Chew Treat METHIM-CHW055VC Methimazole Chicken Flavor 3.5mg Chew Treat METHIM-CHW065VC Methimazole Chicken Flavor 6mg Chew Treat METHIM-CHW100VC Methimazole Chicken Flavor 1.875mg Chew Treat METHIM-CHW101VC Methimazole Chicken Flavor 15mg Chew Treat METHIM-CHW103VC Methimazole Duck Flavor 2.5mg Chew Treat METHIM-CHW104VC Methimazole Duck 5mg Chew Treat METHIM-CHW118VC Methimazole Chicken Marshmallow Flavor 2.5mg Chew Treat METHIM-CHW128VC Methimazole Chicken Flavor 4.5mg Chew Treat METHIM-CHW132VC Methimazole Chicken Flavored 2.3mg Chew Treat METHIM-CHW145VC Methimazole Cheddar Cheese Flavor 2.5mg Chew Treat METHIM-CHW166VC Methimazole Chicken Flavor 12.5mg Chew Treat METHIM-CHW167VC Methimazole Liver Flavor 3.5mg Chew Treat METHIM-CHW168VC Methimazole Chicken Flavored 1.75mg Chew Treat METHIM-CHW174VC Methimazole Cheddar Cheese Flavor 5mg Chew Treat METHIM-CHW179VC Methimazole in PLO 75mg/ml Transdermal Gel 1ml METHIM-GEL441VC Methimazole 10mg/ml Oral Suspension 10ml Bottle METHIMSOL0003VC Methimazole 10mg/ml Oral Suspension 20ml Bottle METHIMSOL0004VC Methimazole 10mg/ml Oral Suspension 25ml Bottle METHIMSOL0005VC Methimazole 10mg/ml Oral Suspension 35ml Bottle METHIMSOL0006VC Methimazole 10mg/ml Oral Suspension 40ml Bottle METHIMSOL0007VC Methimazole 10mg/ml Oral Suspension 50ml Bottle METHIMSOL0008VC Methimazole 10mg/ml Oral Suspension 70ml Bottle METHIMSOL0009VC Methimazole 10mg/ml Oral Suspension 75ml Bottle METHIMSOL0010VC Methimazole 10mg/ml Oral Suspension 95ml Bottle METHIMSOL0011VC Methimazole 10mg/ml Oral Suspension 130ml Bottle METHIMSOL0012VC Methimazole 10mg/ml Oral Suspension 200ml Bottle METHIMSOL0013VC Methimazole 10mg/ml Oral Suspension 300ml Bottle METHIMSOL0014VC Methimazole 10mg/ml Oral Suspension 500ml Bottle METHIMSOL0015VC Methimazole 12.5mg/ml Oral Suspension 10ml Bottle METHIMSOL0020VC Methimazole 12.5mg/ml Oral Suspension 15ml Bottle METHIMSOL0021VC Methimazole 15mg/ml Oral Suspension 15ml Bottle METHIMSOL0027VC Methimazole 15mg/ml Oral Suspension 40ml Bottle METHIMSOL0028VC Methimazole 15mg/ml Oral Suspension 45ml Bottle METHIMSOL0029VC Methimazole 15mg/ml Oral Suspension 120ml Bottle METHIMSOL0030VC Methimazole 2.5mg/ml Oral Suspension 20ml Bottle METHIMSOL0034VC Methimazole 2.5mg/ml Oral Suspension 40ml Bottle METHIMSOL0035VC Methimazole 20mg/ml Oral Suspension 10ml Bottle METHIMSOL0039VC Methimazole 20mg/ml Oral Suspension 20ml Bottle METHIMSOL0040VC Methimazole 20mg/ml Oral Suspension 45ml Bottle METHIMSOL0041VC Methimazole 20mg/ml Oral Suspension 50ml Bottle METHIMSOL0042VC Methimazole 20mg/ml Oral Suspension 90ml Bottle METHIMSOL0043VC Methimazole 25mg/ml Oral Suspension 10ml Bottle METHIMSOL0046VC Methimazole 25mg/ml Oral Suspension 40ml Bottle METHIMSOL0047VC Methimazole 25mg/ml Oral Suspension 50ml Bottle METHIMSOL0048VC Methimazole 25mg/ml Oral Suspension 90ml Bottle METHIMSOL0049VC Methimazole 3.5mg/ml Oral Suspension 90ml Bottle METHIMSOL0052VC Methimazole 4mg/ml Oral Suspension 120ml Bottle METHIMSOL0057VC Methimazole 40mg","86211 bottles","Insanitary conditions.","07/05/2022","08/03/2022","04/22/2024","08/03/2022","000-03649973  06/05/2022 000-03678649  06/05/2022 000-03700303  06/05/2022 000-03734026  07/14/2022 000-03739287  07/14/2022 000-03758087  07/14/2022 000-03807729  06/05/2022 000-03864169  07/14/2022 000-03886051  09/05/2022 000-03910827  09/05/2022 000-03646270  06/20/2022 000-03693384  06/20/2022 000-03719929  06/20/2022 000-03843265  07/18/2022 000-03888794  07/18/2022 000-03937958  09/24/2022 000-04013733  09/24/2022 000-03751063  06/06/2022 000-03753218  06/06/2022 000-03869292  07/30/2022 000-03907492  07/30/2022 000-03712048  07/08/2022 000-03714979  07/08/2022 000-03742890  07/08/2022 000-03751852  07/08/2022 000-03768103  07/08/2022 000-03818389  07/08/2022 000-03827817  07/08/2022 000-03867168  07/20/2022 000-03871914  07/20/2022 000-03881262  07/20/2022 000-03886052  07/20/2022 000-03935196  08/06/2022 000-03939824  08/06/2022 000-03943736  08/06/2022 000-03951419  08/23/2022 000-03951432  08/23/2022 000-03954198  08/23/2022 000-03971964  08/23/2022 000-03981570  08/23/2022 000-03994867  08/23/2022 000-04014096  08/23/2022 000-04019546  08/23/2022 000-03628913  06/11/2022 000-03641233  06/20/2022 000-03645766  06/20/2022 000-03656595  06/20/2022 000-03675851  07/03/2022 000-03691480  07/09/2022 000-03700943  07/12/2022 000-03713616  07/12/2022 000-03720616  07/12/2022 000-03733385  07/12/2022 000-03737220  07/12/2022 000-03745487  07/25/2022 000-03750002  07/25/2022 000-03751976  07/25/2022 000-03766203  08/06/2022 000-03781510  08/06/2022 000-03789653  08/06/2022 000-03818679  08/24/2022 000-03861180  09/06/2022 000-03875755  09/06/2022 000-03894577  09/18/2022 000-03616965  06/14/2022 000-03618058  06/14/2022 000-03623315  06/14/2022 000-03628986  06/11/2022 000-03631413  06/18/2022 000-03640475  06/20/2022 000-03643555  06/20/2022 000-03644466  06/18/2022 000-03670917  07/03/2022 000-03675884  07/03/2022 000-03685292  07/09/2022 000-03706809  07/12/2022 000-03710113  07/12/2022 000-03719381  07/12/2022 000-03722034  07/12/2022 000-03725951  07/12/2022 000-03747459  07/25/2022 000-03751974  07/25/2022 000-03756021  07/25/2022 000-03770615  08/06/2022 000-03780339  08/06/2022 000-03789435  08/06/2022 000-03813106  08/24/2022 000-03818628  08/24/2022 000-03826978  08/30/2022 000-03838207  08/30/2022 000-03843067  08/30/2022 000-03881159  09/06/2022 000-03894579  09/18/2022 000-03628982  06/11/2022 000-03629515  06/18/2022 000-03649521  06/20/2022 000-03679680  07/03/2022 000-03694081  07/12/2022 000-03744809  07/25/2022 000-03761045  08/06/2022 000-03819909  08/24/2022 000-03845271  09/06/2022 000-03897996  09/18/2022 000-03641196  06/20/2022 000-03671762  07/03/2022 000-03707405  07/12/2022 000-03773091  08/06/2022 000-03777386  08/06/2022 000-03831587  08/30/2022 000-03840215  08/30/2022 000-03615284  06/11/2022 000-03675490  07/03/2022 000-03720856  07/12/2022 000-03766204  08/06/2022 000-03791939  08/06/2022 000-03836071  08/30/2022 000-03894582  09/18/2022 000-03903937  09/18/2022 000-03615569  06/11/2022 000-03633260  06/18/2022 000-03670906  07/03/2022 000-03671776  07/03/2022 000-03683238  07/09/2022 000-03687837  07/09/2022 000-03697190  07/12/2022 000-03755094  07/25/2022 000-03801878  08/06/2022 000-03818429  08/24/2022 000-03819906  08/24/2022 000-03846730  08/30/2022 000-03613617  06/11/2022 000-03625086  06/11/2022 000-03628921  06/11/2022 000-03645877  06/20/2022 000-03661242  06/20/2022 000-03670916  07/03/2022 000-03682725  07/09/2022 000-03685284  07/09/2022 000-03687846  07/03/2022 000-03736655  07/12/2022 000-03749911  07/25/2022 000-03787122  08/06/2022 000-03797587  08/06/2022 000-03841866  08/30/2022 000-03854103  09/06/2022 000-03869711  09/06/2022 000-03890925  09/18/2022 000-03615259  06/15/2022 000-03658938  07/04/2022 000-03704591  07/17/2022 000-03748558  08/01/2022 000-03640592  06/20/2022 000-03644528  06/18/2022 000-03675850  07/03/2022 000-03678017  07/03/2022 000-03685307  07/03/2022 000-03706791  07/12/2022 000-03720858  07/12/2022 000-03729424  07/12/2022 000-03761047  08/06/2022 000-03775383  08/06/2022 000-03789655  08/06/2022 000-03800596  08/06/2022 000-03810806  08/24/2022 000-03848516  08/30/2022 000-03858515  09/06/2022 000-03875757  09/06/2022 000-03879451  09/18/2022 000-03895676  09/18/2022 000-03618059  06/14/2022 000-03631419  06/18/2022 000-03641189  06/20/2022 000-03656648  07/03/2022 000-03660293  07/03/2022 000-03675398  07/03/2022 000-03678006  07/03/2022 000-03685295  07/03/2022 000-03694783  07/12/2022 000-03702333  07/12/2022 000-03748609  07/25/2022 000-03762949  08/06/2022 000-03841393  08/30/2022 000-03881924  09/06/2022 000-03623377  06/14/2022 000-03631416  06/18/2022 000-03631444  06/18/2022 000-03655308  06/20/2022 000-03670911  07/03/2022 000-03683241  07/09/2022 000-03697193  07/12/2022 000-03704573  07/12/2022 000-03707403  07/12/2022 000-03708548  07/12/2022 000-03721242  07/12/2022 000-03754582  07/25/2022 000-03764123  08/06/2022 000-03772675  08/06/2022 000-03777404  08/06/2022 000-03815641  08/24/2022 000-03822082  08/24/2022 000-03873884  09/06/2022 000-03895682  09/18/2022 000-03674614  06/06/2022 000-03704624  06/06/2022 000-03713608  06/06/2022 000-03719351  06/06/2022 000-03786824  07/30/2022 000-03792922  07/30/2022 000-03837854  07/30/2022 000-03897983  07/30/2022 000-03897987  07/30/2022 000-03912541  07/30/2022 000-03912584  07/30/2022 000-03674591  06/06/2022 000-03701027  07/10/2022 000-03740162  07/10/2022 000-03710570  07/10/2022 000-03718909  07/10/2022 000-03725269  07/10/2022 000-03734046  07/10/2022 000-03616716  06/11/2022 000-03631430  06/18/2022 000-03670922  07/03/2022 000-03716260  07/10/2022 000-03731243  07/10/2022 000-03744234  07/10/2022 000-03785369  07/10/2022 000-03868434  09/07/2022 000-03871245  09/07/2022 000-03697495  07/10/2022 000-03697496  07/10/2022 000-03697513  07/10/2022 000-03697515  07/10/2022 000-03701002  07/10/2022 000-03706982  07/10/2022 000-03712124  07/10/2022 000-03724065  07/10/2022 000-03731234  07/10/2022 000-03733255  07/10/2022 000-03735173  07/10/2022 000-03740180  07/10/2022 000-03762792  07/10/2022 000-03766554  07/10/2022 000-03768113  07/10/2022 000-03807109  07/10/2022 000-03809068  07/10/2022 000-03810849  07/10/2022 000-03811660  07/10/2022 000-03813645  07/10/2022 000-03866973  09/07/2022 000-03868403  09/07/2022 000-03868414  09/07/2022 000-03868421  09/07/2022 000-03871244  09/07/2022 000-03887239  09/07/2022 000-03894101  09/07/2022 000-03908355  09/07/2022 000-03933561  09/07/2022 000-03939351  09/07/2022 000-03946792  09/07/2022 000-03971974  09/07/2022 000-03975224  09/07/2022 000-03697518  07/10/2022 000-03712128  07/10/2022 000-03724081  07/10/2022 000-03743068  07/10/2022 000-03748412  07/10/2022 000-03751839  07/10/2022 000-03766544  07/10/2022 000-03785367  07/10/2022 000-03792332  07/10/2022 000-03863122  09/07/2022 000-03867439  09/07/2022 000-03889352  09/07/2022 000-03895792  09/07/2022 000-03908361  09/07/2022 000-03913031  09/07/2022 000-03919810  09/07/2022 000-03921901  09/07/2022 000-03921902  09/07/2022 000-03926460  09/07/2022 000-03930735  09/07/2022 000-03939348  09/07/2022 000-03697494  07/10/2022 000-03697498  07/10/2022 000-03697505  07/10/2022 000-03697506  07/10/2022 000-03697508  07/10/2022 000-03697509  07/10/2022 000-03697517  07/10/2022 000-03697519  07/10/2022 000-03697520  07/10/2022 000-03698380  07/10/2022 000-03700339  07/10/2022 000-03700345  07/10/2022 000-03701000  07/10/2022 000-03701003  07/10/2022 000-03701006  07/10/2022 000-03703648  07/10/2022 000-03706078  07/10/2022 000-03706079  07/10/2022 000-03706475  07/10/2022 000-03707707  07/10/2022 000-03707709  07/10/2022 000-03709656  07/10/2022 000-03713407  07/10/2022 000-03714977  07/10/2022 000-03714980  07/10/2022 000-03716872  07/10/2022 000-03718906  07/10/2022 000-03719961  07/10/2022 000-03721051  07/10/2022 000-03721052  07/10/2022 000-03721056  07/10/2022 000-03721758  07/10/2022 000-03721760  07/10/2022 000-03724068  07/10/2022 000-03724073  07/10/2022 000-03728335  07/10/2022 000-03728342  07/10/2022 000-03731236  07/10/2022 000-03731238  07/10/2022 000-03733271  07/10/2022 000-03736761  07/10/2022 000-03737433  07/10/2022 000-03737436  07/10/2022 000-03737437  07/10/2022 000-03739300  07/10/2022 000-03739302  07/10/2022 000-03740179  07/10/2022 000-03741051  07/10/2022 000-03743058  07/10/2022 000-03744226  07/10/2022 000-03744244  07/10/2022 000-03746888  07/10/2022 000-03746897  07/10/2022 000-03749268  07/10/2022 000-03751825  07/10/2022 000-03751827  07/10/2022 000-03751831  07/10/2022 000-03753624  07/10/2022 000-03756452  07/10/2022 000-03756463  07/10/2022 000-03756465  07/10/2022 000-03758086  07/10/2022 000-03759683  07/10/2022 000-03766542  07/10/2022 000-03766546  07/10/2022 000-03766548  07/10/2022 000-03766549  07/10/2022 000-03766550  07/10/2022 000-03766551  07/10/2022 000-03766553  07/10/2022 000-03766555  07/10/2022 000-03770293  07/10/2022 000-03773792  07/10/2022 000-03776461  07/10/2022 000-03776465  07/10/2022 000-03776574  07/10/2022 000-03776584  07/10/2022 000-03777166  07/10/2022 000-03777169  07/10/2022 000-03777651  07/10/2022 000-03779823  07/10/2022 000-03779839  07/10/2022 000-03780311  07/10/2022 000-03781806  07/10/2022 000-03785376  07/10/2022 000-03785377  07/10/2022 000-03785399  07/10/2022 000-03787059  07/10/2022 000-03787063  07/10/2022 000-03787471  07/10/2022 000-03788446  07/10/2022 000-03788449  07/10/2022 000-03792330  07/10/2022 000-03792343  07/10/2022 000-03795444  07/10/2022 000-03795448  07/10/2022 000-03796145  07/10/2022 000-03797014  07/10/2022 000-03799236  07/10/2022 000-03799238  07/10/2022 000-03800566  07/10/2022 000-03800918  07/10/2022 000-03801461  07/10/2022 000-03802303  07/10/2022 000-03803550  07/10/2022 000-03804630  07/10/2022 000-03805467  07/10/2022 000-03807730  07/10/2022 000-03811665  07/10/2022 000-03812378  07/10/2022 000-03812620  07/10/2022 000-03812621  07/10/2022 000-03813641  07/10/2022 000-03862573  09/07/2022 000-03862574  09/07/2022 000-03862576  09/07/2022 000-03867442  09/07/2022 000-03867792  09/07/2022 000-03868368  09/07/2022 000-03868369  09/07/2022 000-03868390  09/07/2022 000-03868393  09/07/2022 000-03868394  09/07/2022 000-03868396  09/07/2022 000-03868397  09/07/2022 000-03868398  09/07/2022 000-03868400  09/07/2022 000-03868401  09/07/2022 000-03868402  09/07/2022 000-03868405  09/07/2022 000-03868410  09/07/2022 000-03868411  09/07/2022 000-03868413  09/07/2022 000-03868415  09/07/2022 000-03868418  09/07/2022 000-03868420  09/07/2022 000-03868422  09/07/2022 000-03868423  09/07/2022 000-03868424  09/07/2022 000-03868425  09/07/2022 000-03868426  09/07/2022 000-03868428  09/07/2022 000-03868429  09/07/2022 000-03868432  09/07/2022 000-03868433  09/07/2022 000-03868435  09/07/2022 000-03869453  09/07/2022 000-03869468  09/07/2022 000-03870432  09/07/2022 000-03871251  09/07/2022 000-03871899  09/07/2022 000-03872925  09/07/2022 000-03875068  09/07/2022 000-03876846  09/07/2022 000-03878146  09/07/2022 000-03878148  09/07/2022 000-03878156  09/07/2022 000-03878160  09/07/2022 000-03879714  09/07/2022 000-03879722  09/07/2022 000-03880332  09/07/2022 000-03881198  09/07/2022 000-03882778  09/07/2022 000-03882790  09/07/2022 000-03887227  09/07/2022 000-03887234  09/07/2022 000-03888730  09/07/2022 000-03888746  09/07/2022 000-03889561  09/07/2022 000-03891587  09/07/2022 000-03892143  09/07/2022 000-03894078  09/07/2022 000-03894104  09/07/2022 000-03897626  09/07/2022 000-03899890  09/07/2022 000-03899891  09/07/2022 000-03901555  09/07/2022 000-03901557  09/07/2022 000-03901558  09/07/2022 000-03901567  09/07/2022 000-03901568  09/07/2022 000-03901571  09/07/2022 000-03902896  09/07/2022 000-03903494  09/07/2022 000-03903509  09/07/2022 000-03903514  09/07/2022 000-03904580  09/07/2022 000-03905508  09/07/2022 000-03905512  09/07/2022 000-03908356  09/07/2022 000-03908362  09/07/2022 000-03908577  09/07/2022 000-03908580  09/07/2022 000-03908582  09/07/2022 000-03911694  09/07/2022 000-03913721  09/07/2022 000-03915803  09/07/2022 000-03916833  09/07/2022 000-03917433  09/07/2022 000-03919194  09/07/2022 000-03921897  09/07/2022 000-03921899  09/07/2022 000-03921900  09/07/2022 000-03921904  09/07/2022 000-03921906  09/07/2022 000-03923296  09/07/2022 000-03923299  09/07/2022 000-03926462  09/07/2022 000-03926463  09/07/2022 000-03926468  09/07/2022 000-03927268  09/07/2022 000-03927666  09/07/2022 000-03927670  09/07/2022 000-03930728  09/07/2022 000-03930734  09/07/2022 000-03933566  09/07/2022 000-03935565  09/07/2022 000-03935568  09/07/2022 000-03939344  09/07/2022 000-03939831  09/07/2022 000-03941255  09/07/2022 000-03941870  09/07/2022 000-03941871  09/07/2022 000-03943722  09/07/2022 000-03943730  09/07/2022 000-03943745  09/07/2022 000-03945947  09/07/2022 000-03946605  09/07/2022 000-03946799  09/07/2022 000-03951420  09/07/2022 000-03951444  09/07/2022 000-03953574  09/07/2022 000-03954891  09/07/2022 000-03957434  09/07/2022 000-03958396  09/07/2022 000-03961271  09/07/2022 000-03961278  09/07/2022 000-03961279  09/07/2022 000-03961289  09/07/2022 000-03962920  09/07/2022 000-03962931  09/07/2022 000-03962935  09/07/2022 000-03962954  09/07/2022 000-03963886  09/07/2022 000-03964707  09/07/2022 000-03965332  09/07/2022 000-03968658  09/07/2022 000-03968662  09/07/2022 000-03969889  09/07/2022 000-03969890  09/07/2022 000-03974461  09/07/2022 000-03974464  09/07/2022 000-03975202  09/07/2022 000-03975231  09/07/2022 000-03975727  09/07/2022 000-03978216  09/07/2022 000-03979297  09/07/2022 000-03979299  09/07/2022 000-03979762  09/07/2022 000-03979790  09/07/2022 000-03979792  09/07/2022 000-03981578  09/07/2022 000-03981580  09/07/2022 000-03982459  09/07/2022 000-03982461  09/07/2022 000-03982462  09/07/2022 000-03983076  09/07/2022 000-03986045  09/07/2022 000-03986120  09/07/2022 000-04022121  09/07/2022 000-03697484  07/10/2022 000-03697487  07/10/2022 000-03697489  07/10/2022 000-03697497  07/10/2022 000-03697499  07/10/2022 000-03697500  07/10/2022 000-03697502  07/10/2022 000-03697504  07/10/2022 000-03697510  07/10/2022 000-03697511  07/10/2022 000-03697512  07/10/2022 000-03697516  07/10/2022 000-03700337  07/10/2022 000-03703656  07/10/2022 000-03703659  07/10/2022 000-03706071  07/10/2022 000-03706072  07/10/2022 000-03706076  07/10/2022 000-03706981  07/10/2022 000-03709167  07/10/2022 000-03710579  07/10/2022 000-03714982  07/10/2022 000-03714983  07/10/2022 000-03714986  07/10/2022 000-03716883  07/10/2022 000-03717078  07/10/2022 000-03719276  07/10/2022 000-03719280  07/10/2022 000-03721049  07/10/2022 000-03721057  07/10/2022 000-03721731  07/10/2022 000-03724066  07/10/2022 000-03724074  07/10/2022 000-03725286  07/10/2022 000-03725292  07/10/2022 000-03731239  07/10/2022 000-03734814  07/10/2022 000-03735152  07/10/2022 000-03736687  07/10/2022 000-03738182  07/10/2022 000-03738185  07/10/2022 000-03738204  07/10/2022 000-03739293  07/10/2022 000-03739294  07/10/2022 000-03741052  07/10/2022 000-03744237  07/10/2022 000-03744240  07/10/2022 000-03751828  07/10/2022 000-03751833  07/10/2022 000-03756444  07/10/2022 000-03756466  07/10/2022 000-03756468  07/10/2022 000-03759673  07/10/2022 000-03764274  07/10/2022 000-03766545  07/10/2022 000-03766547  07/10/2022 000-03770289  07/10/2022 000-03775264  07/10/2022 000-03779832  07/10/2022 000-03779856  07/10/2022 000-03780667  07/10/2022 000-03785363  07/10/2022 000-03785379  07/10/2022 000-03787062  07/10/2022 000-03789132  07/10/2022 000-03789133  07/10/2022 000-03794871  07/10/2022 000-03796047  07/10/2022 000-03796048  07/10/2022 000-03796142  07/10/2022 000-03796985  07/10/2022 000-03797009  07/10/2022 000-03799237  07/10/2022 000-03801917  07/10/2022 000-03803549  07/10/2022 000-03803551  07/10/2022 000-03804622  07/10/2022 000-03806495  07/10/2022 000-03807116  07/10/2022 000-03807721  07/10/2022 000-03807738  07/10/2022 000-03810864  07/10/2022 000-03812626  07/10/2022 000-03813660  07/10/2022 000-03814405  07/10/2022 000-03864184  09/07/2022 000-03864191  09/07/2022 000-03866520  09/07/2022 000-03868370  09/07/2022 000-03868389  09/07/2022 000-03868391  09/07/2022 000-03868395  09/07/2022 000-03868399  09/07/2022 000-03868404  09/07/2022 000-03868406  09/07/2022 000-03868407  09/07/2022 000-03868408  09/07/2022 000-03868409  09/07/2022 000-03868412  09/07/2022 000-03868416  09/07/2022 000-03868417  09/07/2022 000-03868430  09/07/2022 000-03868431  09/07/2022 000-03870427  09/07/2022 000-03870921  09/07/2022 000-03871892  09/07/2022 000-03875062  09/07/2022 000-03875074  09/07/2022 000-03876782  09/07/2022 000-03876791  09/07/2022 000-03876805  09/07/2022 000-03876844  09/07/2022 000-03877468  09/07/2022 000-03877799  09/07/2022 000-03878161  09/07/2022 000-03880827  09/07/2022 000-03880838  09/07/2022 000-03881268  09/07/2022 000-03882761  09/07/2022 000-03885575  09/07/2022 000-03885584  09/07/2022 000-03889355  09/07/2022 000-03890371  09/07/2022 000-03894080  09/07/2022 000-03894098  09/07/2022 000-03897637  09/07/2022 000-03899894  09/07/2022 000-03899897  09/07/2022 000-03901561  09/07/2022 000-03901564  09/07/2022 000-03903487  09/07/2022 000-03903488  09/07/2022 000-03903505  09/07/2022 000-03904571  09/07/2022 000-03906235  09/07/2022 000-03906236  09/07/2022 000-03908363  09/07/2022 000-03908364  09/07/2022 000-03908572  09/07/2022 000-03915206  09/07/2022 000-03915823  09/07/2022 000-03918498  09/07/2022 000-03919350  09/07/2022 000-03921898  09/07/2022 000-03921903  09/07/2022 000-03926459  09/07/2022 000-03926472  09/07/2022 000-03930720  09/07/2022 000-03930721  09/07/2022 000-03930722  09/07/2022 000-03930725  09/07/2022 000-03930732  09/07/2022 000-03930733  09/07/2022 000-03933569  09/07/2022 000-03939343  09/07/2022 000-03943724  09/07/2022 000-03945943  09/07/2022 000-03945945  09/07/2022 000-03945954  09/07/2022 000-03947832  09/07/2022 000-03951421  09/07/2022 000-03951422  09/07/2022 000-03951424  09/07/2022 000-03951429  09/07/2022 000-03951435  09/07/2022 000-03952006  09/07/2022 000-03954189  09/07/2022 000-03956285  09/07/2022 000-03958066  09/07/2022 000-03959403  09/07/2022 000-03959405  09/07/2022 000-03961283  09/07/2022 000-03963889  09/07/2022 000-03964310  09/07/2022 000-03964928  09/07/2022 000-03965328  09/07/2022 000-03965917  09/07/2022 000-03965922  09/07/2022 000-03971967  09/07/2022 000-03971968  09/07/2022 000-03971971  09/07/2022 000-03974458  09/07/2022 000-03976572  09/07/2022 000-03976573  09/07/2022 000-03977018  09/07/2022 000-03979787  09/07/2022 000-03982448  09/07/2022 000-03984218  09/07/2022 000-03697514  07/10/2022 000-03709168  07/10/2022 000-03713414  07/10/2022 000-03716881  07/10/2022 000-03718162  07/10/2022 000-03724084  07/10/2022 000-03728332  07/10/2022 000-03728343  07/10/2022 000-03731113  07/10/2022 000-03731232  07/10/2022 000-03733242  07/10/2022 000-03735161  07/10/2022 000-03739301  07/10/2022 000-03746884  07/10/2022 000-03753618  07/10/2022 000-03756456  07/10/2022 000-03762789  07/10/2022 000-03762793  07/10/2022 000-03794173  07/10/2022 000-03794860  07/10/2022 000-03794864  07/10/2022 000-03801911  07/10/2022 000-03804482  07/10/2022 000-03806128  07/10/2022 000-03864193  09/07/2022 000-03864920  09/07/2022 000-03867163  09/07/2022 000-03868392  09/07/2022 000-03868427  09/07/2022 000-03878158  09/07/2022 000-03885572  09/07/2022 000-03885578  09/07/2022 000-03885582  09/07/2022 000-03894087  09/07/2022 000-03903490  09/07/2022 000-03904582  09/07/2022 000-03926464  09/07/2022 000-03930724  09/07/2022 000-03933559  09/07/2022 000-03939349  09/07/2022 000-03940614  09/07/2022 000-03945940  09/07/2022 000-03954187  09/07/2022 000-03964926  09/07/2022 000-03967881  09/07/2022 000-03971972  09/07/2022 000-03977019  09/07/2022 000-03671917  06/06/2022 000-03681377  06/06/2022 000-03687443  06/06/2022 000-03717067  06/06/2022 000-03736628  06/06/2022 000-03758057  06/06/2022 000-03775639  06/06/2022 000-03794726  06/06/2022 000-03800662  06/06/2022 000-03934080  09/04/2022 000-03940637  09/04/2022 000-03949204  09/04/2022 000-03669059  06/06/2022 000-03682486  06/06/2022 000-03705383  06/06/2022 000-03716388  06/06/2022 000-03740165  06/06/2022 000-03765946  06/06/2022 000-03765948  06/06/2022 000-03766576  06/06/2022 000-03771108  06/06/2022 000-03773795  06/06/2022 000-03779828  06/06/2022 000-03781582  06/06/2022 000-03792609  06/06/2022 000-03795462  06/06/2022 000-03795465  06/06/2022 000-03796068  06/06/2022 000-03849229  08/25/2022 000-03860337  08/25/2022 000-03885602  09/04/2022 000-03892151  09/04/2022 000-03901589  09/04/2022 000-03919804  09/04/2022 000-03934132  09/04/2022 000-03946172  09/04/2022 000-03951093  09/04/2022 000-03657088  06/06/2022 000-03671626  06/06/2022 000-03672111  06/06/2022 000-03676478  06/06/2022 000-03697152  06/06/2022 000-03698378  06/06/2022 000-03705387  06/06/2022 000-03716387  06/06/2022 000-03738786  06/06/2022 000-03764260  06/06/2022 000-03772653  06/06/2022 000-03775632  06/06/2022 000-03775637  06/06/2022 000-03776455  06/06/2022 000-03784026  06/06/2022 000-03790053  06/06/2022 000-03824028  08/25/2022 000-03824038  08/25/2022 000-03824042  08/25/2022 000-03824046  08/25/2022 000-03831833  08/25/2022 000-03836637  08/25/2022 000-03849740  08/25/2022 000-03862561  08/25/2022 000-03869460  08/25/2022 000-03877808  09/04/2022 000-03892153  09/04/2022 000-03894076  09/04/2022 000-03905539  09/04/2022 000-03911779  09/04/2022 000-03934079  09/04/2022 000-03934083  09/04/2022 000-03681382  06/06/2022 000-03698375  06/06/2022 000-03738798  06/06/2022 000-03828627  08/25/2022 000-03840510  08/25/2022 000-03840518  08/25/2022 000-03841206  08/25/2022 000-03878137  09/04/2022 000-03934073  09/04/2022 000-03669035  06/06/2022 000-03669047  06/06/2022 000-03669049  06/06/2022 000-03681811  06/06/2022 000-03687439  06/06/2022 000-03688279  06/06/2022 000-03688286  06/06/2022 000-03691222  06/06/2022 000-03693381  06/06/2022 000-03697116  06/06/2022 000-03715756  06/06/2022 000-03715759  06/06/2022 000-03721034  06/06/2022 000-03721046  06/06/2022 000-03721815  06/06/2022 000-03723675  06/06/2022 000-03725273  06/06/2022 000-03726441  06/06/2022 000-03730215  06/06/2022 000-03731101  06/06/2022 000-03742718  06/06/2022 000-03749260  06/06/2022 000-03749800  06/06/2022 000-03754103  06/06/2022 000-03758058  06/06/2022 000-03762809  06/06/2022 000-03766577  06/06/2022 000-03774363  06/06/2022 000-03774916  06/06/2022 000-03776575  06/06/2022 000-03779865  06/06/2022 000-03785400  06/06/2022 000-03792336  06/06/2022 000-03797013  06/06/2022 000-03799248  06/06/2022 000-03800914  06/06/2022 000-03800925  06/06/2022 000-03826853  08/25/2022 000-03828345  08/25/2022 000-03829880  08/25/2022 000-03831822  08/25/2022 000-03831831  08/25/2022 000-03832603  08/25/2022 000-03833466  08/25/2022 000-03840504  08/25/2022 000-03844273  08/25/2022 000-03848808  08/25/2022 000-03849204  08/25/2022 000-03855116  08/25/2022 000-03862555  08/25/2022 000-03868925  08/25/2022 000-03869464  08/25/2022 000-03874595  08/25/2022 000-03877470  09/04/2022 000-03882787  09/04/2022 000-03885622  09/04/2022 000-03895892  09/04/2022 000-03903497  09/04/2022 000-03905489  09/04/2022 000-03909121  09/04/2022 000-03909606  09/04/2022 000-03916822  09/04/2022 000-03923623  09/04/2022 000-03929101  09/04/2022 000-03929105  09/04/2022 000-03929113  09/04/2022 000-03934127  09/04/2022 000-03935571  09/04/2022 000-03940635  09/04/2022 000-03940646  09/04/2022 000-03946169  09/04/2022 000-03946789  09/04/2022 000-03693395  06/06/2022 000-03701017  06/06/2022 000-03769386  06/06/2022 000-03774369  06/06/2022 000-03836703  08/25/2022 000-03851218  08/25/2022 000-03855108  08/25/2022 000-03841009  08/25/2022 000-03899898  09/04/2022 000-03669031  06/06/2022 000-03669051  06/06/2022 000-03742909  06/06/2022 000-03765945  06/06/2022 000-03775280  06/06/2022 000-03777540  06/06/2022 000-03777543  06/06/2022 000-03802464  06/06/2022 000-03809344  06/06/2022 000-03825271  08/25/2022 000-03826592  08/25/2022 000-03828343  08/25/2022 000-03870934  08/25/2022 000-03882796  09/04/2022 000-03888776  08/25/2022 000-03902671  09/04/2022 000-03905482  09/04/2022 000-03905491  09/04/2022 000-03908382  09/04/2022 000-03920297  09/04/2022 000-03934144  09/04/2022 000-03673285  06/06/2022 000-03697163  06/06/2022 000-03705384  06/06/2022 000-03742917  06/06/2022 000-03746901  06/06/2022 000-03746909  06/06/2022 000-03748468  06/06/2022 000-03772178  06/06/2022 000-03774905  06/06/2022 000-03802712  06/06/2022 000-03824018  08/25/2022 000-03827811  08/25/2022 000-03831835  08/25/2022 000-03844933  08/25/2022 000-03874605  08/25/2022 000-03876789  09/04/2022 000-03878141  09/04/2022 000-03892784  09/04/2022 000-03920591  09/04/2022 000-03934071  09/04/2022 000-03934078  09/04/2022 000-03730193  06/06/2022 000-03730196  06/06/2022 000-03742918  06/06/2022 000-03780671  06/06/2022 000-03804477  06/06/2022 000-03804484  06/06/2022 000-03833467  08/25/2022 000-03888777  08/25/2022 000-03897616  09/04/2022 000-03669037  06/06/2022 000-03672125  06/06/2022 000-03675539  06/06/2022 000-03683390  06/06/2022 000-03721814  06/06/2022 000-03725268  06/06/2022 000-03730210  06/06/2022 000-03731453  06/06/2022 000-03746913  06/06/2022 000-03795870  06/06/2022 000-03824050  08/25/2022 000-03831830  08/25/2022 000-03832604  08/25/2022 000-03836635  08/25/2022 000-03885603  09/04/2022 000-03908593  09/04/2022 000-03913751  09/04/2022 000-03923634  09/04/2022 000-03943775  09/04/2022 000-03688289  06/06/2022 000-03824043  08/25/2022 000-03848040  08/25/2022 000-03669028  06/06/2022 000-03669041  06/06/2022 000-03671618  06/06/2022 000-03671912  06/06/2022 000-03672441  06/06/2022 000-03675528  06/06/2022 000-03675531  06/06/2022 000-03676480  06/06/2022 000-03678655  06/06/2022 000-03680957  06/06/2022 000-03684569  06/06/2022 000-03684932  06/06/2022 000-03687449  06/06/2022 000-03688285  06/06/2022 000-03691225  06/06/2022 000-03693374  06/06/2022 000-03693391  06/06/2022 000-03697126  06/06/2022 000-03701012  06/06/2022 000-03701013  06/06/2022 000-03701014  06/06/2022 000-03701018  06/06/2022 000-03701020  06/06/2022 000-03701022  06/06/2022 000-03705380  06/06/2022 000-03705381  06/06/2022 000-03707771  06/06/2022 000-03712054  06/06/2022 000-03713410  06/06/2022 000-03713416  06/06/2022 000-03715743  06/06/2022 000-03715745  06/06/2022 000-03719966  06/06/2022 000-03721036  06/06/2022 000-03721038  06/06/2022 000-03721047  06/06/2022 000-03726421  06/06/2022 000-03726430  06/06/2022 000-03726451  06/06/2022 000-03729294  06/06/2022 000-03730200  06/06/2022 000-03730204  06/06/2022 000-03730206  06/06/2022 000-03730213  06/06/2022 000-03730225  06/06/2022 000-03731080  06/06/2022 000-03731448  06/06/2022 000-03731457  06/06/2022 000-03733275  06/06/2022 000-03736693  06/06/2022 000-03736713  06/06/2022 000-03738795  06/06/2022 000-03740157  06/06/2022 000-03743835  06/06/2022 000-03743840  06/06/2022 000-03743841  06/06/2022 000-03744257  06/06/2022 000-03744264  06/06/2022 000-03748470  06/06/2022 000-03749807  06/06/2022 000-03750835  06/06/2022 000-03750836  06/06/2022 000-03750843  06/06/2022 000-03751851  06/06/2022 000-03751858  06/06/2022 000-03758029  06/06/2022 000-03758053  06/06/2022 000-03758054  06/06/2022 000-03758055  06/06/2022 000-03758060  06/06/2022 000-03759684  06/06/2022 000-03765812  06/06/2022 000-03765940  06/06/2022 000-03765947  06/06/2022 000-03766574  06/06/2022 000-03766575  06/06/2022 000-03766586  06/06/2022 000-03766589  06/06/2022 000-03766590  06/06/2022 000-03766600  06/06/2022 000-03768107  06/06/2022 000-03768572  06/06/2022 000-03768575  06/06/2022 000-03768582  06/06/2022 000-03768584  06/06/2022 000-03769378  06/06/2022 000-03770295  06/06/2022 000-03772181  06/06/2022 000-03775282  06/06/2022 000-03776572  06/06/2022 000-03776589  06/06/2022 000-03777182  06/06/2022 000-03777189  06/06/2022 000-03777538  06/06/2022 000-03777648  06/06/2022 000-03779817  06/06/2022 000-03779849  06/06/2022 000-03779852  06/06/2022 000-03781753  06/06/2022 000-03781909  06/06/2022 000-03781919  06/06/2022 000-03787247  06/06/2022 000-03789802  06/06/2022 000-03791146  06/06/2022 000-03791148  06/06/2022 000-03791155  06/06/2022 000-03792604  06/06/2022 000-03794156  06/06/2022 000-03795454  06/06/2022 000-03798655  06/06/2022 000-03799699  06/06/2022 000-03799701  06/06/2022 000-03802463  06/06/2022 000-03804483  06/06/2022 000-03808173  06/06/2022 000-03811669  06/06/2022 000-03812640  08/25/2022 000-03824014  08/25/2022 000-03824022  08/25/2022 000-03824025  08/25/2022 000-03824035  08/25/2022 000-03824039  08/25/2022 000-03824044  08/25/2022 000-03824045  08/25/2022 000-03824125  08/25/2022 000-03828233  08/25/2022 000-03828348  08/25/2022 000-03828352  08/25/2022 000-03828531  08/25/2022 000-03828551  08/25/2022 000-03831824  08/25/2022 000-03831827  08/25/2022 000-03831834  08/25/2022 000-03832606  08/25/2022 000-03832610  08/25/2022 000-03833462  08/25/2022 000-03833463  08/25/2022 000-03833473  08/25/2022 000-03833959  08/25/2022 000-03833971  08/25/2022 000-03833977  08/25/2022 000-03836639  08/25/2022 000-03836687  08/25/2022 000-03841015  08/25/2022 000-03842152  08/25/2022 000-03842168  08/25/2022 000-03842182  08/25/2022 000-03843270  08/25/2022 000-03843754  08/25/2022 000-03844292  08/25/2022 000-03844297  08/25/2022 000-03845610  08/25/2022 000-03845617  08/25/2022 000-03845628  08/25/2022 000-03845629  08/25/2022 000-03849257  08/25/2022 000-03850160  08/25/2022 000-03851595  08/25/2022 000-03851604  08/25/2022 000-03851732  08/25/2022 000-03851802  08/25/2022 000-03852026  08/25/2022 000-03852036  08/25/2022 000-03855110  08/25/2022 000-03855111  08/25/2022 000-03855112  08/25/2022 000-03857020  08/25/2022 000-03858368  08/25/2022 000-03858629  08/25/2022 000-03858631  08/25/2022 000-03859444  08/25/2022 000-03859450  08/25/2022 000-03860334  08/25/2022 000-03860335  08/25/2022 000-03862559  08/25/2022 000-03862563  08/25/2022 000-03866172  08/25/2022 000-03868930  08/25/2022 000-03869463  08/25/2022 000-03870940  08/25/2022 000-03871226  08/25/2022 000-03876348  08/25/2022 000-03876802  09/04/2022 000-03880825  08/25/2022 000-03882784  09/04/2022 000-03890373  09/04/2022 000-03894086  09/04/2022 000-03899556  09/04/2022 000-03900986  09/04/2022 000-03900988  09/04/2022 000-03901579  09/04/2022 000-03902669  09/04/2022 000-03904575  09/04/2022 000-03907154  09/04/2022 000-03908373  09/04/2022 000-03908598  09/04/2022 000-03909117  09/04/2022 000-03909122  09/04/2022 000-03909598  09/04/2022 000-03909611  09/04/2022 000-03909614  09/04/2022 000-03910828  09/04/2022 000-03913743  09/04/2022 000-03913756  09/04/2022 000-03913760  09/04/2022 000-03915813  09/04/2022 000-03916819  09/04/2022 000-03917417  09/04/2022 000-03919809  09/04/2022 000-03920300  09/04/2022 000-03920592  09/04/2022 000-03929092  09/04/2022 000-03929094  09/04/2022 000-03929098  09/04/2022 000-03929109  09/04/2022 000-03929112  09/04/2022 000-03929115  09/04/2022 000-03930693  09/04/2022 000-03930697  09/04/2022 000-03934074  09/04/2022 000-03934082  09/04/2022 000-03934137  09/04/2022 000-03934145  09/04/2022 000-03934148  09/04/2022 000-03940638  09/04/2022 000-03940641  09/04/2022 000-03940643  09/04/2022 000-03940644  09/04/2022 000-03941261  09/04/2022 000-03941874  09/04/2022 000-03943779  09/04/2022 000-03946180  09/04/2022 000-03946183  09/04/2022 000-03946184  09/04/2022 000-03946614  09/04/2022 000-03946785  09/04/2022 000-03947842  09/04/2022 000-03951984  09/04/2022 000-03951990  09/04/2022 000-03952351  09/04/2022 000-03961646  09/04/2022 000-03961647  09/04/2022 000-03725266  06/06/2022 000-03733256  06/06/2022 000-03784015  06/06/2022 000-03800913  06/06/2022 000-03865879  08/25/2022 000-03905486  09/04/2022 000-03926465  09/04/2022 000-03672451  06/06/2022 000-03707772  06/06/2022 000-03715774  06/06/2022 000-03742920  06/06/2022 000-03746911  06/06/2022 000-03762802  06/06/2022 000-03802301  06/06/2022 000-03806494  06/06/2022 000-03809766  06/06/2022 000-03846875  08/25/2022 000-03880720  09/04/2022 000-03940630  09/04/2022 000-03669039  06/06/2022 000-03672107  06/06/2022 000-03676481  06/06/2022 000-03682483  06/06/2022 000-03687440  06/06/2022 000-03701019  06/06/2022 000-03713412  06/06/2022 000-03740153  06/06/2022 000-03758059  06/06/2022 000-03765939  06/06/2022 000-03766587  06/06/2022 000-03776454  06/06/2022 000-03776591  06/06/2022 000-03787254  06/06/2022 000-03795693  06/06/2022 000-03824034  08/25/2022 000-03826594  08/25/2022 000-03829864  08/25/2022 000-03845634  08/25/2022 000-03858366  08/25/2022 000-03871910  08/25/2022 000-03876825  09/04/2022 000-03879259  09/04/2022 ","000-03882768  09/04/2022 000-03894099  09/04/2022 000-03916826  09/04/2022 000-03919190  09/04/2022 000-03961649  09/04/2022 000-03669055  06/06/2022 000-03669057  06/06/2022 000-03686041  06/06/2022 000-03691218  06/06/2022 000-03691224  06/06/2022 000-03693392  06/06/2022 000-03701015  06/06/2022 000-03736719  06/06/2022 000-03743843  06/06/2022 000-03744261  06/06/2022 000-03749811  06/06/2022 000-03751850  06/06/2022 000-03762790  06/06/2022 000-03766573  06/06/2022 000-03769383  06/06/2022 000-03769385  06/06/2022 000-03772182  06/06/2022 000-03779861  06/06/2022 000-03781902  06/06/2022 000-03792601  06/06/2022 000-03805471  06/06/2022 000-03807719  06/06/2022 000-03810850  06/06/2022 000-03824023  08/25/2022 000-03824032  08/25/2022 000-03824047  08/25/2022 000-03824049  08/25/2022 000-03829848  08/25/2022 000-03833465  08/25/2022 000-03843273  08/25/2022 000-03847650  08/25/2022 000-03874599  08/25/2022 000-03905493  09/04/2022 000-03927214  09/04/2022 000-03940628  09/04/2022 000-03940632  09/04/2022 000-03946175  09/04/2022 000-03673039  06/06/2022 000-03674841  06/06/2022 000-03676483  06/06/2022 000-03698372  06/06/2022 000-03698374  06/06/2022 000-03701016  06/06/2022 000-03740151  06/06/2022 000-03742919  06/06/2022 000-03749252  06/06/2022 000-03749254  06/06/2022 000-03754105  06/06/2022 000-03754108  06/06/2022 000-03764268  06/06/2022 000-03765811  06/06/2022 000-03768588  06/06/2022 000-03776155  06/06/2022 000-03777177  06/06/2022 000-03788459  06/06/2022 000-03804329  06/06/2022 000-03807710  06/06/2022 000-03866521  08/25/2022 000-03869471  08/25/2022 000-03871231  08/25/2022 000-03874603  08/25/2022 000-03888785  08/25/2022 000-03892164  09/04/2022 000-03897618  09/04/2022 000-03908371  09/04/2022 000-03929100  09/04/2022 000-03940634  09/04/2022 000-03948873  09/04/2022 000-03951986  09/04/2022 000-03692067  06/06/2022 000-03705386  06/06/2022 000-03719287  06/06/2022 000-03730224  06/06/2022 000-03781757  06/06/2022 000-03841203  08/25/2022 000-03844283  08/25/2022 000-03845611  08/25/2022 000-03855114  08/25/2022 000-03857024  08/25/2022 000-03870441  08/25/2022 000-03879246  09/04/2022 000-03946173  09/04/2022 000-03688283  06/06/2022 000-03697154  06/06/2022 000-03698376  06/06/2022 000-03698382  06/06/2022 000-03715740  06/06/2022 000-03758028  06/06/2022 000-03781586  06/06/2022 000-03793064  06/06/2022 000-03824036  08/25/2022 000-03836630  08/25/2022 000-03840508  08/25/2022 000-03889345  09/04/2022 000-03905492  09/04/2022 000-03926457  09/04/2022 000-03929103  09/04/2022 000-03929117  09/04/2022 000-03949209  09/04/2022 000-03656390  06/06/2022 000-03669043  06/06/2022 000-03671906  06/06/2022 000-03672117  06/06/2022 000-03676479  06/06/2022 000-03679597  06/06/2022 000-03681923  06/06/2022 000-03682485  06/06/2022 000-03687441  06/06/2022 000-03687450  06/06/2022 000-03688287  06/06/2022 000-03691221  06/06/2022 000-03693382  06/06/2022 000-03697144  06/06/2022 000-03707762  06/06/2022 000-03707765  06/06/2022 000-03707766  06/06/2022 000-03707770  06/06/2022 000-03709144  06/06/2022 000-03709147  06/06/2022 000-03710561  06/06/2022 000-03712061  06/06/2022 000-03718169  06/06/2022 000-03718174  06/06/2022 000-03718747  06/06/2022 000-03721039  06/06/2022 000-03725277  06/06/2022 000-03725278  06/06/2022 000-03729902  06/06/2022 000-03730198  06/06/2022 000-03730202  06/06/2022 000-03731106  06/06/2022 000-03731446  06/06/2022 000-03736685  06/06/2022 000-03736752  06/06/2022 000-03738796  06/06/2022 000-03742905  06/06/2022 000-03742906  06/06/2022 000-03742907  06/06/2022 000-03742913  06/06/2022 000-03746900  06/06/2022 000-03749262  06/06/2022 000-03754092  06/06/2022 000-03754106  06/06/2022 000-03758027  06/06/2022 000-03758030  06/06/2022 000-03758052  06/06/2022 000-03758056  06/06/2022 000-03759917  06/06/2022 000-03770271  06/06/2022 000-03770279  06/06/2022 000-03772175  06/06/2022 000-03772183  06/06/2022 000-03778982  06/06/2022 000-03784024  06/06/2022 000-03787252  06/06/2022 000-03792341  06/06/2022 000-03792610  06/06/2022 000-03794175  06/06/2022 000-03794729  06/06/2022 000-03795456  06/06/2022 000-03795459  06/06/2022 000-03795461  06/06/2022 000-03795464  06/06/2022 000-03796140  06/06/2022 000-03796990  06/06/2022 000-03797002  06/06/2022 000-03798657  06/06/2022 000-03800907  06/06/2022 000-03803685  06/06/2022 000-03824012  08/25/2022 000-03824020  08/25/2022 000-03824037  08/25/2022 000-03824041  08/25/2022 000-03825273  08/25/2022 000-03828533  08/25/2022 000-03828536  08/25/2022 000-03829876  08/25/2022 000-03831821  08/25/2022 000-03831826  08/25/2022 000-03831829  08/25/2022 000-03833464  08/25/2022 000-03833474  08/25/2022 000-03838119  08/25/2022 000-03838120  08/25/2022 000-03842176  08/25/2022 000-03843256  08/25/2022 000-03844287  08/25/2022 000-03848059  08/25/2022 000-03849206  08/25/2022 000-03855107  08/25/2022 000-03855113  08/25/2022 000-03855115  08/25/2022 000-03855117  08/25/2022 000-03858626  08/25/2022 000-03858627  08/25/2022 000-03858632  08/25/2022 000-03859892  08/25/2022 000-03864178  08/25/2022 000-03864181  08/25/2022 000-03864895  08/25/2022 000-03864940  08/25/2022 000-03867441  08/25/2022 000-03870442  08/25/2022 000-03870448  08/25/2022 000-03870932  08/25/2022 000-03871905  08/25/2022 000-03871907  08/25/2022 000-03872566  08/25/2022 000-03874601  08/25/2022 000-03876345  08/25/2022 000-03877464  09/04/2022 000-03879255  09/04/2022 000-03879876  09/04/2022 000-03881155  09/04/2022 000-03881157  09/04/2022 000-03883419  08/25/2022 000-03885601  09/04/2022 000-03885610  09/04/2022 000-03885623  09/04/2022 000-03892777  09/04/2022 000-03894084  09/04/2022 000-03894088  09/04/2022 000-03894096  09/04/2022 000-03897609  09/04/2022 000-03899555  09/04/2022 000-03902670  09/04/2022 000-03902887  09/04/2022 000-03906239  09/04/2022 000-03908374  09/04/2022 000-03909604  09/04/2022 000-03910359  09/04/2022 000-03910837  09/04/2022 000-03913028  09/04/2022 000-03913747  09/04/2022 000-03915830  09/04/2022 000-03917413  09/04/2022 000-03919189  09/04/2022 000-03919198  09/04/2022 000-03923626  09/04/2022 000-03927210  09/04/2022 000-03927216  09/04/2022 000-03929097  09/04/2022 000-03930699  09/04/2022 000-03934128  09/04/2022 000-03934139  09/04/2022 000-03934143  09/04/2022 000-03935188  09/04/2022 000-03940640  09/04/2022 000-03946174  09/04/2022 000-03946176  09/04/2022 000-03946181  09/04/2022 000-03946182  09/04/2022 000-03951989  09/04/2022 000-03961645  09/04/2022 000-03961648  09/04/2022 000-03961650  09/04/2022 000-03678669  06/06/2022 000-03824048  08/25/2022 000-03858628  08/25/2022 000-03867785  08/25/2022 000-03961651  09/04/2022 000-03698386  06/06/2022 000-03701011  06/06/2022 000-03707760  06/06/2022 000-03717062  06/06/2022 000-03733276  06/06/2022 000-03788451  06/06/2022 000-03826261  08/25/2022 000-03843257  08/25/2022 000-03889542  09/04/2022 000-03901576  09/04/2022 000-03946179  09/04/2022 000-03672120  06/06/2022 000-03674838  06/06/2022 000-03710559  06/06/2022 000-03768577  06/06/2022 000-03809773  06/06/2022 000-03836638  08/25/2022 000-03843267  08/25/2022 000-03878135  09/04/2022 000-03888792  09/04/2022 000-03906240  09/04/2022 000-03669053  06/06/2022 000-03672448  06/06/2022 000-03680966  06/06/2022 000-03691220  06/06/2022 000-03697150  06/06/2022 000-03721829  06/06/2022 000-03730223  06/06/2022 000-03740154  06/06/2022 000-03766584  06/06/2022 000-03791152  06/06/2022 000-03794732  06/06/2022 000-03803544  06/06/2022 000-03803546  06/06/2022 000-03824016  08/25/2022 000-03824040  08/25/2022 000-03842154  08/25/2022 000-03842170  08/25/2022 000-03843269  08/25/2022 000-03849230  08/25/2022 000-03874608  08/25/2022 000-03885616  09/04/2022 000-03890374  09/04/2022 000-03894095  09/04/2022 000-03894587  09/04/2022 000-03909118  09/04/2022 000-03910337  09/04/2022 000-03913754  09/04/2022 000-03929096  09/04/2022 000-03935197  09/04/2022 000-03943770  09/04/2022 000-03946171  09/04/2022 000-03669045  06/06/2022 000-03876838  09/04/2022 000-03618060  06/11/2022 000-03622024  06/11/2022 000-03628920  06/14/2022 000-03629577  06/11/2022 000-03631424  06/18/2022 000-03631428  06/18/2022 000-03633251  06/18/2022 000-03644519  06/18/2022 000-03652807  06/20/2022 000-03661635  06/20/2022 000-03674404  07/03/2022 000-03682753  07/09/2022 000-03690930  07/03/2022 000-03698453  07/12/2022 000-03700899  07/12/2022 000-03712900  07/12/2022 000-03739857  07/12/2022 000-03743226  07/12/2022 000-03747446  07/25/2022 000-03771918  08/06/2022 000-03777392  08/06/2022 000-03824620  08/24/2022 000-03848508  08/30/2022 000-03881316  09/18/2022 000-03905836  09/18/2022 000-03623365  06/14/2022 000-03625110  06/14/2022 000-03629499  06/18/2022 000-03631411  06/18/2022 000-03643355  06/20/2022 000-03644496  06/18/2022 000-03675507  07/03/2022 000-03692411  07/09/2022 000-03694078  07/12/2022 000-03743152  07/12/2022 000-03745984  07/25/2022 000-03751080  07/25/2022 000-03755085  07/25/2022 000-03797591  08/06/2022 000-03810453  08/24/2022 000-03829502  08/30/2022 000-03842601  09/06/2022 000-03879449  09/18/2022 000-03879455  09/06/2022 000-03672043  06/06/2022 000-03685325  06/06/2022 000-03685478  06/06/2022 000-03691082  06/06/2022 000-03717246  06/06/2022 000-03797573  07/30/2022 000-03829021  07/30/2022 000-03912546  07/30/2022 000-03843677  07/30/2022 000-03649507  06/06/2022 000-03780373  07/30/2022 000-03631404  06/06/2022 000-03649493  06/06/2022 000-03679030  06/06/2022 000-03744819  06/06/2022 000-03756579  07/30/2022 000-03758286  06/06/2022 000-03766202  06/06/2022 000-03770611  06/06/2022 000-03810796  07/30/2022 000-03824647  07/30/2022 000-03833077  07/30/2022 000-03836078  07/30/2022 000-03858516  07/30/2022 000-03873840  07/30/2022 000-03885087  07/30/2022 000-03908699  07/30/2022 000-03908710  07/30/2022 000-03631412  06/06/2022 000-03633289  06/06/2022 000-03649490  06/06/2022 000-03747451  06/06/2022 000-03773546  06/06/2022 000-03792905  07/30/2022 000-03832563  07/30/2022 000-03859355  07/30/2022 000-03900399  07/30/2022 000-03631408  06/06/2022 000-03679002  06/06/2022 000-03758279  06/06/2022 000-03832570  07/30/2022 000-03836059  07/30/2022 000-03615685  06/11/2022 000-03622880  06/14/2022 000-03633269  06/18/2022 000-03645872  06/20/2022 000-03675543  07/03/2022 000-03683255  07/09/2022 000-03743154  07/12/2022 000-03747464  07/25/2022 000-03763703  08/06/2022 000-03797592  08/06/2022 000-03819914  08/24/2022 000-03826971  08/30/2022 000-03852546  09/06/2022 000-03880283  09/06/2022 000-03829022  07/30/2022 000-03637302  06/19/2022 000-03649500  06/25/2022 000-03655334  06/27/2022 000-03762149  08/06/2022 000-03766196  08/07/2022 000-03780357  08/13/2022 000-03852577  09/09/2022 000-03859426  09/11/2022 000-03880259  09/19/2022 000-03813648  06/25/2022 000-03913730  08/29/2022 000-03749784  06/25/2022 000-03779830  06/25/2022 000-03910832  08/29/2022 000-03913735  08/29/2022 000-03951406  08/29/2022 000-03991190  08/29/2022 000-03695558  06/25/2022 000-03739299  06/25/2022 000-03748433  06/25/2022 000-03786279  06/25/2022 000-03833982  06/25/2022 000-03849202  08/29/2022 000-03885560  08/29/2022 000-03889560  08/29/2022 000-03923177  08/29/2022 000-03938515  08/29/2022 000-03943696  08/29/2022 000-04035144  08/29/2022 000-04042645  08/29/2022 000-04051579  08/29/2022 000-03809072  06/25/2022 000-03959891  08/29/2022 000-03706073  06/25/2022 000-03719274  06/25/2022 000-03743063  06/25/2022 000-03796053  06/25/2022 000-03811671  06/25/2022 000-03812624  06/25/2022 000-03817581  06/25/2022 000-03823788  06/25/2022 000-03829851  06/25/2022 000-03832599  06/25/2022 000-03876842  08/29/2022 000-03894071  08/29/2022 000-03911693  08/29/2022 000-03925448  08/29/2022 000-03925450  08/29/2022 000-03925457  08/29/2022 000-03946797  08/29/2022 000-03964712  08/29/2022 000-03974474  08/29/2022 000-03998086  08/29/2022 000-04003380  08/29/2022 000-04017616  08/29/2022 000-04024664  08/29/2022 000-04030521  08/29/2022 000-04038260  08/29/2022 000-04038262  08/29/2022 000-04038269  08/29/2022 000-03833185  06/25/2022 000-03693365  06/25/2022 000-03703654  06/25/2022 000-03744243  06/25/2022 000-03817576  06/25/2022 000-03855120  08/29/2022 000-03857008  08/29/2022 000-03930730  08/29/2022 000-03999141  08/29/2022 000-04012083  08/29/2022 000-04047006  08/29/2022 000-03695571  06/25/2022 000-03703646  06/25/2022 000-03709643  06/25/2022 000-03712152  06/25/2022 000-03716252  06/25/2022 000-03719939  06/25/2022 000-03721050  06/25/2022 000-03733168  06/25/2022 000-03748429  06/25/2022 000-03748439  06/25/2022 000-03759670  06/25/2022 000-03775630  06/25/2022 000-03776580  06/25/2022 000-03792611  06/25/2022 000-03797696  06/25/2022 000-03813651  06/25/2022 000-03828630  06/25/2022 000-03829870  06/25/2022 000-03838754  06/25/2022 000-03846868  06/25/2022 000-03846874  08/29/2022 000-03853444  08/29/2022 000-03866523  08/29/2022 000-03879037  08/29/2022 000-03885566  08/29/2022 000-03917438  08/29/2022 000-03920610  08/29/2022 000-03923306  08/29/2022 000-03930729  08/29/2022 000-03951410  08/29/2022 000-03955771  08/29/2022 000-03965926  08/29/2022 000-03977818  08/29/2022 000-04002185  08/29/2022 000-04016844  08/29/2022 000-04019507  08/29/2022 000-04033259  08/29/2022 000-04049169  08/29/2022 000-04049656  08/29/2022 000-03744232  06/25/2022 000-03838732  06/25/2022 000-03870434  08/29/2022 000-03615239  06/11/2022 000-03650113  06/20/2022 000-03670862  07/03/2022 000-03706240  07/12/2022 000-03725156  07/12/2022 000-03789467  08/06/2022 000-03873861  09/18/2022 000-03900383  09/18/2022 000-03615253  06/14/2022 000-03626816  06/14/2022 000-03633651  06/18/2022 000-03637315  06/18/2022 000-03650150  06/18/2022 000-03674452  07/03/2022 000-03679112  07/03/2022 000-03685290  07/09/2022 000-03706236  07/12/2022 000-03720624  07/12/2022 000-03733384  07/12/2022 000-03740384  07/12/2022 000-03745591  07/25/2022 000-03751068  07/25/2022 000-03754578  07/25/2022 000-03777393  08/06/2022 000-03804178  08/06/2022 000-03818644  08/06/2022 000-03832798  08/30/2022 000-03885052  09/18/2022 000-03908727  09/18/2022 000-03621686  06/14/2022 000-03674403  07/03/2022 000-03698445  07/12/2022 000-03729413  07/12/2022 000-03739312  07/09/2022 000-03766580  07/09/2022 000-03787244  07/09/2022 000-03798161  07/09/2022 000-03802706  07/09/2022 000-03833970  07/09/2022 000-03853281  07/09/2022 000-03888762  09/01/2022 000-03913742  09/01/2022 000-03929157  09/01/2022 000-03945933  09/01/2022 000-03977021  09/01/2022 000-03982465  09/01/2022 000-03983053  09/01/2022 000-03991665  09/01/2022 000-03724654  07/09/2022 000-03725290  07/09/2022 000-03726051  07/09/2022 000-03733258  07/09/2022 000-03738184  07/09/2022 000-03754077  07/09/2022 000-03766581  07/09/2022 000-03776468  07/09/2022 000-03790392  07/09/2022 000-03792342  07/09/2022 000-03795453  07/09/2022 000-03818402  07/09/2022 000-03823044  07/09/2022 000-03832786  07/09/2022 000-03832812  07/09/2022 000-03851627  07/09/2022 000-03854233  09/01/2022 000-03856603  09/01/2022 000-03870939  09/01/2022 000-03879258  09/01/2022 000-03882769  09/01/2022 000-03882773  09/01/2022 000-03885586  09/01/2022 000-03915831  09/01/2022 000-03919349  09/01/2022 000-03929145  09/01/2022 000-03933619  09/01/2022 000-03933620  09/01/2022 000-03933623  09/01/2022 000-03939347  09/01/2022 000-03946178  09/01/2022 000-03978900  09/01/2022 000-03987077  09/01/2022 000-03736621  07/09/2022 000-03759695  07/09/2022 000-03773782  07/09/2022 000-03796996  07/09/2022 000-03913032  09/01/2022 000-03961286  09/01/2022 000-03962962  09/01/2022 000-03771102  07/09/2022 000-03867167  09/01/2022 000-03868939  09/01/2022 000-03962956  09/01/2022 000-03777173  07/09/2022 000-03786286  07/09/2022 000-03795455  07/09/2022 000-03851799  07/09/2022 000-03873241  09/01/2022 000-03873242  09/01/2022 000-03927208  09/01/2022 000-03946795  09/01/2022 000-03973576  09/01/2022 000-03986123  09/01/2022 000-03794733  07/09/2022 000-03933609  09/01/2022 000-03724643  07/09/2022 000-03739306  07/09/2022 000-03833967  07/09/2022 000-03866270  09/01/2022 000-03889562  09/01/2022 000-03945949  09/01/2022 000-03754101  07/09/2022 000-03766579  07/09/2022 000-03781578  07/09/2022 000-03781921  07/09/2022 000-03801910  07/09/2022 000-03814409  07/09/2022 000-03823039  07/09/2022 000-03832807  07/09/2022 000-03840516  07/09/2022 000-03868921  09/01/2022 000-03871232  09/01/2022 000-03876799  09/01/2022 000-03899881  09/01/2022 000-03901559  09/01/2022 000-03927202  09/01/2022 000-03983756  09/01/2022 000-03992573  09/01/2022 000-03994874  09/01/2022 000-03724650  07/09/2022 000-03775619  07/09/2022 000-03803555  07/09/2022 000-03901560  09/01/2022 000-03934066  09/01/2022 000-03749776  07/09/2022 000-03773789  07/09/2022 000-03840507  07/09/2022 000-03847646  07/09/2022 000-03848437  07/09/2022 000-03878136  09/01/2022 000-03934062  09/01/2022 000-03971661  09/01/2022 000-03984730  09/01/2022 000-03724641  07/09/2022 000-03724642  07/09/2022 000-03724651  07/09/2022 000-03724652  07/09/2022 000-03731240  07/09/2022 000-03737432  07/09/2022 000-03749259  07/09/2022 000-03749266  07/09/2022 000-03749805  07/09/2022 000-03750807  07/09/2022 000-03751855  07/09/2022 000-03756434  07/09/2022 000-03756450  07/09/2022 000-03758080  07/09/2022 000-03766588  07/09/2022 000-03781754  07/09/2022 000-03781922  07/09/2022 000-03786272  07/09/2022 000-03789142  07/09/2022 000-03792596  07/09/2022 000-03794171  07/09/2022 000-03797006  07/09/2022 000-03799710  07/09/2022 000-03813471  07/09/2022 000-03814412  07/09/2022 000-03815058  07/09/2022 000-03820140  07/09/2022 000-03822818  07/09/2022 000-03828530  07/09/2022 000-03829854  07/09/2022 000-03829883  07/09/2022 000-03833176  07/09/2022 000-03844923  07/09/2022 000-03849208  07/09/2022 000-03851739  09/01/2022 000-03854222  07/09/2022 000-03854230  09/01/2022 000-03855134  09/01/2022 000-03862569  09/01/2022 000-03864174  09/01/2022 000-03864882  09/01/2022 000-03867170  09/01/2022 000-03870935  09/01/2022 000-03871230  09/01/2022 000-03871238  09/01/2022 000-03878139  09/01/2022 000-03879042  09/01/2022 000-03879873  09/01/2022 000-03885597  09/01/2022 000-03901572  09/01/2022 000-03903491  09/01/2022 000-03904581  09/01/2022 000-03906238  09/01/2022 000-03908586  09/01/2022 000-03909601  09/01/2022 000-03913723  09/01/2022 000-03913724  09/01/2022 000-03913738  09/01/2022 000-03915829  09/01/2022 000-03927193  09/01/2022 000-03929155  09/01/2022 000-03933614  09/01/2022 000-03933622  09/01/2022 000-03940611  09/01/2022 000-03943749  09/01/2022 000-03949207  09/01/2022 000-03952000  09/01/2022 000-03954196  09/01/2022 000-03958077  09/01/2022 000-03961274  09/01/2022 000-03961280  09/01/2022 000-03961284  09/01/2022 000-03963893  09/01/2022 000-03965321  09/01/2022 000-03967060  09/01/2022 000-03974442  09/01/2022 000-03983106  09/01/2022 000-03985117  09/01/2022 000-03987089  09/01/2022 000-03989562  09/01/2022 000-03991172  09/01/2022 000-03991647  09/01/2022 000-03991655  09/01/2022 000-03729173  07/09/2022 000-03740167  07/09/2022 000-03758065  07/09/2022 000-03774364  07/09/2022 000-03802305  07/09/2022 000-03814548  07/09/2022 000-03836688  07/09/2022 000-03836701  07/09/2022 000-03887237  09/01/2022 000-03889559  09/01/2022 000-03926458  09/01/2022 000-03934067  09/01/2022 000-03942516  09/01/2022 000-03956287  09/01/2022 000-03964918  09/01/2022 000-03986115  09/01/2022 000-03751849  07/09/2022 000-03758072  07/09/2022 000-03758078  07/09/2022 000-03776588  07/09/2022 000-03784039  07/09/2022 000-03824123  07/09/2022 000-03839764  07/09/2022 000-03839919  07/09/2022 000-03844937  07/09/2022 000-03847651  07/09/2022 000-03859884  09/01/2022 000-03890175  09/01/2022 000-03908383  09/01/2022 000-03911186  09/01/2022 000-03911772  09/01/2022 000-03919195  09/01/2022 000-03964710  09/01/2022 000-03983107  09/01/2022 000-03983997  09/01/2022 000-03742894  07/09/2022 000-03826589  07/09/2022 000-03859877  09/01/2022 000-03724644  07/09/2022 000-03724645  07/09/2022 000-03724646  07/09/2022 000-03724647  07/09/2022 000-03724648  07/09/2022 000-03724649  07/09/2022 000-03724653  07/09/2022 000-03725294  07/09/2022 000-03729163  07/09/2022 000-03729164  07/09/2022 000-03729169  07/09/2022 000-03729170  07/09/2022 000-03731235  07/09/2022 000-03738190  07/09/2022 000-03739308  07/09/2022 000-03740168  07/09/2022 000-03741057  07/09/2022 000-03744258  07/09/2022 000-03746914  07/09/2022 000-03748435  07/09/2022 000-03748436  07/09/2022 000-03748438  07/09/2022 000-03748456  07/09/2022 000-03749768  07/09/2022 000-03750830  07/09/2022 000-03756428  07/09/2022 000-03756429  07/09/2022 000-03756437  07/09/2022 000-03756438  07/09/2022 000-03758073  07/09/2022 000-03758076  07/09/2022 000-03758077  07/09/2022 000-03758079  07/09/2022 000-03759687  07/09/2022 000-03762796  07/09/2022 000-03766578  07/09/2022 000-03766582  07/09/2022 000-03766583  07/09/2022 000-03766594  07/09/2022 000-03770270  07/09/2022 000-03770272  07/09/2022 000-03772156  07/09/2022 000-03774367  07/09/2022 000-03774917  07/09/2022 000-03775635  07/09/2022 000-03777634  07/09/2022 000-03777639  07/09/2022 000-03779866  07/09/2022 000-03780631  07/09/2022 000-03784017  07/09/2022 000-03784035  07/09/2022 000-03784037  07/09/2022 000-03785394  07/09/2022 000-03786281  07/09/2022 000-03787250  07/09/2022 000-03787259  07/09/2022 000-03788454  07/09/2022 000-03791034  07/09/2022 000-03792613  07/09/2022 000-03795451  07/09/2022 000-03795466  07/09/2022 000-03795467  07/09/2022 000-03796074  07/09/2022 000-03800226  07/09/2022 000-03800661  07/09/2022 000-03800919  07/09/2022 000-03800928  07/09/2022 000-03801467  07/09/2022 000-03804481  07/09/2022 000-03806487  07/09/2022 000-03807722  07/09/2022 000-03807736  07/09/2022 000-03809076  07/09/2022 000-03811659  07/09/2022 000-03812644  02/25/2023 000-03813032  07/09/2022 000-03813472  07/09/2022 000-03813644  07/09/2022 000-03814406  07/09/2022 000-03815069  07/09/2022 000-03817614  07/09/2022 000-03820145  07/09/2022 000-03821235  07/09/2022 000-03822449  07/09/2022 000-03822452  07/09/2022 000-03824128  07/09/2022 000-03824132  07/09/2022 000-03827810  07/09/2022 000-03828355  07/09/2022 000-03829866  07/09/2022 000-03829875  07/09/2022 000-03830329  07/09/2022 000-03831819  07/09/2022 000-03831828  07/09/2022 000-03832813  07/09/2022 000-03833181  07/09/2022 000-03833981  07/09/2022 000-03834777  07/09/2022 000-03836696  07/09/2022 000-03838111  07/09/2022 000-03838735  07/09/2022 000-03838772  07/09/2022 000-03840512  07/09/2022 000-03842165  07/09/2022 000-03844935  07/09/2022 000-03845607  07/09/2022 000-03848031  07/09/2022 000-03854223  09/01/2022 000-03855131  09/01/2022 000-03856560  09/01/2022 000-03860333  09/01/2022 000-03860339  09/01/2022 000-03862560  09/01/2022 000-03862570  09/01/2022 000-03865885  09/01/2022 000-03867793  09/01/2022 000-03869456  09/01/2022 000-03871886  09/01/2022 000-03876337  09/01/2022 000-03876341  09/01/2022 000-03876346  09/01/2022 000-03876784  09/01/2022 000-03876790  09/01/2022 000-03876839  09/01/2022 000-03878131  09/01/2022 000-03879039  09/01/2022 000-03879872  09/01/2022 000-03882777  09/01/2022 000-03885590  09/01/2022 000-03887223  09/01/2022 000-03887235  09/01/2022 000-03888766  09/01/2022 000-03888770  09/01/2022 000-03888773  09/01/2022 000-03889556  09/01/2022 000-03889563  09/01/2022 000-03889564  09/01/2022 000-03890180  09/01/2022 000-03893259  09/01/2022 000-03894005  09/01/2022 000-03894091  09/01/2022 000-03897627  09/01/2022 000-03897635  09/01/2022 000-03901554  09/01/2022 000-03902674  09/01/2022 000-03902677  09/01/2022 000-03902678  09/01/2022 000-03905494  09/01/2022 000-03908381  09/01/2022 000-03908576  09/01/2022 000-03909603  09/01/2022 000-03911184  09/01/2022 000-03911780  09/01/2022 000-03913733  09/01/2022 000-03915821  09/01/2022 000-03919183  09/01/2022 000-03923624  09/01/2022 000-03925217  09/01/2022 000-03929151  09/01/2022 000-03929156  09/01/2022 000-03929158  09/01/2022 000-03933611  09/01/2022 000-03933612  09/01/2022 000-03933616  09/01/2022 000-03934063  09/01/2022 000-03939342  09/01/2022 000-03939345  09/01/2022 000-03939346  09/01/2022 000-03939350  09/01/2022 000-03939352  09/01/2022 000-03942520  09/01/2022 000-03943733  09/01/2022 000-03945932  09/01/2022 000-03945950  09/01/2022 000-03946611  09/01/2022 000-03946612  09/01/2022 000-03946796  09/01/2022 000-03947831  09/01/2022 000-03949199  09/01/2022 000-03952001  09/01/2022 000-03957426  09/01/2022 000-03958075  09/01/2022 000-03958812  09/01/2022 000-03959402  09/01/2022 000-03961281  09/01/2022 000-03962918  09/01/2022 000-03963895  09/01/2022 000-03964711  09/01/2022 000-03965320  09/01/2022 000-03965331  09/01/2022 000-03967064  09/01/2022 000-03967065  09/01/2022 000-03969862  09/01/2022 000-03969867  09/01/2022 000-03970095  09/01/2022 000-03973571  09/01/2022 000-03974447  09/01/2022 000-03974450  09/01/2022 000-03974451  09/01/2022 000-03977030  09/01/2022 000-03978191  09/01/2022 000-03979780  09/01/2022 000-03981583  09/01/2022 000-03982460  09/01/2022 000-03983102  09/01/2022 000-03983498  09/01/2022 000-03984734  09/01/2022 000-03987083  09/01/2022 000-03987085  09/01/2022 000-03991174  09/01/2022 000-03991182  09/01/2022 000-03992574  09/01/2022 000-03994065  09/01/2022 000-03994880  09/01/2022 000-03994884  09/01/2022 000-03749812  07/09/2022 000-03750837  07/09/2022 000-03758071  07/09/2022 000-03759693  07/09/2022 000-03778736  07/09/2022 000-03781910  07/09/2022 000-03787258  07/09/2022 000-03807111  07/09/2022 000-03820136  07/09/2022 000-03820139  07/09/2022 000-03897623  09/01/2022 000-03909605  09/01/2022 000-03947841  09/01/2022 000-03951999  09/01/2022 000-03965324  09/01/2022 000-03733246  07/09/2022 000-03743844  07/09/2022 000-03756454  07/09/2022 000-03759697  07/09/2022 000-03762805  07/09/2022 000-03832608  07/09/2022 000-03833480  07/09/2022 000-03843756  07/09/2022 000-03856601  09/01/2022 000-03884411  09/01/2022 000-03908584  09/01/2022 000-03942517  09/01/2022 000-03954898  09/01/2022 000-03981575  09/01/2022 000-03981579  09/01/2022 000-03994855  09/01/2022 000-03670687  07/02/2022 000-03717754  07/19/2022 000-03815544  08/24/2022 000-03610424  06/09/2022 000-03626839  06/15/2022 000-03641287  06/20/2022 000-03655306  06/27/2022 000-03685420  07/09/2022 000-03704614  07/16/2022 000-03706245  07/17/2022 000-03759938  08/06/2022 000-03775665  08/10/2022 000-03780360  08/13/2022 000-03786674  08/15/2022 000-03797442  08/20/2022 000-03798032  08/20/2022 000-03801842  08/21/2022 000-03829031  08/30/2022 000-03859395  09/11/2022 000-03862951  09/12/2022 000-03611168  06/10/2022 000-03625102  06/14/2022 000-03642505  06/21/2022 000-03646856  06/24/2022 000-03649489  06/25/2022 000-03674621  07/04/2022 000-03691125  07/11/2022 000-03704643  07/16/2022 000-03704644  07/16/2022 000-03716030  07/19/2022 000-03761076  08/06/2022 000-03771910  08/09/2022 000-03804977  08/22/2022 000-03833069  09/01/2022 000-03894536  09/25/2022 000-03905847  09/28/2022 000-03645648  06/06/2022 000-03670951  06/06/2022 000-03687451  06/06/2022 000-03707816  06/06/2022 000-03754098  06/06/2022 000-03754099  06/06/2022 000-03866522  07/22/2022 000-03896784  07/22/2022 000-03896785  07/22/2022 000-03915776  07/22/2022 000-03925760  07/22/2022 000-03948876  07/28/2022 000-04002212  08/16/2022 000-04016837  08/16/2022 000-03645647  06/06/2022 000-03743836  06/06/2022 000-03766511  06/06/2022 000-03856597  07/22/2022 000-03864190  07/22/2022 000-03966765  07/28/2022 000-03971654  07/28/2022 000-03989561  08/16/2022 000-03723682  06/06/2022 000-03743831  06/06/2022 000-03952005  07/28/2022 000-03645646  06/06/2022 000-03646953  06/06/2022 000-03657536  06/06/2022 000-03666794  06/06/2022 000-03667479  06/06/2022 000-03680956  06/06/2022 000-03731455  06/06/2022 000-03759699  06/06/2022 000-03766503  06/06/2022 000-03775621  06/06/2022 000-03784014  06/06/2022 000-03785398  06/06/2022 000-03825274  07/22/2022 000-03825796  07/22/2022 000-03829872  07/22/2022 000-03833985  07/22/2022 000-03844289  07/22/2022 000-03876829  07/22/2022 000-03879700  07/22/2022 000-03879708  07/22/2022 000-03958074  07/28/2022 000-03964709  07/28/2022 000-03974455  07/28/2022 000-04013708  08/16/2022 000-03655858  06/06/2022 000-03832605  07/22/2022 000-03680962  06/06/2022 000-03692071  06/06/2022 000-03700352  06/06/2022 000-03713404  06/06/2022 000-03718900  06/06/2022 000-03743065  06/06/2022 000-03746907  06/06/2022 000-03758036  06/06/2022 000-03758043  06/06/2022 000-03811303  07/22/2022 000-03814546  07/22/2022 000-03819792  07/22/2022 000-03829863  07/22/2022 000-03831811  07/22/2022 000-03851738  07/22/2022 000-03858357  07/22/2022 000-03862549  07/22/2022 000-03879710  07/22/2022 000-03881887  07/22/2022 000-03897608  07/22/2022 000-03900697  07/22/2022 000-03906242  07/22/2022 000-03913033  07/22/2022 000-03927267  07/22/2022 000-03930686  07/22/2022 000-03948933  07/28/2022 000-03991185  08/16/2022 000-04013720  08/16/2022 000-04017618  08/16/2022 000-04019509  08/16/2022 000-04020921  08/16/2022 000-04023964  08/16/2022 000-03836641  07/22/2022 000-03844278  07/22/2022 000-03864195  07/22/2022 000-03978961  07/28/2022 000-03645650  06/06/2022 000-03645651  06/06/2022 000-03645652  06/06/2022 000-03646951  06/06/2022 000-03649808  06/06/2022 000-03649984  06/06/2022 000-03650771  06/06/2022 000-03658131  06/06/2022 000-03659541  06/06/2022 000-03659905  06/06/2022 000-03661834  06/06/2022 000-03666834  06/06/2022 000-03666947  06/06/2022 000-03668681  06/06/2022 000-03670949  06/06/2022 000-03673283  06/06/2022 000-03674399  06/06/2022 000-03678653  06/06/2022 000-03681384  06/06/2022 000-03686938  06/06/2022 000-03687447  06/06/2022 000-03688284  06/06/2022 000-03692059  06/06/2022 000-03697133  06/06/2022 000-03697350  06/06/2022 000-03697683  06/06/2022 000-03698381  06/06/2022 000-03700348  06/06/2022 000-03700350  06/06/2022 000-03700359  06/06/2022 000-03700364  06/06/2022 000-03709137  06/06/2022 000-03715767  06/06/2022 000-03721022  06/06/2022 000-03723672  06/06/2022 000-03726442  06/06/2022 000-03730191  06/06/2022 000-03731458  06/06/2022 000-03733263  06/06/2022 000-03736692  06/06/2022 000-03736722  06/06/2022 000-03740152  06/06/2022 000-03740156  06/06/2022 000-03749793  06/06/2022 000-03751841  06/06/2022 000-03753616  06/06/2022 000-03756369  06/06/2022 000-03756374  06/06/2022 000-03766499  06/06/2022 000-03766520  06/06/2022 000-03766601  06/06/2022 000-03774731  06/06/2022 000-03777636  06/06/2022 000-03777652  07/22/2022 000-03779841  07/22/2022 000-03781912  06/06/2022 000-03782775  06/06/2022 000-03786280  07/22/2022 000-03787472  07/22/2022 000-03790056  07/22/2022 000-03791590  07/22/2022 000-03792335  07/22/2022 000-03799246  07/22/2022 000-03809084  07/22/2022 000-03825277  07/22/2022 000-03843276  07/22/2022 000-03845606  07/22/2022 000-03853475  07/22/2022 000-03856595  07/22/2022 000-03859886  07/22/2022 000-03862556  07/22/2022 000-03862564  07/22/2022 000-03869459  07/22/2022 000-03871227  07/22/2022 000-03871239  07/22/2022 000-03871902  07/22/2022 000-03876783  07/22/2022 000-03876826  07/22/2022 000-03879703  07/22/2022 000-03882767  07/22/2022 000-03886046  07/22/2022 000-03889347  07/22/2022 000-03890174  07/22/2022 000-03891698  07/22/2022 000-03894106  07/22/2022 000-03895887  07/22/2022 000-03895894  07/22/2022 000-03899010  07/22/2022 000-03899011  07/22/2022 000-03899012  07/22/2022 000-03899013  07/22/2022 000-03903489  07/22/2022 000-03905485  07/22/2022 000-03917414  07/22/2022 000-03918199  07/22/2022 000-03925749  07/22/2022 000-03929107  07/22/2022 000-03929111  07/22/2022 000-03934057  07/22/2022 000-03940609  07/22/2022 000-03943774  07/22/2022 000-03943780  07/22/2022 000-03946603  07/22/2022 000-03946608  07/22/2022 000-03946786  07/22/2022 000-03952352  07/28/2022 000-03952354  07/28/2022 000-03959896  07/28/2022 000-03961254  07/28/2022 000-03974459  07/28/2022 000-03975201  07/28/2022 000-03983746  08/16/2022 000-03992580  08/16/2022 000-04006822  08/16/2022 000-04007863  08/16/2022 000-04009865  08/16/2022 000-04019505  08/16/2022 000-04019530  08/16/2022 000-04020150  08/16/2022 000-04020161  08/16/2022 000-04020273  08/16/2022 000-04023200  08/16/2022 000-04024714  08/16/2022 000-03891437  07/22/2022 000-03975730  07/28/2022 000-03665022  06/06/2022 000-03700358  06/06/2022 000-03701021  06/06/2022 000-03743072  06/06/2022 000-03753627  06/06/2022 000-03805468  07/22/2022 000-03809217  07/22/2022 000-03825282  07/22/2022 000-03860343  07/22/2022 000-03958062  07/28/2022 000-03968657  07/28/2022 000-03986030  08/16/2022 000-03649998  06/06/2022 ","000-03683412  06/06/2022 000-03692070  06/06/2022 000-03743842  06/06/2022 000-03751845  06/06/2022 000-03803561  07/22/2022 000-03821224  07/22/2022 000-03832810  07/22/2022 000-03845605  07/22/2022 000-03925751  07/22/2022 000-03979295  07/28/2022 000-03989573  08/16/2022 000-04013713  08/16/2022 000-03670944  06/06/2022 000-03700354  06/06/2022 000-03709129  06/06/2022 000-03746904  06/06/2022 000-03810865  07/22/2022 000-03857497  07/22/2022 000-03940608  07/22/2022 000-03952353  07/28/2022 000-04015385  08/16/2022 000-03723529  06/06/2022 000-03759691  06/06/2022 000-03787249  07/22/2022 000-03800568  07/22/2022 000-03867784  07/22/2022 000-03943771  07/22/2022 000-03946602  07/22/2022 000-04024663  08/16/2022 000-03645645  06/06/2022 000-03645649  06/06/2022 000-03645653  06/06/2022 000-03646963  06/06/2022 000-03650005  06/06/2022 000-03653660  06/06/2022 000-03661814  06/06/2022 000-03672992  06/06/2022 000-03676931  06/06/2022 000-03678666  06/06/2022 000-03687445  06/06/2022 000-03693388  06/06/2022 000-03707812  06/06/2022 000-03707814  06/06/2022 000-03715764  06/06/2022 000-03725275  06/06/2022 000-03736626  06/06/2022 000-03738209  06/06/2022 000-03738218  06/06/2022 000-03738219  06/06/2022 000-03743832  06/06/2022 000-03746908  06/06/2022 000-03753607  06/06/2022 000-03758039  06/06/2022 000-03762791  06/06/2022 000-03766505  06/06/2022 000-03766515  06/06/2022 000-03769372  06/06/2022 000-03777180  06/06/2022 000-03779845  07/22/2022 000-03787246  07/22/2022 000-03787257  07/22/2022 000-03787261  07/22/2022 000-03798162  07/22/2022 000-03810866  07/22/2022 000-03824121  07/22/2022 000-03824135  07/22/2022 000-03826264  07/22/2022 000-03840509  07/22/2022 000-03842172  07/22/2022 000-03842174  07/22/2022 000-03843260  07/22/2022 000-03851222  07/22/2022 000-03853476  07/22/2022 000-03855127  07/22/2022 000-03858635  07/22/2022 000-03858636  07/22/2022 000-03862562  07/22/2022 000-03869452  07/22/2022 000-03871906  07/22/2022 000-03876349  07/22/2022 000-03886024  07/22/2022 000-03888784  07/22/2022 000-03888786  07/22/2022 000-03888788  07/22/2022 000-03893256  07/22/2022 000-03897610  07/22/2022 000-03900978  07/22/2022 000-03925742  07/22/2022 000-03925761  07/22/2022 000-03946784  07/22/2022 000-03948877  07/22/2022 000-03949200  07/22/2022 000-03949206  07/22/2022 000-03966783  07/28/2022 000-03969875  07/28/2022 000-03971659  07/28/2022 000-03974465  07/28/2022 000-03986058  08/16/2022 000-03986117  08/16/2022 000-03995976  08/16/2022 000-03998417  08/16/2022 000-04006421  08/16/2022 000-04008417  08/16/2022 000-04009863  08/16/2022 000-04022324  08/16/2022 000-04025557  08/16/2022 000-03842164  07/22/2022 000-04022317  08/16/2022 000-03676923  06/06/2022 000-04006827  08/16/2022 000-03680953  06/06/2022 000-03700362  06/06/2022 000-03738207  06/06/2022 000-03772184  06/06/2022 000-03801912  07/22/2022 000-03833182  07/22/2022 000-03844928  07/22/2022 000-03872928  07/22/2022 000-03879883  07/22/2022 000-03949202  07/22/2022 000-03981397  08/16/2022 000-04000125  08/16/2022 000-04012122  08/16/2022 000-03660202  06/20/2022 000-03670923  07/03/2022 000-03807141  08/24/2022 000-03845275  08/30/2022 000-03894585  09/18/2022 000-03617806  06/12/2022 000-03617833  06/12/2022 000-03629556  06/17/2022 000-03631169  06/18/2022 000-03635134  06/19/2022 000-03644437  06/21/2022 000-03655340  06/27/2022 000-03662582  06/11/2022 000-03662610  07/01/2022 000-03685362  07/09/2022 000-03716032  07/19/2022 000-03723596  07/23/2022 000-03729422  07/25/2022 000-03730583  07/25/2022 000-03740374  07/29/2022 000-03780354  08/13/2022 000-03798017  08/20/2022 000-03799220  08/20/2022 000-03801867  08/21/2022 000-03807171  08/22/2022 000-03808120  08/23/2022 000-03829018  08/30/2022 000-03831591  08/31/2022 000-03836060  09/03/2022 000-03859391  09/11/2022 000-03887578  09/21/2022 000-03894535  09/25/2022 000-03903919  09/17/2022 000-03908704  09/30/2022 000-03717293  07/20/2022 000-03719357  07/20/2022 000-03744784  07/31/2022 000-03810800  08/24/2022 000-03873828  09/17/2022 000-03641159  06/05/2022 000-03736720  07/14/2022 000-03765256  07/14/2022 000-03933567  09/05/2022 000-03636478  06/05/2022 000-03666865  06/05/2022 000-03671928  06/05/2022 000-03676887  06/05/2022 000-03681401  06/05/2022 000-03682487  06/05/2022 000-03710582  06/05/2022 000-03712659  07/14/2022 000-03718899  07/14/2022 000-03721741  07/14/2022 000-03724076  07/14/2022 000-03751824  07/14/2022 000-03757986  07/14/2022 000-03814543  06/05/2022 000-03823042  06/05/2022 000-03860341  07/14/2022 000-03871898  09/05/2022 000-03871900  09/05/2022 000-03890187  09/05/2022 000-03935573  09/05/2022 000-03946613  09/05/2022 000-03958071  09/05/2022 000-03962960  09/05/2022 000-03603673  06/05/2022 000-03617866  06/05/2022 000-03639648  06/05/2022 000-03654440  06/05/2022 000-03678039  06/05/2022 000-03698366  06/05/2022 000-03700302  06/05/2022 000-03700312  06/05/2022 000-03701008  06/05/2022 000-03710587  06/05/2022 000-03712121  07/14/2022 000-03715752  07/14/2022 000-03728339  07/14/2022 000-03746867  07/14/2022 000-03765258  07/14/2022 000-03773062  07/14/2022 000-03787468  07/14/2022 000-03801916  06/05/2022 000-03815062  06/05/2022 000-03824120  07/14/2022 000-03832600  07/14/2022 000-03838730  07/14/2022 000-03851606  07/14/2022 000-03870431  09/05/2022 000-03877463  09/05/2022 000-03890184  09/05/2022 000-03894083  09/05/2022 000-03905511  09/05/2022 000-03913739  09/05/2022 000-03938517  09/05/2022 000-03951398  09/05/2022 000-03951402  09/05/2022 000-03969870  09/05/2022 000-03969872  09/05/2022 000-03983482  09/05/2022 000-03986111  09/05/2022 000-03613563  06/05/2022 000-03669555  06/05/2022 000-03692045  06/05/2022 000-03728349  07/14/2022 000-03773060  07/14/2022 000-03798155  06/05/2022 000-03838752  07/14/2022 000-03851733  07/14/2022 000-03895786  09/05/2022 000-03613558  06/05/2022 000-03666868  06/05/2022 000-03666870  06/05/2022 000-03676889  06/05/2022 000-03680495  06/05/2022 000-03681793  06/05/2022 000-03688272  06/05/2022 000-03691438  06/05/2022 000-03692046  06/05/2022 000-03703645  06/05/2022 000-03710592  06/05/2022 000-03751823  07/14/2022 000-03756475  07/14/2022 000-03789145  06/05/2022 000-03804472  06/05/2022 000-03829862  07/14/2022 000-03832601  07/14/2022 000-03836644  07/14/2022 000-03854213  07/14/2022 000-03859452  07/14/2022 000-03864891  09/05/2022 000-03868938  07/14/2022 000-03879254  09/05/2022 000-03880832  09/05/2022 000-03882763  09/05/2022 000-03885583  09/05/2022 000-03887198  09/05/2022 000-03892141  09/05/2022 000-03892142  09/05/2022 000-03894103  09/05/2022 000-03910830  09/05/2022 000-03921896  09/05/2022 000-03938510  09/05/2022 000-03991173  09/05/2022 000-03991679  09/05/2022 000-03646895  06/05/2022 000-03661806  06/05/2022 000-03792331  06/05/2022 000-03731215  07/14/2022 000-03740173  07/14/2022 000-03805466  06/05/2022 000-03962964  09/05/2022 000-03617862  06/05/2022 000-03785365  07/14/2022 000-03839762  07/14/2022 000-03945924  09/05/2022 000-03961292  09/05/2022 000-03672102  06/05/2022 000-03979786  09/05/2022 000-03651366  06/05/2022 000-03744250  07/14/2022 000-03851795  07/14/2022 000-03901574  09/05/2022 000-03926474  09/05/2022 000-03613575  06/05/2022 000-03620823  06/05/2022 000-03713418  07/14/2022 000-03871885  09/05/2022 000-03933557  09/05/2022 000-03945920  09/05/2022 000-03818392  06/05/2022 000-03822459  07/14/2022 000-03986109  09/05/2022 000-03864886  09/05/2022 000-03959421  09/05/2022 000-03621694  06/14/2022 000-03651719  07/03/2022 000-03685278  07/09/2022 000-03728449  07/12/2022 000-03761044  07/25/2022 000-03819907  07/30/2022 000-03730776  06/06/2022 000-03866747  07/30/2022 000-03905861  07/30/2022 000-03651751  06/06/2022 000-03773850  06/06/2022 000-03852591  07/30/2022 000-03700906  06/06/2022 000-03631410  06/06/2022 000-03635101  06/06/2022 000-03635136  06/06/2022 000-03646834  06/06/2022 000-03674632  06/06/2022 000-03685358  06/06/2022 000-03713637  06/06/2022 000-03720669  06/06/2022 000-03722028  06/06/2022 000-03747453  06/06/2022 000-03749984  06/06/2022 000-03788043  07/30/2022 000-03797483  07/30/2022 000-03807176  07/30/2022 000-03810807  07/30/2022 000-03814501  07/30/2022 000-03814529  07/30/2022 000-03838683  07/30/2022 000-03869354  07/30/2022 000-03873842  07/30/2022 000-03876603  07/30/2022 000-03897974  07/30/2022 000-03897989  07/30/2022 000-03900431  07/30/2022 000-03633293  06/06/2022 000-03631405  06/06/2022 000-03631417  06/06/2022 000-03662560  06/06/2022 000-03674608  06/06/2022 000-03691093  06/06/2022 000-03725164  06/06/2022 000-03737673  06/06/2022 000-03739874  06/06/2022 000-03754589  06/06/2022 000-03788066  07/30/2022 000-03815639  07/30/2022 000-03819902  07/30/2022 000-03912553  07/30/2022 000-03815623  07/30/2022 000-03649483  06/06/2022 000-03859405  07/30/2022 000-03712491  06/06/2022 000-03719345  06/06/2022 000-03720959  06/06/2022 000-03882874  07/30/2022 000-03892483  07/30/2022 000-03903914  07/30/2022 000-03631421  06/06/2022 000-03633288  06/06/2022 000-03638767  06/06/2022 000-03644442  06/06/2022 000-03646851  06/06/2022 000-03655325  06/06/2022 000-03685327  06/06/2022 000-03685434  06/06/2022 000-03687813  06/06/2022 000-03694057  06/06/2022 000-03706254  06/06/2022 000-03717283  06/06/2022 000-03731247  06/06/2022 000-03770613  06/06/2022 000-03773852  06/06/2022 000-03785785  07/30/2022 000-03798019  07/30/2022 000-03876608  07/30/2022 000-03897981  07/30/2022 000-03726336  06/06/2022 000-03812262  07/30/2022 000-03613001  06/06/2022 000-03655345  06/06/2022 000-03672033  06/06/2022 000-03685384  06/06/2022 000-03719391  06/06/2022 000-03739848  06/06/2022 000-03743139  06/06/2022 000-03791868  07/30/2022 000-03814511  07/30/2022 000-03833854  07/30/2022 000-03841443  07/30/2022 000-03845908  07/30/2022 000-03890883  07/30/2022 000-03897977  07/30/2022 000-03903918  07/30/2022 000-03637298  06/06/2022 000-03658840  06/06/2022 000-03789464  07/30/2022 000-03790271  07/30/2022 000-03823323  07/30/2022 000-03845286  07/30/2022 000-03623221  06/11/2022 000-03658858  06/27/2022 000-03721075  07/19/2022 000-03786928  08/14/2022 000-03901740  09/25/2022 000-03622022  06/11/2022 000-03628983  06/11/2022 000-03629490  06/11/2022 000-03631420  06/18/2022 000-03633253  06/18/2022 000-03650096  06/18/2022 000-03655321  06/20/2022 000-03670887  07/03/2022 000-03671777  07/09/2022 000-03682726  07/09/2022 000-03719383  07/12/2022 000-03723069  07/12/2022 000-03729416  07/12/2022 000-03736651  07/12/2022 000-03754580  07/25/2022 000-03759124  08/06/2022 000-03797584  08/06/2022 000-03807144  08/24/2022 000-03815625  08/06/2022 000-03831579  08/30/2022 000-03838675  08/30/2022 000-03873882  09/06/2022 000-03885056  09/18/2022 000-03898002  09/18/2022 000-03907476  09/18/2022 000-03644474  06/18/2022 000-03652817  06/20/2022 000-03692265  07/09/2022 000-03720637  07/12/2022 000-03758318  07/25/2022 000-03763692  08/06/2022 000-03780336  08/06/2022 000-03798025  08/06/2022 000-03814533  08/06/2022 000-03723587  06/06/2022 000-03794671  07/30/2022 000-03866725  07/30/2022 000-03748645  06/02/2022 000-03758297  06/07/2022 000-03763836  06/08/2022 000-03771560  06/14/2022 000-03786827  06/17/2022 000-03791940  06/22/2022 000-03811151  06/28/2022 000-03815619  06/29/2022 000-03835356  07/05/2022 000-03873876  07/22/2022 000-03875829  07/21/2022 000-03887565  07/26/2022 000-03900694  07/30/2022 000-03712896  06/06/2022 000-03685382  06/06/2022 000-03638759  06/06/2022 000-03658952  06/06/2022 000-03672044  06/06/2022 000-03672045  06/06/2022 000-03674638  06/06/2022 000-03720964  06/06/2022 000-03777384  07/30/2022 000-03840222  07/30/2022 000-03859368  07/30/2022 000-03616693  06/06/2022 000-03697179  06/06/2022 000-03706239  06/06/2022 000-03748610  06/06/2022 000-03777401  06/06/2022 000-03812267  07/30/2022 000-03819899  07/30/2022 000-03822103  07/30/2022 000-03850652  07/30/2022 000-03859379  07/30/2022 000-03892476  07/30/2022 000-03729421  06/06/2022 000-03633667  06/19/2022 000-03642532  06/28/2022 000-03669620  07/09/2022 000-03702334  07/17/2022 000-03743129  07/31/2022 000-03759948  08/06/2022 000-03797453  08/22/2022 000-03815025  08/28/2022 000-03859462  09/17/2022 000-03631398  06/06/2022 000-03696464  06/06/2022 000-03789421  06/06/2022 000-03815614  07/30/2022 000-03880232  07/30/2022 000-03887574  07/30/2022 000-03882869  07/30/2022 000-03631401  06/06/2022 000-03694046  06/06/2022 000-03754583  07/30/2022 000-03798034  07/30/2022 000-03887576  07/30/2022 000-03631393  06/06/2022 000-03631397  06/06/2022 000-03706244  06/06/2022 000-03744794  06/06/2022 000-03824621  07/30/2022 000-03848512  07/30/2022 000-03878803  07/30/2022 000-03903917  07/30/2022 000-03659052  06/27/2022 000-03687560  07/09/2022 000-03815547  08/25/2022 000-03748649  06/02/2022 000-03761049  06/08/2022 000-03768836  06/10/2022 000-03775742  06/15/2022 000-03784931  06/17/2022 000-03800606  06/22/2022 000-03804965  06/23/2022 000-03813126  06/28/2022 000-03814523  06/29/2022 000-03822368  06/30/2022 000-03829011  07/02/2022 000-03833093  07/05/2022 000-03847128  07/12/2022 000-03860190  07/19/2022 000-03869710  07/20/2022 000-03873260  07/19/2022 000-03875831  07/21/2022 000-03882340  07/26/2022 000-03905544  08/02/2022 000-03697191  07/12/2022 000-03814532  08/06/2022 000-03772252  06/06/2022 000-03631402  06/06/2022 000-03662587  06/06/2022 000-03700952  06/06/2022 000-03710116  06/06/2022 000-03740840  06/06/2022 000-03744806  06/06/2022 000-03822098  07/30/2022 000-03866732  07/30/2022 000-03866734  07/30/2022 000-03873836  07/30/2022 000-03873838  07/30/2022 000-03873841  07/30/2022 000-03897978  07/30/2022 000-03631403  06/06/2022 000-03631406  06/06/2022 000-03631418  06/06/2022 000-03641286  06/06/2022 000-03672069  06/06/2022 000-03685331  06/06/2022 000-03685357  06/06/2022 000-03685413  06/06/2022 000-03700940  06/06/2022 000-03700941  06/06/2022 000-03704641  06/06/2022 000-03704666  06/06/2022 000-03719384  06/06/2022 000-03751979  06/06/2022 000-03754590  06/06/2022 000-03788053  07/30/2022 000-03788054  07/30/2022 000-03792901  07/30/2022 000-03799205  07/30/2022 000-03814507  07/30/2022 000-03814527  07/30/2022 000-03833072  07/30/2022 000-03833446  07/30/2022 000-03850635  07/30/2022 000-03869294  07/30/2022 000-03881941  07/30/2022 000-03897975  07/30/2022 000-03704615  06/06/2022 000-03723064  06/06/2022 000-03810467  07/30/2022 000-03912569  07/30/2022 000-03635089  06/06/2022 000-03651706  06/06/2022 000-03651707  06/06/2022 000-03706247  06/06/2022 000-03723063  06/06/2022 000-03799224  07/30/2022 000-03829025  07/30/2022 000-03897986  07/30/2022 000-03912559  07/30/2022 000-03642530  06/06/2022 000-03655346  06/06/2022 000-03683242  06/06/2022 000-03739833  06/06/2022 000-03758319  06/06/2022 000-03873833  07/30/2022 000-03873839  07/30/2022 000-03892478  07/30/2022 000-03907485  07/30/2022 000-03912583  07/30/2022 000-03880239  07/30/2022 000-03631394  06/06/2022 000-03635129  06/06/2022 000-03716035  06/06/2022 000-03814499  07/30/2022 000-03837852  07/30/2022 000-03885082  07/30/2022 000-03640505  06/18/2022 000-03670865  07/03/2022 000-03723067  07/12/2022 000-03788420  08/06/2022 000-03862930  09/06/2022 000-03687462  07/02/2022 000-03687467  07/02/2022 000-03709639  07/02/2022 000-03712130  07/02/2022 000-03712654  07/02/2022 000-03718750  07/02/2022 000-03738216  07/22/2022 000-03756442  07/22/2022 000-03777170  07/22/2022 000-03793577  07/22/2022 000-03811664  07/22/2022 000-03815070  07/22/2022 000-03843258  08/25/2022 000-03853449  08/25/2022 000-03871887  08/25/2022 000-03871893  08/25/2022 000-03874568  08/25/2022 000-03883422  08/25/2022 000-03888731  08/25/2022 000-03888734  08/25/2022 000-03922108  09/24/2022 000-03922109  09/24/2022 000-03922157  09/24/2022 000-03927653  09/24/2022 000-03945930  09/24/2022 000-03951441  09/24/2022 000-03954182  09/24/2022 000-03975726  09/24/2022 000-03977029  09/24/2022 000-03683774  07/02/2022 000-03683778  07/02/2022 000-03683786  07/02/2022 000-03683788  07/02/2022 000-03683798  07/02/2022 000-03683800  07/02/2022 000-03683804  07/02/2022 000-03683823  07/02/2022 000-03683829  07/02/2022 000-03683838  07/02/2022 000-03687469  07/02/2022 000-03688270  07/02/2022 000-03688274  07/02/2022 000-03695586  07/02/2022 000-03700319  07/02/2022 000-03700330  07/02/2022 000-03700331  07/02/2022 000-03712143  07/02/2022 000-03715771  07/02/2022 000-03718746  07/02/2022 000-03719958  07/02/2022 000-03723972  07/02/2022 000-03724083  07/02/2022 000-03728331  07/02/2022 000-03728333  07/02/2022 000-03728341  07/02/2022 000-03728346  07/02/2022 000-03733167  07/22/2022 000-03733172  07/22/2022 000-03738212  07/22/2022 000-03743060  07/22/2022 000-03746887  07/22/2022 000-03749762  07/22/2022 000-03749764  07/22/2022 000-03749797  07/22/2022 000-03751829  07/22/2022 000-03751830  07/22/2022 000-03751835  07/22/2022 000-03756447  07/22/2022 000-03758095  07/22/2022 000-03760727  07/22/2022 000-03764251  07/22/2022 000-03764261  07/22/2022 000-03772643  07/22/2022 000-03772654  07/22/2022 000-03774371  07/22/2022 000-03774909  07/22/2022 000-03776459  07/22/2022 000-03785371  07/22/2022 000-03785375  07/22/2022 000-03786290  07/22/2022 000-03788442  07/22/2022 000-03793319  07/22/2022 000-03795439  07/22/2022 000-03796051  07/22/2022 000-03797000  07/22/2022 000-03797007  07/22/2022 000-03798660  07/22/2022 000-03798668  07/22/2022 000-03803552  07/22/2022 000-03805472  07/22/2022 000-03807701  07/22/2022 000-03809759  07/22/2022 000-03810857  07/22/2022 000-03813467  07/22/2022 000-03813659  07/22/2022 000-03824113  08/25/2022 000-03824114  08/25/2022 000-03824129  08/25/2022 000-03828340  08/25/2022 000-03828350  08/25/2022 000-03832787  08/25/2022 000-03832805  08/25/2022 000-03833165  08/25/2022 000-03838744  08/25/2022 000-03840990  08/25/2022 000-03842155  08/25/2022 000-03843250  08/25/2022 000-03843745  08/25/2022 000-03846285  08/25/2022 000-03846288  08/25/2022 000-03846289  08/25/2022 000-03846293  08/25/2022 000-03847652  08/25/2022 000-03848442  08/25/2022 000-03851797  08/25/2022 000-03853451  08/25/2022 000-03853452  08/25/2022 000-03857508  08/25/2022 000-03858356  08/25/2022 000-03863120  08/25/2022 000-03868935  08/25/2022 000-03878316  08/25/2022 000-03878321  08/25/2022 000-03878325  08/25/2022 000-03881197  08/25/2022 000-03882795  08/25/2022 000-03888747  08/25/2022 000-03922112  09/24/2022 000-03922117  09/24/2022 000-03922124  09/24/2022 000-03922127  09/24/2022 000-03922143  09/24/2022 000-03930723  09/24/2022 000-03938514  09/24/2022 000-03938516  09/24/2022 000-03945913  09/24/2022 000-03945914  09/24/2022 000-03945923  09/24/2022 000-03949210  09/24/2022 000-03951423  09/24/2022 000-03954899  09/24/2022 000-03961303  09/24/2022 000-03961309  09/24/2022 000-03968661  09/24/2022 000-03971034  09/24/2022 000-03972735  09/24/2022 000-03974457  09/24/2022 000-03976571  09/24/2022 000-03978894  09/24/2022 000-03983758  09/24/2022 000-03683771  07/02/2022 000-03683817  07/02/2022 000-03683821  07/02/2022 000-03683836  07/02/2022 000-03683844  07/02/2022 000-03706070  07/02/2022 000-03721061  07/02/2022 000-03743067  07/22/2022 000-03765254  07/22/2022 000-03768555  07/22/2022 000-03772650  07/22/2022 000-03780629  07/22/2022 000-03787469  07/22/2022 000-03794174  07/22/2022 000-03800929  07/22/2022 000-03806053  07/22/2022 000-03815072  07/22/2022 000-03817611  07/22/2022 000-03824116  08/25/2022 000-03836645  08/25/2022 000-03836646  08/25/2022 000-03842179  08/25/2022 000-03863124  08/25/2022 000-03869462  08/25/2022 000-03869472  08/25/2022 000-03880177  08/25/2022 000-03881889  08/25/2022 000-03882793  08/25/2022 000-03922123  09/24/2022 000-03922165  09/24/2022 000-03925454  09/24/2022 000-03925456  09/24/2022 000-03951445  09/24/2022 000-03963899  09/24/2022 000-03979793  09/24/2022 000-03683806  07/02/2022 000-03710591  07/02/2022 000-03721734  07/02/2022 000-03723973  07/02/2022 000-03725297  07/02/2022 000-03746063  07/22/2022 000-03806129  07/22/2022 000-03838737  08/25/2022 000-03841001  08/25/2022 000-03855121  08/25/2022 000-03857006  08/25/2022 000-03859451  08/25/2022 000-03874566  08/25/2022 000-03874572  08/25/2022 000-03922118  09/24/2022 000-03922122  09/24/2022 000-03938525  09/24/2022 000-03939834  09/24/2022 000-03940624  09/24/2022 000-03956286  09/24/2022 000-03982457  09/24/2022 000-03683763  07/02/2022 000-03683765  07/02/2022 000-03683772  07/02/2022 000-03683776  07/02/2022 000-03683779  07/02/2022 000-03683781  07/02/2022 000-03683784  07/02/2022 000-03683789  07/02/2022 000-03683792  07/02/2022 000-03683808  07/02/2022 000-03683809  07/02/2022 000-03683810  07/02/2022 000-03683814  07/02/2022 000-03683819  07/02/2022 000-03683820  07/02/2022 000-03683822  07/02/2022 000-03683832  07/02/2022 000-03683833  07/02/2022 000-03683835  07/02/2022 000-03683839  07/02/2022 000-03683841  07/02/2022 000-03683843  07/02/2022 000-03683845  07/02/2022 000-03683849  07/02/2022 000-03683851  07/02/2022 000-03684565  07/02/2022 000-03687466  07/02/2022 000-03688273  07/02/2022 000-03689693  07/02/2022 000-03690335  07/02/2022 000-03690337  07/02/2022 000-03693355  07/02/2022 000-03695574  07/02/2022 000-03695590  07/02/2022 000-03695594  07/02/2022 000-03700320  07/02/2022 000-03700326  07/02/2022 000-03700327  07/02/2022 000-03700328  07/02/2022 000-03700329  07/02/2022 000-03701007  07/02/2022 000-03701009  07/02/2022 000-03703644  07/02/2022 000-03703651  07/02/2022 000-03703652  07/02/2022 000-03703661  07/02/2022 000-03706069  07/02/2022 000-03706077  07/02/2022 000-03706080  07/02/2022 000-03706975  07/02/2022 000-03707706  07/02/2022 000-03710578  07/02/2022 000-03710585  07/02/2022 000-03712139  07/02/2022 000-03713411  07/02/2022 000-03715733  07/02/2022 000-03718166  07/02/2022 000-03718910  07/02/2022 000-03719931  07/02/2022 000-03721054  07/02/2022 000-03721055  07/02/2022 000-03723967  07/02/2022 000-03723971  07/02/2022 000-03725288  07/02/2022 000-03726437  07/02/2022 000-03728336  07/02/2022 000-03728338  07/02/2022 000-03728344  07/02/2022 000-03728345  07/02/2022 000-03728348  07/02/2022 000-03733161  07/02/2022 000-03733162  07/02/2022 000-03733169  07/22/2022 000-03733174  07/22/2022 000-03733175  07/22/2022 000-03734028  07/22/2022 000-03734033  07/22/2022 000-03735159  07/22/2022 000-03735168  07/22/2022 000-03736647  07/22/2022 000-03736648  07/22/2022 000-03737434  07/22/2022 000-03738792  07/22/2022 000-03739304  07/22/2022 000-03740174  07/22/2022 000-03741049  07/22/2022 000-03744241  07/22/2022 000-03744245  07/22/2022 000-03744246  07/22/2022 000-03746892  07/22/2022 000-03749234  07/22/2022 000-03749265  07/22/2022 000-03749269  07/22/2022 000-03751826  07/22/2022 000-03751836  07/22/2022 000-03756015  07/22/2022 000-03758082  07/22/2022 000-03758083  07/22/2022 000-03758096  07/22/2022 000-03759672  07/22/2022 000-03760722  07/22/2022 000-03762786  07/22/2022 000-03764277  07/22/2022 000-03765250  07/22/2022 000-03765257  07/22/2022 000-03766537  07/22/2022 000-03766538  07/22/2022 000-03766541  07/22/2022 000-03773064  07/22/2022 000-03773069  07/22/2022 000-03774365  07/22/2022 000-03774732  07/22/2022 000-03777178  07/22/2022 000-03779819  07/22/2022 000-03780639  07/22/2022 000-03780657  07/22/2022 000-03781907  07/22/2022 000-03782733  07/22/2022 000-03786277  07/22/2022 000-03786296  07/22/2022 000-03788443  07/22/2022 000-03789130  07/22/2022 000-03792333  07/22/2022 000-03792598  07/22/2022 000-03794863  07/22/2022 000-03794865  07/22/2022 000-03795438  07/22/2022 000-03795445  07/22/2022 000-03795447  07/22/2022 000-03796054  07/22/2022 000-03799696  07/22/2022 000-03800926  07/22/2022 000-03802460  07/22/2022 000-03802461  07/22/2022 000-03802462  07/22/2022 000-03807734  07/22/2022 000-03809067  07/22/2022 000-03809070  07/22/2022 000-03810868  07/22/2022 000-03811313  07/22/2022 000-03811672  07/22/2022 000-03811676  07/22/2022 000-03815053  07/22/2022 000-03815061  07/22/2022 000-03817579  07/22/2022 000-03818401  07/22/2022 000-03819034  07/22/2022 000-03823410  08/25/2022 000-03823411  08/25/2022 000-03823413  08/25/2022 000-03823416  08/25/2022 000-03824117  08/25/2022 000-03824118  08/25/2022 000-03824119  08/25/2022 000-03825803  08/25/2022 000-03826598  08/25/2022 000-03829857  08/25/2022 000-03832613  08/25/2022 000-03832617  08/25/2022 000-03833472  08/25/2022 000-03833957  08/25/2022 000-03833960  08/25/2022 000-03836647  08/25/2022 000-03836659  08/25/2022 000-03838100  08/25/2022 000-03838103  08/25/2022 000-03838734  08/25/2022 000-03838753  08/25/2022 000-03841000  08/25/2022 000-03841002  08/25/2022 000-03843255  08/25/2022 000-03843264  08/25/2022 000-03843750  08/25/2022 000-03845624  08/25/2022 000-03849231  08/25/2022 000-03850126  08/25/2022 000-03850540  08/25/2022 000-03851219  08/25/2022 000-03851608  08/25/2022 000-03853447  08/25/2022 000-03857002  08/25/2022 000-03859449  08/25/2022 000-03863125  08/25/2022 000-03863131  08/25/2022 000-03864189  08/25/2022 000-03864929  08/25/2022 000-03865884  08/25/2022 000-03867159  08/25/2022 000-03867779  08/25/2022 000-03869450  08/25/2022 000-03871881  08/25/2022 000-03871888  08/25/2022 000-03874570  08/25/2022 000-03879717  08/25/2022 000-03879723  08/25/2022 000-03879724  08/25/2022 000-03880327  08/25/2022 000-03881199  08/25/2022 000-03882762  08/25/2022 000-03882785  08/25/2022 000-03885571  08/25/2022 000-03885577  08/25/2022 000-03885580  08/25/2022 000-03887201  08/25/2022 000-03887204  08/25/2022 000-03888724  08/25/2022 000-03888726  08/25/2022 000-03888727  08/25/2022 000-03888736  08/25/2022 000-03888961  08/25/2022 000-03922110  09/24/2022 000-03922113  09/24/2022 000-03922114  09/24/2022 000-03922116  09/24/2022 000-03922129  09/24/2022 000-03922130  09/24/2022 000-03922133  09/24/2022 000-03922135  09/24/2022 000-03922139  09/24/2022 000-03922141  09/24/2022 000-03922146  09/24/2022 000-03922151  09/24/2022 000-03922153  09/24/2022 000-03922155  09/24/2022 000-03922158  09/24/2022 000-03922162  09/24/2022 000-03922164  09/24/2022 000-03923301  09/24/2022 000-03925452  09/24/2022 000-03925453  09/24/2022 000-03926467  09/24/2022 000-03926470  09/24/2022 000-03927651  09/24/2022 000-03927652  09/24/2022 000-03927655  09/24/2022 000-03927656  09/24/2022 000-03930671  09/24/2022 000-03930727  09/24/2022 000-03933555  09/24/2022 000-03933556  09/24/2022 000-03933560  09/24/2022 000-03935562  09/24/2022 000-03935572  09/24/2022 000-03938520  09/24/2022 000-03941262  09/24/2022 000-03943694  09/24/2022 000-03945927  09/24/2022 000-03945928  09/24/2022 000-03946607  09/24/2022 000-03947840  09/24/2022 000-03951431  09/24/2022 000-03951433  09/24/2022 000-03951438  09/24/2022 000-03952318  09/24/2022 000-03952323  09/24/2022 000-03954183  09/24/2022 000-03955784  09/24/2022 000-03957433  09/24/2022 000-03958058  09/24/2022 000-03959406  09/24/2022 000-03959420  09/24/2022 000-03961293  09/24/2022 000-03961296  09/24/2022 000-03961304  09/24/2022 000-03963888  09/24/2022 000-03963890  09/24/2022 000-03964927  09/24/2022 000-03965325  09/24/2022 000-03968660  09/24/2022 000-03970379  09/24/2022 000-03972733  09/24/2022 000-03972739  09/24/2022 000-03972741  09/24/2022 000-03974460  09/24/2022 000-03975232  09/24/2022 000-03976567  09/24/2022 000-03976568  09/24/2022 000-03978212  09/24/2022 000-03978886  09/24/2022 000-03979784  09/24/2022 000-03979785  09/24/2022 000-03983075  09/24/2022 000-03793417  07/22/2022 000-03794172  07/22/2022 000-03815045  07/22/2022 000-03843744  08/25/2022 000-03889358  08/25/2022 000-03927646  09/24/2022 000-03943700  09/24/2022 000-03963885  09/24/2022 000-03966772  09/24/2022 000-04027590  09/24/2022 000-03683762  07/02/2022 000-03683766  07/02/2022 000-03683767  07/02/2022 000-03683768  07/02/2022 000-03683769  07/02/2022 000-03683770  07/02/2022 000-03683773  07/02/2022 000-03683775  07/02/2022 000-03683777  07/02/2022 000-03683780  07/02/2022 000-03683782  07/02/2022 000-03683783  07/02/2022 000-03683791  07/02/2022 000-03683793  07/02/2022 000-03683794  07/02/2022 000-03683795  07/02/2022 000-03683796  07/02/2022 000-03683797  07/02/2022 000-03683799  07/02/2022 000-03683801  07/02/2022 000-03683803  07/02/2022 000-03683807  07/02/2022 000-03683811  07/02/2022 000-03683816  07/02/2022 000-03683818  07/02/2022 000-03683825  07/02/2022 000-03683826  07/02/2022 000-03683827  07/02/2022 000-03683828  07/02/2022 000-03683831  07/02/2022 000-03683834  07/02/2022 000-03683837  07/02/2022 000-03683840  07/02/2022 000-03683846  07/02/2022 000-03683847  07/02/2022 000-03683848  07/02/2022 000-03683850  07/02/2022 000-03683852  07/02/2022 000-03683853  07/02/2022 000-03687473  07/02/2022 000-03690336  07/02/2022 000-03691234  07/02/2022 000-03693364  07/02/2022 000-03693366  07/02/2022 000-03695592  07/02/2022 000-03697335  07/02/2022 000-03700314  07/02/2022 000-03700315  07/02/2022 000-03700317  07/02/2022 000-03700318  07/02/2022 000-03700321  07/02/2022 000-03700323  07/02/2022 000-03700324  07/02/2022 000-03700325  07/02/2022 000-03703643  07/02/2022 000-03703649  07/02/2022 000-03703657  07/02/2022 000-03703663  07/02/2022 000-03706081  07/02/2022 000-03706976  07/02/2022 000-03707710  07/02/2022 000-03707711  07/02/2022 000-03709139  07/02/2022 000-03709152  07/02/2022 000-03709170  07/02/2022 000-03710584  07/02/2022 000-03710589  07/02/2022 000-03712117  07/02/2022 000-03712227  07/02/2022 000-03715757  07/02/2022 000-03716248  07/02/2022 000-03717065  07/02/2022 000-03717072  07/02/2022 000-03718913  07/02/2022 000-03719928  07/02/2022 000-03719932  07/02/2022 000-03721058  07/02/2022 000-03721728  07/02/2022 000-03721762  07/02/2022 000-03723977  07/02/2022 000-03725295  07/02/2022 000-03728334  07/02/2022 000-03728337  07/02/2022 000-03728340  07/02/2022 000-03729156  07/02/2022 000-03733163  07/02/2022 000-03733164  07/02/2022 000-03733166  07/22/2022 000-03733170  07/22/2022 000-03733171  07/22/2022 000-03733173  07/22/2022 000-03734036  07/22/2022 000-03738201  07/22/2022 000-03739288  07/22/2022 000-03740169  07/22/2022 000-03740178  07/22/2022 000-03743064  07/22/2022 000-03743070  07/22/2022 000-03744228  07/22/2022 000-03744229  07/22/2022 000-03746894  07/22/2022 000-03746896  07/22/2022 000-03749249  07/22/2022 000-03749261  07/22/2022 000-03749778  07/22/2022 000-03751840  07/22/2022 000-03753611  07/22/2022 000-03753620  07/22/2022 000-03753622  07/22/2022 000-03756471  07/22/2022 000-03758084  07/22/2022 000-03758085  07/22/2022 000-03758092  07/22/2022 000-03759679  07/22/2022 000-03760721  07/22/2022 000-03764281  07/22/2022 000-03765249  07/22/2022 000-03765251  07/22/2022 000-03765252  07/22/2022 000-03765253  07/22/2022 000-03765255  07/22/2022 000-03765259  07/22/2022 000-03766524  07/22/2022 000-03766525  07/22/2022 000-03766532  07/22/2022 000-03766535  07/22/2022 000-03768106  07/22/2022 000-03768550  07/22/2022 000-03768551  07/22/2022 000-03768554  07/22/2022 000-03768563  07/22/2022 000-03769384  07/22/2022 000-03771315  07/22/2022 000-03772649  07/22/2022 000-03775626  07/22/2022 000-03776157  07/22/2022 000-03776161  07/22/2022 000-03776593  07/22/2022 000-03777168  07/22/2022 000-03778740  07/22/2022 000-03779868  07/22/2022 000-03780637  07/22/2022 000-03780647  07/22/2022 000-03781905  07/22/2022 000-03785360  07/22/2022 000-03785385  07/22/2022 000-03786662  07/22/2022 000-03787057  07/22/2022 000-03788447  07/22/2022 000-03789129  07/22/2022 000-03789131  07/22/2022 000-03790052  07/22/2022 000-03792340  07/22/2022 000-03792605  07/22/2022 000-03792612  07/22/2022 000-03793065  07/22/2022 000-03793314  07/22/2022 000-03793318  07/22/2022 000-03796057  07/22/2022 000-03796992  07/22/2022 000-03798153  07/22/2022 000-03798662  07/22/2022 000-03799234  07/22/2022 000-03800920  07/22/2022 000-03801469  07/22/2022 000-03803545  07/22/2022 000-03804334  07/22/2022 000-03804623  07/22/2022 000-03804626  07/22/2022 000-03806488  07/22/2022 000-03807107  07/22/2022 000-03807114  07/22/2022 000-03810861  07/22/2022 000-03811675  07/22/2022 000-03812622  07/22/2022 000-03814408  07/22/2022 000-03814542  07/22/2022 000-03815047  07/22/2022 000-03816476  07/22/2022 000-03817586  07/22/2022 000-03818391  07/22/2022 000-03819791  08/25/2022 000-03819797  07/22/2022 000-03823405  08/25/2022 000-03823407  08/25/2022 000-03823415  08/25/2022 000-03823418  08/25/2022 000-03823422  08/25/2022 000-03823423  08/25/2022 000-03828341  08/25/2022 000-03828540  08/25/2022 000-03828548  08/25/2022 000-03829860  08/25/2022 000-03829886  08/25/2022 000-03832614  08/25/2022 000-03832619  08/25/2022 000-03832628  08/25/2022 000-03833186  08/25/2022 ","000-03833189  08/25/2022 000-03833468  08/25/2022 000-03833477  08/25/2022 000-03833973  08/25/2022 000-03833975  08/25/2022 000-03836648  08/25/2022 000-03836649  08/25/2022 000-03836653  08/25/2022 000-03838099  08/25/2022 000-03838771  08/25/2022 000-03839758  08/25/2022 000-03842183  08/25/2022 000-03842185  08/25/2022 000-03843248  08/25/2022 000-03843249  08/25/2022 000-03843747  08/25/2022 000-03843748  08/25/2022 000-03845619  08/25/2022 000-03845636  08/25/2022 000-03847635  08/25/2022 000-03847643  08/25/2022 000-03847649  08/25/2022 000-03848039  08/25/2022 000-03848439  08/25/2022 000-03851599  08/25/2022 000-03851790  08/25/2022 000-03852037  08/25/2022 000-03852042  08/25/2022 000-03853443  08/25/2022 000-03853448  08/25/2022 000-03856562  08/25/2022 000-03856997  08/25/2022 000-03858639  08/25/2022 000-03858640  08/25/2022 000-03858641  08/25/2022 000-03858643  08/25/2022 000-03858645  08/25/2022 000-03858648  08/25/2022 000-03860320  08/25/2022 000-03860321  08/25/2022 000-03860322  08/25/2022 000-03860329  08/25/2022 000-03860338  08/25/2022 000-03864179  08/25/2022 000-03866965  08/25/2022 000-03867445  08/25/2022 000-03870923  08/25/2022 000-03870928  08/25/2022 000-03871242  08/25/2022 000-03871248  08/25/2022 000-03872932  08/25/2022 000-03874573  08/25/2022 000-03876828  08/25/2022 000-03876848  08/25/2022 000-03876851  08/25/2022 000-03877466  08/25/2022 000-03877800  08/25/2022 000-03878312  08/25/2022 000-03878323  08/25/2022 000-03879034  08/25/2022 000-03879038  08/25/2022 000-03880330  08/25/2022 000-03880831  08/25/2022 000-03881894  08/25/2022 000-03882764  08/25/2022 000-03882782  08/25/2022 000-03883418  08/25/2022 000-03885574  08/25/2022 000-03887194  08/25/2022 000-03887199  08/25/2022 000-03887200  08/25/2022 000-03887203  08/25/2022 000-03888728  08/25/2022 000-03888742  08/25/2022 000-03888745  08/25/2022 000-03889357  08/25/2022 000-03889360  08/25/2022 000-03922111  09/24/2022 000-03922115  09/24/2022 000-03922119  09/24/2022 000-03922120  09/24/2022 000-03922121  09/24/2022 000-03922125  09/24/2022 000-03922126  09/24/2022 000-03922128  09/24/2022 000-03922132  09/24/2022 000-03922136  09/24/2022 000-03922137  09/24/2022 000-03922138  09/24/2022 000-03922140  09/24/2022 000-03922142  09/24/2022 000-03922144  09/24/2022 000-03922145  09/24/2022 000-03922147  09/24/2022 000-03922149  09/24/2022 000-03922150  09/24/2022 000-03922152  09/24/2022 000-03922154  09/24/2022 000-03922159  09/24/2022 000-03922160  09/24/2022 000-03922161  09/24/2022 000-03922166  09/24/2022 000-03925449  09/24/2022 000-03925451  09/24/2022 000-03926466  09/24/2022 000-03926471  09/24/2022 000-03926475  09/24/2022 000-03927648  09/24/2022 000-03927650  09/24/2022 000-03930726  09/24/2022 000-03933558  09/24/2022 000-03933564  09/24/2022 000-03933565  09/24/2022 000-03933570  09/24/2022 000-03933608  09/24/2022 000-03935569  09/24/2022 000-03938511  09/24/2022 000-03938512  09/24/2022 000-03938519  09/24/2022 000-03938522  09/24/2022 000-03938523  09/24/2022 000-03938524  09/24/2022 000-03939829  09/24/2022 000-03940613  09/24/2022 000-03941867  09/24/2022 000-03943701  09/24/2022 000-03945915  09/24/2022 000-03945921  09/24/2022 000-03945931  09/24/2022 000-03948870  09/24/2022 000-03951425  09/24/2022 000-03951426  09/24/2022 000-03951430  09/24/2022 000-03951440  09/24/2022 000-03953265  09/24/2022 000-03954172  09/24/2022 000-03954175  09/24/2022 000-03954179  09/24/2022 000-03954184  09/24/2022 000-03954894  09/24/2022 000-03955789  09/24/2022 000-03956290  09/24/2022 000-03958395  09/24/2022 000-03959410  09/24/2022 000-03961290  09/24/2022 000-03961295  09/24/2022 000-03961299  09/24/2022 000-03961305  09/24/2022 000-03961306  09/24/2022 000-03962927  09/24/2022 000-03962928  09/24/2022 000-03964925  09/24/2022 000-03967062  09/24/2022 000-03972730  09/24/2022 000-03972732  09/24/2022 000-03975203  09/24/2022 000-03975226  09/24/2022 000-03977833  09/24/2022 000-03977835  09/24/2022 000-03980672  09/24/2022 000-03982449  09/24/2022 000-03983080  09/24/2022 000-03983081  09/24/2022 000-03983094  09/24/2022 000-03983479  09/24/2022 000-03983481  09/24/2022 000-03683785  07/02/2022 000-03683787  07/02/2022 000-03683805  07/02/2022 000-03683815  07/02/2022 000-03683830  07/02/2022 000-03683842  07/02/2022 000-03687472  07/02/2022 000-03695583  07/02/2022 000-03700313  07/02/2022 000-03700316  07/02/2022 000-03700322  07/02/2022 000-03706074  07/02/2022 000-03706075  07/02/2022 000-03709140  07/02/2022 000-03709143  07/02/2022 000-03712132  07/02/2022 000-03712146  07/02/2022 000-03717069  07/02/2022 000-03721745  07/02/2022 000-03724063  07/02/2022 000-03728347  07/02/2022 000-03731242  07/02/2022 000-03733160  07/02/2022 000-03733165  07/02/2022 000-03736641  07/22/2022 000-03738799  07/22/2022 000-03756458  07/22/2022 000-03756460  07/22/2022 000-03760719  07/22/2022 000-03760725  07/22/2022 000-03766522  07/22/2022 000-03766523  07/22/2022 000-03766526  07/22/2022 000-03766527  07/22/2022 000-03775261  07/22/2022 000-03787058  07/22/2022 000-03788444  07/22/2022 000-03813044  07/22/2022 000-03813466  07/22/2022 000-03818398  07/22/2022 000-03823420  08/25/2022 000-03826593  08/25/2022 000-03833177  08/25/2022 000-03836650  08/25/2022 000-03836657  08/25/2022 000-03840991  08/25/2022 000-03840994  08/25/2022 000-03841200  08/25/2022 000-03851794  08/25/2022 000-03852032  08/25/2022 000-03853445  08/25/2022 000-03864194  08/25/2022 000-03864943  08/25/2022 000-03871249  08/25/2022 000-03876849  08/25/2022 000-03922131  09/24/2022 000-03922148  09/24/2022 000-03922156  09/24/2022 000-03922163  09/24/2022 000-03925455  09/24/2022 000-03926473  09/24/2022 000-03930731  09/24/2022 000-03933553  09/24/2022 000-03933554  09/24/2022 000-03933568  09/24/2022 000-03934085  09/24/2022 000-03943693  09/24/2022 000-03945916  09/24/2022 000-03946606  09/24/2022 000-03952356  09/24/2022 000-03956282  09/24/2022 000-03956292  09/24/2022 000-03962930  09/24/2022 000-03963894  09/24/2022 000-03978217  09/24/2022 000-03981567  09/24/2022 000-03981581  09/24/2022 000-03983085  09/24/2022 000-03719934  07/08/2022 000-03719969  07/08/2022 000-03723673  07/08/2022 000-03723684  07/08/2022 000-03723686  07/08/2022 000-03726429  07/08/2022 000-03733247  07/08/2022 000-03734504  07/08/2022 000-03736710  07/08/2022 000-03742911  07/08/2022 000-03742921  07/08/2022 000-03744278  07/08/2022 000-03746905  07/08/2022 000-03750828  07/08/2022 000-03750831  07/08/2022 000-03753615  07/18/2022 000-03758046  07/18/2022 000-03765934  07/18/2022 000-03765944  07/18/2022 000-03772166  07/18/2022 000-03772186  07/08/2022 000-03773794  07/18/2022 000-03775265  07/18/2022 000-03779826  07/18/2022 000-03796986  07/18/2022 000-03798665  07/18/2022 000-03802467  07/08/2022 000-03812633  07/08/2022 000-03812641  07/08/2022 000-03813474  07/08/2022 000-03814425  07/08/2022 000-03818397  07/08/2022 000-03826256  07/08/2022 000-03826582  07/08/2022 000-03836690  07/08/2022 000-03836691  07/08/2022 000-03840517  07/08/2022 000-03847637  07/08/2022 000-03848471  07/08/2022 000-03852033  07/08/2022 000-03855125  07/08/2022 000-03858637  07/08/2022 000-03858638  07/08/2022 000-03859882  07/08/2022 000-03862567  07/08/2022 000-03862568  07/08/2022 000-03865882  07/08/2022 000-03881265  07/20/2022 000-03888764  07/20/2022 000-03892136  07/20/2022 000-03895893  07/20/2022 000-03897617  07/20/2022 000-03900989  08/06/2022 000-03901566  07/20/2022 000-03902902  07/20/2022 000-03908372  07/20/2022 000-03919187  08/06/2022 000-03929142  08/06/2022 000-03929143  08/06/2022 000-03929162  08/06/2022 000-03929167  08/06/2022 000-03930708  08/06/2022 000-03930711  08/06/2022 000-03934142  08/06/2022 000-03935195  08/06/2022 000-03939835  08/06/2022 000-03942514  08/06/2022 000-03942522  08/06/2022 000-03945439  08/06/2022 000-03945944  08/06/2022 000-03948871  08/23/2022 000-03951437  08/23/2022 000-03951442  08/23/2022 000-03954191  08/23/2022 000-03958068  08/23/2022 000-03959409  08/23/2022 000-03959893  08/23/2022 000-03961276  08/23/2022 000-03971960  08/23/2022 000-03974445  08/23/2022 000-03975230  08/23/2022 000-03975235  08/23/2022 000-03979763  08/23/2022 000-03983501  08/23/2022 000-03987093  08/23/2022 000-03989567  08/23/2022 000-03991178  08/23/2022 000-03992571  08/23/2022 000-03993433  08/23/2022 000-03995974  08/23/2022 000-03998087  08/23/2022 000-03998433  08/23/2022 000-04000130  08/23/2022 000-04005062  08/23/2022 000-04007868  08/23/2022 000-04009874  08/23/2022 000-04012102  08/23/2022 000-04023194  08/23/2022 000-04035168  08/23/2022 000-04035609  08/23/2022 000-04036051  08/23/2022 000-04038321  08/23/2022 000-04038325  08/23/2022 000-04042189  08/23/2022 000-03897611  07/20/2022 000-03897615  07/20/2022 000-03975225  08/23/2022 000-03709617  07/08/2022 000-03714972  07/08/2022 000-03718753  07/08/2022 000-03736688  07/08/2022 000-03738210  07/08/2022 000-03738214  07/08/2022 000-03739303  07/08/2022 000-03740166  07/08/2022 000-03744279  07/08/2022 000-03744280  07/08/2022 000-03746903  07/08/2022 000-03749804  07/08/2022 000-03758061  07/18/2022 000-03764256  07/18/2022 000-03764275  07/18/2022 000-03768110  07/08/2022 000-03776457  07/18/2022 000-03777184  07/18/2022 000-03789136  07/18/2022 000-03801471  07/18/2022 000-03809079  07/08/2022 000-03813646  07/08/2022 000-03817637  07/08/2022 000-03818399  07/08/2022 000-03821232  07/08/2022 000-03825276  07/08/2022 000-03838747  07/08/2022 000-03840513  07/08/2022 000-03851632  07/08/2022 000-03855132  07/08/2022 000-03856605  07/08/2022 000-03862557  07/08/2022 000-03864945  07/08/2022 000-03867794  07/20/2022 000-03870440  07/20/2022 000-03874606  07/20/2022 000-03878145  07/20/2022 000-03888757  07/20/2022 000-03889340  07/20/2022 000-03890377  07/20/2022 000-03892765  07/20/2022 000-03895891  07/20/2022 000-03903495  08/06/2022 000-03904583  07/20/2022 000-03910835  08/06/2022 000-03915804  08/06/2022 000-03916827  08/06/2022 000-03917415  08/06/2022 000-03930701  08/06/2022 000-03930714  08/06/2022 000-03930715  08/06/2022 000-03930716  08/06/2022 000-03934075  08/06/2022 000-03934147  08/06/2022 000-03938527  08/06/2022 000-03938534  08/06/2022 000-03943747  08/06/2022 000-03945946  08/06/2022 000-03969866  08/23/2022 000-03971961  08/23/2022 000-03987094  08/23/2022 000-03987097  08/23/2022 000-03989564  08/23/2022 000-03991187  08/23/2022 000-03998426  08/23/2022 000-04006425  08/23/2022 000-04007864  08/23/2022 000-04009862  08/23/2022 000-04019554  08/23/2022 000-04024641  08/23/2022 000-04031411  08/23/2022 000-04040092  08/23/2022 000-04046202  08/23/2022 000-03721045  07/08/2022 000-03731110  07/08/2022 000-03749769  07/08/2022 000-03751847  07/08/2022 000-03867440  07/20/2022 000-03963897  08/23/2022 000-03994868  08/23/2022 000-03997074  08/23/2022 000-04002203  08/23/2022 000-04020906  08/23/2022 000-03807706  07/08/2022 000-03836693  07/08/2022 000-03975725  08/23/2022 000-04032659  08/23/2022 000-03725274  07/08/2022 000-03961270  08/23/2022 000-03989565  08/23/2022 000-03864924  07/08/2022 000-03865787  07/08/2022 000-03868933  07/20/2022 000-03894072  07/20/2022 000-03899552  07/20/2022 000-03900983  08/06/2022 000-03901563  07/20/2022 000-04038316  08/23/2022 000-03715760  07/08/2022 000-03721833  07/08/2022 000-03750841  07/08/2022 000-03799703  07/18/2022 000-03804618  07/08/2022 000-03807737  07/08/2022 000-03822470  07/08/2022 000-03865887  07/08/2022 000-03867783  07/20/2022 000-03899550  07/20/2022 000-03920602  08/06/2022 000-03934135  08/06/2022 000-03970756  08/23/2022 000-03991179  08/23/2022 000-04015357  08/23/2022 000-04019971  08/23/2022 000-04035785  08/23/2022 000-04042207  08/23/2022 000-03721042  07/08/2022 000-03753609  07/18/2022 000-03762787  07/18/2022 000-03778737  07/18/2022 000-03779854  07/18/2022 000-03779952  07/18/2022 000-03794730  07/18/2022 000-03809077  07/08/2022 000-03828547  07/08/2022 000-03831832  07/08/2022 000-03838121  07/08/2022 000-03842167  07/08/2022 000-03851592  07/08/2022 000-03854221  07/08/2022 000-03930718  08/06/2022 000-03945942  08/06/2022 000-03961272  08/23/2022 000-03981571  08/23/2022 000-03985287  08/23/2022 000-03992569  08/23/2022 000-04028638  08/23/2022 000-04042200  08/23/2022 000-03783052  07/18/2022 000-03784019  07/18/2022 000-03784025  07/18/2022 000-03793574  07/18/2022 000-03832491  07/08/2022 000-03844925  07/08/2022 000-03866173  07/20/2022 000-03885589  07/20/2022 000-03888765  07/20/2022 000-03909602  07/20/2022 000-03926469  08/06/2022 000-03943751  08/06/2022 000-03978204  08/23/2022 000-03983499  08/23/2022 000-03986116  08/23/2022 000-04000120  08/23/2022 000-04040625  08/23/2022 000-03721033  07/08/2022 000-03804471  07/18/2022 000-03820141  07/08/2022 000-03888769  07/20/2022 000-03919200  08/06/2022 000-03926461  08/06/2022 000-04015368  08/23/2022 000-03764262  07/18/2022 000-03805813  07/08/2022 000-03817624  07/08/2022 000-03826263  07/08/2022 000-03861281  07/08/2022 000-03869474  07/08/2022 000-03873359  07/20/2022 000-03885591  07/20/2022 000-03915825  08/06/2022 000-03918209  08/06/2022 000-03940621  08/06/2022 000-03961277  08/23/2022 000-03962933  08/23/2022 000-03978909  08/23/2022 000-03994856  08/23/2022 000-04001736  08/23/2022 000-04007570  08/23/2022 000-04042194  08/23/2022 000-04044278  08/23/2022 000-04046191  08/23/2022 000-03723666  07/08/2022 000-03736625  07/08/2022 000-03740164  07/08/2022 000-03759692  07/18/2022 000-03762794  07/08/2022 000-03795460  07/18/2022 000-03845638  07/08/2022 000-03876835  07/20/2022 000-03877471  07/20/2022 000-03899546  07/20/2022 000-03923633  08/06/2022 000-03984008  08/23/2022 000-03994885  08/23/2022 000-03734044  07/08/2022 000-03775633  07/18/2022 000-03855126  07/08/2022 000-03878138  07/20/2022 000-03892772  07/20/2022 000-03893254  07/20/2022 000-03942519  08/06/2022 000-03971973  08/23/2022 000-03709628  07/08/2022 000-03713408  07/08/2022 000-03714973  07/08/2022 000-03714974  07/08/2022 000-03721040  07/08/2022 000-03721043  07/08/2022 000-03721812  07/08/2022 000-03723674  07/08/2022 000-03729159  07/08/2022 000-03729167  07/08/2022 000-03733257  07/08/2022 000-03736716  07/08/2022 000-03736718  07/08/2022 000-03742912  07/08/2022 000-03742914  07/08/2022 000-03742916  07/08/2022 000-03744281  07/08/2022 000-03746248  07/08/2022 000-03746899  07/08/2022 000-03746902  07/08/2022 000-03749780  07/08/2022 000-03750829  07/08/2022 000-03751857  07/08/2022 000-03753614  07/18/2022 000-03758045  07/18/2022 000-03758048  07/18/2022 000-03758050  07/18/2022 000-03758051  07/18/2022 000-03758063  07/18/2022 000-03759686  07/18/2022 000-03765935  07/18/2022 000-03765938  07/18/2022 000-03768102  07/08/2022 000-03768591  07/18/2022 000-03772170  07/18/2022 000-03773781  07/18/2022 000-03773791  07/18/2022 000-03777185  07/18/2022 000-03777647  07/18/2022 000-03780669  07/18/2022 000-03781906  07/18/2022 000-03781917  07/18/2022 000-03785397  07/18/2022 000-03786283  07/18/2022 000-03787054  07/18/2022 000-03788809  07/18/2022 000-03791149  07/18/2022 000-03795450  07/18/2022 000-03795457  07/18/2022 000-03799244  07/18/2022 000-03799247  07/18/2022 000-03810493  07/08/2022 000-03811315  07/08/2022 000-03812635  07/08/2022 000-03817628  07/08/2022 000-03818395  07/08/2022 000-03822460  07/08/2022 000-03822817  07/08/2022 000-03822823  07/08/2022 000-03827009  07/08/2022 000-03832611  07/08/2022 000-03832808  07/08/2022 000-03832920  07/08/2022 000-03836692  07/08/2022 000-03836702  07/08/2022 000-03840506  07/08/2022 000-03840511  07/08/2022 000-03842158  07/08/2022 000-03843625  07/08/2022 000-03845623  07/08/2022 000-03851629  07/08/2022 000-03852028  07/08/2022 000-03852041  07/08/2022 000-03854224  07/08/2022 000-03854225  07/08/2022 000-03854226  07/08/2022 000-03855128  07/08/2022 000-03856602  07/08/2022 000-03858160  07/08/2022 000-03858161  07/08/2022 000-03859448  07/08/2022 000-03864185  07/08/2022 000-03864912  07/08/2022 000-03864941  07/08/2022 000-03867160  07/20/2022 000-03867780  07/20/2022 000-03870438  07/20/2022 000-03871233  07/20/2022 000-03871909  07/20/2022 000-03871912  07/20/2022 000-03880176  07/20/2022 000-03880837  07/20/2022 000-03888755  07/20/2022 000-03888761  07/20/2022 000-03890370  07/20/2022 000-03892135  07/20/2022 000-03892146  07/20/2022 000-03899896  07/20/2022 000-03901573  07/20/2022 000-03902663  07/20/2022 000-03902666  07/20/2022 000-03903492  08/06/2022 000-03903493  08/06/2022 000-03903500  08/06/2022 000-03911185  08/06/2022 000-03911189  08/06/2022 000-03913029  08/06/2022 000-03913035  08/06/2022 000-03913759  08/06/2022 000-03915076  08/06/2022 000-03916820  08/06/2022 000-03916830  08/06/2022 000-03923625  08/06/2022 000-03929134  08/06/2022 000-03929136  08/06/2022 000-03929138  08/06/2022 000-03929163  08/06/2022 000-03930702  08/06/2022 000-03930704  08/06/2022 000-03930706  08/06/2022 000-03930707  08/06/2022 000-03930710  08/06/2022 000-03930712  08/06/2022 000-03934072  08/06/2022 000-03934134  08/06/2022 000-03935193  08/06/2022 000-03938536  08/06/2022 000-03938537  08/06/2022 000-03941263  08/06/2022 000-03943727  08/06/2022 000-03943728  08/06/2022 000-03944798  08/06/2022 000-03946793  08/23/2022 000-03951428  08/23/2022 000-03951434  08/23/2022 000-03952326  08/23/2022 000-03952346  08/23/2022 000-03954185  08/23/2022 000-03954890  08/23/2022 000-03954893  08/23/2022 000-03954895  08/23/2022 000-03964708  08/23/2022 000-03964916  08/23/2022 000-03966776  08/23/2022 000-03969863  08/23/2022 000-03971963  08/23/2022 000-03971969  08/23/2022 000-03971970  08/23/2022 000-03976862  08/23/2022 000-03977831  08/23/2022 000-03977834  08/23/2022 000-03978211  08/23/2022 000-03978907  08/23/2022 000-03983103  08/23/2022 000-03983993  08/23/2022 000-03991201  08/23/2022 000-03991662  08/23/2022 000-03997068  08/23/2022 000-03997069  08/23/2022 000-04001095  08/23/2022 000-04002216  08/23/2022 000-04008976  08/23/2022 000-04012098  08/23/2022 000-04013147  08/23/2022 000-04013155  08/23/2022 000-04014627  08/23/2022 000-04019558  08/23/2022 000-04019978  08/23/2022 000-04019979  08/23/2022 000-04019984  08/23/2022 000-04020155  08/23/2022 000-04024659  08/23/2022 000-04026475  08/23/2022 000-04028649  08/23/2022 000-04030075  08/23/2022 000-04030538  08/23/2022 000-04030840  08/23/2022 000-04031418  08/23/2022 000-04035170  08/23/2022 000-04035173  08/23/2022 000-04035606  08/23/2022 000-04036068  08/23/2022 000-04038327  08/23/2022 000-04038336  08/23/2022 000-04042127  08/23/2022 000-04042195  08/23/2022 000-04042204  08/23/2022 000-04046194  08/23/2022 000-03719959  07/08/2022 000-03726434  07/08/2022 000-03744282  07/08/2022 000-03792779  07/18/2022 000-03899553  07/20/2022 000-03930713  08/06/2022 000-03951427  08/23/2022 000-04012105  08/23/2022 000-03716878  07/08/2022 000-03719282  07/08/2022 000-03765937  07/18/2022 000-03776162  07/18/2022 000-03799233  07/18/2022 000-03821778  07/08/2022 000-03826259  07/08/2022 000-03839755  07/08/2022 000-03849200  07/08/2022 000-03885588  07/20/2022 000-03935186  08/06/2022 000-03938538  08/06/2022 000-03954186  08/23/2022 000-03959415  08/23/2022 000-03959886  08/23/2022 000-03962917  08/23/2022 000-04031426  08/23/2022 000-03719935  07/08/2022 000-03725265  07/08/2022 000-03729162  07/08/2022 000-03729909  07/08/2022 000-03744277  07/08/2022 000-03751854  07/08/2022 000-03758068  07/18/2022 000-03758074  07/18/2022 000-03764255  07/18/2022 000-03764265  07/18/2022 000-03770296  07/18/2022 000-03786275  07/18/2022 000-03787056  07/18/2022 000-03804474  07/18/2022 000-03807120  07/08/2022 000-03809347  07/08/2022 000-03810490  07/08/2022 000-03826590  07/08/2022 000-03838113  07/08/2022 000-03843263  07/08/2022 000-03858163  07/08/2022 000-03858164  07/08/2022 000-03867171  07/20/2022 000-03868922  07/20/2022 000-03874604  07/20/2022 000-03874609  07/20/2022 000-03879252  07/20/2022 000-03888768  07/20/2022 000-03889548  07/20/2022 000-03893257  07/20/2022 000-03901570  07/20/2022 000-03908376  07/20/2022 000-03908571  07/20/2022 000-03911190  08/06/2022 000-03929132  08/06/2022 000-03929137  08/06/2022 000-03930703  08/06/2022 000-03934070  08/06/2022 000-03944868  08/06/2022 000-03954195  08/23/2022 000-03956284  08/23/2022 000-03964915  08/23/2022 000-03965322  08/23/2022 000-03967061  08/23/2022 000-03967863  08/23/2022 000-03971962  08/23/2022 000-03978209  08/23/2022 000-03983998  08/23/2022 000-03984005  08/23/2022 000-03995972  08/23/2022 000-03997073  08/23/2022 000-04007407  08/23/2022 000-04009869  08/23/2022 000-04012104  08/23/2022 000-04019510  08/23/2022 000-04022328  08/23/2022 000-04022331  08/23/2022 000-04038329  08/23/2022 000-04044864  08/23/2022 000-03712064  07/08/2022 000-03712068  07/08/2022 000-03718722  07/08/2022 000-03719930  07/08/2022 000-03729913  07/08/2022 000-03738211  07/08/2022 000-03742915  07/08/2022 000-03748467  07/08/2022 000-03750840  07/08/2022 000-03754095  07/08/2022 000-03754104  07/08/2022 000-03755270  07/18/2022 000-03756962  07/18/2022 000-03758062  07/18/2022 000-03758067  07/18/2022 000-03764259  07/18/2022 000-03765951  07/18/2022 000-03768586  07/18/2022 000-03795452  07/18/2022 000-03800223  07/18/2022 000-03809086  07/08/2022 000-03817623  07/08/2022 000-03817632  07/08/2022 000-03821231  07/08/2022 000-03822456  07/08/2022 000-03836695  07/08/2022 000-03836700  07/08/2022 000-03847653  07/08/2022 000-03848038  07/08/2022 000-03874611  07/20/2022 000-03876342  07/20/2022 000-03877469  07/20/2022 000-03885593  07/20/2022 000-03885594  07/20/2022 000-03888052  07/20/2022 000-03888767  07/20/2022 000-03897612  07/20/2022 000-03900696  07/20/2022 000-03915817  08/06/2022 000-03919197  08/06/2022 000-03924171  08/06/2022 000-03927198  08/06/2022 000-03929130  08/06/2022 000-03934076  08/06/2022 000-03934077  08/06/2022 000-03948872  08/23/2022 000-03956283  08/23/2022 000-03957437  08/23/2022 000-03967871  08/23/2022 000-03967892  08/23/2022 000-03969858  08/23/2022 000-03971965  08/23/2022 000-03982450  08/23/2022 000-03986112  08/23/2022 000-03987096  08/23/2022 000-03987100  08/23/2022 000-03994848  08/23/2022 000-04000427  08/23/2022 000-04006426  08/23/2022 000-04006437  08/23/2022 000-04012103  08/23/2022 000-04013149  08/23/2022 000-04015369  08/23/2022 000-04019512  08/23/2022 000-04021744  08/23/2022 000-04024653  08/23/2022 000-04026476  08/23/2022 000-04031428  08/23/2022 000-04035613  08/23/2022 000-04044274  08/23/2022 000-03709625  07/08/2022 000-03709626  07/08/2022 000-03709627  07/08/2022 000-03709629  07/08/2022 000-03712071  07/08/2022 000-03712076  07/08/2022 000-03712657  07/08/2022 000-03713417  07/08/2022 000-03714975  07/08/2022 000-03715765  07/08/2022 000-03716875  07/08/2022 000-03718164  07/08/2022 000-03719960  07/08/2022 000-03721037  07/08/2022 000-03721041  07/08/2022 000-03721044  07/08/2022 000-03721832  07/08/2022 000-03723685  07/08/2022 000-03729166  07/08/2022 000-03731109  07/08/2022 000-03731460  07/08/2022 000-03733191  07/08/2022 000-03733194  07/08/2022 000-03733195  07/08/2022 000-03733199  07/08/2022 000-03733252  07/08/2022 000-03736622  07/08/2022 000-03736632  07/08/2022 000-03736682  07/08/2022 000-03736683  07/08/2022 000-03738213  07/08/2022 000-03739295  07/08/2022 000-03741048  07/08/2022 000-03742892  07/08/2022 000-03742893  07/08/2022 000-03744275  07/08/2022 000-03744283  07/08/2022 000-03746910  07/08/2022 000-03749782  07/08/2022 000-03750838  07/08/2022 000-03751856  07/08/2022 000-03753629  07/18/2022 000-03754102  07/08/2022 000-03758044  07/18/2022 000-03758047  07/18/2022 000-03758049  07/18/2022 000-03758064  07/18/2022 000-03758066  07/18/2022 000-03758069  07/18/2022 000-03758070  07/18/2022 000-03758075  07/18/2022 000-03758081  07/18/2022 000-03764254  07/18/2022 000-03764267  07/18/2022 000-03765936  07/18/2022 000-03765943  07/18/2022 000-03766585  07/18/2022 000-03766592  07/18/2022 000-03769381  07/18/2022 000-03775277  07/18/2022 000-03776463  07/18/2022 000-03776579  07/18/2022 000-03777183  07/18/2022 000-03777187  07/18/2022 000-03780668  07/18/2022 000-03781755  07/18/2022 000-03785381  07/18/2022 000-03786274  07/18/2022 000-03787060  07/18/2022 000-03787061  07/18/2022 000-03788455  07/18/2022 000-03788460  07/18/2022 000-03788465  07/18/2022 000-03791156  07/18/2022 000-03791157  07/18/2022 000-03792592  07/18/2022 000-03792606  07/18/2022 000-03793572  07/18/2022 000-03796073  07/18/2022 000-03796138  07/18/2022 000-03796139  07/18/2022 000-03796984  07/18/2022 000-03796998  07/18/2022 000-03798151  07/18/2022 000-03798651  07/18/2022 000-03799702  07/18/2022 000-03799707  07/18/2022 000-03800567  07/08/2022 000-03800908  07/18/2022 000-03802306  07/18/2022 000-03802465  07/18/2022 000-03804480  07/18/2022 000-03806126  07/08/2022 000-03807118  07/08/2022 000-03807717  07/08/2022 000-03807733  07/08/2022 000-03808258  07/08/2022 000-03809760  07/08/2022 000-03810491  07/08/2022 000-03810492  07/08/2022 000-03811300  07/08/2022 000-03811311  07/08/2022 000-03811663  07/08/2022 000-03812636  07/08/2022 000-03812643  07/08/2022 000-03814418  07/08/2022 000-03814419  07/08/2022 000-03814422  07/08/2022 000-03814547  07/08/2022 000-03815060  07/08/2022 000-03815071  07/08/2022 000-03817615  07/08/2022 000-03817626  07/08/2022 000-03819032  07/08/2022 000-03820131  07/08/2022 000-03820146  07/08/2022 000-03822466  07/08/2022 000-03822467  07/08/2022 000-03825278  07/08/2022 000-03827010  07/08/2022 000-03827808  07/08/2022 000-03827809  07/08/2022 000-03827819  07/08/2022 000-03833183  07/08/2022 000-03833471  07/08/2022 000-03833978  07/08/2022 000-03836689  07/08/2022 000-03836694  07/08/2022 000-03836697  07/08/2022 000-03836698  07/08/2022 000-03838745  07/08/2022 000-03838748  07/08/2022 000-03839754  07/08/2022 000-03840278  07/08/2022 000-03840505  07/08/2022 000-03841008  07/08/2022 000-03841199  07/08/2022 000-03845613  07/08/2022 000-03846286  07/08/2022 000-03846870  07/08/2022 000-03847636  07/08/2022 000-03848058  07/08/2022 000-03850534  07/08/2022 000-03852031  07/08/2022 000-03854220  07/08/2022 000-03854227  07/08/2022 000-03855124  07/08/2022 000-03855129  07/08/2022 000-03855130  07/08/2022 000-03855135  07/08/2022 000-03856604  07/08/2022 000-03859443  07/08/2022 000-03859889  07/08/2022 000-03862558  07/08/2022 000-03864188  07/08/2022 000-03864893  07/08/2022 000-03864902  07/08/2022 000-03864937  07/08/2022 000-03864939  07/08/2022 000-03864944  07/08/2022 000-03866170  07/20/2022 000-03866969  07/08/2022 000-03866970  07/08/2022 000-03868920  07/20/2022 000-03868929  07/20/2022 000-03870490  07/20/2022 000-03874598  07/20/2022 000-03874600  07/20/2022 000-03877473  07/20/2022 000-03877795  07/20/2022 000-03878132  07/20/2022 000-03881264  07/20/2022 000-03885598  07/20/2022 000-03888758  07/20/2022 000-03889346  07/20/2022 000-03889549  07/20/2022 000-03889550  07/20/2022 000-03891362  07/20/2022 000-03894079  07/20/2022 000-03895901  07/20/2022 000-03897607  07/20/2022 000-03897621  07/20/2022 000-03898036  07/20/2022 000-03898038  07/20/2022 000-03899899  07/20/2022 000-03901562  07/20/2022 000-03902667  07/20/2022 000-03908366  07/20/2022 000-03908378  07/20/2022 000-03908573  07/20/2022 000-03908583  07/20/2022 000-03909599  07/20/2022 000-03909607  07/20/2022 000-03913026  08/06/2022 000-03913752  08/06/2022 000-03913757  07/20/2022 000-03915808  08/06/2022 000-03915826  08/06/2022 000-03916809  08/06/2022 000-03917419  08/06/2022 000-03917421  08/06/2022 000-03917425  08/06/2022 000-03919180  08/06/2022 000-03920298  08/06/2022 000-03920588  08/06/2022 000-03923636  08/06/2022 000-03927196  08/06/2022 000-03927200  08/06/2022 000-03927204  08/06/2022 000-03929127  08/06/2022 000-03929128  08/06/2022 000-03929129  08/06/2022 000-03929133  08/06/2022 000-03929139  08/06/2022 000-03929140  08/06/2022 000-03929144  08/06/2022 000-03929164  08/06/2022 000-03930705  08/06/2022 000-03930717  08/06/2022 000-03934081  08/06/2022 000-03934138  08/06/2022 000-03938528  08/06/2022 000-03938529  08/06/2022 000-03938531  08/06/2022 000-03938532  08/06/2022 000-03938535  08/06/2022 000-03940622  08/06/2022 000-03941260  08/06/2022 000-03941265  08/06/2022 000-03942521  08/06/2022 000-03945935  08/06/2022 000-03945951  08/06/2022 000-03946791  08/23/2022 000-03948875  08/23/2022 000-03949205  08/23/2022 000-03951418  08/23/2022 000-03951436  08/23/2022 000-03951439  08/23/2022 000-03951443  08/23/2022 000-03952348  08/23/2022 000-03954197  08/23/2022 000-03955619  08/23/2022 000-03958067  08/23/2022 000-03958078  08/23/2022 000-03961287  08/23/2022 000-03962932  08/23/2022 000-03962936  08/23/2022 000-03962958  08/23/2022 000-03963891  08/23/2022 000-03963896  08/23/2022 000-03964911  08/23/2022 000-03964912  08/23/2022 000-03965326  08/23/2022 000-03966767  08/23/2022 000-03969857  08/23/2022 000-03969864  08/23/2022 000-03969865  08/23/2022 000-03973562  08/23/2022 000-03973910  08/23/2022 000-03975221  08/23/2022 000-03975229  08/23/2022 000-03975234  08/23/2022 000-03976850  08/23/2022 000-03977027  08/23/2022 000-03977836  08/23/2022 000-03982453  08/23/2022 000-03983101  08/23/2022 000-03983497  08/23/2022 000-03983750  08/23/2022 000-03983996  08/23/2022 000-03987091  08/23/2022 000-03987099  08/23/2022 000-03991200  08/23/2022 000-03994864  08/23/2022 000-03998436  08/23/2022 000-03998440  08/23/2022 000-03998441  08/23/2022 000-04001097  08/23/2022 000-04001098  08/23/2022 000-04001732  08/23/2022 000-04001738  08/23/2022 000-04003955  08/23/2022 000-04004998  08/23/2022 000-04005054  08/23/2022 000-04005056  08/23/2022 000-04009867  08/23/2022 000-04012100  08/23/2022 000-04012106  08/23/2022 000-04012107  08/23/2022 000-04012650  08/23/2022 000-04013716  08/23/2022 000-04013719  08/23/2022 000-04013734  08/23/2022 000-04015351  08/23/2022 000-04015358  08/23/2022 000-04016828  08/23/2022 000-04017178  08/23/2022 000-04017611  08/23/2022 000-04017615  08/23/2022 000-04020152  08/23/2022 000-04020154  08/23/2022 000-04020931  08/23/2022 000-04024639  08/23/2022 000-04024657  08/23/2022 000-04030076  08/23/2022 000-04030077  08/23/2022 000-04031413  08/23/2022 000-04031823  08/23/2022 000-04034620  08/23/2022 000-04034623  08/23/2022 000-04038311  08/23/2022 000-04038317  08/23/2022 000-04038320  08/23/2022 000-04038322  08/23/2022 000-04038330  08/23/2022 000-04038333  08/23/2022 000-04038334  08/23/2022 000-04042190  08/23/2022 000-04042199  08/23/2022 000-04043676  08/23/2022 000-04046190  08/23/2022 000-03723667  07/08/2022 000-03736723  07/08/2022 000-03795463  07/18/2022 000-03833175  07/08/2022 000-03840519  07/08/2022 000-03885595  07/20/2022 000-03890366  07/20/2022 000-03902672  07/20/2022 000-03913745  07/20/2022 000-03917420  08/06/2022 000-03940617  08/06/2022 000-03954194  08/23/2022 000-03964704  08/23/2022 000-04008420  08/23/2022 000-04016836  08/23/2022 000-03731107  07/08/2022 000-03733190  07/08/2022 000-03807708  07/08/2022 000-03829874  07/08/2022 000-03899551  07/20/2022 000-03908384  07/20/2022 000-03908581  07/20/2022 000-03929161  08/06/2022 000-04024656  08/23/2022 000-03721035  07/08/2022 000-03754094  07/08/2022 000-03765950  07/18/2022 000-03772158  07/18/2022 000-03781763  07/18/2022 000-03852025  07/08/2022 000-03858162  07/08/2022 000-03871228  07/20/2022 000-03913753  07/20/2022 000-03957421  08/23/2022 000-03958393  08/23/2022 000-03969868  08/23/2022 000-04031406  08/23/2022 000-03712077  07/08/2022 000-03712661  07/08/2022 000-03716385  07/08/2022 000-03716885  07/08/2022 000-03719279  07/08/2022 000-03721837  07/08/2022 000-03725261  07/08/2022 000-03733197  07/08/2022 000-03740155  07/08/2022 000-03742908  07/08/2022 000-03742910  07/08/2022 000-03744276  07/08/2022 000-03744284  07/08/2022 000-03751853  07/08/2022 000-03764252  07/18/2022 000-03765941  07/18/2022 000-03771104  07/18/2022 000-03773788  07/18/2022 000-03787055  07/18/2022 000-03804328  07/08/2022 000-03825795  07/08/2022 000-03826599  07/08/2022 000-03827816  07/08/2022 000-03832489  07/08/2022 000-03832490  07/08/2022 000-03832612  07/08/2022 000-03833961  07/08/2022 000-03838770  07/08/2022 000-03843275  07/08/2022 000-03844934  07/08/2022 000-03845620  07/08/2022 000-03846292  07/08/2022 000-03850162  07/08/2022 000-03858157  07/08/2022 000-03870930  07/20/2022 000-03878140  07/20/2022 000-03879875  07/20/2022 000-03885592  07/20/2022 000-03888759  07/20/2022 000-03888775  07/20/2022 000-03889326  07/20/2022 000-03890179  07/20/2022 000-03890182  07/20/2022 000-03892144  07/20/2022 000-03898032  07/20/2022 000-03899554  07/20/2022 000-03910833  08/06/2022 000-03920595  08/06/2022 000-03927203  08/06/2022 000-03929131  08/06/2022 ","000-03929135  08/06/2022 000-03929141  08/06/2022 000-03940612  08/06/2022 000-03942515  08/06/2022 000-03943738  08/06/2022 000-03945938  08/06/2022 000-03961285  08/23/2022 000-03974449  08/23/2022 000-03978200  08/23/2022 000-03980667  08/23/2022 000-03981574  08/23/2022 000-03987101  08/23/2022 000-03987105  08/23/2022 000-03994886  08/23/2022 000-03996882  08/23/2022 000-04003954  08/23/2022 000-04003962  08/23/2022 000-04006438  08/23/2022 000-04013143  08/23/2022 000-04030615  08/23/2022 000-04033003  08/23/2022 000-04038324  08/23/2022 000-04038326  08/23/2022 000-04038331  08/23/2022 000-04042188  08/23/2022 000-04042198  08/23/2022 000-04042202  08/23/2022 000-04042203  08/23/2022 000-03709618  07/08/2022 000-03723687  07/08/2022 000-03733200  07/08/2022 000-03733202  07/08/2022 000-03754100  07/08/2022 000-03775149  07/18/2022 000-03841207  07/08/2022 000-03843753  07/08/2022 000-03848472  07/08/2022 000-03899559  07/20/2022 000-03926770  08/06/2022 000-03946615  08/06/2022 000-03952349  08/23/2022 000-03957430  08/23/2022 000-03959411  08/23/2022 000-04003356  08/23/2022 000-04046197  08/23/2022 000-03609459  06/11/2022 000-03615231  06/11/2022 000-03620487  06/11/2022 000-03622023  06/11/2022 000-03628910  06/14/2022 000-03629576  06/11/2022 000-03631429  06/18/2022 000-03631434  06/18/2022 000-03633634  06/18/2022 000-03640432  06/18/2022 000-03643369  06/20/2022 000-03645777  06/20/2022 000-03650120  07/03/2022 000-03655310  06/20/2022 000-03675829  07/03/2022 000-03690932  07/09/2022 000-03699819  07/12/2022 000-03704594  07/12/2022 000-03767465  07/27/2022 000-03610523  06/06/2022 000-03642521  06/06/2022 000-03704639  06/06/2022 000-03768844  06/06/2022 000-03880961  07/30/2022 000-03655307  06/06/2022 000-03758309  06/06/2022 000-03818432  07/30/2022 000-03869361  07/30/2022 000-03791884  07/30/2022 000-03751069  06/06/2022 000-03644429  06/06/2022 000-03672027  06/06/2022 000-03780352  08/13/2022 000-03826043  08/29/2022 000-03845283  09/05/2022 000-03696474  07/10/2022 000-03801189  08/20/2022 000-03758275  06/07/2022 000-03781411  06/15/2022 000-03782470  06/17/2022 000-03875830  07/20/2022 000-03890890  07/29/2022 000-03891026  07/26/2022 000-03641190  06/20/2022 000-03754581  07/25/2022 000-03897999  09/18/2022 000-03907469  09/18/2022 000-03631395  06/06/2022 000-03631396  06/06/2022 000-03631414  06/06/2022 000-03655297  06/06/2022 000-03777332  07/30/2022 000-03797583  07/30/2022 000-03831575  07/30/2022 000-03833377  07/30/2022 000-03845287  07/30/2022 000-03848510  07/30/2022 000-03848511  07/30/2022 000-03644431  06/06/2022 000-03700956  06/06/2022 000-03700968  06/06/2022 000-03732558  06/06/2022 000-03751060  06/06/2022 000-03755099  06/06/2022 000-03799218  07/30/2022 000-03802458  07/30/2022 000-03802459  07/30/2022 000-03822092  07/30/2022 000-03833447  07/30/2022 000-03852588  07/30/2022 000-03900404  07/30/2022 000-03905909  07/30/2022 000-03631415  06/06/2022 000-03672064  06/06/2022 000-03683247  06/06/2022 000-03685352  06/06/2022 000-03714293  06/06/2022 000-03720960  06/06/2022 000-03749995  06/06/2022 000-03756589  07/30/2022 000-03826968  07/30/2022 000-03849342  07/30/2022 000-03861166  07/30/2022 000-03861178  07/30/2022 000-03900393  07/30/2022 000-03647669  06/20/2022 000-03665512  06/20/2022 000-03731456  06/20/2022 000-03941259  09/24/2022 000-03996877  09/24/2022 000-03647648  06/20/2022 000-03672115  06/20/2022 000-03673033  06/20/2022 000-03683400  06/20/2022 000-03721824  06/20/2022 000-03725267  06/20/2022 000-03765949  06/20/2022 000-03768571  07/18/2022 000-03770281  07/18/2022 000-03796066  07/18/2022 000-03820135  07/18/2022 000-03833470  07/18/2022 000-03850163  07/18/2022 000-03855109  07/18/2022 000-03908375  07/18/2022 000-03962921  09/24/2022 000-04000121  09/24/2022 000-04006427  09/24/2022 000-04020928  09/24/2022 000-04030074  09/24/2022 000-04038292  09/24/2022 000-03647661  06/20/2022 000-03647670  06/20/2022 000-03652464  06/20/2022 000-03654442  06/20/2022 000-03679604  06/20/2022 000-03705324  06/20/2022 000-03715734  06/20/2022 000-03731104  06/20/2022 000-03731454  06/20/2022 000-03738787  06/20/2022 000-03743839  06/20/2022 000-03766591  07/18/2022 000-03766593  07/18/2022 000-03768574  07/18/2022 000-03775628  07/18/2022 000-03778264  07/18/2022 000-03781914  07/18/2022 000-03805469  07/18/2022 000-03807700  07/18/2022 000-03817617  07/18/2022 000-03819799  07/18/2022 000-03838112  07/18/2022 000-03838117  07/18/2022 000-03849207  07/18/2022 000-03849254  07/18/2022 000-03851793  07/18/2022 000-03862566  07/18/2022 000-03877467  07/18/2022 000-03885600  07/18/2022 000-03892781  07/18/2022 000-03908599  07/18/2022 000-03937959  09/24/2022 000-03952357  09/24/2022 000-03954203  09/24/2022 000-03961282  09/24/2022 000-03986041  09/24/2022 000-03987107  09/24/2022 000-03993432  09/24/2022 000-04003949  09/24/2022 000-04013714  09/24/2022 000-04038291  09/24/2022 000-04053772  09/24/2022 000-03649994  06/20/2022 000-03655351  06/20/2022 000-03655355  06/20/2022 000-03655850  06/20/2022 000-03655864  06/20/2022 000-03665033  06/20/2022 000-03666808  06/20/2022 000-03666835  06/20/2022 000-03666949  06/20/2022 000-03671617  06/20/2022 000-03671909  06/20/2022 000-03674394  06/20/2022 000-03680952  06/20/2022 000-03681810  06/20/2022 000-03692043  06/20/2022 000-03700346  06/20/2022 000-03736619  06/20/2022 000-03746906  06/20/2022 000-03746912  06/20/2022 000-03749239  06/20/2022 000-03765942  06/20/2022 000-03775624  07/18/2022 000-03776583  07/18/2022 000-03780627  07/18/2022 000-03785393  07/18/2022 000-03787467  07/18/2022 000-03790054  07/18/2022 000-03796987  07/18/2022 000-03797004  07/18/2022 000-03800935  07/18/2022 000-03815074  07/18/2022 000-03815076  07/18/2022 000-03818396  07/18/2022 000-03819789  07/18/2022 000-03822454  07/18/2022 000-03855118  07/18/2022 000-03855119  07/18/2022 000-03857023  07/18/2022 000-03864180  07/18/2022 000-03866975  07/18/2022 000-03871240  07/18/2022 000-03872931  07/18/2022 000-03881896  07/18/2022 000-03897613  07/18/2022 000-03899009  07/18/2022 000-03937960  09/24/2022 000-03943769  09/24/2022 000-03946170  09/24/2022 000-03946177  09/24/2022 000-03952002  09/24/2022 000-03954888  09/24/2022 000-03963887  09/24/2022 000-03964706  09/24/2022 000-03981585  09/24/2022 000-03987102  09/24/2022 000-03987103  09/24/2022 000-04006428  09/24/2022 000-04009878  09/24/2022 000-04013723  09/24/2022 000-04015391  09/24/2022 000-04022333  09/24/2022 000-04031827  09/24/2022 000-04038278  09/24/2022 000-04038306  09/24/2022 000-04041636  09/24/2022 000-04042652  09/24/2022 000-03749263  06/20/2022 000-03784022  07/18/2022 000-03859890  07/18/2022 000-03976853  09/24/2022 000-03978960  09/24/2022 000-03615568  06/11/2022 000-03629476  06/11/2022 000-03633250  06/18/2022 000-03661634  06/20/2022 000-03670903  07/03/2022 000-03671769  07/03/2022 000-03678002  07/03/2022 000-03726312  07/12/2022 000-03745969  07/12/2022 000-03803872  08/06/2022 000-03733658  06/06/2022 000-03814539  07/30/2022 000-03859366  07/30/2022 000-03641280  06/06/2022 000-03649504  06/06/2022 000-03717268  06/06/2022 000-03775664  06/06/2022 000-03801818  07/30/2022 000-03631400  06/06/2022 000-03674592  06/06/2022 000-03683269  06/06/2022 000-03685408  06/06/2022 000-03784419  07/30/2022 000-03827735  07/30/2022 000-03885075  07/30/2022 000-03674543  07/09/2022 000-03702312  07/18/2022 000-03804979  08/27/2022 000-03840988  09/04/2022 000-03894485  09/27/2022 000-03742899  07/25/2022 000-03917434  07/25/2022 000-03952004  07/25/2022 000-03813894  07/25/2022 000-03814219  07/25/2022 000-03851611  07/25/2022 000-03858646  07/25/2022 000-03776460  07/25/2022 000-03839753  07/25/2022 000-03854229  07/25/2022 000-03933615  07/25/2022 000-03938533  07/25/2022 000-03742904  07/25/2022 000-03770282  07/25/2022 000-03821772  07/25/2022 000-03839757  07/25/2022 000-03842157  07/25/2022 000-03843751  07/25/2022 000-03864951  07/25/2022 000-03871884  07/25/2022 000-03891586  07/25/2022 000-03894100  07/25/2022 000-03901575  07/25/2022 000-03905490  07/25/2022 000-03910829  07/25/2022 000-03923302  07/25/2022 000-03946185  07/25/2022 000-03800938  07/25/2022 000-03866272  07/25/2022 000-03869461  07/25/2022 000-03935191  07/25/2022 000-03655326  07/02/2022 000-03792900  08/19/2022 000-03797488  08/22/2022 000-03794686  08/19/2022 000-03812723  08/26/2022 000-03583309  06/04/2022 000-03609304  06/11/2022 000-03621676  06/15/2022 000-03677975  07/09/2022 000-03677979  07/06/2022 000-03685250  07/11/2022 000-03685270  07/12/2022 000-03691138  07/15/2022 000-03714965  07/23/2022 000-03815642  08/30/2022 000-03823324  08/30/2022 000-03828992  09/03/2022 000-03866705  09/17/2022 000-03875293  09/20/2022 000-03885040  09/24/2022 000-03644412  06/26/2022 000-03613011  06/13/2022 000-03702339  07/18/2022 000-03785790  08/17/2022 000-03869359  09/18/2022 000-03642964  06/20/2022 000-03788620  08/08/2022 000-03659829  06/25/2022 000-03747110  06/25/2022 000-03769761  07/30/2022 000-03774353  08/09/2022 000-03816089  08/24/2022 000-03899109  09/24/2022 000-03659832  06/25/2022 000-03769759  07/30/2022 000-03774351  08/09/2022 000-03816087  08/24/2022 000-03899107  09/24/2022 000-03718175  06/25/2022 000-03796137  08/09/2022 000-03882779  08/24/2022 000-03789806  08/09/2022 000-03812631  08/09/2022 000-03817641  08/09/2022 000-03842146  08/24/2022 000-03916824  09/24/2022 000-03935567  09/24/2022 000-03700997  06/25/2022 000-03751834  06/25/2022 000-03770273  07/30/2022 000-03772460  07/30/2022 000-03791036  07/30/2022 000-03796050  08/09/2022 000-03806484  08/09/2022 000-03807713  08/09/2022 000-03829852  08/24/2022 000-03877475  08/24/2022 000-03917437  09/24/2022 000-03951400  09/24/2022 000-03688271  06/25/2022 000-03690330  06/25/2022 000-03691240  06/25/2022 000-03715741  06/25/2022 000-03718159  06/25/2022 000-03721060  06/25/2022 000-03729154  06/25/2022 000-03733273  06/25/2022 000-03736756  06/25/2022 000-03744269  06/25/2022 000-03746886  06/25/2022 000-03751838  06/25/2022 000-03756961  06/25/2022 000-03776456  07/30/2022 000-03777163  07/30/2022 000-03780650  07/30/2022 000-03786276  08/09/2022 000-03790462  08/09/2022 000-03792594  08/09/2022 000-03795442  08/09/2022 000-03796999  08/09/2022 000-03799706  08/09/2022 000-03800932  08/09/2022 000-03801913  08/09/2022 000-03813664  08/09/2022 000-03814544  08/09/2022 000-03826583  08/24/2022 000-03826601  08/24/2022 000-03843253  08/24/2022 000-03844303  08/24/2022 000-03845621  08/24/2022 000-03871250  08/24/2022 000-03876800  08/24/2022 000-03876807  08/24/2022 000-03878157  08/24/2022 000-03885570  08/24/2022 000-03904194  09/24/2022 000-03908385  09/24/2022 000-03910363  09/24/2022 000-03911312  09/24/2022 000-03911318  09/24/2022 000-03911319  09/24/2022 000-03927659  09/24/2022 000-03927669  09/24/2022 000-03933603  09/24/2022 000-03933607  09/24/2022 000-03951403  09/24/2022 000-03954188  09/24/2022 000-03962919  09/24/2022 000-03706969  06/25/2022 000-03724070  06/25/2022 000-03770269  07/30/2022 000-03790467  08/09/2022 000-03847645  08/24/2022 000-03860324  08/24/2022 000-03862583  08/24/2022 000-03875075  08/24/2022 000-03877472  08/24/2022 000-03878154  08/24/2022 000-03880833  08/24/2022 000-03885579  09/24/2022 000-03910364  09/24/2022 000-03913737  09/24/2022 000-03943753  09/24/2022 000-03945953  09/24/2022 000-03954192  09/24/2022 000-03706970  06/25/2022 000-03715770  06/25/2022 000-03731233  06/25/2022 000-03739297  06/25/2022 000-03743062  06/25/2022 000-03758088  06/25/2022 000-03766104  06/25/2022 000-03774906  07/30/2022 000-03776582  07/30/2022 000-03794872  08/09/2022 000-03797010  08/09/2022 000-03804322  08/09/2022 000-03814411  08/09/2022 000-03825296  08/24/2022 000-03826597  08/24/2022 000-03833478  08/24/2022 000-03836671  08/24/2022 000-03866966  08/24/2022 000-03871247  08/24/2022 000-03876831  08/24/2022 000-03880830  08/24/2022 000-03897592  08/24/2022 000-03904584  09/24/2022 000-03908386  09/24/2022 000-03911321  09/24/2022 000-03913732  09/24/2022 000-03927657  09/24/2022 000-03959890  09/24/2022 000-03686040  06/25/2022 000-03754977  06/25/2022 000-03772461  07/30/2022 000-03772655  07/30/2022 000-03773767  07/30/2022 000-03851622  08/24/2022 000-03903496  09/24/2022 000-03911308  09/24/2022 000-03933605  09/24/2022 000-03935576  09/24/2022 000-03659831  06/25/2022 000-03749814  06/25/2022 000-03769760  07/30/2022 000-03774352  08/09/2022 000-03816088  08/24/2022 000-03868484  08/24/2022 000-03880708  08/24/2022 000-03884688  08/24/2022 000-03899108  09/24/2022 000-03693367  06/25/2022 000-03712137  06/25/2022 000-03731237  06/25/2022 000-03746890  06/25/2022 000-03766105  06/25/2022 000-03785384  07/30/2022 000-03803553  08/09/2022 000-03831823  08/24/2022 000-03833188  08/24/2022 000-03843262  08/24/2022 000-03873354  08/24/2022 000-03911322  09/24/2022 000-03927664  09/24/2022 000-03939837  09/24/2022 000-03943742  09/24/2022 000-03945936  09/24/2022 000-03954897  09/24/2022 000-03961288  09/24/2022 000-03963903  09/24/2022 000-03659826  06/25/2022 000-03769762  07/30/2022 000-03774354  08/09/2022 000-03816090  08/24/2022 000-03883930  08/24/2022 000-03899110  09/24/2022 000-03718754  06/25/2022 000-03772459  07/30/2022 000-03794873  08/09/2022 000-03799241  08/09/2022 000-03843755  08/24/2022 000-03859879  08/24/2022 000-03862243  08/24/2022 000-03911323  09/24/2022 000-03945941  09/24/2022 000-03693399  06/25/2022 000-03740159  06/25/2022 000-03743057  06/25/2022 000-03744249  06/25/2022 000-03800909  08/09/2022 000-03841016  08/24/2022 000-03862585  08/24/2022 000-03902680  09/24/2022 000-03911314  09/24/2022 000-03911316  09/24/2022 000-03919348  09/24/2022 000-03955785  09/24/2022 000-03689696  06/25/2022 000-03695579  06/25/2022 000-03725291  06/25/2022 000-03729144  06/25/2022 000-03736624  06/25/2022 000-03740161  06/25/2022 000-03744253  06/25/2022 000-03758093  06/25/2022 000-03770275  07/30/2022 000-03776467  07/30/2022 000-03776585  07/30/2022 000-03778742  07/30/2022 000-03817644  08/09/2022 000-03846871  08/24/2022 000-03864175  08/24/2022 000-03864192  08/24/2022 000-03866163  08/24/2022 000-03876797  08/24/2022 000-03899364  08/24/2022 000-03901578  09/24/2022 000-03927668  09/24/2022 000-03939838  09/24/2022 000-03959417  09/24/2022 000-03964931  09/24/2022 000-03659828  06/25/2022 000-03769763  07/30/2022 000-03774355  08/09/2022 000-03816091  08/24/2022 000-03899111  09/24/2022 000-03659833  06/25/2022 000-03769764  07/30/2022 000-03774356  08/09/2022 000-03816092  08/24/2022 000-03899112  09/24/2022 000-03959202  09/24/2022 000-03713861  06/25/2022 000-03713862  06/25/2022 000-03749795  06/25/2022 000-03854232  08/24/2022 000-03919193  09/24/2022 000-03947835  09/24/2022 000-03679601  06/25/2022 000-03692684  06/25/2022 000-03728099  06/25/2022 000-03729143  06/25/2022 000-03729151  06/25/2022 000-03736754  06/25/2022 000-03744271  06/25/2022 000-03746885  06/25/2022 000-03756426  06/25/2022 000-03756431  06/25/2022 000-03758099  06/25/2022 000-03762807  06/25/2022 000-03772462  07/30/2022 000-03776464  07/30/2022 000-03786291  07/30/2022 000-03788441  07/30/2022 000-03796059  08/09/2022 000-03815068  08/09/2022 000-03819796  08/24/2022 000-03833479  08/24/2022 000-03863132  08/24/2022 000-03870926  08/24/2022 000-03879250  08/24/2022 000-03879725  08/24/2022 000-03899363  08/24/2022 000-03908368  09/24/2022 000-03908379  09/24/2022 000-03911313  09/24/2022 000-03918212  09/24/2022 000-03921895  09/24/2022 000-03927658  09/24/2022 000-03933602  09/24/2022 000-03933606  09/24/2022 000-03934149  09/24/2022 000-03935563  09/24/2022 000-03954889  09/24/2022 000-03659827  06/25/2022 000-03753216  06/25/2022 000-03755579  06/25/2022 000-03759294  06/25/2022 000-03769765  07/30/2022 000-03774357  08/09/2022 000-03811382  08/09/2022 000-03816093  08/24/2022 000-03817639  08/09/2022 000-03865256  08/24/2022 000-03899113  09/24/2022 000-03951913  09/24/2022 000-03959194  09/24/2022 000-03794869  08/09/2022 000-03800934  08/09/2022 000-03821451  08/24/2022 000-03908365  09/24/2022 000-03911317  09/24/2022 000-03659830  06/25/2022 000-03749813  06/25/2022 000-03769766  07/30/2022 000-03774358  08/09/2022 000-03816094  08/24/2022 000-03899114  09/24/2022 000-03706968  06/25/2022 000-03721059  06/25/2022 000-03771317  07/30/2022 000-03773065  07/30/2022 000-03809346  08/09/2022 000-03844302  08/24/2022 000-03860327  08/24/2022 000-03866167  08/24/2022 000-03911311  09/24/2022 000-03945934  09/24/2022 000-03743105  07/31/2022 000-03642506  06/26/2022 000-03660175  07/04/2022 000-03615283  06/14/2022 000-03662588  07/04/2022 000-03694778  07/15/2022 000-03769913  08/13/2022 000-03777347  08/13/2022 000-03836072  09/04/2022 000-03853893  09/12/2022 000-03662547  06/28/2022 000-03662548  06/28/2022 000-03674808  06/28/2022 000-03738689  07/24/2022 000-03754660  07/31/2022 000-03820313  08/22/2022 000-03832944  08/22/2022 000-03898249  09/22/2022 000-03898250  09/22/2022 000-03603974  06/08/2022 000-03629483  06/20/2022 000-03677973  07/09/2022 000-03677977  07/09/2022 000-03758280  08/07/2022 000-03770608  08/12/2022 000-03836058  09/06/2022 000-03598969  06/06/2022 000-03683253  07/11/2022 000-03762145  08/07/2022 000-03818412  08/29/2022 000-03894487  09/27/2022 000-03713713  07/11/2022 000-03824351  08/23/2022 000-03649433  06/29/2022 000-03658947  07/03/2022 000-03739853  07/31/2022 000-03744779  08/01/2022 000-03815629  08/29/2022 000-03887552  09/26/2022 000-03897855  09/30/2022 000-03641145  06/24/2022 000-03739860  07/31/2022 000-03774868  08/06/2022 000-03782300  08/06/2022 000-03785173  08/06/2022 000-03789693  08/11/2022 000-03792582  08/11/2022 000-03801217  08/11/2022 000-03845926  09/04/2022 000-03845927  09/04/2022 000-03845928  09/04/2022 000-03883428  09/16/2022 000-03883429  09/16/2022 000-03883434  09/16/2022 000-03681892  07/06/2022 000-03686647  07/08/2022 000-03773390  08/09/2022 000-03805450  08/09/2022 000-03807426  08/16/2022 000-03839630  08/16/2022 000-03845321  09/04/2022 000-03894920  09/18/2022 000-03918864  09/18/2022 000-03930769  09/18/2022 000-03681894  07/06/2022 000-03686649  07/08/2022 000-03773392  08/09/2022 000-03807427  08/16/2022 000-03845322  09/04/2022 000-03894921  09/18/2022 000-03929285  09/18/2022 000-03716258  07/06/2022 000-03716887  07/06/2022 000-03795449  08/09/2022 000-03820151  08/09/2022 000-03864892  09/04/2022 000-03888774  09/04/2022 000-03695580  07/06/2022 000-03716880  07/06/2022 000-03729142  07/06/2022 000-03736751  07/06/2022 000-03738785  07/06/2022 000-03744247  07/06/2022 000-03756432  07/08/2022 000-03766572  07/08/2022 000-03776469  07/08/2022 000-03800917  08/09/2022 000-03803547  08/09/2022 000-03813052  08/09/2022 000-03822462  08/16/2022 000-03826269  08/16/2022 000-03833180  08/16/2022 000-03840514  08/16/2022 000-03848438  08/16/2022 000-03864932  09/04/2022 000-03870927  09/04/2022 000-03871890  09/04/2022 000-03882775  09/04/2022 000-03888771  09/04/2022 000-03889551  09/04/2022 000-03890183  09/04/2022 000-03894075  09/04/2022 000-03917432  09/18/2022 000-03919805  09/18/2022 000-03927662  09/18/2022 000-03927663  09/18/2022 000-03933600  09/18/2022 000-03731112  07/06/2022 000-03742901  07/06/2022 000-03821239  08/09/2022 000-03862582  09/04/2022 000-03880834  09/04/2022 000-03915872  09/18/2022 000-03915878  09/18/2022 000-03681893  07/06/2022 000-03686652  07/08/2022 000-03773393  08/09/2022 000-03807428  08/16/2022 000-03845323  09/04/2022 000-03894922  09/18/2022 000-03691226  07/06/2022 000-03802304  08/09/2022 000-03825289  08/09/2022 000-03870924  09/04/2022 000-03881201  09/04/2022 000-03911778  09/04/2022 000-03729145  07/06/2022 000-03812619  08/09/2022 000-03833476  08/16/2022 000-03851590  08/16/2022 000-03870421  09/04/2022 000-03897629  09/04/2022 000-03817642  08/09/2022 000-03865880  09/04/2022 000-03695575  07/06/2022 000-03695576  07/06/2022 000-03698359  07/06/2022 000-03709165  07/06/2022 000-03723966  07/06/2022 000-03729148  07/06/2022 000-03744252  07/06/2022 000-03751832  07/08/2022 000-03774915  07/08/2022 000-03778741  07/08/2022 000-03779870  08/09/2022 000-03784028  08/09/2022 000-03787460  08/09/2022 000-03791587  08/09/2022 000-03798654  08/09/2022 000-03806491  08/09/2022 000-03809304  08/09/2022 000-03810846  08/09/2022 000-03815055  08/09/2022 000-03820149  08/09/2022 000-03822469  08/09/2022 000-03825287  08/09/2022 000-03833179  08/16/2022 000-03838096  08/16/2022 000-03841202  08/16/2022 000-03851591  08/16/2022 000-03855133  09/04/2022 000-03855137  09/04/2022 000-03862579  09/04/2022 000-03885576  09/04/2022 000-03887225  09/04/2022 000-03923303  09/18/2022 000-03927660  09/18/2022 000-03689702  07/06/2022 000-03711218  07/06/2022 000-03791589  08/09/2022 000-03796061  08/09/2022 000-03800215  08/09/2022 000-03802709  08/09/2022 000-03805473  08/09/2022 000-03825806  08/16/2022 000-03826268  08/16/2022 000-03830322  08/09/2022 000-03835562  08/16/2022 000-03839293  08/16/2022 000-03883425  09/04/2022 000-03923295  09/18/2022 000-03724079  07/06/2022 000-03746891  07/06/2022 000-03762806  07/08/2022 000-03766562  07/08/2022 000-03828346  08/16/2022 000-03828347  08/16/2022 000-03862581  09/04/2022 000-03885581  09/04/2022 000-03888760  09/04/2022 000-03919806  09/18/2022 000-03923293  09/18/2022 000-03923300  09/18/2022 000-03681898  07/06/2022 000-03686653  07/08/2022 000-03773395  08/09/2022 000-03807429  08/16/2022 000-03845324  09/04/2022 000-03891092  09/04/2022 000-03894923  09/18/2022 000-03693390  07/06/2022 000-03723975  07/06/2022 000-03749264  07/08/2022 000-03756423  07/08/2022 000-03772164  07/08/2022 000-03813656  08/09/2022 000-03853442  09/04/2022 000-03868936  09/04/2022 000-03871894  09/04/2022 000-03689692  07/06/2022 000-03706620  07/06/2022 000-03715768  07/06/2022 000-03715769  07/06/2022 000-03742903  07/06/2022 000-03746898  07/06/2022 000-03758097  07/08/2022 000-03766567  07/08/2022 000-03766571  07/08/2022 000-03775266  07/08/2022 000-03780677  08/09/2022 000-03799240  08/09/2022 000-03881200  09/04/2022 000-03889359  09/04/2022 000-03897632  09/04/2022 000-03902899  09/04/2022 000-03910354  09/04/2022 000-03913722  09/18/2022 000-03920585  09/18/2022 000-03927671  09/18/2022 000-03698358  07/06/2022 000-03700342  07/06/2022 000-03700343  07/06/2022 000-03703369  07/06/2022 000-03723968  07/06/2022 000-03729152  07/06/2022 000-03736714  07/06/2022 000-03738800  07/06/2022 000-03757989  07/08/2022 000-03762795  07/08/2022 000-03791029  08/09/2022 000-03796993  08/09/2022 000-03799709  08/09/2022 000-03807726  08/09/2022 000-03815046  08/09/2022 000-03822458  08/09/2022 000-03825804  08/16/2022 000-03833968  08/16/2022 000-03838091  08/16/2022 000-03847639  08/16/2022 000-03862580  09/04/2022 000-03875065  09/04/2022 000-03908380  09/04/2022 000-03913740  09/18/2022 000-03927665  09/18/2022 000-03932333  09/18/2022 000-03691235  07/06/2022 000-03695582  07/06/2022 000-03700344  07/06/2022 000-03703360  07/06/2022 000-03715744  07/06/2022 000-03718757  07/06/2022 000-03723965  07/06/2022 000-03723978  07/06/2022 000-03729149  07/06/2022 000-03731230  07/06/2022 000-03731231  07/06/2022 000-03731241  07/06/2022 000-03742896  07/06/2022 000-03742897  07/06/2022 000-03742898  07/06/2022 000-03749779  07/08/2022 000-03754085  07/08/2022 000-03758089  07/08/2022 000-03758090  07/08/2022 000-03766558  07/08/2022 000-03766563  07/08/2022 000-03770278  07/08/2022 000-03772645  07/08/2022 000-03773067  07/08/2022 000-03774361  07/08/2022 000-03777165  07/08/2022 000-03781903  08/09/2022 000-03784030  08/09/2022 000-03794867  08/09/2022 000-03808175  08/09/2022 000-03810852  08/09/2022 000-03814404  08/09/2022 000-03815050  08/09/2022 000-03815066  08/09/2022 000-03822138  08/16/2022 000-03833974  08/16/2022 000-03838093  08/16/2022 000-03848030  08/16/2022 000-03850161  08/16/2022 000-03852044  08/16/2022 000-03853446  09/04/2022 000-03855136  09/04/2022 000-03858644  09/04/2022 000-03860332  08/16/2022 000-03870420  09/04/2022 000-03871241  09/04/2022 000-03871883  09/04/2022 000-03878147  09/04/2022 000-03885573  09/04/2022 000-03887226  09/04/2022 000-03887238  09/04/2022 000-03889543  09/04/2022 000-03890378  09/04/2022 000-03892147  09/04/2022 000-03899362  09/04/2022 000-03908369  09/04/2022 000-03908574  09/04/2022 000-03909609  09/04/2022 000-03910357  09/04/2022 000-03911777  09/04/2022 000-03915879  09/18/2022 000-03933604  09/18/2022 000-03681897  07/06/2022 000-03686651  07/08/2022 000-03771017  07/08/2022 000-03773397  08/09/2022 000-03807430  08/16/2022 000-03845325  09/04/2022 000-03894924  09/18/2022 000-03695588  07/06/2022 000-03723970  07/06/2022 000-03746889  07/06/2022 000-03746895  07/06/2022 000-03766560  07/08/2022 000-03779850  08/09/2022 000-03838774  08/16/2022 000-03851740  08/16/2022 000-03855138  09/04/2022 000-03870429  09/04/2022 000-03887229  09/04/2022 000-03894590  09/04/2022 000-03897624  09/04/2022 000-03695578  07/06/2022 000-03700336  07/06/2022 000-03707703  07/06/2022 000-03710590  07/06/2022 000-03716889  07/06/2022 000-03719968  07/06/2022 000-03721053  07/06/2022 000-03729146  07/06/2022 000-03733260  07/06/2022 000-03751837  07/08/2022 000-03758091  07/08/2022 000-03766568  07/08/2022 000-03770280  07/08/2022 000-03773777  07/08/2022 000-03777171  07/08/2022 000-03777175  07/08/2022 000-03784031  08/09/2022 000-03784041  08/09/2022 000-03792339  08/09/2022 000-03796056  08/09/2022 000-03798664  08/09/2022 000-03798666  08/09/2022 000-03802310  08/09/2022 000-03826603  08/16/2022 000-03828354  08/16/2022 000-03838092  08/16/2022 000-03838097  08/16/2022 000-03838104  08/16/2022 000-03838773  08/16/2022 000-03843261  08/16/2022 000-03844938  08/16/2022 000-03845627  08/16/2022 000-03851226  08/16/2022 000-03858361  08/16/2022 000-03860331  09/04/2022 000-03867438  09/04/2022 000-03871243  09/04/2022 000-03871253  09/04/2022 000-03876787  09/04/2022 000-03876834  09/04/2022 000-03889353  09/04/2022 000-03894089  09/04/2022 000-03905483  09/04/2022 000-03915880  09/18/2022 000-03923307  09/18/2022 000-03927661  09/18/2022 000-03933599  09/18/2022 000-03681895  07/06/2022 000-03686648  07/08/2022 000-03760744  07/08/2022 000-03764071  07/08/2022 000-03773399  08/09/2022 000-03807431  08/16/2022 000-03845326  09/04/2022 000-03894925  09/18/2022 000-03695577  07/06/2022 000-03700340  07/06/2022 000-03709169  07/06/2022 000-03729147  07/06/2022 000-03740158  07/06/2022 000-03742895  07/06/2022 000-03776453  07/08/2022 000-03776458  07/08/2022 000-03809075  08/09/2022 000-03810875  08/09/2022 000-03812617  08/09/2022 000-03820542  08/09/2022 000-03853450  09/04/2022 000-03864177  09/04/2022 000-03877801  09/04/2022 000-03892776  09/04/2022 000-03909597  09/04/2022 000-03913729  09/18/2022 000-03920586  09/18/2022 000-03927667  09/18/2022 000-03766556  07/08/2022 000-03787466  08/09/2022 000-03838094  08/16/2022 000-03891590  09/04/2022 000-03901587  09/04/2022 000-03681896  07/06/2022 000-03686650  07/08/2022 000-03773401  08/09/2022 000-03807432  08/16/2022 000-03845327  09/04/2022 000-03894926  09/18/2022 000-03729150  07/06/2022 000-03748461  07/06/2022 000-03756435  07/08/2022 000-03825297  08/09/2022 000-03828549  08/16/2022 000-03830331  08/16/2022 000-03838095  08/16/2022 000-03838098  08/16/2022 000-03911770  09/04/2022 000-03598967  06/06/2022 000-03649434  06/29/2022 000-03710115  07/19/2022 000-03729426  07/25/2022 000-03810802  08/28/2022 000-03873741  09/20/2022 000-03892472  09/27/2022 000-03623601  06/19/2022 000-03761046  08/07/2022 000-03762144  08/07/2022 000-03824644  09/03/2022 000-03894479  09/27/2022 000-03651726  06/27/2022 000-03685267  07/15/2022 000-03751959  08/06/2022 000-03819919  08/30/2022 000-03646854  06/26/2022 000-03748606  08/03/2022 000-03866727  09/17/2022 000-03617786  06/14/2022 000-03812271  08/28/2022 000-03885045  09/24/2022 000-03897850  09/30/2022 000-03616724  06/13/2022 000-03672068  07/04/2022 000-03773550  08/12/2022 000-03832238  08/31/2022 000-03894486  09/27/2022 000-03616725  06/13/2022 000-03626811  06/17/2022 000-03658930  07/02/2022 000-03685261  07/12/2022 000-03751076  07/13/2022 000-03773551  08/12/2022 000-03801775  08/23/2022 000-03812722  08/26/2022 000-03815616  08/29/2022 000-03890922  09/27/2022 000-03656395  06/20/2022 000-03681394  06/20/2022 000-03681801  06/20/2022 000-03681809  06/20/2022 000-03686043  06/20/2022 000-03713413  06/20/2022 000-03756366  06/20/2022 000-03756367  06/20/2022 000-03758100  06/20/2022 000-03762784  06/20/2022 000-03762788  06/20/2022 000-03787262  06/20/2022 000-03813649  08/21/2022 000-03825285  08/21/2022 000-03843752  08/21/2022 000-03870936  08/21/2022 000-03899366  08/21/2022 000-03903498  08/21/2022 000-03911773  08/21/2022 000-03916823  08/21/2022 000-03917430  08/21/2022 000-03930687  08/21/2022 000-03661813  06/20/2022 000-03707698  06/20/2022 000-03653171  06/20/2022 000-03688260  06/20/2022 000-03697142  06/20/2022 000-03733262  06/20/2022 000-03740160  06/20/2022 000-03748453  06/20/2022 000-03754082  06/20/2022 000-03836774  08/21/2022 000-03841014  08/21/2022 000-03847641  08/21/2022 000-03858630  08/21/2022 000-03871254  08/21/2022 000-03876350  08/21/2022 000-03913720  08/21/2022 000-03733249  06/20/2022 000-03750827  06/20/2022 000-03858146  08/21/2022 000-03864933  08/21/2022 000-03869466  08/21/2022 000-03878149  08/21/2022 000-03934126  08/21/2022 000-03766570  06/20/2022 000-03665377  06/20/2022 000-03671914  06/20/2022 000-03692066  06/20/2022 000-03700996  06/20/2022 000-03726432  06/20/2022 000-03729160  06/20/2022 000-03753730  06/20/2022 000-03770283  06/20/2022 000-03776462  06/20/2022 000-03804476  06/20/2022 000-03836699  08/21/2022 000-03854234  08/21/2022 000-03869458  08/21/2022 000-03886054  08/21/2022 000-03894069  08/21/2022 000-03923176  08/21/2022 000-03680496  06/20/2022 000-03709166  06/20/2022 000-03716256  06/20/2022 000-03772154  06/20/2022 000-03819802  08/21/2022 000-03859880  08/21/2022 000-03902679  08/21/2022 000-03915828  08/21/2022 000-03655560  06/20/2022 000-03663919  06/20/2022 000-03680493  06/20/2022 000-03680974  06/20/2022 000-03707696  06/20/2022 000-03736631  06/20/2022 000-03813650  08/21/2022 000-03821230  08/21/2022 000-03841011  08/21/2022 000-03881897  08/21/2022 000-03894589  08/21/2022 000-03897622  08/21/2022 000-03897633  08/21/2022 000-03651201  06/20/2022 000-03778909  06/20/2022 000-03811368  08/21/2022 000-03655562  06/20/2022 000-03655564  06/20/2022 000-03665395  06/20/2022 000-03666935  06/20/2022 000-03667450  06/20/2022 000-03667451  06/20/2022 000-03672112  06/20/2022 000-03680499  06/20/2022 000-03680977  06/20/2022 000-03691232  06/20/2022 000-03701004  06/20/2022 000-03725284  06/20/2022 000-03729168  06/20/2022 000-03736758  06/20/2022 000-03740398  06/20/2022 000-03744260  06/20/2022 000-03744262  06/20/2022 000-03756368  06/20/2022 000-03759675  06/20/2022 000-03769375  06/20/2022 000-03776578  06/20/2022 000-03776965  06/20/2022 000-03817109  08/21/2022 000-03823033  08/21/2022 000-03849232  08/21/2022 000-03864907  08/21/2022 000-03864909  08/21/2022 000-03871246  08/21/2022 000-03871903  08/21/2022 000-03882783  08/21/2022 000-03889327  08/21/2022 000-03891588  08/21/2022 000-03920290  08/21/2022 000-03663426  06/20/2022 000-03663923  06/20/2022 000-03707697  06/20/2022 000-03750818  06/20/2022 000-03766565  06/20/2022 000-03772171  06/20/2022 000-03784036  06/20/2022 000-03784040  06/20/2022 000-03785386  06/20/2022 000-03810860  08/21/2022 000-03813663  08/21/2022 000-03817107  08/21/2022 000-03817110  08/21/2022 000-03818393  08/21/2022 000-03820148  08/21/2022 000-03822825  08/21/2022 000-03836775  08/21/2022 000-03862575  08/21/2022 000-03879716  08/21/2022 000-03880836  08/21/2022 000-03911775  08/21/2022 000-03700351  06/20/2022 000-03661821  06/20/2022 000-03675529  06/20/2022 000-03707704  06/20/2022 000-03718749  06/20/2022 000-03736680  06/20/2022 000-03787255  06/20/2022 000-03857025  08/21/2022 000-03877802  08/21/2022 000-03888756  08/21/2022 000-03651202  06/20/2022 000-03735141  06/20/2022 000-03759295  06/20/2022 000-03774487  06/20/2022 000-03782689  06/20/2022 000-03787771  06/20/2022 000-03811369  08/21/2022 000-03680487  06/20/2022 000-03698497  06/20/2022 000-03700353  06/20/2022 000-03817111  08/21/2022 000-03871252  08/21/2022 000-03878153  08/21/2022 000-03923175  08/21/2022 000-03646921  06/20/2022 000-03654749  06/20/2022 000-03679617  06/20/2022 000-03693372  06/20/2022 000-03729172  06/20/2022 000-03773070  06/20/2022 000-03813465  08/21/2022 000-03814545  08/21/2022 000-03817108  08/21/2022 000-03819794  08/21/2022 000-03833187  08/21/2022 ","000-03843462  08/21/2022 000-03854228  08/21/2022 000-03878150  08/21/2022 000-03885587  08/21/2022 000-03911432  08/21/2022 000-03916829  08/21/2022 000-03920603  08/21/2022 000-03643099  06/06/2022 000-03812006  08/21/2022 000-03865510  09/11/2022 000-03934061  09/11/2022 000-03643100  06/06/2022 000-03812007  08/21/2022 000-03865511  09/11/2022 000-03948114  09/11/2022 000-03721743  06/06/2022 000-03733243  06/06/2022 000-03850167  08/21/2022 000-03933613  09/11/2022 000-03671621  06/06/2022 000-03672438  06/06/2022 000-03693379  06/06/2022 000-03698363  06/06/2022 000-03698364  06/06/2022 000-03750826  06/06/2022 000-03756427  06/06/2022 000-03759676  06/06/2022 000-03764257  06/06/2022 000-03766559  06/06/2022 000-03775623  06/06/2022 000-03795436  06/06/2022 000-03817630  08/21/2022 000-03820539  08/21/2022 000-03821226  08/21/2022 000-03826600  08/21/2022 000-03833178  08/21/2022 000-03836785  08/21/2022 000-03842180  08/21/2022 000-03852038  08/21/2022 000-03870436  08/21/2022 000-03871915  08/21/2022 000-03887231  09/11/2022 000-03892780  08/21/2022 000-03908575  09/11/2022 000-03927199  09/11/2022 000-03929147  09/11/2022 000-03929154  09/11/2022 000-03672435  06/06/2022 000-03888772  09/11/2022 000-03908578  09/11/2022 000-03676894  06/06/2022 000-03700998  06/06/2022 000-03750823  06/06/2022 000-03786273  06/06/2022 000-03788452  06/06/2022 000-03825805  08/21/2022 000-03857017  08/21/2022 000-03864186  08/21/2022 000-03887232  09/11/2022 000-03906237  09/11/2022 000-03723979  06/06/2022 000-03759667  06/06/2022 000-03795435  06/06/2022 000-03805942  06/06/2022 000-03813642  08/21/2022 000-03899368  09/11/2022 000-03748454  06/06/2022 000-03751848  06/06/2022 000-03766564  06/06/2022 000-03766566  06/06/2022 000-03777650  06/06/2022 000-03802711  06/06/2022 000-03802736  06/06/2022 000-03867162  08/21/2022 000-03885596  08/21/2022 000-03902682  09/11/2022 000-03908367  09/11/2022 000-03911192  09/11/2022 000-03918207  09/11/2022 000-03941872  09/11/2022 000-03751843  06/06/2022 000-03840515  08/21/2022 000-03927195  09/11/2022 000-03643097  06/06/2022 000-03779984  06/06/2022 000-03791021  06/06/2022 000-03798097  06/06/2022 000-03812009  08/21/2022 000-03865512  09/11/2022 000-03848441  08/21/2022 000-03891589  09/11/2022 000-03949208  09/11/2022 000-03681812  06/06/2022 000-03697162  06/06/2022 000-03700333  06/06/2022 000-03710583  06/06/2022 000-03713415  06/06/2022 000-03718158  06/06/2022 000-03723964  06/06/2022 000-03723974  06/06/2022 000-03742900  06/06/2022 000-03751842  06/06/2022 000-03776466  06/06/2022 000-03816595  08/21/2022 000-03821449  08/21/2022 000-03848033  08/21/2022 000-03859447  08/21/2022 000-03875077  08/21/2022 000-03901565  09/11/2022 000-03913725  09/11/2022 000-03920589  09/11/2022 000-03929150  09/11/2022 000-03929152  09/11/2022 000-03933624  09/11/2022 000-03674837  06/06/2022 000-03679598  06/06/2022 000-03681396  06/06/2022 000-03682484  06/06/2022 000-03693370  06/06/2022 000-03697146  06/06/2022 000-03710580  06/06/2022 000-03712052  06/06/2022 000-03717083  06/06/2022 000-03721048  06/06/2022 000-03729161  06/06/2022 000-03739296  06/06/2022 000-03751844  06/06/2022 000-03756420  06/06/2022 000-03756430  06/06/2022 000-03766557  06/06/2022 000-03795440  06/06/2022 000-03797008  06/06/2022 000-03814414  08/21/2022 000-03816593  08/21/2022 000-03822826  08/21/2022 000-03829888  08/21/2022 000-03832806  08/21/2022 000-03833469  08/21/2022 000-03833983  08/21/2022 000-03847630  08/21/2022 000-03851597  08/21/2022 000-03875076  08/21/2022 000-03879256  08/21/2022 000-03882789  08/21/2022 000-03905484  09/11/2022 000-03909610  09/11/2022 000-03919347  09/11/2022 000-03929153  09/11/2022 000-03933610  09/11/2022 000-03934084  09/11/2022 000-03952003  09/11/2022 000-03676893  06/06/2022 000-03679614  06/06/2022 000-03707705  06/06/2022 000-03712147  06/06/2022 000-03734042  06/06/2022 000-03754084  06/06/2022 000-03764276  06/06/2022 000-03766405  06/06/2022 000-03768108  06/06/2022 000-03775270  06/06/2022 000-03800915  06/06/2022 000-03803548  06/06/2022 000-03817619  08/21/2022 000-03833956  08/21/2022 000-03854231  08/21/2022 000-03862584  08/21/2022 000-03871913  08/21/2022 000-03875078  08/21/2022 000-03882756  08/21/2022 000-03887230  09/11/2022 000-03888763  09/11/2022 000-03901556  09/11/2022 000-03913726  09/11/2022 000-03938539  09/11/2022 000-03947836  09/11/2022 000-03679602  06/06/2022 000-03729171  06/06/2022 000-03742902  06/06/2022 000-03749238  06/06/2022 000-03758094  06/06/2022 000-03768589  06/06/2022 000-03784029  06/06/2022 000-03798965  06/06/2022 000-03857015  08/21/2022 000-03858625  08/21/2022 000-03908370  09/11/2022 000-03913728  09/11/2022 000-03920590  09/11/2022 000-03969876  09/11/2022 000-03643098  06/06/2022 000-03812010  08/21/2022 000-03865513  09/11/2022 000-03952475  09/11/2022 000-03959109  09/11/2022 000-03700341  06/06/2022 000-03707699  06/06/2022 000-03710586  06/06/2022 000-03717080  06/06/2022 000-03756424  06/06/2022 000-03764253  06/06/2022 000-03817621  08/21/2022 000-03821229  08/21/2022 000-03870439  08/21/2022 000-03933618  09/11/2022 000-03659013  06/06/2022 000-03669564  06/06/2022 000-03697161  06/06/2022 000-03700334  06/06/2022 000-03707702  06/06/2022 000-03712075  06/06/2022 000-03729165  06/06/2022 000-03733265  06/06/2022 000-03736717  06/06/2022 000-03741061  06/06/2022 000-03742891  06/06/2022 000-03754076  06/06/2022 000-03756433  06/06/2022 000-03766561  06/06/2022 000-03773793  06/06/2022 000-03785396  06/06/2022 000-03791028  06/06/2022 000-03800208  06/06/2022 000-03815052  08/21/2022 000-03816592  08/21/2022 000-03816594  08/21/2022 000-03817635  08/21/2022 000-03832602  08/21/2022 000-03833984  08/21/2022 000-03841007  08/21/2022 000-03846876  08/21/2022 000-03851743  08/21/2022 000-03858624  08/21/2022 000-03862578  08/21/2022 000-03868931  08/21/2022 000-03875064  08/21/2022 000-03878152  08/21/2022 000-03882797  08/21/2022 000-03885585  08/21/2022 000-03890368  08/21/2022 000-03897631  09/11/2022 000-03902675  09/11/2022 000-03905487  09/11/2022 000-03913727  09/11/2022 000-03915806  09/11/2022 000-03933617  09/11/2022 000-03933621  09/11/2022 000-03938530  09/11/2022 000-03951996  09/11/2022 000-03888000  07/21/2022 000-03630959  06/14/2022 000-03636072  06/14/2022 000-03657863  06/26/2022 000-03674694  06/26/2022 000-03675119  06/27/2022 000-03679830  06/27/2022 000-03694507  06/27/2022 000-03705685  06/27/2022 000-03749821  07/30/2022 000-03767536  07/30/2022 000-03772560  07/30/2022 000-03797173  07/30/2022 000-03836497  08/29/2022 000-03841958  08/29/2022 000-03848042  08/29/2022 000-03909474  09/25/2022 000-03909810  09/25/2022 000-03910415  09/25/2022 000-03628780  06/14/2022 000-03637592  06/19/2022 000-03683646  07/08/2022 000-03811150  08/22/2022 000-03908661  09/28/2022 000-03628783  06/14/2022 000-03657844  06/27/2022 000-03682987  07/08/2022 000-03722709  07/18/2022 000-03790359  08/16/2022 000-03908662  09/28/2022 000-03628912  06/18/2022 000-03629528  06/11/2022 000-03640547  06/18/2022 000-03649567  06/20/2022 000-03670915  07/03/2022 000-03671779  07/03/2022 000-03696568  07/12/2022 000-03697192  07/12/2022 000-03712482  07/12/2022 000-03729129  07/12/2022 000-03736379  07/12/2022 000-03745593  07/25/2022 000-03849344  09/06/2022 000-03887569  09/18/2022 000-03628781  06/14/2022 000-03638519  06/19/2022 000-03687780  07/09/2022 000-03721201  07/19/2022 000-03792583  08/15/2022 000-03908663  09/28/2022 000-03623020  06/11/2022 000-03626801  06/11/2022 000-03638520  06/11/2022 000-03641651  06/20/2022 000-03647000  06/20/2022 000-03658730  06/26/2022 000-03663574  06/26/2022 000-03667142  06/26/2022 000-03674814  06/26/2022 000-03676572  06/26/2022 000-03679018  06/26/2022 000-03683649  06/26/2022 000-03688008  06/26/2022 000-03690149  06/26/2022 000-03693386  06/26/2022 000-03703384  07/13/2022 000-03705619  07/13/2022 000-03730842  07/13/2022 000-03733738  07/13/2022 000-03736709  07/13/2022 000-03737768  07/13/2022 000-03778743  07/13/2022 000-03782643  07/13/2022 000-03784060  07/13/2022 000-03790044  07/13/2022 000-03846553  09/05/2022 000-03877608  09/05/2022 000-03881725  09/05/2022 000-03882676  09/05/2022 000-03628782  06/14/2022 000-03642951  06/19/2022 000-03651249  06/25/2022 000-03659474  06/26/2022 000-03778734  08/09/2022 000-03885668  09/19/2022 000-03905221  09/25/2022 000-03908664  09/28/2022 000-03651388  06/25/2022 000-03652632  06/25/2022 000-03654874  06/25/2022 000-03655849  06/25/2022 000-03657862  06/25/2022 000-03663556  06/25/2022 000-03665045  06/25/2022 000-03667174  06/25/2022 000-03672037  06/25/2022 000-03674833  06/25/2022 000-03687476  07/09/2022 000-03690429  07/09/2022 000-03694513  07/09/2022 000-03697090  07/09/2022 000-03703548  07/09/2022 000-03707557  07/09/2022 000-03725420  07/23/2022 000-03725876  07/23/2022 000-03734160  07/23/2022 000-03736679  07/23/2022 000-03746001  07/23/2022 000-03748145  07/23/2022 000-03749180  07/23/2022 000-03753069  07/23/2022 000-03755368  07/23/2022 000-03767489  07/23/2022 000-03778735  07/23/2022 000-03798163  08/16/2022 000-03801212  08/16/2022 000-03801763  08/16/2022 000-03804303  08/16/2022 000-03805493  08/16/2022 000-03807770  08/16/2022 000-03808105  08/16/2022 000-03808631  08/16/2022 000-03821215  08/16/2022 000-03823217  08/16/2022 000-03827199  08/16/2022 000-03872111  09/13/2022 000-03875965  09/13/2022 000-03878310  09/13/2022 000-03883598  09/19/2022 000-03885011  09/19/2022 000-03886493  09/19/2022 000-03889999  09/19/2022 000-03892220  09/19/2022 000-03898884  09/19/2022 000-03901656  09/19/2022 000-03901657  09/19/2022 000-03903486  09/19/2022 000-03910794  09/13/2022 000-03913073  09/13/2022 000-03629040  06/14/2022 000-03704589  07/12/2022 000-03803875  08/06/2022 000-03866712  09/06/2022 000-03900384  09/18/2022 000-03623289  06/14/2022 000-03629494  06/18/2022 000-03633258  06/18/2022 000-03635088  06/18/2022 000-03643353  06/20/2022 000-03645875  06/20/2022 000-03655319  06/20/2022 000-03675911  07/03/2022 000-03678004  07/03/2022 000-03691114  07/03/2022 000-03691465  07/09/2022 000-03697521  07/12/2022 000-03702294  07/12/2022 000-03706232  07/12/2022 000-03720857  07/12/2022 000-03723595  07/12/2022 000-03740835  07/12/2022 000-03754579  07/25/2022 000-03758293  07/25/2022 000-03762140  08/06/2022 000-03766896  08/06/2022 000-03773848  08/06/2022 000-03781546  08/06/2022 000-03782653  08/06/2022 000-03788059  08/06/2022 000-03801871  08/06/2022 000-03826040  08/30/2022 000-03835383  08/30/2022 000-03849340  09/06/2022 000-03875756  09/06/2022 000-03879453  09/06/2022 000-03882860  09/18/2022 000-03899361  09/18/2022 000-03903194  09/18/2022 000-03615238  06/14/2022 000-03628985  06/11/2022 000-03629485  06/18/2022 000-03631407  06/18/2022 000-03633652  06/18/2022 000-03643548  06/20/2022 000-03658851  07/03/2022 000-03675551  07/03/2022 000-03677998  07/03/2022 000-03683240  07/09/2022 000-03696461  07/12/2022 000-03703249  07/12/2022 000-03706246  07/12/2022 000-03719574  07/12/2022 000-03744803  07/25/2022 000-03749999  07/25/2022 000-03781408  08/06/2022 000-03794986  08/06/2022 000-03815612  08/06/2022 000-03848514  08/30/2022 000-03869271  09/06/2022 000-03879448  09/18/2022 000-03892462  09/18/2022 000-03642956  06/19/2022 000-03652030  06/25/2022 000-03687526  07/09/2022 000-03726188  07/23/2022 000-03845426  09/05/2022 000-03971699  08/22/2022 000-03996887  08/22/2022 000-04016848  08/22/2022 000-03969878  08/22/2022 000-03879715  08/22/2022 000-03880826  08/22/2022 000-03908377  08/22/2022 000-03978887  08/22/2022 000-03980664  08/22/2022 000-03989603  08/22/2022 000-03823032  08/22/2022 000-03889362  08/22/2022 000-03920587  08/22/2022 000-03992582  08/22/2022 000-03820137  08/22/2022 000-03831825  08/22/2022 000-03903499  08/22/2022 000-03971691  08/22/2022 000-03983087  08/22/2022 000-04031421  08/22/2022 000-03625108  06/18/2022 000-03616722  06/13/2022 000-03850636  09/12/2022 000-03601343  06/05/2022 000-03620009  06/05/2022 000-03628784  06/06/2022 000-03793092  06/06/2022 000-03798081  06/06/2022 000-03814040  08/22/2022 000-03866447  08/22/2022 000-03874858  08/22/2022 000-03878962  08/22/2022 000-03881537  08/22/2022 000-03887657  08/22/2022 000-03887854  09/18/2022 000-03600389  06/05/2022 000-03600390  06/05/2022 000-03600391  06/05/2022 000-03618785  06/05/2022 000-03634807  06/06/2022 000-03634808  06/06/2022 000-03634809  06/06/2022 000-03646934  06/05/2022 000-03751846  06/06/2022 000-03819798  08/22/2022 000-03860344  08/22/2022 000-03867444  08/22/2022 000-03941868  09/18/2022 000-03978901  09/18/2022 000-03634217  06/05/2022 000-03653180  06/06/2022 000-03672447  06/06/2022 000-03719938  06/06/2022 000-03768580  06/06/2022 000-03819037  06/06/2022 000-03919182  09/18/2022 000-03930670  09/18/2022 000-03940620  09/18/2022 000-03602618  06/05/2022 000-03604723  06/05/2022 000-03854235  08/22/2022 000-03989605  09/18/2022 000-03634214  06/06/2022 000-03667449  06/06/2022 000-03706994  06/06/2022 000-03780655  06/06/2022 000-03836666  08/22/2022 000-03911194  08/22/2022 000-03604722  06/05/2022 000-03625743  06/05/2022 000-03640113  06/06/2022 000-03649965  06/06/2022 000-03667453  06/06/2022 000-03670166  06/06/2022 000-03672103  06/06/2022 000-03693371  06/06/2022 000-03706993  06/06/2022 000-03746893  06/06/2022 000-03778262  06/06/2022 000-03778263  06/06/2022 000-03780664  06/06/2022 000-03784033  06/06/2022 000-03800663  06/06/2022 000-03821234  08/22/2022 000-03836678  08/22/2022 000-03878151  08/22/2022 000-03878155  08/22/2022 000-03880829  08/22/2022 000-03897630  09/18/2022 000-03956289  09/18/2022 000-03978893  09/18/2022 000-03604720  06/05/2022 000-03636482  06/06/2022 000-03644809  06/06/2022 000-03651999  06/06/2022 000-03653176  06/06/2022 000-03679609  06/06/2022 000-03706999  06/06/2022 000-03712150  06/06/2022 000-03731244  06/06/2022 000-03756436  06/06/2022 000-03780661  06/06/2022 000-03794866  06/06/2022 000-03816569  08/22/2022 000-03877805  08/22/2022 000-03910360  09/18/2022 000-03929149  09/18/2022 000-03935187  09/18/2022 000-03710588  06/06/2022 000-03777646  06/06/2022 000-03962966  09/18/2022 000-03618780  06/05/2022 000-03673284  06/06/2022 000-03700999  06/06/2022 000-03766569  06/06/2022 000-03780635  06/06/2022 000-03798661  06/06/2022 000-03890977  09/18/2022 000-03919196  09/18/2022 000-03927197  09/18/2022 000-03951998  09/18/2022 000-04009857  09/18/2022 000-03748611  06/02/2022 000-03749483  06/02/2022 000-03755098  06/07/2022 000-03758311  06/07/2022 000-03758748  06/07/2022 000-03762141  06/08/2022 000-03763696  06/09/2022 000-03775730  06/15/2022 000-03782658  06/17/2022 000-03800615  06/22/2022 000-03802435  06/23/2022 000-03811162  06/28/2022 000-03836069  07/06/2022 000-03860172  07/16/2022 000-03869712  07/20/2022 000-03890976  07/26/2022 000-03900712  07/29/2022 000-03905534  08/02/2022 000-03774820  06/15/2022 000-03808121  06/28/2022 000-03860173  07/19/2022 000-03763709  06/09/2022 000-03838673  07/08/2022 000-03744789  06/02/2022 000-03748648  06/02/2022 000-03759939  06/07/2022 000-03784357  06/17/2022 000-03797459  06/23/2022 000-03815024  06/29/2022 000-03823346  06/30/2022 000-03859459  07/19/2022 000-03875744  07/20/2022 000-03892463  07/29/2022 000-03768475  06/07/2022 000-03769189  06/07/2022 000-03770491  06/07/2022 000-03890411  07/21/2022 000-03820177  06/25/2022 000-03821177  06/25/2022 000-03894261  07/21/2022 000-03700983  06/17/2022 000-03777374  07/14/2022 000-03803883  07/24/2022 000-03873832  09/04/2022 000-03649487  06/17/2022 000-03658820  06/17/2022 000-03685437  06/17/2022 000-03687801  06/17/2022 000-03700949  06/17/2022 000-03755087  07/14/2022 000-03789478  07/14/2022 000-03831570  08/17/2022 000-03873835  09/04/2022 000-03637312  06/17/2022 000-03646835  06/17/2022 000-03707406  06/17/2022 000-03714294  06/29/2022 000-03759940  07/14/2022 000-03771901  07/14/2022 000-03777371  07/14/2022 000-03782458  07/14/2022 000-03819913  08/01/2022 000-03852585  08/17/2022 000-03894503  09/21/2022 000-03649503  06/17/2022 000-03719370  06/29/2022 000-03720965  06/29/2022 000-03794665  07/24/2022 000-03842627  08/17/2022 000-03887573  09/21/2022 000-03900402  09/21/2022 000-03631164  06/17/2022 000-03672001  06/17/2022 000-03679008  06/17/2022 000-03700962  06/17/2022 000-03747457  07/24/2022 000-03833440  08/17/2022 000-03633271  06/17/2022 000-03747463  06/29/2022 000-03887572  09/21/2022 000-03638769  06/17/2022 000-03794670  07/24/2022 000-03897988  09/21/2022 000-03596607  06/06/2022 000-03715492  07/23/2022 000-03824623  09/03/2022 000-03841375  09/07/2022 000-03602550  06/07/2022 000-03616721  06/13/2022 000-03629474  06/19/2022 000-03691111  07/15/2022 000-03738301  07/30/2022 000-03841364  09/07/2022 000-03894489  09/28/2022 000-03754570  08/03/2022 000-03832505  09/03/2022"
"Veterinary","No","08/03/2022","90404","Terminated","Wedgewood Village Pharmacy, LLC","405 Heron Dr Ste 200","N/A","Swedesboro","NJ","	08085-1749","United States","Voluntary: Firm initiated","N/A","to be entered.","V-0205-2022","Class II","Prednisolone Liver Flavor 5mg Chew Treat PREDNI-CHW001VC Prednisolone Chicken Flavor 5mg Chew Treat PREDNI-CHW002VC Prednisolone Chicken  Flavor 2.5mg Chew Treat PREDNI-CHW008VC Prednisolone Beef Flavor 5mg Chew Treat PREDNI-CHW012VC Prednisolone Surf & Turf Flavor 5mg Chew Treat PREDNI-CHW013VC Prednisolone Chicken Flavor 10mg Chew Treat PREDNI-CHW025VC Prednisolone Chicken Flavor 7.5mg Chew Treat PREDNI-CHW038VC Prednisolone Chicken Flavor 1.5mg Chew Treat PREDNI-CHW046VC Prednisolone Chicken Flavor 1.25mg Chew Treat PREDNI-CHW050VC Prednisolone Chicken Flavor 3mg Chew Treat PREDNI-CHW055VC PrednisoLONE Chicken Flavor 3.75mg Chew Treat PREDNI-CHW061VC Prednisolone Chicken Flavor 6mg Chew Treat PREDNI-CHW071VC Prednisolone Chicken Flavor 20mg Chew Treat PREDNI-CHW079VC Prednisolone Anchovy Flavor 5mg Chew Treat PREDNI-CHW081VC Prednisolone Chicken Flavor 0.625mg Chew Treat PREDNI-CHW085VC Prednisolone Chicken Flavor 1mg Chew Treat PREDNI-CHW089VC Prednisolone Duck Flavor 5mg Chew Treat PREDNI-CHW090VC Prednisolone Chicken Flavor 4mg Chew Treat PREDNI-CHW103VC Prednisolone Venison Flavor 2.5mg Chew Treat PREDNI-CHW115VC PrednisoLONE Chicken Flavored 15mg Chew Treat PREDNI-CHW155VC PrednisoLONE Chicken Flavored 4.5mg Chew Treat PREDNI-CHW159VC PrednisoLONE Marshmallow Flavored 5mg Chew Treat PREDNI-CHW161VC PrednisoLONE in PLO 40mg/ml Transdermal Gel 1ml PREDNI-GEL278VC Prednisone in PLO 50mg/ml Transdermal Gel 1ml PREDNI-GEL282VC PrednisoLONE in PLO 30mg/ml Transdermal Gel 1ml PREDNI-GEL286VC Prednisolone (as SP) Liver Flavor 5mg/ml Oral Solution 45ml Bottle PREDNISOL0008VC Prednisolone (as SP) Liver Flavor 5mg/ml Oral Solution 60ml Bottle PREDNISOL0009VC Prednisolone (as SP) Liver Flavor 5mg/ml Oral Solution 120ml Bottle PREDNISOL0010VC Prednisolone (as SP) Liver Flavor 5mg/ml Oral Solution 240ml Bottle PREDNISOL0011VC Prednisolone (as Sodium Phosphate) 10mg/ml Oral Solution 15ml Bottle PREDNISOL0013VC Prednisolone (as Sodium Phosphate) 5mg/ml Oral Solution 15ml Bottle PREDNISOL0014VC Prednisolone (as SP) 1mg/ml Oral Solution 30ml Bottle PREDNISOL0016VC Prednisolone (as SP) 1mg/ml Oral Solution 60ml Bottle PREDNISOL0017VC Prednisolone (as SP) 1mg/ml Oral Solution 120ml Bottle PREDNISOL0018VC Prednisolone (as SP) 4mg/ml Oral Solution 30ml Bottle PREDNISOL0022VC Prednisolone (as SP) 4mg/ml Oral Solution 120ml Bottle PREDNISOL0024VC Prednisolone (as SP) 4mg/ml Oral Solution 240ml Bottle PREDNISOL0025VC Prednisolone (as SP) 5mg/ml Oral Solution 30ml Bottle PREDNISOL0028VC Prednisolone (as SP) 5mg/ml Oral Solution 40ml Bottle PREDNISOL0029VC Prednisolone (as SP) 5mg/ml Oral Solution 45ml Bottle PREDNISOL0030VC Prednisolone (as SP) 5mg/ml Oral Solution 60ml Bottle PREDNISOL0031VC Prednisolone (as SP) 5mg/ml Oral Solution 90ml Bottle PREDNISOL0033VC Prednisolone (as SP) 5mg/ml Oral Solution 100ml Bottle PREDNISOL0034VC Prednisolone (as SP) 5mg/ml Oral Solution 120ml Bottle PREDNISOL0035VC Prednisolone (as SP) 5mg/ml Oral Solution 240ml Bottle PREDNISOL0036VC Prednisolone (as SP) 5mg/ml Oral Solution 360ml Bottle PREDNISOL0037VC Prednisolone (as SP) 5mg/ml Oral Solution 480ml Bottle PREDNISOL0038VC Prednisolone (as SP) 5mg/ml Oral Solution 1000ml Bottle PREDNISOL0039VC Prednisolone (as SP) 7mg/ml Oral Solution 60ml Bottle PREDNISOL0042VC Prednisolone (as SP) 7.5mg/ml Oral Solution 30ml Bottle PREDNISOL0047VC Prednisolone (as SP) 10mg/ml Oral Solution 30ml Bottle PREDNISOL0053VC Prednisolone (as SP) 10mg/ml Oral Solution 35ml Bottle PREDNISOL0054VC Prednisolone (as SP) 10mg/ml Oral Solution 40ml Bottle PREDNISOL0055VC Prednisolone (as SP) 10mg/ml Oral Solution 45ml Bottle PREDNISOL0056VC Prednisolone (as SP) 10mg/ml Oral Solution 60ml Bottle PREDNISOL0057VC Prednisolone (as SP) 10mg/ml Oral Solution 90ml Bottle PREDNISOL0058VC Prednisolone (as SP) 10mg/ml Oral Solution 100ml Bottle PREDNISOL0059VC Prednisolone (as SP) 10mg/ml Oral Solution 120ml Bottle PREDNISOL0060VC Prednisolone (as SP) 10mg/ml Oral Solution 240ml Bottle PREDNISOL00","16186 bottles","Insanitary conditions.","07/05/2022","08/03/2022","04/22/2024","08/03/2022","000-03740444  06/02/2022 000-03940691  08/22/2022 000-03659749  06/17/2022 000-03707916  06/17/2022 000-03689884  06/06/2022 000-03692176  06/06/2022 000-03696511  06/06/2022 000-03704375  06/06/2022 000-03730443  07/10/2022 000-03756094  08/02/2022 000-03761193  08/02/2022 000-03828411  08/12/2022 000-03885217  08/12/2022 000-03891936  08/12/2022 000-03899692  09/19/2022 000-03952489  09/19/2022 000-03956397  09/19/2022 000-03644897  06/05/2022 000-03644903  06/05/2022 000-03683626  06/05/2022 000-03696582  06/05/2022 000-03696589  06/05/2022 000-03709177  06/05/2022 000-03759858  07/13/2022 000-03766313  07/13/2022 000-03789440  07/13/2022 000-03807364  07/13/2022 000-03826489  07/13/2022 000-03829521  07/13/2022 000-03876871  08/27/2022 000-03885763  08/27/2022 000-03904882  08/27/2022 000-03946494  08/27/2022 000-04031849  08/27/2022 000-03823159  06/11/2022 000-03648832  06/25/2022 000-03686709  07/10/2022 000-03781327  08/13/2022 000-03790175  08/16/2022 000-03673997  06/27/2022 000-03693627  06/27/2022 000-03705232  06/27/2022 000-03713074  06/27/2022 000-03729390  06/27/2022 000-03761274  06/27/2022 000-03761275  06/27/2022 000-03773867  08/03/2022 000-03785733  08/03/2022 000-03794360  08/03/2022 000-03807817  08/03/2022 000-03824544  08/03/2022 000-03825033  08/03/2022 000-03825209  08/03/2022 000-03829684  08/03/2022 000-03831337  08/03/2022 000-03831341  08/03/2022 000-03863824  09/06/2022 000-03866853  09/06/2022 000-03885301  09/06/2022 000-03895775  09/06/2022 000-03905582  09/06/2022 000-03910943  09/06/2022 000-03912875  09/06/2022 000-03919486  09/06/2022 000-03943502  09/06/2022 000-03953600  09/06/2022 000-03693628  06/27/2022 000-03696051  06/27/2022 000-03702097  06/27/2022 000-03702099  06/27/2022 000-03709226  06/27/2022 000-03709233  06/27/2022 000-03709378  06/27/2022 000-03722504  06/27/2022 000-03727893  06/27/2022 000-03740192  06/27/2022 000-03752082  06/27/2022 000-03761250  06/27/2022 000-03761251  06/27/2022 000-03770172  06/27/2022 000-03770177  06/27/2022 000-03770181  06/27/2022 000-03778006  08/03/2022 000-03786612  08/03/2022 000-03801294  08/03/2022 000-03802049  08/03/2022 000-03816076  08/03/2022 000-03824545  08/03/2022 000-03836905  08/03/2022 000-03849136  08/03/2022 000-03859589  09/06/2022 000-03859594  09/06/2022 000-03869252  09/06/2022 000-03871801  09/06/2022 000-03872811  09/06/2022 000-03891818  09/06/2022 000-03896797  09/06/2022 000-03902281  09/06/2022 000-03907223  09/06/2022 000-03911957  09/06/2022 000-03920242  09/06/2022 000-03920246  09/06/2022 000-03926087  09/06/2022 000-03927981  09/06/2022 000-03939541  09/06/2022 000-03944561  09/06/2022 000-03947773  09/06/2022 000-03953607  09/06/2022 000-03958408  09/06/2022 000-03676655  06/27/2022 000-03693612  06/27/2022 000-03702772  06/27/2022 000-03702900  06/27/2022 000-03705237  06/27/2022 000-03709380  06/27/2022 000-03718073  06/27/2022 000-03734304  06/27/2022 000-03743282  06/27/2022 000-03748860  06/27/2022 000-03755324  06/27/2022 000-03761246  06/27/2022 000-03761254  06/27/2022 000-03761270  06/27/2022 000-03778007  08/03/2022 000-03799798  08/03/2022 000-03810256  08/03/2022 000-03819522  08/03/2022 000-03830587  08/03/2022 000-03839542  08/03/2022 000-03840827  08/03/2022 000-03851346  08/03/2022 000-03872893  09/06/2022 000-03875256  09/06/2022 000-03895783  09/06/2022 000-03902276  09/06/2022 000-03912883  09/06/2022 000-03919488  09/06/2022 000-03926084  09/06/2022 000-03927984  09/06/2022 000-03932067  09/06/2022 000-03943500  09/06/2022 000-03958406  09/06/2022 000-03958412  09/06/2022 000-03834183  08/03/2022 000-03705216  06/21/2022 000-03795985  08/16/2022 000-03820914  06/21/2022 000-03987165  09/10/2022 000-04035896  09/10/2022 000-03696939  06/21/2022 000-03713243  06/21/2022 000-03740997  06/21/2022 000-03764304  06/21/2022 000-03827973  08/16/2022 000-03839526  08/16/2022 000-03862767  08/16/2022 000-03870604  08/16/2022 000-03914764  09/10/2022 000-03914765  09/10/2022 000-04000828  09/10/2022 000-04015856  09/10/2022 000-04021468  09/10/2022 000-03752886  06/21/2022 000-03782187  06/21/2022 000-03918279  09/10/2022 000-03725575  07/03/2022 000-03954437  09/20/2022 000-03964211  09/20/2022 000-04007726  09/20/2022 000-04050761  09/20/2022 000-03726876  06/26/2022 000-03599842  06/07/2022 000-03622696  06/07/2022 000-03793477  06/26/2022 000-03591728  06/03/2022 000-03722254  07/23/2022 000-03754546  08/02/2022 000-03760309  08/06/2022 000-03803745  08/21/2022 000-03835479  08/18/2022 000-03641061  06/11/2022 000-03644285  06/21/2022 000-03806806  08/22/2022 000-03885208  09/20/2022 000-03696918  06/21/2022 000-03711291  06/21/2022 000-03714722  06/21/2022 000-03722753  06/21/2022 000-03726738  06/21/2022 000-03726753  06/21/2022 000-03727898  06/21/2022 000-03736967  06/21/2022 000-03747235  06/21/2022 000-03755308  06/21/2022 000-03763287  06/21/2022 000-03764961  06/21/2022 000-03773402  06/21/2022 000-03776974  06/21/2022 000-03777365  06/21/2022 000-03794368  06/21/2022 000-03794431  06/21/2022 000-03807377  06/21/2022 000-03812100  06/21/2022 000-03812365  06/21/2022 000-03816084  08/16/2022 000-03821707  08/16/2022 000-03822847  06/21/2022 000-03827974  06/21/2022 000-03830580  08/16/2022 000-03844986  08/16/2022 000-03854332  08/16/2022 000-03858799  08/16/2022 000-03858802  08/16/2022 000-03858807  08/16/2022 000-03874471  08/16/2022 000-03877225  08/16/2022 000-03888295  08/16/2022 000-03888296  08/16/2022 000-03916664  08/16/2022 000-03916677  08/16/2022 000-03922001  08/16/2022 000-03923208  08/16/2022 000-03825201  08/16/2022 000-03700650  06/21/2022 000-03700652  06/21/2022 000-03704871  06/21/2022 000-03708004  06/21/2022 000-03708006  06/21/2022 000-03708007  06/21/2022 000-03714715  06/21/2022 000-03717975  06/21/2022 000-03718207  06/21/2022 000-03723096  06/21/2022 000-03734407  06/21/2022 000-03735804  06/21/2022 000-03758478  06/21/2022 000-03763190  06/21/2022 000-03764964  06/21/2022 000-03764967  06/21/2022 000-03782392  06/21/2022 000-03790378  06/21/2022 000-03790386  06/21/2022 000-03790390  06/21/2022 000-03812096  06/21/2022 000-03814222  06/21/2022 000-03815148  06/21/2022 000-03822857  08/16/2022 000-03829047  08/16/2022 000-03829941  08/16/2022 000-03830592  08/16/2022 000-03836876  08/16/2022 000-03840942  08/16/2022 000-03840952  08/16/2022 000-03848337  08/16/2022 000-03848342  08/16/2022 000-03854324  08/16/2022 000-03858804  08/16/2022 000-03858809  08/16/2022 000-03870699  08/16/2022 000-03870701  08/16/2022 000-03870703  08/16/2022 000-03874476  08/16/2022 000-03889954  08/16/2022 000-03894027  08/16/2022 000-03899196  08/16/2022 000-03902270  08/16/2022 000-03915207  08/16/2022 000-03930267  08/16/2022 000-03932066  08/16/2022 000-03935907  08/16/2022 000-03686533  06/21/2022 000-03708005  06/21/2022 000-03714720  06/21/2022 000-03722746  06/21/2022 000-03726737  06/21/2022 000-03747224  06/21/2022 000-03805545  06/21/2022 000-03819508  08/16/2022 000-03840944  08/16/2022 000-03844992  08/16/2022 000-03876879  08/16/2022 000-03885231  08/16/2022 000-03893117  08/16/2022 000-03923203  08/16/2022 000-03606779  06/07/2022 000-03791159  08/16/2022 000-03804905  08/22/2022 000-03852483  09/09/2022 000-03878707  09/18/2022 000-03591738  06/03/2022 000-03595753  06/04/2022 000-03598462  06/05/2022 000-03606769  06/07/2022 000-03607208  06/08/2022 000-03607225  06/08/2022 000-03608643  06/08/2022 000-03609824  06/09/2022 000-03611298  06/11/2022 000-03616675  06/12/2022 000-03648840  06/25/2022 000-03655593  06/27/2022 000-03659407  06/28/2022 000-03724870  07/23/2022 000-03737096  07/27/2022 000-03751147  08/01/2022 000-03764980  08/07/2022 000-03766639  08/08/2022 000-03776529  08/11/2022 000-03776617  08/11/2022 000-03776887  08/11/2022 000-03801967  08/21/2022 000-03806816  08/22/2022 000-03831128  08/31/2022 000-03832334  08/18/2022 000-03841556  09/04/2022 000-03876999  09/18/2022 000-03893194  09/24/2022 000-03898955  09/26/2022 000-03843591  09/05/2022 000-03855217  06/11/2022 000-03607191  06/08/2022 000-03676446  07/05/2022 000-03754556  08/02/2022 000-03848140  09/06/2022 000-03615128  06/12/2022 000-03648938  06/25/2022 000-03650239  06/25/2022 000-03657327  06/27/2022 000-03686714  07/10/2022 000-03696996  07/12/2022 000-03714340  07/19/2022 000-03714342  07/19/2022 000-03730985  07/25/2022 000-03743593  07/30/2022 000-03745624  07/18/2022 000-03764061  08/07/2022 000-03783762  08/14/2022 000-03787911  08/15/2022 000-03817982  08/27/2022 000-03822594  08/28/2022 000-03828163  08/30/2022 000-03828165  08/30/2022 000-03870053  09/14/2022 000-03599963  06/06/2022 000-03614661  06/11/2022 000-03634496  06/19/2022 000-03680616  07/06/2022 000-03723015  06/29/2022 000-03784853  08/14/2022 000-03898895  09/26/2022 000-03898899  09/26/2022 000-03736613  06/21/2022 000-03755333  06/21/2022 000-03773856  06/21/2022 000-03778849  06/21/2022 000-03785807  06/21/2022 000-03789930  06/21/2022 000-03789932  06/21/2022 000-03794893  06/21/2022 000-03819512  06/21/2022 000-03828409  08/18/2022 000-03839530  08/18/2022 000-03843783  08/18/2022 000-03844988  08/18/2022 000-03847025  08/18/2022 000-03860020  08/18/2022 000-03870643  08/18/2022 000-03905794  08/18/2022 000-03909756  08/18/2022 000-03923198  08/18/2022 000-03928909  08/18/2022 000-03932969  08/18/2022 000-03935679  08/18/2022 000-03937252  08/18/2022 000-03937258  08/18/2022 000-03938458  08/18/2022 000-03939485  08/18/2022 000-03959999  08/18/2022 000-03707962  06/21/2022 000-03771882  06/21/2022 000-03820524  06/21/2022 000-03860775  08/18/2022 000-03931959  08/18/2022 000-03961979  08/18/2022 000-03598434  06/05/2022 000-03627886  06/11/2022 000-03653757  06/26/2022 000-03665876  07/02/2022 000-03730986  07/25/2022 000-03732311  06/29/2022 000-03734655  07/26/2022 000-03756654  08/03/2022 000-03765017  08/07/2022 000-03797272  08/20/2022 000-03817926  08/27/2022 000-03885177  09/20/2022 000-03885191  09/20/2022 000-03900495  09/26/2022 000-03906252  09/28/2022 000-03657298  06/06/2022 000-03677745  06/11/2022 000-03744664  06/11/2022 000-03817938  06/11/2022 000-03819438  06/11/2022 000-03906298  08/29/2022 000-03710439  06/11/2022 000-03778397  06/11/2022 000-03826147  06/11/2022 000-03866274  08/29/2022 000-03695509  06/11/2022 000-03744654  06/11/2022 000-03686529  06/16/2022 000-03714056  06/16/2022 000-03802834  07/31/2022 000-03807380  07/31/2022 000-03821708  07/31/2022 000-03876253  07/31/2022 000-03881966  07/31/2022 000-03891124  09/11/2022 000-03975665  09/11/2022 000-03674912  06/16/2022 000-03677286  06/16/2022 000-03677288  06/16/2022 000-03708072  06/16/2022 000-03716845  06/16/2022 000-03716853  06/16/2022 000-03748594  06/16/2022 000-03764305  06/16/2022 000-03764316  06/16/2022 000-03772706  06/16/2022 000-03779736  06/16/2022 000-03782493  06/16/2022 000-03803059  07/31/2022 000-03818683  07/31/2022 000-03825447  07/31/2022 000-03848323  07/31/2022 000-03871791  07/31/2022 000-03876255  07/31/2022 000-03885628  09/11/2022 000-03896415  09/11/2022 000-03926412  09/11/2022 000-03926420  09/11/2022 000-03946462  09/11/2022 000-03979101  09/11/2022 000-03991884  09/11/2022 000-04015232  09/11/2022 000-03667201  06/16/2022 000-03708056  06/16/2022 000-03708070  06/16/2022 000-03726881  06/16/2022 000-03740273  06/16/2022 000-03762240  06/16/2022 000-03766279  06/16/2022 000-03785865  06/16/2022 000-03788211  06/16/2022 000-03788221  06/16/2022 000-03800763  07/31/2022 000-03820509  07/31/2022 000-03846751  07/31/2022 000-03859873  07/31/2022 000-03864704  07/31/2022 000-03866862  07/31/2022 000-03883815  09/11/2022 000-03914766  09/11/2022 000-03926408  09/11/2022 000-03946470  09/11/2022 000-04004609  09/11/2022 000-04024926  09/11/2022 000-04025374  09/11/2022 000-03666080  06/16/2022 000-03671867  06/16/2022 000-03671870  06/16/2022 000-03674916  06/16/2022 000-03682180  06/16/2022 000-03689387  06/16/2022 000-03702999  06/16/2022 000-03704556  06/16/2022 000-03729391  06/16/2022 000-03730497  06/16/2022 000-03757170  06/16/2022 000-03763885  06/16/2022 000-03764313  06/16/2022 000-03770575  06/16/2022 000-03773632  06/16/2022 000-03779729  06/16/2022 000-03790148  07/31/2022 000-03795839  07/31/2022 000-03809046  07/31/2022 000-03810372  07/31/2022 000-03814325  07/31/2022 000-03821647  07/31/2022 000-03825443  07/31/2022 000-03826450  07/31/2022 000-03832512  07/31/2022 000-03841829  07/31/2022 000-03848314  07/31/2022 000-03859865  07/31/2022 000-03859876  07/31/2022 000-03862241  07/31/2022 000-03915946  09/11/2022 000-03918296  09/11/2022 000-03918300  09/11/2022 000-03924232  09/11/2022 000-03934923  09/11/2022 000-03939467  09/11/2022 000-03953360  09/11/2022 000-03953362  09/11/2022 000-03973133  09/11/2022 000-04013101  09/11/2022 000-04025344  09/11/2022 000-03632519  06/16/2022 000-03749866  07/31/2022 000-03860723  09/11/2022 000-03986060  09/11/2022 000-03666079  06/16/2022 000-03677289  06/16/2022 000-03689381  06/16/2022 000-03689386  06/16/2022 000-03696586  06/16/2022 000-03713265  06/16/2022 000-03740272  06/16/2022 000-03742673  06/16/2022 000-03748621  06/16/2022 000-03762234  06/16/2022 000-03766287  06/16/2022 000-03786265  06/16/2022 000-03806100  07/31/2022 000-03818687  07/31/2022 000-03823027  07/31/2022 000-03832664  07/31/2022 000-03837353  07/31/2022 000-03873464  07/31/2022 000-03896407  09/11/2022 000-03914777  09/11/2022 000-03927968  09/11/2022 000-03927969  09/11/2022 000-03948041  09/11/2022 000-03962529  09/11/2022 000-03973130  09/11/2022 000-03994845  09/11/2022 000-03995394  09/11/2022 000-04002294  09/11/2022 000-04007495  09/11/2022 000-04014717  09/11/2022 000-03770343  06/16/2022 000-03841818  07/31/2022 000-03928552  09/11/2022 000-03704563  06/16/2022 000-03708058  06/16/2022 000-03713259  06/16/2022 000-03716846  06/16/2022 000-03720655  06/16/2022 000-03734235  06/16/2022 000-03735459  06/16/2022 000-03751453  06/16/2022 000-03751454  06/16/2022 000-03754046  06/16/2022 000-03766290  06/16/2022 000-03770577  06/16/2022 000-03772703  06/16/2022 000-03773635  06/16/2022 000-03777031  06/16/2022 000-03785867  06/16/2022 000-03790153  07/31/2022 000-03835545  07/31/2022 000-03835550  07/31/2022 000-03837995  07/31/2022 000-03849157  07/31/2022 000-03870660  07/31/2022 000-03870661  07/31/2022 000-03907201  09/11/2022 000-03909163  09/11/2022 000-03927970  09/11/2022 000-03937874  09/11/2022 000-03940743  09/11/2022 000-03944510  09/11/2022 000-03957533  09/11/2022 000-03958411  09/11/2022 000-03967040  09/11/2022 000-03991878  09/11/2022 000-04001359  09/11/2022 000-04010205  09/11/2022 000-04010213  09/11/2022 000-04013933  09/11/2022 000-04014712  09/11/2022 000-03666076  06/16/2022 000-03671863  06/16/2022 000-03674913  06/16/2022 000-03677285  06/16/2022 000-03677287  06/16/2022 000-03678194  06/16/2022 000-03687359  06/16/2022 000-03689384  06/16/2022 000-03704560  06/16/2022 000-03704561  06/16/2022 000-03708061  06/16/2022 000-03711759  06/16/2022 000-03726880  06/16/2022 000-03738133  06/16/2022 000-03748629  06/16/2022 000-03751457  06/16/2022 000-03762239  06/16/2022 000-03764309  06/16/2022 000-03764315  06/16/2022 000-03770579  06/16/2022 000-03777001  06/16/2022 000-03788223  06/16/2022 000-03789288  07/31/2022 000-03792029  07/31/2022 000-03799122  07/31/2022 000-03799842  07/31/2022 000-03802353  07/31/2022 000-03808608  07/31/2022 000-03809853  07/31/2022 000-03812138  07/31/2022 000-03818690  07/31/2022 000-03818692  07/31/2022 000-03820520  07/31/2022 000-03823935  07/31/2022 000-03824548  07/31/2022 000-03844974  07/31/2022 000-03847283  07/31/2022 000-03848322  07/31/2022 000-03859866  07/31/2022 000-03873462  07/31/2022 000-03876775  07/31/2022 000-03878738  07/31/2022 000-03878742  07/31/2022 000-03890413  09/11/2022 000-03896413  09/11/2022 000-03896416  09/11/2022 000-03900749  09/11/2022 000-03907209  09/11/2022 000-03918297  09/11/2022 000-03930276  09/11/2022 000-03936228  09/11/2022 000-03936230  09/11/2022 000-03942698  09/11/2022 000-03953356  09/11/2022 000-03953365  09/11/2022 000-03967029  09/11/2022 000-03969244  09/11/2022 000-03972649  09/11/2022 000-03981288  09/11/2022 000-03985302  09/11/2022 000-03990841  09/11/2022 000-04004613  09/11/2022 000-04007493  09/11/2022 000-04007497  09/11/2022 000-04015234  09/11/2022 000-03632517  06/16/2022 000-03726424  06/16/2022 000-03734075  06/16/2022 000-03749864  07/31/2022 000-03857935  07/31/2022 000-03860720  09/11/2022 000-03862539  07/31/2022 000-03961653  09/11/2022 000-03986033  09/11/2022 000-03689378  06/16/2022 000-03708066  06/16/2022 000-03722752  06/16/2022 000-03726883  06/16/2022 000-03740260  06/16/2022 000-03766277  06/16/2022 000-03782496  06/16/2022 000-03799841  07/31/2022 000-03870664  07/31/2022 000-03890493  09/11/2022 000-03970330  09/11/2022 000-04024927  09/11/2022 000-03663670  06/16/2022 000-03697334  06/16/2022 000-03714050  06/16/2022 000-03766280  06/16/2022 000-03792023  07/31/2022 000-03844971  07/31/2022 000-03848320  07/31/2022 000-03859867  07/31/2022 000-03871813  07/31/2022 000-04004607  09/11/2022 000-03663656  06/16/2022 000-03694166  06/16/2022 000-03704553  06/16/2022 000-03704559  06/16/2022 000-03714049  06/16/2022 000-03716842  06/16/2022 000-03722191  06/16/2022 000-03824546  07/31/2022 000-03849166  07/31/2022 000-03859861  07/31/2022 000-03859869  07/31/2022 000-03870668  07/31/2022 000-03890391  09/11/2022 000-03905799  09/11/2022 000-03930271  09/11/2022 000-03995392  09/11/2022 000-03995414  09/11/2022 000-04004604  09/11/2022 000-04013106  09/11/2022 000-03667203  06/16/2022 000-03667205  06/16/2022 000-03684114  06/16/2022 000-03703321  06/16/2022 000-03708073  06/16/2022 000-03714052  06/16/2022 000-03726875  06/16/2022 000-03733022  06/16/2022 000-03738021  06/16/2022 000-03762227  06/16/2022 000-03762230  06/16/2022 000-03762238  06/16/2022 000-03764312  06/16/2022 000-03766286  06/16/2022 000-03772707  06/16/2022 000-03779735  06/16/2022 000-03788215  06/16/2022 000-03798733  07/31/2022 000-03806094  07/31/2022 000-03813462  07/31/2022 000-03830549  07/31/2022 000-03836004  07/31/2022 000-03847284  07/31/2022 000-03859978  07/31/2022 000-03864705  07/31/2022 000-03866856  07/31/2022 000-03879670  07/31/2022 000-03882589  07/31/2022 000-03883825  09/11/2022 000-03896405  09/11/2022 000-03900753  09/11/2022 000-03918298  09/11/2022 000-03926413  09/11/2022 000-03946467  09/11/2022 000-03953352  09/11/2022 000-03958398  09/11/2022 000-03970844  09/11/2022 000-03971919  09/11/2022 000-03983378  09/11/2022 000-04000832  09/11/2022 000-04002291  09/11/2022 000-04007821  09/11/2022 000-04015230  09/11/2022 000-04023577  09/11/2022 000-04036244  09/11/2022 000-03682173  06/16/2022 000-03762226  06/16/2022 000-03766289  06/16/2022 000-03905782  09/11/2022 000-03968698  09/11/2022 000-04024638  09/11/2022 000-03726884  06/16/2022 000-03748642  06/16/2022 000-03802282  07/31/2022 000-03857661  07/31/2022 000-03866861  07/31/2022 000-03909165  09/11/2022 000-03918302  09/11/2022 000-03972644  09/11/2022 000-03632518  06/16/2022 000-03749865  07/31/2022 000-03843343  07/31/2022 000-03860722  09/11/2022 000-03754044  06/16/2022 000-03798599  07/31/2022 000-03807508  07/31/2022 000-03829495  07/31/2022 000-03953366  09/11/2022 000-04010192  09/11/2022 000-04010215  09/11/2022 000-03671864  06/16/2022 000-03714055  06/16/2022 000-03714057  06/16/2022 000-03714059  06/16/2022 000-03722750  06/16/2022 000-03733014  06/16/2022 000-03735469  06/16/2022 000-03751446  06/16/2022 000-03770585  06/16/2022 000-03788216  06/16/2022 000-03812135  07/31/2022 000-03864708  07/31/2022 000-03870659  07/31/2022 000-03871780  07/31/2022 000-03881360  07/31/2022 000-03926409  09/11/2022 000-03930403  09/11/2022 000-03953355  09/11/2022 000-03960574  09/11/2022 000-03971031  09/11/2022 000-03983381  09/11/2022 000-03983611  09/11/2022 000-04019119  09/11/2022 000-04023588  09/11/2022 000-03671980  06/12/2022 000-03713253  06/12/2022 000-03726744  06/12/2022 000-03748636  06/12/2022 000-03773625  06/12/2022 000-03805453  08/07/2022 000-03806060  06/12/2022 000-03815932  08/07/2022 000-03899183  08/07/2022 000-03925229  09/30/2022 000-03936233  09/30/2022 000-04013473  09/30/2022 000-04046298  09/30/2022 000-04049640  09/30/2022 000-03713213  06/12/2022 000-03748875  06/12/2022 000-03783364  06/12/2022 000-03896746  08/07/2022 000-03925230  09/30/2022 000-03942696  09/30/2022 000-03953364  09/30/2022 000-04035681  09/30/2022 000-04046049  09/30/2022 000-04046301  09/30/2022 000-03844965  08/07/2022 000-03844966  08/07/2022 000-03848316  08/07/2022 000-03874389  08/07/2022 000-03953357  09/30/2022 000-03970641  09/30/2022 000-04057996  09/30/2022 000-03619398  06/12/2022 000-03753219  06/12/2022 000-03768242  08/07/2022 000-03868696  08/07/2022 000-03921508  09/30/2022 000-03671983  06/12/2022 000-03702144  06/12/2022 000-03717611  06/12/2022 000-03725665  06/12/2022 000-03726745  06/12/2022 000-03729381  06/12/2022 000-03729383  06/12/2022 000-03733015  06/12/2022 000-03748857  06/12/2022 000-03754048  06/12/2022 000-03770180  06/12/2022 000-03777116  06/12/2022 000-03779731  06/12/2022 000-03789225  06/12/2022 000-03807772  08/07/2022 000-03807773  08/07/2022 000-03814328  08/07/2022 000-03816077  08/07/2022 000-03824151  08/07/2022 000-03838017  08/07/2022 000-03844975  08/07/2022 000-03885631  08/07/2022 000-03899194  08/07/2022 000-03902165  09/30/2022 000-03925227  09/30/2022 000-03936231  09/30/2022 000-03953359  09/30/2022 000-03987213  09/30/2022 000-03990827  09/30/2022 000-03990829  09/30/2022 000-03991879  09/30/2022 000-04001969  09/30/2022 000-04007489  09/30/2022 000-04007498  09/30/2022 000-04007499  09/30/2022 000-04016868  09/30/2022 000-03726757  06/12/2022 000-03733016  06/12/2022 000-03821145  08/07/2022 000-03821157  08/07/2022 000-03859981  08/07/2022 000-03925228  09/30/2022 000-04001972  09/30/2022 000-03819494  08/07/2022 000-03925231  09/30/2022 000-03976771  09/30/2022 000-03686297  06/12/2022 000-03696587  06/12/2022 000-03715191  06/12/2022 000-03798194  06/12/2022 000-03804383  08/07/2022 000-03829764  08/07/2022 000-03854305  08/07/2022 000-03880609  08/07/2022 000-03925223  09/30/2022 000-04046044  09/30/2022 000-03619397  06/12/2022 000-03768243  08/07/2022 000-03891004  08/07/2022 000-03921509  09/30/2022 000-03686314  06/12/2022 000-03789215  06/12/2022 000-03816083  08/07/2022 000-03902151  08/07/2022 000-03925222  09/30/2022 000-03925226  09/30/2022 000-04001980  09/30/2022 000-04024957  09/30/2022 000-03689379  06/12/2022 000-03696578  06/12/2022 000-03705221  06/12/2022 000-03740231  06/12/2022 000-03743280  06/12/2022 000-03748858  06/12/2022 000-03754055  06/12/2022 000-03777034  06/12/2022 000-03798011  06/12/2022 000-03800022  06/12/2022 000-03859971  08/07/2022 000-03874390  08/07/2022 000-03889944  08/07/2022 000-03889945  08/07/2022 000-03896749  08/07/2022 000-03925232  09/30/2022 000-03953354  09/30/2022 000-03987035  09/30/2022 000-04010772  09/30/2022 000-04038013  09/30/2022 000-04046043  09/30/2022 000-04059747  09/30/2022 000-03619399  06/12/2022 000-03768244  08/07/2022 000-03886491  08/07/2022 000-03921510  09/30/2022 000-03729384  06/12/2022 000-03778001  06/12/2022 000-03813457  08/07/2022 000-03816075  08/07/2022 000-03946474  09/30/2022 000-04001978  09/30/2022 000-03705213  06/12/2022 000-03748863  06/12/2022 000-03754045  06/12/2022 000-03778008  06/12/2022 000-03835554  08/07/2022 000-03857679  08/07/2022 000-03939470  09/30/2022 000-03953358  09/30/2022 000-03964212  09/30/2022 000-03979819  09/30/2022 000-03991891  09/30/2022 000-03677265  06/12/2022 000-03678190  06/12/2022 000-03686280  06/12/2022 000-03689382  06/12/2022 000-03689390  06/12/2022 000-03702143  06/12/2022 000-03702879  06/12/2022 000-03705224  06/12/2022 000-03713189  06/12/2022 000-03713218  06/12/2022 000-03717602  06/12/2022 000-03718485  06/12/2022 000-03722940  06/12/2022 000-03726739  06/12/2022 000-03726752  06/12/2022 000-03734627  06/12/2022 000-03743304  06/12/2022 000-03748859  06/12/2022 000-03748866  06/12/2022 000-03748871  06/12/2022 000-03758467  06/12/2022 000-03766673  06/12/2022 000-03770175  06/12/2022 000-03779440  06/12/2022 000-03779741  06/12/2022 000-03800502  08/07/2022 000-03800503  06/12/2022 000-03803058  08/07/2022 000-03807375  08/07/2022 000-03807383  08/07/2022 000-03835544  08/07/2022 000-03838020  08/07/2022 000-03838021  08/07/2022 000-03848321  08/07/2022 000-03855618  08/07/2022 000-03859844  08/07/2022 000-03859972  08/07/2022 000-03859979  08/07/2022 000-03862153  08/07/2022 000-03868547  08/07/2022 000-03868555  08/07/2022 000-03870713  08/07/2022 000-03882842  08/07/2022 000-03889939  08/07/2022 000-03895193  08/07/2022 000-03896750  08/07/2022 000-03897800  08/07/2022 000-03899444  08/07/2022 000-03902155  08/07/2022 000-03936226  09/30/2022 000-03953353  09/30/2022 000-03961074  09/30/2022 000-03963299  09/30/2022 000-03968687  09/30/2022 000-03969243  09/30/2022 000-03970649  09/30/2022 000-03976772  09/30/2022 000-03978279  09/30/2022 000-03987036  09/30/2022 000-03989721  09/30/2022 000-03991885  09/30/2022 000-03995390  09/30/2022 000-03995402  09/30/2022 000-04016915  09/30/2022 000-03722489  06/12/2022 000-03740232  06/12/2022 000-03743302  06/12/2022 000-03797106  06/12/2022 000-03807774  08/07/2022 000-03826748  08/07/2022 000-03883882  08/07/2022 000-03896754  08/07/2022 000-03925225  09/30/2022 000-04012157  09/30/2022 000-04013477  09/30/2022 000-04024443  09/30/2022 000-04046045  09/30/2022 000-03619400  06/12/2022 000-03749818  06/12/2022 000-03768245  08/07/2022 000-03886492  08/07/2022 000-03921511  09/30/2022 000-03671982  06/12/2022 000-03715184  06/12/2022 000-03740228  06/12/2022 000-03778000  06/12/2022 000-03789211  06/12/2022 000-03790787  06/12/2022 000-03794362  06/12/2022 000-03819498  08/07/2022 000-03823238  08/07/2022 000-03844977  08/07/2022 000-03854307  08/07/2022 000-03870914  08/07/2022 000-03876223  08/07/2022 000-03876475  08/07/2022 000-03947764  09/30/2022 000-03971920  09/30/2022 000-03995416  09/30/2022 000-04000829  09/30/2022 000-04007487  09/30/2022 000-04015231  09/30/2022 000-03688105  06/11/2022 000-03865062  08/29/2022 000-03906325  08/29/2022 000-03690272  06/27/2022 000-03711024  06/27/2022 000-03734302  06/27/2022 000-03736600  06/27/2022 000-03755307  06/27/2022 000-03782381  08/03/2022 000-03820523  08/03/2022 000-03835534  08/03/2022 000-03873950  09/06/2022 000-03930280  09/06/2022 000-03946975  09/06/2022 000-03690260  06/27/2022 000-03722503  06/27/2022 000-03777046  08/03/2022 000-03782391  08/03/2022 000-03823813  08/03/2022 000-03838192  08/03/2022 000-03851356  08/03/2022 000-03859592  08/03/2022 000-03896418  09/06/2022 000-03896431  09/06/2022 000-03926091  09/06/2022 000-03674002  06/27/2022 000-03692424  06/27/2022 000-03696048  06/27/2022 000-03726747  06/27/2022 000-03726748  06/27/2022 000-03727889  06/27/2022 000-03748864  06/27/2022 000-03770176  06/27/2022 000-03805524  08/03/2022 000-03838193  08/03/2022 000-03844983  08/03/2022 000-03848643  08/03/2022 000-03859593  08/03/2022 000-03862049  09/06/2022 000-03888298  09/06/2022 000-03905586  09/06/2022 000-03914774  09/06/2022 000-03919492  09/06/2022 000-03922011  09/06/2022 000-03938160  09/06/2022 000-03949449  09/06/2022 000-03955960  09/06/2022 000-03960004  09/06/2022 000-03747230  06/27/2022 000-03789521  08/03/2022 000-03798203  08/03/2022 000-03846603  08/03/2022 000-03859591  08/03/2022 000-03875254  09/06/2022 000-03909768  09/06/2022 000-03953610  09/06/2022 000-03681985  06/27/2022 000-03690281  06/27/2022 000-03693624  06/27/2022 000-03696042  06/27/2022 000-03699689  06/27/2022 000-03704598  06/27/2022 000-03704606  06/27/2022 000-03713078  06/27/2022 000-03713085  06/27/2022 000-03726741  06/27/2022 000-03734300  06/27/2022 000-03747233  06/27/2022 000-03748868  06/27/2022 000-03752077  06/27/2022 000-03761278  06/27/2022 000-03761280  06/27/2022 000-03764963  06/27/2022 000-03764971  06/27/2022 000-03772738  08/03/2022 000-03782382  08/03/2022 000-03782389  08/03/2022 000-03785731  08/03/2022 000-03792252  08/03/2022 000-03795643  08/03/2022 000-03799120  08/03/2022 000-03808030  08/03/2022 000-03821700  08/03/2022 000-03821706  08/03/2022 000-03829486  08/03/2022 000-03832143  08/03/2022 000-03836909  08/03/2022 000-03836910  08/03/2022 000-03840819  08/03/2022 000-03844987  08/03/2022 000-03862046  09/06/2022 000-03870721  09/06/2022 000-03873947  09/06/2022 000-03875253  09/06/2022 000-03876486  09/06/2022 000-03881333  09/06/2022 000-03896421  09/06/2022 000-03896807  09/06/2022 000-03905581  09/06/2022 000-03911950  09/06/2022 000-03911951  09/06/2022 000-03914465  09/06/2022 000-03914772  09/06/2022 000-03920249  09/06/2022 000-03932056  09/06/2022 000-03932061  09/06/2022 000-03935686  09/06/2022 000-03938158  09/06/2022 000-03944508  09/06/2022 000-03946464  09/06/2022 000-03949446  09/06/2022 000-03949448  09/06/2022 000-03949452  09/06/2022 000-03949456  09/06/2022 000-03952416  09/06/2022 000-03953605  09/06/2022 000-03676646  06/27/2022 000-03676648  06/27/2022 000-03676661  06/27/2022 000-03678219  06/27/2022 000-03681981  06/27/2022 000-03690249  06/27/2022 000-03693610  06/27/2022 000-03693623  06/27/2022 000-03693626  06/27/2022 000-03693630  06/27/2022 000-03696041  06/27/2022 000-03702885  06/27/2022 000-03704601  06/27/2022 000-03705235  06/27/2022 000-03705236  06/27/2022 000-03711292  06/27/2022 000-03718074  06/27/2022 000-03722743  06/27/2022 000-03722749  06/27/2022 000-03722754  06/27/2022 000-03726740  06/27/2022 000-03726750  06/27/2022 000-03727891  06/27/2022 000-03729369  06/27/2022 000-03731531  06/27/2022 000-03731537  06/27/2022 000-03732777  06/27/2022 000-03732779  06/27/2022 000-03735447  06/27/2022 000-03736865  06/27/2022 000-03736867  06/27/2022 000-03737265  06/27/2022 000-03738711  06/27/2022 000-03740188  06/27/2022 000-03740189  06/27/2022 000-03740191  06/27/2022 000-03740194  06/27/2022 000-03740196  06/27/2022 000-03743278  06/27/2022 000-03747226  06/27/2022 000-03747228  06/27/2022 000-03747231  06/27/2022 000-03748861  06/27/2022 000-03748862  06/27/2022 000-03748870  06/27/2022 000-03748872  06/27/2022 000-03752084  06/27/2022 000-03761247  06/27/2022 000-03761249  06/27/2022 000-03761255  06/27/2022 000-03761272  06/27/2022 000-03764966  06/27/2022 000-03770174  06/27/2022 000-03770179  06/27/2022 000-03770183  06/27/2022 000-03770186  06/27/2022 000-03771289  08/03/2022 000-03772739  08/03/2022 000-03773862  08/03/2022 000-03774928  08/03/2022 000-03777066  08/03/2022 000-03777114  08/03/2022 000-03777122  08/03/2022 000-03777359  08/03/2022 000-03777373  08/03/2022 000-03777378  08/03/2022 000-03782380  08/03/2022 000-03782383  08/03/2022 000-03785724  08/03/2022 000-03785727  08/03/2022 000-03785734  08/03/2022 000-03785735  08/03/2022 000-03786606  08/03/2022 000-03792462  08/03/2022 000-03793054  08/03/2022 000-03794366  08/03/2022 000-03798364  08/03/2022 000-03800685  08/03/2022 000-03805721  08/03/2022 000-03805957  08/03/2022 000-03806212  08/03/2022 000-03809059  08/03/2022 000-03809488  08/03/2022 000-03810246  08/03/2022 000-03810906  08/03/2022 000-03812762  08/03/2022 000-03816072  08/03/2022 000-03816081  08/03/2022 000-03819511  08/03/2022 000-03819515  08/03/2022 000-03819517  08/03/2022 000-03819518  08/03/2022 000-03819521  08/03/2022 000-03820513  08/03/2022 000-03820515  08/03/2022 000-03821124  08/03/2022 000-03822848  08/03/2022 000-03823811  08/03/2022 000-03825018  08/03/2022 000-03825836  08/03/2022 000-03826641  08/03/2022 000-03826643  08/03/2022 000-03827181  08/03/2022 000-03828676  08/03/2022 000-03835531  08/03/2022 000-03835540  08/03/2022 000-03836904  08/03/2022 000-03839536  08/03/2022 000-03839539  08/03/2022 000-03844978  08/03/2022 000-03844985  08/03/2022 000-03846604  08/03/2022 000-03848646  08/03/2022 000-03857145  08/03/2022 000-03857170  08/03/2022 000-03859588  09/06/2022 000-03859595  09/06/2022 000-03862047  09/06/2022 000-03862048  09/06/2022 000-03863822  09/06/2022 000-03866858  09/06/2022 000-03870718  09/06/2022 000-03870726  09/06/2022 000-03870728  09/06/2022 000-03871781  09/06/2022 000-03875246  09/06/2022 000-03877419  09/06/2022 000-03883002  09/06/2022 000-03888300  09/06/2022 000-03888302  09/06/2022 000-03895778  09/06/2022 000-03895784  09/06/2022 000-03896422  09/06/2022 000-03896429  09/06/2022 000-03896803  09/06/2022 000-03907230  09/06/2022 000-03907231  09/06/2022 000-03909764  09/06/2022 000-03909769  09/06/2022 000-03911952  09/06/2022 000-03912879  09/06/2022 000-03914775  09/06/2022 000-03914778  09/06/2022 000-03919487  09/06/2022 000-03919489  09/06/2022 ","000-03919490  09/06/2022 000-03920244  09/06/2022 000-03920250  09/06/2022 000-03920252  09/06/2022 000-03920253  09/06/2022 000-03920254  09/06/2022 000-03920255  09/06/2022 000-03922022  09/06/2022 000-03926086  09/06/2022 000-03926092  09/06/2022 000-03927975  09/06/2022 000-03927982  09/06/2022 000-03930281  09/06/2022 000-03932053  09/06/2022 000-03937376  09/06/2022 000-03937379  09/06/2022 000-03938156  09/06/2022 000-03939535  09/06/2022 000-03939539  09/06/2022 000-03943496  09/06/2022 000-03946978  09/06/2022 000-03949447  09/06/2022 000-03953602  09/06/2022 000-03955963  09/06/2022 000-03958404  09/06/2022 000-03676656  06/27/2022 000-03679583  06/27/2022 000-03689082  06/27/2022 000-03738107  06/27/2022 000-03761253  06/27/2022 000-03761273  06/27/2022 000-03785725  08/03/2022 000-03785726  08/03/2022 000-03812761  08/03/2022 000-03851354  08/03/2022 000-03870729  09/06/2022 000-03920248  09/06/2022 000-03946475  09/06/2022 000-03704599  06/27/2022 000-03709227  06/27/2022 000-03722515  06/27/2022 000-03814396  08/03/2022 000-03896423  09/06/2022 000-03899187  09/06/2022 000-03687512  06/27/2022 000-03702827  06/27/2022 000-03709230  06/27/2022 000-03729393  06/27/2022 000-03733911  06/27/2022 000-03735448  06/27/2022 000-03741754  06/27/2022 000-03770173  06/27/2022 000-03777005  08/03/2022 000-03777361  08/03/2022 000-03785722  08/03/2022 000-03792250  08/03/2022 000-03792251  08/03/2022 000-03793359  08/03/2022 000-03793999  08/03/2022 000-03794000  08/03/2022 000-03806219  08/03/2022 000-03828678  08/03/2022 000-03836908  08/03/2022 000-03857166  08/03/2022 000-03864584  09/06/2022 000-03866857  09/06/2022 000-03878861  09/06/2022 000-03882320  09/06/2022 000-03927976  09/06/2022 000-03930272  09/06/2022 000-03941318  09/06/2022 000-03943503  09/06/2022 000-03948860  09/06/2022 000-03674003  06/27/2022 000-03677267  06/27/2022 000-03679834  06/27/2022 000-03681073  06/27/2022 000-03687475  06/27/2022 000-03690282  06/27/2022 000-03693609  06/27/2022 000-03693611  06/27/2022 000-03702776  06/27/2022 000-03709381  06/27/2022 000-03711282  06/27/2022 000-03713077  06/27/2022 000-03718066  06/27/2022 000-03722755  06/27/2022 000-03727892  06/27/2022 000-03729375  06/27/2022 000-03737803  06/27/2022 000-03743297  06/27/2022 000-03748867  06/27/2022 000-03748869  06/27/2022 000-03748873  06/27/2022 000-03755309  06/27/2022 000-03761281  06/27/2022 000-03764975  06/27/2022 000-03770184  06/27/2022 000-03771673  08/03/2022 000-03774926  08/03/2022 000-03785730  08/03/2022 000-03788982  08/03/2022 000-03791241  08/03/2022 000-03792246  08/03/2022 000-03795661  08/03/2022 000-03801491  08/03/2022 000-03805464  08/03/2022 000-03806213  08/03/2022 000-03807376  08/03/2022 000-03808621  08/03/2022 000-03816073  08/03/2022 000-03819510  08/03/2022 000-03819513  08/03/2022 000-03820521  08/03/2022 000-03822849  08/03/2022 000-03822851  08/03/2022 000-03822856  08/03/2022 000-03825031  08/03/2022 000-03828665  08/03/2022 000-03830594  08/03/2022 000-03832145  08/03/2022 000-03832152  08/03/2022 000-03840820  08/03/2022 000-03840824  08/03/2022 000-03844982  08/03/2022 000-03851351  08/03/2022 000-03859590  08/03/2022 000-03862045  09/06/2022 000-03862050  09/06/2022 000-03871812  09/06/2022 000-03873930  09/06/2022 000-03878859  09/06/2022 000-03878864  09/06/2022 000-03888305  09/06/2022 000-03895785  09/06/2022 000-03902269  09/06/2022 000-03907226  09/06/2022 000-03909325  09/06/2022 000-03909326  09/06/2022 000-03912882  09/06/2022 000-03920245  09/06/2022 000-03930273  09/06/2022 000-03932057  09/06/2022 000-03932063  09/06/2022 000-03935677  09/06/2022 000-03935687  09/06/2022 000-03940720  09/06/2022 000-03941540  09/06/2022 000-03947766  09/06/2022 000-03949455  09/06/2022 000-03958407  09/06/2022 000-03693472  06/27/2022 000-03704603  06/27/2022 000-03734296  06/27/2022 000-03770178  06/27/2022 000-03911956  09/06/2022 000-03676325  06/27/2022 000-03681062  06/27/2022 000-03681987  06/27/2022 000-03681988  06/27/2022 000-03698305  06/27/2022 000-03705231  06/27/2022 000-03709384  06/27/2022 000-03717920  06/27/2022 000-03726742  06/27/2022 000-03726743  06/27/2022 000-03727886  06/27/2022 000-03735449  06/27/2022 000-03738707  06/27/2022 000-03743285  06/27/2022 000-03743289  06/27/2022 000-03752078  06/27/2022 000-03755311  06/27/2022 000-03761277  06/27/2022 000-03764970  06/27/2022 000-03770170  06/27/2022 000-03777376  08/03/2022 000-03778002  08/03/2022 000-03792253  08/03/2022 000-03795641  08/03/2022 000-03795837  08/03/2022 000-03810247  08/03/2022 000-03825206  08/03/2022 000-03827981  08/03/2022 000-03836907  08/03/2022 000-03839537  08/03/2022 000-03840821  08/03/2022 000-03848653  08/03/2022 000-03849135  08/03/2022 000-03857725  08/03/2022 000-03873445  09/06/2022 000-03876874  09/06/2022 000-03878862  09/06/2022 000-03885297  09/06/2022 000-03893120  09/06/2022 000-03896419  09/06/2022 000-03899191  09/06/2022 000-03899192  09/06/2022 000-03899393  09/06/2022 000-03909766  09/06/2022 000-03912874  09/06/2022 000-03912878  09/06/2022 000-03920243  09/06/2022 000-03922026  09/06/2022 000-03935684  09/06/2022 000-03943501  09/06/2022 000-03943504  09/06/2022 000-03944303  09/06/2022 000-03953609  09/06/2022 000-03955962  09/06/2022 000-03958403  09/06/2022 000-03677266  06/27/2022 000-03735453  06/27/2022 000-03772731  08/03/2022 000-03806097  08/03/2022 000-03832144  08/03/2022 000-03871807  09/06/2022 000-03873454  09/06/2022 000-03718499  06/11/2022 000-03840100  06/11/2022 000-03710540  06/11/2022 000-03801162  06/11/2022 000-03852517  06/11/2022 000-03852531  06/11/2022 000-03844543  06/11/2022 000-03755017  06/11/2022 000-03686666  06/11/2022 000-03734037  06/11/2022 000-03747781  06/11/2022 000-03876997  08/29/2022 000-03900507  08/29/2022 000-03736372  06/21/2022 000-03786299  06/21/2022 000-03900705  08/16/2022 000-04002439  09/10/2022 000-03751999  06/21/2022 000-03799121  08/16/2022 000-03829497  08/16/2022 000-03890447  08/16/2022 000-03957918  09/10/2022 000-03960575  09/10/2022 000-03736367  06/21/2022 000-03736418  06/21/2022 000-03777364  06/21/2022 000-03801488  08/16/2022 000-03832179  08/16/2022 000-03839527  08/16/2022 000-03862777  08/16/2022 000-03881358  08/16/2022 000-03936229  09/10/2022 000-03943505  09/10/2022 000-03972855  09/10/2022 000-03973527  09/10/2022 000-04019123  09/10/2022 000-03752884  06/21/2022 000-03777061  06/21/2022 000-03782191  06/21/2022 000-03940745  09/10/2022 000-03965451  09/10/2022 000-03995206  09/10/2022 000-04000839  09/10/2022 000-03900699  09/10/2022 000-03711973  06/11/2022 000-03833028  06/11/2022 000-03837942  06/11/2022 000-03905576  07/03/2022 000-03733017  07/03/2022 000-03820310  07/03/2022 000-03834205  07/03/2022 000-03849142  07/03/2022 000-03932055  09/20/2022 000-03981286  09/20/2022 000-03897728  07/03/2022 000-03905594  07/03/2022 000-03932054  09/20/2022 000-03985656  09/20/2022 000-03991212  09/20/2022 000-04002353  09/20/2022 000-04007648  09/20/2022 000-04033418  09/20/2022 000-04073082  09/20/2022 000-03755143  07/03/2022 000-03838412  07/03/2022 000-03909759  09/20/2022 000-04069731  09/20/2022 000-03599841  06/07/2022 000-03759869  06/26/2022 000-03825854  06/26/2022 000-03612942  06/07/2022 000-03654275  06/07/2022 000-03679393  06/07/2022 000-03740448  06/26/2022 000-03786001  06/26/2022 000-03857163  08/18/2022 000-03865984  06/26/2022 000-03901542  08/18/2022 000-03958399  08/18/2022 000-03958410  08/18/2022 000-03612943  06/07/2022 000-03676362  06/07/2022 000-03693917  06/07/2022 000-03696778  06/26/2022 000-03771342  06/26/2022 000-03773630  06/26/2022 000-03789444  06/26/2022 000-03865996  08/18/2022 000-03868824  08/18/2022 000-03890464  08/18/2022 000-03894779  08/18/2022 000-03937514  08/18/2022 000-03944507  08/18/2022 000-03667196  06/07/2022 000-03694611  06/07/2022 000-03713263  06/07/2022 000-03782757  06/26/2022 000-03957873  08/18/2022 000-03747236  06/21/2022 000-03806076  06/21/2022 000-03809852  06/21/2022 000-03909771  08/16/2022 000-03700644  06/21/2022 000-03704869  06/21/2022 000-03722495  06/21/2022 000-03722745  06/21/2022 000-03726751  06/21/2022 000-03731823  06/21/2022 000-03731827  06/21/2022 000-03731828  06/21/2022 000-03733025  06/21/2022 000-03733735  06/21/2022 000-03735800  06/21/2022 000-03755312  06/21/2022 000-03758473  06/21/2022 000-03758474  06/21/2022 000-03764969  06/21/2022 000-03764976  06/21/2022 000-03770370  06/21/2022 000-03773389  06/21/2022 000-03776988  06/21/2022 000-03778525  06/21/2022 000-03779740  06/21/2022 000-03782388  06/21/2022 000-03800690  06/21/2022 000-03815155  06/21/2022 000-03816080  08/16/2022 000-03816082  08/16/2022 000-03819495  08/16/2022 000-03829051  08/16/2022 000-03829053  08/16/2022 000-03829487  08/16/2022 000-03834217  08/16/2022 000-03840940  08/16/2022 000-03843740  08/16/2022 000-03848340  08/16/2022 000-03854321  08/16/2022 000-03858796  08/16/2022 000-03868533  08/16/2022 000-03885228  08/16/2022 000-03889947  08/16/2022 000-03889953  08/16/2022 000-03893116  08/16/2022 000-03893118  08/16/2022 000-03902275  08/16/2022 000-03902877  08/16/2022 000-03909757  08/16/2022 000-03916665  08/16/2022 000-03918299  08/16/2022 000-03930270  08/16/2022 000-03932060  08/16/2022 000-03704870  06/21/2022 000-03747229  06/21/2022 000-03779542  06/21/2022 000-03816368  08/16/2022 000-03902286  08/16/2022 000-03755321  06/21/2022 000-03779737  06/21/2022 000-03922884  08/16/2022 000-03689377  06/21/2022 000-03690642  06/21/2022 000-03694164  06/21/2022 000-03700651  06/21/2022 000-03704867  06/21/2022 000-03722663  06/21/2022 000-03722756  06/21/2022 000-03726749  06/21/2022 000-03726755  06/21/2022 000-03734412  06/21/2022 000-03747238  06/21/2022 000-03753708  06/21/2022 000-03755314  06/21/2022 000-03776992  06/21/2022 000-03782394  06/21/2022 000-03786256  06/21/2022 000-03801126  06/21/2022 000-03801214  06/21/2022 000-03812375  06/21/2022 000-03836488  08/16/2022 000-03840949  08/16/2022 000-03845491  08/16/2022 000-03858797  08/16/2022 000-03886924  08/16/2022 000-03893112  08/16/2022 000-03900185  08/16/2022 000-03914761  08/16/2022 000-03914763  08/16/2022 000-03918301  08/16/2022 000-03922002  08/16/2022 000-03932059  08/16/2022 000-03704862  06/21/2022 000-03789512  06/21/2022 000-03825828  06/21/2022 000-03834156  08/16/2022 000-03700654  06/21/2022 000-03722498  06/21/2022 000-03727896  06/21/2022 000-03733021  06/21/2022 000-03743679  06/21/2022 000-03758479  06/21/2022 000-03773396  06/21/2022 000-03795650  06/21/2022 000-03800012  06/21/2022 000-03821705  08/16/2022 000-03825205  08/16/2022 000-03829771  08/16/2022 000-03870705  08/16/2022 000-03872878  08/16/2022 000-03883816  08/16/2022 000-03888304  08/16/2022 000-03909760  08/16/2022 000-03922005  08/16/2022 000-03782393  06/21/2022 000-03785723  06/21/2022 000-03883814  08/16/2022 000-03916672  08/16/2022 000-03689380  06/21/2022 000-03711295  06/21/2022 000-03747225  06/21/2022 000-03758471  06/21/2022 000-03785728  06/21/2022 000-03805902  06/21/2022 000-03813590  06/21/2022 000-03816085  08/16/2022 000-03821689  08/16/2022 000-03836889  08/16/2022 000-03869074  08/16/2022 000-03872512  08/16/2022 000-03874475  08/16/2022 000-03878350  08/16/2022 000-03885232  08/16/2022 000-03899184  08/16/2022 000-03932064  08/16/2022 000-03704866  06/21/2022 000-03726746  06/21/2022 000-03738117  06/21/2022 000-03777379  06/21/2022 000-03836884  08/16/2022 000-03840941  08/16/2022 000-03840950  08/16/2022 000-03937519  08/16/2022 000-03680539  06/11/2022 000-03711606  06/11/2022 000-03893269  08/29/2022 000-03697048  06/11/2022 000-03769211  06/11/2022 000-03870054  08/29/2022 000-03907299  08/29/2022 000-03690088  06/26/2022 000-03722494  06/26/2022 000-03816074  07/24/2022 000-03820654  07/24/2022 000-03865803  07/24/2022 000-03883005  07/24/2022 000-03909758  07/24/2022 000-03995410  09/23/2022 000-03690089  06/26/2022 000-03704855  06/26/2022 000-03714716  06/26/2022 000-03714723  06/26/2022 000-03762613  06/26/2022 000-03768924  06/26/2022 000-03778210  07/24/2022 000-03789213  07/24/2022 000-03881335  07/24/2022 000-03918292  09/23/2022 000-03990882  09/23/2022 000-04002438  09/23/2022 000-04002446  09/23/2022 000-04010210  09/23/2022 000-04069671  09/23/2022 000-03704848  06/26/2022 000-03712829  06/26/2022 000-03713193  06/26/2022 000-03717614  06/26/2022 000-03722694  06/26/2022 000-03771891  07/24/2022 000-03800716  07/24/2022 000-03823255  07/24/2022 000-03834141  07/24/2022 000-03851190  07/24/2022 000-03856912  07/24/2022 000-03981285  09/23/2022 000-03991223  09/23/2022 000-03995406  09/23/2022 000-04015316  09/23/2022 000-04038705  09/23/2022 000-03690099  06/26/2022 000-03841821  07/24/2022 000-03848642  07/24/2022 000-03856923  07/24/2022 000-03927960  09/23/2022 000-03936630  09/23/2022 000-03702847  06/26/2022 000-03704851  06/26/2022 000-03713178  06/26/2022 000-03714713  06/26/2022 000-03741634  06/26/2022 000-03748561  06/26/2022 000-03755128  06/26/2022 000-03762616  06/26/2022 000-03771329  06/26/2022 000-03772710  06/26/2022 000-03789220  07/24/2022 000-03795646  07/24/2022 000-03802078  07/24/2022 000-03814323  07/24/2022 000-03818688  07/24/2022 000-03821650  07/24/2022 000-03848647  07/24/2022 000-03858783  07/24/2022 000-03896411  07/24/2022 000-03906021  07/24/2022 000-03918294  09/23/2022 000-03918303  09/23/2022 000-03921488  09/23/2022 000-03946473  09/23/2022 000-03954510  09/23/2022 000-03979098  09/23/2022 000-03979100  09/23/2022 000-04019203  09/23/2022 000-04027759  09/23/2022 000-04069740  09/23/2022 000-03690090  06/26/2022 000-03696805  06/26/2022 000-03704858  06/26/2022 000-03705219  06/26/2022 000-03705220  06/26/2022 000-03709428  06/26/2022 000-03709464  06/26/2022 000-03712834  06/26/2022 000-03713185  06/26/2022 000-03722742  06/26/2022 000-03722747  06/26/2022 000-03722751  06/26/2022 000-03727888  06/26/2022 000-03755122  06/26/2022 000-03755134  06/26/2022 000-03762619  06/26/2022 000-03768928  06/26/2022 000-03768932  06/26/2022 000-03778202  07/24/2022 000-03778208  07/24/2022 000-03792098  07/24/2022 000-03797208  07/24/2022 000-03803816  07/24/2022 000-03816078  07/24/2022 000-03816079  07/24/2022 000-03823256  07/24/2022 000-03826458  07/24/2022 000-03835537  07/24/2022 000-03841816  07/24/2022 000-03845037  07/24/2022 000-03849165  07/24/2022 000-03859565  07/24/2022 000-03865982  07/24/2022 000-03870709  07/24/2022 000-03882590  07/24/2022 000-03885225  07/24/2022 000-03885230  07/24/2022 000-03888299  07/24/2022 000-03888303  07/24/2022 000-03909763  07/24/2022 000-03918295  09/23/2022 000-03938692  09/23/2022 000-03940725  09/23/2022 000-03940739  09/23/2022 000-03947763  09/23/2022 000-03961553  09/23/2022 000-03965190  09/23/2022 000-03965450  09/23/2022 000-03970062  09/23/2022 000-03974332  09/23/2022 000-03976960  09/23/2022 000-04010198  09/23/2022 000-04019920  09/23/2022 000-04020345  09/23/2022 000-04027760  09/23/2022 000-04038695  09/23/2022 000-04038696  09/23/2022 000-04057988  09/23/2022 000-04058001  09/23/2022 000-04058002  09/23/2022 000-04069734  09/23/2022 000-04072323  09/23/2022 000-04072968  09/23/2022 000-04072970  09/23/2022 000-03747941  06/26/2022 000-03777363  07/24/2022 000-03858782  07/24/2022 000-04038707  09/23/2022 000-03704857  06/26/2022 000-03714714  06/26/2022 000-03736410  06/26/2022 000-03747926  06/26/2022 000-03768922  06/26/2022 000-03777375  07/24/2022 000-03799119  07/24/2022 000-03838686  07/24/2022 000-03845046  07/24/2022 000-03896414  07/24/2022 000-03909773  07/24/2022 000-03938694  09/23/2022 000-04010197  09/23/2022 000-04024842  09/23/2022 000-04027761  09/23/2022 000-04072960  09/23/2022 000-03678168  06/26/2022 000-03696762  06/26/2022 000-03709125  06/26/2022 000-03717607  06/26/2022 000-03733019  07/24/2022 000-03740187  06/26/2022 000-03768927  06/26/2022 000-03772188  06/26/2022 000-03772713  06/26/2022 000-03789360  07/24/2022 000-03814318  07/24/2022 000-03818685  07/24/2022 000-03820661  07/24/2022 000-03823235  07/24/2022 000-03834198  07/24/2022 000-03876252  07/24/2022 000-03878351  07/24/2022 000-03885227  07/24/2022 000-03888306  07/24/2022 000-03896401  07/24/2022 000-03896404  07/24/2022 000-03904200  07/24/2022 000-03909762  09/23/2022 000-03930651  09/23/2022 000-03954386  09/23/2022 000-03960582  09/23/2022 000-03971917  09/23/2022 000-03979094  09/23/2022 000-03979114  09/23/2022 000-03981290  09/23/2022 000-03995272  09/23/2022 000-04002445  09/23/2022 000-04019220  09/23/2022 000-04043619  09/23/2022 000-04043630  09/23/2022 000-04043636  09/23/2022 000-04053632  09/23/2022 000-04061325  09/23/2022 000-04066915  09/23/2022 000-03712831  06/26/2022 000-03835530  07/24/2022 000-03896402  07/24/2022 000-03961965  09/23/2022 000-03985016  09/23/2022 000-04053639  09/23/2022 000-03678166  06/26/2022 000-03690097  06/26/2022 000-03690100  06/26/2022 000-03696887  06/26/2022 000-03712830  06/26/2022 000-03740184  06/26/2022 000-03746511  06/26/2022 000-03747927  06/26/2022 000-03747934  06/26/2022 000-03747939  06/26/2022 000-03752549  06/26/2022 000-03762610  06/26/2022 000-03768925  06/26/2022 000-03768926  06/26/2022 000-03768931  06/26/2022 000-03771889  07/24/2022 000-03777055  06/26/2022 000-03777068  07/24/2022 000-03795636  07/24/2022 000-03795979  07/24/2022 000-03800616  07/24/2022 000-03800617  07/24/2022 000-03807382  07/24/2022 000-03816071  07/24/2022 000-03818693  07/24/2022 000-03820650  07/24/2022 000-03826750  07/24/2022 000-03829482  07/24/2022 000-03841826  07/24/2022 000-03858780  07/24/2022 000-03858781  07/24/2022 000-03876260  07/24/2022 000-03896406  07/24/2022 000-03896410  07/24/2022 000-03909765  07/24/2022 000-03916835  09/23/2022 000-03918293  09/23/2022 000-03921489  09/23/2022 000-03927964  09/23/2022 000-03936637  09/23/2022 000-03946744  09/23/2022 000-03961975  09/23/2022 000-03968714  09/23/2022 000-03972477  09/23/2022 000-03974613  09/23/2022 000-03985188  09/23/2022 000-04002444  09/23/2022 000-04002447  09/23/2022 000-04010214  09/23/2022 000-04013968  09/23/2022 000-04033416  09/23/2022 000-04050859  09/23/2022 000-04060539  09/23/2022 000-04064053  09/23/2022 000-03762592  06/26/2022 000-04035134  09/23/2022 000-04043617  09/23/2022 000-03733020  07/24/2022 000-03845036  07/24/2022 000-03875048  08/29/2022 000-03742185  06/11/2022 000-03878761  08/29/2022 000-03885158  08/29/2022 000-03792756  06/11/2022 000-03732772  06/21/2022 000-03734414  06/21/2022 000-03734415  06/21/2022 000-03782371  06/21/2022 000-03819519  06/21/2022 000-03825210  06/21/2022 000-03849131  08/18/2022 000-03878295  08/18/2022 000-03889948  08/18/2022 000-03925812  08/18/2022 000-03937254  08/18/2022 000-03954606  08/18/2022 000-03954608  08/18/2022 000-03702893  06/21/2022 000-03721611  06/21/2022 000-03761824  06/21/2022 000-03765399  06/21/2022 000-03806063  06/21/2022 000-03844989  08/18/2022 000-03865534  08/18/2022 000-03873957  08/18/2022 000-03883312  08/18/2022 000-03888307  08/18/2022 000-03923207  08/18/2022 000-03970414  08/18/2022 000-03696045  06/21/2022 000-03707958  06/21/2022 000-03716849  06/21/2022 000-03721616  06/21/2022 000-03726886  06/21/2022 000-03755332  06/21/2022 000-03761829  06/21/2022 000-03775193  06/21/2022 000-03828404  08/18/2022 000-03832446  08/18/2022 000-03840959  08/18/2022 000-03840960  08/18/2022 000-03840961  08/18/2022 000-03841095  08/18/2022 000-03841096  08/18/2022 000-03851636  08/18/2022 000-03866863  08/18/2022 000-03870642  08/18/2022 000-03878292  08/18/2022 000-03888301  08/18/2022 000-03892440  08/18/2022 000-03896428  08/18/2022 000-03911953  08/18/2022 000-03920146  08/18/2022 000-03928919  08/18/2022 000-03944509  08/18/2022 000-03715863  06/21/2022 000-03738679  06/21/2022 000-03750281  06/21/2022 000-03768491  06/21/2022 000-03799129  06/21/2022 000-03810617  06/21/2022 000-03882323  08/18/2022 000-03770163  06/21/2022 000-03804826  06/21/2022 000-03805529  06/21/2022 000-03829471  08/18/2022 000-03911948  08/18/2022 000-03923205  08/18/2022 000-03949159  08/18/2022 000-03702346  06/21/2022 000-03721612  06/21/2022 000-03755335  06/21/2022 000-03771877  06/21/2022 000-03782370  06/21/2022 000-03785808  06/21/2022 000-03816055  06/21/2022 000-03830940  08/18/2022 000-03871797  08/18/2022 000-03871799  08/18/2022 000-03871803  08/18/2022 000-03877076  08/18/2022 000-03892001  08/18/2022 000-03892002  08/18/2022 000-03920147  08/18/2022 000-03935680  08/18/2022 000-03943586  08/18/2022 000-03696049  06/21/2022 000-03707967  06/21/2022 000-03726873  06/21/2022 000-03731942  06/21/2022 000-03735633  06/21/2022 000-03738673  06/21/2022 000-03750275  06/21/2022 000-03764308  06/21/2022 000-03764314  06/21/2022 000-03772228  06/21/2022 000-03785803  06/21/2022 000-03785806  06/21/2022 000-03785809  06/21/2022 000-03789355  06/21/2022 000-03791246  06/21/2022 000-03794901  06/21/2022 000-03802298  06/21/2022 000-03803126  06/21/2022 000-03807378  06/21/2022 000-03809040  06/21/2022 000-03809043  06/21/2022 000-03817537  06/21/2022 000-03820519  06/21/2022 000-03839533  08/18/2022 000-03848341  08/18/2022 000-03848344  08/18/2022 000-03860016  08/18/2022 000-03860025  08/18/2022 000-03862598  08/18/2022 000-03866859  08/18/2022 000-03870644  08/18/2022 000-03876307  08/18/2022 000-03879194  08/18/2022 000-03883818  08/18/2022 000-03892171  08/18/2022 000-03892439  08/18/2022 000-03895642  08/18/2022 000-03896420  08/18/2022 000-03911958  08/18/2022 000-03916670  08/18/2022 000-03920153  08/18/2022 000-03938161  08/18/2022 000-03941542  08/18/2022 000-03946973  08/18/2022 000-03949164  08/18/2022 000-03964210  08/18/2022 000-03721618  06/21/2022 000-03734417  06/21/2022 000-03740230  06/21/2022 000-03740238  06/21/2022 000-03892431  08/18/2022 000-03916668  08/18/2022 000-03937257  08/18/2022 000-03959995  08/18/2022 000-00832358  07/02/2017 000-03702826  06/21/2022 000-03705234  06/21/2022 000-03707960  06/21/2022 000-03707968  06/21/2022 000-03711188  06/21/2022 000-03711223  06/21/2022 000-03711233  06/21/2022 000-03714593  06/21/2022 000-03714594  06/21/2022 000-03714598  06/21/2022 000-03721607  06/21/2022 000-03721609  06/21/2022 000-03721615  06/21/2022 000-03721620  06/21/2022 000-03721625  06/21/2022 000-03725666  06/21/2022 000-03725671  06/21/2022 000-03726872  06/21/2022 000-03726878  06/21/2022 000-03727922  06/21/2022 000-03731938  06/21/2022 000-03733027  06/21/2022 000-03746534  06/21/2022 000-03761823  06/21/2022 000-03768492  06/21/2022 000-03770155  06/21/2022 000-03770156  06/21/2022 000-03770166  06/21/2022 000-03773861  06/21/2022 000-03773866  06/21/2022 000-03777113  06/21/2022 000-03778850  06/21/2022 000-03782361  06/21/2022 000-03785805  06/21/2022 000-03785810  06/21/2022 000-03792445  06/21/2022 000-03793357  06/21/2022 000-03798503  06/21/2022 000-03800021  06/21/2022 000-03808526  06/21/2022 000-03808625  06/21/2022 000-03816069  06/21/2022 000-03817542  06/21/2022 000-03819524  06/21/2022 000-03826451  08/18/2022 000-03828403  08/18/2022 000-03829476  08/18/2022 000-03830952  08/18/2022 000-03831344  08/18/2022 000-03834187  08/18/2022 000-03835533  08/18/2022 000-03839541  08/18/2022 000-03844979  08/18/2022 000-03849132  08/18/2022 000-03849138  08/18/2022 000-03853317  08/18/2022 000-03853321  08/18/2022 000-03857882  08/18/2022 000-03860017  08/18/2022 000-03860019  08/18/2022 000-03860027  08/18/2022 000-03860772  08/18/2022 000-03863835  08/18/2022 000-03872028  08/18/2022 000-03872032  08/18/2022 000-03873960  08/18/2022 000-03877082  08/18/2022 000-03878294  08/18/2022 000-03881807  08/18/2022 000-03882937  08/18/2022 000-03884694  08/18/2022 000-03889951  08/18/2022 000-03900388  08/18/2022 000-03905798  08/18/2022 000-03916662  08/18/2022 000-03916675  08/18/2022 000-03920149  08/18/2022 000-03923199  08/18/2022 000-03925800  08/18/2022 000-03925801  08/18/2022 000-03925814  08/18/2022 000-03928912  08/18/2022 000-03928914  08/18/2022 000-03928915  08/18/2022 000-03931955  08/18/2022 000-03931965  08/18/2022 000-03932966  08/18/2022 000-03932971  08/18/2022 000-03935674  08/18/2022 000-03937253  08/18/2022 000-03937256  08/18/2022 000-03938163  08/18/2022 000-03939543  08/18/2022 000-03939655  08/18/2022 000-03940742  08/18/2022 000-03947771  08/18/2022 000-03949163  08/18/2022 000-03961981  08/18/2022 000-03963070  08/18/2022 000-03964216  08/18/2022 000-03726887  06/21/2022 000-03736569  06/21/2022 000-03748887  06/21/2022 000-03752218  06/21/2022 000-03775199  06/21/2022 000-03782363  06/21/2022 000-03798700  06/21/2022 000-03817530  06/21/2022 000-03822853  06/21/2022 000-03825204  06/21/2022 000-03831349  08/18/2022 000-03836911  08/18/2022 000-03844984  08/18/2022 000-03870646  08/18/2022 000-03931961  08/18/2022 000-03939487  08/18/2022 000-03732780  06/21/2022 000-03734418  06/21/2022 000-03862593  08/18/2022 000-03705239  06/21/2022 000-03711225  06/21/2022 000-03778834  06/21/2022 000-03791240  06/21/2022 000-03835538  08/18/2022 000-03871789  08/18/2022 000-03697953  06/21/2022 000-03698495  06/21/2022 000-03702842  06/21/2022 000-03707959  06/21/2022 000-03711220  06/21/2022 000-03711221  06/21/2022 000-03711226  06/21/2022 000-03711227  06/21/2022 000-03716854  06/21/2022 000-03717595  06/21/2022 000-03717598  06/21/2022 000-03726877  06/21/2022 000-03729374  06/21/2022 000-03731948  06/21/2022 000-03748879  06/21/2022 000-03755327  06/21/2022 000-03755328  06/21/2022 000-03755334  06/21/2022 000-03761830  06/21/2022 000-03764310  06/21/2022 000-03768489  06/21/2022 000-03770157  06/21/2022 000-03770159  06/21/2022 000-03770164  06/21/2022 000-03778847  06/21/2022 000-03782364  06/21/2022 000-03785802  06/21/2022 000-03785804  06/21/2022 000-03792544  06/21/2022 000-03803774  06/21/2022 000-03808659  06/21/2022 000-03808691  06/21/2022 000-03812759  06/21/2022 000-03812768  06/21/2022 000-03814319  06/21/2022 000-03817540  06/21/2022 000-03822858  06/21/2022 000-03825831  08/18/2022 000-03827628  06/21/2022 000-03832449  06/21/2022 000-03834195  06/21/2022 000-03836913  08/18/2022 000-03840964  08/18/2022 000-03841103  08/18/2022 000-03843780  08/18/2022 000-03844980  08/18/2022 000-03844991  08/18/2022 000-03848343  08/18/2022 000-03860018  08/18/2022 000-03860023  08/18/2022 000-03860034  08/18/2022 000-03862586  08/18/2022 000-03866860  08/18/2022 000-03870645  08/18/2022 000-03872048  08/18/2022 000-03876312  08/18/2022 000-03879186  08/18/2022 000-03880608  08/18/2022 000-03883817  08/18/2022 000-03884423  08/18/2022 000-03884700  08/18/2022 000-03891331  08/18/2022 000-03892442  08/18/2022 000-03896425  08/18/2022 000-03900395  08/18/2022 000-03905784  08/18/2022 000-03913515  08/18/2022 000-03913518  08/18/2022 000-03916660  08/18/2022 000-03920145  08/18/2022 000-03920148  08/18/2022 000-03920779  08/18/2022 000-03925811  08/18/2022 000-03930275  08/18/2022 000-03937248  08/18/2022 000-03937255  08/18/2022 000-03937262  08/18/2022 000-03937925  08/18/2022 000-03938153  08/18/2022 000-03946468  08/18/2022 000-03949162  08/18/2022 000-03960579  08/18/2022 000-03969298  08/18/2022 000-03711222  06/21/2022 000-03714597  06/21/2022 000-03716843  06/21/2022 000-03722680  06/21/2022 000-03729382  06/21/2022 000-03755329  06/21/2022 000-03768487  06/21/2022 000-03768490  06/21/2022 000-03788989  06/21/2022 000-03789921  06/21/2022 000-03827926  06/21/2022 000-03843782  08/18/2022 000-03860770  08/18/2022 000-03888297  08/18/2022 000-03937263  08/18/2022 000-03946977  08/18/2022 000-03954511  08/18/2022 000-03966162  08/18/2022 000-03696046  06/21/2022 000-03702778  06/21/2022 000-03705230  06/21/2022 000-03705238  06/21/2022 000-03707957  06/21/2022 000-03707963  06/21/2022 000-03707965  06/21/2022 000-03709465  06/21/2022 000-03714602  06/21/2022 000-03716852  06/21/2022 000-03721606  06/21/2022 000-03721608  06/21/2022 000-03721614  06/21/2022 000-03721617  06/21/2022 000-03721622  06/21/2022 000-03727918  06/21/2022 000-03731936  06/21/2022 000-03735888  06/21/2022 000-03748881  06/21/2022 000-03750278  06/21/2022 000-03750282  06/21/2022 000-03752221  06/21/2022 000-03755326  06/21/2022 000-03770161  06/21/2022 000-03775194  06/21/2022 000-03777156  06/21/2022 000-03782368  06/21/2022 000-03785801  06/21/2022 000-03794076  06/21/2022 000-03795642  06/21/2022 000-03795648  06/21/2022 000-03795835  06/21/2022 000-03796416  06/21/2022 000-03797114  06/21/2022 000-03800725  06/21/2022 000-03829683  08/18/2022 000-03831339  08/18/2022 000-03848338  08/18/2022 000-03849137  08/18/2022 000-03853320  08/18/2022 000-03860021  08/18/2022 000-03862589  08/18/2022 000-03863836  08/18/2022 000-03865994  08/18/2022 000-03867873  08/18/2022 000-03872031  08/18/2022 000-03872051  08/18/2022 000-03882938  08/18/2022 000-03883011  08/18/2022 000-03884697  08/18/2022 000-03886933  08/18/2022 000-03892011  08/18/2022 000-03892428  08/18/2022 000-03892441  08/18/2022 000-03900394  08/18/2022 000-03909767  08/18/2022 000-03911945  08/18/2022 000-03913517  08/18/2022 000-03916666  08/18/2022 000-03920151  08/18/2022 000-03925809  08/18/2022 000-03930274  08/18/2022 000-03932967  08/18/2022 000-03932970  08/18/2022 000-03937259  08/18/2022 000-03937260  08/18/2022 000-03943573  08/18/2022 000-03943574  08/18/2022 000-03944523  08/18/2022 000-03947770  08/18/2022 000-03947772  08/18/2022 000-03949161  08/18/2022 000-03954434  08/18/2022 000-03964218  08/18/2022 000-03716848  06/21/2022 000-03721624  06/21/2022 000-03738677  06/21/2022 000-03748882  06/21/2022 000-03755330  06/21/2022 000-03755331  06/21/2022 000-03768493  06/21/2022 000-03800635  06/21/2022 000-03802034  06/21/2022 000-03803055  06/21/2022 000-03817515  06/21/2022 000-03824781  06/21/2022 000-03873922  08/18/2022 000-03878297  08/18/2022 000-03884425  08/18/2022 000-03935678  08/18/2022 000-03692736  06/11/2022 000-03823154  06/11/2022 000-03898897  08/29/2022 000-03710476  06/11/2022 000-03748530  06/11/2022 000-03898894  08/29/2022 000-03708378  06/11/2022 000-03767144  06/11/2022 000-03810145  06/11/2022 000-03814165  06/11/2022 000-03676453  06/11/2022 000-03708379  06/11/2022 000-03773566  06/11/2022 000-03898892  08/29/2022 000-03904089  08/29/2022 000-03740587  06/11/2022 000-03912063  08/29/2022 000-03825690  06/11/2022 000-03722228  06/11/2022 000-03838016  08/07/2022 000-03859980  08/07/2022 000-03925224  09/30/2022 000-03879244  07/04/2022 000-03977995  09/10/2022 000-03746538  07/04/2022 000-03757715  07/04/2022 000-03814321  07/04/2022 000-03867864  07/04/2022 000-03918928  09/10/2022 000-03954432  09/10/2022 000-03964213  09/10/2022 000-03991888  09/10/2022 000-04050863  09/10/2022 000-03913513  09/10/2022 000-03751451  07/04/2022 000-03816571  07/04/2022 000-03845748  07/04/2022 000-03849130  07/04/2022 000-03883989  09/10/2022 000-03899448  09/10/2022 000-03918934  09/10/2022 000-03958869  09/10/2022 000-04013784  09/10/2022 000-03927180  09/10/2022 000-03949160  09/10/2022 000-03621059  06/13/2022 000-03739824  07/28/2022 000-03823750  08/29/2022 000-03616426  06/12/2022 000-03623634  06/14/2022 000-03781319  07/28/2022 000-03813334  08/24/2022 000-03716285  07/19/2022 000-03591730  06/03/2022 000-03600326  06/06/2022 000-03632926  06/18/2022 000-03698992  07/13/2022 000-03816691  08/18/2022 000-03790000  07/28/2022 000-03806560  08/22/2022 000-03777851  07/28/2022 000-03863040  09/12/2022 000-03904087  09/27/2022 000-03638802  06/20/2022 000-03650292  06/25/2022 000-03782354  07/28/2022 000-03782532  07/18/2022 000-03767146  08/08/2022 000-03769205  08/08/2022 000-03875038  09/17/2022 000-03891394  09/24/2022 000-03697001  07/12/2022 000-03823178  08/29/2022 000-03683221  07/09/2022 000-03784797  08/14/2022 000-03836126  09/03/2022 000-03833009  09/01/2022 000-03783270  07/25/2022 000-03881596  07/25/2022 000-03918278  07/25/2022 000-03820343  07/25/2022 000-03748562  07/12/2022 000-03773493  07/25/2022 000-03866125  07/25/2022 000-03895463  07/25/2022 000-03909814  07/25/2022 000-03838695  07/25/2022 000-03753709  07/25/2022 000-03766675  07/25/2022 000-03807873  07/25/2022 000-03865788  07/25/2022 000-03899511  07/25/2022 000-03915041  07/25/2022 000-03713480  07/12/2022 000-03748583  07/12/2022 000-03864347  07/12/2022 000-03865792  07/25/2022 000-03897781  07/25/2022 000-03929465  07/25/2022 000-03729297  07/12/2022 000-03782755  07/25/2022 000-03674489  06/24/2022 000-03696074  06/24/2022 000-03696443  06/24/2022 000-03702118  06/24/2022 000-03702126  06/24/2022 000-03702149  06/24/2022 000-03704536  06/24/2022 000-03709193  06/24/2022 000-03709385  06/24/2022 000-03712727  06/24/2022 000-03717610  06/24/2022 000-03721952  06/24/2022 000-03725101  06/26/2022 000-03726903  06/26/2022 000-03726904  06/26/2022 000-03747869  06/26/2022 ","000-03751548  06/26/2022 000-03754669  06/26/2022 000-03764298  06/26/2022 000-03768864  06/26/2022 000-03771858  06/26/2022 000-03774532  07/25/2022 000-03782671  07/25/2022 000-03785718  07/25/2022 000-03792030  07/25/2022 000-03793511  07/25/2022 000-03794995  07/25/2022 000-03800145  07/25/2022 000-03809392  07/25/2022 000-03812120  07/25/2022 000-03819020  07/25/2022 000-03820514  07/25/2022 000-03821638  07/25/2022 000-03827747  08/27/2022 000-03834222  08/27/2022 000-03841825  08/27/2022 000-03845498  08/27/2022 000-03845809  08/27/2022 000-03847800  08/27/2022 000-03859127  08/27/2022 000-03859561  08/27/2022 000-03862426  08/27/2022 000-03863256  08/27/2022 000-03870655  08/27/2022 000-03874208  08/27/2022 000-03876258  08/27/2022 000-03883885  09/11/2022 000-03890404  09/11/2022 000-03898537  09/11/2022 000-03899713  09/11/2022 000-03899717  09/11/2022 000-03900063  09/11/2022 000-03906718  09/11/2022 000-03912655  09/11/2022 000-03912803  09/11/2022 000-03912807  09/11/2022 000-03914771  09/11/2022 000-03918282  09/11/2022 000-03920380  09/11/2022 000-03925956  09/11/2022 000-03930361  09/11/2022 000-03931642  09/11/2022 000-03933422  09/11/2022 000-03935530  09/28/2022 000-03935536  09/28/2022 000-03938165  09/11/2022 000-03938437  09/28/2022 000-03944503  09/28/2022 000-03949150  09/28/2022 000-03949155  09/28/2022 000-03952783  09/28/2022 000-03952788  09/28/2022 000-03956122  09/28/2022 000-03961976  09/28/2022 000-03965003  09/28/2022 000-03968896  09/28/2022 000-03975609  09/28/2022 000-03981276  09/28/2022 000-03984946  09/28/2022 000-03990912  09/28/2022 000-03992030  09/28/2022 000-03992039  09/28/2022 000-04001890  09/28/2022 000-04002475  09/28/2022 000-03674072  06/24/2022 000-03682168  06/24/2022 000-03682179  06/24/2022 000-03682597  06/24/2022 000-03682599  06/24/2022 000-03686489  06/24/2022 000-03690071  06/24/2022 000-03690110  06/24/2022 000-03693643  06/24/2022 000-03696071  06/24/2022 000-03696094  06/24/2022 000-03705208  06/24/2022 000-03709174  06/24/2022 000-03709386  06/24/2022 000-03714054  06/24/2022 000-03721430  06/24/2022 000-03721956  06/24/2022 000-03721965  06/24/2022 000-03725096  06/26/2022 000-03727360  06/26/2022 000-03730691  06/26/2022 000-03731490  06/26/2022 000-03731509  06/26/2022 000-03734425  06/26/2022 000-03736863  06/26/2022 000-03738709  06/26/2022 000-03747154  06/26/2022 000-03747159  06/26/2022 000-03747932  06/26/2022 000-03747937  06/26/2022 000-03750248  06/26/2022 000-03751551  06/26/2022 000-03755323  06/26/2022 000-03762549  06/26/2022 000-03762550  06/26/2022 000-03762980  06/26/2022 000-03768868  06/26/2022 000-03768909  06/26/2022 000-03770566  06/26/2022 000-03771856  06/26/2022 000-03773908  07/25/2022 000-03777999  07/25/2022 000-03778992  07/25/2022 000-03781588  07/25/2022 000-03784555  07/25/2022 000-03784557  07/25/2022 000-03786601  07/25/2022 000-03787523  07/25/2022 000-03787527  07/25/2022 000-03790384  07/25/2022 000-03792763  07/25/2022 000-03793370  07/25/2022 000-03800718  07/25/2022 000-03802053  07/25/2022 000-03807442  07/25/2022 000-03816574  07/25/2022 000-03817466  07/25/2022 000-03819534  07/25/2022 000-03823017  07/25/2022 000-03823529  07/25/2022 000-03840787  08/27/2022 000-03844448  08/27/2022 000-03844451  08/27/2022 000-03862423  08/27/2022 000-03863544  08/27/2022 000-03870611  08/27/2022 000-03872954  08/27/2022 000-03877083  08/27/2022 000-03881299  08/27/2022 000-03886819  09/11/2022 000-03891988  09/11/2022 000-03892436  09/11/2022 000-03896363  09/11/2022 000-03896368  09/11/2022 000-03916859  09/11/2022 000-03918571  09/11/2022 000-03923950  09/11/2022 000-03931641  09/11/2022 000-03941317  09/28/2022 000-03942490  09/11/2022 000-03944502  09/28/2022 000-03946932  09/28/2022 000-03959580  09/28/2022 000-03962720  09/28/2022 000-03971530  09/28/2022 000-03973662  09/28/2022 000-03984944  09/28/2022 000-03992043  09/28/2022 000-04002470  09/28/2022 000-04007502  09/28/2022 000-04007505  09/28/2022 000-04007716  09/28/2022 000-03674125  06/24/2022 000-03678175  06/24/2022 000-03681082  06/24/2022 000-03689835  06/24/2022 000-03690080  06/24/2022 000-03690102  06/24/2022 000-03693618  06/24/2022 000-03693636  06/24/2022 000-03696070  06/24/2022 000-03696449  06/24/2022 000-03702104  06/24/2022 000-03702113  06/24/2022 000-03702133  06/24/2022 000-03702861  06/24/2022 000-03709188  06/24/2022 000-03709191  06/24/2022 000-03709224  06/24/2022 000-03717621  06/24/2022 000-03721950  06/24/2022 000-03724687  06/24/2022 000-03724750  06/26/2022 000-03724756  06/26/2022 000-03727359  06/26/2022 000-03730678  06/26/2022 000-03731491  06/26/2022 000-03731502  06/26/2022 000-03734424  06/26/2022 000-03735036  06/26/2022 000-03736147  06/26/2022 000-03736417  06/26/2022 000-03738885  06/26/2022 000-03742741  06/26/2022 000-03742786  06/26/2022 000-03747153  06/26/2022 000-03748709  06/26/2022 000-03749875  06/26/2022 000-03750511  06/26/2022 000-03750698  06/26/2022 000-03750903  06/26/2022 000-03751546  06/26/2022 000-03754043  06/26/2022 000-03754668  06/26/2022 000-03754671  06/26/2022 000-03754896  06/26/2022 000-03756565  06/26/2022 000-03763862  06/26/2022 000-03763863  06/26/2022 000-03763864  06/26/2022 000-03763869  06/26/2022 000-03764293  06/26/2022 000-03764939  06/26/2022 000-03767876  06/26/2022 000-03767880  06/26/2022 000-03768914  06/26/2022 000-03769129  06/26/2022 000-03770561  06/26/2022 000-03770564  06/26/2022 000-03770565  06/26/2022 000-03770567  06/26/2022 000-03771883  06/26/2022 000-03771894  07/25/2022 000-03775187  07/25/2022 000-03779000  07/25/2022 000-03779732  07/25/2022 000-03779738  07/25/2022 000-03782385  07/25/2022 000-03782390  07/25/2022 000-03784563  07/25/2022 000-03788983  07/25/2022 000-03794702  07/25/2022 000-03798391  07/25/2022 000-03798728  07/25/2022 000-03802038  07/25/2022 000-03805059  07/25/2022 000-03806061  07/25/2022 000-03806062  07/25/2022 000-03807089  07/25/2022 000-03807093  07/25/2022 000-03808651  07/25/2022 000-03812374  07/25/2022 000-03817463  07/25/2022 000-03818091  07/25/2022 000-03819021  07/25/2022 000-03819022  07/25/2022 000-03821210  07/25/2022 000-03824439  07/25/2022 000-03827721  08/27/2022 000-03829198  08/27/2022 000-03829772  08/27/2022 000-03832148  08/27/2022 000-03832452  08/27/2022 000-03834204  08/27/2022 000-03835362  08/27/2022 000-03836939  08/27/2022 000-03837253  08/27/2022 000-03840797  08/27/2022 000-03840823  08/27/2022 000-03841828  08/27/2022 000-03843768  08/27/2022 000-03847802  08/27/2022 000-03847803  08/27/2022 000-03851282  08/27/2022 000-03856152  08/27/2022 000-03856155  08/27/2022 000-03856363  08/27/2022 000-03856364  08/27/2022 000-03856422  08/27/2022 000-03856430  08/27/2022 000-03858950  08/27/2022 000-03859128  08/27/2022 000-03862376  08/27/2022 000-03862428  08/27/2022 000-03862431  08/27/2022 000-03862432  08/27/2022 000-03863260  08/27/2022 000-03866514  08/27/2022 000-03866629  08/27/2022 000-03866631  08/27/2022 000-03866632  08/27/2022 000-03873949  08/27/2022 000-03878771  08/27/2022 000-03879240  08/27/2022 000-03884427  09/11/2022 000-03884911  08/27/2022 000-03888704  09/11/2022 000-03889966  09/11/2022 000-03891937  09/11/2022 000-03891969  09/11/2022 000-03895726  09/11/2022 000-03895729  09/11/2022 000-03895733  09/11/2022 000-03898544  09/11/2022 000-03900214  09/11/2022 000-03906717  09/11/2022 000-03906720  09/11/2022 000-03909153  09/11/2022 000-03911937  09/11/2022 000-03922781  09/11/2022 000-03922782  09/11/2022 000-03923222  09/11/2022 000-03930351  09/11/2022 000-03931337  09/11/2022 000-03931347  09/11/2022 000-03931348  09/11/2022 000-03938154  09/11/2022 000-03941956  09/28/2022 000-03941957  09/28/2022 000-03944515  09/28/2022 000-03944520  09/28/2022 000-03945232  09/28/2022 000-03949153  09/28/2022 000-03949677  09/28/2022 000-03952790  09/28/2022 000-03953274  09/28/2022 000-03953317  09/28/2022 000-03953319  09/28/2022 000-03968902  09/28/2022 000-03970036  09/28/2022 000-03971525  09/28/2022 000-03976768  09/28/2022 000-03977442  09/28/2022 000-03978344  09/28/2022 000-03979096  09/28/2022 000-03979097  09/28/2022 000-03985533  09/28/2022 000-03990917  09/28/2022 000-03992028  09/28/2022 000-03992036  09/28/2022 000-03992046  09/28/2022 000-04000830  09/28/2022 000-04000836  09/28/2022 000-04000851  09/28/2022 000-04001893  09/28/2022 000-04004221  09/28/2022 000-04006108  09/28/2022 000-04006111  09/28/2022 000-04011994  09/28/2022 000-03696077  06/24/2022 000-03712836  06/24/2022 000-03715061  06/24/2022 000-03747175  06/26/2022 000-03778995  07/25/2022 000-03789224  07/25/2022 000-03792514  07/25/2022 000-03825861  07/25/2022 000-03856421  08/27/2022 000-03858952  08/27/2022 000-03896372  09/11/2022 000-03931339  09/11/2022 000-03960677  09/28/2022 000-04001888  09/28/2022 000-03721955  06/24/2022 000-03793987  07/25/2022 000-03854313  08/27/2022 000-03937647  09/11/2022 000-03674120  06/24/2022 000-03674132  06/24/2022 000-03682169  06/24/2022 000-03682176  06/24/2022 000-03682595  06/24/2022 000-03686311  06/24/2022 000-03689090  06/24/2022 000-03690078  06/24/2022 000-03690105  06/24/2022 000-03692009  06/24/2022 000-03693614  06/24/2022 000-03696062  06/24/2022 000-03696106  06/24/2022 000-03702109  06/24/2022 000-03703004  06/24/2022 000-03704500  06/24/2022 000-03704537  06/24/2022 000-03705201  06/24/2022 000-03705204  06/24/2022 000-03707988  06/24/2022 000-03709190  06/24/2022 000-03709223  06/24/2022 000-03712273  06/24/2022 000-03712393  06/24/2022 000-03712726  06/24/2022 000-03714745  06/24/2022 000-03715055  06/24/2022 000-03715056  06/24/2022 000-03721938  06/24/2022 000-03721959  06/24/2022 000-03721969  06/24/2022 000-03722863  06/24/2022 000-03722867  06/24/2022 000-03725093  06/26/2022 000-03725095  06/26/2022 000-03726905  06/26/2022 000-03726908  06/26/2022 000-03726910  06/26/2022 000-03727362  06/26/2022 000-03730687  06/26/2022 000-03731271  06/26/2022 000-03733034  06/26/2022 000-03735802  06/26/2022 000-03737691  06/26/2022 000-03740277  06/26/2022 000-03740279  06/26/2022 000-03740492  06/26/2022 000-03742735  06/26/2022 000-03747157  06/26/2022 000-03747174  06/26/2022 000-03747875  06/26/2022 000-03748716  06/26/2022 000-03750247  06/26/2022 000-03750253  06/26/2022 000-03750501  06/26/2022 000-03754039  06/26/2022 000-03760988  06/26/2022 000-03761214  06/26/2022 000-03763177  06/26/2022 000-03763861  06/26/2022 000-03764301  06/26/2022 000-03764943  06/26/2022 000-03767862  06/26/2022 000-03767863  06/26/2022 000-03767866  06/26/2022 000-03767883  06/26/2022 000-03768867  06/26/2022 000-03768912  06/26/2022 000-03770568  06/26/2022 000-03771322  07/25/2022 000-03771881  06/26/2022 000-03774053  07/25/2022 000-03775183  07/25/2022 000-03775184  07/25/2022 000-03777370  07/25/2022 000-03777412  07/25/2022 000-03778275  07/25/2022 000-03780313  07/25/2022 000-03784553  07/25/2022 000-03786602  07/25/2022 000-03788226  07/25/2022 000-03790382  07/25/2022 000-03792024  07/25/2022 000-03794081  07/25/2022 000-03794371  07/25/2022 000-03794996  07/25/2022 000-03795645  07/25/2022 000-03795981  07/25/2022 000-03796001  07/25/2022 000-03796414  07/25/2022 000-03797750  07/25/2022 000-03803050  07/25/2022 000-03803056  07/25/2022 000-03804595  07/25/2022 000-03809388  07/25/2022 000-03812118  07/25/2022 000-03815443  07/25/2022 000-03816019  07/25/2022 000-03816021  07/25/2022 000-03816026  07/25/2022 000-03816027  07/25/2022 000-03816029  07/25/2022 000-03821137  07/25/2022 000-03823013  07/25/2022 000-03824436  07/25/2022 000-03826454  07/25/2022 000-03828679  08/27/2022 000-03832448  08/27/2022 000-03835542  08/27/2022 000-03835548  08/27/2022 000-03835555  08/27/2022 000-03838003  08/27/2022 000-03840783  08/27/2022 000-03840786  08/27/2022 000-03844447  08/27/2022 000-03847274  08/27/2022 000-03847275  08/27/2022 000-03847801  08/27/2022 000-03848487  08/27/2022 000-03848488  08/27/2022 000-03848919  08/27/2022 000-03850859  08/27/2022 000-03854303  08/27/2022 000-03854311  08/27/2022 000-03854312  08/27/2022 000-03856119  08/27/2022 000-03856147  08/27/2022 000-03856361  08/27/2022 000-03858951  08/27/2022 000-03858955  08/27/2022 000-03863264  08/27/2022 000-03868583  08/27/2022 000-03870614  08/27/2022 000-03871814  08/27/2022 000-03872809  08/27/2022 000-03873953  08/27/2022 000-03878769  08/27/2022 000-03880729  08/27/2022 000-03886827  09/11/2022 000-03886831  09/11/2022 000-03889963  09/11/2022 000-03892021  09/11/2022 000-03895734  09/11/2022 000-03896037  09/11/2022 000-03899705  09/11/2022 000-03901144  09/11/2022 000-03902966  09/11/2022 000-03906709  09/11/2022 000-03909157  09/11/2022 000-03909176  09/11/2022 000-03909178  09/11/2022 000-03909179  09/11/2022 000-03909180  09/11/2022 000-03911930  09/11/2022 000-03912653  09/11/2022 000-03916854  09/11/2022 000-03918574  09/11/2022 000-03919339  09/11/2022 000-03919341  09/11/2022 000-03922778  09/11/2022 000-03922786  09/11/2022 000-03925947  09/11/2022 000-03930364  09/11/2022 000-03930366  09/11/2022 000-03931343  09/11/2022 000-03931555  09/11/2022 000-03934940  09/11/2022 000-03935511  09/28/2022 000-03935515  09/28/2022 000-03935517  09/28/2022 000-03935618  09/11/2022 000-03940737  09/11/2022 000-03944514  09/28/2022 000-03946931  09/28/2022 000-03946933  09/28/2022 000-03948930  09/28/2022 000-03949139  09/28/2022 000-03949141  09/28/2022 000-03949673  09/28/2022 000-03955969  09/28/2022 000-03964234  09/28/2022 000-03970047  09/28/2022 000-03972751  09/28/2022 000-03974429  09/28/2022 000-03974505  09/28/2022 000-03978342  09/28/2022 000-03979803  09/28/2022 000-03979804  09/28/2022 000-03983374  09/28/2022 000-03984948  09/28/2022 000-03987166  09/28/2022 000-03989956  09/28/2022 000-03990918  09/28/2022 000-03990932  09/28/2022 000-03992047  09/28/2022 000-04000688  09/28/2022 000-04000853  09/28/2022 000-04002466  09/28/2022 000-04002472  09/28/2022 000-04004214  09/28/2022 000-04004222  09/28/2022 000-04004270  09/28/2022 000-03676186  06/24/2022 000-03704291  06/24/2022 000-03717619  06/24/2022 000-03721972  06/24/2022 000-03730682  06/26/2022 000-03787083  07/25/2022 000-03801748  07/25/2022 000-03847278  08/27/2022 000-03862420  08/27/2022 000-03906722  09/11/2022 000-03942486  09/11/2022 000-04001881  09/28/2022 000-03722865  06/24/2022 000-03755313  06/26/2022 000-03787526  07/25/2022 000-03856427  08/27/2022 000-03945229  09/28/2022 000-03976786  09/28/2022 000-03682177  06/24/2022 000-03689351  06/24/2022 000-03693619  06/24/2022 000-03709173  06/24/2022 000-03721962  06/24/2022 000-03722866  06/24/2022 000-03724753  06/26/2022 000-03730684  06/26/2022 000-03741274  06/26/2022 000-03870638  08/27/2022 000-03992033  09/28/2022 000-03675780  06/24/2022 000-03676659  06/24/2022 000-03682175  06/24/2022 000-03682596  06/24/2022 000-03689724  06/24/2022 000-03691739  06/24/2022 000-03693616  06/24/2022 000-03693637  06/24/2022 000-03694290  06/24/2022 000-03696078  06/24/2022 000-03696079  06/24/2022 000-03696107  06/24/2022 000-03702101  06/24/2022 000-03702996  06/24/2022 000-03704566  06/24/2022 000-03708011  06/24/2022 000-03709171  06/24/2022 000-03712408  06/24/2022 000-03712729  06/24/2022 000-03712838  06/24/2022 000-03712843  06/24/2022 000-03715065  06/24/2022 000-03715588  06/24/2022 000-03715589  06/24/2022 000-03715598  06/24/2022 000-03717606  06/24/2022 000-03721943  06/24/2022 000-03721946  06/24/2022 000-03722856  06/24/2022 000-03722857  06/24/2022 000-03722869  06/24/2022 000-03725100  06/26/2022 000-03729394  06/26/2022 000-03729400  06/26/2022 000-03733036  06/26/2022 000-03735034  06/26/2022 000-03736149  06/26/2022 000-03740284  06/26/2022 000-03740496  06/26/2022 000-03741262  06/26/2022 000-03744307  06/26/2022 000-03747156  06/26/2022 000-03747867  06/26/2022 000-03747935  06/26/2022 000-03750249  06/26/2022 000-03750905  06/26/2022 000-03753805  06/26/2022 000-03760991  06/26/2022 000-03763176  06/26/2022 000-03764941  06/26/2022 000-03766291  06/26/2022 000-03767874  06/26/2022 000-03767885  06/26/2022 000-03769132  06/26/2022 000-03770571  06/26/2022 000-03771855  06/26/2022 000-03777368  07/25/2022 000-03778997  07/25/2022 000-03782675  07/25/2022 000-03785709  07/25/2022 000-03785717  07/25/2022 000-03787086  07/25/2022 000-03789226  07/25/2022 000-03792025  07/25/2022 000-03795644  07/25/2022 000-03797070  07/25/2022 000-03797465  07/25/2022 000-03802023  07/25/2022 000-03804380  07/25/2022 000-03804523  07/25/2022 000-03807039  07/25/2022 000-03810579  07/25/2022 000-03814326  07/25/2022 000-03816030  07/25/2022 000-03816577  07/25/2022 000-03819019  07/25/2022 000-03826010  07/25/2022 000-03830589  08/27/2022 000-03835543  08/27/2022 000-03836930  08/27/2022 000-03836932  08/27/2022 000-03838006  08/27/2022 000-03841822  08/27/2022 000-03847272  08/27/2022 000-03847273  08/27/2022 000-03848324  08/27/2022 000-03850853  08/27/2022 000-03850855  08/27/2022 000-03854301  08/27/2022 000-03856118  08/27/2022 000-03856359  08/27/2022 000-03858957  08/27/2022 000-03870618  08/27/2022 000-03870639  08/27/2022 000-03870648  08/27/2022 000-03870663  08/27/2022 000-03872958  08/27/2022 000-03877077  08/27/2022 000-03880274  09/11/2022 000-03884420  09/11/2022 000-03892020  09/11/2022 000-03909154  09/11/2022 000-03911934  09/11/2022 000-03919343  09/11/2022 000-03925951  09/11/2022 000-03930355  09/11/2022 000-03931566  09/11/2022 000-03935617  09/11/2022 000-03936440  09/11/2022 000-03944067  09/11/2022 000-03946935  09/28/2022 000-03946941  09/28/2022 000-03949662  09/28/2022 000-03953284  09/28/2022 000-03954619  09/28/2022 000-03972745  09/28/2022 000-03978567  09/28/2022 000-03979806  09/28/2022 000-03983379  09/28/2022 000-03983398  09/28/2022 000-03987170  09/28/2022 000-03989968  09/28/2022 000-03992220  09/28/2022 000-04000695  09/28/2022 000-04000696  09/28/2022 000-04001884  09/28/2022 000-04007491  09/28/2022 000-03712269  06/24/2022 000-03717603  06/24/2022 000-03747866  06/26/2022 000-03782670  07/25/2022 000-03803809  07/25/2022 000-03813359  07/25/2022 000-03840796  08/27/2022 000-03858956  08/27/2022 000-03956120  09/28/2022 000-03773326  07/25/2022 000-03919336  09/11/2022 000-03931637  09/11/2022 000-03992223  09/28/2022 000-04004218  09/28/2022 000-04007736  09/28/2022 000-03794515  07/25/2022 000-03803825  07/25/2022 000-03674122  06/24/2022 000-03674131  06/24/2022 000-03677264  06/24/2022 000-03678172  06/24/2022 000-03678174  06/24/2022 000-03682166  06/24/2022 000-03684544  06/24/2022 000-03690114  06/24/2022 000-03692011  06/24/2022 000-03696072  06/24/2022 000-03696075  06/24/2022 000-03696101  06/24/2022 000-03696103  06/24/2022 000-03696104  06/24/2022 000-03696439  06/24/2022 000-03702125  06/24/2022 000-03702752  06/24/2022 000-03706612  06/24/2022 000-03708016  06/24/2022 000-03709172  06/24/2022 000-03709187  06/24/2022 000-03709388  06/24/2022 000-03712270  06/24/2022 000-03712392  06/24/2022 000-03712396  06/24/2022 000-03712414  06/24/2022 000-03712730  06/24/2022 000-03714051  06/24/2022 000-03714742  06/24/2022 000-03715062  06/24/2022 000-03717608  06/24/2022 000-03717612  06/24/2022 000-03721957  06/24/2022 000-03721971  06/24/2022 000-03726810  06/24/2022 000-03726895  06/26/2022 000-03728094  06/26/2022 000-03780307  07/25/2022 000-03782386  07/25/2022 000-03782387  07/25/2022 000-03782865  07/25/2022 000-03782867  07/25/2022 000-03784554  07/25/2022 000-03785870  07/25/2022 000-03787530  07/25/2022 000-03790029  07/25/2022 000-03790043  07/25/2022 000-03792441  07/25/2022 000-03793380  07/25/2022 000-03795982  07/25/2022 000-03795998  07/25/2022 000-03798498  07/25/2022 000-03801628  07/25/2022 000-03803054  07/25/2022 000-03806209  07/25/2022 000-03806286  07/25/2022 000-03806293  07/25/2022 000-03807443  07/25/2022 000-03810163  07/25/2022 000-03817467  07/25/2022 000-03817473  07/25/2022 000-03818087  07/25/2022 000-03818089  07/25/2022 000-03821623  07/25/2022 000-03821626  07/25/2022 000-03821636  07/25/2022 000-03821831  07/25/2022 000-03822961  07/25/2022 000-03823020  07/25/2022 000-03824438  07/25/2022 000-03824441  07/25/2022 000-03825446  07/25/2022 000-03825810  07/25/2022 000-03826009  07/25/2022 000-03827257  07/25/2022 000-03827754  08/27/2022 000-03827922  07/25/2022 000-03828675  08/27/2022 000-03830593  08/27/2022 000-03831364  08/27/2022 000-03832150  08/27/2022 000-03835551  08/27/2022 000-03837243  08/27/2022 000-03837250  08/27/2022 000-03838002  08/27/2022 000-03838005  08/27/2022 000-03840794  08/27/2022 000-03840825  08/27/2022 000-03840826  08/27/2022 000-03840828  08/27/2022 000-03844015  08/27/2022 000-03845518  08/27/2022 000-03847280  08/27/2022 000-03847281  08/27/2022 000-03847804  08/27/2022 000-03850850  08/27/2022 000-03854752  08/27/2022 000-03856153  08/27/2022 000-03856365  08/27/2022 000-03856420  08/27/2022 000-03856428  08/27/2022 000-03858949  08/27/2022 000-03858954  08/27/2022 000-03859130  08/27/2022 000-03859132  08/27/2022 000-03859560  08/27/2022 000-03862429  08/27/2022 000-03862430  08/27/2022 000-03863261  08/27/2022 000-03863268  08/27/2022 000-03866625  08/27/2022 000-03866626  08/27/2022 000-03866630  08/27/2022 000-03868586  08/27/2022 000-03873944  08/27/2022 000-03874209  08/27/2022 000-03874972  08/27/2022 000-03876265  08/27/2022 000-03878772  08/27/2022 000-03878775  08/27/2022 000-03879835  08/27/2022 000-03883992  08/27/2022 000-03885221  09/11/2022 000-03885407  09/11/2022 000-03891803  09/11/2022 000-03892438  09/11/2022 000-03896029  09/11/2022 000-03896366  09/11/2022 000-03896370  09/11/2022 000-03899716  09/11/2022 000-03900060  09/11/2022 000-03900061  09/11/2022 000-03900062  09/11/2022 000-03900209  09/11/2022 000-03901149  09/11/2022 000-03902168  09/11/2022 000-03904309  09/11/2022 000-03904784  09/11/2022 000-03906714  09/11/2022 000-03906721  09/11/2022 000-03907200  09/11/2022 000-03912658  09/11/2022 000-03912661  09/11/2022 000-03912820  09/11/2022 000-03912822  09/11/2022 000-03916855  09/11/2022 000-03916858  09/11/2022 000-03919342  09/11/2022 000-03921338  09/11/2022 000-03921493  09/11/2022 000-03922783  09/11/2022 000-03922785  09/11/2022 000-03922787  09/11/2022 000-03923945  09/11/2022 000-03926070  09/11/2022 000-03926076  09/11/2022 000-03926077  09/11/2022 000-03930358  09/11/2022 000-03931340  09/11/2022 000-03931638  09/11/2022 000-03931639  09/11/2022 000-03933421  09/11/2022 000-03935510  09/28/2022 000-03935532  09/28/2022 000-03937643  09/11/2022 000-03938155  09/11/2022 000-03938157  09/11/2022 000-03938162  09/11/2022 000-03941955  09/28/2022 000-03942705  09/11/2022 000-03944516  09/28/2022 000-03948049  09/28/2022 000-03949146  09/28/2022 000-03949669  09/28/2022 000-03952786  09/28/2022 000-03953276  09/28/2022 000-03953277  09/28/2022 000-03953287  09/28/2022 000-03953316  09/28/2022 000-03955967  09/28/2022 000-03956119  09/28/2022 000-03958436  09/28/2022 000-03966449  09/28/2022 000-03972746  09/28/2022 000-03975372  09/28/2022 000-03977418  09/28/2022 000-03983393  09/28/2022 000-03984945  09/28/2022 000-03990899  09/28/2022 000-03990901  09/28/2022 000-03992038  09/28/2022 000-03992040  09/28/2022 000-03992042  09/28/2022 000-03992045  09/28/2022 000-04000694  09/28/2022 000-04000699  09/28/2022 000-04001886  09/28/2022 000-04004213  09/28/2022 000-04004219  09/28/2022 000-04007741  09/28/2022 000-04011996  09/28/2022 000-03689347  06/24/2022 000-03797544  07/25/2022 000-03986137  09/28/2022 000-03704562  06/24/2022 000-03709195  06/24/2022 000-03712398  06/24/2022 000-03726913  06/26/2022 000-03731087  06/26/2022 000-03742739  06/26/2022 000-03764934  06/26/2022 000-03769134  06/26/2022 000-03787519  07/25/2022 000-03790344  07/25/2022 000-03816024  07/25/2022 000-03830584  08/27/2022 000-03844449  08/27/2022 000-03866507  08/27/2022 000-03870657  08/27/2022 000-03895341  09/11/2022 000-03895728  09/11/2022 000-03918290  09/11/2022 000-03925071  09/11/2022 000-03946938  09/28/2022 000-03954611  09/28/2022 000-03959384  09/28/2022 000-03970050  09/28/2022 000-04007501  09/28/2022 000-03705181  06/24/2022 000-03721949  06/24/2022 000-03727353  06/26/2022 000-03674121  06/24/2022 000-03675772  06/24/2022 000-03675773  06/24/2022 000-03675775  06/24/2022 000-03675782  06/24/2022 000-03675783  06/24/2022 000-03676650  06/24/2022 000-03681078  06/24/2022 000-03681079  06/24/2022 000-03681080  06/24/2022 000-03682165  06/24/2022 000-03682178  06/24/2022 000-03682600  06/24/2022 000-03686299  06/24/2022 000-03686310  06/24/2022 000-03686318  06/24/2022 000-03686507  06/24/2022 000-03688210  06/24/2022 000-03689344  06/24/2022 000-03689346  06/24/2022 000-03689719  06/24/2022 000-03689721  06/24/2022 000-03689723  06/24/2022 000-03689726  06/24/2022 000-03689838  06/24/2022 000-03689840  06/24/2022 000-03690072  06/24/2022 000-03690073  06/24/2022 000-03690074  06/24/2022 000-03690076  06/24/2022 000-03690106  06/24/2022 000-03690107  06/24/2022 000-03690108  06/24/2022 000-03690109  06/24/2022 000-03690112  06/24/2022 000-03690115  06/24/2022 000-03692012  06/24/2022 000-03693615  06/24/2022 000-03693621  06/24/2022 000-03693622  06/24/2022 000-03693640  06/24/2022 000-03693641  06/24/2022 000-03694296  06/24/2022 000-03696063  06/24/2022 000-03696069  06/24/2022 000-03696098  06/24/2022 000-03696099  06/24/2022 000-03696441  06/24/2022 000-03696442  06/24/2022 000-03696446  06/24/2022 000-03699486  06/24/2022 000-03699489  06/24/2022 000-03699490  06/24/2022 000-03699492  06/24/2022 000-03699497  06/24/2022 000-03701566  06/24/2022 000-03702107  06/24/2022 000-03702108  06/24/2022 000-03702110  06/24/2022 000-03702111  06/24/2022 000-03702112  06/24/2022 000-03702115  06/24/2022 000-03702116  06/24/2022 000-03702123  06/24/2022 000-03702151  06/24/2022 000-03702817  06/24/2022 000-03704385  06/24/2022 000-03704389  06/24/2022 000-03704502  06/24/2022 000-03704504  06/24/2022 000-03704509  06/24/2022 000-03704538  06/24/2022 000-03704539  06/24/2022 000-03704540  06/24/2022 000-03704541  06/24/2022 000-03704542  06/24/2022 000-03704545  06/24/2022 000-03704565  06/24/2022 000-03704570  06/24/2022 000-03705209  06/24/2022 000-03708008  06/24/2022 000-03708015  06/24/2022 000-03709189  06/24/2022 000-03709192  06/24/2022 000-03709222  06/24/2022 000-03709225  06/24/2022 000-03709228  06/24/2022 000-03709229  06/24/2022 000-03709387  06/24/2022 000-03709389  06/24/2022 000-03712266  06/24/2022 000-03712395  06/24/2022 000-03712409  06/24/2022 000-03712411  06/24/2022 000-03712724  06/24/2022 000-03712835  06/24/2022 000-03712840  06/24/2022 000-03712841  06/24/2022 000-03714739  06/24/2022 000-03714740  06/24/2022 000-03714741  06/24/2022 000-03715058  06/24/2022 000-03715060  06/24/2022 000-03715063  06/24/2022 000-03715587  06/24/2022 000-03715600  06/24/2022 000-03717620  06/24/2022 000-03717626  06/24/2022 000-03717629  06/24/2022 000-03717630  06/24/2022 000-03718392  06/24/2022 000-03720732  06/24/2022 000-03721936  06/24/2022 000-03721939  06/24/2022 000-03721960  06/24/2022 000-03721963  06/24/2022 000-03721973  06/24/2022 000-03722644  06/24/2022 000-03722859  06/24/2022 000-03722862  06/24/2022 000-03722864  06/24/2022 000-03724746  06/26/2022 000-03724752  06/26/2022 000-03724757  06/26/2022 000-03725092  06/26/2022 000-03725097  06/26/2022 000-03726892  06/26/2022 000-03727351  06/26/2022 000-03727352  06/26/2022 000-03727355  06/26/2022 000-03727357  06/26/2022 000-03728351  06/26/2022 000-03729395  06/26/2022 000-03729398  06/26/2022 000-03729403  06/26/2022 000-03730683  06/26/2022 000-03730685  06/26/2022 000-03730686  06/26/2022 000-03730688  06/26/2022 000-03730689  06/26/2022 000-03730690  06/26/2022 000-03730693  06/26/2022 000-03730753  06/26/2022 000-03731500  06/26/2022 000-03731908  06/26/2022 000-03731916  06/26/2022 000-03733039  06/26/2022 000-03734404  06/26/2022 000-03734406  06/26/2022 000-03734409  06/26/2022 000-03734410  06/26/2022 000-03734421  06/26/2022 000-03734427  06/26/2022 000-03735038  06/26/2022 000-03735801  06/26/2022 000-03736144  06/26/2022 000-03736415  06/26/2022 000-03736420  06/26/2022 000-03736421  06/26/2022 000-03736860  06/26/2022 000-03736866  06/26/2022 000-03737259  06/26/2022 000-03737401  06/26/2022 000-03737945  06/26/2022 000-03737977  06/26/2022 000-03738085  06/26/2022 000-03738708  06/26/2022 000-03738713  06/26/2022 000-03738886  06/26/2022 000-03740280  06/26/2022 000-03740281  06/26/2022 000-03740490  06/26/2022 000-03740491  06/26/2022 000-03740495  06/26/2022 000-03740497  06/26/2022 000-03741263  06/26/2022 000-03741272  06/26/2022 000-03741278  06/26/2022 000-03742740  06/26/2022 000-03742776  06/26/2022 000-03742783  06/26/2022 000-03746521  06/26/2022 000-03746522  06/26/2022 000-03746540  06/26/2022 000-03747158  06/26/2022 000-03747170  06/26/2022 000-03747173  06/26/2022 000-03747870  06/26/2022 000-03748710  06/26/2022 000-03748713  06/26/2022 000-03750250  06/26/2022 000-03750255  06/26/2022 000-03750505  06/26/2022 000-03750510  06/26/2022 000-03750701  06/26/2022 000-03750895  06/26/2022 000-03751554  06/26/2022 000-03751557  06/26/2022 000-03751599  06/26/2022 000-03751600  06/26/2022 000-03753803  06/26/2022 000-03754667  06/26/2022 000-03754672  06/26/2022 000-03754674  06/26/2022 000-03755320  06/26/2022 000-03755322  06/26/2022 000-03756347  06/26/2022 000-03760986  06/26/2022 000-03760989  06/26/2022 000-03760993  06/26/2022 000-03761201  06/26/2022 000-03761203  06/26/2022 000-03761206  06/26/2022 000-03761210  06/26/2022 000-03761212  06/26/2022 000-03761213  06/26/2022 000-03762546  06/26/2022 000-03762547  06/26/2022 000-03762548  06/26/2022 000-03762552  06/26/2022 000-03763165  06/26/2022 000-03763175  06/26/2022 000-03763292  06/26/2022 000-03763867  06/26/2022 000-03764295  06/26/2022 000-03764936  06/26/2022 000-03766294  06/26/2022 000-03766295  06/26/2022 000-03766297  06/26/2022 000-03767864  06/26/2022 000-03767872  06/26/2022 000-03767873  06/26/2022 000-03767878  06/26/2022 000-03767879  06/26/2022 000-03767882  06/26/2022 000-03768863  06/26/2022 000-03768869  06/26/2022 000-03768871  06/26/2022 000-03768911  06/26/2022 000-03768913  06/26/2022 000-03768915  06/26/2022 000-03768917  06/26/2022 000-03769133  06/26/2022 000-03770563  06/26/2022 000-03770572  06/26/2022 000-03771857  06/26/2022 000-03772705  07/25/2022 000-03772718  07/25/2022 000-03773328  07/25/2022 000-03773332  07/25/2022 000-03773334  07/25/2022 000-03773636  07/25/2022 000-03775173  07/25/2022 000-03775178  07/25/2022 000-03777049  07/25/2022 000-03777051  07/25/2022 000-03777117  07/25/2022 000-03777367  07/25/2022 000-03777372  07/25/2022 000-03777998  07/25/2022 000-03778004  07/25/2022 000-03779739  07/25/2022 000-03782379  07/25/2022 000-03782384  07/25/2022 000-03782668  07/25/2022 000-03782673  07/25/2022 000-03782760  07/25/2022 000-03782855  07/25/2022 000-03782871  07/25/2022 000-03784556  07/25/2022 000-03784559  07/25/2022 000-03784564  07/25/2022 000-03785710  07/25/2022 000-03785711  07/25/2022 000-03785714  07/25/2022 000-03785719  07/25/2022 000-03785720  07/25/2022 000-03785721  07/25/2022 000-03787292  07/25/2022 000-03788222  07/25/2022 000-03788985  07/25/2022 000-03789221  07/25/2022 000-03789752  07/25/2022 000-03790902  07/25/2022 000-03791244  07/25/2022 000-03791245  07/25/2022 000-03792031  07/25/2022 000-03792475  07/25/2022 000-03792549  07/25/2022 000-03792554  07/25/2022 000-03792755  07/25/2022 000-03792759  07/25/2022 000-03793991  07/25/2022 000-03794365  07/25/2022 000-03794437  07/25/2022 000-03794510  07/25/2022 000-03794700  07/25/2022 000-03795640  07/25/2022 000-03795827  07/25/2022 000-03795867  07/25/2022 000-03796000  07/25/2022 000-03796415  07/25/2022 000-03796431  07/25/2022 000-03796435  07/25/2022 000-03797074  07/25/2022 000-03797075  07/25/2022 000-03797545  07/25/2022 000-03798506  07/25/2022 000-03798607  07/25/2022 000-03798723  07/25/2022 000-03799123  07/25/2022 000-03799825  07/25/2022 000-03800029  07/25/2022 000-03800147  07/25/2022 000-03800728  07/25/2022 000-03800738  07/25/2022 000-03800768  07/25/2022 000-03802013  07/25/2022 000-03803051  07/25/2022 000-03803053  07/25/2022 000-03803072  07/25/2022 000-03803815  07/25/2022 000-03803822  07/25/2022 000-03804525  07/25/2022 000-03805001  07/25/2022 000-03805014  07/25/2022 000-03806289  07/25/2022 000-03806290  07/25/2022 000-03807086  07/25/2022 000-03807088  07/25/2022 000-03807437  07/25/2022 000-03807534  07/25/2022 000-03807739  07/25/2022 000-03807741  07/25/2022 000-03807744  07/25/2022 000-03807749  07/25/2022 000-03807750  07/25/2022 000-03807751  07/25/2022 000-03808521  07/25/2022 000-03809387  07/25/2022 000-03809389  07/25/2022 000-03809390  07/25/2022 000-03809396  07/25/2022 ","000-03810160  07/25/2022 000-03810573  07/25/2022 000-03810703  07/25/2022 000-03810910  07/25/2022 000-03812121  07/25/2022 000-03812370  07/25/2022 000-03812372  07/25/2022 000-03812758  07/25/2022 000-03812763  07/25/2022 000-03812765  07/25/2022 000-03813354  07/25/2022 000-03813355  07/25/2022 000-03813360  07/25/2022 000-03816023  07/25/2022 000-03816025  07/25/2022 000-03816031  07/25/2022 000-03816032  07/25/2022 000-03816041  07/25/2022 000-03817465  07/25/2022 000-03821131  07/25/2022 000-03821615  07/25/2022 000-03822967  07/25/2022 000-03823290  07/25/2022 000-03823930  07/25/2022 000-03824157  07/25/2022 000-03825440  07/25/2022 000-03826006  07/25/2022 000-03826496  07/25/2022 000-03826753  07/25/2022 000-03827462  07/25/2022 000-03827710  07/25/2022 000-03829202  07/25/2022 000-03829768  08/27/2022 000-03829782  08/27/2022 000-03829937  08/27/2022 000-03834189  08/27/2022 000-03835547  08/27/2022 000-03836928  08/27/2022 000-03836933  08/27/2022 000-03836934  08/27/2022 000-03836936  08/27/2022 000-03836938  08/27/2022 000-03837247  08/27/2022 000-03838023  08/27/2022 000-03838026  08/27/2022 000-03839504  08/27/2022 000-03839517  08/27/2022 000-03840792  08/27/2022 000-03840798  08/27/2022 000-03840799  08/27/2022 000-03840822  08/27/2022 000-03843770  08/27/2022 000-03844450  08/27/2022 000-03844452  08/27/2022 000-03845497  08/27/2022 000-03845512  08/27/2022 000-03845514  08/27/2022 000-03845807  08/27/2022 000-03847271  08/27/2022 000-03848315  08/27/2022 000-03848920  08/27/2022 000-03849105  08/27/2022 000-03850849  08/27/2022 000-03850858  08/27/2022 000-03854314  08/27/2022 000-03856120  08/27/2022 000-03856121  08/27/2022 000-03856122  08/27/2022 000-03856123  08/27/2022 000-03856124  08/27/2022 000-03856148  08/27/2022 000-03856150  08/27/2022 000-03856154  08/27/2022 000-03858958  08/27/2022 000-03859126  08/27/2022 000-03859134  08/27/2022 000-03859332  08/27/2022 000-03859563  08/27/2022 000-03862424  08/27/2022 000-03863257  08/27/2022 000-03863536  08/27/2022 000-03863541  08/27/2022 000-03866510  08/27/2022 000-03866515  08/27/2022 000-03866903  08/27/2022 000-03868589  08/27/2022 000-03869262  08/27/2022 000-03870620  08/27/2022 000-03870621  08/27/2022 000-03870627  08/27/2022 000-03870656  08/27/2022 000-03870662  08/27/2022 000-03871831  08/27/2022 000-03872949  08/27/2022 000-03872952  08/27/2022 000-03872963  08/27/2022 000-03874553  09/11/2022 000-03876225  09/11/2022 000-03876266  08/27/2022 000-03876267  08/27/2022 000-03877081  08/27/2022 000-03878767  08/27/2022 000-03879665  08/27/2022 000-03879830  08/27/2022 000-03879833  08/27/2022 000-03880145  08/27/2022 000-03880155  09/11/2022 000-03880157  09/11/2022 000-03880273  09/11/2022 000-03880733  08/27/2022 000-03881172  08/27/2022 000-03881302  08/27/2022 000-03881850  08/27/2022 000-03882208  09/11/2022 000-03882838  09/11/2022 000-03882849  08/27/2022 000-03883878  09/11/2022 000-03884909  08/27/2022 000-03885218  09/11/2022 000-03885406  09/11/2022 000-03886820  09/11/2022 000-03886830  09/11/2022 000-03889957  09/11/2022 000-03889958  09/11/2022 000-03889960  09/11/2022 000-03889962  09/11/2022 000-03889972  09/11/2022 000-03889973  09/11/2022 000-03889975  09/11/2022 000-03891878  09/11/2022 000-03891932  09/11/2022 000-03891984  09/11/2022 000-03892013  09/11/2022 000-03892024  09/11/2022 000-03892432  09/11/2022 000-03892434  09/11/2022 000-03895727  09/11/2022 000-03895732  09/11/2022 000-03895735  09/11/2022 000-03896030  09/11/2022 000-03896031  09/11/2022 000-03896034  09/11/2022 000-03896035  09/11/2022 000-03896038  09/11/2022 000-03896039  09/11/2022 000-03896364  09/11/2022 000-03896367  09/11/2022 000-03896369  09/11/2022 000-03898540  09/11/2022 000-03898543  09/11/2022 000-03898545  09/11/2022 000-03899707  09/11/2022 000-03899708  09/11/2022 000-03899711  09/11/2022 000-03899714  09/11/2022 000-03899715  09/11/2022 000-03900731  09/11/2022 000-03900734  09/11/2022 000-03901153  09/11/2022 000-03902152  09/11/2022 000-03903201  09/11/2022 000-03903208  09/11/2022 000-03906710  09/11/2022 000-03906712  09/11/2022 000-03906715  09/11/2022 000-03906716  09/11/2022 000-03907204  09/11/2022 000-03907210  09/11/2022 000-03909171  09/11/2022 000-03909174  09/11/2022 000-03911917  09/11/2022 000-03911920  09/11/2022 000-03911922  09/11/2022 000-03911927  09/11/2022 000-03912654  09/11/2022 000-03912662  09/11/2022 000-03912804  09/11/2022 000-03914651  09/11/2022 000-03914776  09/11/2022 000-03916853  09/11/2022 000-03916856  09/11/2022 000-03916861  09/11/2022 000-03916862  09/11/2022 000-03918284  09/11/2022 000-03918286  09/11/2022 000-03918289  09/11/2022 000-03918291  09/11/2022 000-03919333  09/11/2022 000-03920378  09/11/2022 000-03920379  09/11/2022 000-03920381  09/11/2022 000-03920383  09/11/2022 000-03922784  09/11/2022 000-03923223  09/11/2022 000-03923948  09/11/2022 000-03925948  09/11/2022 000-03925954  09/11/2022 000-03925957  09/11/2022 000-03925958  09/11/2022 000-03926072  09/11/2022 000-03929885  09/11/2022 000-03930357  09/11/2022 000-03930365  09/11/2022 000-03931551  09/11/2022 000-03931554  09/11/2022 000-03931558  09/11/2022 000-03931563  09/11/2022 000-03931565  09/11/2022 000-03933363  09/11/2022 000-03933417  09/11/2022 000-03933419  09/11/2022 000-03935526  09/28/2022 000-03935612  09/11/2022 000-03935613  09/11/2022 000-03935616  09/11/2022 000-03935619  09/11/2022 000-03935620  09/11/2022 000-03935623  09/11/2022 000-03935624  09/11/2022 000-03937646  09/11/2022 000-03938150  09/11/2022 000-03938152  09/11/2022 000-03938433  09/28/2022 000-03939469  09/11/2022 000-03941948  09/28/2022 000-03941950  09/28/2022 000-03942702  09/28/2022 000-03944501  09/28/2022 000-03944505  09/28/2022 000-03944518  09/28/2022 000-03944521  09/28/2022 000-03945230  09/28/2022 000-03946930  09/28/2022 000-03946934  09/28/2022 000-03946936  09/28/2022 000-03946940  09/28/2022 000-03949143  09/28/2022 000-03949144  09/28/2022 000-03949147  09/28/2022 000-03949149  09/28/2022 000-03949151  09/28/2022 000-03949657  09/28/2022 000-03949663  09/28/2022 000-03952784  09/28/2022 000-03952785  09/28/2022 000-03952789  09/28/2022 000-03952792  09/28/2022 000-03952793  09/28/2022 000-03952794  09/28/2022 000-03953272  09/28/2022 000-03953281  09/28/2022 000-03953312  09/28/2022 000-03953313  09/28/2022 000-03953315  09/28/2022 000-03954613  09/28/2022 000-03955970  09/28/2022 000-03955971  09/28/2022 000-03955972  09/28/2022 000-03955973  09/28/2022 000-03958442  09/28/2022 000-03960602  09/28/2022 000-03960603  09/28/2022 000-03961077  09/28/2022 000-03961717  09/28/2022 000-03961730  09/28/2022 000-03961967  09/28/2022 000-03962718  09/28/2022 000-03962721  09/28/2022 000-03962723  09/28/2022 000-03964589  09/28/2022 000-03964994  09/28/2022 000-03965423  09/28/2022 000-03967255  09/28/2022 000-03968181  09/28/2022 000-03968185  09/28/2022 000-03968898  09/28/2022 000-03968901  09/28/2022 000-03969407  09/28/2022 000-03970046  09/28/2022 000-03970049  09/28/2022 000-03970854  09/28/2022 000-03971516  09/28/2022 000-03971522  09/28/2022 000-03972531  09/28/2022 000-03973901  09/28/2022 000-03973902  09/28/2022 000-03974492  09/28/2022 000-03974999  09/28/2022 000-03976795  09/28/2022 000-03977722  09/28/2022 000-03978341  09/28/2022 000-03979108  09/28/2022 000-03979111  09/28/2022 000-03979112  09/28/2022 000-03979182  09/28/2022 000-03979795  09/28/2022 000-03979805  09/28/2022 000-03980353  09/28/2022 000-03980359  09/28/2022 000-03983371  09/28/2022 000-03984947  09/28/2022 000-03984952  09/28/2022 000-03985535  09/28/2022 000-03987197  09/28/2022 000-03987198  09/28/2022 000-03987199  09/28/2022 000-03987201  09/28/2022 000-03987211  09/28/2022 000-03989953  09/28/2022 000-03990033  09/28/2022 000-03990034  09/28/2022 000-03990900  09/28/2022 000-03990914  09/28/2022 000-03990916  09/28/2022 000-03992029  09/28/2022 000-03992037  09/28/2022 000-03992215  09/28/2022 000-03992217  09/28/2022 000-03992218  09/28/2022 000-03995391  09/28/2022 000-03995395  09/28/2022 000-03995398  09/28/2022 000-03995400  09/28/2022 000-03995409  09/28/2022 000-04000687  09/28/2022 000-04000693  09/28/2022 000-04000852  09/28/2022 000-04000855  09/28/2022 000-04001880  09/28/2022 000-04001882  09/28/2022 000-04001887  09/28/2022 000-04001889  09/28/2022 000-04001891  09/28/2022 000-04002458  09/28/2022 000-04002465  09/28/2022 000-04002468  09/28/2022 000-04002471  09/28/2022 000-04006106  09/28/2022 000-04007740  09/28/2022 000-03704517  06/24/2022 000-03738891  06/26/2022 000-03782862  07/25/2022 000-03793989  07/25/2022 000-03817460  07/25/2022 000-03823544  07/25/2022 000-03863265  08/27/2022 000-03674124  06/24/2022 000-03709175  06/24/2022 000-03696095  06/24/2022 000-03729396  06/26/2022 000-03796433  07/25/2022 000-03862419  08/27/2022 000-03958446  09/28/2022 000-03676660  06/24/2022 000-03689722  06/24/2022 000-03702103  06/24/2022 000-03702120  06/24/2022 000-03704386  06/24/2022 000-03704569  06/24/2022 000-03715596  06/24/2022 000-03731914  06/26/2022 000-03738014  06/26/2022 000-03740285  06/26/2022 000-03748714  06/26/2022 000-03766296  06/26/2022 000-03769130  06/26/2022 000-03778003  07/25/2022 000-03786610  07/25/2022 000-03789223  07/25/2022 000-03794506  07/25/2022 000-03816583  07/25/2022 000-03835553  08/27/2022 000-03845515  08/27/2022 000-03847276  08/27/2022 000-03866905  08/27/2022 000-03870625  08/27/2022 000-03870827  08/27/2022 000-03871811  08/27/2022 000-03877075  08/27/2022 000-03904305  09/11/2022 000-03905589  09/11/2022 000-03918280  09/11/2022 000-03949675  09/28/2022 000-03953278  09/28/2022 000-03984943  09/28/2022 000-03990898  09/28/2022 000-03995408  09/28/2022 000-04006109  09/28/2022 000-04011993  09/28/2022 000-03678170  06/24/2022 000-03682167  06/24/2022 000-03689837  06/24/2022 000-03693635  06/24/2022 000-03702119  06/24/2022 000-03707989  06/24/2022 000-03712725  06/24/2022 000-03712844  06/24/2022 000-03715064  06/24/2022 000-03722858  06/24/2022 000-03726893  06/26/2022 000-03729397  06/26/2022 000-03730681  06/26/2022 000-03735803  06/26/2022 000-03738702  06/26/2022 000-03740283  06/26/2022 000-03747172  06/26/2022 000-03747872  06/26/2022 000-03748717  06/26/2022 000-03753809  06/26/2022 000-03754892  06/26/2022 000-03761205  06/26/2022 000-03762545  06/26/2022 000-03766292  06/26/2022 000-03768865  06/26/2022 000-03769128  06/26/2022 000-03771879  06/26/2022 000-03775174  07/25/2022 000-03787077  07/25/2022 000-03787516  07/25/2022 000-03790898  07/25/2022 000-03793379  07/25/2022 000-03800766  07/25/2022 000-03816016  07/25/2022 000-03816017  07/25/2022 000-03827013  08/27/2022 000-03836924  08/27/2022 000-03837246  08/27/2022 000-03837254  08/27/2022 000-03839518  08/27/2022 000-03848918  08/27/2022 000-03850860  08/27/2022 000-03874558  09/11/2022 000-03879834  08/27/2022 000-03887863  09/11/2022 000-03899712  09/11/2022 000-03923946  09/11/2022 000-03941953  09/28/2022 000-03945268  09/28/2022 000-03949152  09/28/2022 000-03954612  09/28/2022 000-03959583  09/28/2022 000-03971514  09/28/2022 000-03674487  06/24/2022 000-03678171  06/24/2022 000-03689725  06/24/2022 000-03690070  06/24/2022 000-03693634  06/24/2022 000-03696444  06/24/2022 000-03702114  06/24/2022 000-03702117  06/24/2022 000-03702136  06/24/2022 000-03702148  06/24/2022 000-03703003  06/24/2022 000-03705202  06/24/2022 000-03709176  06/24/2022 000-03709231  06/24/2022 000-03709390  06/24/2022 000-03712413  06/24/2022 000-03715057  06/24/2022 000-03717605  06/24/2022 000-03717623  06/24/2022 000-03717624  06/24/2022 000-03721944  06/24/2022 000-03722860  06/24/2022 000-03724684  06/26/2022 000-03726890  06/24/2022 000-03726896  06/26/2022 000-03726909  06/26/2022 000-03727358  06/26/2022 000-03729402  06/26/2022 000-03730692  06/26/2022 000-03731494  06/26/2022 000-03731917  06/26/2022 000-03734422  06/26/2022 000-03738704  06/26/2022 000-03738888  06/26/2022 000-03739701  06/26/2022 000-03740276  06/26/2022 000-03740494  06/26/2022 000-03741280  06/26/2022 000-03741281  06/26/2022 000-03742787  06/26/2022 000-03743673  06/26/2022 000-03744327  06/26/2022 000-03746523  06/26/2022 000-03747150  06/26/2022 000-03747868  06/26/2022 000-03748703  06/26/2022 000-03748704  06/26/2022 000-03748705  06/26/2022 000-03748718  06/26/2022 000-03749675  06/26/2022 000-03750503  06/26/2022 000-03751550  06/26/2022 000-03751594  06/26/2022 000-03753804  06/26/2022 000-03754895  06/26/2022 000-03755310  06/26/2022 000-03757169  06/26/2022 000-03757542  06/26/2022 000-03760985  06/26/2022 000-03761208  06/26/2022 000-03762551  06/26/2022 000-03763061  06/26/2022 000-03763860  06/26/2022 000-03763866  06/26/2022 000-03763870  06/26/2022 000-03764299  06/26/2022 000-03764302  06/26/2022 000-03764938  06/26/2022 000-03764942  06/26/2022 000-03766299  06/26/2022 000-03767860  06/26/2022 000-03767865  06/26/2022 000-03767877  06/26/2022 000-03767884  06/26/2022 000-03768916  06/26/2022 000-03769127  06/26/2022 000-03770559  06/26/2022 000-03770569  06/26/2022 000-03771885  07/25/2022 000-03771892  07/25/2022 000-03771895  07/25/2022 000-03772712  07/25/2022 000-03772715  07/25/2022 000-03773336  07/25/2022 000-03777997  07/25/2022 000-03778996  07/25/2022 000-03782674  07/25/2022 000-03784560  07/25/2022 000-03785712  07/25/2022 000-03785713  07/25/2022 000-03785715  07/25/2022 000-03785716  07/25/2022 000-03787528  07/25/2022 000-03794513  07/25/2022 000-03794707  07/25/2022 000-03795868  07/25/2022 000-03806210  07/25/2022 000-03807538  07/25/2022 000-03810576  07/25/2022 000-03810578  07/25/2022 000-03810704  07/25/2022 000-03811720  07/25/2022 000-03811721  07/25/2022 000-03813364  07/25/2022 000-03816584  07/25/2022 000-03818082  07/25/2022 000-03819016  07/25/2022 000-03819529  07/25/2022 000-03822581  07/25/2022 000-03824440  07/25/2022 000-03825856  07/25/2022 000-03825858  07/25/2022 000-03827722  08/27/2022 000-03828669  08/27/2022 000-03835549  08/27/2022 000-03835552  08/27/2022 000-03837242  08/27/2022 000-03839512  08/27/2022 000-03844453  08/27/2022 000-03845495  08/27/2022 000-03845510  08/27/2022 000-03845520  08/27/2022 000-03845806  08/27/2022 000-03848319  08/27/2022 000-03848921  08/27/2022 000-03851281  08/27/2022 000-03852763  08/27/2022 000-03856151  08/27/2022 000-03856425  08/27/2022 000-03859131  08/27/2022 000-03859557  08/27/2022 000-03859562  08/27/2022 000-03863267  08/27/2022 000-03863518  08/27/2022 000-03866129  08/27/2022 000-03866513  08/27/2022 000-03866904  08/27/2022 000-03868590  08/27/2022 000-03869637  08/27/2022 000-03870074  08/27/2022 000-03870640  08/27/2022 000-03870647  08/27/2022 000-03873952  08/27/2022 000-03874559  08/27/2022 000-03874561  08/27/2022 000-03874563  08/27/2022 000-03874971  08/27/2022 000-03874973  08/27/2022 000-03881171  09/11/2022 000-03882215  09/11/2022 000-03883990  08/27/2022 000-03892437  09/11/2022 000-03895736  09/11/2022 000-03896040  09/11/2022 000-03897780  09/11/2022 000-03900064  09/11/2022 000-03900732  09/11/2022 000-03900733  09/11/2022 000-03903200  09/11/2022 000-03908540  09/11/2022 000-03910766  09/11/2022 000-03912806  09/11/2022 000-03912810  09/11/2022 000-03913673  09/11/2022 000-03914768  09/11/2022 000-03914769  09/11/2022 000-03914773  09/11/2022 000-03916692  09/11/2022 000-03916857  09/11/2022 000-03916860  09/11/2022 000-03918281  09/11/2022 000-03918287  09/11/2022 000-03919340  09/11/2022 000-03919344  09/11/2022 000-03919345  09/11/2022 000-03920382  09/11/2022 000-03922789  09/11/2022 000-03923947  09/11/2022 000-03925950  09/11/2022 000-03925955  09/11/2022 000-03926075  09/11/2022 000-03927176  09/11/2022 000-03931338  09/11/2022 000-03931562  09/11/2022 000-03931631  09/11/2022 000-03932000  09/11/2022 000-03935521  09/28/2022 000-03938159  09/11/2022 000-03941952  09/28/2022 000-03942703  09/11/2022 000-03943584  09/28/2022 000-03944519  09/28/2022 000-03946743  09/28/2022 000-03949154  09/28/2022 000-03952787  09/28/2022 000-03953286  09/28/2022 000-03955968  09/28/2022 000-03956118  09/28/2022 000-03958439  09/28/2022 000-03959582  09/28/2022 000-03964246  09/28/2022 000-03964251  09/28/2022 000-03967253  09/28/2022 000-03968196  09/28/2022 000-03968905  09/28/2022 000-03969240  09/28/2022 000-03969241  09/28/2022 000-03970045  09/28/2022 000-03974548  09/28/2022 000-03974557  09/28/2022 000-03975044  09/28/2022 000-03975047  09/28/2022 000-03975048  09/28/2022 000-03975603  09/28/2022 000-03976769  09/28/2022 000-03976789  09/28/2022 000-03979095  09/28/2022 000-03979396  09/28/2022 000-03983395  09/28/2022 000-03983397  09/28/2022 000-03984950  09/28/2022 000-03989966  09/28/2022 000-03990931  09/28/2022 000-03990934  09/28/2022 000-03992034  09/28/2022 000-03992035  09/28/2022 000-03992044  09/28/2022 000-03992239  09/28/2022 000-03995411  09/28/2022 000-04000697  09/28/2022 000-04004216  09/28/2022 000-03679854  06/24/2022 000-03682174  06/24/2022 000-03683008  06/24/2022 000-03689342  06/24/2022 000-03689720  06/24/2022 000-03690075  06/24/2022 000-03696440  06/24/2022 000-03699482  06/24/2022 000-03707991  06/24/2022 000-03712397  06/24/2022 000-03726889  06/26/2022 000-03730680  06/26/2022 000-03768860  06/26/2022 000-03769815  06/26/2022 000-03777115  07/25/2022 000-03785868  07/25/2022 000-03795647  07/25/2022 000-03807441  07/25/2022 000-03814324  07/25/2022 000-03816014  07/25/2022 000-03818079  07/25/2022 000-03827750  08/27/2022 000-03856149  08/27/2022 000-03866124  08/27/2022 000-03883994  09/11/2022 000-03889964  09/11/2022 000-03909158  09/11/2022 000-03914770  09/11/2022 000-03921496  09/11/2022 000-03935524  09/28/2022 000-03935534  09/28/2022 000-03961972  09/28/2022 000-03972750  09/28/2022 000-03992031  09/28/2022 000-03704384  06/24/2022 000-03753802  06/26/2022 000-03790900  07/25/2022 000-03804526  07/25/2022 000-03931567  09/11/2022 000-03938164  09/11/2022 000-03956121  09/28/2022 000-03968897  09/28/2022 000-03690079  06/24/2022 000-03708009  06/24/2022 000-03727361  06/26/2022 000-03730679  06/26/2022 000-03737257  06/26/2022 000-03774057  07/25/2022 000-03782669  07/25/2022 000-03795854  07/25/2022 000-03795861  07/25/2022 000-03797068  07/25/2022 000-03818403  07/25/2022 000-03904303  09/11/2022 000-03911935  09/11/2022 000-03931553  09/11/2022 000-03946937  09/28/2022 000-03953279  09/28/2022 000-04000692  09/28/2022 000-03674488  06/24/2022 000-03676651  06/24/2022 000-03676653  06/24/2022 000-03677271  06/24/2022 000-03677274  06/24/2022 000-03678173  06/24/2022 000-03681081  06/24/2022 000-03682172  06/24/2022 000-03682593  06/24/2022 000-03686520  06/24/2022 000-03689341  06/24/2022 000-03689349  06/24/2022 000-03689352  06/24/2022 000-03690113  06/24/2022 000-03692008  06/24/2022 000-03693642  06/24/2022 000-03696073  06/24/2022 000-03696076  06/24/2022 000-03696445  06/24/2022 000-03698298  06/24/2022 000-03702100  06/24/2022 000-03702875  06/24/2022 000-03704511  06/24/2022 000-03704567  06/24/2022 000-03704572  06/24/2022 000-03706471  06/24/2022 000-03707990  06/24/2022 000-03708010  06/24/2022 000-03708013  06/24/2022 000-03708014  06/24/2022 000-03709194  06/24/2022 000-03709196  06/24/2022 000-03712268  06/24/2022 000-03712394  06/24/2022 000-03712399  06/24/2022 000-03712410  06/24/2022 000-03712721  06/24/2022 000-03712722  06/24/2022 000-03712837  06/24/2022 000-03712842  06/24/2022 000-03714743  06/24/2022 000-03714807  06/24/2022 000-03717609  06/24/2022 000-03717628  06/24/2022 000-03721947  06/24/2022 000-03722861  06/24/2022 000-03727354  06/26/2022 000-03731505  06/26/2022 000-03731903  06/26/2022 000-03733035  06/26/2022 000-03735032  06/26/2022 000-03735811  06/26/2022 000-03738067  06/26/2022 000-03738108  06/26/2022 000-03740282  06/26/2022 000-03741666  06/26/2022 000-03742784  06/26/2022 000-03747155  06/26/2022 000-03747873  06/26/2022 000-03748711  06/26/2022 000-03748712  06/26/2022 000-03750690  06/26/2022 000-03750697  06/26/2022 000-03750699  06/26/2022 000-03750900  06/26/2022 000-03750902  06/26/2022 000-03753806  06/26/2022 000-03753810  06/26/2022 000-03754033  06/26/2022 000-03754893  06/26/2022 000-03754894  06/26/2022 000-03760990  06/26/2022 000-03761211  06/26/2022 000-03763865  06/26/2022 000-03763868  06/26/2022 000-03764294  06/26/2022 000-03764297  06/26/2022 000-03764300  06/26/2022 000-03765817  06/26/2022 000-03767875  06/26/2022 000-03767881  06/26/2022 000-03768866  06/26/2022 000-03768908  06/26/2022 000-03769126  06/26/2022 000-03769131  06/26/2022 000-03771853  06/26/2022 000-03771897  06/26/2022 000-03772709  07/25/2022 000-03772716  07/25/2022 000-03773907  07/25/2022 000-03775175  07/25/2022 000-03775180  07/25/2022 000-03777403  07/25/2022 000-03778204  07/25/2022 000-03778211  07/25/2022 000-03778212  07/25/2022 000-03779001  07/25/2022 000-03779002  07/25/2022 000-03779734  07/25/2022 000-03782666  07/25/2022 000-03782667  07/25/2022 000-03782873  07/25/2022 000-03784558  07/25/2022 000-03786609  07/25/2022 000-03787522  07/25/2022 000-03788987  07/25/2022 000-03790906  07/25/2022 000-03792027  07/25/2022 000-03792752  07/25/2022 000-03794361  07/25/2022 000-03794364  07/25/2022 000-03794993  07/25/2022 000-03795855  07/25/2022 000-03797469  07/25/2022 000-03797472  07/25/2022 000-03797752  07/25/2022 000-03798206  07/25/2022 000-03798360  07/25/2022 000-03798502  07/25/2022 000-03798613  07/25/2022 000-03799826  07/25/2022 000-03799833  07/25/2022 000-03801191  07/25/2022 000-03802029  07/25/2022 000-03802295  07/25/2022 000-03803052  07/25/2022 000-03804530  07/25/2022 000-03809394  07/25/2022 000-03810154  07/25/2022 000-03810583  07/25/2022 000-03816015  07/25/2022 000-03816018  07/25/2022 000-03816020  07/25/2022 000-03816033  07/25/2022 000-03819013  07/25/2022 000-03819023  07/25/2022 000-03822104  07/25/2022 000-03827473  07/25/2022 000-03828668  08/27/2022 000-03831366  08/27/2022 000-03832447  08/27/2022 000-03836152  08/27/2022 000-03836929  08/27/2022 000-03836940  08/27/2022 000-03837245  08/27/2022 000-03837248  08/27/2022 000-03838022  08/27/2022 000-03839513  08/27/2022 000-03845516  08/27/2022 000-03847796  08/27/2022 000-03850854  08/27/2022 000-03854315  08/27/2022 000-03856117  08/27/2022 000-03856156  08/27/2022 000-03858953  08/27/2022 000-03859133  08/27/2022 000-03859135  08/27/2022 000-03866509  08/27/2022 000-03868944  08/27/2022 000-03870626  08/27/2022 000-03871805  08/27/2022 000-03876256  08/27/2022 000-03877086  08/27/2022 000-03878774  08/27/2022 000-03878776  08/27/2022 000-03880148  08/27/2022 000-03880275  09/11/2022 000-03881166  09/11/2022 000-03884908  08/27/2022 000-03885777  09/11/2022 000-03885782  09/11/2022 000-03887490  09/11/2022 000-03889955  09/11/2022 000-03889956  09/11/2022 000-03889970  09/11/2022 000-03889974  09/11/2022 000-03890266  09/11/2022 000-03891440  09/11/2022 000-03891980  09/11/2022 000-03895730  09/11/2022 000-03895731  09/11/2022 000-03896033  09/11/2022 000-03896365  09/11/2022 000-03896371  09/11/2022 000-03898536  09/11/2022 000-03900059  09/11/2022 000-03903198  09/11/2022 000-03906711  09/11/2022 000-03907202  09/11/2022 000-03907203  09/11/2022 000-03910532  09/11/2022 000-03911918  09/11/2022 000-03911923  09/11/2022 000-03912816  09/11/2022 000-03919335  09/11/2022 000-03919338  09/11/2022 000-03921492  09/11/2022 000-03925952  09/11/2022 000-03930352  09/11/2022 000-03931336  09/11/2022 000-03931344  09/11/2022 000-03931346  09/11/2022 000-03931550  09/11/2022 000-03931552  09/11/2022 000-03935513  09/28/2022 000-03939474  09/11/2022 000-03939475  09/11/2022 000-03941323  09/28/2022 000-03941324  09/28/2022 000-03945231  09/28/2022 000-03946939  09/28/2022 000-03952791  09/28/2022 000-03953318  09/28/2022 000-03954617  09/28/2022 000-03957415  09/28/2022 000-03963079  09/28/2022 000-03963086  09/28/2022 000-03964238  09/28/2022 000-03966443  09/28/2022 000-03966451  09/28/2022 000-03967262  09/28/2022 000-03968198  09/28/2022 000-03968903  09/28/2022 000-03968904  09/28/2022 000-03970410  09/28/2022 000-03977400  09/28/2022 000-03978345  09/28/2022 000-03979802  09/28/2022 000-03980356  09/28/2022 000-03983403  09/28/2022 000-03984951  09/28/2022 000-03987038  09/28/2022 000-03987039  09/28/2022 000-03990933  09/28/2022 000-03992041  09/28/2022 000-03992216  09/28/2022 000-03992219  09/28/2022 000-03995399  09/28/2022 000-03995412  09/28/2022 000-04000698  09/28/2022 000-04000700  09/28/2022 000-04000835  09/28/2022 000-04001892  09/28/2022 000-04002461  09/28/2022 000-04004205  09/28/2022 000-04006105  09/28/2022 000-03479131  10/24/2022 000-03677268  06/24/2022 000-03692007  06/24/2022 000-03693638  06/24/2022 000-03699487  06/24/2022 000-03702131  06/24/2022 000-03704383  06/24/2022 000-03704535  06/24/2022 000-03712267  06/24/2022 000-03721966  06/24/2022 000-03726912  06/26/2022 000-03754031  06/26/2022 000-03799835  07/25/2022 000-03843769  08/27/2022 000-03845499  08/27/2022 000-03870612  08/27/2022 000-03870649  08/27/2022 000-03881851  08/27/2022 000-03889968  09/11/2022 000-03896362  09/11/2022 000-03912813  09/11/2022 000-03958448  09/28/2022 000-03958449  09/28/2022 000-03964235  09/28/2022 000-03970025  09/28/2022 000-03714053  06/24/2022 000-03726894  06/26/2022 000-03782861  07/25/2022 000-03786605  07/25/2022 000-03796006  07/25/2022 000-03801761  07/25/2022 000-03803811  07/25/2022 000-03809395  07/25/2022 000-03856354  08/27/2022 000-03962725  09/28/2022 000-03704564  06/24/2022 000-03721953  06/24/2022 000-03731487  06/26/2022 000-03764932  06/26/2022 000-03806056  07/25/2022 000-03866511  08/27/2022 000-03902163  09/11/2022 000-04001883  09/28/2022 000-03675779  06/24/2022 000-03721968  06/24/2022 000-03724754  06/26/2022 000-03740493  06/26/2022 000-03754040  06/26/2022 000-03812766  07/25/2022 000-03820517  07/25/2022 000-03854077  08/27/2022 000-03903207  09/11/2022 000-03912818  09/11/2022 000-03926074  09/11/2022 000-03931345  09/11/2022 000-03967259  09/28/2022 000-03677272  06/24/2022 000-03689836  06/24/2022 000-03702132  06/24/2022 000-03704543  06/24/2022 000-03726891  06/26/2022 000-03727356  06/26/2022 000-03735040  06/26/2022 000-03764296  06/26/2022 000-03771887  06/26/2022 000-03778005  07/25/2022 000-03788225  07/25/2022 000-03792028  07/25/2022 000-03798609  07/25/2022 000-03800710  07/25/2022 000-03803823  07/25/2022 000-03812119  07/25/2022 000-03818083  07/25/2022 000-03819017  07/25/2022 000-03840789  08/27/2022 000-03856366  08/27/2022 000-03859124  08/27/2022 000-03866624  08/27/2022 000-03872951  08/27/2022 000-03877085  08/27/2022 000-03925949  09/11/2022 000-03937649  09/11/2022 000-03945225  09/28/2022 000-03953311  09/28/2022 000-03961724  09/28/2022 000-03965000  09/28/2022 000-04001885  09/28/2022 000-03675777  06/24/2022 000-03689839  06/24/2022 000-03690081  06/24/2022 000-03693639  06/24/2022 000-03712412  06/24/2022 000-03721941  06/24/2022 000-03655613  06/27/2022 000-03685961  07/09/2022 000-03697045  07/12/2022 000-03792765  08/17/2022 000-03866619  09/13/2022 000-03884328  09/20/2022 000-03591733  06/03/2022 000-03600070  06/06/2022 000-03613414  06/11/2022 000-03646812  06/24/2022 000-03682851  07/09/2022 000-03752226  08/02/2022 000-03753337  08/02/2022 000-03792787  08/17/2022 000-03821958  08/28/2022 000-03875024  09/17/2022 000-03591717  06/03/2022 000-03875031  09/17/2022 000-03719328  07/20/2022 000-03596495  06/05/2022 000-03680500  07/06/2022 000-03738025  07/27/2022 000-03810902  08/24/2022 000-03816640  08/27/2022 000-03868000  09/14/2022 000-03869990  09/14/2022 000-03720009  07/21/2022 000-03665833  06/27/2022 000-03714406  07/19/2022 000-03907374  09/28/2022 000-03624996  06/14/2022 000-03598455  06/05/2022 000-03800493  08/20/2022 000-03821987  08/28/2022 000-03651945  06/26/2022 000-03757963  08/04/2022 000-03855214  09/10/2022 000-03652212  06/06/2022 000-03653983  06/06/2022 000-03713104  06/06/2022 000-03836278  08/19/2022 000-03840965  08/19/2022 000-03748236  06/06/2022 000-03770169  06/06/2022 000-03770171  06/06/2022 000-03773642  06/06/2022 000-03792013  06/06/2022 000-03849096  08/19/2022 000-03856133  08/19/2022 000-03920757  08/19/2022 000-03738705  06/06/2022 000-03777945  06/06/2022 000-03790077  06/06/2022 000-03846903  08/19/2022 000-03890415  08/19/2022 000-03892026  08/19/2022 000-03935947  08/19/2022 000-03752940  06/06/2022 000-03762537  06/06/2022 000-03840955  08/19/2022 000-03905592  08/19/2022 000-03923188  08/19/2022 000-03974428  08/19/2022 000-03736598  06/06/2022 000-03821641  08/19/2022 000-03653982  06/06/2022 000-03658575  06/06/2022 000-03659752  06/06/2022 000-03697354  06/06/2022 000-03702843  06/06/2022 000-03730860  06/06/2022 000-03741929  06/06/2022 000-03748211  06/06/2022 000-03752934  06/06/2022 000-03798501  06/06/2022 000-03806564  08/19/2022 000-03815926  06/06/2022 000-03836388  08/19/2022 000-03840953  08/19/2022 000-03905578  08/19/2022 000-03954513  08/19/2022 000-03652307  06/06/2022 000-03825451  08/19/2022 000-03825452  08/19/2022 000-03879242  08/19/2022 000-03782764  06/06/2022 000-03882663  08/19/2022 000-03920735  08/19/2022 000-04000871  08/19/2022 000-03705833  06/06/2022 000-03723171  06/06/2022 000-03738703  06/06/2022 000-03748241  06/06/2022 000-03752937  06/06/2022 000-03762535  06/06/2022 000-03762538  06/06/2022 000-03777112  06/06/2022 000-03798400  06/06/2022 000-03890396  08/19/2022 000-03915218  08/19/2022 000-03920741  08/19/2022 000-03940686  08/19/2022 000-03941321  08/19/2022 000-03957875  08/19/2022 000-03958753  08/19/2022 000-03971568  08/19/2022 000-03697066  07/12/2022 000-03603700  06/07/2022 000-03708382  07/17/2022 000-03724921  07/23/2022 000-03801972  08/21/2022 000-03852509  09/09/2022 000-03595745  06/04/2022 000-03660987  06/27/2022 000-03677711  06/27/2022 000-03697005  07/12/2022 000-03703788  07/16/2022 000-03724901  07/23/2022 000-03726297  07/24/2022 000-03754552  08/02/2022 000-03804911  08/22/2022 000-03827524  08/30/2022 000-03859703  09/11/2022 000-03891365  09/24/2022 000-03904359  09/27/2022 000-03659411  06/28/2022 000-03725874  07/24/2022 000-03883847  09/20/2022 000-03742189  07/30/2022 000-03859777  09/11/2022 000-03807365  07/16/2022 000-03814332  07/16/2022 000-03919983  08/22/2022 000-03660848  06/02/2022 000-03674812  06/02/2022 000-03696794  06/02/2022 000-03708063  06/02/2022 000-03737410  07/16/2022 000-03737413  07/16/2022 000-03742223  06/02/2022 000-03757094  07/16/2022 000-03819187  07/16/2022 000-03843627  07/16/2022 000-03874555  08/22/2022 000-03896399  08/22/2022 000-03705200  06/02/2022 000-03705210  06/02/2022 000-03717616  06/02/2022 000-03816337  07/16/2022 000-03820376  07/16/2022 000-03927157  08/22/2022 000-03942343  08/22/2022 000-03856131  07/16/2022 000-03620483  06/02/2022 000-03660287  06/02/2022 000-03676365  06/02/2022 000-03717618  06/02/2022 000-03724276  06/02/2022 000-03724279  06/02/2022 000-03762570  07/16/2022 000-03763174  07/16/2022 000-03771860  07/16/2022 000-03807568  07/16/2022 000-03819190  07/16/2022 000-03870739  07/16/2022 000-03870744  07/16/2022 000-03872509  08/22/2022 000-03879238  08/22/2022 000-03913858  08/22/2022 000-03919996  08/22/2022 000-03927100  08/22/2022 000-03932174  08/22/2022 000-03724272  06/02/2022 000-03832511  07/16/2022 000-03919994  08/22/2022 000-03722401  06/02/2022 000-03771864  07/16/2022 000-03785695  07/16/2022 000-03654265  06/02/2022 000-03873187  07/16/2022 000-03671531  06/02/2022 000-03671535  06/02/2022 000-03770327  07/16/2022 000-03770377  07/16/2022 000-03771170  07/16/2022 000-03873184  08/22/2022 000-03896395  08/22/2022 000-03932757  08/22/2022 000-03615035  06/02/2022 000-03678176  06/02/2022 000-03708065  06/02/2022 000-03724271  06/02/2022 000-03736599  06/02/2022 000-03755299  07/16/2022 000-03762524  07/16/2022 000-03847131  07/16/2022 000-03870737  07/16/2022 000-03901139  08/22/2022 000-03919987  08/22/2022 000-03954446  08/22/2022 000-03727376  06/02/2022 000-03799809  07/16/2022 000-03942328  08/22/2022 000-03792456  07/25/2022 000-03792091  07/25/2022 000-03795649  07/25/2022 000-03870727  07/25/2022 000-03946478  07/25/2022 000-03957928  09/18/2022 000-04024418  09/18/2022 000-03983992  09/18/2022 000-04037887  09/18/2022 000-03943571  07/25/2022 000-04019140  09/18/2022 000-03896016  09/18/2022 000-04013873  09/18/2022 000-03816294  07/25/2022 000-03840731  07/25/2022 000-03859090  07/25/2022 000-03896022  09/18/2022 000-03953586  07/25/2022 000-04024410  09/18/2022 000-03786297  07/25/2022 000-03795656  07/25/2022 000-03821176  07/25/2022 000-03832508  07/25/2022 000-03838152  07/25/2022 000-03840720  07/25/2022 000-03936631  07/25/2022 000-03977935  09/18/2022 000-03987189  09/18/2022 000-04014321  09/18/2022 000-04064100  09/18/2022 ","000-03853344  07/25/2022 000-03776986  07/25/2022 000-03789361  07/25/2022 000-03795659  07/25/2022 000-03797087  07/25/2022 000-03810221  07/25/2022 000-03821168  07/25/2022 000-03823929  07/25/2022 000-03840710  07/25/2022 000-03840726  07/25/2022 000-03855615  07/25/2022 000-03859089  07/25/2022 000-03874547  07/25/2022 000-03880158  07/25/2022 000-03890474  07/25/2022 000-03896025  09/18/2022 000-03901140  09/18/2022 000-03907667  09/18/2022 000-03917563  09/18/2022 000-03927162  09/18/2022 000-03960475  09/18/2022 000-03964264  09/18/2022 000-03964267  09/18/2022 000-03980147  09/18/2022 000-03987204  09/18/2022 000-03995227  09/18/2022 000-03995266  09/18/2022 000-04000867  09/18/2022 000-04017821  09/18/2022 000-04031855  09/18/2022 000-04037883  09/18/2022 000-04050753  09/18/2022 000-03777040  07/25/2022 000-03855613  07/25/2022 000-03960478  09/18/2022 000-03983402  09/18/2022 000-04036247  09/18/2022 000-03658260  06/06/2022 000-03704521  06/06/2022 000-03712276  06/06/2022 000-03786613  07/16/2022 000-03916850  09/11/2022 000-03640251  06/06/2022 000-03645713  06/06/2022 000-03654986  06/06/2022 000-03655881  06/06/2022 000-03657237  06/06/2022 000-03658269  06/06/2022 000-03658272  06/06/2022 000-03661086  06/06/2022 000-03663719  06/06/2022 000-03664407  06/06/2022 000-03666047  06/06/2022 000-03669728  06/06/2022 000-03670391  06/06/2022 000-03676196  06/06/2022 000-03682590  06/06/2022 000-03682601  06/06/2022 000-03689355  06/06/2022 000-03696583  06/06/2022 000-03712274  06/06/2022 000-03717615  06/06/2022 000-03729903  06/06/2022 000-03729904  06/06/2022 000-03730747  06/06/2022 000-03730748  06/06/2022 000-03733038  06/06/2022 000-03736370  06/06/2022 000-03740648  07/16/2022 000-03740655  07/16/2022 000-03741499  07/16/2022 000-03751547  07/16/2022 000-03760711  07/16/2022 000-03764922  07/16/2022 000-03789753  07/16/2022 000-03799806  07/16/2022 000-03804398  07/16/2022 000-03809546  07/16/2022 000-03813448  07/16/2022 000-03816151  07/16/2022 000-03818620  07/16/2022 000-03819514  07/16/2022 000-03830950  07/16/2022 000-03832149  07/16/2022 000-03838001  07/16/2022 000-03838011  07/16/2022 000-03845016  07/16/2022 000-03845019  07/16/2022 000-03851183  07/16/2022 000-03856028  07/16/2022 000-03859087  07/16/2022 000-03859853  07/16/2022 000-03861280  07/16/2022 000-03863531  07/16/2022 000-03883008  09/11/2022 000-03900208  09/11/2022 000-03906725  09/11/2022 000-03906732  09/11/2022 000-03916849  09/11/2022 000-03919494  09/11/2022 000-03923214  09/11/2022 000-03923220  09/11/2022 000-03934947  09/11/2022 000-03936441  09/11/2022 000-03942492  09/11/2022 000-03942493  09/11/2022 000-03945262  09/11/2022 000-03952845  09/11/2022 000-03964253  09/11/2022 000-03965379  09/11/2022 000-03965384  09/11/2022 000-03971795  09/11/2022 000-03980018  09/11/2022 000-03980022  09/11/2022 000-03990021  09/11/2022 000-03990856  09/11/2022 000-03990866  09/11/2022 000-03641396  06/06/2022 000-03641402  06/06/2022 000-03643635  06/06/2022 000-03647617  06/06/2022 000-03653898  06/06/2022 000-03664415  06/06/2022 000-03670398  06/06/2022 000-03689283  06/06/2022 000-03689362  06/06/2022 000-03709302  06/06/2022 000-03709308  06/06/2022 000-03712403  06/06/2022 000-03712404  06/06/2022 000-03764915  07/16/2022 000-03764916  07/16/2022 000-03768604  07/16/2022 000-03772734  07/16/2022 000-03785197  07/16/2022 000-03786603  07/16/2022 000-03793479  07/16/2022 000-03805961  07/16/2022 000-03810257  07/16/2022 000-03816155  07/16/2022 000-03823234  07/16/2022 000-03825808  07/16/2022 000-03838010  07/16/2022 000-03851175  07/16/2022 000-03851176  07/16/2022 000-03851181  07/16/2022 000-03856031  07/16/2022 000-03878768  09/11/2022 000-03883879  09/11/2022 000-03889967  09/11/2022 000-03889977  09/11/2022 000-03901147  09/11/2022 000-03905587  09/11/2022 000-03912082  09/11/2022 000-03916844  09/11/2022 000-03919497  09/11/2022 000-03923219  09/11/2022 000-03926073  09/11/2022 000-03926078  09/11/2022 000-03926079  09/11/2022 000-03931556  09/11/2022 000-03931557  09/11/2022 000-03934948  09/11/2022 000-03938429  09/11/2022 000-03939472  09/11/2022 000-03949638  09/11/2022 000-03952093  09/11/2022 000-03952847  09/11/2022 000-03958444  09/11/2022 000-03959955  09/11/2022 000-03965385  09/11/2022 000-03971796  09/11/2022 000-03976782  09/11/2022 000-03979109  09/11/2022 000-03992182  09/11/2022 000-04000848  09/11/2022 000-03673114  06/06/2022 000-03682591  06/06/2022 000-03696584  06/06/2022 000-03764925  07/16/2022 000-03792096  07/16/2022 000-03926067  09/11/2022 000-03990867  09/11/2022 000-03737426  06/06/2022 000-03859086  07/16/2022 000-03632564  06/06/2022 000-03632572  06/06/2022 000-03640248  06/06/2022 000-03641398  06/06/2022 000-03641401  06/06/2022 000-03643638  06/06/2022 000-03643640  06/06/2022 000-03646532  06/06/2022 000-03652577  06/06/2022 000-03654285  06/06/2022 000-03658273  06/06/2022 000-03659297  06/06/2022 000-03664406  06/06/2022 000-03666032  06/06/2022 000-03671283  06/06/2022 000-03671287  06/06/2022 000-03673112  06/06/2022 000-03676201  06/06/2022 000-03676707  06/06/2022 000-03676708  06/06/2022 000-03682586  06/06/2022 000-03689295  06/06/2022 000-03704519  06/06/2022 000-03707943  06/06/2022 000-03709304  06/06/2022 000-03712402  06/06/2022 000-03717625  06/06/2022 000-03724299  06/06/2022 000-03724306  06/06/2022 000-03726811  06/06/2022 000-03729292  06/06/2022 000-03729900  06/06/2022 000-03729901  06/06/2022 000-03730415  06/06/2022 000-03730701  06/06/2022 000-03736583  07/16/2022 000-03736862  06/06/2022 000-03736872  06/06/2022 000-03738115  06/06/2022 000-03740435  06/06/2022 000-03740653  07/16/2022 000-03741480  07/16/2022 000-03751555  07/16/2022 000-03755319  06/06/2022 000-03760705  07/16/2022 000-03760713  07/16/2022 000-03760714  07/16/2022 000-03764113  07/16/2022 000-03768600  07/16/2022 000-03768602  07/16/2022 000-03768606  07/16/2022 000-03770587  07/16/2022 000-03777406  07/16/2022 000-03785205  07/16/2022 000-03789758  07/16/2022 000-03793057  07/16/2022 000-03795658  07/16/2022 000-03795980  07/16/2022 000-03800638  07/16/2022 000-03804599  07/16/2022 000-03804954  07/16/2022 000-03806355  07/16/2022 000-03807742  07/16/2022 000-03811606  07/16/2022 000-03819520  07/16/2022 000-03820585  07/16/2022 000-03823648  07/16/2022 000-03837999  07/16/2022 000-03838007  07/16/2022 000-03838008  07/16/2022 000-03841209  07/16/2022 000-03845025  07/16/2022 000-03845031  07/16/2022 000-03848481  07/16/2022 000-03856030  07/16/2022 000-03870669  07/16/2022 000-03870676  07/16/2022 000-03870681  07/16/2022 000-03870687  07/16/2022 000-03876257  07/16/2022 000-03876268  07/16/2022 000-03882325  09/11/2022 000-03889961  09/11/2022 000-03893404  09/11/2022 000-03895711  09/11/2022 000-03895721  09/11/2022 000-03895723  09/11/2022 000-03896802  09/11/2022 000-03909217  09/11/2022 000-03912814  09/11/2022 000-03916836  09/11/2022 000-03916852  09/11/2022 000-03919496  09/11/2022 000-03923213  09/11/2022 000-03926071  09/11/2022 000-03932180  09/11/2022 000-03934941  09/11/2022 000-03934942  09/11/2022 000-03934943  09/11/2022 000-03936444  09/11/2022 000-03936445  09/11/2022 000-03938428  09/11/2022 000-03938438  09/11/2022 000-03945264  09/11/2022 000-03947013  09/11/2022 000-03949637  09/11/2022 000-03952843  09/11/2022 000-03952846  09/11/2022 000-03963085  09/11/2022 000-03965388  09/11/2022 000-03966431  09/11/2022 000-03969239  09/11/2022 000-03971805  09/11/2022 000-03973816  09/11/2022 000-03974469  09/11/2022 000-03976790  09/11/2022 000-03980021  09/11/2022 000-03983386  09/11/2022 000-03983399  09/11/2022 000-03985643  09/11/2022 000-03993119  09/11/2022 000-04000847  09/11/2022 000-04002325  09/11/2022 000-03734543  06/06/2022 000-03746498  06/06/2022 000-03772737  07/16/2022 000-03807748  07/16/2022 000-03844993  07/16/2022 000-03881290  09/11/2022 000-03989976  09/11/2022 000-03632568  06/06/2022 000-03634048  06/06/2022 000-03637922  06/06/2022 000-03644378  06/06/2022 000-03644384  06/06/2022 000-03645716  06/06/2022 000-03646531  06/06/2022 000-03647620  06/06/2022 000-03652593  06/06/2022 000-03660787  06/06/2022 000-03663749  06/06/2022 000-03665268  06/06/2022 000-03666044  06/06/2022 000-03669719  06/06/2022 000-03671285  06/06/2022 000-03673111  06/06/2022 000-03696585  06/06/2022 000-03707942  06/06/2022 000-03707944  06/06/2022 000-03714734  06/06/2022 000-03717627  06/06/2022 000-03730705  06/06/2022 000-03754673  07/16/2022 000-03757991  07/16/2022 000-03762962  07/16/2022 000-03768598  07/16/2022 000-03771854  07/16/2022 000-03771863  07/16/2022 000-03782193  07/16/2022 000-03799117  07/16/2022 000-03803812  07/16/2022 000-03814339  07/16/2022 000-03820583  07/16/2022 000-03832146  07/16/2022 000-03841850  07/16/2022 000-03856025  07/16/2022 000-03866898  07/16/2022 000-03878766  09/11/2022 000-03880565  09/11/2022 000-03882316  09/11/2022 000-03889971  09/11/2022 000-03895710  09/11/2022 000-03895714  09/11/2022 000-03899674  09/11/2022 000-03900204  09/11/2022 000-03903206  09/11/2022 000-03906729  09/11/2022 000-03916843  09/11/2022 000-03938435  09/11/2022 000-03958429  09/11/2022 000-03964271  09/11/2022 000-03964272  09/11/2022 000-03966590  09/11/2022 000-03984581  09/11/2022 000-03985642  09/11/2022 000-04008344  09/11/2022 000-03689282  06/06/2022 000-03702867  06/06/2022 000-03704514  06/06/2022 000-03712405  06/06/2022 000-03747923  06/06/2022 000-03750499  07/16/2022 000-03777060  07/16/2022 000-03785202  07/16/2022 000-03787081  07/16/2022 000-03829490  07/16/2022 000-03845022  07/16/2022 000-03848480  07/16/2022 000-03848484  07/16/2022 000-03856139  07/16/2022 000-03874970  09/11/2022 000-03903199  09/11/2022 000-03909214  09/11/2022 000-03909215  09/11/2022 000-03916845  09/11/2022 000-03931564  09/11/2022 000-03934950  09/11/2022 000-03934952  09/11/2022 000-03947019  09/11/2022 000-04006107  09/11/2022 000-03637917  06/06/2022 000-03689829  06/06/2022 000-03707945  06/06/2022 000-03779003  07/16/2022 000-03871223  07/16/2022 000-03873937  07/16/2022 000-03919500  09/11/2022 000-03945438  09/11/2022 000-03948046  09/11/2022 000-03974625  09/11/2022 000-03648746  06/06/2022 000-03663757  06/06/2022 000-03709305  06/06/2022 000-03730703  06/06/2022 000-03760708  07/16/2022 000-03782194  07/16/2022 000-03786604  07/16/2022 000-03805962  07/16/2022 000-03870675  07/16/2022 000-03885491  09/11/2022 000-03900730  09/11/2022 000-04000849  09/11/2022 000-03632558  06/06/2022 000-03632574  06/06/2022 000-03634050  06/06/2022 000-03637916  06/06/2022 000-03637920  06/06/2022 000-03640246  06/06/2022 000-03640257  06/06/2022 000-03644382  06/06/2022 000-03648749  06/06/2022 000-03651322  06/06/2022 000-03654770  06/06/2022 000-03655003  06/06/2022 000-03658262  06/06/2022 000-03658270  06/06/2022 000-03666029  06/06/2022 000-03669257  06/06/2022 000-03669724  06/06/2022 000-03669727  06/06/2022 000-03676244  06/06/2022 000-03676711  06/06/2022 000-03679208  06/06/2022 000-03682598  06/06/2022 000-03682602  06/06/2022 000-03689281  06/06/2022 000-03689356  06/06/2022 000-03702904  06/06/2022 000-03704506  06/06/2022 000-03704526  06/06/2022 000-03704530  06/06/2022 000-03707948  06/06/2022 000-03712271  06/06/2022 000-03712278  06/06/2022 000-03717617  06/06/2022 000-03724300  06/06/2022 000-03724301  06/06/2022 000-03724303  06/06/2022 000-03729905  06/06/2022 000-03730416  06/06/2022 000-03734538  06/06/2022 000-03734542  06/06/2022 000-03736361  06/06/2022 000-03747930  06/06/2022 000-03747931  06/06/2022 000-03750497  07/16/2022 000-03752889  06/06/2022 000-03754675  06/06/2022 000-03760707  07/16/2022 000-03764919  07/16/2022 000-03764920  07/16/2022 000-03765818  07/16/2022 000-03767869  07/16/2022 000-03770581  07/16/2022 000-03777134  07/16/2022 000-03782189  07/16/2022 000-03782196  07/16/2022 000-03783043  07/16/2022 000-03791247  07/16/2022 000-03792101  07/16/2022 000-03794990  07/16/2022 000-03798726  07/16/2022 000-03799118  07/16/2022 000-03808316  07/16/2022 000-03810249  07/16/2022 000-03811074  07/16/2022 000-03815152  07/16/2022 000-03816343  07/16/2022 000-03823578  07/16/2022 000-03826495  07/16/2022 000-03827158  07/16/2022 000-03830939  07/16/2022 000-03830951  07/16/2022 000-03832749  07/16/2022 000-03832750  07/16/2022 000-03832753  07/16/2022 000-03834216  07/16/2022 000-03836382  07/16/2022 000-03836430  07/16/2022 000-03841858  07/16/2022 000-03843651  07/16/2022 000-03848477  07/16/2022 000-03848479  07/16/2022 000-03849107  07/16/2022 000-03851172  07/16/2022 000-03856023  07/16/2022 000-03856024  07/16/2022 000-03856026  07/16/2022 000-03856027  07/16/2022 000-03856135  07/16/2022 000-03856140  07/16/2022 000-03859093  07/16/2022 000-03863529  07/16/2022 000-03866900  07/16/2022 000-03867198  07/16/2022 000-03867600  07/16/2022 000-03870683  07/16/2022 000-03873127  07/16/2022 000-03874969  09/11/2022 000-03881294  09/11/2022 000-03889959  09/11/2022 000-03889965  09/11/2022 000-03889969  09/11/2022 000-03895722  09/11/2022 000-03896804  09/11/2022 000-03903195  09/11/2022 000-03903196  09/11/2022 000-03905591  09/11/2022 000-03909224  09/11/2022 000-03912085  09/11/2022 000-03912809  09/11/2022 000-03916838  09/11/2022 000-03916846  09/11/2022 000-03916848  09/11/2022 000-03920384  09/11/2022 000-03926068  09/11/2022 000-03931560  09/11/2022 000-03934944  09/11/2022 000-03934945  09/11/2022 000-03942482  09/11/2022 000-03942704  09/11/2022 000-03942706  09/11/2022 000-03945266  09/11/2022 000-03945322  09/11/2022 000-03946471  09/11/2022 000-03946472  09/11/2022 000-03949633  09/11/2022 000-03952838  09/11/2022 000-03952841  09/11/2022 000-03958432  09/11/2022 000-03958438  09/11/2022 000-03958441  09/11/2022 000-03960604  09/11/2022 000-03966435  09/11/2022 000-03968020  09/11/2022 000-03969696  09/11/2022 000-03970065  09/11/2022 000-03973136  09/11/2022 000-03973157  09/11/2022 000-03974668  09/11/2022 000-03979893  09/11/2022 000-03980023  09/11/2022 000-03990022  09/11/2022 000-03990864  09/11/2022 000-03993114  09/11/2022 000-03993121  09/11/2022 000-03993127  09/11/2022 000-04000846  09/11/2022 000-04000854  09/11/2022 000-04002332  09/11/2022 000-04009547  09/11/2022 000-03651329  06/06/2022 000-03657096  06/06/2022 000-03679211  06/06/2022 000-03707947  06/06/2022 000-03709306  06/06/2022 000-03747922  06/06/2022 000-03863522  07/16/2022 000-03873946  07/16/2022 000-03876254  09/11/2022 000-03881764  09/11/2022 000-03964248  09/11/2022 000-03643645  06/06/2022 000-03679212  06/06/2022 000-03772740  07/16/2022 000-03794998  07/16/2022 000-03804953  07/16/2022 000-03851178  07/16/2022 000-03901150  09/11/2022 000-03909216  09/11/2022 000-03985632  09/11/2022 000-03741496  07/16/2022 000-03750495  07/16/2022 000-03760702  07/16/2022 000-03803076  07/16/2022 000-03807562  07/16/2022 000-03809547  07/16/2022 000-03856029  07/16/2022 000-03900727  09/11/2022 000-03962181  09/11/2022 000-03655882  06/06/2022 000-03669730  06/06/2022 000-03673113  06/06/2022 000-03694157  06/06/2022 000-03712275  06/06/2022 000-03724309  06/06/2022 000-03755316  06/06/2022 000-03767871  07/16/2022 000-03776994  07/16/2022 000-03782192  07/16/2022 000-03791238  07/16/2022 000-03792512  07/16/2022 000-03810250  07/16/2022 000-03836010  07/16/2022 000-03841857  07/16/2022 000-03841859  07/16/2022 000-03874963  07/16/2022 000-03883877  09/11/2022 000-03896801  09/11/2022 000-03912087  09/11/2022 000-03919499  09/11/2022 000-03952837  09/11/2022 000-03958445  09/11/2022 000-03974501  09/11/2022 000-03990032  09/11/2022 000-03632565  06/06/2022 000-03637924  06/06/2022 000-03641399  06/06/2022 000-03670393  06/06/2022 000-03682588  06/06/2022 000-03696579  06/06/2022 000-03712277  06/06/2022 000-03782195  07/16/2022 000-03797080  07/16/2022 000-03798008  07/16/2022 000-03909220  09/11/2022 000-03952839  09/11/2022 000-03961726  09/11/2022 000-03634046  06/06/2022 000-03640259  06/06/2022 000-03646183  06/06/2022 000-03651328  06/06/2022 000-03652589  06/06/2022 000-03654076  06/06/2022 000-03654779  06/06/2022 000-03657239  06/06/2022 000-03658266  06/06/2022 000-03658271  06/06/2022 000-03659303  06/06/2022 000-03660785  06/06/2022 000-03673120  06/06/2022 000-03673123  06/06/2022 000-03682587  06/06/2022 000-03689354  06/06/2022 000-03696581  06/06/2022 000-03707941  06/06/2022 000-03712272  06/06/2022 000-03722483  06/06/2022 000-03722484  06/06/2022 000-03724302  06/06/2022 000-03729309  06/06/2022 000-03730872  06/06/2022 000-03752883  06/06/2022 000-03760706  07/16/2022 000-03764918  07/16/2022 000-03770582  07/16/2022 000-03777056  07/16/2022 000-03783042  07/16/2022 000-03796361  07/16/2022 000-03800506  07/16/2022 000-03806363  07/16/2022 000-03807841  07/16/2022 000-03821648  07/16/2022 000-03856022  07/16/2022 000-03859094  07/16/2022 000-03859095  07/16/2022 000-03859852  07/16/2022 000-03872457  07/16/2022 000-03872553  07/16/2022 000-03877450  09/11/2022 000-03883310  09/11/2022 000-03883988  09/11/2022 000-03889976  09/11/2022 000-03912819  09/11/2022 000-03916840  09/11/2022 000-03931561  09/11/2022 000-03932176  09/11/2022 000-03934939  09/11/2022 000-03934946  09/11/2022 000-03947014  09/11/2022 000-03966425  09/11/2022 000-03974981  09/11/2022 000-04004999  09/11/2022 000-04008347  09/11/2022 000-03658268  06/06/2022 000-03885497  09/11/2022 000-03969233  09/11/2022 000-04003570  09/11/2022 000-03653891  06/06/2022 000-03811081  07/16/2022 000-03811612  07/16/2022 000-03658261  06/06/2022 000-03682589  06/06/2022 000-03704524  06/06/2022 000-03730875  06/06/2022 000-03767868  07/16/2022 000-03778991  07/16/2022 000-03794988  07/16/2022 000-03863526  07/16/2022 000-03920387  09/11/2022 000-03945259  09/11/2022 000-03970860  09/11/2022 000-03990860  09/11/2022 000-03634045  06/06/2022 000-03702832  06/06/2022 000-03740535  06/06/2022 000-03760715  07/16/2022 000-03798719  07/16/2022 000-03851177  07/16/2022 000-03931559  09/11/2022 000-03613443  06/10/2022 000-03788499  08/10/2022 000-03828803  08/30/2022 000-03912005  10/01/2022 000-03796045  08/18/2022 000-03776526  08/11/2022 000-03865667  09/13/2022 000-03644373  06/02/2022 000-03644994  06/02/2022 000-03671528  06/02/2022 000-03702903  06/02/2022 000-03704450  06/02/2022 000-03713105  06/02/2022 000-03722485  06/02/2022 000-03727364  06/02/2022 000-03733445  06/02/2022 000-03750702  06/02/2022 000-03750705  06/02/2022 000-03764910  06/02/2022 000-03764911  06/02/2022 000-03777400  06/02/2022 000-03782174  06/02/2022 000-03782184  06/02/2022 000-03802823  08/01/2022 000-03813401  08/01/2022 000-03829499  08/01/2022 000-03836282  08/01/2022 000-03836286  08/01/2022 000-03842269  08/01/2022 000-03855814  08/01/2022 000-03855815  08/01/2022 000-03876251  08/01/2022 000-03876270  08/01/2022 000-03879048  08/01/2022 000-03885769  09/16/2022 000-03905585  08/01/2022 000-03920375  08/01/2022 000-03924248  08/01/2022 000-03954389  09/16/2022 000-03971512  09/16/2022 000-03976780  09/16/2022 000-03983450  09/16/2022 000-03995181  09/16/2022 000-04002283  09/16/2022 000-04014428  09/16/2022 000-04019153  09/16/2022 000-04022474  09/16/2022 000-04026969  09/16/2022 000-04028571  09/16/2022 000-04030784  09/16/2022 000-04048392  09/16/2022 000-04048397  09/16/2022 000-04053135  09/16/2022 000-04069996  09/16/2022 000-04070065  09/16/2022 000-03620438  06/02/2022 000-03644372  06/02/2022 000-03692006  06/02/2022 000-03704457  06/02/2022 000-03704463  06/02/2022 000-03706220  06/02/2022 000-03714804  06/02/2022 000-03764902  06/02/2022 000-03773627  06/02/2022 000-03777020  06/02/2022 000-03785200  06/02/2022 000-03787085  08/01/2022 000-03789281  08/01/2022 000-03791243  08/01/2022 000-03800030  08/01/2022 000-03805732  08/01/2022 000-03817227  08/01/2022 000-03827793  08/01/2022 000-03841815  08/01/2022 000-03851137  08/01/2022 000-03855830  08/01/2022 000-03870715  08/01/2022 000-03880632  08/01/2022 000-03884987  08/01/2022 000-03891119  09/16/2022 000-03910425  09/16/2022 000-03937562  08/01/2022 000-03941949  09/16/2022 000-03947596  09/16/2022 000-03959541  09/16/2022 000-03991226  09/16/2022 000-03996628  09/16/2022 000-04008226  09/16/2022 000-04019143  09/16/2022 000-04040412  09/16/2022 000-04048607  09/16/2022 000-04072309  09/16/2022 000-03624871  06/02/2022 000-03626105  06/02/2022 000-03635107  06/02/2022 000-03639768  06/02/2022 000-03651260  06/02/2022 000-03651269  06/02/2022 000-03657807  06/02/2022 000-03682143  06/02/2022 000-03686530  06/02/2022 000-03737056  06/02/2022 000-03770580  06/02/2022 000-03782186  06/02/2022 000-03785195  08/01/2022 000-03813398  08/01/2022 000-03819179  08/01/2022 000-03832507  08/01/2022 000-03845024  08/01/2022 000-03858784  08/01/2022 000-03861620  08/01/2022 000-03861624  08/01/2022 000-03868591  08/01/2022 000-03905577  08/01/2022 000-03910422  09/16/2022 000-03926010  09/16/2022 000-03947000  09/16/2022 000-03955993  09/16/2022 000-03985613  09/16/2022 000-04002275  09/16/2022 000-04017052  09/16/2022 000-04063950  09/16/2022 000-04072318  09/16/2022 000-03626111  06/02/2022 000-03682130  06/02/2022 000-03692016  06/02/2022 000-03704456  06/02/2022 000-03824156  08/01/2022 000-03845015  08/01/2022 000-03845023  08/01/2022 000-03855823  08/01/2022 000-03858143  08/01/2022 000-03860482  08/01/2022 000-03870708  08/01/2022 000-03907006  09/16/2022 000-03946466  09/16/2022 000-03955985  09/16/2022 000-03960017  09/16/2022 000-03984330  09/16/2022 000-04057064  09/16/2022 000-04057067  09/16/2022 000-03727381  06/02/2022 000-03738061  06/02/2022 000-03791239  08/01/2022 000-03851127  08/01/2022 000-03890458  08/01/2022 000-03971518  09/16/2022 000-04057065  09/16/2022 000-03623771  06/02/2022 000-03639773  06/02/2022 000-03639776  06/02/2022 000-03644371  06/02/2022 000-03654078  06/02/2022 000-03660559  06/02/2022 000-03671533  06/02/2022 000-03713481  06/02/2022 000-03727365  06/02/2022 000-03750691  06/02/2022 000-03750693  06/02/2022 000-03777019  06/02/2022 000-03785199  08/01/2022 000-03787075  08/01/2022 000-03789280  08/01/2022 000-03836931  08/01/2022 000-03858793  08/01/2022 000-03858794  08/01/2022 000-03876263  08/01/2022 000-03879672  08/01/2022 000-03883004  08/01/2022 000-03890467  09/16/2022 000-03920373  08/01/2022 000-03941954  09/16/2022 000-03946465  09/16/2022 000-03955983  09/16/2022 000-03955987  09/16/2022 000-03974697  09/16/2022 000-04017049  09/16/2022 000-04053137  09/16/2022 000-04072312  09/16/2022 000-03660280  06/02/2022 000-03664816  06/02/2022 000-03692010  06/02/2022 000-03722455  06/02/2022 000-03722481  06/02/2022 000-03757682  06/02/2022 000-03764901  06/02/2022 000-03782178  06/02/2022 000-03789286  08/01/2022 000-03806566  08/01/2022 000-03855826  08/01/2022 000-03879045  08/01/2022 000-03897768  09/16/2022 000-03926006  09/16/2022 000-03955984  09/16/2022 000-03960015  09/16/2022 000-03968720  09/16/2022 000-03971511  09/16/2022 000-04000865  09/16/2022 000-04015313  09/16/2022 000-04046280  09/16/2022 000-04048615  09/16/2022 000-04070050  09/16/2022 000-04072316  09/16/2022 000-03722486  06/02/2022 000-03762580  06/02/2022 000-03786631  08/01/2022 000-03849108  08/01/2022 000-03861631  08/01/2022 000-04057066  09/16/2022 000-04063954  09/16/2022 000-03812756  08/18/2022 000-03593626  06/04/2022 000-03595743  06/04/2022 000-03604349  06/07/2022 000-03729584  07/25/2022 000-03751161  08/01/2022 000-03826463  08/29/2022 000-03845847  09/06/2022 000-03856871  09/11/2022 000-03617761  06/12/2022 000-03657389  06/27/2022 000-03867979  09/14/2022 000-03608639  06/08/2022 000-03627839  06/15/2022 000-03665838  07/02/2022 000-03695614  07/12/2022 000-03695799  07/12/2022 000-03758226  08/05/2022 000-03767544  08/08/2022 000-03801991  08/21/2022 000-03807894  08/23/2022 000-03852629  09/09/2022 000-03872889  09/17/2022 000-03878732  09/18/2022 000-03893228  09/24/2022 000-03900492  09/26/2022 000-03623915  06/14/2022 000-03646792  06/24/2022 000-03657326  06/27/2022 000-03710430  07/18/2022 000-03777292  08/12/2022 000-03802025  08/21/2022 000-03834341  09/03/2022 000-03843554  09/05/2022 000-03686031  07/09/2022 000-03695732  07/12/2022 000-03860898  09/12/2022 000-03646797  06/24/2022 000-03674091  06/27/2022 000-03713892  07/06/2022 000-03723575  07/23/2022 000-03754982  07/10/2022 000-03804902  08/06/2022 000-03812784  08/21/2022 000-03875045  09/17/2022 000-03891374  09/01/2022 000-03898950  09/22/2022 000-03620998  06/10/2022 000-03629313  06/15/2022 000-03717957  07/20/2022 000-03810132  08/23/2022 000-03903601  09/17/2022 000-03637202  06/19/2022 000-03648745  06/06/2022 000-03660288  06/06/2022 000-03686283  06/06/2022 000-03704380  06/06/2022 000-03704392  06/06/2022 000-03772047  06/06/2022 000-03797072  07/25/2022 000-03879245  07/25/2022 000-03931073  07/25/2022 000-03952772  07/25/2022 000-03618620  06/06/2022 000-03660449  06/06/2022 000-03700653  06/06/2022 000-03738882  06/06/2022 000-03750491  06/06/2022 000-03759713  06/06/2022 000-03797076  07/25/2022 000-03830596  07/25/2022 000-03838155  07/25/2022 000-03870747  07/25/2022 000-03881356  07/25/2022 000-03895717  07/25/2022 000-03905565  07/25/2022 000-03916017  07/25/2022 000-03931086  07/25/2022 000-03938612  07/25/2022 000-03956455  07/25/2022 000-03961977  07/25/2022 000-03961980  07/25/2022 000-03652310  06/06/2022 000-03652612  06/06/2022 000-03669705  06/06/2022 000-03669707  06/06/2022 000-03671268  06/06/2022 000-03689303  06/06/2022 000-03693013  06/06/2022 000-03699186  06/06/2022 000-03740652  06/06/2022 000-03768607  06/06/2022 000-03797550  07/25/2022 000-03805954  07/25/2022 000-03830581  07/25/2022 000-03836871  06/06/2022 000-03836890  07/25/2022 000-03858928  07/25/2022 000-03862597  07/25/2022 000-03868585  07/25/2022 000-03885767  07/25/2022 000-03895724  07/25/2022 000-03905573  07/25/2022 000-03946959  07/25/2022 000-03959963  07/25/2022 000-03961971  07/25/2022 000-03963321  07/25/2022 000-03614381  06/06/2022 000-03676627  06/06/2022 000-03704391  06/06/2022 000-03747125  06/06/2022 000-03784537  07/25/2022 000-03614382  06/06/2022 000-03616240  06/06/2022 000-03617053  06/06/2022 000-03624030  06/06/2022 000-03640640  06/06/2022 000-03676620  06/06/2022 000-03680189  06/06/2022 000-03689314  06/06/2022 000-03705205  06/06/2022 000-03716924  06/06/2022 000-03778199  07/25/2022 000-03791282  07/25/2022 000-03793492  07/25/2022 000-03856013  07/25/2022 000-03880584  07/25/2022 000-03880602  07/25/2022 000-03882655  07/25/2022 000-03916022  07/25/2022 000-03920367  07/25/2022 000-03936634  07/25/2022 000-03963329  07/25/2022 000-03614387  06/06/2022 000-03615528  06/06/2022 000-03640637  06/06/2022 000-03678163  06/06/2022 000-03680201  06/06/2022 000-03730437  06/06/2022 000-03777030  07/25/2022 000-03817660  07/25/2022 000-03822829  07/25/2022 000-03859856  07/25/2022 000-03862594  07/25/2022 000-03862595  07/25/2022 000-03925615  07/25/2022 000-03941322  07/25/2022 000-03959962  07/25/2022 000-03614379  06/06/2022 000-03658969  06/06/2022 000-03664412  06/06/2022 000-03666601  06/06/2022 000-03669703  06/06/2022 000-03672910  06/06/2022 000-03676390  06/06/2022 000-03709310  06/06/2022 000-03722764  06/06/2022 000-03722774  06/06/2022 000-03736870  06/06/2022 000-03768608  06/06/2022 000-03785706  07/25/2022 000-03798712  07/25/2022 000-03798912  07/25/2022 000-03800699  07/25/2022 000-03836380  07/25/2022 000-03840675  07/25/2022 000-03880309  07/25/2022 000-03902046  07/25/2022 000-03902161  07/25/2022 000-03912080  07/25/2022 000-03916024  07/25/2022 000-03919274  07/25/2022 000-03938606  07/25/2022 000-03956377  07/25/2022 000-03963323  07/25/2022 000-03966532  07/25/2022 000-03614385  06/06/2022 000-03615525  06/06/2022 000-03644984  06/06/2022 000-03648751  06/06/2022 000-03653708  06/06/2022 000-03660285  06/06/2022 000-03663736  06/06/2022 000-03669710  06/06/2022 000-03689310  06/06/2022 000-03696494  06/06/2022 000-03712376  06/06/2022 000-03729296  06/06/2022 000-03731929  06/06/2022 000-03750509  06/06/2022 000-03759719  06/06/2022 000-03761190  06/06/2022 000-03768594  06/06/2022 000-03768595  06/06/2022 000-03772053  06/06/2022 000-03789496  07/25/2022 000-03792757  07/25/2022 000-03795653  07/25/2022 000-03795987  07/25/2022 000-03808654  07/25/2022 000-03817661  07/25/2022 000-03825781  07/25/2022 000-03830602  07/25/2022 000-03836892  06/06/2022 000-03883993  07/25/2022 000-03895713  07/25/2022 000-03905555  07/25/2022 000-03906731  07/25/2022 000-03916027  07/25/2022 000-03916030  07/25/2022 000-03919283  07/25/2022 000-03938608  07/25/2022 000-03943580  07/25/2022 000-03952775  07/25/2022 000-03967246  07/25/2022 000-03669709  06/06/2022 000-03741490  06/06/2022 000-03793392  07/25/2022 000-03817659  07/25/2022 000-03870769  07/25/2022 000-03920370  07/25/2022 000-03624279  06/06/2022 000-03906726  07/25/2022 000-03614383  06/06/2022 000-03614384  06/06/2022 000-03615529  06/06/2022 000-03624275  06/06/2022 000-03633636  06/06/2022 000-03635812  06/06/2022 000-03640631  06/06/2022 000-03640632  06/06/2022 000-03640633  06/06/2022 000-03640641  06/06/2022 000-03644418  06/06/2022 000-03644426  06/06/2022 000-03650927  06/06/2022 000-03652609  06/06/2022 000-03653713  06/06/2022 000-03658276  06/06/2022 000-03658279  06/06/2022 000-03658280  06/06/2022 000-03659755  06/06/2022 000-03666612  06/06/2022 000-03669704  06/06/2022 000-03671265  06/06/2022 000-03672906  06/06/2022 000-03676630  06/06/2022 000-03680186  06/06/2022 000-03680187  06/06/2022 000-03682570  06/06/2022 000-03689304  06/06/2022 000-03696500  06/06/2022 000-03704382  06/06/2022 000-03707953  06/06/2022 000-03709298  06/06/2022 000-03718919  06/06/2022 000-03720659  06/06/2022 000-03722189  06/06/2022 000-03722668  06/06/2022 000-03729300  06/06/2022 000-03740544  06/06/2022 000-03747127  06/06/2022 000-03748242  06/06/2022 000-03750507  06/06/2022 000-03752939  06/06/2022 000-03755305  06/06/2022 000-03761185  06/06/2022 000-03766336  06/06/2022 000-03768599  06/06/2022 000-03768605  06/06/2022 000-03771861  06/06/2022 000-03772043  06/06/2022 000-03773127  06/06/2022 000-03773129  06/06/2022 000-03777402  07/25/2022 000-03782164  06/06/2022 000-03785708  07/25/2022 000-03787970  07/25/2022 000-03795663  07/25/2022 000-03801176  07/25/2022 000-03803068  07/25/2022 000-03803827  07/25/2022 000-03817651  07/25/2022 000-03823580  07/25/2022 000-03825779  07/25/2022 000-03836873  07/25/2022 000-03836878  07/25/2022 000-03840678  07/25/2022 000-03840680  07/25/2022 000-03845720  07/25/2022 000-03847676  07/25/2022 000-03848682  07/25/2022 000-03851132  07/25/2022 000-03854799  07/25/2022 000-03855995  07/25/2022 000-03855996  07/25/2022 000-03855998  07/25/2022 000-03859850  07/25/2022 000-03862588  07/25/2022 000-03862590  07/25/2022 000-03866057  07/25/2022 000-03869171  07/25/2022 000-03870745  07/25/2022 000-03870757  07/25/2022 000-03870768  07/25/2022 000-03871779  07/25/2022 000-03871810  07/25/2022 000-03877943  07/25/2022 000-03887864  07/25/2022 000-03891867  07/25/2022 000-03905557  07/25/2022 000-03906728  07/25/2022 000-03906730  07/25/2022 000-03908003  07/25/2022 000-03912089  07/25/2022 000-03916031  07/25/2022 000-03919278  07/25/2022 000-03923184  07/25/2022 000-03925613  07/25/2022 000-03931077  07/25/2022 000-03931082  07/25/2022 000-03933442  07/25/2022 000-03936642  07/25/2022 000-03942324  07/25/2022 000-03946480  07/25/2022 000-03946963  07/25/2022 000-03947822  07/25/2022 000-03948757  07/25/2022 000-03952773  07/25/2022 000-03964282  07/25/2022 000-03967234  07/25/2022 000-03716931  06/06/2022 000-03806568  07/25/2022 000-03840684  07/25/2022 000-03923194  07/25/2022 000-03952774  07/25/2022 000-03959954  07/25/2022 000-03624278  06/06/2022 000-03632571  06/06/2022 000-03633637  06/06/2022 000-03671272  06/06/2022 000-03689302  06/06/2022 000-03704394  06/06/2022 000-03707950  06/06/2022 000-03707952  06/06/2022 000-03737031  06/06/2022 000-03777415  07/25/2022 000-03840681  07/25/2022 000-03848700  07/25/2022 000-03890491  07/25/2022 000-03896389  07/25/2022 000-03902153  07/25/2022 000-03925604  07/25/2022 000-03632566  06/06/2022 000-03633638  06/06/2022 000-03648744  06/06/2022 000-03672857  06/06/2022 000-03686279  06/06/2022 000-03736871  06/06/2022 000-03761188  06/06/2022 000-03776984  06/06/2022 000-03816259  07/25/2022 000-03845786  07/25/2022 000-03869165  07/25/2022 000-03871815  07/25/2022 000-03924858  07/25/2022 000-03946961  07/25/2022 000-03952778  07/25/2022 000-03966592  07/25/2022 000-03614378  06/06/2022 000-03615940  06/06/2022 000-03624265  06/06/2022 000-03631889  06/06/2022 000-03631890  06/06/2022 000-03631891  06/06/2022 000-03632560  06/06/2022 000-03633648  06/06/2022 000-03633650  06/06/2022 000-03640646  06/06/2022 ","000-03644413  06/06/2022 000-03658278  06/06/2022 000-03660444  06/06/2022 000-03663755  06/06/2022 000-03676631  06/06/2022 000-03689308  06/06/2022 000-03696496  06/06/2022 000-03696498  06/06/2022 000-03696513  06/06/2022 000-03707949  06/06/2022 000-03709299  06/06/2022 000-03709301  06/06/2022 000-03712379  06/06/2022 000-03722787  06/06/2022 000-03729299  06/06/2022 000-03729305  06/06/2022 000-03730439  06/06/2022 000-03731930  06/06/2022 000-03738127  06/06/2022 000-03747132  06/06/2022 000-03748239  06/06/2022 000-03750512  06/06/2022 000-03766693  06/06/2022 000-03771862  06/06/2022 000-03784534  06/06/2022 000-03785702  06/06/2022 000-03792095  07/25/2022 000-03793378  07/25/2022 000-03794082  07/25/2022 000-03799112  07/25/2022 000-03802080  07/25/2022 000-03802322  07/25/2022 000-03804989  07/25/2022 000-03814334  07/25/2022 000-03817657  07/25/2022 000-03817662  07/25/2022 000-03823936  07/25/2022 000-03836274  06/06/2022 000-03836882  07/25/2022 000-03836891  07/25/2022 000-03845781  07/25/2022 000-03851138  07/25/2022 000-03851140  07/25/2022 000-03858925  07/25/2022 000-03866049  07/25/2022 000-03869179  07/25/2022 000-03869181  07/25/2022 000-03895718  07/25/2022 000-03905554  07/25/2022 000-03912090  07/25/2022 000-03925610  07/25/2022 000-03931096  07/25/2022 000-03931098  07/25/2022 000-03933436  07/25/2022 000-03936638  07/25/2022 000-03952770  07/25/2022 000-03956373  07/25/2022 000-03961705  07/25/2022 000-03963330  07/25/2022 000-03967245  07/25/2022 000-03967247  07/25/2022 000-03968722  07/25/2022 000-03700643  06/06/2022 000-03855997  07/25/2022 000-03859855  07/25/2022 000-03915209  07/25/2022 000-03658289  06/06/2022 000-03660418  06/06/2022 000-03663740  06/06/2022 000-03664413  06/06/2022 000-03666602  06/06/2022 000-03666609  06/06/2022 000-03716925  06/06/2022 000-03731923  06/06/2022 000-03731924  06/06/2022 000-03747131  06/06/2022 000-03748243  06/06/2022 000-03755304  06/06/2022 000-03792762  07/25/2022 000-03794073  07/25/2022 000-03797216  07/25/2022 000-03807363  07/25/2022 000-03827518  06/06/2022 000-03840686  07/25/2022 000-03856018  07/25/2022 000-03880297  07/25/2022 000-03916023  07/25/2022 000-03923186  07/25/2022 000-03925609  07/25/2022 000-03931088  07/25/2022 000-03952776  07/25/2022 000-03956457  07/25/2022 000-03960605  07/25/2022 000-03965006  07/25/2022 000-03614380  06/06/2022 000-03615524  06/06/2022 000-03615530  06/06/2022 000-03618627  06/06/2022 000-03621455  06/06/2022 000-03624035  06/06/2022 000-03624267  06/06/2022 000-03632573  06/06/2022 000-03644423  06/06/2022 000-03645715  06/06/2022 000-03646204  06/06/2022 000-03647061  06/06/2022 000-03650925  06/06/2022 000-03650926  06/06/2022 000-03650929  06/06/2022 000-03650930  06/06/2022 000-03657407  06/06/2022 000-03658274  06/06/2022 000-03660851  06/06/2022 000-03663748  06/06/2022 000-03666614  06/06/2022 000-03666615  06/06/2022 000-03671269  06/06/2022 000-03676621  06/06/2022 000-03689311  06/06/2022 000-03699185  06/06/2022 000-03699648  06/06/2022 000-03700648  06/06/2022 000-03700649  06/06/2022 000-03704379  06/06/2022 000-03704388  06/06/2022 000-03704393  06/06/2022 000-03705206  06/06/2022 000-03705207  06/06/2022 000-03709300  06/06/2022 000-03712380  06/06/2022 000-03716930  06/06/2022 000-03716933  06/06/2022 000-03722519  06/06/2022 000-03722520  06/06/2022 000-03724668  06/06/2022 000-03729307  06/06/2022 000-03730432  06/06/2022 000-03730438  06/06/2022 000-03730440  06/06/2022 000-03734816  06/06/2022 000-03740650  06/06/2022 000-03747124  06/06/2022 000-03747130  06/06/2022 000-03752930  06/06/2022 000-03752932  06/06/2022 000-03759711  06/06/2022 000-03759720  06/06/2022 000-03761187  06/06/2022 000-03768601  06/06/2022 000-03778209  07/25/2022 000-03784541  07/25/2022 000-03784547  07/25/2022 000-03790375  07/25/2022 000-03790381  07/25/2022 000-03792540  07/25/2022 000-03792760  07/25/2022 000-03793475  07/25/2022 000-03799114  07/25/2022 000-03799127  07/25/2022 000-03802041  07/25/2022 000-03803814  07/25/2022 000-03807820  07/25/2022 000-03819812  07/25/2022 000-03821133  07/25/2022 000-03821136  07/25/2022 000-03822828  07/25/2022 000-03829492  06/06/2022 000-03829496  06/06/2022 000-03830601  07/25/2022 000-03836888  07/25/2022 000-03840683  07/25/2022 000-03848681  07/25/2022 000-03855994  07/25/2022 000-03857443  07/25/2022 000-03858937  07/25/2022 000-03862592  07/25/2022 000-03870755  07/25/2022 000-03873668  07/25/2022 000-03876456  07/25/2022 000-03883016  07/25/2022 000-03885757  07/25/2022 000-03890271  07/25/2022 000-03891800  07/25/2022 000-03891810  07/25/2022 000-03891835  07/25/2022 000-03892000  07/25/2022 000-03896392  07/25/2022 000-03896397  07/25/2022 000-03896398  07/25/2022 000-03906727  07/25/2022 000-03909736  07/25/2022 000-03909742  07/25/2022 000-03909746  07/25/2022 000-03912083  07/25/2022 000-03912084  07/25/2022 000-03912086  07/25/2022 000-03919275  07/25/2022 000-03931091  07/25/2022 000-03933454  07/25/2022 000-03942339  07/25/2022 000-03943578  07/25/2022 000-03946484  07/25/2022 000-03946485  07/25/2022 000-03947821  07/25/2022 000-03952780  07/25/2022 000-03956375  07/25/2022 000-03959951  07/25/2022 000-03963317  07/25/2022 000-03654385  06/06/2022 000-03707954  06/06/2022 000-03741478  06/06/2022 000-03819804  07/25/2022 000-03856000  07/25/2022 000-03873657  07/25/2022 000-03919273  07/25/2022 000-03933450  07/25/2022 000-03666600  06/06/2022 000-03669701  06/06/2022 000-03704381  06/06/2022 000-03735789  06/06/2022 000-03738883  06/06/2022 000-03759708  06/06/2022 000-03782167  07/25/2022 000-03895720  07/25/2022 000-03956463  07/25/2022 000-03614386  06/06/2022 000-03632567  06/06/2022 000-03644991  06/06/2022 000-03663729  06/06/2022 000-03696506  06/06/2022 000-03704390  06/06/2022 000-03722786  06/06/2022 000-03730445  06/06/2022 000-03731928  06/06/2022 000-03734818  06/06/2022 000-03735786  06/06/2022 000-03747123  06/06/2022 000-03761184  06/06/2022 000-03771324  06/06/2022 000-03814329  07/25/2022 000-03821139  07/25/2022 000-03827165  06/06/2022 000-03869172  07/25/2022 000-03873672  07/25/2022 000-03887536  07/25/2022 000-03916029  07/25/2022 000-03919276  07/25/2022 000-03925603  07/25/2022 000-03946486  07/25/2022 000-03952781  07/25/2022 000-03967237  07/25/2022 000-03785560  08/15/2022 000-03658288  06/17/2022 000-03696775  06/17/2022 000-03707903  06/17/2022 000-03672808  06/17/2022 000-03717977  06/17/2022 000-03685111  06/17/2022 000-03702908  06/17/2022 000-03707920  06/17/2022 000-03733189  06/17/2022 000-03693474  06/17/2022 000-03707924  06/17/2022 000-03715434  06/17/2022 000-03729287  06/17/2022 000-03733499  06/17/2022 000-03817955  08/27/2022 000-03726702  07/23/2022 000-03730169  07/23/2022 000-03832184  07/23/2022 000-03866117  08/27/2022 000-03927959  07/23/2022 000-04025367  08/27/2022 000-03726697  07/23/2022 000-03726700  07/23/2022 000-03733032  07/23/2022 000-03755317  07/23/2022 000-03766283  07/23/2022 000-03773637  07/23/2022 000-03785997  07/23/2022 000-03789222  07/23/2022 000-03802814  07/23/2022 000-03813450  07/23/2022 000-03816570  07/23/2022 000-03818622  07/23/2022 000-03819526  07/23/2022 000-03828483  07/23/2022 000-03859863  08/27/2022 000-03859870  08/27/2022 000-03865802  07/23/2022 000-03870608  08/27/2022 000-03876422  08/27/2022 000-03885215  07/23/2022 000-03909761  07/23/2022 000-03918285  08/27/2022 000-03923937  07/23/2022 000-03939471  08/27/2022 000-03954484  08/27/2022 000-03960481  08/27/2022 000-03964209  08/27/2022 000-03973127  08/27/2022 000-03995085  08/27/2022 000-03995417  08/27/2022 000-04010193  08/27/2022 000-04010194  08/27/2022 000-04015227  08/27/2022 000-04019115  08/27/2022 000-04038011  08/27/2022 000-04049846  08/27/2022 000-04053130  08/27/2022 000-04053134  08/27/2022 000-03738343  07/23/2022 000-03859862  08/27/2022 000-03960480  08/27/2022 000-03995082  08/27/2022 000-03726698  07/23/2022 000-03762506  07/23/2022 000-03764311  07/23/2022 000-03771157  07/23/2022 000-03789214  07/23/2022 000-03807823  07/23/2022 000-03827515  07/23/2022 000-03836415  07/23/2022 000-03845503  07/23/2022 000-03854308  07/23/2022 000-03891790  07/23/2022 000-03905579  07/23/2022 000-03958703  08/27/2022 000-03978270  08/27/2022 000-03983383  08/27/2022 000-03995413  08/27/2022 000-04053131  08/27/2022 000-03773438  07/23/2022 000-03803008  07/23/2022 000-03869776  08/27/2022 000-03957925  08/27/2022 000-03808656  07/23/2022 000-03809055  07/23/2022 000-03832182  07/23/2022 000-03859864  08/27/2022 000-04024440  08/27/2022 000-03726695  07/23/2022 000-03748874  07/23/2022 000-03755318  07/23/2022 000-03857274  07/23/2022 000-03995086  08/27/2022 000-04010209  08/27/2022 000-04048394  08/27/2022 000-03729388  07/23/2022 000-03742994  07/23/2022 000-03748865  07/23/2022 000-03755315  07/23/2022 000-03763916  07/23/2022 000-03791254  07/23/2022 000-03794077  07/23/2022 000-03813897  07/23/2022 000-03823022  07/23/2022 000-03829500  07/23/2022 000-03839505  07/23/2022 000-03859872  08/27/2022 000-03894778  07/23/2022 000-03900702  07/23/2022 000-03930978  08/27/2022 000-03932065  08/27/2022 000-03936224  08/27/2022 000-03942708  08/27/2022 000-03945265  08/27/2022 000-03965184  08/27/2022 000-04007661  08/27/2022 000-04013756  08/27/2022 000-04029242  08/27/2022 000-04049850  08/27/2022 000-03854306  07/23/2022 000-03909755  07/23/2022 000-03958702  08/27/2022 000-03748856  07/23/2022 000-03755146  07/23/2022 000-03755325  07/23/2022 000-03766284  07/23/2022 000-03810374  07/23/2022 000-03849146  07/23/2022 000-03864698  07/23/2022 000-03885212  08/27/2022 000-03905580  07/23/2022 000-03909772  07/23/2022 000-03917560  07/23/2022 000-03927971  08/27/2022 000-03975053  08/27/2022 000-03985014  08/27/2022 000-03995396  08/27/2022 000-04000827  08/27/2022 000-04000837  08/27/2022 000-04002434  08/27/2022 000-04028995  08/27/2022 000-04049854  08/27/2022 000-03748643  07/23/2022 000-03819528  07/23/2022 000-03839510  07/23/2022 000-04048398  08/27/2022 000-03653929  06/06/2022 000-03658287  06/06/2022 000-03660781  06/06/2022 000-03677315  06/06/2022 000-03680196  06/06/2022 000-03682137  06/06/2022 000-03692174  06/06/2022 000-03696515  06/06/2022 000-03699188  06/06/2022 000-03708051  06/06/2022 000-03722497  06/06/2022 000-03724280  06/06/2022 000-03724669  06/06/2022 000-03725079  06/06/2022 000-03725083  06/06/2022 000-03730444  07/10/2022 000-03731301  07/10/2022 000-03731932  07/10/2022 000-03732974  07/10/2022 000-03735796  07/10/2022 000-03743465  08/02/2022 000-03756086  08/02/2022 000-03763744  08/02/2022 000-03770594  08/02/2022 000-03777409  08/02/2022 000-03798505  08/02/2022 000-03801133  08/02/2022 000-03828407  08/12/2022 000-03831747  08/12/2022 000-03855983  08/12/2022 000-03855989  08/12/2022 000-03855992  08/12/2022 000-03856144  08/12/2022 000-03884690  08/12/2022 000-03900709  09/19/2022 000-03903940  09/19/2022 000-03906697  09/19/2022 000-03912070  09/19/2022 000-03919245  09/19/2022 000-03925606  09/19/2022 000-03931037  09/19/2022 000-03935955  09/19/2022 000-03942488  09/19/2022 000-03952490  09/19/2022 000-03953597  09/19/2022 000-04006099  09/19/2022 000-04008261  09/19/2022 000-03658281  06/06/2022 000-03658286  06/06/2022 000-03673100  06/06/2022 000-03675875  06/06/2022 000-03682140  06/06/2022 000-03692235  06/06/2022 000-03699190  06/06/2022 000-03707914  06/06/2022 000-03722765  06/06/2022 000-03735462  07/10/2022 000-03747178  08/02/2022 000-03773906  08/02/2022 000-03777121  08/02/2022 000-03782872  08/02/2022 000-03788600  08/02/2022 000-03796458  08/02/2022 000-03803084  08/02/2022 000-03808274  08/02/2022 000-03810634  08/02/2022 000-03822840  08/12/2022 000-03822842  08/12/2022 000-03825783  08/12/2022 000-03826737  08/12/2022 000-03838159  08/12/2022 000-03844099  08/12/2022 000-03845027  08/12/2022 000-03851352  08/12/2022 000-03855806  08/12/2022 000-03858791  08/12/2022 000-03870779  08/12/2022 000-03872150  08/12/2022 000-03879053  08/12/2022 000-03909737  09/19/2022 000-03912075  09/19/2022 000-03915075  09/19/2022 000-03919261  09/19/2022 000-03923499  09/19/2022 000-03925568  09/19/2022 000-03925569  09/19/2022 000-03925572  09/19/2022 000-03925614  09/19/2022 000-03930244  09/19/2022 000-03943819  09/19/2022 000-03949608  09/19/2022 000-03955990  09/19/2022 000-03666030  06/06/2022 000-03671140  06/06/2022 000-03689184  06/06/2022 000-03689187  06/06/2022 000-03689214  06/06/2022 000-03689284  06/06/2022 000-03691497  06/06/2022 000-03692222  06/06/2022 000-03692239  06/06/2022 000-03696343  06/06/2022 000-03696346  06/06/2022 000-03696349  06/06/2022 000-03703875  06/06/2022 000-03704313  06/06/2022 000-03704314  06/06/2022 000-03704321  06/06/2022 000-03707915  06/06/2022 000-03709126  06/06/2022 000-03709374  06/06/2022 000-03712377  06/06/2022 000-03722517  06/06/2022 000-03722775  06/06/2022 000-03724864  06/06/2022 000-03724867  06/06/2022 000-03727964  06/06/2022 000-03732175  07/10/2022 000-03738727  08/02/2022 000-03742746  08/02/2022 000-03748224  08/02/2022 000-03760651  08/02/2022 000-03760673  08/02/2022 000-03760674  08/02/2022 000-03761191  08/02/2022 000-03766316  08/02/2022 000-03768511  08/02/2022 000-03770596  08/02/2022 000-03770600  08/02/2022 000-03771033  08/02/2022 000-03771323  08/02/2022 000-03774927  08/02/2022 000-03777065  08/02/2022 000-03782183  08/02/2022 000-03782857  08/02/2022 000-03792104  08/02/2022 000-03811702  08/02/2022 000-03817468  08/02/2022 000-03825818  08/12/2022 000-03836153  08/12/2022 000-03836542  08/12/2022 000-03836841  08/12/2022 000-03840644  08/12/2022 000-03851348  08/12/2022 000-03855342  08/12/2022 000-03858789  08/12/2022 000-03871700  08/12/2022 000-03873114  08/12/2022 000-03877262  08/12/2022 000-03891999  08/12/2022 000-03896003  09/19/2022 000-03899700  09/19/2022 000-03903943  09/19/2022 000-03905562  09/19/2022 000-03906696  09/19/2022 000-03906700  09/19/2022 000-03916014  09/19/2022 000-03919279  09/19/2022 000-03925616  09/19/2022 000-03941537  09/19/2022 000-03952496  09/19/2022 000-03952761  09/19/2022 000-03956697  09/19/2022 000-03958483  09/19/2022 000-03968886  09/19/2022 000-03972749  09/19/2022 000-03991253  09/19/2022 000-04006653  09/19/2022 000-03844095  08/12/2022 000-03902158  09/19/2022 000-03682571  06/06/2022 000-03735792  07/10/2022 000-03777410  08/02/2022 000-03778837  08/02/2022 000-03784538  08/02/2022 000-03821138  08/12/2022 000-03836307  08/12/2022 000-03836313  08/12/2022 000-03873172  08/12/2022 000-03873176  08/12/2022 000-03879051  08/12/2022 000-03891940  08/12/2022 000-03891946  08/12/2022 000-03912656  09/19/2022 000-03965490  09/19/2022 000-03660117  06/06/2022 000-03683659  06/06/2022 000-03683724  06/06/2022 000-03704278  06/06/2022 000-03704323  06/06/2022 000-03712716  06/06/2022 000-03727255  06/06/2022 000-03734766  07/10/2022 000-03763137  08/02/2022 000-03771023  08/02/2022 000-03791604  08/02/2022 000-03818280  08/02/2022 000-03826428  08/12/2022 000-03865965  08/12/2022 000-03874396  08/12/2022 000-03877385  08/12/2022 000-03885766  08/12/2022 000-03897095  09/19/2022 000-03912665  09/19/2022 000-03938797  09/19/2022 000-03660112  06/06/2022 000-03664082  06/06/2022 000-03677310  06/06/2022 000-03678162  06/06/2022 000-03682139  06/06/2022 000-03689210  06/06/2022 000-03689215  06/06/2022 000-03689881  06/06/2022 000-03696174  06/06/2022 000-03696347  06/06/2022 000-03699196  06/06/2022 000-03704369  06/06/2022 000-03704370  06/06/2022 000-03709213  06/06/2022 000-03709215  06/06/2022 000-03715593  06/06/2022 000-03715595  06/06/2022 000-03717644  06/06/2022 000-03722523  06/06/2022 000-03731933  07/10/2022 000-03738729  08/02/2022 000-03738887  08/02/2022 000-03740500  08/02/2022 000-03756080  08/02/2022 000-03756081  08/02/2022 000-03756095  08/02/2022 000-03756100  08/02/2022 000-03760648  08/02/2022 000-03760667  08/02/2022 000-03777014  08/02/2022 000-03778832  08/02/2022 000-03780312  08/02/2022 000-03787087  08/02/2022 000-03792531  08/02/2022 000-03794267  08/02/2022 000-03794511  08/02/2022 000-03798722  08/02/2022 000-03802229  08/02/2022 000-03803835  08/02/2022 000-03804394  08/02/2022 000-03810640  08/02/2022 000-03811079  08/02/2022 000-03816565  08/02/2022 000-03817474  08/02/2022 000-03817653  08/02/2022 000-03820579  08/02/2022 000-03825777  08/12/2022 000-03827977  08/12/2022 000-03831752  08/12/2022 000-03834225  08/12/2022 000-03836831  08/12/2022 000-03838163  08/12/2022 000-03844100  08/12/2022 000-03845021  08/12/2022 000-03848691  08/12/2022 000-03848699  08/12/2022 000-03855799  08/12/2022 000-03872147  08/12/2022 000-03872153  08/12/2022 000-03878353  08/12/2022 000-03878961  08/12/2022 000-03879050  08/12/2022 000-03885216  08/12/2022 000-03892425  09/19/2022 000-03895780  08/12/2022 000-03897089  09/19/2022 000-03907680  09/19/2022 000-03909750  09/19/2022 000-03911964  09/19/2022 000-03920155  09/19/2022 000-03922765  09/19/2022 000-03922772  09/19/2022 000-03922774  09/19/2022 000-03928931  09/19/2022 000-03931026  09/19/2022 000-03931028  09/19/2022 000-03931032  09/19/2022 000-03931546  09/19/2022 000-03943818  09/19/2022 000-03946477  09/19/2022 000-03946968  09/19/2022 000-03956400  09/19/2022 000-03956701  09/19/2022 000-03958478  09/19/2022 000-03998563  09/19/2022 000-03659769  06/06/2022 000-03669689  06/06/2022 000-03691175  06/06/2022 000-03727810  07/10/2022 000-03735795  07/10/2022 000-03736414  07/10/2022 000-03743470  08/02/2022 000-03759715  08/02/2022 000-03760670  08/02/2022 000-03772062  08/02/2022 000-03782179  08/02/2022 000-03801342  08/02/2022 000-03803836  08/02/2022 000-03828412  08/12/2022 000-03836835  08/12/2022 000-03880769  08/12/2022 000-03896108  09/19/2022 000-03896112  09/19/2022 000-03952513  09/19/2022 000-03952514  09/19/2022 000-03952517  09/19/2022 000-03956399  09/19/2022 000-03960001  09/19/2022 000-03666042  06/06/2022 000-03691302  06/06/2022 000-03715043  06/06/2022 000-03715044  06/06/2022 000-03715597  06/06/2022 000-03744683  08/02/2022 000-03749873  08/02/2022 000-03768514  08/02/2022 000-03805291  08/02/2022 000-03819501  08/02/2022 000-03821644  08/12/2022 000-03840718  08/12/2022 000-03931029  09/19/2022 000-03934635  09/19/2022 000-03959577  09/19/2022 000-03973526  09/19/2022 000-03658283  06/06/2022 000-03660121  06/06/2022 000-03662001  06/06/2022 000-03666597  06/06/2022 000-03675877  06/06/2022 000-03680198  06/06/2022 000-03682563  06/06/2022 000-03686515  06/06/2022 000-03689882  06/06/2022 000-03704364  06/06/2022 000-03704371  06/06/2022 000-03708049  06/06/2022 000-03709182  06/06/2022 000-03734536  07/10/2022 000-03743467  08/02/2022 000-03747135  08/02/2022 000-03750129  08/02/2022 000-03770597  08/02/2022 000-03770601  08/02/2022 000-03777988  08/02/2022 000-03782180  08/02/2022 000-03797071  08/02/2022 000-03800575  08/02/2022 000-03804498  08/02/2022 000-03813356  08/02/2022 000-03820638  08/02/2022 000-03822834  08/12/2022 000-03827954  08/12/2022 000-03844093  08/12/2022 000-03844098  08/12/2022 000-03855800  08/12/2022 000-03870778  08/12/2022 000-03872146  08/12/2022 000-03891128  08/12/2022 000-03892419  08/12/2022 000-03900016  09/19/2022 000-03925565  09/19/2022 000-03925570  09/19/2022 000-03930242  09/19/2022 000-03930375  09/19/2022 000-03934316  09/19/2022 000-03934318  09/19/2022 000-03935951  09/19/2022 000-03947255  09/19/2022 000-04004543  09/19/2022 000-03651668  06/06/2022 000-03651669  06/06/2022 000-03657406  06/06/2022 000-03657788  06/06/2022 000-03666113  06/06/2022 000-03666120  06/06/2022 000-03673124  06/06/2022 000-03674490  06/06/2022 000-03677317  06/06/2022 000-03680192  06/06/2022 000-03681722  06/06/2022 000-03689206  06/06/2022 000-03692229  06/06/2022 000-03692232  06/06/2022 000-03696354  06/06/2022 000-03704281  06/06/2022 000-03708044  06/06/2022 000-03709180  06/06/2022 000-03727807  07/10/2022 000-03730442  07/10/2022 000-03731931  07/10/2022 000-03732173  07/10/2022 000-03735546  07/10/2022 000-03747133  08/02/2022 000-03750910  08/02/2022 000-03761198  08/02/2022 000-03762840  08/02/2022 000-03762841  08/02/2022 000-03762842  08/02/2022 000-03764906  08/02/2022 000-03766315  08/02/2022 000-03772058  08/02/2022 000-03774198  08/02/2022 000-03777008  08/02/2022 000-03777058  08/02/2022 000-03779630  08/02/2022 000-03784544  08/02/2022 000-03784548  08/02/2022 000-03790897  08/02/2022 000-03793052  08/02/2022 000-03794514  08/02/2022 000-03794904  08/02/2022 000-03801134  08/02/2022 000-03807285  08/02/2022 000-03817472  08/02/2022 000-03825085  08/12/2022 000-03827956  08/12/2022 000-03830373  08/12/2022 000-03830374  08/12/2022 000-03830375  08/12/2022 000-03836014  08/12/2022 000-03836830  08/12/2022 000-03836837  08/12/2022 000-03836838  08/12/2022 000-03840725  08/12/2022 000-03840730  08/12/2022 000-03847780  08/12/2022 000-03848695  08/12/2022 000-03859327  08/12/2022 000-03870766  08/12/2022 000-03876903  08/12/2022 000-03877093  08/12/2022 000-03877108  08/12/2022 000-03879049  08/12/2022 000-03880721  08/12/2022 000-03881822  08/12/2022 000-03885220  08/12/2022 000-03891576  08/12/2022 000-03895776  09/19/2022 000-03895982  08/12/2022 000-03896110  09/19/2022 000-03896116  09/19/2022 000-03901129  09/19/2022 000-03906701  09/19/2022 000-03912077  09/19/2022 000-03912664  09/19/2022 000-03914464  09/19/2022 000-03918270  09/19/2022 000-03918271  09/19/2022 000-03919280  09/19/2022 000-03925310  09/19/2022 000-03931033  09/19/2022 000-03931292  09/19/2022 000-03931539  09/19/2022 000-03931547  09/19/2022 000-03940702  09/19/2022 000-03946353  09/19/2022 000-03949607  09/19/2022 000-03953593  09/19/2022 000-03956403  09/19/2022 000-03956700  09/19/2022 000-03972753  09/19/2022 000-03991259  09/19/2022 000-04005226  09/19/2022 000-03666035  06/06/2022 000-03666038  06/06/2022 000-03670480  06/06/2022 000-03675880  06/06/2022 000-03689208  06/06/2022 000-03689289  06/06/2022 000-03692509  06/06/2022 000-03704277  06/06/2022 000-03731305  07/10/2022 000-03734531  07/10/2022 000-03734532  07/10/2022 000-03747171  08/02/2022 000-03750132  08/02/2022 000-03759716  08/02/2022 000-03761194  08/02/2022 000-03761196  08/02/2022 000-03799832  08/02/2022 000-03808278  08/02/2022 000-03817658  08/02/2022 000-03822151  08/12/2022 000-03829433  08/12/2022 000-03836842  08/12/2022 000-03855986  08/12/2022 000-03873190  08/12/2022 000-03927872  09/19/2022 000-03931041  09/19/2022 000-03931541  09/19/2022 000-03660116  06/06/2022 000-03691172  06/06/2022 000-03704372  06/06/2022 000-03717637  06/06/2022 000-03727809  07/10/2022 000-03742285  08/02/2022 000-03759709  08/02/2022 000-03777991  08/02/2022 000-03807293  08/02/2022 000-03826483  08/12/2022 000-03836955  08/12/2022 000-03843765  08/12/2022 000-03859965  08/12/2022 000-03873195  08/12/2022 000-03882657  08/12/2022 000-03896349  08/12/2022 000-03933914  09/19/2022 000-03952499  09/19/2022 000-03998566  09/19/2022 000-03653706  06/06/2022 000-03653934  06/06/2022 000-03655384  06/06/2022 000-03657785  06/06/2022 000-03658282  06/06/2022 000-03659298  06/06/2022 000-03660124  06/06/2022 000-03661137  06/06/2022 000-03662003  06/06/2022 000-03662006  06/06/2022 000-03664080  06/06/2022 000-03664093  06/06/2022 000-03666040  06/06/2022 000-03666115  06/06/2022 000-03666119  06/06/2022 000-03669649  06/06/2022 000-03669691  06/06/2022 000-03670475  06/06/2022 000-03670477  06/06/2022 000-03671141  06/06/2022 000-03673096  06/06/2022 000-03673115  06/06/2022 000-03673121  06/06/2022 000-03674493  06/06/2022 000-03674497  06/06/2022 000-03675876  06/06/2022 000-03675878  06/06/2022 000-03675882  06/06/2022 000-03678159  06/06/2022 000-03679206  06/06/2022 000-03680182  06/06/2022 000-03680194  06/06/2022 000-03680195  06/06/2022 000-03680197  06/06/2022 000-03680199  06/06/2022 000-03681733  06/06/2022 000-03681741  06/06/2022 000-03682131  06/06/2022 000-03682138  06/06/2022 000-03682141  06/06/2022 000-03682144  06/06/2022 000-03682160  06/06/2022 000-03682163  06/06/2022 000-03682164  06/06/2022 000-03687901  06/06/2022 000-03689091  06/06/2022 000-03689185  06/06/2022 000-03689186  06/06/2022 000-03689209  06/06/2022 000-03689211  06/06/2022 000-03689212  06/06/2022 000-03689280  06/06/2022 000-03689287  06/06/2022 000-03689293  06/06/2022 000-03689294  06/06/2022 000-03689890  06/06/2022 000-03689891  06/06/2022 000-03691171  06/06/2022 000-03691173  06/06/2022 000-03692172  06/06/2022 000-03692227  06/06/2022 000-03692236  06/06/2022 000-03696345  06/06/2022 000-03696355  06/06/2022 000-03696520  06/06/2022 000-03699195  06/06/2022 000-03699382  06/06/2022 000-03704290  06/06/2022 000-03704293  06/06/2022 000-03704294  06/06/2022 000-03704296  06/06/2022 000-03704300  06/06/2022 000-03704373  06/06/2022 000-03707908  06/06/2022 000-03707910  06/06/2022 000-03707917  06/06/2022 000-03707918  06/06/2022 000-03708043  06/06/2022 000-03708053  06/06/2022 000-03709181  06/06/2022 000-03709210  06/06/2022 000-03709212  06/06/2022 000-03709216  06/06/2022 000-03712252  06/06/2022 000-03712261  06/06/2022 000-03715046  06/06/2022 000-03715048  06/06/2022 000-03722488  06/06/2022 000-03722499  06/06/2022 000-03722509  06/06/2022 000-03722513  06/06/2022 000-03722514  06/06/2022 000-03722516  06/06/2022 000-03722766  06/06/2022 000-03722776  06/06/2022 000-03722781  06/06/2022 000-03722783  06/06/2022 000-03723516  06/06/2022 000-03724286  06/06/2022 000-03724863  06/06/2022 000-03727804  07/10/2022 000-03727821  06/06/2022 000-03727830  06/06/2022 000-03727837  06/06/2022 000-03730435  07/10/2022 000-03732976  07/10/2022 000-03732982  07/10/2022 000-03734523  07/10/2022 000-03734524  07/10/2022 000-03734527  07/10/2022 000-03734819  07/10/2022 000-03734820  07/10/2022 000-03735461  07/10/2022 000-03735465  07/10/2022 000-03735544  07/10/2022 000-03736416  07/10/2022 000-03738890  08/02/2022 000-03741671  08/02/2022 000-03741673  08/02/2022 000-03741675  08/02/2022 000-03742738  08/02/2022 000-03742747  08/02/2022 000-03743463  08/02/2022 000-03743469  08/02/2022 000-03746836  08/02/2022 000-03746838  08/02/2022 000-03747137  08/02/2022 000-03747176  08/02/2022 000-03747180  08/02/2022 000-03750127  08/02/2022 000-03750131  08/02/2022 000-03750908  08/02/2022 000-03756085  08/02/2022 000-03756088  08/02/2022 000-03756092  08/02/2022 000-03756097  08/02/2022 000-03756099  08/02/2022 000-03757095  08/02/2022 000-03759712  08/02/2022 000-03759714  08/02/2022 000-03759717  08/02/2022 000-03759721  08/02/2022 000-03759730  08/02/2022 000-03759732  08/02/2022 000-03760649  08/02/2022 000-03760650  08/02/2022 000-03760652  08/02/2022 000-03760655  08/02/2022 000-03760656  08/02/2022 000-03760665  08/02/2022 000-03760666  08/02/2022 000-03761189  08/02/2022 000-03762837  08/02/2022 000-03762843  08/02/2022 000-03764908  08/02/2022 000-03764912  08/02/2022 000-03766318  08/02/2022 000-03768438  08/02/2022 000-03768440  08/02/2022 000-03768443  08/02/2022 000-03768445  08/02/2022 000-03768524  08/02/2022 000-03773128  08/02/2022 000-03773130  08/02/2022 000-03773652  08/02/2022 000-03774193  08/02/2022 000-03774925  08/02/2022 000-03777120  08/02/2022 000-03778826  08/02/2022 000-03779629  08/02/2022 000-03782177  08/02/2022 000-03782185  08/02/2022 000-03782869  08/02/2022 000-03784320  08/02/2022 000-03784549  08/02/2022 000-03785355  08/02/2022 000-03786619  08/02/2022 000-03786624  08/02/2022 000-03786627  08/02/2022 000-03788589  08/02/2022 000-03788591  08/02/2022 000-03792092  08/02/2022 000-03792493  08/02/2022 000-03792781  08/02/2022 000-03794072  08/02/2022 000-03794505  08/02/2022 000-03794701  08/02/2022 000-03794705  08/02/2022 000-03794902  08/02/2022 000-03795655  08/02/2022 000-03795965  08/02/2022 000-03795974  08/02/2022 000-03797079  08/02/2022 000-03797081  08/02/2022 000-03798590  08/02/2022 000-03798732  08/02/2022 000-03799314  08/02/2022 000-03799315  08/02/2022 000-03799824  08/02/2022 000-03799827  08/02/2022 000-03800572  08/02/2022 000-03800694  08/02/2022 000-03802028  08/02/2022 000-03803066  08/02/2022 000-03803096  08/02/2022 000-03803830  08/02/2022 000-03804500  08/02/2022 000-03806563  08/02/2022 000-03807288  08/02/2022 000-03807291  08/02/2022 000-03807819  08/02/2022 000-03808276  08/02/2022 000-03810629  08/02/2022 000-03811078  08/02/2022 000-03811691  08/02/2022 000-03813000  08/02/2022 000-03813005  08/02/2022 000-03814337  08/02/2022 000-03815156  08/02/2022 000-03816000  08/02/2022 000-03816554  08/02/2022 000-03816567  08/02/2022 000-03817471  08/02/2022 000-03817652  08/02/2022 000-03817656  08/02/2022 000-03819500  08/02/2022 000-03819502  08/02/2022 000-03819505  08/02/2022 000-03820582  08/02/2022 000-03821132  08/12/2022 000-03822827  08/12/2022 000-03822831  08/12/2022 000-03823258  08/12/2022 000-03823263  08/12/2022 000-03823932  08/12/2022 000-03824161  08/12/2022 000-03825782  08/12/2022 000-03826481  08/12/2022 000-03826486  08/12/2022 000-03827712  08/12/2022 000-03828405  08/12/2022 000-03828406  08/12/2022 000-03828408  08/12/2022 000-03828654  08/12/2022 000-03829438  08/12/2022 000-03829766  08/12/2022 000-03831562  08/12/2022 000-03831749  08/12/2022 000-03831750  08/12/2022 000-03831751  08/12/2022 000-03832183  08/12/2022 000-03832186  08/12/2022 000-03834207  08/12/2022 000-03834223  08/12/2022 000-03834224  08/12/2022 000-03836301  08/12/2022 000-03836401  08/12/2022 000-03836537  08/12/2022 000-03836540  08/12/2022 000-03836953  08/12/2022 000-03836954  08/12/2022 000-03836957  08/12/2022 000-03837196  08/12/2022 000-03837222  08/12/2022 000-03837227  08/12/2022 000-03838158  08/12/2022 000-03838161  08/12/2022 000-03840261  08/12/2022 000-03840670  08/12/2022 000-03840727  08/12/2022 000-03844090  08/12/2022 000-03844094  08/12/2022 000-03844096  08/12/2022 000-03847774  08/12/2022 000-03847776  08/12/2022 000-03847779  08/12/2022 000-03848190  08/12/2022 000-03850630  08/12/2022 000-03851350  08/12/2022 000-03852831  08/12/2022 000-03855604  08/12/2022 000-03855611  08/12/2022 000-03855612  08/12/2022 000-03855804  08/12/2022 000-03855805  08/12/2022 000-03855809  08/12/2022 000-03855988  08/12/2022 000-03855990  08/12/2022 000-03855991  08/12/2022 000-03856003  08/12/2022 000-03856145  08/12/2022 000-03858790  08/12/2022 000-03859964  08/12/2022 000-03861625  08/12/2022 000-03862413  08/12/2022 000-03866037  08/12/2022 000-03868580  08/12/2022 000-03869174  08/12/2022 000-03869177  08/12/2022 000-03869180  08/12/2022 000-03869183  08/12/2022 000-03870756  08/12/2022 000-03870767  08/12/2022 000-03871787  08/12/2022 000-03871793  08/12/2022 000-03871795  08/12/2022 000-03873174  08/12/2022 000-03873175  08/12/2022 000-03873186  08/12/2022 000-03874967  08/12/2022 000-03876259  08/12/2022 000-03876262  08/12/2022 000-03876264  08/12/2022 000-03877451  08/12/2022 000-03878352  08/12/2022 000-03880298  08/12/2022 000-03880299  08/12/2022 000-03880525  08/12/2022 000-03881165  08/12/2022 000-03881825  08/12/2022 000-03882825  08/12/2022 000-03882830  08/12/2022 000-03884699  08/12/2022 000-03885760  08/12/2022 000-03889049  08/12/2022 000-03890284  08/12/2022 000-03890414  08/12/2022 000-03890613  08/12/2022 000-03891773  09/19/2022 000-03891804  09/19/2022 000-03891813  09/19/2022 000-03891852  08/12/2022 000-03891889  08/12/2022 000-03892416  08/12/2022 000-03892422  08/12/2022 000-03892423  08/12/2022 000-03892424  08/12/2022 000-03895771  08/12/2022 000-03895772  08/12/2022 000-03895781  08/12/2022 000-03895782  08/12/2022 000-03896005  09/19/2022 000-03896107  09/19/2022 000-03896115  09/19/2022 000-03896118  09/19/2022 000-03896120  09/19/2022 000-03896345  09/19/2022 000-03897096  09/19/2022 000-03899691  09/19/2022 000-03899696  09/19/2022 000-03899699  09/19/2022 000-03899701  09/19/2022 000-03900008  09/19/2022 000-03900013  09/19/2022 000-03900022  09/19/2022 000-03900708  09/19/2022 000-03901126  09/19/2022 000-03901128  09/19/2022 000-03902157  09/19/2022 000-03903892  09/19/2022 000-03903938  09/19/2022 000-03903944  09/19/2022 000-03903946  09/19/2022 000-03903948  09/19/2022 000-03903949  09/19/2022 000-03905564  09/19/2022 000-03905569  09/19/2022 000-03905570  09/19/2022 000-03905572  09/19/2022 000-03907206  09/19/2022 000-03907678  09/19/2022 000-03909739  09/19/2022 000-03909747  09/19/2022 000-03909748  09/19/2022 000-03911969  09/19/2022 000-03912068  09/19/2022 000-03912072  09/19/2022 000-03912073  09/19/2022 000-03912074  09/19/2022 000-03912078  09/19/2022 000-03915077  09/19/2022 000-03916002  09/19/2022 000-03916004  09/19/2022 000-03916803  09/19/2022 000-03918264  09/19/2022 000-03919255  09/19/2022 000-03919258  09/19/2022 000-03919277  09/19/2022 000-03919282  09/19/2022 000-03920152  09/19/2022 000-03920154  09/19/2022 ","000-03920157  09/19/2022 000-03922761  09/19/2022 000-03922764  09/19/2022 000-03922773  09/19/2022 000-03922775  09/19/2022 000-03925573  09/19/2022 000-03925579  09/19/2022 000-03925611  09/19/2022 000-03925612  09/19/2022 000-03925617  09/19/2022 000-03928604  09/19/2022 000-03928609  09/19/2022 000-03928613  09/19/2022 000-03928617  09/19/2022 000-03928619  09/19/2022 000-03928622  09/19/2022 000-03930246  09/19/2022 000-03930247  09/19/2022 000-03930376  09/19/2022 000-03931538  09/19/2022 000-03934312  09/19/2022 000-03934620  09/19/2022 000-03934628  09/19/2022 000-03934630  09/19/2022 000-03935956  09/19/2022 000-03936696  09/19/2022 000-03940740  09/19/2022 000-03942480  09/19/2022 000-03942481  09/19/2022 000-03942484  09/19/2022 000-03942485  09/19/2022 000-03943821  09/19/2022 000-03943824  09/19/2022 000-03946476  09/19/2022 000-03946482  09/19/2022 000-03946489  09/19/2022 000-03946490  09/19/2022 000-03946491  09/19/2022 000-03946495  09/19/2022 000-03946496  09/19/2022 000-03946497  09/19/2022 000-03946498  09/19/2022 000-03946956  09/19/2022 000-03946958  09/19/2022 000-03946960  09/19/2022 000-03946966  09/19/2022 000-03947824  09/19/2022 000-03947825  09/19/2022 000-03952494  09/19/2022 000-03952497  09/19/2022 000-03952498  09/19/2022 000-03952500  09/19/2022 000-03952501  09/19/2022 000-03952511  09/19/2022 000-03952763  09/19/2022 000-03953596  09/19/2022 000-03955989  09/19/2022 000-03955991  09/19/2022 000-03955992  09/19/2022 000-03956401  09/19/2022 000-03958744  09/19/2022 000-03991267  09/19/2022 000-03991289  09/19/2022 000-03998567  09/19/2022 000-04004548  09/19/2022 000-03704298  06/06/2022 000-03756096  08/02/2022 000-03756098  08/02/2022 000-03786621  08/02/2022 000-03872149  08/12/2022 000-03673103  06/06/2022 000-03727805  07/10/2022 000-03782864  08/02/2022 000-03816001  08/02/2022 000-03880300  08/12/2022 000-03916008  09/19/2022 000-03949609  09/19/2022 000-03732980  07/10/2022 000-03738733  08/02/2022 000-03743461  08/02/2022 000-03773133  08/02/2022 000-03812122  08/02/2022 000-03813363  08/02/2022 000-03818275  08/02/2022 000-03829436  08/12/2022 000-03868587  08/12/2022 000-03874968  08/12/2022 000-03878355  08/12/2022 000-03891133  08/12/2022 000-03896004  08/12/2022 000-03912660  09/19/2022 000-03931043  09/19/2022 000-03931045  09/19/2022 000-03953594  09/19/2022 000-03966761  09/19/2022 000-03657783  06/06/2022 000-03674486  06/06/2022 000-03692234  06/06/2022 000-03699172  06/06/2022 000-03727831  06/06/2022 000-03732981  07/10/2022 000-03740499  08/02/2022 000-03766314  08/02/2022 000-03768513  08/02/2022 000-03768521  08/02/2022 000-03772055  08/02/2022 000-03784353  08/02/2022 000-03784356  08/02/2022 000-03787079  08/02/2022 000-03828410  08/12/2022 000-03834177  08/12/2022 000-03845020  08/12/2022 000-03869170  08/12/2022 000-03877099  08/12/2022 000-03907681  09/19/2022 000-03936697  09/19/2022 000-03658285  06/06/2022 000-03689886  06/06/2022 000-03692225  06/06/2022 000-03704303  06/06/2022 000-03712256  06/06/2022 000-03722778  06/06/2022 000-03734525  07/10/2022 000-03740501  08/02/2022 000-03750128  08/02/2022 000-03760654  08/02/2022 000-03768526  08/02/2022 000-03789347  08/02/2022 000-03793482  08/02/2022 000-03795971  08/02/2022 000-03796974  08/02/2022 000-03836834  08/12/2022 000-03840668  08/12/2022 000-03848193  08/12/2022 000-03862406  08/12/2022 000-03862410  08/12/2022 000-03872152  08/12/2022 000-03873171  08/12/2022 000-03876269  08/12/2022 000-03885764  08/12/2022 000-03891462  08/12/2022 000-03900012  09/19/2022 000-03906702  09/19/2022 000-03909738  09/19/2022 000-03923501  09/19/2022 000-03928615  09/19/2022 000-03931543  09/19/2022 000-03941538  09/19/2022 000-03946492  09/19/2022 000-03638035  06/06/2022 000-03650913  06/06/2022 000-03657786  06/06/2022 000-03659306  06/06/2022 000-03661503  06/06/2022 000-03666116  06/06/2022 000-03666594  06/06/2022 000-03669693  06/06/2022 000-03670482  06/06/2022 000-03673118  06/06/2022 000-03675885  06/06/2022 000-03677318  06/06/2022 000-03678165  06/06/2022 000-03682135  06/06/2022 000-03682136  06/06/2022 000-03687427  06/06/2022 000-03691174  06/06/2022 000-03694119  06/06/2022 000-03696350  06/06/2022 000-03704279  06/06/2022 000-03707912  06/06/2022 000-03712381  06/06/2022 000-03715591  06/06/2022 000-03724293  06/06/2022 000-03727787  06/06/2022 000-03727808  07/10/2022 000-03727811  06/06/2022 000-03727834  06/06/2022 000-03727975  06/06/2022 000-03730434  06/06/2022 000-03730441  07/10/2022 000-03731303  07/10/2022 000-03731310  07/10/2022 000-03735467  07/10/2022 000-03735468  07/10/2022 000-03735547  07/10/2022 000-03738889  08/02/2022 000-03743472  08/02/2022 000-03747136  08/02/2022 000-03747177  08/02/2022 000-03747181  08/02/2022 000-03750125  08/02/2022 000-03750912  08/02/2022 000-03756083  08/02/2022 000-03756089  08/02/2022 000-03760675  08/02/2022 000-03761195  08/02/2022 000-03768520  08/02/2022 000-03779628  08/02/2022 000-03782175  08/02/2022 000-03782181  08/02/2022 000-03784362  08/02/2022 000-03787090  08/02/2022 000-03792586  08/02/2022 000-03795660  08/02/2022 000-03798197  08/02/2022 000-03798677  08/02/2022 000-03801662  08/02/2022 000-03807499  08/02/2022 000-03808029  08/02/2022 000-03818277  08/02/2022 000-03820644  08/02/2022 000-03820646  08/02/2022 000-03820657  08/02/2022 000-03821140  08/12/2022 000-03822830  08/12/2022 000-03822833  08/12/2022 000-03825143  08/12/2022 000-03825785  08/12/2022 000-03832187  08/12/2022 000-03836545  08/12/2022 000-03837231  08/12/2022 000-03838165  08/12/2022 000-03840673  08/12/2022 000-03844464  08/12/2022 000-03847783  08/12/2022 000-03848198  08/12/2022 000-03851349  08/12/2022 000-03851359  08/12/2022 000-03853284  08/12/2022 000-03858792  08/12/2022 000-03861628  08/12/2022 000-03862240  08/12/2022 000-03862407  08/12/2022 000-03862412  08/12/2022 000-03866244  08/12/2022 000-03868548  08/12/2022 000-03868550  08/12/2022 000-03868553  08/12/2022 000-03870777  08/12/2022 000-03874391  08/12/2022 000-03876261  08/12/2022 000-03877386  08/12/2022 000-03881170  08/12/2022 000-03881175  08/12/2022 000-03881178  08/12/2022 000-03882829  08/12/2022 000-03884393  08/12/2022 000-03890873  08/12/2022 000-03895774  08/12/2022 000-03896001  09/19/2022 000-03896002  08/12/2022 000-03896123  09/19/2022 000-03896347  08/12/2022 000-03896348  09/19/2022 000-03897087  09/19/2022 000-03900710  09/19/2022 000-03904008  09/19/2022 000-03907205  09/19/2022 000-03907207  09/19/2022 000-03907669  09/19/2022 000-03912663  09/19/2022 000-03918269  09/19/2022 000-03918272  09/19/2022 000-03922771  09/19/2022 000-03923498  09/19/2022 000-03925608  09/19/2022 000-03928932  09/19/2022 000-03931035  09/19/2022 000-03938805  09/19/2022 000-03942489  09/19/2022 000-03943028  09/19/2022 000-03943826  09/19/2022 000-03952764  09/19/2022 000-03953589  09/19/2022 000-03954547  09/19/2022 000-03958482  09/19/2022 000-03959579  09/19/2022 000-03968882  09/19/2022 000-03971565  09/19/2022 000-03972748  09/19/2022 000-03974714  09/19/2022 000-03991978  09/19/2022 000-03998562  09/19/2022 000-03998564  09/19/2022 000-04004550  09/19/2022 000-03689181  06/06/2022 000-03712253  06/06/2022 000-03730436  07/10/2022 000-03760668  08/02/2022 000-03788590  08/02/2022 000-03795973  08/02/2022 000-03797859  08/02/2022 000-03802811  08/02/2022 000-03828659  08/12/2022 000-03836536  08/12/2022 000-03840672  08/12/2022 000-03843767  08/12/2022 000-03855798  08/12/2022 000-03856004  08/12/2022 000-03858144  08/12/2022 000-03906558  09/19/2022 000-03925577  09/19/2022 000-03938799  09/19/2022 000-03949616  09/19/2022 000-03664095  06/06/2022 000-03670474  06/06/2022 000-03689885  06/06/2022 000-03727832  06/06/2022 000-03779537  08/02/2022 000-03802230  08/02/2022 000-03877264  08/12/2022 000-03878567  08/12/2022 000-03889916  08/12/2022 000-03895777  08/12/2022 000-03911971  09/19/2022 000-03940738  09/19/2022 000-03651673  06/06/2022 000-03655364  06/06/2022 000-03657685  06/06/2022 000-03657780  06/06/2022 000-03657784  06/06/2022 000-03657787  06/06/2022 000-03658277  06/06/2022 000-03659296  06/06/2022 000-03659305  06/06/2022 000-03660784  06/06/2022 000-03661081  06/06/2022 000-03664081  06/06/2022 000-03664083  06/06/2022 000-03664084  06/06/2022 000-03664087  06/06/2022 000-03664090  06/06/2022 000-03664094  06/06/2022 000-03666114  06/06/2022 000-03666595  06/06/2022 000-03669648  06/06/2022 000-03669650  06/06/2022 000-03669651  06/06/2022 000-03669683  06/06/2022 000-03669684  06/06/2022 000-03670479  06/06/2022 000-03671144  06/06/2022 000-03671146  06/06/2022 000-03673106  06/06/2022 000-03674491  06/06/2022 000-03674496  06/06/2022 000-03675879  06/06/2022 000-03675881  06/06/2022 000-03677314  06/06/2022 000-03678160  06/06/2022 000-03682145  06/06/2022 000-03687513  06/06/2022 000-03689182  06/06/2022 000-03689213  06/06/2022 000-03689278  06/06/2022 000-03689286  06/06/2022 000-03689290  06/06/2022 000-03689292  06/06/2022 000-03689880  06/06/2022 000-03692230  06/06/2022 000-03696352  06/06/2022 000-03699171  06/06/2022 000-03699194  06/06/2022 000-03699197  06/06/2022 000-03699376  06/06/2022 000-03699380  06/06/2022 000-03702773  06/06/2022 000-03704299  06/06/2022 000-03704301  06/06/2022 000-03704310  06/06/2022 000-03704312  06/06/2022 000-03704315  06/06/2022 000-03704316  06/06/2022 000-03704365  06/06/2022 000-03707904  06/06/2022 000-03707919  06/06/2022 000-03708050  06/06/2022 000-03708052  06/06/2022 000-03709179  06/06/2022 000-03709184  06/06/2022 000-03709214  06/06/2022 000-03712255  06/06/2022 000-03712258  06/06/2022 000-03712375  06/06/2022 000-03712384  06/06/2022 000-03714809  06/06/2022 000-03715047  06/06/2022 000-03715049  06/06/2022 000-03715050  06/06/2022 000-03715594  06/06/2022 000-03715599  06/06/2022 000-03716330  06/06/2022 000-03717634  06/06/2022 000-03717639  06/06/2022 000-03717641  06/06/2022 000-03717645  06/06/2022 000-03722496  06/06/2022 000-03722500  06/06/2022 000-03722529  06/06/2022 000-03722769  06/06/2022 000-03722772  06/06/2022 000-03724275  06/06/2022 000-03724283  06/06/2022 000-03724284  06/06/2022 000-03725089  06/06/2022 000-03725091  06/06/2022 000-03727822  06/06/2022 000-03727825  06/06/2022 000-03731295  07/10/2022 000-03736413  07/10/2022 000-03736615  07/10/2022 000-03737900  07/10/2022 000-03738724  08/02/2022 000-03740504  08/02/2022 000-03740506  08/02/2022 000-03741669  08/02/2022 000-03741674  08/02/2022 000-03742737  08/02/2022 000-03742745  08/02/2022 000-03746835  08/02/2022 000-03746837  08/02/2022 000-03746840  08/02/2022 000-03747182  08/02/2022 000-03750126  08/02/2022 000-03750130  08/02/2022 000-03750133  08/02/2022 000-03750244  07/10/2022 000-03750913  08/02/2022 000-03756082  08/02/2022 000-03756087  08/02/2022 000-03756090  08/02/2022 000-03756091  08/02/2022 000-03756093  08/02/2022 000-03756569  08/02/2022 000-03757104  08/02/2022 000-03759718  08/02/2022 000-03759729  08/02/2022 000-03759731  08/02/2022 000-03759734  08/02/2022 000-03760671  08/02/2022 000-03764913  08/02/2022 000-03768448  08/02/2022 000-03768451  08/02/2022 000-03771032  08/02/2022 000-03771034  08/02/2022 000-03772049  08/02/2022 000-03772056  08/02/2022 000-03772060  08/02/2022 000-03773911  08/02/2022 000-03774619  08/02/2022 000-03774932  08/02/2022 000-03777045  08/02/2022 000-03777118  08/02/2022 000-03777397  08/02/2022 000-03782176  08/02/2022 000-03782182  08/02/2022 000-03782859  08/02/2022 000-03784360  08/02/2022 000-03784536  08/02/2022 000-03784539  08/02/2022 000-03784543  08/02/2022 000-03786542  08/02/2022 000-03787005  08/02/2022 000-03788601  08/02/2022 000-03789345  08/02/2022 000-03790901  08/02/2022 000-03793033  08/02/2022 000-03793051  08/02/2022 000-03794509  08/02/2022 000-03794706  08/02/2022 000-03794898  08/02/2022 000-03795662  08/02/2022 000-03795964  08/02/2022 000-03795972  08/02/2022 000-03795975  08/02/2022 000-03797073  08/02/2022 000-03799828  08/02/2022 000-03800501  08/02/2022 000-03801746  08/02/2022 000-03802239  08/02/2022 000-03803837  08/02/2022 000-03803842  08/02/2022 000-03805322  08/02/2022 000-03805422  08/02/2022 000-03807975  08/02/2022 000-03808695  08/02/2022 000-03810252  08/02/2022 000-03810253  08/02/2022 000-03810639  08/02/2022 000-03810776  08/02/2022 000-03811487  08/02/2022 000-03811495  08/02/2022 000-03812123  08/02/2022 000-03814336  08/02/2022 000-03816009  08/02/2022 000-03816012  08/02/2022 000-03817470  08/02/2022 000-03817655  08/02/2022 000-03819497  08/02/2022 000-03819503  08/02/2022 000-03820578  08/02/2022 000-03820580  08/02/2022 000-03823269  08/12/2022 000-03825137  08/12/2022 000-03825999  08/12/2022 000-03826000  08/12/2022 000-03827519  08/12/2022 000-03827714  08/12/2022 000-03828656  08/12/2022 000-03828662  08/12/2022 000-03830359  08/12/2022 000-03831742  08/12/2022 000-03836215  08/12/2022 000-03836314  08/12/2022 000-03836443  08/12/2022 000-03836484  08/12/2022 000-03836827  08/12/2022 000-03836829  08/12/2022 000-03837223  08/12/2022 000-03838164  08/12/2022 000-03840666  08/12/2022 000-03840729  08/12/2022 000-03843763  08/12/2022 000-03844097  08/12/2022 000-03845017  08/12/2022 000-03845030  08/12/2022 000-03847777  08/12/2022 000-03847781  08/12/2022 000-03847782  08/12/2022 000-03848196  08/12/2022 000-03855602  08/12/2022 000-03855605  08/12/2022 000-03855606  08/12/2022 000-03855607  08/12/2022 000-03855609  08/12/2022 000-03855610  08/12/2022 000-03855797  08/12/2022 000-03855801  08/12/2022 000-03855803  08/12/2022 000-03855984  08/12/2022 000-03855985  08/12/2022 000-03855987  08/12/2022 000-03856002  08/12/2022 000-03856141  08/12/2022 000-03858787  08/12/2022 000-03859963  08/12/2022 000-03861630  08/12/2022 000-03862408  08/12/2022 000-03862411  08/12/2022 000-03862416  08/12/2022 000-03862418  08/12/2022 000-03866040  08/12/2022 000-03866053  08/12/2022 000-03866245  08/12/2022 000-03866246  08/12/2022 000-03866247  08/12/2022 000-03866256  08/12/2022 000-03868554  08/12/2022 000-03869168  08/12/2022 000-03869175  08/12/2022 000-03869178  08/12/2022 000-03870761  08/12/2022 000-03872141  08/12/2022 000-03873173  08/12/2022 000-03874392  08/12/2022 000-03874775  08/12/2022 000-03878958  08/12/2022 000-03880310  08/12/2022 000-03880522  08/12/2022 000-03881168  08/12/2022 000-03882832  08/12/2022 000-03883311  08/12/2022 000-03885214  08/12/2022 000-03885765  08/12/2022 000-03888708  08/12/2022 000-03890449  08/12/2022 000-03890456  08/12/2022 000-03890457  08/12/2022 000-03890462  08/12/2022 000-03890501  08/12/2022 000-03890876  08/12/2022 000-03891737  08/12/2022 000-03891973  08/12/2022 000-03892414  08/12/2022 000-03892420  08/12/2022 000-03892421  09/19/2022 000-03895773  08/12/2022 000-03895779  08/12/2022 000-03896006  09/19/2022 000-03896109  09/19/2022 000-03896351  08/12/2022 000-03897091  09/19/2022 000-03899693  09/19/2022 000-03899694  09/19/2022 000-03899702  09/19/2022 000-03900706  09/19/2022 000-03900711  09/19/2022 000-03901131  09/19/2022 000-03903934  09/19/2022 000-03904006  09/19/2022 000-03904007  09/19/2022 000-03905559  09/19/2022 000-03905561  09/19/2022 000-03905563  09/19/2022 000-03909732  09/19/2022 000-03909733  09/19/2022 000-03909735  09/19/2022 000-03909744  09/19/2022 000-03911962  09/19/2022 000-03911967  09/19/2022 000-03912069  09/19/2022 000-03912071  09/19/2022 000-03916003  09/19/2022 000-03916007  09/19/2022 000-03916012  09/19/2022 000-03916013  09/19/2022 000-03918263  09/19/2022 000-03918268  09/19/2022 000-03919251  09/19/2022 000-03919256  09/19/2022 000-03920156  09/19/2022 000-03922763  09/19/2022 000-03922768  09/19/2022 000-03925566  09/19/2022 000-03925576  09/19/2022 000-03928624  09/19/2022 000-03930374  09/19/2022 000-03931030  09/19/2022 000-03931042  09/19/2022 000-03934313  09/19/2022 000-03934315  09/19/2022 000-03934317  09/19/2022 000-03934319  09/19/2022 000-03934618  09/19/2022 000-03934633  09/19/2022 000-03935959  09/19/2022 000-03936698  09/19/2022 000-03940706  09/19/2022 000-03940746  09/19/2022 000-03942491  09/19/2022 000-03946479  09/19/2022 000-03946481  09/19/2022 000-03946493  09/19/2022 000-03946957  09/19/2022 000-03949615  09/19/2022 000-03952491  09/19/2022 000-03952492  09/19/2022 000-03952493  09/19/2022 000-03952515  09/19/2022 000-03952516  09/19/2022 000-03952762  09/19/2022 000-03952767  09/19/2022 000-03953590  09/19/2022 000-03953595  09/19/2022 000-03955988  09/19/2022 000-03956402  09/19/2022 000-03958480  09/19/2022 000-03959996  09/19/2022 000-03960002  09/19/2022 000-03961696  09/19/2022 000-03966591  09/19/2022 000-03971011  09/19/2022 000-03971027  09/19/2022 000-03972744  09/19/2022 000-03973143  09/19/2022 000-03991257  09/19/2022 000-03991291  09/19/2022 000-03991294  09/19/2022 000-03995349  09/19/2022 000-03998561  09/19/2022 000-04006095  09/19/2022 000-03722477  06/06/2022 000-03655377  06/06/2022 000-03664086  06/06/2022 000-03664099  06/06/2022 000-03669690  06/06/2022 000-03677313  06/06/2022 000-03682162  06/06/2022 000-03689883  06/06/2022 000-03692178  06/06/2022 000-03699174  06/06/2022 000-03699383  06/06/2022 000-03704317  06/06/2022 000-03704318  06/06/2022 000-03712378  06/06/2022 000-03717646  06/06/2022 000-03746839  08/02/2022 000-03756084  08/02/2022 000-03759735  08/02/2022 000-03764903  08/02/2022 000-03772051  08/02/2022 000-03777012  08/02/2022 000-03777396  08/02/2022 000-03784352  08/02/2022 000-03792444  08/02/2022 000-03799321  08/02/2022 000-03803075  08/02/2022 000-03816002  08/02/2022 000-03821645  08/12/2022 000-03825142  08/12/2022 000-03831746  08/12/2022 000-03834221  08/12/2022 000-03840662  08/12/2022 000-03858785  08/12/2022 000-03866255  08/12/2022 000-03881821  08/12/2022 000-03890452  08/12/2022 000-03903947  09/19/2022 000-03905566  09/19/2022 000-03912076  09/19/2022 000-03928626  09/19/2022 000-03928929  09/19/2022 000-03930373  09/19/2022 000-03942487  09/19/2022 000-03953591  09/19/2022 000-03958484  09/19/2022 000-03959573  09/19/2022 000-04006094  09/19/2022 000-03650932  06/06/2022 000-03690300  06/06/2022 000-03730433  06/06/2022 000-03759710  08/02/2022 000-03766325  08/02/2022 000-03798724  08/02/2022 000-03873197  08/12/2022 000-03878348  08/12/2022 000-03899703  09/19/2022 000-03946969  09/19/2022 000-03969923  09/19/2022 000-03671259  06/05/2022 000-03671264  06/05/2022 000-03733448  06/05/2022 000-03748215  07/13/2022 000-03757659  07/13/2022 000-03779524  07/13/2022 000-03897729  08/27/2022 000-03940680  08/27/2022 000-03963083  08/27/2022 000-03970405  08/27/2022 000-03684894  06/05/2022 000-03776972  07/13/2022 000-03965182  08/27/2022 000-03675787  06/05/2022 000-03675788  06/05/2022 000-03766312  07/13/2022 000-03802006  07/13/2022 000-03870785  08/27/2022 000-03871958  08/27/2022 000-03901130  08/27/2022 000-03748220  07/13/2022 000-03870783  08/27/2022 000-03645722  06/05/2022 000-03717046  06/05/2022 000-03730870  06/05/2022 000-03738065  07/13/2022 000-03740645  07/13/2022 000-03740658  07/13/2022 000-03779529  07/13/2022 000-03795976  07/13/2022 000-03806562  07/13/2022 000-03809051  07/13/2022 000-03845745  07/13/2022 000-03859966  07/13/2022 000-03859968  07/13/2022 000-03898533  08/27/2022 000-03898546  08/27/2022 000-03907672  08/27/2022 000-03907677  08/27/2022 000-03907679  08/27/2022 000-03934314  08/27/2022 000-03936689  08/27/2022 000-03966419  08/27/2022 000-03974622  08/27/2022 000-03981303  08/27/2022 000-03990383  08/27/2022 000-03735686  07/13/2022 000-03924239  08/27/2022 000-03678181  06/05/2022 000-03764114  07/13/2022 000-03644898  06/05/2022 000-03671266  06/05/2022 000-03681749  06/05/2022 000-03766306  07/13/2022 000-03768460  07/13/2022 000-03794507  07/13/2022 000-03857875  07/13/2022 000-03870786  08/27/2022 000-03928256  08/27/2022 000-03964268  08/27/2022 000-04031842  08/27/2022 000-03681739  06/05/2022 000-03723101  06/05/2022 000-03934310  08/27/2022 000-03964270  08/27/2022 000-03613419  06/11/2022 000-03732334  07/25/2022 000-03747764  07/31/2022 000-03858274  09/11/2022 000-03906263  09/16/2022 000-03602333  06/06/2022 000-03610084  06/09/2022 000-03627871  06/15/2022 000-03676431  07/05/2022 000-03721252  07/22/2022 000-03725840  07/24/2022 000-03744649  07/31/2022 000-03781320  08/13/2022 000-03782220  08/14/2022 000-03833026  09/01/2022 000-03885156  09/20/2022 000-03892694  09/24/2022 000-03629288  06/17/2022 000-03648805  06/25/2022 000-03799537  08/20/2022 000-03831081  08/31/2022 000-03591715  06/03/2022 000-03651902  06/26/2022 000-03659533  06/28/2022 000-03704198  07/16/2022 000-03734012  07/26/2022 000-03744628  07/31/2022 000-03782311  08/14/2022 000-03784859  08/14/2022 000-03867894  09/14/2022 000-03892688  09/24/2022 000-03892736  09/24/2022 000-03621018  06/13/2022 000-03665070  07/02/2022 000-03703955  07/16/2022 000-03718947  07/20/2022 000-03792804  08/17/2022 000-03833418  09/02/2022 000-03856880  09/11/2022 000-03866541  09/13/2022 000-03665839  07/02/2022 000-03692727  07/11/2022 000-03697963  07/13/2022 000-03850384  09/07/2022 000-03885144  09/20/2022 000-03591697  06/03/2022 000-03665968  06/27/2022 000-03686675  06/27/2022 000-03751196  08/01/2022 000-03766603  08/08/2022 000-03781351  08/13/2022 000-03787917  07/18/2022 000-03812203  08/24/2022 000-03860721  09/12/2022 000-03904415  09/27/2022 000-03656049  06/27/2022 000-03765010  08/07/2022 000-03796013  08/18/2022 000-03845169  09/05/2022 000-03859740  09/11/2022 000-03626951  06/15/2022 000-03634444  06/19/2022 000-03665819  06/27/2022 000-03695216  07/12/2022 000-03704202  07/16/2022 000-03777254  06/16/2022 000-03792712  06/21/2022 000-03859532  07/15/2022 000-03757975  06/07/2022 000-03822525  07/01/2022 000-03876676  07/22/2022 000-03777978  06/13/2022 000-03842534  07/06/2022 000-03748759  06/03/2022 000-03786581  06/17/2022 000-03836967  07/06/2022 000-03901945  07/30/2022 000-03757982  06/07/2022 000-03804882  06/24/2022 000-03807226  06/25/2022 000-03867990  07/19/2022 000-03886170  07/26/2022 000-03898177  07/29/2022 000-03898179  07/29/2022 000-03823973  07/01/2022 000-03836136  07/07/2022 000-03882928  07/26/2022 000-03768829  06/09/2022 000-03800439  06/23/2022 000-03835962  07/07/2022 000-03843581  07/08/2022 000-03867926  07/20/2022 000-03758697  06/08/2022 000-03792502  06/17/2022 000-03837911  07/07/2022 000-03751086  06/03/2022 000-03751101  06/04/2022 000-03764046  06/09/2022 000-03816674  06/30/2022 000-03783741  06/18/2022 000-03809965  06/27/2022 000-03822529  07/01/2022 000-03856984  07/14/2022 000-03879943  07/24/2022 000-03764250  06/07/2022 000-03801879  06/21/2022 000-03843221  07/07/2022 000-03898248  07/23/2022 000-03822534  07/02/2022 000-03879955  07/23/2022 000-03748761  06/03/2022 000-03882920  07/25/2022 000-03898518  08/22/2022 000-03909740  08/22/2022 000-03932175  08/22/2022 000-03985576  08/22/2022 000-03821008  08/22/2022 000-03820991  08/22/2022 000-03838418  08/22/2022 000-03898520  08/22/2022 000-03927161  08/22/2022 000-03956691  08/22/2022 000-03972006  08/22/2022 000-03840715  08/22/2022 000-03864427  08/22/2022 000-03821009  08/22/2022 000-03929846  08/22/2022 000-03825993  08/22/2022 000-03896403  08/22/2022 000-03821025  08/22/2022 000-03849798  08/22/2022 000-03938333  08/22/2022 000-03961654  08/22/2022 000-03834164  08/22/2022 000-03821002  08/22/2022 000-03825995  08/22/2022 000-03845726  08/22/2022 000-03855630  08/22/2022 000-03855631  08/22/2022 000-04000979  08/22/2022 000-03820944  08/22/2022 000-04003794  08/22/2022 000-03860789  08/22/2022 000-03919319  08/22/2022 000-03956687  08/22/2022 000-03829513  08/22/2022 000-03845777  08/22/2022 000-03855628  08/22/2022 000-03896412  08/22/2022 000-03946506  08/22/2022 000-03840728  08/22/2022 000-03855640  08/22/2022 000-03902965  08/22/2022 000-03909728  08/22/2022 000-03919325  08/22/2022 000-03964291  08/22/2022 000-03983415  08/22/2022 000-03995360  08/22/2022 000-03998476  08/22/2022 000-04002255  08/22/2022 000-03821026  08/22/2022 000-03980917  08/22/2022 000-03827768  08/22/2022 000-03829510  08/22/2022 000-03848453  08/22/2022 000-03855629  08/22/2022 000-03884982  08/22/2022 000-03934323  08/22/2022 000-03938562  08/22/2022 000-03972009  08/22/2022 000-03976799  08/22/2022 000-03995277  08/22/2022 000-03995358  08/22/2022 000-04026335  08/22/2022 000-03938558  08/22/2022 000-03898513  08/22/2022 000-03910250  08/22/2022 000-03991214  08/22/2022 000-03995365  08/22/2022 000-03820979  08/22/2022 000-03985318  08/22/2022 000-03996085  08/22/2022 000-03838690  08/22/2022 000-03845782  08/22/2022 000-03896408  08/22/2022 000-03845780  08/22/2022 000-03879239  08/22/2022 000-03891785  08/22/2022 000-03867678  08/22/2022 000-03881961  08/22/2022 000-03888702  08/22/2022 000-03840723  08/22/2022 000-03848455  08/22/2022 000-03860791  08/22/2022 000-03879235  08/22/2022 000-03902591  08/22/2022 000-03934311  08/22/2022 000-03976794  08/22/2022 000-03976801  08/22/2022 000-03752139  06/04/2022 000-03730706  07/23/2022 000-03843333  07/23/2022 000-03919323  09/15/2022 000-03935673  09/15/2022 000-03983392  09/15/2022 000-04024449  09/15/2022 000-03625231  06/06/2022 000-03625235  06/06/2022 000-03628979  06/06/2022 000-03632477  06/06/2022 000-03637897  06/06/2022 000-03644919  06/06/2022 000-03672907  06/06/2022 000-03674484  06/06/2022 000-03674485  06/06/2022 000-03676626  06/06/2022 000-03678182  06/06/2022 000-03694177  06/06/2022 000-03705198  06/06/2022 000-03705199  06/06/2022 000-03716927  06/06/2022 000-03723216  06/06/2022 000-03725578  06/06/2022 000-03729310  06/06/2022 000-03740401  06/06/2022 000-03740656  07/23/2022 000-03752076  07/23/2022 000-03785701  07/23/2022 000-03785707  07/23/2022 000-03787298  07/23/2022 000-03792089  07/23/2022 000-03796375  07/23/2022 000-03803071  07/23/2022 000-03807816  07/23/2022 000-03832185  07/23/2022 000-03848191  07/23/2022 000-03849106  07/23/2022 000-03889983  07/23/2022 000-03890615  07/23/2022 000-03905575  09/15/2022 000-03909729  09/15/2022 000-03919316  09/15/2022 000-03919320  09/15/2022 000-03919324  09/15/2022 000-03935683  09/15/2022 000-03940588  09/15/2022 000-03946483  09/15/2022 000-03964275  09/15/2022 000-03972862  09/15/2022 000-03974233  09/15/2022 000-03975668  09/15/2022 000-03981399  09/15/2022 000-03992021  09/15/2022 000-04004209  09/15/2022 000-04010779  09/15/2022 000-04016909  09/15/2022 000-04027827  09/15/2022 000-04030789  09/15/2022 000-04031885  09/15/2022 000-04031901  09/15/2022 000-03689312  06/06/2022 000-03741676  07/23/2022 000-03747909  07/23/2022 000-03767848  07/23/2022 000-03799130  07/23/2022 000-03800505  07/23/2022 000-03848185  07/23/2022 000-03856017  07/23/2022 000-03868546  07/23/2022 000-03870738  07/23/2022 000-03880572  07/23/2022 000-03909745  09/15/2022 000-03935685  09/15/2022 000-03992011  09/15/2022 000-03992025  09/15/2022 000-04012605  09/15/2022 000-03620433  06/06/2022 000-03767858  07/23/2022 000-04012606  09/15/2022 000-03637911  06/06/2022 000-03649474  06/06/2022 000-03672902  06/06/2022 000-03674483  06/06/2022 000-03705211  06/06/2022 000-03713000  06/06/2022 000-03715000  06/06/2022 000-03716937  06/06/2022 000-03722408  06/06/2022 000-03747916  07/23/2022 000-03753783  07/23/2022 000-03762509  07/23/2022 000-03802822  07/23/2022 000-03814330  07/23/2022 000-03816450  07/23/2022 000-03820552  07/23/2022 000-03842398  07/23/2022 000-03845790  07/23/2022 000-03856016  07/23/2022 000-03873181  07/23/2022 000-03881595  07/23/2022 000-03896017  07/23/2022 000-03953584  09/15/2022 000-03953587  09/15/2022 000-03953588  09/15/2022 000-03958433  09/15/2022 000-03961700  09/15/2022 000-03968725  09/15/2022 000-03969242  09/15/2022 000-03990824  09/15/2022 000-04000856  09/15/2022 000-04014413  09/15/2022 000-03437004  10/07/2022 000-03672911  06/06/2022 000-03680922  06/06/2022 000-03729277  06/06/2022 000-03874549  07/23/2022 000-03905593  09/15/2022 000-03940694  09/15/2022 000-03975672  09/15/2022 000-03990819  09/15/2022 000-04000858  09/15/2022 000-04043646  09/15/2022 000-03637902  06/06/2022 000-03669700  06/06/2022 000-03682142  06/06/2022 000-03702927  06/06/2022 000-03716935  06/06/2022 000-03729288  06/06/2022 000-03730694  07/23/2022 000-03735457  06/06/2022 000-03743458  07/23/2022 000-03762553  07/23/2022 000-03774014  07/23/2022 000-03777157  07/23/2022 000-03792513  07/23/2022 000-03807357  07/23/2022 000-03830369  07/23/2022 000-03837213  07/23/2022 000-03856007  07/23/2022 000-03856009  07/23/2022 000-03873200  07/23/2022 000-03883014  07/23/2022 000-03889921  07/23/2022 000-03909731  09/15/2022 000-03926007  09/15/2022 000-03959997  09/15/2022 000-03965007  09/15/2022 000-03974436  09/15/2022 000-03976900  09/15/2022 000-03990823  09/15/2022 000-03992026  09/15/2022 000-04002344  09/15/2022 000-04004211  09/15/2022 000-04032267  09/15/2022 000-03632478  06/06/2022 000-03644913  06/06/2022 000-03652197  06/06/2022 000-03654096  06/06/2022 000-03659809  06/06/2022 000-03677180  06/06/2022 000-03689313  06/06/2022 000-03730698  07/23/2022 000-03734261  06/06/2022 000-03747914  07/23/2022 000-03770185  07/23/2022 000-03785697  07/23/2022 000-03805194  07/23/2022 000-03827516  07/23/2022 000-03848189  07/23/2022 000-03856015  07/23/2022 000-03896020  07/23/2022 000-03917566  09/15/2022 000-03917577  09/15/2022 000-03919321  09/15/2022 000-03926013  09/15/2022 000-03926014  09/15/2022 000-03931106  09/15/2022 000-03960003  09/15/2022 000-03964281  09/15/2022 000-03967239  09/15/2022 000-03992016  09/15/2022 000-04018204  09/15/2022 000-03637898  06/06/2022 000-03658567  06/06/2022 000-03702941  06/06/2022 000-03722187  06/06/2022 000-03725571  06/06/2022 000-03798178  07/23/2022 000-03807567  07/23/2022 000-03820309  07/23/2022 000-03832180  07/23/2022 000-03872115  07/23/2022 000-03919314  09/15/2022 000-03943567  09/15/2022 000-03955512  09/15/2022 000-03967242  09/15/2022 000-03978978  09/15/2022 000-03983401  09/15/2022 000-04043654  09/15/2022 000-03631324  06/06/2022 000-03632482  06/06/2022 000-03632484  06/06/2022 000-03654987  06/06/2022 000-03663744  06/06/2022 000-03663746  06/06/2022 000-03669699  06/06/2022 000-03674069  06/06/2022 000-03682133  06/06/2022 000-03705203  06/06/2022 000-03713249  06/06/2022 000-03714992  06/06/2022 000-03716928  06/06/2022 000-03722647  06/06/2022 000-03729311  06/06/2022 000-03737037  06/06/2022 000-03740543  07/23/2022 000-03743460  07/23/2022 000-03767853  06/06/2022 000-03770182  07/23/2022 000-03772778  07/23/2022 000-03773648  07/23/2022 000-03777033  07/23/2022 000-03789520  07/23/2022 000-03793056  07/23/2022 000-03799811  07/23/2022 000-03803818  07/23/2022 000-03810222  07/23/2022 000-03810338  07/23/2022 000-03834206  07/23/2022 000-03836442  07/23/2022 000-03837216  07/23/2022 000-03856006  07/23/2022 000-03859084  07/23/2022 000-03859088  07/23/2022 000-03870734  07/23/2022 000-03879236  07/23/2022 000-03883873  07/23/2022 000-03892009  07/23/2022 000-03894927  07/23/2022 000-03919317  09/15/2022 000-03919322  09/15/2022 000-03931080  09/15/2022 000-03935675  09/15/2022 000-03953592  09/15/2022 000-03964274  09/15/2022 000-03967238  09/15/2022 000-03976779  09/15/2022 000-03983387  09/15/2022 000-03990812  09/15/2022 000-03992006  09/15/2022 000-04000862  09/15/2022 000-04002341  09/15/2022 000-04015847  09/15/2022 000-04016501  09/15/2022 000-04018218  09/15/2022 000-03843329  07/23/2022 000-03931102  09/15/2022 000-03935681  09/15/2022 000-03632491  06/06/2022 000-03767856  07/23/2022 000-03883880  07/23/2022 000-04006649  09/15/2022 000-04006655  09/15/2022 000-03637900  06/06/2022 000-03697336  06/06/2022 000-03702841  06/06/2022 000-03722669  06/06/2022 000-03725655  06/06/2022 000-03727493  06/06/2022 000-03736585  06/06/2022 000-03772785  07/23/2022 000-03777104  07/23/2022 000-03830377  07/23/2022 000-03837224  07/23/2022 000-03883986  07/23/2022 000-03896024  07/23/2022 000-03901137  09/15/2022 000-04019904  09/15/2022 000-04019905  09/15/2022 000-04031843  09/15/2022 000-04043647  09/15/2022 000-03702777  06/06/2022 000-03770168  07/23/2022 000-03827014  07/23/2022 000-03885762  07/23/2022 000-03974238  09/15/2022 000-03663742  06/06/2022 000-03727298  06/06/2022 000-03733509  07/23/2022 000-03743466  07/23/2022 000-03752074  07/23/2022 000-03866174  07/23/2022 000-03958426  09/15/2022 000-04012936  09/15/2022 000-04031787  09/15/2022 000-03637899  06/06/2022 000-03663721  06/06/2022 000-03716934  06/06/2022 000-03735466  06/06/2022 000-03747908  07/23/2022 000-03767851  06/06/2022 000-03779048  07/23/2022 000-03803480  07/23/2022 000-03803819  07/23/2022 000-03809361  07/23/2022 000-03829767  07/23/2022 000-03845788  07/23/2022 000-03854093  07/23/2022 000-03866044  07/23/2022 000-03901142  09/15/2022 ","000-03909741  09/15/2022 000-03977986  09/15/2022 000-03990820  09/15/2022 000-03866210  07/19/2022 000-03857090  07/14/2022 000-03607821  06/09/2022 000-03610005  06/09/2022 000-03614069  06/13/2022 000-03616678  06/12/2022 000-03622010  06/14/2022 000-03628770  06/19/2022 000-03629600  06/19/2022 000-03633553  06/19/2022 000-03643127  06/21/2022 000-03646464  06/25/2022 000-03652389  06/27/2022 000-03659872  06/29/2022 000-03661554  07/02/2022 000-03675168  07/05/2022 000-03676109  07/06/2022 000-03681027  07/09/2022 000-03685901  07/13/2022 000-03695004  07/13/2022 000-03697624  07/14/2022 000-03708002  07/18/2022 000-03719628  07/23/2022 000-03726306  07/24/2022 000-03726660  07/24/2022 000-03729554  07/26/2022 000-03735965  07/30/2022 000-03744857  08/02/2022 000-03751499  08/03/2022 000-03755046  08/06/2022 000-03758726  08/07/2022 000-03764244  08/08/2022 000-03774719  08/13/2022 000-03777110  08/11/2022 000-03777950  08/14/2022 000-03786573  08/16/2022 000-03791955  08/20/2022 000-03797276  08/21/2022 000-03811164  08/27/2022 000-03825865  08/31/2022 000-03841812  09/06/2022 000-03859659  09/12/2022 000-03863133  09/13/2022 000-03870322  09/15/2022 000-03871678  09/18/2022 000-03882986  09/24/2022 000-03902385  09/27/2022 000-03906675  09/29/2022 000-03697256  07/12/2022 000-03729888  07/23/2022 000-03766183  06/09/2022 000-03865670  07/18/2022 000-03776042  06/13/2022 000-03886146  07/26/2022 000-03680526  07/06/2022 000-03695252  06/29/2022 000-03710438  07/18/2022 000-03710449  07/18/2022 000-03814150  08/18/2022 000-03852499  09/09/2022 000-03875013  09/17/2022 000-03885009  09/20/2022 000-03885010  09/20/2022 000-03717270  06/11/2022 000-03764363  06/11/2022 000-03880518  07/19/2022 000-03880520  07/19/2022 000-03621021  06/13/2022 000-03743619  06/06/2022 000-03865265  09/13/2022 000-03806565  06/11/2022 000-03864345  07/19/2022 000-03870722  07/19/2022 000-03870719  07/19/2022 000-03694168  06/11/2022 000-03771174  06/11/2022 000-03810223  07/19/2022 000-03856132  07/19/2022 000-03877389  07/19/2022 000-03877391  07/19/2022 000-03881355  07/19/2022 000-03936685  07/19/2022 000-03702765  06/11/2022 000-03733442  06/11/2022 000-03842261  06/11/2022 000-03883981  07/19/2022 000-03789391  06/18/2022 000-03797362  06/23/2022 000-03887660  07/28/2022 000-03828699  07/03/2022 000-03868162  07/20/2022"
"Veterinary","No","08/03/2022","90404","Terminated","Wedgewood Village Pharmacy, LLC","405 Heron Dr Ste 200","N/A","Swedesboro","NJ","	08085-1749","United States","Voluntary: Firm initiated","N/A","to be entered.","V-0210-2022","Class II","Ursodiol Chicken Flavor 50mg Chew Treat URSODI-CHW001VC Ursodiol Chicken Flavor 40mg Chew Treat URSODI-CHW008VC Ursodiol Chicken Flavor 30mg Chew Treat URSODI-CHW012VC Ursodiol Chicken Flavor 60mg Chew Treat URSODI-CHW017VC Ursodiol Chicken Flavor 150mg Chew Treat URSODI-CHW024VC Ursodiol Beef Flavor 80mg Chew Treat URSODI-CHW025VC Ursodiol Chicken Flavor 25mg Chew Treat URSODI-CHW027VC Ursodiol Chicken Flavor 20mg Chew Treat URSODI-CHW028VC Ursodiol Chicken Flavor 100mg Chew Treat URSODI-CHW029VC Ursodiol Chicken Flavor 75mg Chew Treat URSODI-CHW030VC Ursodiol Chicken Flavor 120mg Chew Treat URSODI-CHW039VC Ursodiol Chicken Flavor 250mg Chew Treat URSODI-CHW044VC Ursodiol Chicken Flavor 125mg Chew Treat URSODI-CHW046VC Ursodiol Chicken Flavor 35mg Chew Treat URSODI-CHW052VC Ursodiol Beef Flavor 250mg Chew Treat URSODI-CHW054VC Ursodiol Chicken Flavor 15mg Chew Treat URSODI-CHW056VC Ursodiol Chicken Flavor 80mg Chew Treat URSODI-CHW057VC Ursodiol Chicken Flavor 45mg Chew Treat URSODI-CHW059VC Ursodiol Bacon/Cheddar Flavor 40mg Chew Treat URSODI-CHW061VC Ursodiol Beef 125mg Chew Treat URSODI-CHW062VC Ursodiol Chicken Flavor 62.5mg Chew Treat URSODI-CHW064VC Ursodiol Beef Flavor 300mg Chew Treat URSODI-CHW065VC Ursodiol Chicken Flavor 55mg Chew Treat URSODI-CHW080VC Ursodiol Beef Flavored 25mg Chew Treat URSODI-CHW091VC Ursodiol Beef Flavored 285mg Chew Treat URSODI-CHW093VC Ursodiol Chicken Flavored 300mg Chew Treat URSODI-CHW094VC Ursodiol Chicken Flavored 350mg Chew Treat URSODI-CHW097VC Ursodiol Beef Flavored 400mg Chew Treat URSODI-CHW099VC Ursodiol Beef Flavored 65mg Chew Treat URSODI-CHW102VC Ursodiol Beef Flavored 70mg Chew Treat URSODI-CHW103VC Ursodiol Beef 90mg Chew Treat URSODI-CHW138VC Ursodiol Chicken Flavor 87mg Chew Treat URSODI-CHW142VC Ursodiol 100mg/ml Oral Suspension 15ml Bottle URSODISUS0005VC Ursodiol 300mg/ml Oral Suspension 15ml Bottle URSODISUS0006VC Ursodiol 30mg/ml Oral Suspension 30ml Bottle URSODISUS0008VC Ursodiol 30mg/ml Oral Suspension 60ml Bottle URSODISUS0009VC Ursodiol 30mg/ml Oral Suspension 90ml Bottle URSODISUS0010VC Ursodiol 30mg/ml Oral Suspension 240ml Bottle URSODISUS0012VC Ursodiol 40mg/ml Oral Suspension 30ml Bottle URSODISUS0014VC Ursodiol 40mg/ml Oral Suspension 60ml Bottle URSODISUS0015VC Ursodiol 40mg/ml Oral Suspension 100ml Bottle URSODISUS0016VC Ursodiol 40mg/ml Oral Suspension 240ml Bottle URSODISUS0017VC Ursodiol 45mg/ml Oral Suspension 60ml Bottle URSODISUS0020VC Ursodiol 50mg/ml Oral Suspension 30ml Bottle URSODISUS0025VC Ursodiol 50mg/ml Oral Suspension 60ml Bottle URSODISUS0026VC Ursodiol 50mg/ml Oral Suspension 100ml Bottle URSODISUS0027VC Ursodiol 50mg/ml Oral Suspension 120ml Bottle URSODISUS0028VC Ursodiol 50mg/ml Oral Suspension 180ml Bottle URSODISUS0029VC Ursodiol 50mg/ml Oral Suspension 240ml Bottle URSODISUS0030VC Ursodiol 55mg/ml Oral Suspension 30ml Bottle URSODISUS0032VC Ursodiol 60mg/ml Oral Suspension 30ml Bottle URSODISUS0037VC Ursodiol 60mg/ml Oral Suspension 45ml Bottle URSODISUS0038VC Ursodiol 60mg/ml Oral Suspension 60ml Bottle URSODISUS0039VC Ursodiol 60mg/ml Oral Suspension 90ml Bottle URSODISUS0040VC Ursodiol 60mg/ml Oral Suspension 100ml Bottle URSODISUS0041VC Ursodiol 60mg/ml Oral Suspension 240ml Bottle URSODISUS0042VC Ursodiol 65mg/ml Oral Suspension 30ml Bottle URSODISUS0045VC Ursodiol 65mg/ml Oral Suspension 60ml Bottle URSODISUS0046VC Ursodiol 65mg/ml Oral Suspension 100ml Bottle URSODISUS0047VC Ursodiol 75mg/ml Oral Suspension 30ml Bottle URSODISUS0050VC Ursodiol 75mg/ml Oral Suspension 60ml Bottle URSODISUS0051VC Ursodiol 75mg/ml Oral Suspension 100ml Bottle URSODISUS0052VC Ursodiol 75mg/ml Oral Suspension 240ml Bottle URSODISUS0053VC Ursodiol 100mg/ml Oral Suspension 30ml Bottle URSODISUS0055VC Ursodiol 100mg/ml Oral Suspension 40ml Bottle URSODISUS0056VC Ursodiol 100mg/ml Oral Suspension 60ml Bottle URSODISUS0057VC Ursodiol 100mg/ml Oral Suspension 100ml Bottle URSODISUS0058VC Ursodiol 100mg/ml Oral Suspension 120ml Bottle URSODISUS0059VC U","18119 units","Insanitary conditions.","07/05/2022","08/03/2022","04/22/2024","08/03/2022","000-03779427  07/26/2022 000-03786665  07/26/2022 000-03893243  07/26/2022 000-03718006  06/14/2022 000-03803848  08/05/2022 000-03933101  08/05/2022 000-03677717  06/10/2022 000-03744667  06/10/2022 000-03833414  07/26/2022 000-03822105  08/14/2022 000-03897798  08/14/2022 000-03983445  09/28/2022 000-03768335  06/12/2022 000-03864349  08/14/2022 000-03940731  08/14/2022 000-03885200  07/26/2022 000-03650325  06/12/2022 000-03655013  06/12/2022 000-03658553  06/12/2022 000-03664994  06/12/2022 000-03668727  06/12/2022 000-03668732  06/12/2022 000-03682495  06/12/2022 000-03682502  06/12/2022 000-03687481  06/12/2022 000-03689137  06/12/2022 000-03699153  06/12/2022 000-03711230  06/12/2022 000-03712312  06/12/2022 000-03721887  06/12/2022 000-03730721  06/12/2022 000-03731281  06/12/2022 000-03742731  06/12/2022 000-03754655  06/12/2022 000-03760623  06/12/2022 000-03763157  06/12/2022 000-03764799  07/25/2022 000-03765848  07/25/2022 000-03777499  07/25/2022 000-03781929  07/25/2022 000-03783771  07/25/2022 000-03783779  07/25/2022 000-03783780  07/25/2022 000-03803845  07/25/2022 000-03804391  07/25/2022 000-03805178  07/25/2022 000-03817478  07/25/2022 000-03834002  07/25/2022 000-03834005  07/25/2022 000-03842139  07/25/2022 000-03845757  07/25/2022 000-03850857  07/25/2022 000-03852840  07/25/2022 000-03858753  07/25/2022 000-03858755  07/25/2022 000-03859951  07/25/2022 000-03862392  07/25/2022 000-03862404  07/25/2022 000-03870885  07/25/2022 000-03878334  07/25/2022 000-03879737  07/25/2022 000-03881174  07/25/2022 000-03884429  09/16/2022 000-03889397  09/16/2022 000-03891629  09/16/2022 000-03902755  09/16/2022 000-03906682  09/16/2022 000-03908760  09/16/2022 000-03913773  09/16/2022 000-03918218  09/16/2022 000-03927931  09/16/2022 000-03930324  09/16/2022 000-03937556  09/16/2022 000-03947981  09/16/2022 000-03956424  09/16/2022 000-03958351  09/16/2022 000-03960335  09/16/2022 000-03977405  09/16/2022 000-03987018  09/16/2022 000-03731287  06/12/2022 000-03733910  06/12/2022 000-03770727  07/25/2022 000-03797375  07/25/2022 000-03844060  07/25/2022 000-03847688  07/25/2022 000-03882826  07/25/2022 000-03964342  09/16/2022 000-03966712  09/16/2022 000-03655879  06/12/2022 000-03657712  06/12/2022 000-03664988  06/12/2022 000-03669656  06/12/2022 000-03673077  06/12/2022 000-03679983  06/12/2022 000-03692259  06/12/2022 000-03692273  06/12/2022 000-03693467  06/12/2022 000-03699145  06/12/2022 000-03703702  06/12/2022 000-03707825  06/12/2022 000-03721886  06/12/2022 000-03732540  06/12/2022 000-03744297  06/12/2022 000-03750881  06/12/2022 000-03752065  06/12/2022 000-03760575  06/12/2022 000-03760576  06/12/2022 000-03760627  06/12/2022 000-03777070  07/25/2022 000-03781933  07/25/2022 000-03781946  07/25/2022 000-03787524  07/25/2022 000-03795928  07/25/2022 000-03800696  07/25/2022 000-03806697  07/25/2022 000-03820957  07/25/2022 000-03823068  07/25/2022 000-03824583  07/25/2022 000-03839491  07/25/2022 000-03844058  07/25/2022 000-03858762  07/25/2022 000-03870888  07/25/2022 000-03881696  07/25/2022 000-03883982  09/16/2022 000-03884431  09/16/2022 000-03889372  09/16/2022 000-03891624  09/16/2022 000-03891628  09/16/2022 000-03903177  09/16/2022 000-03908754  09/16/2022 000-03918217  09/16/2022 000-03918225  09/16/2022 000-03932389  09/16/2022 000-03932390  09/16/2022 000-03945272  09/16/2022 000-03947983  09/16/2022 000-03948968  09/16/2022 000-03951215  09/16/2022 000-03959236  09/16/2022 000-03964954  09/16/2022 000-03983435  09/16/2022 000-03800578  07/25/2022 000-03664955  06/12/2022 000-03735556  06/12/2022 000-03764788  07/25/2022 000-03770723  07/25/2022 000-03802380  07/25/2022 000-03825244  07/25/2022 000-03851188  07/25/2022 000-03872563  07/25/2022 000-03915984  09/16/2022 000-03918224  09/16/2022 000-03938706  09/16/2022 000-03647561  06/12/2022 000-03650562  06/12/2022 000-03651049  06/12/2022 000-03657710  06/12/2022 000-03658547  06/12/2022 000-03661988  06/12/2022 000-03664987  06/12/2022 000-03675802  06/12/2022 000-03696935  06/12/2022 000-03699142  06/12/2022 000-03703699  06/12/2022 000-03719589  06/12/2022 000-03719591  06/12/2022 000-03727372  06/12/2022 000-03727689  06/12/2022 000-03732545  06/12/2022 000-03733398  06/12/2022 000-03733403  06/12/2022 000-03733404  06/12/2022 000-03747045  06/12/2022 000-03754652  06/12/2022 000-03760585  06/12/2022 000-03760621  06/12/2022 000-03763459  06/12/2022 000-03765856  07/25/2022 000-03770872  07/25/2022 000-03775181  07/25/2022 000-03777502  07/25/2022 000-03778875  07/25/2022 000-03781941  07/25/2022 000-03781944  07/25/2022 000-03785844  07/25/2022 000-03797021  07/25/2022 000-03798709  07/25/2022 000-03800759  07/25/2022 000-03807746  07/25/2022 000-03812156  07/25/2022 000-03815086  07/25/2022 000-03815088  07/25/2022 000-03815102  07/25/2022 000-03826614  07/25/2022 000-03831677  07/25/2022 000-03842144  07/25/2022 000-03844056  07/25/2022 000-03845755  07/25/2022 000-03852839  07/25/2022 000-03860356  07/25/2022 000-03869198  07/25/2022 000-03874376  07/25/2022 000-03878332  07/25/2022 000-03882823  07/25/2022 000-03891626  09/16/2022 000-03895675  09/16/2022 000-03913782  09/16/2022 000-03922723  09/16/2022 000-03927923  09/16/2022 000-03927924  09/16/2022 000-03927928  09/16/2022 000-03934303  09/16/2022 000-03947035  09/16/2022 000-03951624  09/16/2022 000-03954910  09/16/2022 000-03962696  09/16/2022 000-03964953  09/16/2022 000-03964957  09/16/2022 000-03973505  09/16/2022 000-03987020  09/16/2022 000-04008254  09/16/2022 000-03669655  06/12/2022 000-03735052  06/12/2022 000-03798715  07/25/2022 000-03798820  07/25/2022 000-03855444  07/25/2022 000-03857504  07/25/2022 000-03857505  07/25/2022 000-03906019  09/16/2022 000-03911561  09/16/2022 000-03942402  09/16/2022 000-03969992  09/16/2022 000-03680076  06/12/2022 000-03889395  07/25/2022 000-03692272  06/12/2022 000-03711229  06/12/2022 000-03717684  06/12/2022 000-03735056  06/12/2022 000-03763160  06/12/2022 000-03775186  07/25/2022 000-03790492  07/25/2022 000-03867657  07/25/2022 000-03895687  09/16/2022 000-03942404  09/16/2022 000-03986431  09/16/2022 000-03651052  06/12/2022 000-03673088  06/12/2022 000-03682500  06/12/2022 000-03712316  06/12/2022 000-03733406  06/12/2022 000-03740540  06/12/2022 000-03744294  06/12/2022 000-03747050  06/12/2022 000-03767894  06/12/2022 000-03797755  07/25/2022 000-03798396  07/25/2022 000-03826615  07/25/2022 000-03826616  07/25/2022 000-03834008  07/25/2022 000-03840492  07/25/2022 000-03840496  07/25/2022 000-03852843  07/25/2022 000-03876248  07/25/2022 000-03881173  07/25/2022 000-03888705  07/25/2022 000-03900180  09/16/2022 000-03907002  09/16/2022 000-03911556  09/16/2022 000-03969977  09/16/2022 000-03986606  09/16/2022 000-03660567  06/12/2022 000-03717683  06/12/2022 000-03797026  07/25/2022 000-03857502  07/25/2022 000-03913785  09/16/2022 000-03943689  09/16/2022 000-03669660  06/12/2022 000-03673090  06/12/2022 000-03689136  06/12/2022 000-03699152  06/12/2022 000-03713428  06/12/2022 000-03731282  06/12/2022 000-03731286  06/12/2022 000-03741178  06/12/2022 000-03754656  06/12/2022 000-03790485  07/25/2022 000-03792002  07/25/2022 000-03802454  07/25/2022 000-03806276  07/25/2022 000-03815085  07/25/2022 000-03826608  07/25/2022 000-03830873  07/25/2022 000-03831678  07/25/2022 000-03844960  07/25/2022 000-03847689  07/25/2022 000-03858756  07/25/2022 000-03879733  07/25/2022 000-03882821  07/25/2022 000-03886921  07/25/2022 000-03889390  09/16/2022 000-03891627  09/16/2022 000-03906686  09/16/2022 000-03911554  09/16/2022 000-03920886  09/16/2022 000-03920890  09/16/2022 000-03941580  09/16/2022 000-03942405  09/16/2022 000-03945284  09/16/2022 000-03954911  09/16/2022 000-03960338  09/16/2022 000-03973500  09/16/2022 000-03993537  09/16/2022 000-03691724  06/12/2022 000-03805221  07/25/2022 000-03806694  07/25/2022 000-03819039  07/25/2022 000-03889568  07/25/2022 000-03911550  09/16/2022 000-03948966  09/16/2022 000-03664996  06/12/2022 000-03668728  06/12/2022 000-03687487  06/12/2022 000-03735558  06/12/2022 000-03764286  06/12/2022 000-03773308  07/25/2022 000-03790766  07/25/2022 000-03790767  07/25/2022 000-03825241  07/25/2022 000-03839496  07/25/2022 000-03839766  07/25/2022 000-03895677  09/16/2022 000-03902762  09/16/2022 000-03932394  09/16/2022 000-03658544  06/12/2022 000-03686189  06/12/2022 000-03689138  06/12/2022 000-03727718  06/12/2022 000-03752071  06/12/2022 000-03760049  06/12/2022 000-03768415  07/25/2022 000-03777613  07/25/2022 000-03849423  07/25/2022 000-03906009  09/16/2022 000-03962689  09/16/2022 000-03647562  06/12/2022 000-03650565  06/12/2022 000-03651043  06/12/2022 000-03651044  06/12/2022 000-03655016  06/12/2022 000-03656531  06/12/2022 000-03658548  06/12/2022 000-03658549  06/12/2022 000-03658550  06/12/2022 000-03658968  06/12/2022 000-03661183  06/12/2022 000-03664786  06/12/2022 000-03664984  06/12/2022 000-03664989  06/12/2022 000-03668731  06/12/2022 000-03669661  06/12/2022 000-03671816  06/12/2022 000-03673081  06/12/2022 000-03675798  06/12/2022 000-03679315  06/12/2022 000-03679671  06/12/2022 000-03682505  06/12/2022 000-03682510  06/12/2022 000-03682518  06/12/2022 000-03687480  06/12/2022 000-03687484  06/12/2022 000-03689134  06/12/2022 000-03689135  06/12/2022 000-03689140  06/12/2022 000-03689141  06/12/2022 000-03692253  06/12/2022 000-03692257  06/12/2022 000-03692267  06/12/2022 000-03699137  06/12/2022 000-03699139  06/12/2022 000-03699144  06/12/2022 000-03699147  06/12/2022 000-03702899  06/12/2022 000-03703703  06/12/2022 000-03707822  06/12/2022 000-03707829  06/12/2022 000-03709284  06/12/2022 000-03712324  06/12/2022 000-03713426  06/12/2022 000-03717682  06/12/2022 000-03719600  06/12/2022 000-03720654  06/12/2022 000-03721431  06/12/2022 000-03721695  06/12/2022 000-03723225  06/12/2022 000-03725071  06/12/2022 000-03727375  06/12/2022 000-03727686  06/12/2022 000-03727690  06/12/2022 000-03727712  06/12/2022 000-03730718  06/12/2022 000-03733405  06/12/2022 000-03734312  06/12/2022 000-03735548  06/12/2022 000-03735552  06/12/2022 000-03736573  06/12/2022 000-03740402  06/12/2022 000-03740447  06/12/2022 000-03740541  06/12/2022 000-03741644  06/12/2022 000-03743682  06/12/2022 000-03744291  06/12/2022 000-03744301  06/12/2022 000-03747046  06/12/2022 000-03747052  06/12/2022 000-03747054  06/12/2022 000-03747057  06/12/2022 000-03747394  06/12/2022 000-03749522  06/12/2022 000-03749531  06/12/2022 000-03750878  06/12/2022 000-03750883  06/12/2022 000-03752068  06/12/2022 000-03752070  06/12/2022 000-03752073  06/12/2022 000-03754167  06/12/2022 000-03754426  06/12/2022 000-03760046  06/12/2022 000-03760331  06/12/2022 000-03760579  06/12/2022 000-03760582  06/12/2022 000-03760584  06/12/2022 000-03760618  06/12/2022 000-03764798  07/25/2022 000-03765839  07/25/2022 000-03765846  07/25/2022 000-03766708  07/25/2022 000-03766710  07/25/2022 000-03767495  07/25/2022 000-03768410  07/25/2022 000-03768413  06/12/2022 000-03770733  07/25/2022 000-03770868  07/25/2022 000-03770870  07/25/2022 000-03771000  07/25/2022 000-03773319  07/25/2022 000-03773863  07/25/2022 000-03773864  07/25/2022 000-03774931  07/25/2022 000-03775185  07/25/2022 000-03776970  07/25/2022 000-03777504  07/25/2022 000-03781379  07/25/2022 000-03785841  07/25/2022 000-03786764  07/25/2022 000-03788396  07/25/2022 000-03788399  07/25/2022 000-03788986  07/25/2022 000-03792481  07/25/2022 000-03794255  07/25/2022 000-03795682  07/25/2022 000-03796261  07/25/2022 000-03796980  07/25/2022 000-03799408  07/25/2022 000-03800054  07/25/2022 000-03800570  07/25/2022 000-03802272  07/25/2022 000-03804504  07/25/2022 000-03809058  07/25/2022 000-03810340  07/25/2022 000-03810345  07/25/2022 000-03814384  07/25/2022 000-03815082  07/25/2022 000-03815095  07/25/2022 000-03815098  07/25/2022 000-03815099  07/25/2022 000-03815100  07/25/2022 000-03817479  07/25/2022 000-03817486  07/25/2022 000-03817487  07/25/2022 000-03819482  07/25/2022 000-03819485  07/25/2022 000-03819489  07/25/2022 000-03819490  07/25/2022 000-03823025  07/25/2022 000-03827012  07/25/2022 000-03828392  07/25/2022 000-03828397  07/25/2022 000-03828961  07/25/2022 000-03829918  07/25/2022 000-03830265  07/25/2022 000-03834003  07/25/2022 000-03834011  07/25/2022 000-03834014  07/25/2022 000-03834025  07/25/2022 000-03836514  07/25/2022 000-03836517  07/25/2022 000-03836520  07/25/2022 000-03836522  07/25/2022 000-03836917  07/25/2022 000-03839495  07/25/2022 000-03840499  07/25/2022 000-03842141  07/25/2022 000-03844961  07/25/2022 000-03844963  07/25/2022 000-03845756  07/25/2022 000-03845759  07/25/2022 000-03847693  07/25/2022 000-03849425  07/25/2022 000-03850852  07/25/2022 000-03852842  07/25/2022 000-03855435  07/25/2022 000-03855436  07/25/2022 000-03855437  07/25/2022 000-03855969  07/25/2022 000-03855971  07/25/2022 000-03855972  07/25/2022 000-03855974  07/25/2022 000-03858750  07/25/2022 000-03858759  07/25/2022 000-03860355  07/25/2022 000-03860358  07/25/2022 000-03860361  07/25/2022 000-03860362  07/25/2022 000-03860363  07/25/2022 000-03860364  07/25/2022 000-03862398  07/25/2022 000-03862401  07/25/2022 000-03862403  07/25/2022 000-03864445  07/25/2022 000-03866179  07/25/2022 000-03867647  07/25/2022 000-03867653  07/25/2022 000-03867655  07/25/2022 000-03867669  07/25/2022 000-03867673  07/25/2022 000-03869191  07/25/2022 000-03869196  07/25/2022 000-03870887  07/25/2022 000-03870906  07/25/2022 000-03870907  07/25/2022 000-03870909  07/25/2022 000-03871300  07/25/2022 000-03873247  07/25/2022 000-03873256  07/25/2022 000-03873645  07/25/2022 000-03874373  07/25/2022 000-03879735  07/25/2022 000-03880322  07/25/2022 000-03881167  07/25/2022 000-03881698  07/25/2022 000-03882818  07/25/2022 000-03882820  07/25/2022 000-03882947  09/16/2022 000-03886062  09/16/2022 000-03887178  07/25/2022 000-03889385  09/16/2022 000-03889396  07/25/2022 000-03889400  09/16/2022 000-03891621  09/16/2022 000-03891622  09/16/2022 000-03891623  09/16/2022 000-03891625  09/16/2022 000-03895671  09/16/2022 000-03895673  09/16/2022 000-03895683  09/16/2022 000-03899679  09/16/2022 000-03899684  09/16/2022 000-03902759  09/16/2022 000-03903171  09/16/2022 000-03903175  09/16/2022 000-03906012  09/16/2022 000-03906026  09/16/2022 000-03906687  09/16/2022 000-03911560  09/16/2022 000-03913768  09/16/2022 000-03913772  09/16/2022 000-03913777  09/16/2022 000-03913786  09/16/2022 000-03914737  09/16/2022 000-03915972  09/16/2022 000-03915975  09/16/2022 000-03915980  09/16/2022 000-03915986  09/16/2022 000-03918215  09/16/2022 000-03918221  09/16/2022 000-03918222  09/16/2022 000-03920885  09/16/2022 000-03920889  09/16/2022 000-03922732  09/16/2022 000-03925538  09/16/2022 000-03927128  09/16/2022 000-03927133  09/16/2022 000-03927559  09/16/2022 000-03927922  09/16/2022 000-03927929  09/16/2022 000-03927932  09/16/2022 000-03927933  09/16/2022 000-03928804  09/16/2022 000-03930316  09/16/2022 000-03932395  09/16/2022 000-03932396  09/16/2022 000-03933180  09/16/2022 000-03933181  09/16/2022 000-03933183  09/16/2022 000-03933184  09/16/2022 000-03934309  09/16/2022 000-03936152  09/16/2022 000-03936157  09/16/2022 000-03937558  09/16/2022 000-03940729  09/16/2022 000-03942114  09/16/2022 000-03942401  09/16/2022 000-03942403  09/16/2022 000-03942406  09/16/2022 000-03942597  09/16/2022 000-03943808  09/16/2022 000-03945274  09/16/2022 000-03945277  09/16/2022 000-03945281  09/16/2022 000-03945285  09/16/2022 000-03946684  09/16/2022 000-03947030  09/16/2022 000-03947036  09/16/2022 000-03948755  09/16/2022 000-03949550  09/16/2022 000-03951226  09/16/2022 000-03954923  09/16/2022 000-03955671  09/16/2022 000-03956422  09/16/2022 000-03956423  09/16/2022 000-03956431  09/16/2022 000-03958348  09/16/2022 000-03958349  09/16/2022 000-03958359  09/16/2022 000-03958365  09/16/2022 000-03960334  09/16/2022 000-03960339  09/16/2022 000-03960340  09/16/2022 000-03962692  09/16/2022 000-03962701  09/16/2022 000-03964346  09/16/2022 000-03965313  09/16/2022 000-03965436  09/16/2022 000-03969985  09/16/2022 000-03973496  09/16/2022 000-03973499  09/16/2022 000-03973501  09/16/2022 000-03973615  09/16/2022 000-03975667  09/16/2022 000-03976964  09/16/2022 000-03977273  09/16/2022 000-03977431  09/16/2022 000-03977433  09/16/2022 000-03977441  09/16/2022 000-03981323  09/16/2022 000-03981324  09/16/2022 000-03983440  09/16/2022 000-03983908  09/16/2022 000-03983909  09/16/2022 000-03983912  09/16/2022 000-03983919  09/16/2022 000-03984986  09/16/2022 000-03987015  09/16/2022 000-03987021  09/16/2022 000-04008253  09/16/2022 000-04008263  09/16/2022 000-04009758  09/16/2022 000-04014390  09/16/2022 000-04014591  09/16/2022 000-04015871  09/16/2022 000-03647569  06/12/2022 000-03650799  06/12/2022 000-03651047  06/12/2022 000-03658551  06/12/2022 000-03727691  06/12/2022 000-03740533  06/12/2022 000-03742721  06/12/2022 000-03764115  06/12/2022 000-03777492  07/25/2022 000-03779626  07/25/2022 000-03783777  07/25/2022 000-03802470  07/25/2022 000-03802471  07/25/2022 000-03828394  07/25/2022 000-03828963  07/25/2022 000-03845760  07/25/2022 000-03866187  07/25/2022 000-03899683  09/16/2022 000-03932398  09/16/2022 000-03933992  09/16/2022 000-03983921  09/16/2022 000-03658557  06/12/2022 000-03703704  06/12/2022 000-03737289  06/12/2022 000-03797015  07/25/2022 000-03802047  07/25/2022 000-03804507  07/25/2022 000-03943800  09/16/2022 000-03653050  06/12/2022 000-03669657  06/12/2022 000-03682517  06/12/2022 000-03703705  06/12/2022 000-03707826  06/12/2022 000-03742730  06/12/2022 000-03764794  07/25/2022 000-03787084  07/25/2022 000-03789761  07/25/2022 000-03790199  07/25/2022 000-03804392  07/25/2022 000-03809706  07/25/2022 000-03827789  07/25/2022 000-03834012  07/25/2022 000-03855439  07/25/2022 000-03876243  07/25/2022 000-03876245  07/25/2022 000-03889364  09/16/2022 000-03889370  09/16/2022 000-03889389  09/16/2022 000-03895674  09/16/2022 000-03918223  09/16/2022 000-03930325  09/16/2022 000-03942400  09/16/2022 000-03958354  09/16/2022 000-03962693  09/16/2022 000-03976806  09/16/2022 000-03983911  09/16/2022 000-03795926  07/25/2022 000-03652318  06/12/2022 000-03671129  06/12/2022 000-03671814  06/12/2022 000-03675799  06/12/2022 000-03682516  06/12/2022 000-03692274  06/12/2022 000-03703706  06/12/2022 000-03703707  06/12/2022 000-03711228  06/12/2022 000-03721707  06/12/2022 000-03736606  06/12/2022 000-03740532  06/12/2022 000-03744298  06/12/2022 000-03752072  06/12/2022 000-03760577  06/12/2022 000-03766711  07/25/2022 000-03766712  07/25/2022 000-03788402  07/25/2022 000-03795931  07/25/2022 000-03802073  07/25/2022 000-03810346  07/25/2022 000-03814377  07/25/2022 000-03842138  07/25/2022 000-03844958  07/25/2022 000-03850851  07/25/2022 000-03852841  07/25/2022 000-03855440  07/25/2022 000-03858751  07/25/2022 000-03858754  07/25/2022 000-03869187  07/25/2022 000-03870886  07/25/2022 000-03874370  07/25/2022 000-03877110  07/25/2022 000-03879739  07/25/2022 000-03882948  07/25/2022 000-03895679  09/16/2022 000-03895689  09/16/2022 000-03911547  09/16/2022 000-03913776  09/16/2022 000-03933182  09/16/2022 000-03940705  09/16/2022 000-03947033  09/16/2022 000-03957417  09/16/2022 000-03958356  09/16/2022 000-03965440  09/16/2022 000-03978246  09/16/2022 000-03983906  09/16/2022 000-03673079  06/12/2022 000-03682494  06/12/2022 000-03691493  06/12/2022 000-03700866  06/12/2022 000-03719596  06/12/2022 000-03730720  06/12/2022 000-03735057  06/12/2022 000-03744295  06/12/2022 000-03752066  06/12/2022 000-03764792  07/25/2022 000-03783776  07/25/2022 000-03785842  07/25/2022 000-03810344  07/25/2022 000-03828402  07/25/2022 000-03845641  07/25/2022 000-03847695  07/25/2022 000-03847913  07/25/2022 000-03854441  07/25/2022 000-03867656  07/25/2022 000-03877111  07/25/2022 000-03889386  09/16/2022 000-03891620  09/16/2022 000-03895681  09/16/2022 000-03906684  09/16/2022 000-03906685  09/16/2022 000-03918937  09/16/2022 000-03925540  09/16/2022 000-03927136  09/16/2022 000-03927925  09/16/2022 000-03927927  09/16/2022 000-03938704  09/16/2022 000-03975034  09/16/2022 000-03976815  09/16/2022 000-03650797  06/12/2022 000-03653141  06/12/2022 000-03660978  06/12/2022 000-03668734  06/12/2022 000-03680074  06/12/2022 000-03687486  06/12/2022 000-03689139  06/12/2022 000-03693469  06/12/2022 000-03712314  06/12/2022 000-03721703  06/12/2022 000-03732544  06/12/2022 000-03732547  06/12/2022 000-03740403  06/12/2022 000-03754649  06/12/2022 000-03754657  06/12/2022 000-03763161  06/12/2022 000-03768416  06/12/2022 000-03792864  07/25/2022 000-03800757  07/25/2022 000-03815097  07/25/2022 000-03834024  07/25/2022 000-03842143  07/25/2022 000-03845642  07/25/2022 000-03849426  07/25/2022 000-03873250  07/25/2022 000-03895670  09/16/2022 000-03898021  09/16/2022 000-03902754  09/16/2022 000-03918219  09/16/2022 000-03930315  09/16/2022 000-03932392  09/16/2022 000-03940701  09/16/2022 000-03964345  09/16/2022 000-03981319  09/16/2022 000-03983910  09/16/2022 000-03987019  09/16/2022 000-04008266  09/16/2022 000-04015870  09/16/2022 000-03647555  06/12/2022 000-03647558  06/12/2022 000-03647564  06/12/2022 000-03653131  06/12/2022 000-03654388  06/12/2022 000-03655063  06/12/2022 000-03658545  06/12/2022 000-03658554  06/12/2022 000-03660072  06/12/2022 000-03660074  06/12/2022 000-03660414  06/12/2022 000-03664991  06/12/2022 000-03664995  06/12/2022 000-03666167  06/12/2022 000-03673084  06/12/2022 000-03673086  06/12/2022 000-03673092  06/12/2022 000-03679320  06/12/2022 000-03680059  06/12/2022 000-03680070  06/12/2022 000-03680085  06/12/2022 000-03682493  06/12/2022 000-03682501  06/12/2022 000-03682506  06/12/2022 000-03687479  06/12/2022 000-03689143  06/12/2022 000-03689147  06/12/2022 000-03691723  06/12/2022 000-03692255  06/12/2022 000-03692269  06/12/2022 000-03700987  06/12/2022 000-03703377  06/12/2022 000-03703698  06/12/2022 000-03703700  06/12/2022 000-03703701  06/12/2022 000-03705837  06/12/2022 000-03707824  06/12/2022 000-03707827  06/12/2022 000-03711231  06/12/2022 000-03712318  06/12/2022 000-03713425  06/12/2022 000-03713430  06/12/2022 000-03716923  06/12/2022 000-03717685  06/12/2022 000-03717686  06/12/2022 000-03719575  06/12/2022 000-03719592  06/12/2022 000-03721701  06/12/2022 000-03721704  06/12/2022 000-03723227  06/12/2022 000-03730719  06/12/2022 000-03730724  06/12/2022 000-03730729  06/12/2022 000-03733397  06/12/2022 000-03733399  06/12/2022 000-03734315  06/12/2022 000-03735551  06/12/2022 000-03738114  06/12/2022 000-03742989  06/12/2022 000-03744299  06/12/2022 000-03749514  06/12/2022 000-03749518  06/12/2022 000-03750882  06/12/2022 000-03754647  06/12/2022 000-03754650  06/12/2022 000-03754651  06/12/2022 000-03760047  06/12/2022 000-03760048  06/12/2022 000-03760619  06/12/2022 000-03760622  06/12/2022 000-03760628  06/12/2022 000-03763155  06/12/2022 000-03763159  06/12/2022 000-03764415  07/25/2022 000-03764791  07/25/2022 000-03765420  06/12/2022 000-03765843  07/25/2022 000-03765851  07/25/2022 000-03770724  07/25/2022 000-03774924  07/25/2022 000-03777490  07/25/2022 000-03777495  07/25/2022 000-03778872  07/25/2022 000-03781932  07/25/2022 000-03783783  07/25/2022 000-03786651  07/25/2022 000-03786766  07/25/2022 000-03787089  07/25/2022 000-03787521  07/25/2022 000-03788398  07/25/2022 000-03788988  07/25/2022 000-03789762  07/25/2022 000-03792000  07/25/2022 000-03792862  07/25/2022 000-03792865  07/25/2022 000-03795684  07/25/2022 000-03800737  07/25/2022 000-03800755  07/25/2022 000-03800761  07/25/2022 000-03804401  07/25/2022 000-03806279  07/25/2022 000-03806280  07/25/2022 000-03806283  07/25/2022 000-03807353  07/25/2022 000-03807354  07/25/2022 000-03808311  07/25/2022 000-03809057  07/25/2022 000-03812149  07/25/2022 000-03815093  07/25/2022 000-03817475  07/25/2022 000-03819487  07/25/2022 000-03819488  07/25/2022 000-03820804  07/25/2022 000-03820825  07/25/2022 000-03823023  07/25/2022 000-03824581  07/25/2022 000-03825242  07/25/2022 000-03826527  07/25/2022 000-03827142  07/25/2022 000-03828958  07/25/2022 000-03829919  07/25/2022 000-03830263  07/25/2022 000-03831679  07/25/2022 000-03831683  07/25/2022 000-03833999  07/25/2022 000-03834001  07/25/2022 000-03840493  07/25/2022 000-03840494  07/25/2022 000-03840495  07/25/2022 000-03842140  07/25/2022 000-03842142  07/25/2022 000-03844053  07/25/2022 000-03844624  07/25/2022 000-03844957  07/25/2022 000-03847685  07/25/2022 000-03847686  07/25/2022 000-03849422  07/25/2022 000-03850856  07/25/2022 000-03854085  07/25/2022 000-03855438  07/25/2022 000-03855446  07/25/2022 000-03855977  07/25/2022 000-03864449  07/25/2022 000-03867671  07/25/2022 000-03871305  07/25/2022 000-03872554  07/25/2022 000-03877105  07/25/2022 000-03878328  07/25/2022 000-03879732  07/25/2022 000-03881176  07/25/2022 000-03882827  07/25/2022 000-03889388  09/16/2022 000-03889391  09/16/2022 000-03889394  09/16/2022 000-03891630  09/16/2022 000-03892400  09/16/2022 000-03895668  09/16/2022 000-03895680  09/16/2022 000-03895684  09/16/2022 000-03895686  09/16/2022 000-03895688  09/16/2022 000-03895691  09/16/2022 000-03899682  09/16/2022 000-03899687  09/16/2022 000-03902753  09/16/2022 000-03903178  09/16/2022 000-03903180  09/16/2022 000-03903181  09/16/2022 000-03905780  09/16/2022 000-03908756  09/16/2022 000-03908763  09/16/2022 000-03908764  09/16/2022 000-03908765  09/16/2022 000-03911549  09/16/2022 000-03911551  09/16/2022 000-03911558  09/16/2022 000-03913765  09/16/2022 000-03913770  09/16/2022 000-03913784  09/16/2022 000-03915978  09/16/2022 000-03915987  09/16/2022 000-03918216  09/16/2022 000-03918220  09/16/2022 000-03922735  09/16/2022 000-03925539  09/16/2022 000-03927920  09/16/2022 000-03927921  09/16/2022 000-03927926  09/16/2022 000-03927930  09/16/2022 000-03930321  09/16/2022 000-03932386  09/16/2022 000-03932387  09/16/2022 000-03932388  09/16/2022 000-03932397  09/16/2022 000-03934307  09/16/2022 000-03940736  09/16/2022 000-03942397  09/16/2022 000-03943827  09/16/2022 000-03945282  09/16/2022 000-03946690  09/16/2022 000-03947031  09/16/2022 000-03947032  09/16/2022 000-03951218  09/16/2022 000-03951224  09/16/2022 000-03954924  09/16/2022 000-03954926  09/16/2022 000-03954928  09/16/2022 000-03956426  09/16/2022 000-03957871  09/16/2022 000-03958360  09/16/2022 000-03958362  09/16/2022 000-03959237  09/16/2022 000-03962690  09/16/2022 000-03964955  09/16/2022 000-03965441  09/16/2022 000-03969994  09/16/2022 000-03970852  09/16/2022 000-03975671  09/16/2022 000-03977394  09/16/2022 000-03983905  09/16/2022 000-03983917  09/16/2022 000-03987016  09/16/2022 000-03987017  09/16/2022 000-03987022  09/16/2022 000-03987023  09/16/2022 000-04008259  09/16/2022 000-04015867  09/16/2022 000-03670164  06/12/2022 000-03723226  06/12/2022 000-03730723  06/12/2022 000-03741646  06/12/2022 000-03747047  06/12/2022 000-03844962  07/25/2022 000-03889365  09/16/2022 000-03906683  09/16/2022 000-03911548  09/16/2022 000-03705891  06/12/2022 000-03727368  06/12/2022 000-03932393  09/16/2022 000-03962699  09/16/2022 000-03691721  06/12/2022 000-03721700  06/12/2022 000-03732546  06/12/2022 000-03770732  07/25/2022 000-03836513  07/25/2022 000-03647554  06/12/2022 000-03660077  06/12/2022 000-03713423  06/12/2022 000-03727721  06/12/2022 000-03755782  06/12/2022 000-03781931  07/25/2022 000-03805183  07/25/2022 000-03807743  07/25/2022 000-03819491  07/25/2022 000-03974655  09/16/2022 000-03983914  09/16/2022 000-03653134  06/12/2022 000-03658546  06/12/2022 000-03664794  06/12/2022 000-03675800  06/12/2022 000-03679313  06/12/2022 000-03705890  06/12/2022 000-03712327  06/12/2022 000-03715374  06/12/2022 000-03727719  06/12/2022 000-03727974  06/12/2022 000-03735555  06/12/2022 000-03736604  06/12/2022 000-03740529  06/12/2022 000-03760043  06/12/2022 000-03760578  06/12/2022 000-03760580  06/12/2022 000-03773304  07/25/2022 000-03785845  07/25/2022 000-03786652  07/25/2022 000-03787529  07/25/2022 000-03790481  07/25/2022 000-03819493  07/25/2022 000-03823956  07/25/2022 000-03829916  07/25/2022 000-03864441  07/25/2022 000-03869197  07/25/2022 000-03872560  07/25/2022 000-03889368  09/16/2022 000-03891619  09/16/2022 000-03895667  09/16/2022 000-03932391  09/16/2022 000-03946541  09/16/2022 000-03954925  09/16/2022 000-03959234  09/16/2022 000-03962700  09/16/2022 000-03964339  09/16/2022 000-03965443  09/16/2022 000-03983907  09/16/2022 000-03903580  09/26/2022 000-03627860  06/10/2022 000-03686592  06/10/2022 000-03774791  06/10/2022 000-03789998  06/10/2022 000-03796011  06/10/2022 000-03833125  07/26/2022 000-03704196  06/10/2022 000-03716221  06/10/2022 000-03724933  06/10/2022 000-03810087  06/10/2022 000-03820895  07/26/2022 000-03904378  09/26/2022 000-03906594  09/26/2022 000-03906608  09/26/2022 000-03651873  06/10/2022 000-03785508  07/26/2022 000-03883045  07/26/2022 000-03723008  06/10/2022 000-03736098  06/10/2022 000-03638935  06/10/2022 000-03651947  06/10/2022 000-03688142  06/10/2022 000-03703658  06/10/2022 000-03729557  06/10/2022 000-03736773  06/10/2022 000-03748546  06/10/2022 000-03755819  06/10/2022 000-03797329  07/26/2022 000-03808035  07/26/2022 000-03819853  07/26/2022 000-03844548  07/26/2022 000-03845866  07/26/2022 000-03875032  07/26/2022 000-03893232  07/26/2022 000-03627836  06/10/2022 000-03683596  06/19/2022 000-03707834  06/19/2022 000-03707840  06/19/2022 000-03693456  06/19/2022 000-03693455  06/19/2022 000-03693465  06/19/2022 000-03725936  06/19/2022 000-03725941  06/19/2022 000-03678331  06/19/2022 000-03687474  06/19/2022 000-03690553  06/19/2022 000-03730732  07/24/2022 000-03768035  06/10/2022 000-03668246  06/10/2022 000-03796039  07/26/2022 000-03819393  07/26/2022 000-03840624  07/26/2022 000-03865273  07/26/2022 000-03729561  06/10/2022 000-03830011  07/26/2022 000-03685994  06/10/2022 000-03697067  06/10/2022 000-03703664  06/10/2022 000-03749781  06/10/2022 000-03685975  06/10/2022 000-03695256  06/10/2022 000-03824718  07/26/2022 000-03823740  07/26/2022 000-03885203  07/26/2022 000-03740685  07/10/2022 000-03748488  07/10/2022 000-03752257  07/10/2022 000-03826618  08/23/2022 000-03827799  07/10/2022 000-03870881  08/23/2022 000-03913779  08/23/2022 000-03933215  08/23/2022 000-03973495  08/23/2022 000-03845746  08/23/2022 000-03945305  08/23/2022 000-03763197  07/10/2022 000-03763200  07/10/2022 000-03779536  07/10/2022 000-03798821  07/10/2022 000-03839802  08/23/2022 000-03895692  08/23/2022 000-03899688  08/23/2022 000-03792936  07/10/2022 000-03852833  08/23/2022 000-03905987  08/23/2022 000-03910769  08/23/2022 000-03920731  08/23/2022 000-03967074  08/23/2022 000-03978348  08/23/2022 000-03730179  07/10/2022 000-03779526  07/10/2022 000-03794256  07/10/2022 000-03820358  07/10/2022 000-03823952  07/10/2022 000-03855340  08/23/2022 000-03906022  08/23/2022 000-03953136  08/23/2022 000-03956428  08/23/2022 000-03717787  07/10/2022 000-03723908  07/10/2022 000-03727302  07/10/2022 000-03740673  07/10/2022 000-03740676  07/10/2022 000-03740683  07/10/2022 000-03740684  07/10/2022 000-03748477  07/10/2022 000-03763201  07/10/2022 000-03770383  07/10/2022 000-03771812  07/10/2022 000-03785688  07/10/2022 000-03791998  07/10/2022 000-03800778  07/10/2022 000-03823014  07/10/2022 000-03871999  08/23/2022 000-03873635  08/23/2022 000-03895685  08/23/2022 000-03908745  08/23/2022 000-03908752  08/23/2022 000-03911210  08/23/2022 000-03921339  08/23/2022 000-03930318  08/23/2022 000-03940666  08/23/2022 000-03945296  08/23/2022 000-03953620  08/23/2022 000-03956432  08/23/2022 000-03962819  08/23/2022 000-03966159  08/23/2022 000-03975677  08/23/2022 000-03980075  08/23/2022 000-03983443  08/23/2022 000-03721874  07/10/2022 000-03762511  07/10/2022 000-03826525  07/10/2022 000-03906028  08/23/2022 000-03953129  08/23/2022 000-03977890  08/23/2022 000-03748490  07/10/2022 000-03762566  07/10/2022 000-03806092  07/10/2022 000-03827919  07/10/2022 000-03893123  08/23/2022 000-03962818  08/23/2022 000-03713433  07/10/2022 000-03717788  07/10/2022 000-03727301  07/10/2022 000-03727321  07/10/2022 000-03770869  07/10/2022 000-03771814  07/10/2022 000-03785686  07/10/2022 000-03785689  07/10/2022 000-03794249  07/10/2022 000-03807692  07/10/2022 000-03814389  08/23/2022 000-03839813  07/10/2022 000-03839815  07/10/2022 000-03857500  08/23/2022 000-03860368  08/23/2022 000-03870883  08/23/2022 000-03879730  08/23/2022 000-03895695  08/23/2022 000-03899678  08/23/2022 000-03913767  08/23/2022 000-03930317  08/23/2022 000-03932594  08/23/2022 ","000-03945301  08/23/2022 000-03946692  08/23/2022 000-03962821  08/23/2022 000-03974833  08/23/2022 000-03978351  08/23/2022 000-03981322  08/23/2022 000-03983441  08/23/2022 000-03860378  08/23/2022 000-03771818  07/10/2022 000-03730177  07/10/2022 000-03771810  07/10/2022 000-03814373  08/23/2022 000-03962822  08/23/2022 000-03708193  06/10/2022 000-03625045  06/10/2022 000-03692729  06/10/2022 000-03695521  06/10/2022 000-03708397  06/10/2022 000-03720648  06/10/2022 000-03728700  06/10/2022 000-03777969  06/10/2022 000-03780126  06/10/2022 000-03782326  07/26/2022 000-03796038  07/26/2022 000-03833032  07/26/2022 000-03833436  07/26/2022 000-03844571  07/26/2022 000-03852452  07/26/2022 000-03852477  07/26/2022 000-03864959  07/26/2022 000-03864981  07/26/2022 000-03885199  07/26/2022 000-03857341  07/26/2022 000-03697062  06/10/2022 000-03665825  06/10/2022 000-03833148  07/26/2022 000-03826154  07/26/2022 000-03648866  06/10/2022 000-03708139  06/10/2022 000-03777219  06/10/2022 000-03808064  06/10/2022 000-03862209  07/26/2022 000-03893247  07/26/2022 000-03739453  06/10/2022 000-03744614  06/10/2022 000-03893201  07/26/2022 000-03677748  06/10/2022 000-03685992  06/10/2022 000-03804766  07/26/2022 000-03893273  07/26/2022 000-03906599  09/26/2022 000-03764291  08/04/2022 000-03821612  08/04/2022 000-03915989  09/17/2022 000-03930314  09/17/2022 000-03930323  09/17/2022 000-03941584  09/17/2022 000-03961698  09/17/2022 000-03993098  09/17/2022 000-04022303  09/17/2022 000-04043262  09/17/2022 000-03768347  08/04/2022 000-03855462  08/04/2022 000-03891446  08/04/2022 000-03927091  09/17/2022 000-03927910  09/17/2022 000-03936438  09/17/2022 000-03979131  09/17/2022 000-04008258  09/17/2022 000-04056529  09/17/2022 000-03972281  09/17/2022 000-04055546  09/17/2022 000-03773485  08/04/2022 000-03773875  08/04/2022 000-03773877  08/04/2022 000-03778195  08/04/2022 000-03785949  08/04/2022 000-03785959  08/04/2022 000-03811034  08/04/2022 000-03823947  08/04/2022 000-03849440  08/04/2022 000-03855469  08/04/2022 000-03860379  08/04/2022 000-03860382  08/04/2022 000-03870863  08/04/2022 000-03876238  08/04/2022 000-03902289  08/04/2022 000-03908742  09/17/2022 000-03920887  09/17/2022 000-03936436  09/17/2022 000-03958736  09/17/2022 000-03994090  09/17/2022 000-04020175  09/17/2022 000-04038365  09/17/2022 000-03839814  08/04/2022 000-03876244  08/04/2022 000-03903179  08/04/2022 000-03905999  09/17/2022 000-03915983  09/17/2022 000-03974227  09/17/2022 000-04023036  09/17/2022 000-03760093  08/04/2022 000-03760095  08/04/2022 000-03821628  08/04/2022 000-03842136  08/04/2022 000-03858761  08/04/2022 000-03902272  08/04/2022 000-03920776  08/04/2022 000-03927908  09/17/2022 000-03972276  09/17/2022 000-03979127  09/17/2022 000-03983442  09/17/2022 000-03993102  09/17/2022 000-04055548  09/17/2022 000-03862402  08/04/2022 000-03975674  09/17/2022 000-03752253  08/04/2022 000-03764303  08/04/2022 000-03766706  08/04/2022 000-03768783  08/04/2022 000-03771811  08/04/2022 000-03771813  08/04/2022 000-03774638  08/04/2022 000-03783774  08/04/2022 000-03791235  08/04/2022 000-03797023  08/04/2022 000-03805179  08/04/2022 000-03819616  08/04/2022 000-03839811  08/04/2022 000-03858752  08/04/2022 000-03858757  08/04/2022 000-03866086  08/04/2022 000-03889378  08/04/2022 000-03889380  08/04/2022 000-03895649  08/04/2022 000-03899681  08/04/2022 000-03899686  08/04/2022 000-03903174  08/04/2022 000-03908747  09/17/2022 000-03915969  09/17/2022 000-03940735  09/17/2022 000-03947975  09/17/2022 000-03961667  09/17/2022 000-03965199  09/17/2022 000-03967067  09/17/2022 000-03975678  09/17/2022 000-04000968  09/17/2022 000-04004416  09/17/2022 000-04005462  09/17/2022 000-04008260  09/17/2022 000-04017196  09/17/2022 000-04025243  09/17/2022 000-04035113  09/17/2022 000-04038374  09/17/2022 000-04046022  09/17/2022 000-03766709  08/04/2022 000-03839809  08/04/2022 000-03969932  09/17/2022 000-04046026  09/17/2022 000-03760094  08/04/2022 000-03862396  08/04/2022 000-03998381  09/17/2022 000-04031615  09/17/2022 000-03771816  08/04/2022 000-03842137  08/04/2022 000-03875703  08/04/2022 000-03981321  09/17/2022 000-04004412  09/17/2022 000-04055536  09/17/2022 000-03920888  09/17/2022 000-04026972  09/17/2022 000-03752260  08/04/2022 000-03862397  08/04/2022 000-03873932  08/04/2022 000-03895659  08/04/2022 000-04020164  09/17/2022 000-03760096  08/04/2022 000-03761744  08/04/2022 000-03781949  08/04/2022 000-03783770  08/04/2022 000-03792543  08/04/2022 000-03815091  08/04/2022 000-03819605  08/04/2022 000-03826661  08/04/2022 000-03832239  08/04/2022 000-03839812  08/04/2022 000-03858758  08/04/2022 000-03858760  08/04/2022 000-03862393  08/04/2022 000-03873640  08/04/2022 000-03880735  08/04/2022 000-03915977  09/17/2022 000-03927916  09/17/2022 000-03933185  09/17/2022 000-03969978  09/17/2022 000-03984145  09/17/2022 000-03996313  09/17/2022 000-04000961  09/17/2022 000-04000971  09/17/2022 000-04008252  09/17/2022 000-04008271  09/17/2022 000-04010700  09/17/2022 000-04033853  09/17/2022 000-04056527  09/17/2022 000-04064889  09/17/2022 000-03768348  08/04/2022 000-03891450  08/04/2022 000-03895661  08/04/2022 000-04000962  09/17/2022 000-03834000  08/04/2022 000-03902273  08/04/2022 000-03936439  09/17/2022 000-03936443  09/17/2022 000-03952110  09/17/2022 000-04000969  09/17/2022 000-04038375  09/17/2022 000-03658614  06/14/2022 000-03752003  06/14/2022 000-03793387  06/14/2022 000-03846997  08/05/2022 000-03879731  08/05/2022 000-03929958  08/05/2022 000-03752259  06/14/2022 000-03883029  08/05/2022 000-03737905  06/14/2022 000-03779621  06/14/2022 000-03664990  06/14/2022 000-03727688  06/14/2022 000-03733470  06/14/2022 000-03757751  06/14/2022 000-03806535  08/05/2022 000-03807807  08/05/2022 000-03857581  08/05/2022 000-03878326  08/05/2022 000-03940941  08/05/2022 000-03664992  06/14/2022 000-03668726  06/14/2022 000-03678338  06/14/2022 000-03693482  06/14/2022 000-03705416  06/14/2022 000-03707535  06/14/2022 000-03707543  06/14/2022 000-03721876  06/14/2022 000-03744302  06/14/2022 000-03757665  06/14/2022 000-03768341  06/14/2022 000-03789443  06/14/2022 000-03794251  06/14/2022 000-03797024  08/05/2022 000-03805418  08/05/2022 000-03820352  08/05/2022 000-03826518  08/05/2022 000-03838706  08/05/2022 000-03838712  08/05/2022 000-03845694  08/05/2022 000-03857578  08/05/2022 000-03866188  08/05/2022 000-03876878  08/05/2022 000-03878331  08/05/2022 000-03879738  08/05/2022 000-03884422  08/05/2022 000-03908743  08/05/2022 000-03920763  08/05/2022 000-03924211  08/05/2022 000-03924249  08/05/2022 000-03936150  08/05/2022 000-03945300  08/05/2022 000-03945308  08/05/2022 000-03905997  08/05/2022 000-03697069  06/10/2022 000-03798744  07/26/2022 000-03703974  06/10/2022 000-03800512  07/26/2022 000-03759064  06/20/2022 000-03752258  06/20/2022 000-03764292  06/20/2022 000-03730884  06/20/2022 000-03797020  06/20/2022 000-03882848  08/23/2022 000-03965207  08/23/2022 000-03727383  06/20/2022 000-03795685  06/20/2022 000-03855458  08/23/2022 000-03857503  08/23/2022 000-03940697  08/23/2022 000-03905998  08/23/2022 000-03751992  06/20/2022 000-03799822  06/20/2022 000-03924252  08/23/2022 000-03927935  08/23/2022 000-03740432  06/20/2022 000-03820345  08/23/2022 000-03887493  08/23/2022 000-03681238  06/20/2022 000-03727363  06/20/2022 000-03731279  06/20/2022 000-03759083  06/20/2022 000-03773854  06/20/2022 000-03777062  06/20/2022 000-03777743  06/20/2022 000-03777745  06/20/2022 000-03786650  06/20/2022 000-03797549  06/20/2022 000-03811092  06/20/2022 000-03826519  08/23/2022 000-03842283  08/23/2022 000-03842284  08/23/2022 000-03852764  08/23/2022 000-03864220  08/23/2022 000-03864225  08/23/2022 000-03864227  08/23/2022 000-03880184  08/23/2022 000-03891443  08/23/2022 000-03891445  08/23/2022 000-03908746  08/23/2022 000-03920707  08/23/2022 000-03933412  08/23/2022 000-03938699  08/23/2022 000-03938702  08/23/2022 000-03759066  06/20/2022 000-03701341  06/20/2022 000-03731285  06/20/2022 000-03752044  06/20/2022 000-03770863  06/20/2022 000-03773857  06/20/2022 000-03797018  06/20/2022 000-03798717  06/20/2022 000-03855460  08/23/2022 000-03867665  08/23/2022 000-03890870  08/23/2022 000-03891447  08/23/2022 000-03906001  08/23/2022 000-03759787  06/12/2022 000-03898024  08/14/2022 000-04009735  09/28/2022 000-03752254  06/12/2022 000-03760574  06/12/2022 000-03760581  06/12/2022 000-03795925  08/14/2022 000-03821632  08/14/2022 000-03867663  08/14/2022 000-03874371  08/14/2022 000-03905990  08/14/2022 000-03958084  09/28/2022 000-03958085  09/28/2022 000-03967071  09/28/2022 000-04035487  09/28/2022 000-04067520  09/28/2022 000-03790194  06/12/2022 000-03835504  08/14/2022 000-03873642  08/14/2022 000-03924250  08/14/2022 000-03970331  09/28/2022 000-03668325  06/12/2022 000-03696790  06/12/2022 000-03707537  06/12/2022 000-03711526  06/12/2022 000-03711536  06/12/2022 000-03717987  06/12/2022 000-03723906  06/12/2022 000-03726515  06/12/2022 000-03744300  06/12/2022 000-03760589  06/12/2022 000-03785941  06/12/2022 000-03799113  06/12/2022 000-03804837  08/14/2022 000-03829914  08/14/2022 000-03829915  08/14/2022 000-03843942  08/14/2022 000-03857210  08/14/2022 000-03870872  08/14/2022 000-03879741  08/14/2022 000-03881701  08/14/2022 000-03917590  08/14/2022 000-03948962  08/14/2022 000-03958088  09/28/2022 000-03958089  08/14/2022 000-03965399  08/14/2022 000-03967070  09/28/2022 000-03969934  09/28/2022 000-03970643  09/28/2022 000-04003980  09/28/2022 000-04020947  09/28/2022 000-04035665  09/28/2022 000-04040926  09/28/2022 000-03707542  06/12/2022 000-03727379  06/12/2022 000-03770873  06/12/2022 000-03777025  06/12/2022 000-03786660  08/14/2022 000-03874369  08/14/2022 000-03965400  09/28/2022 000-03972273  09/28/2022 000-04032818  09/28/2022 000-04069121  09/28/2022 000-03752255  07/11/2022 000-03770865  07/11/2022 000-03845752  07/11/2022 000-03981327  08/29/2022 000-03759818  07/11/2022 000-03898020  08/29/2022 000-03927912  08/29/2022 000-03757667  07/11/2022 000-03759823  07/11/2022 000-03785354  07/11/2022 000-03800775  07/11/2022 000-03807494  07/11/2022 000-03845751  07/11/2022 000-03927914  08/29/2022 000-03936501  08/29/2022 000-03955776  08/29/2022 000-03987025  08/29/2022 000-03987029  08/29/2022 000-04009734  08/29/2022 000-04046609  08/29/2022 000-03759816  07/11/2022 000-03864222  07/11/2022 000-03770315  07/11/2022 000-03951262  08/29/2022 000-04012600  08/29/2022 000-03777158  07/11/2022 000-03777741  07/11/2022 000-03801190  07/11/2022 000-03826607  07/11/2022 000-03857148  07/11/2022 000-03864228  07/11/2022 000-03920768  08/29/2022 000-03936503  08/29/2022 000-03964356  08/29/2022 000-03972000  08/29/2022 000-03979132  08/29/2022 000-03823015  07/11/2022 000-03942399  08/29/2022 000-03771801  07/11/2022 000-03771802  07/11/2022 000-03777749  07/11/2022 000-03791233  07/11/2022 000-03797022  07/11/2022 000-03839494  07/11/2022 000-03839498  07/11/2022 000-03849382  07/11/2022 000-03908739  08/29/2022 000-03958705  08/29/2022 000-03969459  08/29/2022 000-03998494  08/29/2022 000-04000963  08/29/2022 000-04002013  08/29/2022 000-04044066  08/29/2022 000-03825261  07/11/2022 000-03705419  06/26/2022 000-03730181  06/26/2022 000-03759065  06/26/2022 000-03857498  08/13/2022 000-03940732  08/13/2022 000-03762812  06/26/2022 000-03798462  06/26/2022 000-03838707  08/13/2022 000-03889569  08/13/2022 000-03932601  08/13/2022 000-03721664  06/26/2022 000-03737287  06/26/2022 000-03768339  06/26/2022 000-03807355  06/26/2022 000-03908741  08/13/2022 000-04007728  08/13/2022 000-03762649  06/26/2022 000-03845728  08/13/2022 000-03859336  08/13/2022 000-03924243  08/13/2022 000-03693454  06/26/2022 000-03693459  06/26/2022 000-03693460  06/26/2022 000-03702917  06/26/2022 000-03709871  06/26/2022 000-03713435  06/26/2022 000-03730187  06/26/2022 000-03740616  06/26/2022 000-03752252  06/26/2022 000-03768346  06/26/2022 000-03774004  06/26/2022 000-03798353  06/26/2022 000-03802027  06/26/2022 000-03820307  06/26/2022 000-03830564  06/26/2022 000-03838709  08/13/2022 000-03847133  08/13/2022 000-03864433  08/13/2022 000-03864436  08/13/2022 000-03870869  08/13/2022 000-03880497  08/13/2022 000-03881694  08/13/2022 000-03889376  08/13/2022 000-03895647  08/13/2022 000-03908744  08/13/2022 000-03913769  08/13/2022 000-03940587  08/13/2022 000-03940734  08/13/2022 000-04002009  08/13/2022 000-04007981  08/13/2022 000-04012006  08/13/2022 000-03687904  06/26/2022 000-03770864  06/26/2022 000-03795920  06/26/2022 000-03830563  06/26/2022 000-03905985  08/13/2022 000-03911338  08/13/2022 000-04007733  08/13/2022 000-03687905  06/26/2022 000-03690616  06/26/2022 000-03705796  06/26/2022 000-03707538  06/26/2022 000-03707546  06/26/2022 000-03709870  06/26/2022 000-03717923  06/26/2022 000-03721672  06/26/2022 000-03721881  06/26/2022 000-03721884  06/26/2022 000-03727687  06/26/2022 000-03733443  06/26/2022 000-03733481  06/26/2022 000-03740611  06/26/2022 000-03741796  06/26/2022 000-03744290  06/26/2022 000-03759073  06/26/2022 000-03759076  06/26/2022 000-03777744  06/26/2022 000-03777748  06/26/2022 000-03779525  06/26/2022 000-03781947  06/26/2022 000-03789362  06/26/2022 000-03792933  06/26/2022 000-03797016  06/26/2022 000-03801135  06/26/2022 000-03807356  06/26/2022 000-03807805  06/26/2022 000-03815108  06/26/2022 000-03833997  06/26/2022 000-03834007  06/26/2022 000-03838708  08/13/2022 000-03849356  08/13/2022 000-03856824  08/13/2022 000-03857499  08/13/2022 000-03860369  08/13/2022 000-03860371  08/13/2022 000-03864451  08/13/2022 000-03873639  08/13/2022 000-03879734  08/13/2022 000-03881128  08/13/2022 000-03891618  08/13/2022 000-03902267  08/13/2022 000-03902268  08/13/2022 000-03906010  08/13/2022 000-03908740  08/13/2022 000-03913764  08/13/2022 000-03913778  08/13/2022 000-03932593  08/13/2022 000-03936506  08/13/2022 000-03940733  08/13/2022 000-03946681  08/13/2022 000-04007730  08/13/2022 000-04014165  08/13/2022 000-04017193  08/13/2022 000-03802284  06/26/2022 000-03814386  06/26/2022 000-03879729  08/13/2022 000-03884435  08/13/2022 000-03895646  08/13/2022 000-03895658  08/13/2022 000-04002012  08/13/2022 000-04019946  08/13/2022 000-03695527  06/10/2022 000-03767139  06/10/2022 000-03837034  07/26/2022 000-03648929  06/25/2022 000-03720869  07/21/2022 000-03774712  08/10/2022 000-03885175  09/20/2022 000-03600619  06/06/2022 000-03620187  06/13/2022 000-03655649  06/27/2022 000-03674148  06/11/2022 000-03833126  09/01/2022 000-03849320  08/18/2022 000-03858267  09/11/2022 000-03885195  09/20/2022 000-03593416  06/04/2022 000-03602267  06/06/2022 000-03609256  06/08/2022 000-03776875  07/18/2022 000-03776876  07/18/2022 000-03875020  09/17/2022 000-03893333  09/24/2022 000-03653756  06/26/2022 000-03812794  08/24/2022 000-03833039  09/01/2022 000-03878728  09/18/2022 000-03609261  06/08/2022 000-03685962  07/09/2022 000-03733346  07/26/2022 000-03817924  08/27/2022 000-03903592  09/27/2022 000-03652592  06/16/2022 000-03715375  06/16/2022 000-03718040  06/16/2022 000-03752256  06/16/2022 000-03752262  06/16/2022 000-03771825  06/16/2022 000-03788401  06/16/2022 000-03800777  06/16/2022 000-03819761  06/16/2022 000-03820640  06/16/2022 000-03826526  06/16/2022 000-03831681  06/16/2022 000-03860347  08/22/2022 000-03867667  08/22/2022 000-03879727  08/22/2022 000-03880146  08/22/2022 000-03893124  08/22/2022 000-03895983  08/22/2022 000-03922725  08/22/2022 000-03946534  08/22/2022 000-03954927  08/22/2022 000-03980074  08/22/2022 000-03721684  06/16/2022 000-03740251  06/16/2022 000-03803007  06/16/2022 000-03809705  06/16/2022 000-03891122  08/22/2022 000-03891787  08/22/2022 000-03920742  08/22/2022 000-03951145  08/22/2022 000-03983446  08/22/2022 000-03843310  06/16/2022 000-03707576  06/16/2022 000-03725069  06/16/2022 000-03876445  08/22/2022 000-03895990  08/22/2022 000-03913771  08/22/2022 000-03976812  08/22/2022 000-03686242  06/16/2022 000-03690077  06/16/2022 000-03690083  06/16/2022 000-03702907  06/16/2022 000-03704244  06/16/2022 000-03707574  06/16/2022 000-03712319  06/16/2022 000-03721689  06/16/2022 000-03727736  06/16/2022 000-03727742  06/16/2022 000-03730725  06/16/2022 000-03733437  06/16/2022 000-03749682  06/16/2022 000-03749683  06/16/2022 000-03752261  06/16/2022 000-03756035  06/16/2022 000-03762995  06/16/2022 000-03762996  06/16/2022 000-03762997  06/16/2022 000-03762999  06/16/2022 000-03770861  06/16/2022 000-03770867  06/16/2022 000-03781927  06/16/2022 000-03786537  06/16/2022 000-03795941  06/16/2022 000-03798595  06/16/2022 000-03803109  06/16/2022 000-03806954  06/16/2022 000-03815096  06/16/2022 000-03819765  06/16/2022 000-03823064  06/16/2022 000-03840392  08/22/2022 000-03843323  08/22/2022 000-03849381  08/22/2022 000-03852846  08/22/2022 000-03860366  08/22/2022 000-03866085  08/22/2022 000-03867635  08/22/2022 000-03871303  08/22/2022 000-03873243  08/22/2022 000-03891836  08/22/2022 000-03891851  08/22/2022 000-03892022  08/22/2022 000-03902960  08/22/2022 000-03913774  08/22/2022 000-03922724  08/22/2022 000-03922728  08/22/2022 000-03922739  08/22/2022 000-03930227  08/22/2022 000-03952236  08/22/2022 000-03954920  08/22/2022 000-03958346  08/22/2022 000-03959235  08/22/2022 000-03960661  08/22/2022 000-03964951  08/22/2022 000-03964952  08/22/2022 000-03965386  08/22/2022 000-03969924  08/22/2022 000-03973498  08/22/2022 000-03973502  08/22/2022 000-03977268  08/22/2022 000-03977987  08/22/2022 000-03984217  08/22/2022 000-03840388  08/22/2022 000-03652590  06/16/2022 000-03654775  06/16/2022 000-03673972  06/16/2022 000-03696822  06/16/2022 000-03702864  06/16/2022 000-03704241  06/16/2022 000-03704242  06/16/2022 000-03704912  06/16/2022 000-03707579  06/16/2022 000-03712320  06/16/2022 000-03716922  06/16/2022 000-03721681  06/16/2022 000-03730722  06/16/2022 000-03735549  06/16/2022 000-03735554  06/16/2022 000-03736586  06/16/2022 000-03749677  06/16/2022 000-03762998  06/16/2022 000-03770354  06/16/2022 000-03771827  06/16/2022 000-03774008  06/16/2022 000-03777489  06/16/2022 000-03777503  06/16/2022 000-03777990  06/16/2022 000-03777994  06/16/2022 000-03781935  06/16/2022 000-03781937  06/16/2022 000-03781938  06/16/2022 000-03795937  06/16/2022 000-03803858  06/16/2022 000-03807803  06/16/2022 000-03815084  06/16/2022 000-03815104  06/16/2022 000-03820648  06/16/2022 000-03826626  08/22/2022 000-03831680  06/16/2022 000-03834019  06/16/2022 000-03840389  08/22/2022 000-03843309  08/22/2022 000-03843316  08/22/2022 000-03860348  08/22/2022 000-03860349  08/22/2022 000-03860357  08/22/2022 000-03867632  08/22/2022 000-03873237  08/22/2022 000-03880181  08/22/2022 000-03882898  08/22/2022 000-03884417  08/22/2022 000-03895985  08/22/2022 000-03906018  08/22/2022 000-03920895  08/22/2022 000-03922738  08/22/2022 000-03930223  08/22/2022 000-03932595  08/22/2022 000-03932598  08/22/2022 000-03936154  08/22/2022 000-03936156  08/22/2022 000-03937545  08/22/2022 000-03940689  08/22/2022 000-03940939  08/22/2022 000-03954930  08/22/2022 000-03958350  08/22/2022 000-03958361  08/22/2022 000-03958364  08/22/2022 000-03972274  08/22/2022 000-03973925  08/22/2022 000-03975041  08/22/2022 000-03987024  08/22/2022 000-03987033  08/22/2022 000-03788400  06/16/2022 000-03690082  06/16/2022 000-03749681  06/16/2022 000-03777992  06/16/2022 000-03797734  06/16/2022 000-03876437  08/22/2022 000-03965382  08/22/2022 000-03791232  06/16/2022 000-03792489  06/16/2022 000-03852855  08/22/2022 000-03932596  08/22/2022 000-03973494  08/22/2022 000-03653741  06/10/2022 000-03839744  07/26/2022 000-03847258  07/26/2022 000-03883046  07/26/2022 000-03695631  06/10/2022 000-03698913  06/10/2022 000-03726308  06/10/2022 000-03752238  06/10/2022 000-03829927  07/26/2022 000-03846718  07/26/2022 000-03875050  07/26/2022 000-03665997  06/12/2022 000-03677854  06/10/2022 000-03679314  06/12/2022 000-03679398  06/12/2022 000-03689176  06/12/2022 000-03702909  06/12/2022 000-03711293  06/12/2022 000-03712325  06/12/2022 000-03713427  06/12/2022 000-03719593  06/12/2022 000-03725942  06/12/2022 000-03749103  06/12/2022 000-03764786  06/12/2022 000-03777498  06/12/2022 000-03796263  08/02/2022 000-03806070  08/02/2022 000-03815083  08/02/2022 000-03817482  08/02/2022 000-03817485  08/02/2022 000-03821016  08/02/2022 000-03840502  08/02/2022 000-03847694  08/02/2022 000-03865663  07/26/2022 000-03877100  08/02/2022 000-03911559  09/17/2022 000-03919225  09/17/2022 000-03960337  09/17/2022 000-03967025  09/17/2022 000-03975664  09/17/2022 000-03977412  09/17/2022 000-03985538  09/17/2022 000-03987030  09/17/2022 000-03992228  09/17/2022 000-04000928  09/17/2022 000-04011620  09/17/2022 000-04038686  09/17/2022 000-03682508  06/12/2022 000-03759610  06/12/2022 000-03765853  06/12/2022 000-03781349  06/12/2022 000-03824426  08/02/2022 000-03860352  08/02/2022 000-03866078  08/02/2022 000-03915131  09/17/2022 000-03981308  09/17/2022 000-03987028  09/17/2022 000-04027852  09/17/2022 000-03760602  06/12/2022 000-03855455  08/02/2022 000-03891638  09/17/2022 000-03958357  09/17/2022 000-03682498  06/12/2022 000-03707847  06/12/2022 000-03707848  06/12/2022 000-03719586  06/12/2022 000-03721890  06/12/2022 000-03725945  06/12/2022 000-03734625  06/12/2022 000-03744292  06/12/2022 000-03750876  06/12/2022 000-03752067  06/12/2022 000-03766408  06/12/2022 000-03773316  06/12/2022 000-03774736  06/12/2022 000-03777039  06/12/2022 000-03810718  08/02/2022 000-03815087  08/02/2022 000-03824158  08/02/2022 000-03832696  08/02/2022 000-03832697  08/02/2022 000-03834004  08/02/2022 000-03840394  08/02/2022 000-03844956  08/02/2022 000-03855448  08/02/2022 000-03871302  08/02/2022 000-03882822  08/02/2022 000-03902778  09/17/2022 000-03919227  09/17/2022 000-03922729  09/17/2022 000-03927938  09/17/2022 000-03927941  09/17/2022 000-03936147  09/17/2022 000-03943814  09/17/2022 000-03947930  09/17/2022 000-03956425  09/17/2022 000-03968847  09/17/2022 000-03970038  09/17/2022 000-03973504  09/17/2022 000-03975014  09/17/2022 000-03985531  09/17/2022 000-03987027  09/17/2022 000-03987031  09/17/2022 000-03992236  09/17/2022 000-03994093  09/17/2022 000-04000936  09/17/2022 000-04014163  09/17/2022 000-04014168  09/17/2022 000-04019941  09/17/2022 000-04026400  09/17/2022 000-04030821  09/17/2022 000-04038685  09/17/2022 000-03624246  06/12/2022 000-03834020  08/02/2022 000-03870897  08/02/2022 000-04035224  09/17/2022 000-03689165  06/12/2022 000-03715321  06/12/2022 000-03730495  06/12/2022 000-03742733  06/12/2022 000-03836516  08/02/2022 000-03840390  08/02/2022 000-03844054  08/02/2022 000-03850429  08/02/2022 000-03855968  08/02/2022 000-03867650  08/02/2022 000-03877092  08/02/2022 000-03891643  09/17/2022 000-03895986  08/02/2022 000-03895995  08/02/2022 000-03930226  09/17/2022 000-03936148  09/17/2022 000-03948758  09/17/2022 000-04000933  09/17/2022 000-04004611  09/17/2022 000-04012971  09/17/2022 000-03814385  08/02/2022 000-03821015  08/02/2022 000-03956416  09/17/2022 000-03731278  06/12/2022 000-03734314  06/12/2022 000-03777129  06/12/2022 000-03783785  08/02/2022 000-03828962  08/02/2022 000-03873644  08/02/2022 000-03898027  09/17/2022 000-04015869  09/17/2022 000-03765831  06/12/2022 000-03770862  06/12/2022 000-03847684  08/02/2022 000-03889387  08/02/2022 000-03951190  09/17/2022 000-03964949  09/17/2022 000-03975659  09/17/2022 000-04031609  09/17/2022 000-03665998  06/12/2022 000-03689169  06/12/2022 000-03702858  06/12/2022 000-03719594  06/12/2022 000-03777047  06/12/2022 000-03779632  06/12/2022 000-03781936  06/12/2022 000-03825041  08/02/2022 000-03855465  08/02/2022 000-03860353  08/02/2022 000-03866079  08/02/2022 000-03919230  09/17/2022 000-03945276  09/17/2022 000-03953135  09/17/2022 000-03953137  09/17/2022 000-03972278  09/17/2022 000-03979128  09/17/2022 000-04002235  09/17/2022 000-04005329  09/17/2022 000-03624238  06/12/2022 000-03624248  06/12/2022 000-03665190  06/12/2022 000-03665993  06/12/2022 000-03679318  06/12/2022 000-03680081  06/12/2022 000-03687166  06/12/2022 000-03689179  06/12/2022 000-03693458  06/12/2022 000-03693463  06/12/2022 000-03693466  06/12/2022 000-03704246  06/12/2022 000-03704250  06/12/2022 000-03704251  06/12/2022 000-03711289  06/12/2022 000-03712323  06/12/2022 000-03715322  06/12/2022 000-03719587  06/12/2022 000-03719590  06/12/2022 000-03721892  06/12/2022 000-03721894  06/12/2022 000-03721899  06/12/2022 000-03721900  06/12/2022 000-03721903  06/12/2022 000-03727710  06/12/2022 000-03727737  06/12/2022 000-03727740  06/12/2022 000-03730424  06/12/2022 000-03730649  06/12/2022 000-03731283  06/12/2022 000-03732541  06/12/2022 000-03735557  06/12/2022 000-03738120  06/12/2022 000-03740249  06/12/2022 000-03740254  06/12/2022 000-03742724  06/12/2022 000-03742725  06/12/2022 000-03742727  06/12/2022 000-03742728  06/12/2022 000-03749105  06/12/2022 000-03749503  06/12/2022 000-03752069  06/12/2022 000-03753149  06/12/2022 000-03757712  06/12/2022 000-03759613  06/12/2022 000-03760614  06/12/2022 000-03760616  06/12/2022 000-03763198  06/12/2022 000-03767163  06/12/2022 000-03767164  06/12/2022 000-03774735  06/12/2022 000-03775176  06/12/2022 000-03775182  06/12/2022 000-03777989  06/12/2022 000-03779619  06/12/2022 000-03781939  06/12/2022 000-03781940  06/12/2022 000-03782870  08/02/2022 000-03786653  08/02/2022 000-03786656  08/02/2022 000-03788403  08/02/2022 000-03791237  08/02/2022 000-03793383  08/02/2022 000-03794250  08/02/2022 000-03794253  08/02/2022 000-03795678  08/02/2022 000-03797028  08/02/2022 000-03797754  08/02/2022 000-03798729  06/12/2022 000-03800776  08/02/2022 000-03801182  08/02/2022 000-03803099  08/02/2022 000-03804501  08/02/2022 000-03805447  08/02/2022 000-03806948  08/02/2022 000-03807495  08/02/2022 000-03819607  08/02/2022 000-03819613  08/02/2022 000-03819615  08/02/2022 000-03823026  08/02/2022 000-03826617  08/02/2022 000-03826664  08/02/2022 000-03827836  08/02/2022 000-03828608  08/02/2022 000-03829930  08/02/2022 000-03831312  08/02/2022 000-03831684  08/02/2022 000-03834009  08/02/2022 000-03834010  08/02/2022 000-03834013  08/02/2022 000-03834015  08/02/2022 000-03834017  08/02/2022 000-03834021  08/02/2022 000-03836521  08/02/2022 000-03840395  08/02/2022 000-03840501  08/02/2022 000-03844049  08/02/2022 000-03847687  08/02/2022 000-03847690  08/02/2022 000-03849420  08/02/2022 000-03855451  08/02/2022 000-03855453  08/02/2022 000-03855454  08/02/2022 000-03855472  08/02/2022 000-03855475  08/02/2022 000-03855973  08/02/2022 000-03858327  08/02/2022 000-03860354  08/02/2022 000-03860360  08/02/2022 000-03862391  08/02/2022 000-03862394  08/02/2022 000-03862395  08/02/2022 000-03862400  08/02/2022 000-03870893  08/02/2022 000-03870894  08/02/2022 000-03870899  08/02/2022 000-03871297  08/02/2022 000-03871304  08/02/2022 000-03874368  08/02/2022 000-03874374  08/02/2022 000-03880637  08/02/2022 000-03881695  08/02/2022 000-03882817  08/02/2022 000-03882943  08/02/2022 000-03882952  08/02/2022 000-03886925  08/02/2022 000-03889383  08/02/2022 000-03889393  08/02/2022 000-03891138  08/02/2022 000-03891640  09/17/2022 000-03891641  09/17/2022 000-03895987  08/02/2022 000-03895993  08/02/2022 000-03898025  08/02/2022 000-03902764  09/17/2022 000-03902777  09/17/2022 000-03902779  09/17/2022 000-03902968  09/17/2022 000-03906003  09/17/2022 000-03906013  09/17/2022 000-03908757  09/17/2022 000-03908761  09/17/2022 000-03908762  09/17/2022 000-03910783  09/17/2022 000-03913780  09/17/2022 000-03913781  09/17/2022 000-03913783  09/17/2022 000-03919221  09/17/2022 000-03919228  09/17/2022 000-03919229  09/17/2022 000-03919235  09/17/2022 000-03920892  09/17/2022 000-03922722  09/17/2022 000-03925536  09/17/2022 000-03927943  09/17/2022 000-03927945  09/17/2022 000-03930225  09/17/2022 000-03932599  09/17/2022 000-03936149  09/17/2022 000-03940683  09/17/2022 000-03945275  09/17/2022 000-03945280  09/17/2022 000-03946687  09/17/2022 000-03947034  09/17/2022 000-03947980  09/17/2022 000-03951184  09/17/2022 000-03951186  09/17/2022 000-03951191  09/17/2022 000-03958355  09/17/2022 000-03961680  09/17/2022 000-03962697  09/17/2022 000-03964329  09/17/2022 000-03964330  09/17/2022 000-03964332  09/17/2022 000-03964336  09/17/2022 000-03964950  09/17/2022 000-03964956  09/17/2022 000-03964958  09/17/2022 000-03964959  09/17/2022 000-03965459  09/17/2022 000-03966287  09/17/2022 000-03970429  09/17/2022 000-03972275  09/17/2022 000-03980351  09/17/2022 000-03984133  09/17/2022 000-03984134  09/17/2022 000-03984139  09/17/2022 000-03984148  09/17/2022 000-03988744  09/17/2022 000-03989415  09/17/2022 000-03992222  09/17/2022 000-03992233  09/17/2022 000-03995930  09/17/2022 000-04000925  09/17/2022 000-04000929  09/17/2022 000-04000930  09/17/2022 000-04000932  09/17/2022 000-04002245  09/17/2022 000-04004281  09/17/2022 000-04005324  09/17/2022 000-04008346  09/17/2022 000-04009751  09/17/2022 000-04009755  09/17/2022 000-04009756  09/17/2022 000-04016981  09/17/2022 000-04016983  09/17/2022 000-04019939  09/17/2022 000-04019947  09/17/2022 000-04019955  09/17/2022 000-04020934  09/17/2022 000-04020939  09/17/2022 000-04020950  09/17/2022 000-04022481  09/17/2022 000-04023354  09/17/2022 000-04024487  09/17/2022 000-04027847  09/17/2022 000-04029563  09/17/2022 000-04030373  09/17/2022 000-04032175  09/17/2022 000-04032263  09/17/2022 000-04034192  09/17/2022 000-04034580  09/17/2022 000-04035796  09/17/2022 000-04040906  09/17/2022 000-04040913  09/17/2022 000-04040933  09/17/2022 000-04042345  09/17/2022 000-04042349  09/17/2022 000-04042350  09/17/2022 000-04042351  09/17/2022 000-04048193  09/17/2022 000-03712326  06/12/2022 000-03767165  06/12/2022 000-03773860  06/12/2022 000-03777497  06/12/2022 000-03872901  08/02/2022 000-03933213  09/17/2022 000-03970048  09/17/2022 000-03979899  09/17/2022 000-03624239  06/12/2022 000-03624242  06/12/2022 000-03679384  06/12/2022 000-03682509  06/12/2022 000-03682519  06/12/2022 000-03702770  06/12/2022 000-03723229  06/12/2022 000-03734320  06/12/2022 000-03744303  06/12/2022 000-03757646  06/12/2022 000-03777493  06/12/2022 000-03777500  06/12/2022 000-03777993  06/12/2022 000-03785847  08/02/2022 000-03792542  08/02/2022 000-03795673  08/02/2022 000-03804950  08/02/2022 000-03815101  08/02/2022 000-03820796  08/02/2022 000-03826662  08/02/2022 000-03834018  08/02/2022 000-03844050  08/02/2022 000-03844059  08/02/2022 000-03849424  08/02/2022 000-03872908  08/02/2022 000-03872912  08/02/2022 000-03877098  08/02/2022 000-03895991  08/02/2022 000-03895992  08/02/2022 000-03895996  08/02/2022 000-03906015  09/17/2022 000-03908758  09/17/2022 000-03925532  09/17/2022 000-03936155  09/17/2022 000-03958363  09/17/2022 000-03967021  09/17/2022 000-03972283  09/17/2022 000-03973497  09/17/2022 000-03984147  09/17/2022 000-03985534  09/17/2022 000-03992225  09/17/2022 000-03992227  09/17/2022 000-03992235  09/17/2022 000-04000926  09/17/2022 000-04000934  09/17/2022 000-04002237  09/17/2022 000-04002243  09/17/2022 000-04042348  09/17/2022 000-04042352  09/17/2022 000-03707841  06/12/2022 000-03712328  06/12/2022 000-03742722  06/12/2022 000-03760606  06/12/2022 000-03783782  08/02/2022 000-03785843  08/02/2022 000-03795672  08/02/2022 000-03855452  08/02/2022 000-03860350  08/02/2022 000-03951182  09/17/2022 000-03964334  09/17/2022 000-03968851  09/17/2022 000-03976805  09/17/2022 000-04000927  09/17/2022 000-04031612  09/17/2022 000-04048200  09/17/2022 000-03680063  06/12/2022 000-03680072  06/12/2022 000-03682496  06/12/2022 000-03682497  06/12/2022 000-03682507  06/12/2022 000-03686525  06/12/2022 000-03689163  06/12/2022 000-03693457  06/12/2022 000-03693464  06/12/2022 000-03704243  06/12/2022 000-03704245  06/12/2022 000-03704247  06/12/2022 000-03704249  06/12/2022 000-03704253  06/12/2022 000-03707845  06/12/2022 000-03711286  06/12/2022 000-03713429  06/12/2022 000-03715320  06/12/2022 000-03717735  06/12/2022 000-03717736  06/12/2022 000-03719588  06/12/2022 000-03719597  06/12/2022 000-03721889  06/12/2022 000-03721893  06/12/2022 000-03721901  06/12/2022 000-03721904  06/12/2022 000-03723228  06/12/2022 000-03723230  06/12/2022 000-03725940  06/12/2022 000-03725943  06/12/2022 000-03727709  06/12/2022 000-03730429  06/12/2022 000-03731276  06/12/2022 000-03732539  06/12/2022 000-03734621  06/12/2022 000-03737991  06/12/2022 000-03738124  06/12/2022 000-03740243  06/12/2022 000-03740252  06/12/2022 000-03740255  06/12/2022 000-03749107  06/12/2022 000-03749108  06/12/2022 ","000-03749111  06/12/2022 000-03752011  06/12/2022 000-03757167  06/12/2022 000-03757676  06/12/2022 000-03759608  06/12/2022 000-03759611  06/12/2022 000-03760600  06/12/2022 000-03760601  06/12/2022 000-03760604  06/12/2022 000-03760609  06/12/2022 000-03760611  06/12/2022 000-03760613  06/12/2022 000-03760615  06/12/2022 000-03763199  06/12/2022 000-03765833  06/12/2022 000-03765835  06/12/2022 000-03767160  06/12/2022 000-03768407  06/12/2022 000-03768418  06/12/2022 000-03768419  06/12/2022 000-03771830  06/12/2022 000-03773306  06/12/2022 000-03773310  06/12/2022 000-03773317  06/12/2022 000-03773868  06/12/2022 000-03777133  06/12/2022 000-03777494  06/12/2022 000-03777496  06/12/2022 000-03777501  06/12/2022 000-03781934  06/12/2022 000-03783772  08/02/2022 000-03786654  08/02/2022 000-03786659  08/02/2022 000-03788394  08/02/2022 000-03789515  08/02/2022 000-03790192  08/02/2022 000-03791234  08/02/2022 000-03794254  08/02/2022 000-03795667  08/02/2022 000-03795668  08/02/2022 000-03795675  08/02/2022 000-03795918  08/02/2022 000-03795922  08/02/2022 000-03798708  08/02/2022 000-03798814  08/02/2022 000-03799126  06/12/2022 000-03799411  06/12/2022 000-03799821  06/12/2022 000-03800772  06/12/2022 000-03804506  08/02/2022 000-03807501  08/02/2022 000-03807809  08/02/2022 000-03809711  08/02/2022 000-03813588  08/02/2022 000-03814374  08/02/2022 000-03814383  08/02/2022 000-03814387  08/02/2022 000-03815092  08/02/2022 000-03815107  08/02/2022 000-03817477  08/02/2022 000-03819608  08/02/2022 000-03819614  08/02/2022 000-03820824  08/02/2022 000-03823018  08/02/2022 000-03823019  08/02/2022 000-03823021  08/02/2022 000-03823024  08/02/2022 000-03824427  08/02/2022 000-03825036  08/02/2022 000-03828400  08/02/2022 000-03828957  08/02/2022 000-03831682  08/02/2022 000-03834006  08/02/2022 000-03834022  08/02/2022 000-03834023  08/02/2022 000-03840387  08/02/2022 000-03840497  08/02/2022 000-03840498  08/02/2022 000-03840500  08/02/2022 000-03844052  08/02/2022 000-03844954  08/02/2022 000-03847043  08/02/2022 000-03855447  08/02/2022 000-03855449  08/02/2022 000-03855456  08/02/2022 000-03855467  08/02/2022 000-03855471  08/02/2022 000-03855473  08/02/2022 000-03855476  08/02/2022 000-03860351  08/02/2022 000-03862399  08/02/2022 000-03866080  08/02/2022 000-03869189  08/02/2022 000-03869190  08/02/2022 000-03869203  08/02/2022 000-03870896  08/02/2022 000-03872813  08/02/2022 000-03872900  08/02/2022 000-03873647  08/02/2022 000-03876240  08/02/2022 000-03877112  08/02/2022 000-03879736  08/02/2022 000-03889398  08/02/2022 000-03891469  08/02/2022 000-03891632  09/17/2022 000-03891636  09/17/2022 000-03891637  09/17/2022 000-03891639  09/17/2022 000-03891642  09/17/2022 000-03895988  08/02/2022 000-03895989  08/02/2022 000-03898023  09/17/2022 000-03898026  09/17/2022 000-03905994  09/17/2022 000-03908753  09/17/2022 000-03908759  09/17/2022 000-03908766  09/17/2022 000-03910786  09/17/2022 000-03911553  09/17/2022 000-03913766  09/17/2022 000-03913775  09/17/2022 000-03919224  09/17/2022 000-03919226  09/17/2022 000-03919232  09/17/2022 000-03919234  09/17/2022 000-03920893  09/17/2022 000-03925531  09/17/2022 000-03925533  09/17/2022 000-03925541  09/17/2022 000-03930228  09/17/2022 000-03930233  09/17/2022 000-03930236  09/17/2022 000-03932600  09/17/2022 000-03936146  09/17/2022 000-03936158  09/17/2022 000-03940707  09/17/2022 000-03942398  09/17/2022 000-03943816  09/17/2022 000-03945283  09/17/2022 000-03946676  09/17/2022 000-03946689  09/17/2022 000-03947039  09/17/2022 000-03951181  09/17/2022 000-03953133  09/17/2022 000-03953134  09/17/2022 000-03953138  09/17/2022 000-03956415  09/17/2022 000-03956417  09/17/2022 000-03956427  09/17/2022 000-03956430  09/17/2022 000-03960336  09/17/2022 000-03960341  09/17/2022 000-03961684  09/17/2022 000-03961686  09/17/2022 000-03961854  09/17/2022 000-03962691  09/17/2022 000-03962695  09/17/2022 000-03962698  09/17/2022 000-03962702  09/17/2022 000-03966277  09/17/2022 000-03967022  09/17/2022 000-03970413  09/17/2022 000-03973503  09/17/2022 000-03974416  09/17/2022 000-03976809  09/17/2022 000-03977998  09/17/2022 000-03978247  09/17/2022 000-03979130  09/17/2022 000-03979898  09/17/2022 000-03983437  09/17/2022 000-03984130  09/17/2022 000-03984135  09/17/2022 000-03984137  09/17/2022 000-03984142  09/17/2022 000-03985791  09/17/2022 000-03987032  09/17/2022 000-03992226  09/17/2022 000-03994094  09/17/2022 000-03994095  09/17/2022 000-03995927  09/17/2022 000-03995931  09/17/2022 000-03996310  09/17/2022 000-04000912  09/17/2022 000-04000931  09/17/2022 000-04000935  09/17/2022 000-04000938  09/17/2022 000-04002232  09/17/2022 000-04002234  09/17/2022 000-04004608  09/17/2022 000-04006096  09/17/2022 000-04006101  09/17/2022 000-04006103  09/17/2022 000-04015329  09/17/2022 000-04019949  09/17/2022 000-04022168  09/17/2022 000-04022582  09/17/2022 000-04023966  09/17/2022 000-04023967  09/17/2022 000-04024712  09/17/2022 000-04025242  09/17/2022 000-04028516  09/17/2022 000-04028671  09/17/2022 000-04030818  09/17/2022 000-04030819  09/17/2022 000-04030820  09/17/2022 000-04032816  09/17/2022 000-04032891  09/17/2022 000-04034577  09/17/2022 000-04034581  09/17/2022 000-04038668  09/17/2022 000-04040905  09/17/2022 000-04040922  09/17/2022 000-04042346  09/17/2022 000-04042347  09/17/2022 000-04042353  09/17/2022 000-03665195  06/12/2022 000-03707838  06/12/2022 000-03749113  06/12/2022 000-03764787  06/12/2022 000-03801181  08/02/2022 000-03817481  08/02/2022 000-03834016  08/02/2022 000-03891141  08/02/2022 000-03920894  09/17/2022 000-03925535  09/17/2022 000-03932592  09/17/2022 000-04000937  09/17/2022 000-04019942  09/17/2022 000-04019943  09/17/2022 000-04020172  09/17/2022 000-04033849  09/17/2022 000-03740257  06/12/2022 000-03791231  08/02/2022 000-03795927  08/02/2022 000-04020174  09/17/2022 000-03702939  06/12/2022 000-03705898  06/12/2022 000-03721891  06/12/2022 000-03829933  08/02/2022 000-03855450  08/02/2022 000-03860359  08/02/2022 000-03889392  08/02/2022 000-03984150  09/17/2022 000-04011614  09/17/2022 000-04025373  09/17/2022 000-03760599  06/12/2022 000-03760617  06/12/2022 000-04000911  09/17/2022 000-04023970  09/17/2022 000-03624241  06/12/2022 000-03624247  06/12/2022 000-03689167  06/12/2022 000-03689173  06/12/2022 000-03721888  06/12/2022 000-03730423  06/12/2022 000-03750879  06/12/2022 000-03763196  06/12/2022 000-03770866  06/12/2022 000-03773859  06/12/2022 000-03786658  08/02/2022 000-03796258  08/02/2022 000-03802503  08/02/2022 000-03805180  08/02/2022 000-03849429  08/02/2022 000-03855474  08/02/2022 000-03855966  08/02/2022 000-03860365  08/02/2022 000-03867651  08/02/2022 000-03871298  08/02/2022 000-03876242  08/02/2022 000-03881697  08/02/2022 000-03895984  08/02/2022 000-03908755  09/17/2022 000-03910778  09/17/2022 000-03911552  09/17/2022 000-03925530  09/17/2022 000-03946691  09/17/2022 000-03948756  09/17/2022 000-03951188  09/17/2022 000-03958358  09/17/2022 000-03976807  09/17/2022 000-03980357  09/17/2022 000-03992238  09/17/2022 000-04008345  09/17/2022 000-04020162  09/17/2022 000-04033107  09/17/2022 000-03665951  06/10/2022 000-03751226  06/10/2022 000-03817957  07/26/2022 000-03758255  06/10/2022 000-03819441  07/26/2022 000-03900485  07/26/2022 000-03868467  07/26/2022 000-03682521  06/11/2022 000-03704359  06/11/2022 000-03764790  06/11/2022 000-03768408  06/11/2022 000-03776987  06/11/2022 000-03794274  07/25/2022 000-03855434  07/25/2022 000-03955774  07/25/2022 000-03645702  06/11/2022 000-03699138  06/11/2022 000-03711294  06/11/2022 000-03721878  06/11/2022 000-03740256  06/11/2022 000-03870889  07/25/2022 000-03891633  07/25/2022 000-03899277  07/25/2022 000-03903172  07/25/2022 000-03927944  07/25/2022 000-03937552  07/25/2022 000-03704356  06/11/2022 000-03711186  06/11/2022 000-03713424  06/11/2022 000-03727703  06/11/2022 000-03803107  07/25/2022 000-03833998  07/25/2022 000-03842281  07/25/2022 000-03855445  07/25/2022 000-03891635  07/25/2022 000-03902963  07/25/2022 000-03647586  06/11/2022 000-03796265  07/25/2022 000-03889382  07/25/2022 000-03671639  06/11/2022 000-03680642  06/11/2022 000-03781928  06/11/2022 000-03902758  07/25/2022 000-03619595  06/11/2022 000-03664969  06/11/2022 000-03671635  06/11/2022 000-03674918  06/11/2022 000-03680651  06/11/2022 000-03682504  06/11/2022 000-03682522  06/11/2022 000-03686191  06/11/2022 000-03691726  06/11/2022 000-03699143  06/11/2022 000-03699151  06/11/2022 000-03704348  06/11/2022 000-03704358  06/11/2022 000-03718921  06/11/2022 000-03720868  06/11/2022 000-03721875  06/11/2022 000-03736969  06/11/2022 000-03740246  06/11/2022 000-03744287  07/25/2022 000-03750875  07/25/2022 000-03764795  06/11/2022 000-03768411  06/11/2022 000-03768422  06/11/2022 000-03777053  06/11/2022 000-03777491  06/11/2022 000-03781942  06/11/2022 000-03784581  06/11/2022 000-03785690  06/11/2022 000-03790156  07/25/2022 000-03792934  07/25/2022 000-03798363  07/25/2022 000-03800773  07/25/2022 000-03802056  07/25/2022 000-03809050  07/25/2022 000-03810717  07/25/2022 000-03814376  07/25/2022 000-03815089  07/25/2022 000-03815094  07/25/2022 000-03815105  07/25/2022 000-03815109  07/25/2022 000-03826517  07/25/2022 000-03842285  07/25/2022 000-03855432  07/25/2022 000-03866907  07/25/2022 000-03872516  07/25/2022 000-03872519  07/25/2022 000-03873224  07/25/2022 000-03873226  07/25/2022 000-03879740  07/25/2022 000-03891631  07/25/2022 000-03891634  07/25/2022 000-03895693  07/25/2022 000-03898022  07/25/2022 000-03899327  07/25/2022 000-03920784  07/25/2022 000-03927542  07/25/2022 000-03927936  07/25/2022 000-03943804  07/25/2022 000-03946682  07/25/2022 000-03955775  07/25/2022 000-03955777  07/25/2022 000-03955778  07/25/2022 000-03955779  07/25/2022 000-03684933  06/11/2022 000-03779623  06/11/2022 000-03806538  07/25/2022 000-03958347  07/25/2022 000-03691722  06/11/2022 000-03721877  06/11/2022 000-03781945  06/11/2022 000-03889399  07/25/2022 000-03892170  07/25/2022 000-03906678  07/25/2022 000-03933211  07/25/2022 000-03940717  07/25/2022 000-03945279  07/25/2022 000-03961655  07/25/2022 000-03679321  06/11/2022 000-03619594  06/11/2022 000-03651046  06/11/2022 000-03667492  06/11/2022 000-03674917  06/11/2022 000-03674921  06/11/2022 000-03683968  06/11/2022 000-03704349  06/11/2022 000-03707823  06/11/2022 000-03711288  06/11/2022 000-03717988  06/11/2022 000-03754653  06/11/2022 000-03754654  06/11/2022 000-03762887  06/11/2022 000-03768420  06/11/2022 000-03781943  06/11/2022 000-03804493  07/25/2022 000-03810712  07/25/2022 000-03814380  07/25/2022 000-03820370  07/25/2022 000-03823953  07/25/2022 000-03829931  07/25/2022 000-03855433  07/25/2022 000-03855442  07/25/2022 000-03860376  07/25/2022 000-03880323  07/25/2022 000-03889381  07/25/2022 000-03895696  07/25/2022 000-03899330  07/25/2022 000-03903176  07/25/2022 000-03906681  07/25/2022 000-03940684  07/25/2022 000-03945273  07/25/2022 000-03952116  07/25/2022 000-03955780  07/25/2022 000-03955781  07/25/2022 000-03958353  07/25/2022 000-03964350  07/25/2022 000-03820915  07/25/2022 000-03619596  06/11/2022 000-03619597  06/11/2022 000-03641373  06/11/2022 000-03644871  06/11/2022 000-03645703  06/11/2022 000-03647585  06/11/2022 000-03647587  06/11/2022 000-03647603  06/11/2022 000-03696806  06/11/2022 000-03704352  06/11/2022 000-03721880  06/11/2022 000-03732542  06/11/2022 000-03732548  06/11/2022 000-03750873  07/25/2022 000-03750877  07/25/2022 000-03764793  06/11/2022 000-03778768  06/11/2022 000-03785692  06/11/2022 000-03811084  07/25/2022 000-03823071  07/25/2022 000-03825240  07/25/2022 000-03849368  07/25/2022 000-03855443  07/25/2022 000-03860367  07/25/2022 000-03866184  07/25/2022 000-03872514  07/25/2022 000-03878330  07/25/2022 000-03882846  07/25/2022 000-03889384  07/25/2022 000-03927946  07/25/2022 000-03945278  07/25/2022 000-03958352  07/25/2022 000-03677795  06/10/2022 000-03750040  06/10/2022 000-03686032  06/10/2022 000-03775537  06/10/2022 000-03892669  07/26/2022 000-03766152  06/10/2022 000-03770500  06/10/2022 000-03860918  07/26/2022 000-03903561  09/26/2022 000-03655567  06/10/2022 000-03734043  06/10/2022 000-03723372  06/10/2022 000-03821981  07/26/2022 000-03626698  06/10/2022 000-03724938  06/10/2022 000-03777291  06/10/2022 000-03782259  07/26/2022 000-03785558  07/26/2022 000-03806571  07/26/2022 000-03903590  09/26/2022 000-03697047  06/10/2022 000-03757196  06/10/2022 000-03875043  07/26/2022 000-03678336  06/11/2022 000-03685313  06/11/2022 000-03664041  06/11/2022 000-03693451  06/11/2022 000-03705631  06/11/2022 000-03721882  06/11/2022 000-03733439  06/11/2022 000-03657719  06/11/2022 000-03675058  06/11/2022 000-03711528  06/11/2022 000-03693461  06/11/2022 000-03693462  06/11/2022 000-03626688  06/10/2022 000-03782298  06/10/2022 000-03742197  06/10/2022 000-03727367  07/05/2022 000-03733493  07/05/2022 000-03773876  07/05/2022 000-03775235  07/05/2022 000-03795924  07/05/2022 000-03809487  07/05/2022 000-03829905  07/05/2022 000-03852837  08/23/2022 000-03865789  08/23/2022 000-03891837  08/23/2022 000-03951260  08/23/2022 000-03727697  07/05/2022 000-03826606  07/05/2022 000-03857501  07/05/2022 000-03877194  08/23/2022 000-03929960  08/23/2022 000-03954952  08/23/2022 000-03969458  08/23/2022 000-03972008  08/23/2022 000-03994089  08/23/2022 000-04002019  08/23/2022 000-04012598  08/23/2022 000-03938701  08/23/2022 000-03770379  07/05/2022 000-03845689  07/05/2022 000-03845736  08/23/2022 000-03929962  08/23/2022 000-03721885  07/05/2022 000-03734615  07/05/2022 000-03744285  07/05/2022 000-03751015  07/05/2022 000-03770874  07/05/2022 000-03771797  07/05/2022 000-03796267  07/05/2022 000-03800779  07/05/2022 000-03804836  07/05/2022 000-03807969  07/05/2022 000-03852835  07/05/2022 000-03871090  08/23/2022 000-03877191  08/23/2022 000-03889367  08/23/2022 000-03889379  08/23/2022 000-03927123  08/23/2022 000-03927533  08/23/2022 000-03941577  08/23/2022 000-03954948  08/23/2022 000-03958708  08/23/2022 000-03965398  08/23/2022 000-04002011  08/23/2022 000-04002020  08/23/2022 000-04010705  08/23/2022 000-03751014  07/05/2022 000-03751024  07/05/2022 000-03770871  07/05/2022 000-03771798  07/05/2022 000-03776983  07/05/2022 000-03777041  07/05/2022 000-03781930  07/05/2022 000-03805012  07/05/2022 000-03815103  07/05/2022 000-03870861  08/23/2022 000-03882847  08/23/2022 000-03902588  08/23/2022 000-03908750  08/23/2022 000-03908751  08/23/2022 000-03924244  08/23/2022 000-03929968  08/23/2022 000-03938703  08/23/2022 000-03940715  08/23/2022 000-03975675  08/23/2022 000-03987034  08/23/2022 000-04004408  08/23/2022 000-04004411  08/23/2022 000-03762567  07/05/2022 000-03786306  07/05/2022 000-03797017  07/05/2022 000-03829904  07/05/2022 000-03849710  07/05/2022 000-03981320  08/23/2022 000-03777942  08/09/2022 000-03778660  08/09/2022 000-03795683  08/09/2022 000-03815090  08/09/2022 000-03815106  08/09/2022 000-03882845  08/09/2022 000-04009738  09/05/2022 000-04034585  09/05/2022 000-04047370  09/05/2022 000-04058989  09/05/2022 000-03895653  08/09/2022 000-03971029  09/05/2022 000-03778659  08/09/2022 000-03856898  08/09/2022 000-03932597  09/05/2022 000-03781948  08/09/2022 000-03870864  08/09/2022 000-03893125  08/09/2022 000-03933099  09/05/2022 000-03998487  09/05/2022 000-03807811  08/09/2022 000-03816553  08/09/2022 000-03820634  08/09/2022 000-03826520  08/09/2022 000-03919231  09/05/2022 000-03927915  09/05/2022 000-03940690  09/05/2022 000-03946677  09/05/2022 000-03947974  09/05/2022 000-03951265  09/05/2022 000-03958699  09/05/2022 000-03778661  08/09/2022 000-03786657  08/09/2022 000-03790191  08/09/2022 000-03799409  08/09/2022 000-03806540  08/09/2022 000-03817483  08/09/2022 000-03820636  08/09/2022 000-03842280  08/09/2022 000-03879728  08/09/2022 000-03883978  09/05/2022 000-03886952  08/09/2022 000-03895650  08/09/2022 000-03906088  09/05/2022 000-03906092  09/05/2022 000-03919222  09/05/2022 000-03919223  09/05/2022 000-03927911  09/05/2022 000-03951263  09/05/2022 000-03972381  09/05/2022 000-03978244  09/05/2022 000-04009737  09/05/2022 000-04032134  09/05/2022 000-04033110  09/05/2022 000-04039751  09/05/2022 000-04040931  09/05/2022 000-04056530  09/05/2022 000-03785950  08/09/2022 000-03804833  08/09/2022 000-03817476  08/09/2022 000-03895652  09/05/2022 000-04007989  09/05/2022 000-04055538  09/05/2022 000-03659486  06/10/2022 000-03739449  06/10/2022 000-03815378  07/26/2022 000-03903600  09/26/2022 000-03798854  07/26/2022 000-03653697  06/10/2022 000-03680581  06/10/2022 000-03703975  06/10/2022 000-03736792  06/10/2022 000-03782267  07/26/2022 000-03867878  07/26/2022 000-03609746  06/10/2022 000-03694272  07/12/2022 000-03859530  09/13/2022 000-03682850  07/09/2022 000-03760322  08/07/2022 000-03838476  09/05/2022 000-03697982  07/15/2022 000-03848074  09/10/2022 000-03731814  07/22/2022 000-03646751  06/26/2022 000-03730984  07/26/2022 000-03799355  08/22/2022 000-03605079  06/07/2022 000-03754474  08/04/2022 000-03702647  07/17/2022 000-03881834  09/22/2022 000-03638786  06/21/2022 000-03856981  09/12/2022 000-03676668  07/07/2022 000-03791959  08/18/2022 000-03842351  09/06/2022 000-03729815  07/24/2022 000-03741760  07/29/2022 000-03771613  08/08/2022 000-03777979  08/08/2022 000-03698854  07/17/2022 000-03860913  09/15/2022 000-03611302  06/11/2022 000-03646769  06/25/2022 000-03723380  07/24/2022 000-03739773  07/30/2022 000-03756599  08/06/2022 000-03764695  08/08/2022 000-03775513  08/13/2022 000-03817858  08/29/2022 000-03841563  09/06/2022 000-03898168  09/28/2022 000-03676632  07/09/2022 000-03680234  07/07/2022 000-03699336  07/16/2022 000-03757213  08/07/2022 000-03832715  09/03/2022 000-03834349  09/05/2022 000-03898165  09/28/2022 000-03659449  07/03/2022 000-03698294  07/16/2022 000-03815464  08/29/2022 000-03901958  09/28/2022 000-03610506  06/11/2022 000-03754467  08/03/2022 000-03801173  08/22/2022 000-03804881  08/24/2022 000-03886165  09/24/2022 000-03674807  07/04/2022 000-03729816  07/24/2022 000-03849736  09/06/2022 000-03622850  06/15/2022 000-03638928  06/21/2022 000-03662685  07/03/2022 000-03717313  07/20/2022 000-03744616  08/02/2022 000-03797315  08/22/2022 000-03800417  08/22/2022 000-03831639  09/03/2022 000-03869915  09/18/2022 000-03871639  09/18/2022 000-03876688  09/18/2022 000-03882893  09/23/2022 000-03883048  09/24/2022 000-03657162  07/01/2022 000-03665318  07/03/2022 000-03676590  07/06/2022 000-03737208  07/30/2022 000-03755405  08/06/2022 000-03776552  08/13/2022 000-03833420  09/03/2022 000-03834233  09/04/2022 000-03629382  06/19/2022 000-03636902  06/21/2022 000-03733344  07/27/2022 000-03904265  10/01/2022 000-03626962  06/15/2022 000-03629371  06/19/2022 000-03680235  07/09/2022 000-03680241  07/07/2022 000-03702692  07/18/2022 000-03717312  07/21/2022 000-03742350  07/31/2022 000-03757215  08/06/2022 000-03834348  09/05/2022 000-03834352  09/04/2022 000-03844488  09/07/2022 000-03871637  09/17/2022 000-03882890  09/23/2022 000-03623914  06/15/2022 000-03629363  06/19/2022 000-03657171  07/01/2022 000-03673866  07/05/2022 000-03738357  07/30/2022 000-03757108  08/06/2022 000-03764712  08/08/2022 000-03841568  09/06/2022 000-03843593  09/06/2022 000-03871651  09/18/2022 000-03672579  07/02/2022 000-03770450  08/07/2022 000-03876352  09/17/2022 000-03606749  06/08/2022 000-03706841  07/17/2022 000-03648610  06/27/2022 000-03662675  07/04/2022 000-03680237  07/09/2022 000-03720072  07/22/2022 000-03730295  07/27/2022 000-03752677  08/04/2022 000-03770507  08/10/2022 000-03776371  08/13/2022 000-03787807  08/16/2022 000-03797302  08/23/2022 000-03852135  09/12/2022 000-03904267  09/28/2022 000-03648607  06/27/2022 000-03662637  07/03/2022 000-03665271  07/04/2022 000-03673867  07/05/2022 000-03717304  07/22/2022 000-03728355  07/25/2022 000-03729444  07/26/2022 000-03733289  07/26/2022 000-03739804  07/30/2022 000-03819431  08/31/2022 000-03822541  08/31/2022 000-03874816  09/19/2022 000-03880127  09/19/2022 000-03886125  09/25/2022 000-03621607  06/14/2022 000-03622442  06/14/2022 000-03651973  06/27/2022 000-03688164  07/12/2022 000-03697824  07/16/2022 000-03700055  07/14/2022 000-03712097  07/19/2022 000-03729447  07/26/2022 000-03754468  08/04/2022 000-03777873  08/13/2022 000-03787804  08/17/2022 000-03798856  08/22/2022 000-03810894  08/27/2022 000-03818716  08/29/2022 000-03832281  09/03/2022 000-03836963  09/05/2022 000-03838658  09/05/2022 000-03839719  09/06/2022 000-03845865  09/10/2022 000-03883049  09/24/2022 000-03892627  09/26/2022 000-03892643  09/26/2022 000-03603660  06/07/2022 000-03646768  06/26/2022 000-03695721  07/13/2022 000-03740586  07/31/2022 000-03792710  08/21/2022 000-03814988  08/27/2022 000-03833401  09/03/2022 000-03843611  09/07/2022 000-03871654  09/17/2022 000-03602184  06/07/2022 000-03632783  06/20/2022 000-03764714  08/08/2022 000-03770496  08/10/2022 000-03742251  07/31/2022 000-03721902  06/12/2022 000-03760934  06/12/2022 000-03764789  06/12/2022 000-03773313  06/12/2022 000-03782863  08/02/2022 000-03832700  08/02/2022 000-03880179  08/02/2022 000-03902776  09/17/2022 000-03949560  09/17/2022 000-03970188  09/17/2022"
"Veterinary","No","06/05/2023","92330","Ongoing","Ark Naturals Company","609 E Jackson St Ste 100","N/A","Tampa","FL","	33602-4933","United States","Voluntary: Firm initiated","Letter","AL, AZ, CA, CO, CT, FL, GA, IA, IL, IN, KS, KY, MA, MD, MI, MO, MN, NC, NH, NJ, NV, NY, OH, OR, PA, SC, SD, TN, TX, UT, VA, WA, WI, Canada","V-0123-2023","Class II","Every Day Naturals No Brush Toothpaste Natural Dental Chew 4-in-1 Dental Chew Distributed by: Ark Naturals Company Tampa, Florida 33602 a) Medium Size 20-40 lbs. Net Weight 14 oz./397 g UPC 6 32634 81001 6; b) Medium Size 20-40 lbs. Net Weight 12 oz./340g UPC 6 32634 82001 5; c) Large Size 40+ lbs. Net Weight 14oz./397g UPC 6 32634 82003 9; d) Small Size 8-20 lbs. Net Weight 10 oz./283g UPC 6 32634 81000 9; e) Mini Size Up to 8 lbs. Net Weight 3 oz./85g UPC 6 32634 81002 3; f) Large Size 40+ lbs. Net Weight 14oz./ 397g UPC 6 32634 81003 0; g) Small For Dogs 8-20 lbs. Net Weight 15.5 oz./439g UPC 6 32634 83000 7; h) Large For Dogs 40+ lbs. Net Weight 15.5 oz./439g UPC 6 32634 83003 8; i) Medium For Dogs 20-40 lbs. Net Weight 15.5 oz./439g UPC 6 32634 83001 4; j) Small Size 8-20 lbs Net Weight 10 oz./283 g UPC 6 32634 82000 8; k) Mini Size Up To 8 lbs. Net Weight 3 oz./85 g UPC 6 32634 82002 2","Mini-18,114 cartons; Small-26,682 cartons; Medium-17,508 cartons; Large-32,475 cartons","Potential mold.","05/11/2023","06/05/2023","N/A","05/31/2023","Lots: a) AUG092022 Exp. 8/9/24, SEP302022 Exp. 9/30/24, DEC202022 Exp. 12/20/24; b) OCT112022 Exp. 10/11/24, DEC192022 Exp. 12/19/24; c) DEC162022 Exp. 12/16/24; d) AUG082022 Exp. 08/08/24, SEP292022 Exp. 09/29/24, DEC202022 Exp. 12/20/24, MAR162023 Exp. 03/16/25, MAR152023 Exp. 03/15/25; e) DEC202022 Exp. 12/20/24, MAR142023 Exp. 03/14/25, MAR152023 Exp. 03/15/25, MAR162023 Exp. 03/16/25; f) AUG112022 Exp. 08/11/24, AUG122022 Exp. 08/12/24, OCT032022 Exp. 10/03/24, OCT42022 Exp. 10/04/24, MAR172023 Exp. 03/17/25; g) MAR162023 Exp. 03/16/25; h) MAR172023 Exp. 03/17/25; i)MAR162023 Exp. 03/16/25; j) DEC120222 Exp. 12/12/24; k) DEC162022 Exp. 12/16/24"
"Veterinary","No","06/05/2023","92330","Ongoing","Ark Naturals Company","609 E Jackson St Ste 100","N/A","Tampa","FL","	33602-4933","United States","Voluntary: Firm initiated","Letter","AL, AZ, CA, CO, CT, FL, GA, IA, IL, IN, KS, KY, MA, MD, MI, MO, MN, NC, NH, NJ, NV, NY, OH, OR, PA, SC, SD, TN, TX, UT, VA, WA, WI, Canada","V-0124-2023","Class II","Ark Naturals Brushless Toothpaste Dental Chew 4-in-1 Original Dental Chew Distributed by: Ark Naturals Company Tampa, Florida 33602 www.arknaturals.com 800-926-5100 a) Small Size 8-20 lbs. Medium Hardness 60 Count Net Weight 35oz./2 lbs. 3 oz./ 992g UPC 6 32634 41000 1; b) Medium Size 20-40 lbs. Medium Hardness 60 Count Net Weight 54oz./3 lbs. 6oz./ 1531g UPC 6 32634 41001 8; c) Large Size 40+ lbs. Medium Hardness 40 Count Net Weight 54oz./3 lbs. 6 oz./ 1531g UPC 6 32634 41003 2   ","a) 16,968 cartons; b) 7,364 cartons; c) 4,200 cartons","Potential mold.","05/11/2023","06/05/2023","N/A","05/31/2023","Lots: a) AUG112022 Exp. 08/11/24, DEC212022 Exp. 12/21/24, DEC222022 Exp. 12/22/24, FEB072023 Exp. 02/07/25, FEB082023 Exp. 02/08/25, MAR172023 Exp. 03/17/25; b) AUG122022 Exp. 08/12/24, AUG162022 Exp. 08/16/24, OCT112022 Exp. 10/11/24, OCT132022 Exp. 10/13/24, FEB072023 Exp. 02/07/25, FEB172023 Exp. 02/17/25; c) AUG112022 Exp. 08/11/24, AUG162022 Exp. 08/16/24, AUG182022 Exp. 08/18/24, OCT052022 Exp. 10/05/24, OCT072022 Exp. 10/07/24, DEC272022 Exp. 12/27/24, DEC282022 Exp. 12/28/24, FEBO62023 Exp. 02/06/25"
"Veterinary","No","07/13/2023","92522","Terminated","Pegasus Laboratories, Inc.","8809 Ely St","N/A","Pensacola","FL","	32514-7064","United States","Voluntary: Firm initiated","Letter","MO","V-0140-2023","Class II","Proin 50 mg (phenylpropanolamine hydrochloride) Chewable Tablets 50 mg per tablet Manufactured by: Pegasus Laboratories, Inc. An Employee-Owned Company Pensacola, FL 32514, USA a) 60 Tablets NDC #49427-141-48 UPC 6 85687 30748; b) 180 Tablets NDC #: 49427-141-50 UPC 6 85687 30750 7","a) 19,044 bottles; b) 36 bottles","Product stored at extreme temperatures during storage.","06/09/2023","07/13/2023","07/05/2024","07/12/2023","Lots: a) 220920 Exp. 09/30/2024; b) 220610 Exp. 06/30/2024"
"Veterinary","No","07/13/2023","92522","Terminated","Pegasus Laboratories, Inc.","8809 Ely St","N/A","Pensacola","FL","	32514-7064","United States","Voluntary: Firm initiated","Letter","MO","V-0141-2023","Class II","Proin 25 mg (phenylpropanolamine hydrochloride) Chewable Tablets 25 mg per tablet Manufactured by: Pegasus Laboratories, Inc. An Employee-Owned Company Pensacola, FL 32514, USA a) 60 tablets NDC #49427-315-48 UPC 6 85687 31748 3; b) 180 tablets NDC #49427-315-50 UPC 6 85687 31750 6","a) 48 bottles; b) 24 bottles","Product stored at extreme temperatures during storage.","06/09/2023","07/13/2023","07/05/2024","07/12/2023","Lots: a) 220517 Exp. 5/31/2024; b) 220522 Exp. 6/30/2024"
"Veterinary","No","07/13/2023","92522","Terminated","Pegasus Laboratories, Inc.","8809 Ely St","N/A","Pensacola","FL","	32514-7064","United States","Voluntary: Firm initiated","Letter","MO","V-0144-2023","Class II","Proin 75 mg (phenylpropanolamine hydrochloride) Chewable Tablets 75 mg per tablet Manufactured by: Pegasus Laboratories, Inc. An Employee-Owned Company Pensacola, FL 32514, USA a) 60 tablets NDC #: 49427-316-48 UPC 6 85687 31648 6; b) 180 tablets NDC #: 49427-316-50 UPC 6 85687 31650 9","a) 48 bottles; b) 24 bottles","Product stored at extreme temperatures during storage.","06/09/2023","07/13/2023","07/05/2024","07/12/2023","Lots: a) 220432 Exp. 5/31/2024; b) 220612 Exp. 6/30/2024"
"Veterinary","No","04/21/2025","96640","Ongoing","Virbac Corporation","13001 Saint Charles Rock Rd","N/A","Bridgeton","MO","	63044-2421","United States","Voluntary: Firm initiated","E-Mail","NE","V-0071-2025","Class II","Durvet Triple Wormer Flavored Chewables, 114 mg Pyrantel Pamoate, 114 mg Praziquantel, 2-count blister pack, Large Dog, Distributed by: Durvet, Inc., 100 S.E. Magellan Drive, Blue Springs, MO 64014.  NDC: 30798-186-61","19,872 blister packs","Failed to meet the hardness specification during stability testing.","04/03/2025","04/21/2025","N/A","04/16/2025","Lot 230574"
"Veterinary","No","","26939","Ongoing","Virbac AH, Inc","3200 Meacham Blvd","N/A","Fort Worth","Texas","	76161","United States","N/A","N/A","Product was distributed only to domestic accounts in the following states and territories: PR, TX, HI, CO, MO, IA, IN, MN, WI, AL, FL, MA, NC, PA, CA, NM, WA, OK, GA, MD, VA, NY, and AZ.","V-303-3","Class II","IVERHART PLUS (ivermectin/pyrantel) Flavored Chewables up to 25 pounds (Small).  Each flavored chewable contains 68mcg ivermectin and 57mg pyrantel as pamoate salt.","7029 display (421,740 tablets) & 409 towers (49,080 tablets)","The lot tested sub-potent during stability testing.","08/06/2003","N/A","N/A","","N/A"
"Veterinary","No","","27151","Completed","The Leathercraft Company,Inc.","1101 E Hector St","N/A","Conshohocken","Pennsylvania","	194282311","United States","N/A","N/A","The product was sold to retail stores nationwide.","V-109-4","Class II","Smell Tamers. Rawhide dog chews. Item 68000 for dogs under 20 lbs. The product is sold in jars containing 100 pieces. The product is packaged as a display box containing 6 jars. The product is shipped as either a display box, as individual units, or as a 3 box combination display package (1 jar of each size - tem 68009).","4950 jars","contains microorganism","08/21/2003","N/A","N/A","","N/A"
"Veterinary","No","","27151","Completed","The Leathercraft Company,Inc.","1101 E Hector St","N/A","Conshohocken","Pennsylvania","	194282311","United States","N/A","N/A","The product was sold to retail stores nationwide.","V-110-4","Class II","Smell Tamers. Rawhide dog chews. Item 68020 for dogs 20-50 lbs. The product is sold in jars containing 40 pieces. The product is packaged as a display box containing 6 jars. The product is shipped as either a display box, as individual units, or as a 3 box combination display package (1 jar of each size - tem 68009).","4950 jars","contains microorganism","08/21/2003","N/A","N/A","","N/A"
"Veterinary","No","","27151","Completed","The Leathercraft Company,Inc.","1101 E Hector St","N/A","Conshohocken","Pennsylvania","	194282311","United States","N/A","N/A","The product was sold to retail stores nationwide.","V-111-4","Class II","Smell Tamers. Rawhide dog chews. Item 68040 for dogs over 50 lbs. The product is sold in jars containing 36 pieces. The product is packaged as a display box containing 6 jars. The product is shipped as either a display box, as individual units, or as a 3 box combination display package (1 jar of each size - tem 68009).","4950 jars","contains microorganism","08/21/2003","N/A","N/A","","N/A"
"Veterinary","No","","51025","Terminated","Carolina Prime Pet","131 Regal St","N/A","Murphy","NC","	28906-2602","United States","N/A","N/A","AZ, FL, GA, IL, NV, NC, OH","V-170-2009","Class II","Peanut butter filled rawhide chew bones in 4 inch and 6 inch sizes sold under the Carolina Prime Pet brand name.  The product is packed in clear plastic bags with a cardboard label.  The catalog item numbers for 4"" is 42003, UPC 63725542003; and for 6"" is 42005, UPC 63725542005.  The products are labeled in part ""*** CAROLINA PRIME Peanut Butter STUFFED 6"" (OR 4"") RAWHIDE BONE ***"".","N/A","The product was manufactured using peanut butter recalled by Peanut Corporation of America because it has the potential to be contaminated with Salmonella.","01/26/2009","N/A","12/11/2013","","N/A"
"Veterinary","No","","52894","Terminated","Virbac Inc","13001 Saint Charles Rock Rd","N/A","Bridgeton","MO","	63044-2421","United States","N/A","N/A","Distribution was made to distributors located nationwide.","V-272-2009","Class II","Heartworm and worm prevention/control chewable tablets, containing 272 mcg. ivermectin and 227 mg. pyrantel as pamoate salt, 6 blister-packaged tablets per box, 10 boxes per display unit, RX, ANADA 200-302, packaged under the following labels:  (1) Virbac Animal Health Iverhart Plus Flavored Chewables, 51-100 lbs., Manufactured by Virbac AH, Inc., Fort Worth, TX; and (2) Worm Shield Flavored Chewables, 51-100 lbs., Manufactured for Schuyler LLC, Vancouver, WA.","8,859/10/6-tablet box display units","Stability failure (low) at 3-month testing interval","08/13/2009","N/A","05/19/2010","","N/A"





