Product Type,Recently Updated Record,Last Modified Date,Event ID,Status,Recalling Firm,Address1,Address2,City,State/Province,Postal Code,Country,Voluntary/Mandated,Initial Firm Notification of Consignee or Public,Distribution Pattern,Recall Number,Classification,Product Description,Product Quantity,Reason for Recall,Recall Initiation Date,Center Classification Date,Termination Date,Report Date,Code Info
"Veterinary","No","","61441","Terminated","Virbac Inc","13001 Saint Charles Rock Rd","N/A","Bridgeton","MO","	63044-2421","United States","Voluntary: Firm initiated","Letter","Distribution was made to TX, MO, OR, CA, HI, MN, WI, NJ, MI, FL, MS, MD, and PR.","V-088-2012","Class III","Virbac IVERHART MAX (ivermectin/pyrantel pamoate/praziquantel), Chewable Tablets for Dogs 50.1 to 100 lbs., packaged in 6-tablet boxes, 10 boxes/display case, each chewable tablet contains 272 mcg ivermectin, 228 mg pyrantel as pamoate salt and 228 mg praziquantel, RX, NADA 141-257.  Manufactured by Virbac AH, Inc., Fort Worth, TX.","2,350/10/6-tablet box displays","Stability failure (low) at 9-month test interval","03/26/2012","06/25/2012","06/25/2014","07/04/2012","Lot #110482, Exp. date 11:2013"
"Veterinary","No","","63882","Terminated","Claudia's Canine Cuisine","100 Four Paws","N/A","Maumelle","AR","	72113-6554","United States","Voluntary: Firm initiated","Telephone","Nationwide","V-158-2013","Class III","Dogcandy Holiday Hound Cake 7.5 oz manufactured by Claudia's Canine Cuisine, UPC 692614010041","2,988 units","The product has the potential to contain mold.","12/07/2012","05/16/2013","07/31/2013","05/22/2013","Best By Date of 08/2015  UPC 692614010041"
"Veterinary","No","","63882","Terminated","Claudia's Canine Cuisine","100 Four Paws","N/A","Maumelle","AR","	72113-6554","United States","Voluntary: Firm initiated","Telephone","Nationwide","V-159-2013","Class III","Dogcandy Blueberry Hound Cake 7.5 oz manufactured by Claudia's Canine Cuisine , UPC 692614010058","2,880 units","The product has the potential to contain mold.","12/07/2012","05/16/2013","07/31/2013","05/22/2013","Best By Date of 08/2015  UPC 692614010058"
"Veterinary","No","","64500","Terminated","Sogeval Laboratories, Inc.","5605 N Macarthur Blvd","Suite 740","Irving","TX","	75038-2617","United States","Voluntary: Firm initiated","Two or more of the following: Email, Fax, Letter, Press Release, Telephone, Visit","AL, AZ, CA, CO, FL, GA, IA, ID, IL, IN, KS, KY, LA, MI, MN, MS, NV, NY, OH, OK, OR, PA, TX, VA, WA, and WI","V-139-2013","Class III","Sogeval Oxiderm +PS Shampoo (Benzoyl Peroxide 3%, Sulfur 2%, Salicylic Acid 2%, PhytoSphingosine 0.05%)  Antiseborrheic and Antiseptic Shampoo in a Moisturizing and Soap-Free Cleaning Base 16oz. - For topical use in dogs, cats and horses.","1,882 bottles","Product contains approximately 12 ounces instead of 16 ounces.","03/18/2011","03/21/2013","05/24/2013","03/27/2013","Lot # 10690B  Product code # FSOXYPS1016"
"Veterinary","No","","64663","Terminated","Procter & Gamble Co","8700 Mason Montgomery Rd","N/A","Mason","OH","	45040-9462","United States","Voluntary: Firm initiated","Two or more of the following: Email, Fax, Letter, Press Release, Telephone, Visit","Product was shipped to the following states: AL, AZ, CA, CO, CT, FL, GA, HI, IA, IL, IN, KS, KY, MA, MI, MN, MO, NC, NJ, NY, NC, OH, OR, PA, SC, TN, TX, UT, VA, WA & WI.  Product was also shipped to Canada.","V-147-2013","Class III","Iams Shakeables Gobble em Up With Turkey for Dogs, 6 oz canister, DISTRIBUTED BY: THE IAMS COMPANY, SUBSIDIARY OF THE PROCTER & GAMBLE CINCINNATI, OHIO, 45202","46,813 cs/6/6 oz canisters","The firm was notified via consumer complaints that the product contains mold.","03/11/2013","05/03/2013","07/07/2014","05/15/2013","UPC 0 19014 61043 3, Lot # 2325419715A 3103, Best By Date April 20, 2014; Lot # 2331419715A 3103, Best By Date April 26, 2014; Lot # 2332419715A 3103, Best By Date April 26, 2014; Lot # 2341419715A 3103, Best By Date May 6, 2014; Lot # 2342419715A 3103, Best By Date May 7, 2014; Lot # 3016419715A 3103, Best By Date June 16, 2014; Lot # 3017419715A 3103, Best By Date June 17, 2014; Lot # 3018419715A 3103, Best By Date June 18, 2014 & Lot # 3046419715A 3103, Best By Date July 15, 2014."
"Veterinary","No","","64663","Terminated","Procter & Gamble Co","8700 Mason Montgomery Rd","N/A","Mason","OH","	45040-9462","United States","Voluntary: Firm initiated","Two or more of the following: Email, Fax, Letter, Press Release, Telephone, Visit","Product was shipped to the following states: AL, AZ, CA, CO, CT, FL, GA, HI, IA, IL, IN, KS, KY, MA, MI, MN, MO, NC, NJ, NY, NC, OH, OR, PA, SC, TN, TX, UT, VA, WA & WI.  Product was also shipped to Canada.","V-148-2013","Class III","Iams Shakeables  Un-baa-lievable  With Lamb for Dogs, 6 oz canister, DISTRIBUTED BY: THE IAMS COMPANY, SUBSIDIARY OF THE PROCTER & GAMBLE CINCINNATI, OHIO, 45202","4009cs/6//6 oz canisters","The firm was notified via consumer complaints that the product contains mold.","03/11/2013","05/03/2013","07/07/2014","05/15/2013","UPC 0 19014 00024 1, Lot # 2338419715A 3102, Best By Date May 3, 2014"
"Veterinary","No","","64732","Terminated","Virbac Corporation","13001 Saint Charles Rock Rd","N/A","Bridgeton","MO","	63044-2421","United States","Voluntary: Firm initiated","Letter","CA, FL, HI, IA, IN, KS, MD, MI, MN, MO, MS, NE, NJ, NM, OK, OR,  PA, TN, TX, WI,   Firm also distributed to PR and Korea","V-211-2013","Class III","Ivermectin/pyrantel flavored chewables for dogs up to 25 lbs., each tablet contains 68 mcg. ivermectin and 57 mg. pyrantel as pamoate salt, RX, ANADA 200-302,  packaged with the following brand names and configurations:     (1) Virbac Animal Health Iverhart Plus Flavored Chewables, packaged 6 tablets per box, 10 boxes per display, product #0170DS.  Manufactured by: Virbac AH, Inc., Fort Worth, TX;     (2) Wormshield Flavored Chewables Hannah Pharmaceuticals, packaged 6 tablets per box, 10 boxes per display, product #0210DS. Manufactured for: Schuyler LLC, Portland, OR; and     (3)Virbac Animal Health Iverhart Plus Puppy Pac, promotional Information packet containing 1 tablet, product #01800.  Manufactured by: Virbac AH, Inc., Fort Worth, TX;","units with 6 tablets each.","Firm testing found recalled lots to be out of specification with sub-potent results.","03/26/2013","06/21/2013","03/04/2015","07/03/2013","Iverhart Plus and Wormshield lots:120844 and 120196: Puppy Pac lot 120844 only"
"Veterinary","No","","64757","Terminated","Abbott Animal Health","100 Abbott Park Rd","AP6C-5","Abbott Park","IL","	60064-6083","United States","Voluntary: Firm initiated","Telephone","Nationwide (CA, GA, IA, IN, KY, MN, OR, TX, VA, WA)","V-195-2013","Class III","Isoflo; Isoflurane, USP; Nonflammable, Nonexplosive; Inhalation Anesthetic; 250 mL; For Use in Horses and Dogs; packaged in amber bottles; Product expires 8/23/14","5,898 cases (35,388 bottles)","Canadian labeled Isoflurane was shipped to US customers.","03/15/2013","05/21/2013","06/19/2015","05/29/2013","Product Code: 5260-13-05; Lot: 24-002E"
"Veterinary","No","","64732","Terminated","Virbac Corporation","13001 Saint Charles Rock Rd","N/A","Bridgeton","MO","	63044-2421","United States","Voluntary: Firm initiated","Letter","CA, FL, HI, IA, IN, KS, MD, MI, MN, MO, MS, NE, NJ, NM, OK, OR,  PA, TN, TX, WI,   Firm also distributed to PR and Korea","V-212-2013","Class III","Worm Shield (ivermectin/pyrantel) Flavored Chewables to prevent heartworm disease and to treat and control ascarid and hookworm infections in dogs.  Hannah Pharmaceuticals Manufactured for Schuyler LLC Portland OR","units with 6 tablets each","Firm testing found recalled lots to be out of specification with sub-potent results.","03/26/2013","06/21/2013","03/04/2015","07/03/2013","Product number 0210DS - lots:120844 and 120196"
"Veterinary","No","","64732","Terminated","Virbac Corporation","13001 Saint Charles Rock Rd","N/A","Bridgeton","MO","	63044-2421","United States","Voluntary: Firm initiated","Letter","CA, FL, HI, IA, IN, KS, MD, MI, MN, MO, MS, NE, NJ, NM, OK, OR,  PA, TN, TX, WI,   Firm also distributed to PR and Korea","V-213-2013","Class III","Worm Shield (ivermectin/pyrantel) Flavored Chewables to prevent heartworm disease and to treat and control ascarid and hookworm infections in dogs.  Hannah Pharmaceuticals Manufactured for Schuyler LLC Portland OR","units with 6 tablets each","Firm testing found recalled lots to be out of specification with sub-potent results.","03/26/2013","06/21/2013","03/04/2015","07/03/2013","Product number 0210DM - lots:120202 and 120845"
"Veterinary","No","","64732","Terminated","Virbac Corporation","13001 Saint Charles Rock Rd","N/A","Bridgeton","MO","	63044-2421","United States","Voluntary: Firm initiated","Letter","CA, FL, HI, IA, IN, KS, MD, MI, MN, MO, MS, NE, NJ, NM, OK, OR,  PA, TN, TX, WI,   Firm also distributed to PR and Korea","V-214-2013","Class III","Iverhart Plus (ivermectin/pyrantel) Flavored Chewables to prevent heartworm disease and control ascarid and hookworm infections in dog","units of 10 cards with 6 tablets each","Firm testing found recalled lots to be out of specification with sub-potent results.","03/26/2013","06/21/2013","03/04/2015","07/03/2013","Product number 0170DM - lot  120202"
"Veterinary","No","","64732","Terminated","Virbac Corporation","13001 Saint Charles Rock Rd","N/A","Bridgeton","MO","	63044-2421","United States","Voluntary: Firm initiated","Letter","CA, FL, HI, IA, IN, KS, MD, MI, MN, MO, MS, NE, NJ, NM, OK, OR,  PA, TN, TX, WI,   Firm also distributed to PR and Korea","V-215-2013","Class III","Iverhart Plus (ivermectin/pyrantel) Flavored Chewables to prevent heartworm disease and control ascarid and hookworm infections in dog","units of 10 cards with 6 tablets each.","Firm testing found recalled lots to be out of specification with sub-potent results.","03/26/2013","06/21/2013","03/04/2015","07/03/2013","Product number 0170DL - lots:120856; 120076 and 120086"
"Veterinary","No","","65871","Terminated","Dogswell Llc","1964 Westwood Blvd","SUITE 350","Los Angeles","CA","	90025-4651","United States","Voluntary: Firm initiated","Two or more of the following: Email, Fax, Letter, Press Release, Telephone, Visit","This product was distributed within the contiguous 48 states.","V-014-2014","Class III","Dogswell Breathies Minis  Chicken Breast Mint &  Parsley, 5 oz.    Packaged: plastic pouches.    Ingredients: Chicken Breast, Vitamin E Supplement, Mint,  Cinnamon Bark, Oyster  Shell Flour (Source of Calcium Carbonate), Rosemary,  Parsley, Chlorophyll.","N/A","Dogswell, LLC initiated this recall of certain Dogswell and Catswell pet treats because they have the potential to contain trace amounts of an antibiotic  that has not been approved for use in the United States.  ","08/02/2013","12/17/2013","02/05/2014","12/25/2013","UPC 884244112428  All Lots with Best Before dates 1/28/2015 and earlier."
"Veterinary","No","","65871","Terminated","Dogswell Llc","1964 Westwood Blvd","SUITE 350","Los Angeles","CA","	90025-4651","United States","Voluntary: Firm initiated","Two or more of the following: Email, Fax, Letter, Press Release, Telephone, Visit","This product was distributed within the contiguous 48 states.","V-015-2014","Class III","Dogswell Breathies Chicken  Breast with Mint & Parsley, 5oz, 15oz, 32oz.    Packaged: plastic pouches.      Ingredients: Chicken Breast, Vitamin E Supplement, Mint,  Cinnamon Bark, Oyster  Shell Flour (Source of Calcium Carbonate), Rosemary,  Parsley, Chlorophyll","N/A","Dogswell, LLC initiated this recall of certain Dogswell and Catswell pet treats because they have the potential to contain trace amounts of an antibiotic  that has not been approved for use in the United States.  ","08/02/2013","12/17/2013","02/05/2014","12/25/2013","UPCs 884244112411, 884244115412, 884244118413    All Lots with Best Before dates 1/28/2015 and earlier."
"Veterinary","No","","65871","Terminated","Dogswell Llc","1964 Westwood Blvd","SUITE 350","Los Angeles","CA","	90025-4651","United States","Voluntary: Firm initiated","Two or more of the following: Email, Fax, Letter, Press Release, Telephone, Visit","This product was distributed within the contiguous 48 states.","V-016-2014","Class III","Dogswell Breathies Duck  Breast with Mint & Parsley, 5oz, 15oz.    Packaged: plastic pouches.      Ingredients: Duck Breast, Vitamin E Supplement, Mint, Cinnamon  Bark, Oyster Shell  Flour (Source of Calcium Carbonate), Rosemary,  Parsley, Chlorophyll","N/A","Dogswell, LLC initiated this recall of certain Dogswell and Catswell pet treats because they have the potential to contain trace amounts of an antibiotic  that has not been approved for use in the United States.  ","08/02/2013","12/17/2013","02/05/2014","12/25/2013","UPCs 884244112435, 884244115436   All Lots with Best Before dates 1/28/2015 and earlier."
"Veterinary","No","","65871","Terminated","Dogswell Llc","1964 Westwood Blvd","SUITE 350","Los Angeles","CA","	90025-4651","United States","Voluntary: Firm initiated","Two or more of the following: Email, Fax, Letter, Press Release, Telephone, Visit","This product was distributed within the contiguous 48 states.","V-020-2014","Class III","Dogswell Happy Heart  Chicken Breast with  Flaxseed and Taurine, 5oz, 15oz.    Packaged: plastic pouches.      Ingredients: Chicken Breast, Vitamin E Supplement, Flaxseed,  Taurine, Turmeric, Cinnamon, Dandelion Oil.","N/A","Dogswell, LLC initiated this recall of certain Dogswell and Catswell pet treats because they have the potential to contain trace amounts of an antibiotic  that has not been approved for use in the United States.  ","08/02/2013","12/17/2013","02/05/2014","12/25/2013","UPCs 884244112619, 884244115610    All Lots with Best Before dates 1/28/2015 and earlier."
"Veterinary","No","","65871","Terminated","Dogswell Llc","1964 Westwood Blvd","SUITE 350","Los Angeles","CA","	90025-4651","United States","Voluntary: Firm initiated","Two or more of the following: Email, Fax, Letter, Press Release, Telephone, Visit","This product was distributed within the contiguous 48 states.","V-021-2014","Class III","Dogswell Happy Hips  Chicken Breast Glucosamine  & Chondroitin, 5oz, 15oz, 32oz.    Packaged: plastic pouches.      Ingredients: Chicken Breast, Vegetable Glycerin, Vitamin E  Supplement, Glucosamine  Hydrochloride, Chondroitin Sulfate.","N/A","Dogswell, LLC initiated this recall of certain Dogswell and Catswell pet treats because they have the potential to contain trace amounts of an antibiotic  that has not been approved for use in the United States.  ","08/02/2013","12/17/2013","02/05/2014","12/25/2013","UPCs 884244112114, 884244115115, 884244001005    All Lots with Best Before dates 1/28/2015 and earlier."
"Veterinary","No","","65871","Terminated","Dogswell Llc","1964 Westwood Blvd","SUITE 350","Los Angeles","CA","	90025-4651","United States","Voluntary: Firm initiated","Two or more of the following: Email, Fax, Letter, Press Release, Telephone, Visit","This product was distributed within the contiguous 48 states.","V-022-2014","Class III","Dogswell Happy Hips Duck  Breast Glucosamine &  Chondroitin, 5oz, 15oz, 32oz.    Packaged: plastic pouches.      Ingredients: Duck Breast, Vegetable Glycerin, Vitamin E  Supplement, Glucosamine  Hydrochloride, Chondroitin Sulfate.","N/A","Dogswell, LLC initiated this recall of certain Dogswell and Catswell pet treats because they have the potential to contain trace amounts of an antibiotic  that has not been approved for use in the United States.  ","08/02/2013","12/17/2013","02/05/2014","12/25/2013","UPCs 884244112138, 884244115139, 884244118130.    All Lots with Best Before dates 1/28/2015 and earlier."
"Veterinary","No","","65871","Terminated","Dogswell Llc","1964 Westwood Blvd","SUITE 350","Los Angeles","CA","	90025-4651","United States","Voluntary: Firm initiated","Two or more of the following: Email, Fax, Letter, Press Release, Telephone, Visit","This product was distributed within the contiguous 48 states.","V-023-2014","Class III","Dogswell Mellow Mut  Chicken Breast, 5oz.    Packaged: plastic pouches.      Ingredients: Chicken Breast, Vitamin E Supplement, Chamomile,  Clover Lavender, Lemon Balm, Linden Flower, Oyster Shell Flour (Source of Calcium Carbonate).","N/A","Dogswell, LLC initiated this recall of certain Dogswell and Catswell pet treats because they have the potential to contain trace amounts of an antibiotic  that has not been approved for use in the United States.  ","08/02/2013","12/17/2013","02/05/2014","12/25/2013","UPC 884244112510.    All Lots with Best Before dates 1/28/2015 and earlier."
"Veterinary","No","","65871","Terminated","Dogswell Llc","1964 Westwood Blvd","SUITE 350","Los Angeles","CA","	90025-4651","United States","Voluntary: Firm initiated","Two or more of the following: Email, Fax, Letter, Press Release, Telephone, Visit","This product was distributed within the contiguous 48 states.","V-024-2014","Class III","Dogswell Mellow Mut  Chicken Breast Chamomile  & Lavender, 15oz.    Packaged: plastic pouches.      Ingredients: Chicken Breast, Vitamin E Supplement, Chamomile,  Clover, Lavender,  Lemon Balm, Linden Flower, Oyster Shell Flour  (Source of Calcium Carbonate)","N/A","Dogswell, LLC initiated this recall of certain Dogswell and Catswell pet treats because they have the potential to contain trace amounts of an antibiotic  that has not been approved for use in the United States.  ","08/02/2013","12/17/2013","02/05/2014","12/25/2013","UPC 884244115511.    All Lots with Best Before dates 1/28/2015 and earlier."
"Veterinary","No","","65871","Terminated","Dogswell Llc","1964 Westwood Blvd","SUITE 350","Los Angeles","CA","	90025-4651","United States","Voluntary: Firm initiated","Two or more of the following: Email, Fax, Letter, Press Release, Telephone, Visit","This product was distributed within the contiguous 48 states.","V-025-2014","Class III","Dogswell Mellow Mut  Chicken Breast Natural with  Added Vitamin E, 32oz.    Packaged: plastic pouches.      Ingredients: Chicken Breast, Vitamin E Supplement, Chamomile,  Clover, Lavender,  Lemon Balm, Linden Flower, Oyster Shell Flour  (Source of Calcium Carbonate).","N/A","Dogswell, LLC initiated this recall of certain Dogswell and Catswell pet treats because they have the potential to contain trace amounts of an antibiotic  that has not been approved for use in the United States.  ","08/02/2013","12/17/2013","02/05/2014","12/25/2013","UPC 884244118512.  All Lots with Best Before dates 1/28/2015 and earlier."
"Veterinary","No","","65871","Terminated","Dogswell Llc","1964 Westwood Blvd","SUITE 350","Los Angeles","CA","	90025-4651","United States","Voluntary: Firm initiated","Two or more of the following: Email, Fax, Letter, Press Release, Telephone, Visit","This product was distributed within the contiguous 48 states.","V-026-2014","Class III","Dogswell Shape Up Chicken  Breast with L Carnitine, 5oz, 15oz.    Packaged: plastic pouches.      Ingredients: Chicken Breast, Vitamin E Supplement, L Carnitine,  Dried Kelp, Dandelion Oil, Ginger, Turmeric.","N/A","Dogswell, LLC initiated this recall of certain Dogswell and Catswell pet treats because they have the potential to contain trace amounts of an antibiotic  that has not been approved for use in the United States.  ","08/02/2013","12/17/2013","02/05/2014","12/25/2013","UPCs 884244112817, 884244115818.  All Lots with Best Before dates 1/28/2015 and earlier."
"Veterinary","No","","65871","Terminated","Dogswell Llc","1964 Westwood Blvd","SUITE 350","Los Angeles","CA","	90025-4651","United States","Voluntary: Firm initiated","Two or more of the following: Email, Fax, Letter, Press Release, Telephone, Visit","This product was distributed within the contiguous 48 states.","V-027-2014","Class III","Dogswell Veggie Life Happy  Hips with Glucosamine &  Chondroitin Chicken &  Apple, 5oz, 15oz.    Packaged: plastic pouches.      Ingredients: Chicken Breast, Apple, Vitamin E Supplement,  Glucosamine Hydrochloride, Chondroitin Sulfate.","N/A","Dogswell, LLC initiated this recall of certain Dogswell and Catswell pet treats because they have the potential to contain trace amounts of an antibiotic  that has not been approved for use in the United States.  ","08/02/2013","12/17/2013","02/05/2014","12/25/2013","UPCs 884244005102, 884244135151.  All Lots with Best Before dates 1/28/2015 and earlier."
"Veterinary","No","","65871","Terminated","Dogswell Llc","1964 Westwood Blvd","SUITE 350","Los Angeles","CA","	90025-4651","United States","Voluntary: Firm initiated","Two or more of the following: Email, Fax, Letter, Press Release, Telephone, Visit","This product was distributed within the contiguous 48 states.","V-028-2014","Class III","Dogswell Veggie Life Happy  Hips with Glucosamine &  Chondroitin Chicken &  Banana, 5oz, 15oz.    Packaged: plastic pouches.      Ingredients: Chicken Breast, Banana, Vitamin E Supplement,  Glucosamine Hydrochloride, Chondroitin Sulfate.","N/A","Dogswell, LLC initiated this recall of certain Dogswell and Catswell pet treats because they have the potential to contain trace amounts of an antibiotic  that has not been approved for use in the United States.  ","08/02/2013","12/17/2013","02/05/2014","12/25/2013","UPCs 884244005089, 884244135144.  All Lots with Best Before dates 1/28/2015 and earlier."
"Veterinary","No","","65871","Terminated","Dogswell Llc","1964 Westwood Blvd","SUITE 350","Los Angeles","CA","	90025-4651","United States","Voluntary: Firm initiated","Two or more of the following: Email, Fax, Letter, Press Release, Telephone, Visit","This product was distributed within the contiguous 48 states.","V-029-2014","Class III","Dogswell Veggie Life Happy  Hips with Glucosamine &  Chondroitin Chicken &  Sweet Potato, 5oz, 15oz.    Packaged: plastic pouches.      Ingredients: Chicken Breast, Sweet Potato, Vitamin E Supplement,  Glucosamine Hydrochloride, Chondroitin Sulfate.","N/A","Dogswell, LLC initiated this recall of certain Dogswell and Catswell pet treats because they have the potential to contain trace amounts of an antibiotic  that has not been approved for use in the United States.  ","08/02/2013","12/17/2013","02/05/2014","12/25/2013","UPCs 884244005041, 884244135137.  All Lots with Best Before dates 1/28/2015 and earlier."
"Veterinary","No","","65871","Terminated","Dogswell Llc","1964 Westwood Blvd","SUITE 350","Los Angeles","CA","	90025-4651","United States","Voluntary: Firm initiated","Two or more of the following: Email, Fax, Letter, Press Release, Telephone, Visit","This product was distributed within the contiguous 48 states.","V-030-2014","Class III","Dogswell Veggie Life Vitality  with Flaxseed & Vitamins  Chicken & Apple, 5oz, 15oz.    Packaged: plastic pouches.      Ingredients: Chicken Breast, Apple, Vitamin E Supplement,  Flaxseed, Vitamin A Acetate.","N/A","Dogswell, LLC initiated this recall of certain Dogswell and Catswell pet treats because they have the potential to contain trace amounts of an antibiotic  that has not been approved for use in the United States.  ","08/02/2013","12/17/2013","02/05/2014","12/25/2013","UPCs 884244005119, 884244135250.  All Lots with Best Before dates 1/28/2015 and earlier."
"Veterinary","No","","65871","Terminated","Dogswell Llc","1964 Westwood Blvd","SUITE 350","Los Angeles","CA","	90025-4651","United States","Voluntary: Firm initiated","Two or more of the following: Email, Fax, Letter, Press Release, Telephone, Visit","This product was distributed within the contiguous 48 states.","V-031-2014","Class III","Dogswell Veggie Life Vitality  with Flaxseed & Vitamins  Chicken & Banana, 5oz, 15oz.    Packaged: plastic pouches.      Ingredients: Chicken Breast, Banana, Vitamin E Supplement,  Flaxseed, Vitamin A Acetate.","N/A","Dogswell, LLC initiated this recall of certain Dogswell and Catswell pet treats because they have the potential to contain trace amounts of an antibiotic  that has not been approved for use in the United States.  ","08/02/2013","12/17/2013","02/05/2014","12/25/2013","UPCs 884244005096, 884244135243.  All Lots with Best Before dates 1/28/2015 and earlier."
"Veterinary","No","","65871","Terminated","Dogswell Llc","1964 Westwood Blvd","SUITE 350","Los Angeles","CA","	90025-4651","United States","Voluntary: Firm initiated","Two or more of the following: Email, Fax, Letter, Press Release, Telephone, Visit","This product was distributed within the contiguous 48 states.","V-032-2014","Class III","Dogswell Veggie Life Vitality  with Flaxseed & Vitamins  Chicken & Sweet Potato, 5oz, 15oz.    Packaged: plastic pouches.      Ingredients: Chicken Breast, Sweet Potato, Vitamin E Supplement,  Flaxseed, Vitamin A Acetate.","N/A","Dogswell, LLC initiated this recall of certain Dogswell and Catswell pet treats because they have the potential to contain trace amounts of an antibiotic  that has not been approved for use in the United States.  ","08/02/2013","12/17/2013","02/05/2014","12/25/2013","UPCs 884244005058, 884244135236.  All Lots with Best Before dates 1/28/2015 and earlier."
"Veterinary","No","","65871","Terminated","Dogswell Llc","1964 Westwood Blvd","SUITE 350","Los Angeles","CA","	90025-4651","United States","Voluntary: Firm initiated","Two or more of the following: Email, Fax, Letter, Press Release, Telephone, Visit","This product was distributed within the contiguous 48 states.","V-033-2014","Class III","Dogswell Vitality Minis  Chicken Breast Flaxseed &  Vitamins, 5oz, 15oz.    Packaged: plastic pouches.      Ingredients: Chicken Breast, Vegetable Glycerin, Vitamin E  Supplement, Flaxseed,  Vitamin A Acetate.","N/A","Dogswell, LLC initiated this recall of certain Dogswell and Catswell pet treats because they have the potential to contain trace amounts of an antibiotic  that has not been approved for use in the United States.  ","08/02/2013","12/17/2013","02/05/2014","12/25/2013","UPCs 884244112220, 884244115221.  All Lots with Best Before dates 1/28/2015 and earlier."
"Veterinary","No","","65871","Terminated","Dogswell Llc","1964 Westwood Blvd","SUITE 350","Los Angeles","CA","	90025-4651","United States","Voluntary: Firm initiated","Two or more of the following: Email, Fax, Letter, Press Release, Telephone, Visit","This product was distributed within the contiguous 48 states.","V-034-2014","Class III","Dogswell Vitality Chicken  Breast with Flaxseed &  Vitamins, 5oz, 15oz, 32oz.    Packaged: plastic pouches.      Ingredients: Chicken Breast, Vegetable Glycerin, Vitamin E  Supplement, Flaxseed,  Vitamin A Acetate.","N/A","Dogswell, LLC initiated this recall of certain Dogswell and Catswell pet treats because they have the potential to contain trace amounts of an antibiotic  that has not been approved for use in the United States.  ","08/02/2013","12/17/2013","02/05/2014","12/25/2013","UPCs 884244112213, 884244115214, 884244118215.  All Lots with Best Before dates 1/28/2015 and earlier."
"Veterinary","No","","65871","Terminated","Dogswell Llc","1964 Westwood Blvd","SUITE 350","Los Angeles","CA","	90025-4651","United States","Voluntary: Firm initiated","Two or more of the following: Email, Fax, Letter, Press Release, Telephone, Visit","This product was distributed within the contiguous 48 states.","V-035-2014","Class III","Dogswell Vitality Duck  Breast with Flaxseed &  Vitamins, 5oz, 15oz.    Packaged: plastic pouches.      Ingredients: Duck Breast, Vegetable Glycerin, Vitamin E  Supplement, Flaxseed,  Vitamin A Acetate.","N/A","Dogswell, LLC initiated this recall of certain Dogswell and Catswell pet treats because they have the potential to contain trace amounts of an antibiotic  that has not been approved for use in the United States.  ","08/02/2013","12/17/2013","02/05/2014","12/25/2013","UPCs 884244112237, 884244115238.  All Lots with Best Before dates 1/28/2015 and earlier."
"Veterinary","No","","66017","Terminated","Virbac Corporation","13001 Saint Charles Rock Rd","N/A","Bridgeton","MO","	63044-2421","United States","Voluntary: Firm initiated","Letter","Distribution was made to CA, FL, HI, IA, IN, KS, MD, MI, MN, MO, MS, NE, NJ, NM, OK, OR, PA, TN, TX, WI, Firm also distributed to PR.","V-002-2014","Class III","Virbac Iverhart Plus (ivermectin/pyrantel) Flavored Chewables, 136 mcg Ivermectin and 114 mg pyrantel as pamoate salt, 6 chewables/blister pack, Recommended for dogs 26 to 50 lbs. ANADA 200-302. Manufactured by Virbac A, Inc, Fort Worth, TX.    VETIQ HeartShield Plus  (ivermectin/pyrantel) Flavored Chewables, 136 mcg Ivermectin and 114 mg pyrantel as pamoate salt, 6 chewables/blister pack, Recommended for dogs 26 to 50 lbs. ANADA 200-302. NDC 49994-205-06. Manufactured for: TruRX, LLC, Eagle, ID.    Worm Shield (ivermectin/pyrantel) Flavored Chewables, 136 mcg Ivermectin and 114 mg pyrantel as pamoate salt, 6 chewables/box, Recommended for dogs 26-50 lbs. ANADA 200-302. Manufactured for: Schuyler LLC, Portland, OR.","32,870/10/6 tablet-blister pack/display boxes","The products were identified during an ongoing investigation and testing as being out-of-specification for Ivermectin potency.","08/09/2013","11/05/2013","10/19/2016","11/13/2013","Virbac Iverhart Plus Lot numbers and expiration dates of recalled product failing ivermectin potency:  120378, 03/2014; 120090, 01/2014; 120301, 02/2014; 120305, 02/2014; 120692, 05/2014  ****Lot numbers and expiration dates of recalled product with passing potentcy but expected to fail:  121282, 10/2014 and 120450, 02/2014.    Worm Sheild Lot numbers and expiration dates of recalled product failing ivermectin potency:  120090, 01/2014; 120301, 02/2014; 120305,02/2014.  ****Lot numbers and expiration dates of recalled product with passing potentcy but expected to fail:  120450, 04/2014    Heartshield Lot numbers and expiration dates of recalled product failing ivermectin potency: 120692, 05/2014.  ****Lot numbers and expiration dates of recalled product with passing potentcy but expected to fail:  NONE"
"Veterinary","No","","66017","Terminated","Virbac Corporation","13001 Saint Charles Rock Rd","N/A","Bridgeton","MO","	63044-2421","United States","Voluntary: Firm initiated","Letter","Distribution was made to CA, FL, HI, IA, IN, KS, MD, MI, MN, MO, MS, NE, NJ, NM, OK, OR, PA, TN, TX, WI, Firm also distributed to PR.","V-003-2014","Class III","Virbac Iverhart Plus (ivermectin/pyrantel) Flavored Chewables, 272 mcg Ivermectin and 227 mg pyrantel as pamoate salt, 6 chewables/blister pack, Recommended for dogs 51 to 100 lbs. ANADA 200-302. Manufactured by Virbac A, Inc, Fort Worth, TX.    VETIQ HeartShield Plus  (ivermectin/pyrantel) Flavored Chewables, 272 mcg Ivermectin and 227 mg pyrantel as pamoate salt, 6 chewables/blister pack, Recommended for dogs 51 to 100 lbs. ANADA 200-302. NDC 49994-305-06. Manufactured for: TruRX, LLC, Eagle, ID.    Worm Shield (ivermectin/pyrantel) Flavored Chewables, 272 mcg Ivermectin and 227 mg pyrantel as pamoate salt, 6 chewables/blister pack, Recommended for dogs 51-100 lbs. ANADA 200-302. Manufactured for: Schuyler LLC, Portland, OR.","87,359/10/6 tablet-blister pack/display boxes","The products were identified during an ongoing investigation and testing as being out-of-specification for Ivermectin potency.","08/09/2013","11/05/2013","10/19/2016","11/13/2013","Lot numbers and expiration dates of recalled product failing ivermectin potency:    Iverhart Plus- 111394, exp 12/2013; 120091, exp 01/2014; 120377, exp 03/2014; 120440, exp 04/2014120651, exp 04/2014; 120658, exp 05/2014; 120824, exp 06/2014 and 120831, exp 06/2014.     Wormshield- 120093, exp 01/2014 and 120824, exp 06/2014.     Heartshield- 120831, exp 06/2014.      Lot numbers and expiration dates of recalled product with passing potentcy but expected to fail:     Iverhart Plus- 120127, exp 02/2014; 120207, exp 02/2014; 120256, exp 01/2014; 120289, exp 02/2014; 120300, exp 02/2014; 120306, exp 02/2014; 120434, exp 03/2014; 120464, exp 04/2014; 120678, exp 05/2014; 121110, exp 07/2014; 121150, exp 09/2014; 121283, exp 10/20; and 14121386, exp 10/2014.      Wormshield- 120464, exp 04/2014; 120649, exp 04/2014 and 120678, exp 05/2014.      Heartshield- 120811, exp 05/2014."
"Veterinary","No","","66017","Terminated","Virbac Corporation","13001 Saint Charles Rock Rd","N/A","Bridgeton","MO","	63044-2421","United States","Voluntary: Firm initiated","Letter","Distribution was made to CA, FL, HI, IA, IN, KS, MD, MI, MN, MO, MS, NE, NJ, NM, OK, OR, PA, TN, TX, WI, Firm also distributed to PR.","V-004-2014","Class III","Virbac Iverhart Plus (ivermectin/pyrantel) Flavored Chewables, 68 mcg Ivermectin and 57 mg pyrantel as pamoate salt, 6 chewables/box, Recommended for dogs up to 25 lbs. ANADA 200-302. Manufactured by Virbac A, Inc, Fort Worth, TX.    VETIQ Heart Shield plus (ivermectin/pyrantel), 68 mcg Ivermectin and 57 mg pyrantel as pamoate salt, 6 chewables/box, Recommended for dogs up to 25 lbs. Packaged 6 flavored chewables per blister pack. ANADA 200-302, NDC 49994-105-06. Manufactured for: TruRx, LLC, Eagle, ID.     Worm Shield (ivermectin/pyrantel) Flavored Chewables, 68 mcg Ivermectin and 57 mg pyrantel as pamoate salt, 6 chewables/blister pack, Recommended for dogs up to 25 lbs. ANADA 200-302. Manufactured for: Schuyler LLC, Portland, OR.","40,920/10/6 tablet-blister pack/display boxes","The products were identified during an ongoing investigation and testing as being out-of-specification for Ivermectin potency.","08/09/2013","11/05/2013","10/19/2016","11/13/2013","Lot numbers and expiration dates of recalled product failing ivermectin potency:    Iverhart Plus- 120092, 10/2013; 120397, 12/2013 and 120398, 11/2013.    Wormshield- 120397, 12.2013.    Heartshield- NONE    Lot numbers and expiration dates of recalled product with passing potentcy but expected to fail:     Iverhart Plus- 120195, 02/2014 and 120798, 02/2014.    Wormshield- 120195, 02/2014.    Heartshield- 120798, 02/2014."
"Veterinary","No","","67417","Terminated","Sogeval Laboratories Inc","4027 Tampa Rd Ste 3000","N/A","Oldsmar","FL","	34677-3215","United States","Voluntary: Firm initiated","E-Mail","USA: FL, KY, MI, MN, OH, TX, WA.","V-057-2014","Class III","***Joint Support for Dogs***SYNOVIAL-FLEX SOFT CHEWS***TRP*Advanced Soft Chew Technology***Combining Glucosamine HCl, MSM, Creatine Monohydrate, Perna Canaliculus, Omega-3 Fatty Acids and Antioxidants in a Palatable Liver Flavored Chew***SOGEVAL***Shared solutions***Net Content: Contains 120 soft chews***","77","Consumer complaint of the smell of their Synovial Flex Soft Chews associated with Joint Max Double Strength soft chews that were inadvertently mislabeled as Synovial Flex Soft Chews.","01/29/2014","03/11/2014","08/04/2014","03/19/2014","Model # FNGL9002120, Lot # 52070-1 exp 12/2015."
"Veterinary","No","","68132","Terminated","Piramal Critical Care, Inc.","3950 Schelden Cir","N/A","Bethlehem","PA","	18017-8936","United States","Voluntary: Firm initiated","Letter","Nationwide to distributors and physicians in NY, PA, NC, TN, MA, ME, IA, IL, IN, MS, FL, NE, OH, OR, WI, MO, MI, MN, and NJ.","V-072-2014","Class III","Petrem, lot S2991K16  Sevoflurane, USP , 250 mL, packaged in an amber glass vial, NDC 60307-320-25, for use in dogs, ANADA 200-438, manufactured by MINRAD, INC., Bethlehem, PA.    Piramal Inc is the actual manufacturing site dba as MINRAD, INC. since 2009.","2052","One lot of Petrem was recalled due to retained material not meeting the Acidity/Alkalinity specifications as set forth in the USP Monograph for Sevoflurane.","04/07/2014","06/18/2014","12/15/2014","06/25/2014","lot S2991K16 , exp 11/2016."
"Veterinary","No","","69598","Terminated","Loving Pets","110 Melrich Rd Ste 1","Suite 1","Cranbury","NJ","	08512-3524","United States","Voluntary: Firm initiated","Letter","Nationwide","V-209-2015","Class III","Simply Nourish Dog Treats Biscotti with Beef & Sweet Potato Net Wt. 4 oz. Distributed by: Simply Nourish Pet Food Company 19601 N. 27th Avenue, Phoenix, AZ USA 85027 Made in USA   UPC 73725747061","4,951 units","Simply Nourish Beef Biscotti with Sweet Potatoes contain improper bag seals which allow moisture into the packaging.","10/01/2014","11/25/2014","07/12/2017","12/03/2014","Lot 021114 and Lot 021414 Exp 2/16"
"Veterinary","No","","70026","Terminated","Virbac AH, Inc","3200 Meacham Blvd","N/A","Fort Worth","TX","	76137-4611","United States","Voluntary: Firm initiated","Telephone","Product distributed to: CA, FL, IA, IN, MI, MN, MO, MS, NE, PA, SD, TN, TX and WI","V-211-2015","Class III","Virbac Virbantel (pyrantel pamoate/praziquantel) 50 Flavored Chewables, 114 mg pyrantel pomoate and 114 mg praziquantel, De-Wormer for Dogs Only, Medium and Large Dogs, 25.1 to 200 lbs, ANDA 141-261, NDC 051311-741-50, Mfd. by: Virbac AH, Inc., Fort Worth, TX","1800/50-count/bottles","Missing expiry date on product labeling.","12/17/2014","01/22/2015","03/10/2017","01/28/2015","Lot: 131243, Expiration 08/2016"
"Veterinary","No","","70031","Terminated","Virbac AH, Inc","3200 Meacham Blvd","N/A","Fort Worth","TX","	76137-4611","United States","Voluntary: Firm initiated","Telephone","Product was distributed to: CA, CO, FL, GA, IA, IL, IN, MD, MI, MN, MO, MS, OH, OR, PA, TN, TX, VA, WI and Puerto Rico","V-213-2015","Class III","Virbac Clintabs Tablets, clindamycin hydrochloride tablets, USP, 25 mg., packaged in 400-count bottles, For Use in Dogs Only, RX, ANDA #200-316, NDC 051311-400-40.  Mfd. for Virbac AH, Inc., Fort Worth, TX.","8,034/400-count/bottles","Missing product labeling.","12/17/2014","01/23/2015","03/10/2017","02/04/2015","Lot: 140129, Expiry 01/2016  Lot: 140294, Expiry 02/2016"
"Veterinary","No","","70031","Terminated","Virbac AH, Inc","3200 Meacham Blvd","N/A","Fort Worth","TX","	76137-4611","United States","Voluntary: Firm initiated","Telephone","Product was distributed to: CA, CO, FL, GA, IA, IL, IN, MD, MI, MN, MO, MS, OH, OR, PA, TN, TX, VA, WI and Puerto Rico","V-214-2015","Class III","Virbac Clintabs Tablets, clindamycin hydrochloride tablets, USP, 75 mg., packaged in 200-count bottles, For Use in Dogs Only, RX, ANDA #200-316, NDC 051311-402-75.  Mfd. for Virbac AH, Inc., Fort Worth, TX.","1152/200-count/bottles","Missing product labeling.","12/17/2014","01/23/2015","03/10/2017","02/04/2015","Lot: 140697, Expiry 06/2016"
"Veterinary","No","","70031","Terminated","Virbac AH, Inc","3200 Meacham Blvd","N/A","Fort Worth","TX","	76137-4611","United States","Voluntary: Firm initiated","Telephone","Product was distributed to: CA, CO, FL, GA, IA, IL, IN, MD, MI, MN, MO, MS, OH, OR, PA, TN, TX, VA, WI and Puerto Rico","V-215-2015","Class III","Virbac Clintabs Tablets, clindamycin hydrochloride tablets, USP, 150 mg., packaged in 100-count bottles, For Use in Dogs Only, RX, ANDA #200-316, NDC 051311-404-15.  Mfd. for Virbac AH, Inc., Fort Worth, TX.","912/100-count/Bottles","Missing product labeling.","12/17/2014","01/23/2015","03/10/2017","02/04/2015","Lot: 140955, Expiry 06/2016"
"Veterinary","No","","70219","Terminated","Sogeval Laboratories Inc","4027 Tampa Rd Ste 3000","N/A","Oldsmar","FL","	34677-3215","United States","Voluntary: Firm initiated","Two or more of the following: Email, Fax, Letter, Press Release, Telephone, Visit","AL, AZ, CA, CO, CT, FL, GA, IA, ID, IL, IN, KS, KY, LA, MA, MD, ME, MI, MN, MO, MS, NC, NE, NJ, NV, NY, OH, OK, OR, PA, RI, SC, SD, TN, TX, UT, VA, WA, and WI  CANADA, CHINA, ISRAEL, and LATVIA","V-227-2015","Class III","VET SELECTION Universal Medicated Shampoo for Dogs and Cats in 8 or 16 fl. oz.","8,337 units","Labeling discrepancy listing the active ingredient, Chloroxylenol as 2% when the actual concentration is 0.25%.","05/16/2014","02/13/2015","08/06/2015","02/25/2015","Lot numbers: 120625, 120833, 120863, 121277, 130198, 130464, 130905C, 130950A, 130950C, and 140098"
"Veterinary","No","","70219","Terminated","Sogeval Laboratories Inc","4027 Tampa Rd Ste 3000","N/A","Oldsmar","FL","	34677-3215","United States","Voluntary: Firm initiated","Two or more of the following: Email, Fax, Letter, Press Release, Telephone, Visit","AL, AZ, CA, CO, CT, FL, GA, IA, ID, IL, IN, KS, KY, LA, MA, MD, ME, MI, MN, MO, MS, NC, NE, NJ, NV, NY, OH, OK, OR, PA, RI, SC, SD, TN, TX, UT, VA, WA, and WI  CANADA, CHINA, ISRAEL, and LATVIA","V-230-2015","Class III","VHS Veterinary Healthcare Solutions Medicated Shampoo Antibacterial Antifungal for dogs, cats, and horses in 16 fl.oz.","240","Labeling discrepancy listing the active ingredient, Chloroxylenol as 2% when the actual concentration is 0.25%.","05/16/2014","02/13/2015","08/06/2015","02/25/2015","Lot numbers: 120625, 120833, 120863, 121277, 130198, 130464, 130905C, 130950A, 130950C, and 140098"
"Veterinary","No","","71703","Terminated","United Pet Group Div Of Spectrum Brans Inc","3001 Commerce St","N/A","Blacksburg","VA","	24060-6671","United States","Voluntary: Firm initiated","E-Mail","Product was distributed to CA, IA, IL, MN, NY, OH, OK, PA, TX, VA, WA, and WI.  There was no foreign, military, or government distribution.","V-261-2015","Class III","Dingo chip Twists ""Chicken in the Middle"" packed 6 per bag Net Wt. 3.9 oz. (UPC 615650300600) and 16 per bag Net Wt. 9.59 oz. (UPC 615650990429) for dogs.  The responsible name on the label is United Pet Group, Inc. Cincinnati, OH.  Product is made in China.","37,824 bags","Product may be contaminated with Amantadine, an antiviral human drug not approved for use in animal food.","07/17/2015","09/17/2015","03/02/2017","09/23/2015","6-pack:  Best by Date 5/16/2017  16-pack:  Best by Date 12/27/2015 & 5/16/2017"
"Veterinary","No","","72744","Terminated","Cosmos Corp","103 Enterprise Dr","N/A","Wentzville","MO","	63385-5543","United States","Voluntary: Firm initiated","Telephone","Product was distributed to distribution centers in AL, AZ, CA, CO, GA, IA, IL, IN, KS, MI, MN, NC, NY, OH, OR, PA, SC, TX, VA, and WI. Further distribution to retail stores was likely to more states.","V-407-2016","Class III","Naturel Promise, Fresh Dental, Healthy Dental Chews For Dogs, Hip & Joint, Fortified with Glucosamine & Chondroitin, NET WT. 8 OZ (227 g), 28+ Healthy Dental Snacks, Natur¿l Promise, Troy, MO 63379","1,148/12/8 OZ/bags/cases","Some bags of product showed evidence of mold.","11/25/2015","03/29/2016","02/22/2017","04/06/2016","Lot # 3892907135, best by date July 13, 2017"
"Veterinary","No","","79291","Terminated","The J.M. Smucker Company, Inc.","1 Strawberry Ln","N/A","Orrville","OH","	44667-1241","United States","Voluntary: Firm initiated","Two or more of the following: Email, Fax, Letter, Press Release, Telephone, Visit","Nationwide","V-0062-2018","Class III","Ol' Roy Dog Food Strips in Gravy With Turkey & Bacon; packaged in metal cans with Net Wt 13.2 OZ; UPC: 7910017570 on flat case and 8113117570 on cans; Distributed by: Wal-Mart Stores, Bentonville, AR 72712      ","107,003 cs, 12 cans/cs.","A TV station notified the firm and stated that certain varieties of their canned pet food products may contain Pentobarbital in low levels.  The firm performed a safety assessment and concluded that no threat to pet safety was present. The firm agreed to conduct a product withdrawal, but the FDA considered this to be a recall once data indicated that the tallow was contaminated with pentobarbital.","02/12/2018","03/14/2018","12/07/2020","03/07/2018","Code range: 6299 through 8040, each with the suffix plant number 803;   Best By range 10 25 19 thru  02 09 2021;"
"Veterinary","No","","79291","Terminated","The J.M. Smucker Company, Inc.","1 Strawberry Ln","N/A","Orrville","OH","	44667-1241","United States","Voluntary: Firm initiated","Two or more of the following: Email, Fax, Letter, Press Release, Telephone, Visit","Nationwide","V-0063-2018","Class III","Kibbles 'n Bits brand Dog Food; Chef's Choice Homestyle Tender Slices With Real Beef, Chicken & Vegetables in Gravy; packaged in metal cans with Net Wt. 13.2 OZ; UPC: 7910052489A on flat case and 7910010380 on cans; Distr. by: Big Heart Pet Brands, San Francisco CA 94111      ","3180 cs, 12 cans/cs","A TV station notified the firm and stated that certain varieties of their canned pet food products may contain Pentobarbital in low levels.  The firm performed a safety assessment and concluded that no threat to pet safety was present. The firm agreed to conduct a product withdrawal, but the FDA considered this to be a recall once data indicated that the tallow was contaminated with pentobarbital.","02/12/2018","03/14/2018","12/07/2020","03/07/2018","Code range: 6299 through 8040, each with the suffix plant number 803;  Best By range 10 25 19 thru  02 09 2021;"
"Veterinary","No","","79291","Terminated","The J.M. Smucker Company, Inc.","1 Strawberry Ln","N/A","Orrville","OH","	44667-1241","United States","Voluntary: Firm initiated","Two or more of the following: Email, Fax, Letter, Press Release, Telephone, Visit","Nationwide","V-0064-2018","Class III","Kibbles 'n Bits brand Dog Food; Chef's Choice Bistro Tender Cuts With Real Turkey, Bacon & Vegetables; packages in metal cans with Net Wt. 13.2 OZ; UPC: 7910052488A on flat case and 7910010378 on cans; Distr. by: Big Heart Pet Brands, San Francisco CA 94111      ","2732 cs, 12 cans/cs.","A TV station notified the firm and stated that certain varieties of their canned pet food products may contain Pentobarbital in low levels.  The firm performed a safety assessment and concluded that no threat to pet safety was present. The firm agreed to conduct a product withdrawal, but the FDA considered this to be a recall once data indicated that the tallow was contaminated with pentobarbital.","02/12/2018","03/14/2018","12/07/2020","03/07/2018","Code range: 6299 through 8040, each with the suffix plant number 803;   Best By range 10 25 19 thru  02 09 2021;"
"Veterinary","No","","79291","Terminated","The J.M. Smucker Company, Inc.","1 Strawberry Ln","N/A","Orrville","OH","	44667-1241","United States","Voluntary: Firm initiated","Two or more of the following: Email, Fax, Letter, Press Release, Telephone, Visit","Nationwide","V-0065-2018","Class III","Kibbles 'n Bits brand Dog Food; Chef's Choice Bistro Tender Cuts With Real Beef & Vegetables In Gravy; packaged in metal cans with Net Wt. 13.2 OZ; UPC: 7910052486A on flat case and 7910010375 on cans; Distr. by: Big Heart Pet Brands, San Francisco CA 94111      ","4148 cs, 12 cans/cs.","A TV station notified the firm and stated that certain varieties of their canned pet food products may contain Pentobarbital in low levels.  The firm performed a safety assessment and concluded that no threat to pet safety was present. The firm agreed to conduct a product withdrawal, but the FDA considered this to be a recall once data indicated that the tallow was contaminated with pentobarbital.","02/12/2018","03/14/2018","12/07/2020","03/07/2018","Code range: 6299 through 8040, each with the suffix plant number 803;   Best By range 10 25 19 thru  02 09 2021;"
"Veterinary","No","08/27/2020","86229","Terminated","Boehringer Ingelheim Animal Health USA Inc","3239 Satellite Blvd","N/A","Duluth","GA","	30096-4640","United States","Voluntary: Firm initiated","Letter","United States","V-0468-2020","Class III","Heartgard (ivermectin)  For Dogs Up To 25 lbs 6 Tablets Each tablet contains 68 mcg ivermectin Marketed by Boehringer Ingelheim Animal Health USA Inc. Duluth, GA 30096 UPC 3 50604 40231 2","5400 cartons","Out of specification for impurity.","08/13/2020","08/27/2020","06/08/2021","09/02/2020","Batch Number: B195313 Exp. 11/21"
"Veterinary","No","08/27/2020","86229","Terminated","Boehringer Ingelheim Animal Health USA Inc","3239 Satellite Blvd","N/A","Duluth","GA","	30096-4640","United States","Voluntary: Firm initiated","Letter","United States","V-0469-2020","Class III","Heartgard (ivermectin)  For Dogs 26-50 lbs 6 Tablets Each tablet contains 136 mcg ivermectin Marketed by Boehringer Ingelheim Animal Health USA Inc. Duluth, GA 30096 UPC 3 50604 40241 1","3480 cartons","Out of specification for impurity.","08/13/2020","08/27/2020","06/08/2021","09/02/2020","Batch Number: B195314 Exp. 11/21"
"Veterinary","No","08/27/2020","86229","Terminated","Boehringer Ingelheim Animal Health USA Inc","3239 Satellite Blvd","N/A","Duluth","GA","	30096-4640","United States","Voluntary: Firm initiated","Letter","United States","V-0470-2020","Class III","Heartgard (ivermectin)  For Dogs 51-100 lbs 6 Tablets Each tablet contains 272 mcg ivermectin Marketed by Boehringer Ingelheim Animal Health USA Inc. Duluth, GA 30096 UPC 3 50604 40251 0","5950 cartons","Out of specification for impurity.","08/13/2020","08/27/2020","06/08/2021","09/02/2020","Batch Number: B195315 Exp. 11/21"
"Veterinary","No","11/02/2021","88774","Terminated","WET NOSES NATURAL DOG TREATS","14439 167th Ave Se","N/A","Monroe","WA","	98272-2915","United States","Voluntary: Firm initiated","Two or more of the following: Email, Fax, Letter, Press Release, Telephone, Visit","distributed nationwide.","V-0003-2022","Class III","Chicken Cacciatore Recipe, Clearly Good Food Made for All Dogs, shelf stable product packaged in glass jar, net weight 15oz. UPC 8 50201 00081 7.  Product label is read in parts: ""***CHICKEN CACCIATORE RECIPE***CLEARLY GOOD FOOD MADE FOR ALL DOGS***BEST FRIEND BEST FOOD***Ingredients: Chicken, Tomato Puree, Diced tomatoes, Brown rice, Celery, Citric acid, Parsley, Minerals (Calcium citrate, Calcium phosphate, Zinc amino acid chelate, Iron amino acid chelate, Copper amino acid chelate, Potassium Iodide, Potassium citrate), Vitamins (Choline chloride, Vitamin E supplement, Vitamin A supplement, Vitamin B12 Supplement, D-Calcium pantothenate, Vitamin D3 supplement, Niacin, Riboflavin, Thiamine, Folic Acid, Pyridoxine hydrochloride) ***REFIGERATED AFTER OPENING***Wet Noses, Inc***Monroe, WA***"".","545 units","pH level exceeded low acid level guidelines.","09/27/2021","11/02/2021","11/12/2021","10/20/2021","Best-by-date 1-8-2022. Lot Code 000841.  Lot code breaks down as follows:  0 (1st digit) = Year 2020. 008 (2nd - 4th digit) = Julian Date 008 or January 8. 4 (5th digit) = Line Number #4. 1 (5th digit) = Shift Number #1."
"Veterinary","No","12/13/2024","95771","Terminated","Ceva Animal Health, LLC","8735 Rosehill Rd Ste 300","N/A","Lenexa","KS","	66215-4612","United States","Voluntary: Firm initiated","E-Mail","Within U.S Market - AL, AZ, CA, CO, FL, GA, IA, IL, IN, KS, KY, LA, MI, MN, MO, MS, NC, NH, NJ, NV, NY, OH, OK, OR, PA, SC, SD, TN, TX, VA, WA, WI.","V-0044-2025","Class III","Duoxo Calm Serum, Phytosphingosine salicyloyl 0.2%, For Use on Dogs and Cats, 2fl oz (60mL), Manufactured for: Ceva Animal Health, LLC, Lenexa, KS 66215","2916 bottles","CGMP violation.","11/14/2024","12/13/2024","10/31/2025","12/04/2024","Lot: 240246, Exp.: 5/9/2026"
"Veterinary","No","11/17/2025","96498","Terminated","Ceva Animal Health, LLC","8735 Rosehill Rd Ste 300","N/A","Lenexa","KS","	66215-4612","United States","Voluntary: Firm initiated","Letter","Nationwide in the U.S - ID, MD, ME, NE.","V-0073-2025","Class III","Douxo Calm Serum, Phytosphingosine salicyloyl 0.2%, For Use on Dogs and Cats, 2fl oz (60mL), Manufactured for: Ceva Animal Health, LLC, Lenexa, KS 66215.","8664 bottles","CGMP violation - appearance.","03/07/2025","04/21/2025","11/17/2025","04/16/2025","Lot: 230007, Exp: 22 Mar 2025; 230904, Exp: 05 Oct 2025."
"Veterinary","No","04/10/2026","98645","Terminated","Farmina Pet Food USA  LLC","248 Sands Rd","N/A","Reidsville","NC","	27320-6522","United States","Voluntary: Firm initiated","E-Mail","Product was shipped to the following states: IL, MN, PA & TN.","V-0119-2026","Class III","Farmina Pet Foods N&D TROPICAL SELECTION salmon, spelt, oats and tropical fruits recipe Net Wt 22lb UPC 8 01027 60423 85. Dog Food. Ingredients: lamb***Manufactured by: Famina Pet Food USA, LLC, Reidsville, North Carolina","805122lb bags","Mislabeled Dog Food. The ingredient panel on the back list lamb while the front panel of the product list salmon.","03/25/2026","04/09/2026","08/28/2026","04/08/2026","273-03-01-02 Lot 25260A3453 EXP 2027/3 17"
"Veterinary","No","","27756","Ongoing","Virbac AH, Inc","3200 Meacham Blvd","N/A","Fort Worth","Texas","	76137-4611","United States","N/A","N/A","TX, HI, MO, CO, MN, IA, IN, WI, CA, NM, WA, OK, IN, SD, NY, AZ, FL, MS and Puerto Rico","V-015-4","Class III","IVERHART Plus (ivermectin/pyrante), contains 6 Flavored Chewables.  Recommended for dogs up to 25 lbs body weight.","0170DS: 7,306 display units (438,360 tablets), and 0180TS:  90 tower units (10,800 tablets)","The firm is recalling 4 lots of IVERHART Plus Flavored Chewables due to contamination of Minocycline, a FDA approved human drug which has not been approved in species other than humans.","11/19/2003","N/A","N/A","","N/A"
"Veterinary","No","","27756","Ongoing","Virbac AH, Inc","3200 Meacham Blvd","N/A","Fort Worth","Texas","	76137-4611","United States","N/A","N/A","TX, HI, MO, CO, MN, IA, IN, WI, CA, NM, WA, OK, IN, SD, NY, AZ, FL, MS and Puerto Rico","V-016-4","Class III","IVERHART Plus (ivermectin/pyrante), contains 6 Flavored Chewables.  Recommended for dogs 26 to 50 lbs body weight.","0170DM: 3,981 display units (238,860 tablets), and 0180TM:  30 tower units (3,600 tablets)","The firm is recalling 4 lots of IVERHART Plus Flavored Chewables due to contamination of Minocycline, a FDA approved human drug which has not been approved in species other than humans.","11/19/2003","N/A","N/A","","N/A"
"Veterinary","No","","27756","Ongoing","Virbac AH, Inc","3200 Meacham Blvd","N/A","Fort Worth","Texas","	76137-4611","United States","N/A","N/A","TX, HI, MO, CO, MN, IA, IN, WI, CA, NM, WA, OK, IN, SD, NY, AZ, FL, MS and Puerto Rico","V-017-4","Class III","IVERHART Plus (ivermectin/pyrante), contains 6 Flavored Chewables.  Recommended for dogs 51 to 100 lbs body weight.","0170DL:  7,257 display units (435,420 tablets), and 018TL:  440 tower units (52,800 tablets)","The firm is recalling 4 lots of IVERHART Plus Flavored Chewables due to contamination of Minocycline, a FDA approved human drug which has not been approved in species other than humans.","11/19/2003","N/A","N/A","","N/A"
"Veterinary","No","","28793","Ongoing","Virbac AH, Inc","3200 Meacham Blvd","N/A","Fort Worth","Texas","	76137-4611","United States","N/A","N/A","Product was distributed to distributors in PA, GA, NY, FL, CA, NE, NV, MO, TX, IA, WI, TN, MA, and NC","V-129-4","Class III","ETIDERM Shampoo for Dogs and Cats, Ethyl lactate 10% manufactured by Virbac Animal Health, Fort Worth, Texas","552 units","Portion of a batch of DERMAZOLE incorrectly labled as ETIDERM, another canine and feline shampoo with different active ingredients.","03/31/2004","N/A","N/A","","N/A"
"Veterinary","No","","29605","Ongoing","Virbac AH, Inc","3200 Meacham Blvd","N/A","Fort Worth","Texas","	76137-4611","United States","N/A","N/A","Product was distributed to consignees in the following states: TX, WA, FL, GA, NV, MN, VA, IL, TN, PR, PA, NE, KY, OH, NY, CA, NC, AZ, MI, UT, OR, MO, CO, IA, IN, WI, AL, NC, MA, and OK  ","V-164-4","Class III","C.E.T. Home Dental Care Oral Hygiene Gel for Dogs and Cats, NDC 051311-502-32, 1.4 fl.oz. (32 mL).  0.12% Chlorhexidine Gluconate. Manufactured by Virbac Animal health, Inc., P.O. Box 162059, Fort Worth, TX 76161, 1-800-338-3659","88,366 units","Subpotency","07/08/2004","N/A","N/A","","N/A"
"Veterinary","No","","29607","Ongoing","Virbac AH, Inc","3200 Meacham Blvd","N/A","Fort Worth","Texas","	76137-4611","United States","N/A","N/A","Product was distributed to 23 customers in the following states: IL, TX, NY, TN, GA, NV, VA, MN, WA, PR, IA, IN, WI, CA, NE, PA, FL, and MO","V-162-4","Class III","Sebolux Medicated Shampoo for Dogs and Cats, Antiseborrheic Keratoplastic, 8 fl oz., Active Ingredients: Solubilized Sulfur (equivalent to 2% elemental Sulphur) and 2% salicylic acid.","22,824 units","Bottles labeled at Sebolux Medicated Shampoo for dogs and cats contain EPI-Otic Ear Cleanser for Dogs, Cats, Puppies, and kittens.","07/15/2004","N/A","N/A","","N/A"
"Veterinary","No","","29607","Ongoing","Virbac AH, Inc","3200 Meacham Blvd","N/A","Fort Worth","Texas","	76137-4611","United States","N/A","N/A","Product was distributed to 23 customers in the following states: IL, TX, NY, TN, GA, NV, VA, MN, WA, PR, IA, IN, WI, CA, NE, PA, FL, and MO","V-163-4","Class III","Epi-Otic Ear Cleanser for dogs, cats, puppies, and kittens.  Cleansing, drying, non-irritating.","22,824 units","Bottles labeled at Sebolux Medicated Shampoo for dogs and cats contain EPI-Otic Ear Cleanser for Dogs, Cats, Puppies, and kittens.","07/15/2004","N/A","N/A","","N/A"
"Veterinary","No","","29913","Ongoing","Virbac AH, Inc","3200 Meacham Blvd","N/A","Fort Worth","Texas","	76161","United States","N/A","N/A","Pennsylvania, Massachusetts, Ohio, New Jersey, Arizona, North Carolina, Nebraska, and Canada","V-186-4","Class III","Breath-eze Breath & Gas Relief Tablets for Dogs (activated charcoal, simethicone)","2,100 units","Product contains Breath-eze chewable breath mints which have no active ingredient for gas relief.","08/26/2004","N/A","N/A","","N/A"
"Veterinary","No","","32013","Ongoing","Virbac AH, Inc","3200 Meacham Blvd","N/A","Fort Worth","Texas","	76161","United States","N/A","N/A","Florida, New York, Nevada, Tennessee, Puerto Rico, Ohio, Oregon, Illinois, Indiana, Wisconsin, California, North Carolina, Pennsylvania, Alabama, Missouri, Nebraska, Texas, Minnesota, and Canada","V-085-5","Class III","ResiPROX Leave-On Lotion for Dogs and Cats, Pramoxine HCL 1.5% Oatmeal, 8 oz bottle.  Available only through licensed vetrinarians.","3,672 units","At the 6-month test point, the test lot for the product was found to be out of specification for Total Aerobic Plate Count.","05/11/2005","N/A","N/A","","N/A"
"Veterinary","No","","32470","Ongoing","Novartis Animal Health US Inc","3200 Northline Ave Ste 300","N/A","Greensboro","North Carolina","	27408-7611","United States","N/A","N/A","CA, GA, HI","V-091-5","Class III","Dermaxx¿ (deracoxib) 25 mg tablets, A coxib-class NSAID * For Use in Dogs Only * Manufactured for Novartis Animal Health US, Inc., Greensboro, NC 27408. The product is packed in plastic screw top bottles containing 30 and 90 tablets each.","unknown","Product does not meet the finished product assay specifications.","06/15/2005","N/A","N/A","","N/A"
"Veterinary","No","","32470","Ongoing","Novartis Animal Health US Inc","3200 Northline Ave Ste 300","N/A","Greensboro","North Carolina","	27408-7611","United States","N/A","N/A","CA, GA, HI","V-092-5","Class III","Deramaxx (deracoxib) 100 mg tablets, A coxib-class NSAID * For Use in Dogs Only * Manufactured for Novartis Animal Health US, Inc., Greensboro, NC 27408. The product is packed in plastic screw top bottles containing 90 tablets.","4530 bottles","Product does not meet the finished product assay specifications.","06/15/2005","N/A","N/A","","N/A"
"Veterinary","No","","37787","Terminated","Fort Dodge Laboratories Inc","800 5th St NW","PO Box 518","Fort Dodge","IA","	50501-0518","United States","N/A","N/A","Distribution was made direct to wholesale and veterinary accounts nationwide.","V-045-2007","Class III","Fort Dodge Panolog Cream, Nystatin-Neomycin Sulfate-Thiostrepton-Triamcinolone Acetonide Cream USP, containing 100,000 units/g Nystatin, 2.5 mg/g Neomycin Sulfate equivalent to neomycin base, 2,500 units/g Thiostrepton, and 1.0 mg/g Triamcinolone Acetonide, For Topical Use on Dogs and Cats Only, packaged in 7.5- and 15-gram aluminum tubes, RX, NDC 0856-9583-01 (7.5 g) and NDC 0856-9583-02 (15 g), NADA 96-676.  The firm name on the label is Fort Dodge Animal Health, Fort Dodge, IA.","15,730/7.5-g. tubes, 17,676/15-g. tubes, and 1/72/15-g. count pack tubes","One of the active ingredients in the product (triamcinolone acetonide) was from an unapproved manufacturer","04/26/2007","N/A","07/30/2009","","N/A"
"Veterinary","No","","38057","Terminated","Altana Inc.","60 Baylis Road","P.O. Box 2006","Melville","NY","	11747-0103","United States","N/A","N/A","MA, PA, SC, FL, AL, IN, MI, MO, TX, CO, AZ, WA","V-044-2007","Class III","Muricin (mupirocin) Ointment 2%, NET WT 15 g, NDC 0462-0420-15, ANADA 200-418, For dermatologic use on dogs, Manufactured for PHARMADERM Animal Health a division of Altana Inc. By: Altana Inc., Melville, NY 11747.","7092 units","Subpotent: Altana had out-of-specification results in 3 lots of similar product, Mupirocin Ointment USP, 2%, for human use. The product was also distributed for use on dogs under the trade name Muricin Ointment 2% sold under Altana's Pharmaderm Animal Health label.","05/02/2007","N/A","09/27/2007","","N/A"
"Veterinary","No","","37940","Terminated","Menu Foods Midwest Corp","1400 E Logan Ave","PO Box 1046","Emporia","KS","	66801-6822","United States","N/A","N/A","Affected product was distributed throughout the United States and to consignees in Mexico and Canada.","V-204-2007","Class III","AUTHORITY = DISTRIBUTED BY PACIFIC COAST DISTRIBUTING, INC., PHOENIX, AZ:  Lamb & Rice Formula Dog Food packed in 6 oz cans, UPC 3725736971, with Best By/Date Codes:  Nov/08/08 to Mar/07/10","Approximately 464,565 cases of pet food were distributed","Menu Foods is recalling cuts and gravy style and select other products which do not include ChemNutra wheat gluten but were manufactured at any of Menu Foods' plants during the period that ChemNutra wheat gluten was used due to the possibility of cross-contamination. Menu Foods has received a report from a customer and has received study results, both of which indicate cross-contamination.","05/02/2007","N/A","04/10/2012","","N/A"
"Veterinary","No","","37940","Terminated","Menu Foods Midwest Corp","1400 E Logan Ave","PO Box 1046","Emporia","KS","	66801-6822","United States","N/A","N/A","Affected product was distributed throughout the United States and to consignees in Mexico and Canada.","V-205-2007","Class III","AUTHORITY = DISTRIBUTED BY PACIFIC COAST DISTRIBUTING, INC., PHOENIX, AZ:  Lite Chicken & Rice Formula Dog Food packed in 14 oz cans, UPC 3725712044, with Best By/Date Codes:  Nov/08/08 to Mar/07/10","Approximately 464,565 cases of pet food were distributed","Menu Foods is recalling cuts and gravy style and select other products which do not include ChemNutra wheat gluten but were manufactured at any of Menu Foods' plants during the period that ChemNutra wheat gluten was used due to the possibility of cross-contamination. Menu Foods has received a report from a customer and has received study results, both of which indicate cross-contamination.","05/02/2007","N/A","04/10/2012","","N/A"
"Veterinary","No","","37940","Terminated","Menu Foods Midwest Corp","1400 E Logan Ave","PO Box 1046","Emporia","KS","	66801-6822","United States","N/A","N/A","Affected product was distributed throughout the United States and to consignees in Mexico and Canada.","V-206-2007","Class III","AWARD = DISTRIBUTED BY PACIFIC COAST DISTRIBUTING, INC., PHOENIX, AZ:  Beef Casserole Dinner in Sauce Dog Food packed in 5.5 oz cans, UPC 3725700504, with Best By/Date Codes:  Nov/08/08 to Mar/07/10","Approximately 464,565 cases of pet food were distributed","Menu Foods is recalling cuts and gravy style and select other products which do not include ChemNutra wheat gluten but were manufactured at any of Menu Foods' plants during the period that ChemNutra wheat gluten was used due to the possibility of cross-contamination. Menu Foods has received a report from a customer and has received study results, both of which indicate cross-contamination.","05/02/2007","N/A","04/10/2012","","N/A"
"Veterinary","No","","37940","Terminated","Menu Foods Midwest Corp","1400 E Logan Ave","PO Box 1046","Emporia","KS","	66801-6822","United States","N/A","N/A","Affected product was distributed throughout the United States and to consignees in Mexico and Canada.","V-207-2007","Class III","AWARD = DISTRIBUTED BY PACIFIC COAST DISTRIBUTING, INC., PHOENIX, AZ:  Chicken Casserole Dinner in Sauce Dog Food packed in 5.5 oz cans, UPC 3725700502, with Best By/Date Codes:  Nov/08/08 to Mar/07/10","Approximately 464,565 cases of pet food were distributed","Menu Foods is recalling cuts and gravy style and select other products which do not include ChemNutra wheat gluten but were manufactured at any of Menu Foods' plants during the period that ChemNutra wheat gluten was used due to the possibility of cross-contamination. Menu Foods has received a report from a customer and has received study results, both of which indicate cross-contamination.","05/02/2007","N/A","04/10/2012","","N/A"
"Veterinary","No","","37940","Terminated","Menu Foods Midwest Corp","1400 E Logan Ave","PO Box 1046","Emporia","KS","	66801-6822","United States","N/A","N/A","Affected product was distributed throughout the United States and to consignees in Mexico and Canada.","V-208-2007","Class III","AWARD = DISTRIBUTED BY PACIFIC COAST DISTRIBUTING, INC., PHOENIX, AZ:  Sliced Chicken Dinner in Gravy Dog Food packed in 5.5 oz cans, UPC 3725700432, with Best By/Date Codes:  Nov/08/08 to Mar/07/10","Approximately 464,565 cases of pet food were distributed","Menu Foods is recalling cuts and gravy style and select other products which do not include ChemNutra wheat gluten but were manufactured at any of Menu Foods' plants during the period that ChemNutra wheat gluten was used due to the possibility of cross-contamination. Menu Foods has received a report from a customer and has received study results, both of which indicate cross-contamination.","05/02/2007","N/A","04/10/2012","","N/A"
"Veterinary","No","","37940","Terminated","Menu Foods Midwest Corp","1400 E Logan Ave","PO Box 1046","Emporia","KS","	66801-6822","United States","N/A","N/A","Affected product was distributed throughout the United States and to consignees in Mexico and Canada.","V-209-2007","Class III","AWARD = DISTRIBUTED BY PACIFIC COAST DISTRIBUTING, INC., PHOENIX, AZ:  Sliced Beef Dinner in Gravy Dog Food packed in 5.5 oz cans, UPC 3725700431, with Best By/Date Codes:  Nov/08/08 to Mar/07/10","Approximately 464,565 cases of pet food were distributed","Menu Foods is recalling cuts and gravy style and select other products which do not include ChemNutra wheat gluten but were manufactured at any of Menu Foods' plants during the period that ChemNutra wheat gluten was used due to the possibility of cross-contamination. Menu Foods has received a report from a customer and has received study results, both of which indicate cross-contamination.","05/02/2007","N/A","04/10/2012","","N/A"
"Veterinary","No","","37940","Terminated","Menu Foods Midwest Corp","1400 E Logan Ave","PO Box 1046","Emporia","KS","	66801-6822","United States","N/A","N/A","Affected product was distributed throughout the United States and to consignees in Mexico and Canada.","V-210-2007","Class III","BEST CHOICE = DISTRIBUTED BY ASSOCIATED WHOLESALE GROCERS, INC., KANSAS CITY, KS:  Beef & Liver Dog Food packed in 13.2 oz cans, UPC 7003860079, and 22 oz cans, UPC 7003860082, with Best By/Date Codes:  Nov/08/08 to Mar/07/10","Approximately 464,565 cases of pet food were distributed","Menu Foods is recalling cuts and gravy style and select other products which do not include ChemNutra wheat gluten but were manufactured at any of Menu Foods' plants during the period that ChemNutra wheat gluten was used due to the possibility of cross-contamination. Menu Foods has received a report from a customer and has received study results, both of which indicate cross-contamination.","05/02/2007","N/A","04/10/2012","","N/A"
"Veterinary","No","","37940","Terminated","Menu Foods Midwest Corp","1400 E Logan Ave","PO Box 1046","Emporia","KS","	66801-6822","United States","N/A","N/A","Affected product was distributed throughout the United States and to consignees in Mexico and Canada.","V-211-2007","Class III","BEST CHOICE = DISTRIBUTED BY ASSOCIATED WHOLESALE GROCERS, INC., KANSAS CITY, KS:  Beef Dog Food packed in 22 oz cans, UPC 7003860081, with Best By/Date Codes:  Nov/08/08 to Mar/07/10","Approximately 464,565 cases of pet food were distributed","Menu Foods is recalling cuts and gravy style and select other products which do not include ChemNutra wheat gluten but were manufactured at any of Menu Foods' plants during the period that ChemNutra wheat gluten was used due to the possibility of cross-contamination. Menu Foods has received a report from a customer and has received study results, both of which indicate cross-contamination.","05/02/2007","N/A","04/10/2012","","N/A"
"Veterinary","No","","37940","Terminated","Menu Foods Midwest Corp","1400 E Logan Ave","PO Box 1046","Emporia","KS","	66801-6822","United States","N/A","N/A","Affected product was distributed throughout the United States and to consignees in Mexico and Canada.","V-212-2007","Class III","BEST CHOICE = DISTRIBUTED BY ASSOCIATED WHOLESALE GROCERS, INC., KANSAS CITY, KS:  Chicken Dog Food packed in 22 oz cans, UPC 7003860085, with Best By/Date Codes:  Nov/08/08 to Mar/07/10","Approximately 464,565 cases of pet food were distributed","Menu Foods is recalling cuts and gravy style and select other products which do not include ChemNutra wheat gluten but were manufactured at any of Menu Foods' plants during the period that ChemNutra wheat gluten was used due to the possibility of cross-contamination. Menu Foods has received a report from a customer and has received study results, both of which indicate cross-contamination.","05/02/2007","N/A","04/10/2012","","N/A"
"Veterinary","No","","37940","Terminated","Menu Foods Midwest Corp","1400 E Logan Ave","PO Box 1046","Emporia","KS","	66801-6822","United States","N/A","N/A","Affected product was distributed throughout the United States and to consignees in Mexico and Canada.","V-213-2007","Class III","COMPLIMENTS = PREPARED FOR SOBEYS, MISSISSAUGA, ONTARIO:  Beef Cuts in Gravy Dog Food packed in 374 gm cans, UPC 5574235307, with Best By/Date Codes:  Dec/11/09 to Mar/07/10; and packed in 624 gm cans, UPC 5574235311, with Best By/Date Codes:  Dec/06/09 to Jan/24/10","Approximately 464,565 cases of pet food were distributed","Menu Foods is recalling cuts and gravy style and select other products which do not include ChemNutra wheat gluten but were manufactured at any of Menu Foods' plants during the period that ChemNutra wheat gluten was used due to the possibility of cross-contamination. Menu Foods has received a report from a customer and has received study results, both of which indicate cross-contamination.","05/02/2007","N/A","04/10/2012","","N/A"
"Veterinary","No","","37940","Terminated","Menu Foods Midwest Corp","1400 E Logan Ave","PO Box 1046","Emporia","KS","	66801-6822","United States","N/A","N/A","Affected product was distributed throughout the United States and to consignees in Mexico and Canada.","V-214-2007","Class III","COMPLIMENTS = PREPARED FOR SOBEYS, MISSISSAUGA, ONTARIO:  Chicken Cuts in Gravy Dog Food packed in 374 gm cans, UPC 5574235390, with Best By/Date Codes:  Dec/11/09 to Mar/07/10; and packed in 624 gm cans, UPC 5574235310, with Best By/Date Codes:  Dec/06/09 to Jan/24/10","Approximately 464,565 cases of pet food were distributed","Menu Foods is recalling cuts and gravy style and select other products which do not include ChemNutra wheat gluten but were manufactured at any of Menu Foods' plants during the period that ChemNutra wheat gluten was used due to the possibility of cross-contamination. Menu Foods has received a report from a customer and has received study results, both of which indicate cross-contamination.","05/02/2007","N/A","04/10/2012","","N/A"
"Veterinary","No","","37940","Terminated","Menu Foods Midwest Corp","1400 E Logan Ave","PO Box 1046","Emporia","KS","	66801-6822","United States","N/A","N/A","Affected product was distributed throughout the United States and to consignees in Mexico and Canada.","V-215-2007","Class III","COMPLIMENTS = PREPARED FOR SOBEYS, MISSISSAUGA, ONTARIO:  Country Stew Cuts in Gravy Dog Food packed in 624 gm cans, UPC 5574235387, with Best By/Date Codes:  Dec/06/09 to Jan/24/10","Approximately 464,565 cases of pet food were distributed","Menu Foods is recalling cuts and gravy style and select other products which do not include ChemNutra wheat gluten but were manufactured at any of Menu Foods' plants during the period that ChemNutra wheat gluten was used due to the possibility of cross-contamination. Menu Foods has received a report from a customer and has received study results, both of which indicate cross-contamination.","05/02/2007","N/A","04/10/2012","","N/A"
"Veterinary","No","","37940","Terminated","Menu Foods Midwest Corp","1400 E Logan Ave","PO Box 1046","Emporia","KS","	66801-6822","United States","N/A","N/A","Affected product was distributed throughout the United States and to consignees in Mexico and Canada.","V-216-2007","Class III","COMPLIMENTS = PREPARED FOR SOBEYS, MISSISSAUGA, ONTARIO:  Lamb & Vegetable Cuts in Gravy Dog Food packed in 624 gm cans, UPC 5574235315, with Best By/Date Codes:  Dec/06/09 to Jan/24/10","Approximately 464,565 cases of pet food were distributed","Menu Foods is recalling cuts and gravy style and select other products which do not include ChemNutra wheat gluten but were manufactured at any of Menu Foods' plants during the period that ChemNutra wheat gluten was used due to the possibility of cross-contamination. Menu Foods has received a report from a customer and has received study results, both of which indicate cross-contamination.","05/02/2007","N/A","04/10/2012","","N/A"
"Veterinary","No","","37940","Terminated","Menu Foods Midwest Corp","1400 E Logan Ave","PO Box 1046","Emporia","KS","	66801-6822","United States","N/A","N/A","Affected product was distributed throughout the United States and to consignees in Mexico and Canada.","V-217-2007","Class III","CO-OP GOLD = PREPARED FOR INTERPROVINICIAL COOPERATIVE LIMITED, SASKATOON, CANADA:  Beef Cuts in Gravy Dog Food packed in 374 gm cans, UPC 5731601075 with Best By/Date Codes:  Dec/11/09 to Mar/07/10; and in 624 gm cans, UPC 5731601080 with Best By/Date Codes:  Dec/06/09 to Jan/24/10","Approximately 464,565 cases of pet food were distributed","Menu Foods is recalling cuts and gravy style and select other products which do not include ChemNutra wheat gluten but were manufactured at any of Menu Foods' plants during the period that ChemNutra wheat gluten was used due to the possibility of cross-contamination. Menu Foods has received a report from a customer and has received study results, both of which indicate cross-contamination.","05/02/2007","N/A","04/10/2012","","N/A"
"Veterinary","No","","37940","Terminated","Menu Foods Midwest Corp","1400 E Logan Ave","PO Box 1046","Emporia","KS","	66801-6822","United States","N/A","N/A","Affected product was distributed throughout the United States and to consignees in Mexico and Canada.","V-218-2007","Class III","CO-OP GOLD = PREPARED FOR INTERPROVINICIAL COOPERATIVE LIMITED, SASKATOON, CANADA:  Chicken Cuts in Gravy Dog Food packed in 374 gm cans, UPC 5731601077 and in 624 gm cans, UPC 5731601081, with Best By/Date Codes:  Dec/11/09 to Mar/07/10","Approximately 464,565 cases of pet food were distributed","Menu Foods is recalling cuts and gravy style and select other products which do not include ChemNutra wheat gluten but were manufactured at any of Menu Foods' plants during the period that ChemNutra wheat gluten was used due to the possibility of cross-contamination. Menu Foods has received a report from a customer and has received study results, both of which indicate cross-contamination.","05/02/2007","N/A","04/10/2012","","N/A"
"Veterinary","No","","37940","Terminated","Menu Foods Midwest Corp","1400 E Logan Ave","PO Box 1046","Emporia","KS","	66801-6822","United States","N/A","N/A","Affected product was distributed throughout the United States and to consignees in Mexico and Canada.","V-219-2007","Class III","CO-OP GOLD = PREPARED FOR INTERPROVINICIAL COOPERATIVE LIMITED, SASKATOON, CANADA:  Stew Cuts in Gravy Dog Food packed in 374 gm cans, UPC 5731601079 and in 624 gm cans, UPC 5731601082, with Best By/Date Codes:  Dec/11/09 to Mar/07/10","Approximately 464,565 cases of pet food were distributed","Menu Foods is recalling cuts and gravy style and select other products which do not include ChemNutra wheat gluten but were manufactured at any of Menu Foods' plants during the period that ChemNutra wheat gluten was used due to the possibility of cross-contamination. Menu Foods has received a report from a customer and has received study results, both of which indicate cross-contamination.","05/02/2007","N/A","04/10/2012","","N/A"
"Veterinary","No","","37940","Terminated","Menu Foods Midwest Corp","1400 E Logan Ave","PO Box 1046","Emporia","KS","	66801-6822","United States","N/A","N/A","Affected product was distributed throughout the United States and to consignees in Mexico and Canada.","V-220-2007","Class III","HANNAFORD = DISTRIBUTED BY HANNAFORD BROS. CO., SCARBOROUGH, ME:  Chicken Cuts in Gravy Dog Food packed in 22 oz cans, UPC 4126812292 with Best By/Date Codes:  Dec/11/09 to Mar/07/10","Approximately 464,565 cases of pet food were distributed","Menu Foods is recalling cuts and gravy style and select other products which do not include ChemNutra wheat gluten but were manufactured at any of Menu Foods' plants during the period that ChemNutra wheat gluten was used due to the possibility of cross-contamination. Menu Foods has received a report from a customer and has received study results, both of which indicate cross-contamination.","05/02/2007","N/A","04/10/2012","","N/A"
"Veterinary","No","","37940","Terminated","Menu Foods Midwest Corp","1400 E Logan Ave","PO Box 1046","Emporia","KS","	66801-6822","United States","N/A","N/A","Affected product was distributed throughout the United States and to consignees in Mexico and Canada.","V-221-2007","Class III","HANNAFORD = DISTRIBUTED BY HANNAFORD BROS. CO., SCARBOROUGH, ME:  Country Stew Cuts in Gravy Dog Food packed in 22 oz cans, UPC 4126813533 with Best By/Date Codes:  Dec/11/09 to Mar/07/10","Approximately 464,565 cases of pet food were distributed","Menu Foods is recalling cuts and gravy style and select other products which do not include ChemNutra wheat gluten but were manufactured at any of Menu Foods' plants during the period that ChemNutra wheat gluten was used due to the possibility of cross-contamination. Menu Foods has received a report from a customer and has received study results, both of which indicate cross-contamination.","05/02/2007","N/A","04/10/2012","","N/A"
"Veterinary","No","","37940","Terminated","Menu Foods Midwest Corp","1400 E Logan Ave","PO Box 1046","Emporia","KS","	66801-6822","United States","N/A","N/A","Affected product was distributed throughout the United States and to consignees in Mexico and Canada.","V-222-2007","Class III","HEALTH DIET GOURMET CUISINE = MANUFACTURED FOR PETON DISTRIBUTORS, LANGHORNE, PA:  Beef Cuts in Gravy Dog Food packed in 156 gm cans, UPC 7819801515, with Best By/Date Codes:  Dec/06/09 to Jan/24/10; & packed in 374 gm cans, UPC 7819801519, and 624 gm cans, UPC 7819801524, with Best By/Date Codes:  Dec/11/09 to Mar/07/10","Approximately 464,565 cases of pet food were distributed","Menu Foods is recalling cuts and gravy style and select other products which do not include ChemNutra wheat gluten but were manufactured at any of Menu Foods' plants during the period that ChemNutra wheat gluten was used due to the possibility of cross-contamination. Menu Foods has received a report from a customer and has received study results, both of which indicate cross-contamination.","05/02/2007","N/A","04/10/2012","","N/A"
"Veterinary","No","","37940","Terminated","Menu Foods Midwest Corp","1400 E Logan Ave","PO Box 1046","Emporia","KS","	66801-6822","United States","N/A","N/A","Affected product was distributed throughout the United States and to consignees in Mexico and Canada.","V-223-2007","Class III","HEALTH DIET GOURMET CUISINE = MANUFACTURED FOR PETON DISTRIBUTORS, LANGHORNE, PA:  Chicken Cuts in Gravy Dog Food packed in 624 gm cans, UPC 7819801527, with Best By/Date Codes:  Dec/11/09 to Mar/07/10","Approximately 464,565 cases of pet food were distributed","Menu Foods is recalling cuts and gravy style and select other products which do not include ChemNutra wheat gluten but were manufactured at any of Menu Foods' plants during the period that ChemNutra wheat gluten was used due to the possibility of cross-contamination. Menu Foods has received a report from a customer and has received study results, both of which indicate cross-contamination.","05/02/2007","N/A","04/10/2012","","N/A"
"Veterinary","No","","37940","Terminated","Menu Foods Midwest Corp","1400 E Logan Ave","PO Box 1046","Emporia","KS","	66801-6822","United States","N/A","N/A","Affected product was distributed throughout the United States and to consignees in Mexico and Canada.","V-224-2007","Class III","HEALTH DIET GOURMET CUISINE = MANUFACTURED FOR PETON DISTRIBUTORS, LANGHORNE, PA:  Country Stew Cuts in Gravy Dog Food packed in 624 gm cans, UPC 7819801529, with Best By/Date Codes:  Dec/11/09 to Mar/07/10","Approximately 464,565 cases of pet food were distributed","Menu Foods is recalling cuts and gravy style and select other products which do not include ChemNutra wheat gluten but were manufactured at any of Menu Foods' plants during the period that ChemNutra wheat gluten was used due to the possibility of cross-contamination. Menu Foods has received a report from a customer and has received study results, both of which indicate cross-contamination.","05/02/2007","N/A","04/10/2012","","N/A"
"Veterinary","No","","37940","Terminated","Menu Foods Midwest Corp","1400 E Logan Ave","PO Box 1046","Emporia","KS","	66801-6822","United States","N/A","N/A","Affected product was distributed throughout the United States and to consignees in Mexico and Canada.","V-225-2007","Class III","HILL COUNTRY FARE = DISTRIBUTED BY H-E-B, SAN ANTONIO, TX:  BBQ w/ Beef Slices in Sauce Dog Food packed in 5.5 oz cans, UPC 4122005168 with Best By/Date Codes:  Nov/08/09 to Mar/07/10","Approximately 464,565 cases of pet food were distributed","Menu Foods is recalling cuts and gravy style and select other products which do not include ChemNutra wheat gluten but were manufactured at any of Menu Foods' plants during the period that ChemNutra wheat gluten was used due to the possibility of cross-contamination. Menu Foods has received a report from a customer and has received study results, both of which indicate cross-contamination.","05/02/2007","N/A","04/10/2012","","N/A"
"Veterinary","No","","37940","Terminated","Menu Foods Midwest Corp","1400 E Logan Ave","PO Box 1046","Emporia","KS","	66801-6822","United States","N/A","N/A","Affected product was distributed throughout the United States and to consignees in Mexico and Canada.","V-226-2007","Class III","HILL COUNTRY FARE = DISTRIBUTED BY H-E-B, SAN ANTONIO, TX:  BBQ w/ Chicken Slices in Sauce Dog Food packed in 5.5 oz cans, UPC 4122005169 with Best By/Date Codes:  Nov/08/09 to Mar/07/10","Approximately 464,565 cases of pet food were distributed","Menu Foods is recalling cuts and gravy style and select other products which do not include ChemNutra wheat gluten but were manufactured at any of Menu Foods' plants during the period that ChemNutra wheat gluten was used due to the possibility of cross-contamination. Menu Foods has received a report from a customer and has received study results, both of which indicate cross-contamination.","05/02/2007","N/A","04/10/2012","","N/A"
"Veterinary","No","","37940","Terminated","Menu Foods Midwest Corp","1400 E Logan Ave","PO Box 1046","Emporia","KS","	66801-6822","United States","N/A","N/A","Affected product was distributed throughout the United States and to consignees in Mexico and Canada.","V-227-2007","Class III","HILL COUNTRY FARE = DISTRIBUTED BY H-E-B, SAN ANTONIO, TX:  Chicken Slices in Gravy Dog Food packed in 5.5 oz cans, UPC 4122068708 with Best By/Date Codes:  Nov/08/09 to Mar/07/10","Approximately 464,565 cases of pet food were distributed","Menu Foods is recalling cuts and gravy style and select other products which do not include ChemNutra wheat gluten but were manufactured at any of Menu Foods' plants during the period that ChemNutra wheat gluten was used due to the possibility of cross-contamination. Menu Foods has received a report from a customer and has received study results, both of which indicate cross-contamination.","05/02/2007","N/A","04/10/2012","","N/A"
"Veterinary","No","","37940","Terminated","Menu Foods Midwest Corp","1400 E Logan Ave","PO Box 1046","Emporia","KS","	66801-6822","United States","N/A","N/A","Affected product was distributed throughout the United States and to consignees in Mexico and Canada.","V-228-2007","Class III","HILL COUNTRY FARE = DISTRIBUTED BY H-E-B, SAN ANTONIO, TX:  Country Stew in Gravy Dog Food packed in 13.2 oz cans, UPC 4122068712, and packed in 22 oz cans, UPC 4122067531 with Best By/Date Codes:  Nov/08/09 to Mar/07/10","Approximately 464,565 cases of pet food were distributed","Menu Foods is recalling cuts and gravy style and select other products which do not include ChemNutra wheat gluten but were manufactured at any of Menu Foods' plants during the period that ChemNutra wheat gluten was used due to the possibility of cross-contamination. Menu Foods has received a report from a customer and has received study results, both of which indicate cross-contamination.","05/02/2007","N/A","04/10/2012","","N/A"
"Veterinary","No","","37940","Terminated","Menu Foods Midwest Corp","1400 E Logan Ave","PO Box 1046","Emporia","KS","	66801-6822","United States","N/A","N/A","Affected product was distributed throughout the United States and to consignees in Mexico and Canada.","V-229-2007","Class III","HILL COUNTRY FARE = DISTRIBUTED BY H-E-B, SAN ANTONIO, TX:  Chicken Cuts in Gravy Dog Food packed in 22 oz cans, UPC 4122068715, with Best By/Date Codes:  Nov/08/09 to Mar/07/10","Approximately 464,565 cases of pet food were distributed","Menu Foods is recalling cuts and gravy style and select other products which do not include ChemNutra wheat gluten but were manufactured at any of Menu Foods' plants during the period that ChemNutra wheat gluten was used due to the possibility of cross-contamination. Menu Foods has received a report from a customer and has received study results, both of which indicate cross-contamination.","05/02/2007","N/A","04/10/2012","","N/A"
"Veterinary","No","","37940","Terminated","Menu Foods Midwest Corp","1400 E Logan Ave","PO Box 1046","Emporia","KS","	66801-6822","United States","N/A","N/A","Affected product was distributed throughout the United States and to consignees in Mexico and Canada.","V-230-2007","Class III","HILL COUNTRY FARE = DISTRIBUTED BY H-E-B, SAN ANTONIO, TX:  Beef Cuts in Gravy Dog Food packed in 22 oz cans, UPC 4122000864, with Best By/Date Codes:  Nov/08/09 to Mar/07/10","Approximately 464,565 cases of pet food were distributed","Menu Foods is recalling cuts and gravy style and select other products which do not include ChemNutra wheat gluten but were manufactured at any of Menu Foods' plants during the period that ChemNutra wheat gluten was used due to the possibility of cross-contamination. Menu Foods has received a report from a customer and has received study results, both of which indicate cross-contamination.","05/02/2007","N/A","04/10/2012","","N/A"
"Veterinary","No","","37940","Terminated","Menu Foods Midwest Corp","1400 E Logan Ave","PO Box 1046","Emporia","KS","	66801-6822","United States","N/A","N/A","Affected product was distributed throughout the United States and to consignees in Mexico and Canada.","V-231-2007","Class III","HILL COUNTRY FARE = DISTRIBUTED BY H-E-B, SAN ANTONIO, TX:  Lamb Cuts & Vegetables in Gravy Dog Food packed in 22 oz cans, UPC 4122067530, with Best By/Date Codes:  Nov/08/09 to Mar/07/10","Approximately 464,565 cases of pet food were distributed","Menu Foods is recalling cuts and gravy style and select other products which do not include ChemNutra wheat gluten but were manufactured at any of Menu Foods' plants during the period that ChemNutra wheat gluten was used due to the possibility of cross-contamination. Menu Foods has received a report from a customer and has received study results, both of which indicate cross-contamination.","05/02/2007","N/A","04/10/2012","","N/A"
"Veterinary","No","","37940","Terminated","Menu Foods Midwest Corp","1400 E Logan Ave","PO Box 1046","Emporia","KS","	66801-6822","United States","N/A","N/A","Affected product was distributed throughout the United States and to consignees in Mexico and Canada.","V-232-2007","Class III","HILL COUNTRY FARE = DISTRIBUTED BY H-E-B, SAN ANTONIO, TX:  BBQ Beef Cuts in Gravy Dog Food packed in 13.2 oz cans, UPC 4122068711, with Best By/Date Codes:  Nov/08/09 to Mar/07/10","Approximately 464,565 cases of pet food were distributed","Menu Foods is recalling cuts and gravy style and select other products which do not include ChemNutra wheat gluten but were manufactured at any of Menu Foods' plants during the period that ChemNutra wheat gluten was used due to the possibility of cross-contamination. Menu Foods has received a report from a customer and has received study results, both of which indicate cross-contamination.","05/02/2007","N/A","04/10/2012","","N/A"
"Veterinary","No","","37940","Terminated","Menu Foods Midwest Corp","1400 E Logan Ave","PO Box 1046","Emporia","KS","	66801-6822","United States","N/A","N/A","Affected product was distributed throughout the United States and to consignees in Mexico and Canada.","V-233-2007","Class III","HILL COUNTRY FARE = DISTRIBUTED BY H-E-B, SAN ANTONIO, TX:  Beef Cuts in Gravy Dog Food packed in 22 oz cans, UPC 4122068532, with Best By/Date Codes:  Nov/08/09 to Mar/07/10","Approximately 464,565 cases of pet food were distributed","Menu Foods is recalling cuts and gravy style and select other products which do not include ChemNutra wheat gluten but were manufactured at any of Menu Foods' plants during the period that ChemNutra wheat gluten was used due to the possibility of cross-contamination. Menu Foods has received a report from a customer and has received study results, both of which indicate cross-contamination.","05/02/2007","N/A","04/10/2012","","N/A"
"Veterinary","No","","37940","Terminated","Menu Foods Midwest Corp","1400 E Logan Ave","PO Box 1046","Emporia","KS","	66801-6822","United States","N/A","N/A","Affected product was distributed throughout the United States and to consignees in Mexico and Canada.","V-234-2007","Class III","HY-VEE = DISTRIBUTED BY HY-VEE, INC., WEST DES MOINES, IA:  Sliced Beef Dinner in Gravy Dog Food packed in 5.5 oz cans, UPC 7545005546 with Best By/Date Codes:  Nov/08/09 to Mar/07/10","Approximately 464,565 cases of pet food were distributed","Menu Foods is recalling cuts and gravy style and select other products which do not include ChemNutra wheat gluten but were manufactured at any of Menu Foods' plants during the period that ChemNutra wheat gluten was used due to the possibility of cross-contamination. Menu Foods has received a report from a customer and has received study results, both of which indicate cross-contamination.","05/02/2007","N/A","04/10/2012","","N/A"
"Veterinary","No","","37940","Terminated","Menu Foods Midwest Corp","1400 E Logan Ave","PO Box 1046","Emporia","KS","	66801-6822","United States","N/A","N/A","Affected product was distributed throughout the United States and to consignees in Mexico and Canada.","V-235-2007","Class III","HY-VEE = DISTRIBUTED BY HY-VEE, INC., WEST DES MOINES, IA:  Sliced Chicken Dinner in Gravy Dog Food packed in 5.5 oz cans, UPC 7545005561 with Best By/Date Codes:  Nov/08/09 to Mar/07/10","Approximately 464,565 cases of pet food were distributed","Menu Foods is recalling cuts and gravy style and select other products which do not include ChemNutra wheat gluten but were manufactured at any of Menu Foods' plants during the period that ChemNutra wheat gluten was used due to the possibility of cross-contamination. Menu Foods has received a report from a customer and has received study results, both of which indicate cross-contamination.","05/02/2007","N/A","04/10/2012","","N/A"
"Veterinary","No","","37940","Terminated","Menu Foods Midwest Corp","1400 E Logan Ave","PO Box 1046","Emporia","KS","	66801-6822","United States","N/A","N/A","Affected product was distributed throughout the United States and to consignees in Mexico and Canada.","V-236-2007","Class III","HY-VEE = DISTRIBUTED BY HY-VEE, INC., WEST DES MOINES, IA:  Chicken Cuts in Gravy Dog Food packed in 13.2 oz cans, UPC 7545005606 with Best By/Date Codes:  Nov/08/09 to Mar/07/10","Approximately 464,565 cases of pet food were distributed","Menu Foods is recalling cuts and gravy style and select other products which do not include ChemNutra wheat gluten but were manufactured at any of Menu Foods' plants during the period that ChemNutra wheat gluten was used due to the possibility of cross-contamination. Menu Foods has received a report from a customer and has received study results, both of which indicate cross-contamination.","05/02/2007","N/A","04/10/2012","","N/A"
"Veterinary","No","","37940","Terminated","Menu Foods Midwest Corp","1400 E Logan Ave","PO Box 1046","Emporia","KS","	66801-6822","United States","N/A","N/A","Affected product was distributed throughout the United States and to consignees in Mexico and Canada.","V-237-2007","Class III","HY-VEE = DISTRIBUTED BY HY-VEE, INC., WEST DES MOINES, IA:  Beef & Liver Cuts in Gravy Dog Food packed in 13.2 oz cans, UPC 7545005604, and 22 oz cans, UPC 7545005611, with Best By/Date Codes:  Nov/08/09 to Mar/07/10","Approximately 464,565 cases of pet food were distributed","Menu Foods is recalling cuts and gravy style and select other products which do not include ChemNutra wheat gluten but were manufactured at any of Menu Foods' plants during the period that ChemNutra wheat gluten was used due to the possibility of cross-contamination. Menu Foods has received a report from a customer and has received study results, both of which indicate cross-contamination.","05/02/2007","N/A","04/10/2012","","N/A"
"Veterinary","No","","37940","Terminated","Menu Foods Midwest Corp","1400 E Logan Ave","PO Box 1046","Emporia","KS","	66801-6822","United States","N/A","N/A","Affected product was distributed throughout the United States and to consignees in Mexico and Canada.","V-238-2007","Class III","HY-VEE = DISTRIBUTED BY HY-VEE, INC., WEST DES MOINES, IA:  Stew Cuts in Gravy Dog Food packed in 13.2 oz cans, UPC 7545005572 with Best By/Date Codes:  Nov/08/09 to Mar/07/10","Approximately 464,565 cases of pet food were distributed","Menu Foods is recalling cuts and gravy style and select other products which do not include ChemNutra wheat gluten but were manufactured at any of Menu Foods' plants during the period that ChemNutra wheat gluten was used due to the possibility of cross-contamination. Menu Foods has received a report from a customer and has received study results, both of which indicate cross-contamination.","05/02/2007","N/A","04/10/2012","","N/A"
"Veterinary","No","","37940","Terminated","Menu Foods Midwest Corp","1400 E Logan Ave","PO Box 1046","Emporia","KS","	66801-6822","United States","N/A","N/A","Affected product was distributed throughout the United States and to consignees in Mexico and Canada.","V-239-2007","Class III","HY-VEE = DISTRIBUTED BY HY-VEE, INC., WEST DES MOINES, IA:  Beef Cuts in Gravy Dog Food packed in 22 oz cans, UPC 7545005608 with Best By/Date Codes:  Nov/08/09 to Mar/07/10","Approximately 464,565 cases of pet food were distributed","Menu Foods is recalling cuts and gravy style and select other products which do not include ChemNutra wheat gluten but were manufactured at any of Menu Foods' plants during the period that ChemNutra wheat gluten was used due to the possibility of cross-contamination. Menu Foods has received a report from a customer and has received study results, both of which indicate cross-contamination.","05/02/2007","N/A","04/10/2012","","N/A"
"Veterinary","No","","37940","Terminated","Menu Foods Midwest Corp","1400 E Logan Ave","PO Box 1046","Emporia","KS","	66801-6822","United States","N/A","N/A","Affected product was distributed throughout the United States and to consignees in Mexico and Canada.","V-240-2007","Class III","LAGRIFFE = PREPARED FOR BRISKA, OTTAWA, ONTARIO:  Chicken Cuts in Gravy Dog Food packed in 624 gm cans, UPC 5974939662 with Best By/Date Codes:  Dec/11/09 to Mar/07/10","Approximately 464,565 cases of pet food were distributed","Menu Foods is recalling cuts and gravy style and select other products which do not include ChemNutra wheat gluten but were manufactured at any of Menu Foods' plants during the period that ChemNutra wheat gluten was used due to the possibility of cross-contamination. Menu Foods has received a report from a customer and has received study results, both of which indicate cross-contamination.","05/02/2007","N/A","04/10/2012","","N/A"
"Veterinary","No","","37940","Terminated","Menu Foods Midwest Corp","1400 E Logan Ave","PO Box 1046","Emporia","KS","	66801-6822","United States","N/A","N/A","Affected product was distributed throughout the United States and to consignees in Mexico and Canada.","V-241-12007","Class III","LAGRIFFE = PREPARED FOR BRISKA, OTTAWA, ONTARIO:  Beef Cuts in Gravy Dog Food packed in 624 gm cans, UPC 5974939654 with Best By/Date Codes:  Dec/06/09 to Jan/24/10","Approximately 464,565 cases of pet food were distributed","Menu Foods is recalling cuts and gravy style and select other products which do not include ChemNutra wheat gluten but were manufactured at any of Menu Foods' plants during the period that ChemNutra wheat gluten was used due to the possibility of cross-contamination. Menu Foods has received a report from a customer and has received study results, both of which indicate cross-contamination.","05/02/2007","N/A","04/10/2012","","N/A"
"Veterinary","No","","37940","Terminated","Menu Foods Midwest Corp","1400 E Logan Ave","PO Box 1046","Emporia","KS","	66801-6822","United States","N/A","N/A","Affected product was distributed throughout the United States and to consignees in Mexico and Canada.","V-242-2007","Class III","MASTER CHOICE = PREPARED FOR THE GREAT ATLANTIC & PACIFIC COMPANY OF CANADA LTD, TORONTO, CANADA:  Chicken Cuts in Gravy Dog Food packed in 374 gm cans, UPC 6920045163 with Best By/Date Codes:  Dec/11/09 to Mar/07/10; and 624 gm cans, UPC 6920045185, with Best By/Date Codes:  Dec/06/09 to Jan/24/10","Approximately 464,565 cases of pet food were distributed","Menu Foods is recalling cuts and gravy style and select other products which do not include ChemNutra wheat gluten but were manufactured at any of Menu Foods' plants during the period that ChemNutra wheat gluten was used due to the possibility of cross-contamination. Menu Foods has received a report from a customer and has received study results, both of which indicate cross-contamination.","05/02/2007","N/A","04/10/2012","","N/A"
"Veterinary","No","","37940","Terminated","Menu Foods Midwest Corp","1400 E Logan Ave","PO Box 1046","Emporia","KS","	66801-6822","United States","N/A","N/A","Affected product was distributed throughout the United States and to consignees in Mexico and Canada.","V-243-2007","Class III","MASTER CHOICE = PREPARED FOR THE GREAT ATLANTIC & PACIFIC COMPANY OF CANADA LTD, TORONTO, CANADA:  Beef Cuts in Gravy Dog Food packed 624 gm cans, UPC 6920045182, with Best By/Date Codes:  Dec/06/09 to Jan/24/10","Approximately 464,565 cases of pet food were distributed","Menu Foods is recalling cuts and gravy style and select other products which do not include ChemNutra wheat gluten but were manufactured at any of Menu Foods' plants during the period that ChemNutra wheat gluten was used due to the possibility of cross-contamination. Menu Foods has received a report from a customer and has received study results, both of which indicate cross-contamination.","05/02/2007","N/A","04/10/2012","","N/A"
"Veterinary","No","","37940","Terminated","Menu Foods Midwest Corp","1400 E Logan Ave","PO Box 1046","Emporia","KS","	66801-6822","United States","N/A","N/A","Affected product was distributed throughout the United States and to consignees in Mexico and Canada.","V-244-2007","Class III","MASTER CHOICE = PREPARED FOR THE GREAT ATLANTIC & PACIFIC COMPANY OF CANADA LTD, TORONTO, CANADA:  Country Stew Cuts in Gravy Dog Food packed 624 gm cans, UPC 6920045187, with Best By/Date Codes:  Dec/06/09 to Jan/24/10","Approximately 464,565 cases of pet food were distributed","Menu Foods is recalling cuts and gravy style and select other products which do not include ChemNutra wheat gluten but were manufactured at any of Menu Foods' plants during the period that ChemNutra wheat gluten was used due to the possibility of cross-contamination. Menu Foods has received a report from a customer and has received study results, both of which indicate cross-contamination.","05/02/2007","N/A","04/10/2012","","N/A"
"Veterinary","No","","37940","Terminated","Menu Foods Midwest Corp","1400 E Logan Ave","PO Box 1046","Emporia","KS","	66801-6822","United States","N/A","N/A","Affected product was distributed throughout the United States and to consignees in Mexico and Canada.","V-245-2007","Class III","NATURAL LIFE = DISTRIBUTED BY NATURAL LIFE PRODUCTS, PITTSBURG, KS:  Adult Lamaderm Dog Food packed in 13.2 oz cans, UPC 1234406144, with Best By/Date Codes:  Nov/08/09 to Mar/07/10","Approximately 464,565 cases of pet food were distributed","Menu Foods is recalling cuts and gravy style and select other products which do not include ChemNutra wheat gluten but were manufactured at any of Menu Foods' plants during the period that ChemNutra wheat gluten was used due to the possibility of cross-contamination. Menu Foods has received a report from a customer and has received study results, both of which indicate cross-contamination.","05/02/2007","N/A","04/10/2012","","N/A"
"Veterinary","No","","37940","Terminated","Menu Foods Midwest Corp","1400 E Logan Ave","PO Box 1046","Emporia","KS","	66801-6822","United States","N/A","N/A","Affected product was distributed throughout the United States and to consignees in Mexico and Canada.","V-246-2007","Class III","NATURAL LIFE = DISTRIBUTED BY NATURAL LIFE PRODUCTS, PITTSBURG, KS:  Puppy Complete Dog Food packed in 13.2 oz cans, UPC 1234401114, with Best By/Date Codes:  Nov/08/09 to Mar/07/10","Approximately 464,565 cases of pet food were distributed","Menu Foods is recalling cuts and gravy style and select other products which do not include ChemNutra wheat gluten but were manufactured at any of Menu Foods' plants during the period that ChemNutra wheat gluten was used due to the possibility of cross-contamination. Menu Foods has received a report from a customer and has received study results, both of which indicate cross-contamination.","05/02/2007","N/A","04/10/2012","","N/A"
"Veterinary","No","","37940","Terminated","Menu Foods Midwest Corp","1400 E Logan Ave","PO Box 1046","Emporia","KS","	66801-6822","United States","N/A","N/A","Affected product was distributed throughout the United States and to consignees in Mexico and Canada.","V-247-2007","Class III","NUPET = DISTRIBUTED BY SUPER STORE INDUSTRIES, LATHROP, CA:  Chicken Cuts in Gravy Dog Food packed in 5.5 oz cans, UPC 1754413153, and 22 oz cans, UPC 7175441315, with Best By/Date Codes:  Nov/08/09 to Mar/07/10","Approximately 464,565 cases of pet food were distributed","Menu Foods is recalling cuts and gravy style and select other products which do not include ChemNutra wheat gluten but were manufactured at any of Menu Foods' plants during the period that ChemNutra wheat gluten was used due to the possibility of cross-contamination. Menu Foods has received a report from a customer and has received study results, both of which indicate cross-contamination.","05/02/2007","N/A","04/10/2012","","N/A"
"Veterinary","No","","37940","Terminated","Menu Foods Midwest Corp","1400 E Logan Ave","PO Box 1046","Emporia","KS","	66801-6822","United States","N/A","N/A","Affected product was distributed throughout the United States and to consignees in Mexico and Canada.","V-248-2007","Class III","NUPET = DISTRIBUTED BY SUPER STORE INDUSTRIES, LATHROP, CA:  Beef Cuts in Gravy Dog Food packed in 22 oz cans, UPC 175412499, with Best By/Date Codes:  Nov/08/09 to Mar/07/10","Approximately 464,565 cases of pet food were distributed","Menu Foods is recalling cuts and gravy style and select other products which do not include ChemNutra wheat gluten but were manufactured at any of Menu Foods' plants during the period that ChemNutra wheat gluten was used due to the possibility of cross-contamination. Menu Foods has received a report from a customer and has received study results, both of which indicate cross-contamination.","05/02/2007","N/A","04/10/2012","","N/A"
"Veterinary","No","","37940","Terminated","Menu Foods Midwest Corp","1400 E Logan Ave","PO Box 1046","Emporia","KS","	66801-6822","United States","N/A","N/A","Affected product was distributed throughout the United States and to consignees in Mexico and Canada.","V-249-2007","Class III","NUPET = DISTRIBUTED BY SUPER STORE INDUSTRIES, LATHROP, CA:  Country Stew Cuts in Gravy Dog Food packed in 22 oz cans, UPC 1754412501, with Best By/Date Codes:  Nov/08/09 to Mar/07/10","Approximately 464,565 cases of pet food were distributed","Menu Foods is recalling cuts and gravy style and select other products which do not include ChemNutra wheat gluten but were manufactured at any of Menu Foods' plants during the period that ChemNutra wheat gluten was used due to the possibility of cross-contamination. Menu Foods has received a report from a customer and has received study results, both of which indicate cross-contamination.","05/02/2007","N/A","04/10/2012","","N/A"
"Veterinary","No","","37940","Terminated","Menu Foods Midwest Corp","1400 E Logan Ave","PO Box 1046","Emporia","KS","	66801-6822","United States","N/A","N/A","Affected product was distributed throughout the United States and to consignees in Mexico and Canada.","V-250-2007","Class III","NUPET = DISTRIBUTED BY SUPER STORE INDUSTRIES, LATHROP, CA:  Lamb Cuts & Vegetables in Gravy Dog Food packed in 22 oz cans, UPC 1754412922, with Best By/Date Codes:  Nov/08/09 to Mar/07/10","Approximately 464,565 cases of pet food were distributed","Menu Foods is recalling cuts and gravy style and select other products which do not include ChemNutra wheat gluten but were manufactured at any of Menu Foods' plants during the period that ChemNutra wheat gluten was used due to the possibility of cross-contamination. Menu Foods has received a report from a customer and has received study results, both of which indicate cross-contamination.","05/02/2007","N/A","04/10/2012","","N/A"
"Veterinary","No","","37940","Terminated","Menu Foods Midwest Corp","1400 E Logan Ave","PO Box 1046","Emporia","KS","	66801-6822","United States","N/A","N/A","Affected product was distributed throughout the United States and to consignees in Mexico and Canada.","V-251-2007","Class III","OL  ROY CANADA = PREPARED FOR WAL-MART CANADA INC., MISSISSAUGA, ONTARIO:  Chicken Cuts in Gravy Dog Food packed in 374 gm cans, UPC 7874251411 & Value Pack UPC 7874252011; and packed in 624 gm cans, UPC 7874251388, with Best By/Date Codes:  Dec/11/09 to Mar/07/10","Approximately 464,565 cases of pet food were distributed","Menu Foods is recalling cuts and gravy style and select other products which do not include ChemNutra wheat gluten but were manufactured at any of Menu Foods' plants during the period that ChemNutra wheat gluten was used due to the possibility of cross-contamination. Menu Foods has received a report from a customer and has received study results, both of which indicate cross-contamination.","05/02/2007","N/A","04/10/2012","","N/A"
"Veterinary","No","","37940","Terminated","Menu Foods Midwest Corp","1400 E Logan Ave","PO Box 1046","Emporia","KS","	66801-6822","United States","N/A","N/A","Affected product was distributed throughout the United States and to consignees in Mexico and Canada.","V-252-2007","Class III","OL  ROY CANADA = PREPARED FOR WAL-MART CANADA INC., MISSISSAUGA, ONTARIO:  Beef Cuts in Gravy Dog Food packed in 374 gm cans, UPC 7874251403 & Value Pack UPC 7874252019, with Best By/Date Codes:  Dec/11/09 to Mar/07/10; and packed in 624 gm cans, UPC 7874251435, with Best By/Date Codes:  Dec/06/09 to Jan/24/10","Approximately 464,565 cases of pet food were distributed","Menu Foods is recalling cuts and gravy style and select other products which do not include ChemNutra wheat gluten but were manufactured at any of Menu Foods' plants during the period that ChemNutra wheat gluten was used due to the possibility of cross-contamination. Menu Foods has received a report from a customer and has received study results, both of which indicate cross-contamination.","05/02/2007","N/A","04/10/2012","","N/A"
"Veterinary","No","","37940","Terminated","Menu Foods Midwest Corp","1400 E Logan Ave","PO Box 1046","Emporia","KS","	66801-6822","United States","N/A","N/A","Affected product was distributed throughout the United States and to consignees in Mexico and Canada.","V-253-2007","Class III","OL  ROY CANADA = PREPARED FOR WAL-MART CANADA INC., MISSISSAUGA, ONTARIO:  Country Stew Cuts in Gravy Dog Food packed in 374 gm cans, UPC 7874264516, with Best By/Date Codes:  Dec/11/09 to Mar/07/10; and packed in 624 gm cans, UPC 7874264520, with Best By/Date Codes:  Dec/06/09 to Jan/24/10","Approximately 464,565 cases of pet food were distributed","Menu Foods is recalling cuts and gravy style and select other products which do not include ChemNutra wheat gluten but were manufactured at any of Menu Foods' plants during the period that ChemNutra wheat gluten was used due to the possibility of cross-contamination. Menu Foods has received a report from a customer and has received study results, both of which indicate cross-contamination.","05/02/2007","N/A","04/10/2012","","N/A"
"Veterinary","No","","37940","Terminated","Menu Foods Midwest Corp","1400 E Logan Ave","PO Box 1046","Emporia","KS","	66801-6822","United States","N/A","N/A","Affected product was distributed throughout the United States and to consignees in Mexico and Canada.","V-254-2007","Class III","OL  ROY CANADA = PREPARED FOR WAL-MART CANADA INC., MISSISSAUGA, ONTARIO:  Beef & Liver Cuts in Gravy Dog Food packed in 374 gm cans, UPC 7874264515 with Best By/Date Codes:  Dec/11/09 to Mar/07/10; and packed in 624 gm cans, UPC 7874264519, with Best By/Date Codes:  Dec/06/09 to Jan/24/10","Approximately 464,565 cases of pet food were distributed","Menu Foods is recalling cuts and gravy style and select other products which do not include ChemNutra wheat gluten but were manufactured at any of Menu Foods' plants during the period that ChemNutra wheat gluten was used due to the possibility of cross-contamination. Menu Foods has received a report from a customer and has received study results, both of which indicate cross-contamination.","05/02/2007","N/A","04/10/2012","","N/A"
"Veterinary","No","","37940","Terminated","Menu Foods Midwest Corp","1400 E Logan Ave","PO Box 1046","Emporia","KS","	66801-6822","United States","N/A","N/A","Affected product was distributed throughout the United States and to consignees in Mexico and Canada.","V-255-2007","Class III","OL  ROY CANADA = PREPARED FOR WAL-MART CANADA INC., MISSISSAUGA, ONTARIO:  Beef, Bacon & Cheese Cuts in Gravy Dog Food packed in 624 gm cans, UPC 7874251433, with Best By/Date Codes:  Dec/06/09 to Jan/24/10","Approximately 464,565 cases of pet food were distributed","Menu Foods is recalling cuts and gravy style and select other products which do not include ChemNutra wheat gluten but were manufactured at any of Menu Foods' plants during the period that ChemNutra wheat gluten was used due to the possibility of cross-contamination. Menu Foods has received a report from a customer and has received study results, both of which indicate cross-contamination.","05/02/2007","N/A","04/10/2012","","N/A"
"Veterinary","No","","37940","Terminated","Menu Foods Midwest Corp","1400 E Logan Ave","PO Box 1046","Emporia","KS","	66801-6822","United States","N/A","N/A","Affected product was distributed throughout the United States and to consignees in Mexico and Canada.","V-256-2007","Class III","OL  ROY CANADA = PREPARED FOR WAL-MART CANADA INC., MISSISSAUGA, ONTARIO:  Beef Cuts & Barley in Gravy Dog Food packed in 624 gm cans, UPC 7874251425, with Best By/Date Codes:  Dec/06/09 to Jan/24/10","Approximately 464,565 cases of pet food were distributed","Menu Foods is recalling cuts and gravy style and select other products which do not include ChemNutra wheat gluten but were manufactured at any of Menu Foods' plants during the period that ChemNutra wheat gluten was used due to the possibility of cross-contamination. Menu Foods has received a report from a customer and has received study results, both of which indicate cross-contamination.","05/02/2007","N/A","04/10/2012","","N/A"
"Veterinary","No","","37940","Terminated","Menu Foods Midwest Corp","1400 E Logan Ave","PO Box 1046","Emporia","KS","	66801-6822","United States","N/A","N/A","Affected product was distributed throughout the United States and to consignees in Mexico and Canada.","V-257-2007","Class III","OL  ROY CANADA = PREPARED FOR WAL-MART CANADA INC., MISSISSAUGA, ONTARIO:  Lamb & Vegetable Cuts in Gravy Dog Food packed in 624 gm cans, UPC 7874252132, with Best By/Date Codes:  Dec/11/09 to Mar/07/10","Approximately 464,565 cases of pet food were distributed","Menu Foods is recalling cuts and gravy style and select other products which do not include ChemNutra wheat gluten but were manufactured at any of Menu Foods' plants during the period that ChemNutra wheat gluten was used due to the possibility of cross-contamination. Menu Foods has received a report from a customer and has received study results, both of which indicate cross-contamination.","05/02/2007","N/A","04/10/2012","","N/A"
"Veterinary","No","","37940","Terminated","Menu Foods Midwest Corp","1400 E Logan Ave","PO Box 1046","Emporia","KS","	66801-6822","United States","N/A","N/A","Affected product was distributed throughout the United States and to consignees in Mexico and Canada.","V-258-2008","Class III","PERFORMATRIN ULTRA = MANUFACTURED FOR PETON DISTRIBUTORS INC., LANGHORNE, PA:  Chicken & Wild Rice Stew Dog Food, packed in 374 gm cans, UPC 7819801776, with Best By/Date Codes:  Dec/06/08 to Jan/24/09","Approximately 464,565 cases of pet food were distributed","Menu Foods is recalling cuts and gravy style and select other products which do not include ChemNutra wheat gluten but were manufactured at any of Menu Foods' plants during the period that ChemNutra wheat gluten was used due to the possibility of cross-contamination. Menu Foods has received a report from a customer and has received study results, both of which indicate cross-contamination.","05/02/2007","N/A","04/10/2012","","N/A"
"Veterinary","No","","37940","Terminated","Menu Foods Midwest Corp","1400 E Logan Ave","PO Box 1046","Emporia","KS","	66801-6822","United States","N/A","N/A","Affected product was distributed throughout the United States and to consignees in Mexico and Canada.","V-259-2007","Class III","PERFORMATRIN ULTRA = MANUFACTURED FOR PETON DISTRIBUTORS INC., LANGHORNE, PA:  Lamb & Wild Rice Stew Dog Food, packed in 374 gm cans, UPC 7819801775, with Best By/Date Codes:  Dec/06/08 to Jan/24/09","Approximately 464,565 cases of pet food were distributed","Menu Foods is recalling cuts and gravy style and select other products which do not include ChemNutra wheat gluten but were manufactured at any of Menu Foods' plants during the period that ChemNutra wheat gluten was used due to the possibility of cross-contamination. Menu Foods has received a report from a customer and has received study results, both of which indicate cross-contamination.","05/02/2007","N/A","04/10/2012","","N/A"
"Veterinary","No","","37940","Terminated","Menu Foods Midwest Corp","1400 E Logan Ave","PO Box 1046","Emporia","KS","	66801-6822","United States","N/A","N/A","Affected product was distributed throughout the United States and to consignees in Mexico and Canada.","V-260-2007","Class III","PET PRIDE = DISTRIBUTED BY INTER-AMERICAN PRODUCTS, CINCINNATI, OH:  Sliced Beef Dinner in Gravy Dog Food, packed in 5.5 oz cans, UPC 1111086025, with Best By/Date Codes:  Nov/08/09 to Mar/07/10","Approximately 464,565 cases of pet food were distributed","Menu Foods is recalling cuts and gravy style and select other products which do not include ChemNutra wheat gluten but were manufactured at any of Menu Foods' plants during the period that ChemNutra wheat gluten was used due to the possibility of cross-contamination. Menu Foods has received a report from a customer and has received study results, both of which indicate cross-contamination.","05/02/2007","N/A","04/10/2012","","N/A"
"Veterinary","No","","37940","Terminated","Menu Foods Midwest Corp","1400 E Logan Ave","PO Box 1046","Emporia","KS","	66801-6822","United States","N/A","N/A","Affected product was distributed throughout the United States and to consignees in Mexico and Canada.","V-261-2007","Class III","PET PRIDE = DISTRIBUTED BY INTER-AMERICAN PRODUCTS, CINCINNATI, OH:  Beef & Liver Cuts in Gravy Dog Food, packed in 22 oz cans, UPC 1111086232, with Best By/Date Codes:  Nov/08/09 to Mar/07/10","Approximately 464,565 cases of pet food were distributed","Menu Foods is recalling cuts and gravy style and select other products which do not include ChemNutra wheat gluten but were manufactured at any of Menu Foods' plants during the period that ChemNutra wheat gluten was used due to the possibility of cross-contamination. Menu Foods has received a report from a customer and has received study results, both of which indicate cross-contamination.","05/02/2007","N/A","04/10/2012","","N/A"
"Veterinary","No","","37940","Terminated","Menu Foods Midwest Corp","1400 E Logan Ave","PO Box 1046","Emporia","KS","	66801-6822","United States","N/A","N/A","Affected product was distributed throughout the United States and to consignees in Mexico and Canada.","V-262-2007","Class III","PRESIDENT S CHOICE = PREPARED FOR LOBLAWS, INC., TORONTO, CANADA:  Beef Cuts in Gravy Dog Food packed in 156 gm cans, UPC 6038364168, with Best By/Date Codes:  Dec/06/09 to Mar/07/10; 374 gm cans, UPC 6038337457; and 624 gm cans, UPC 6038337456, with Best By/Date Codes:  Dec/11/09 to Mar/07/10","Approximately 464,565 cases of pet food were distributed","Menu Foods is recalling cuts and gravy style and select other products which do not include ChemNutra wheat gluten but were manufactured at any of Menu Foods' plants during the period that ChemNutra wheat gluten was used due to the possibility of cross-contamination. Menu Foods has received a report from a customer and has received study results, both of which indicate cross-contamination.","05/02/2007","N/A","04/10/2012","","N/A"
"Veterinary","No","","37940","Terminated","Menu Foods Midwest Corp","1400 E Logan Ave","PO Box 1046","Emporia","KS","	66801-6822","United States","N/A","N/A","Affected product was distributed throughout the United States and to consignees in Mexico and Canada.","V-263-2007","Class III","PRESIDENT S CHOICE = PREPARED FOR LOBLAWS, INC., TORONTO, CANADA:  Chicken Cuts in Gravy Dog Food packed in 156 gm cans, UPC 6038364167; 374 gm cans, UPC 6038337459; and 624 gm cans, UPC 6038337458, with Best By/Date Codes:  Dec/11/09 to Mar/07/10","Approximately 464,565 cases of pet food were distributed","Menu Foods is recalling cuts and gravy style and select other products which do not include ChemNutra wheat gluten but were manufactured at any of Menu Foods' plants during the period that ChemNutra wheat gluten was used due to the possibility of cross-contamination. Menu Foods has received a report from a customer and has received study results, both of which indicate cross-contamination.","05/02/2007","N/A","04/10/2012","","N/A"
"Veterinary","No","","37940","Terminated","Menu Foods Midwest Corp","1400 E Logan Ave","PO Box 1046","Emporia","KS","	66801-6822","United States","N/A","N/A","Affected product was distributed throughout the United States and to consignees in Mexico and Canada.","V-264-2007","Class III","PRESIDENT S CHOICE = PREPARED FOR LOBLAWS, INC., TORONTO, CANADA:  Chicken and Veal Cuts in Gravy Dog Food packed in 624 gm cans, UPC 6038368762, with Best By/Date Codes:  Dec/6/09 to Jan/24/10","Approximately 464,565 cases of pet food were distributed","Menu Foods is recalling cuts and gravy style and select other products which do not include ChemNutra wheat gluten but were manufactured at any of Menu Foods' plants during the period that ChemNutra wheat gluten was used due to the possibility of cross-contamination. Menu Foods has received a report from a customer and has received study results, both of which indicate cross-contamination.","05/02/2007","N/A","04/10/2012","","N/A"
"Veterinary","No","","37940","Terminated","Menu Foods Midwest Corp","1400 E Logan Ave","PO Box 1046","Emporia","KS","	66801-6822","United States","N/A","N/A","Affected product was distributed throughout the United States and to consignees in Mexico and Canada.","V-265-2007","Class III","PRESIDENT S CHOICE = PREPARED FOR LOBLAWS, INC., TORONTO, CANADA:  Beef Stew Cuts in Gravy Dog Food packed in 624 gm cans, UPC 6038365895, with Best By/Date Codes:  Dec/11/09 to Mar/07/10","Approximately 464,565 cases of pet food were distributed","Menu Foods is recalling cuts and gravy style and select other products which do not include ChemNutra wheat gluten but were manufactured at any of Menu Foods' plants during the period that ChemNutra wheat gluten was used due to the possibility of cross-contamination. Menu Foods has received a report from a customer and has received study results, both of which indicate cross-contamination.","05/02/2007","N/A","04/10/2012","","N/A"
"Veterinary","No","","37940","Terminated","Menu Foods Midwest Corp","1400 E Logan Ave","PO Box 1046","Emporia","KS","	66801-6822","United States","N/A","N/A","Affected product was distributed throughout the United States and to consignees in Mexico and Canada.","V-266-2007","Class III","PRESIDENT S CHOICE = PREPARED FOR LOBLAWS, INC., TORONTO, CANADA:  Beef Cuts w/ Bacon & Cheese in Gravy Dog Food packed in 624 gm cans, UPC 6038367619, with Best By/Date Codes:  Dec/11/09 to Mar/07/10","Approximately 464,565 cases of pet food were distributed","Menu Foods is recalling cuts and gravy style and select other products which do not include ChemNutra wheat gluten but were manufactured at any of Menu Foods' plants during the period that ChemNutra wheat gluten was used due to the possibility of cross-contamination. Menu Foods has received a report from a customer and has received study results, both of which indicate cross-contamination.","05/02/2007","N/A","04/10/2012","","N/A"
"Veterinary","No","","37940","Terminated","Menu Foods Midwest Corp","1400 E Logan Ave","PO Box 1046","Emporia","KS","	66801-6822","United States","N/A","N/A","Affected product was distributed throughout the United States and to consignees in Mexico and Canada.","V-267-2007","Class III","PRESIDENT S CHOICE = PREPARED FOR LOBLAWS, INC., TORONTO, CANADA:  Beef Cuts w/ Barley in Gravy Dog Food packed in 624 gm cans, UPC 6038367620, with Best By/Date Codes:  Dec/11/09 to Mar/07/10","Approximately 464,565 cases of pet food were distributed","Menu Foods is recalling cuts and gravy style and select other products which do not include ChemNutra wheat gluten but were manufactured at any of Menu Foods' plants during the period that ChemNutra wheat gluten was used due to the possibility of cross-contamination. Menu Foods has received a report from a customer and has received study results, both of which indicate cross-contamination.","05/02/2007","N/A","04/10/2012","","N/A"
"Veterinary","No","","37940","Terminated","Menu Foods Midwest Corp","1400 E Logan Ave","PO Box 1046","Emporia","KS","	66801-6822","United States","N/A","N/A","Affected product was distributed throughout the United States and to consignees in Mexico and Canada.","V-268-2007","Class III","PRESIDENT S CHOICE = PREPARED FOR LOBLAWS, INC., TORONTO, CANADA:  Beef & Chicken Cuts in Gravy Dog Food packed in 624 gm cans, UPC 6038367618, with Best By/Date Codes:  Dec/11/09 to Mar/07/10","Approximately 464,565 cases of pet food were distributed","Menu Foods is recalling cuts and gravy style and select other products which do not include ChemNutra wheat gluten but were manufactured at any of Menu Foods' plants during the period that ChemNutra wheat gluten was used due to the possibility of cross-contamination. Menu Foods has received a report from a customer and has received study results, both of which indicate cross-contamination.","05/02/2007","N/A","04/10/2012","","N/A"
"Veterinary","No","","37940","Terminated","Menu Foods Midwest Corp","1400 E Logan Ave","PO Box 1046","Emporia","KS","	66801-6822","United States","N/A","N/A","Affected product was distributed throughout the United States and to consignees in Mexico and Canada.","V-269-2007","Class III","PRIORITY = DISTRIBUTED BY SAFEWAY INC., PLEASANTON, CA:  Beef Cuts in Gravy Dog Food packed in 22 oz cans, UPC 2113042017, with Best By/Date Codes:  Nov/08/09 to Mar/07/10","Approximately 464,565 cases of pet food were distributed","Menu Foods is recalling cuts and gravy style and select other products which do not include ChemNutra wheat gluten but were manufactured at any of Menu Foods' plants during the period that ChemNutra wheat gluten was used due to the possibility of cross-contamination. Menu Foods has received a report from a customer and has received study results, both of which indicate cross-contamination.","05/02/2007","N/A","04/10/2012","","N/A"
"Veterinary","No","","37940","Terminated","Menu Foods Midwest Corp","1400 E Logan Ave","PO Box 1046","Emporia","KS","	66801-6822","United States","N/A","N/A","Affected product was distributed throughout the United States and to consignees in Mexico and Canada.","V-270-2007","Class III","PRIORITY = DISTRIBUTED BY SAFEWAY INC., PLEASANTON, CA:  Chicken Cuts in Gravy Dog Food packed in 5.5 oz cans, UPC 2113042007, with Best By/Date Codes:  Nov/08/09 to Mar/07/10","Approximately 464,565 cases of pet food were distributed","Menu Foods is recalling cuts and gravy style and select other products which do not include ChemNutra wheat gluten but were manufactured at any of Menu Foods' plants during the period that ChemNutra wheat gluten was used due to the possibility of cross-contamination. Menu Foods has received a report from a customer and has received study results, both of which indicate cross-contamination.","05/02/2007","N/A","04/10/2012","","N/A"
"Veterinary","No","","37940","Terminated","Menu Foods Midwest Corp","1400 E Logan Ave","PO Box 1046","Emporia","KS","	66801-6822","United States","N/A","N/A","Affected product was distributed throughout the United States and to consignees in Mexico and Canada.","V-271-2007","Class III","SCHNUCKS = DISTRIBUTED BY SCHUCKS MARKETS INC., ST. LOUIS, MO:  Sliced Turkey in Gravy Dog Food packed in 5.5 oz cans, UPC 4131807108, with Best By/Date Codes:  Nov/08/09 to Mar/07/10","Approximately 464,565 cases of pet food were distributed","Menu Foods is recalling cuts and gravy style and select other products which do not include ChemNutra wheat gluten but were manufactured at any of Menu Foods' plants during the period that ChemNutra wheat gluten was used due to the possibility of cross-contamination. Menu Foods has received a report from a customer and has received study results, both of which indicate cross-contamination.","05/02/2007","N/A","04/10/2012","","N/A"
"Veterinary","No","","37940","Terminated","Menu Foods Midwest Corp","1400 E Logan Ave","PO Box 1046","Emporia","KS","	66801-6822","United States","N/A","N/A","Affected product was distributed throughout the United States and to consignees in Mexico and Canada.","V-272-2007","Class III","SCHNUCKS = DISTRIBUTED BY SCHUCKS MARKETS INC., ST. LOUIS, MO:  Chicken Cuts in Gravy Dog Food packed in 13.2 oz cans, UPC 4131807121, with Best By/Date Codes:  Nov/08/09 to Mar/07/10","Approximately 464,565 cases of pet food were distributed","Menu Foods is recalling cuts and gravy style and select other products which do not include ChemNutra wheat gluten but were manufactured at any of Menu Foods' plants during the period that ChemNutra wheat gluten was used due to the possibility of cross-contamination. Menu Foods has received a report from a customer and has received study results, both of which indicate cross-contamination.","05/02/2007","N/A","04/10/2012","","N/A"
"Veterinary","No","","37940","Terminated","Menu Foods Midwest Corp","1400 E Logan Ave","PO Box 1046","Emporia","KS","	66801-6822","United States","N/A","N/A","Affected product was distributed throughout the United States and to consignees in Mexico and Canada.","V-273-2007","Class III","SCHNUCKS = DISTRIBUTED BY SCHUCKS MARKETS INC., ST. LOUIS, MO:  Beef & Liver Cuts in Gravy Dog Food packed in 13.2 oz cans, UPC 4131807118, with Best By/Date Codes:  Nov/08/09 to Mar/07/10","Approximately 464,565 cases of pet food were distributed","Menu Foods is recalling cuts and gravy style and select other products which do not include ChemNutra wheat gluten but were manufactured at any of Menu Foods' plants during the period that ChemNutra wheat gluten was used due to the possibility of cross-contamination. Menu Foods has received a report from a customer and has received study results, both of which indicate cross-contamination.","05/02/2007","N/A","04/10/2012","","N/A"
"Veterinary","No","","37940","Terminated","Menu Foods Midwest Corp","1400 E Logan Ave","PO Box 1046","Emporia","KS","	66801-6822","United States","N/A","N/A","Affected product was distributed throughout the United States and to consignees in Mexico and Canada.","V-274-2007","Class III","SCHNUCKS = DISTRIBUTED BY SCHUCKS MARKETS INC., ST. LOUIS, MO:  Country Stew Cuts in Gravy Dog Food packed in 13.2 oz cans, UPC 4131807123, with Best By/Date Codes:  Nov/08/09 to Mar/07/10","Approximately 464,565 cases of pet food were distributed","Menu Foods is recalling cuts and gravy style and select other products which do not include ChemNutra wheat gluten but were manufactured at any of Menu Foods' plants during the period that ChemNutra wheat gluten was used due to the possibility of cross-contamination. Menu Foods has received a report from a customer and has received study results, both of which indicate cross-contamination.","05/02/2007","N/A","04/10/2012","","N/A"
"Veterinary","No","","37940","Terminated","Menu Foods Midwest Corp","1400 E Logan Ave","PO Box 1046","Emporia","KS","	66801-6822","United States","N/A","N/A","Affected product was distributed throughout the United States and to consignees in Mexico and Canada.","V-275-2007","Class III","SCHNUCKS = DISTRIBUTED BY SCHUCKS MARKETS INC., ST. LOUIS, MO:  Beef Cuts in Gravy Dog Food packed in 22 oz cans, UPC 4131807146, with Best By/Date Codes:  Nov/08/09 to Mar/07/10","Approximately 464,565 cases of pet food were distributed","Menu Foods is recalling cuts and gravy style and select other products which do not include ChemNutra wheat gluten but were manufactured at any of Menu Foods' plants during the period that ChemNutra wheat gluten was used due to the possibility of cross-contamination. Menu Foods has received a report from a customer and has received study results, both of which indicate cross-contamination.","05/02/2007","N/A","04/10/2012","","N/A"
"Veterinary","No","","37940","Terminated","Menu Foods Midwest Corp","1400 E Logan Ave","PO Box 1046","Emporia","KS","	66801-6822","United States","N/A","N/A","Affected product was distributed throughout the United States and to consignees in Mexico and Canada.","V-276-2007","Class III","SCHNUCKS = DISTRIBUTED BY SCHUCKS MARKETS INC., ST. LOUIS, MO:  Chopped Beef Dog Food packed in 22 oz cans, UPC 4131807147, with Best By/Date Codes:  Nov/08/09 to Mar/07/10","Approximately 464,565 cases of pet food were distributed","Menu Foods is recalling cuts and gravy style and select other products which do not include ChemNutra wheat gluten but were manufactured at any of Menu Foods' plants during the period that ChemNutra wheat gluten was used due to the possibility of cross-contamination. Menu Foods has received a report from a customer and has received study results, both of which indicate cross-contamination.","05/02/2007","N/A","04/10/2012","","N/A"
"Veterinary","No","","37940","Terminated","Menu Foods Midwest Corp","1400 E Logan Ave","PO Box 1046","Emporia","KS","	66801-6822","United States","N/A","N/A","Affected product was distributed throughout the United States and to consignees in Mexico and Canada.","V-277-2007","Class III","SPRINGFIELD PRIZE = DISTRIBUTED BY UNIFIED WESTERN GROCERS, INC., COMMERCE, CA:  Country Stew Cuts in Gravy Dog Food packed in 13.2 oz cans, UPC 4138013908 and 22 oz cans, UPC 4138013907, with Best By/Date Codes:  Nov/08/09 to Mar/07/10","Approximately 464,565 cases of pet food were distributed","Menu Foods is recalling cuts and gravy style and select other products which do not include ChemNutra wheat gluten but were manufactured at any of Menu Foods' plants during the period that ChemNutra wheat gluten was used due to the possibility of cross-contamination. Menu Foods has received a report from a customer and has received study results, both of which indicate cross-contamination.","05/02/2007","N/A","04/10/2012","","N/A"
"Veterinary","No","","37940","Terminated","Menu Foods Midwest Corp","1400 E Logan Ave","PO Box 1046","Emporia","KS","	66801-6822","United States","N/A","N/A","Affected product was distributed throughout the United States and to consignees in Mexico and Canada.","V-278-2007","Class III","SPRINGFIELD PRIZE = DISTRIBUTED BY UNIFIED WESTERN GROCERS, INC., COMMERCE, CA:  Lamb & Vegetable Cuts in Gravy Dog Food packed in 22 oz cans, UPC 4138013891, with Best By/Date Codes:  Nov/08/09 to Mar/07/10","Approximately 464,565 cases of pet food were distributed","Menu Foods is recalling cuts and gravy style and select other products which do not include ChemNutra wheat gluten but were manufactured at any of Menu Foods' plants during the period that ChemNutra wheat gluten was used due to the possibility of cross-contamination. Menu Foods has received a report from a customer and has received study results, both of which indicate cross-contamination.","05/02/2007","N/A","04/10/2012","","N/A"
"Veterinary","No","","37940","Terminated","Menu Foods Midwest Corp","1400 E Logan Ave","PO Box 1046","Emporia","KS","	66801-6822","United States","N/A","N/A","Affected product was distributed throughout the United States and to consignees in Mexico and Canada.","V-279-2007","Class III","SPRINGFIELD PRIZE = DISTRIBUTED BY UNIFIED WESTERN GROCERS, INC., COMMERCE, CA:  Beef Cuts in Gravy Dog Food packed in 22 oz cans, UPC 4138013890, with Best By/Date Codes:  Nov/08/09 to Mar/07/10","Approximately 464,565 cases of pet food were distributed","Menu Foods is recalling cuts and gravy style and select other products which do not include ChemNutra wheat gluten but were manufactured at any of Menu Foods' plants during the period that ChemNutra wheat gluten was used due to the possibility of cross-contamination. Menu Foods has received a report from a customer and has received study results, both of which indicate cross-contamination.","05/02/2007","N/A","04/10/2012","","N/A"
"Veterinary","No","","37940","Terminated","Menu Foods Midwest Corp","1400 E Logan Ave","PO Box 1046","Emporia","KS","	66801-6822","United States","N/A","N/A","Affected product was distributed throughout the United States and to consignees in Mexico and Canada.","V-280-2007","Class III","SPRINGFIELD PRIZE = DISTRIBUTED BY UNIFIED WESTERN GROCERS, INC., COMMERCE, CA:  Chicken Cuts in Gravy Dog Food packed in 22 oz cans, UPC 4138013904, with Best By/Date Codes:  Nov/08/09 to Mar/07/10","Approximately 464,565 cases of pet food were distributed","Menu Foods is recalling cuts and gravy style and select other products which do not include ChemNutra wheat gluten but were manufactured at any of Menu Foods' plants during the period that ChemNutra wheat gluten was used due to the possibility of cross-contamination. Menu Foods has received a report from a customer and has received study results, both of which indicate cross-contamination.","05/02/2007","N/A","04/10/2012","","N/A"
"Veterinary","No","","37940","Terminated","Menu Foods Midwest Corp","1400 E Logan Ave","PO Box 1046","Emporia","KS","	66801-6822","United States","N/A","N/A","Affected product was distributed throughout the United States and to consignees in Mexico and Canada.","V-281-2007","Class III","SPRINGFIELD PRIZE = DISTRIBUTED BY UNIFIED WESTERN GROCERS, INC., COMMERCE, CA: Sliced Chicken in Gravy Dog Food packed in 5.5 oz cans, UPC 4138014291, with Best By/Date Codes:  Nov/08/09 to Mar/07/10","Approximately 464,565 cases of pet food were distributed","Menu Foods is recalling cuts and gravy style and select other products which do not include ChemNutra wheat gluten but were manufactured at any of Menu Foods' plants during the period that ChemNutra wheat gluten was used due to the possibility of cross-contamination. Menu Foods has received a report from a customer and has received study results, both of which indicate cross-contamination.","05/02/2007","N/A","04/10/2012","","N/A"
"Veterinary","No","","37940","Terminated","Menu Foods Midwest Corp","1400 E Logan Ave","PO Box 1046","Emporia","KS","	66801-6822","United States","N/A","N/A","Affected product was distributed throughout the United States and to consignees in Mexico and Canada.","V-282-2007","Class III","STATER BROTHERS = DISTRIBUTED BY STATER BROS. MARKETS, COLTON, CA:  Sliced Beef in Gravy Dog Food packed in 5.5 oz cans, UPC 7417512351, with Best By/Date Codes:  Nov/08/09 to Mar/07/10","Approximately 464,565 cases of pet food were distributed","Menu Foods is recalling cuts and gravy style and select other products which do not include ChemNutra wheat gluten but were manufactured at any of Menu Foods' plants during the period that ChemNutra wheat gluten was used due to the possibility of cross-contamination. Menu Foods has received a report from a customer and has received study results, both of which indicate cross-contamination.","05/02/2007","N/A","04/10/2012","","N/A"
"Veterinary","No","","37940","Terminated","Menu Foods Midwest Corp","1400 E Logan Ave","PO Box 1046","Emporia","KS","	66801-6822","United States","N/A","N/A","Affected product was distributed throughout the United States and to consignees in Mexico and Canada.","V-283-2007","Class III","STATER BROTHERS = DISTRIBUTED BY STATER BROS. MARKETS, COLTON, CA:  Beef Cuts in Gravy Dog Food packed in 22 oz cans, UPC 7417512282, with Best By/Date Codes:  Nov/08/09 to Mar/07/10","Approximately 464,565 cases of pet food were distributed","Menu Foods is recalling cuts and gravy style and select other products which do not include ChemNutra wheat gluten but were manufactured at any of Menu Foods' plants during the period that ChemNutra wheat gluten was used due to the possibility of cross-contamination. Menu Foods has received a report from a customer and has received study results, both of which indicate cross-contamination.","05/02/2007","N/A","04/10/2012","","N/A"
"Veterinary","No","","37940","Terminated","Menu Foods Midwest Corp","1400 E Logan Ave","PO Box 1046","Emporia","KS","	66801-6822","United States","N/A","N/A","Affected product was distributed throughout the United States and to consignees in Mexico and Canada.","V-284-2007","Class III","STATER BROTHERS = DISTRIBUTED BY STATER BROS. MARKETS, COLTON, CA:  Beef & Liver Cuts in Gravy Dog Food packed in 22 oz cans, UPC 7417512359, with Best By/Date Codes:  Nov/08/09 to Mar/07/10","Approximately 464,565 cases of pet food were distributed","Menu Foods is recalling cuts and gravy style and select other products which do not include ChemNutra wheat gluten but were manufactured at any of Menu Foods' plants during the period that ChemNutra wheat gluten was used due to the possibility of cross-contamination. Menu Foods has received a report from a customer and has received study results, both of which indicate cross-contamination.","05/02/2007","N/A","04/10/2012","","N/A"
"Veterinary","No","","37940","Terminated","Menu Foods Midwest Corp","1400 E Logan Ave","PO Box 1046","Emporia","KS","	66801-6822","United States","N/A","N/A","Affected product was distributed throughout the United States and to consignees in Mexico and Canada.","V-285-2007","Class III","STATER BROTHERS = DISTRIBUTED BY STATER BROS. MARKETS, COLTON, CA:  Chicken Cuts in Gravy Dog Food packed in 22 oz cans, UPC 7417512280, with Best By/Date Codes:  Nov/08/09 to Mar/07/10","Approximately 464,565 cases of pet food were distributed","Menu Foods is recalling cuts and gravy style and select other products which do not include ChemNutra wheat gluten but were manufactured at any of Menu Foods' plants during the period that ChemNutra wheat gluten was used due to the possibility of cross-contamination. Menu Foods has received a report from a customer and has received study results, both of which indicate cross-contamination.","05/02/2007","N/A","04/10/2012","","N/A"
"Veterinary","No","","37940","Terminated","Menu Foods Midwest Corp","1400 E Logan Ave","PO Box 1046","Emporia","KS","	66801-6822","United States","N/A","N/A","Affected product was distributed throughout the United States and to consignees in Mexico and Canada.","V-286-2007","Class III","STATER BROTHERS = DISTRIBUTED BY STATER BROS. MARKETS, COLTON, CA:  Country Stew Cuts in Gravy Dog Food packed in 22 oz cans, UPC 7417512283, with Best By/Date Codes:  Nov/08/09 to Mar/07/10","Approximately 464,565 cases of pet food were distributed","Menu Foods is recalling cuts and gravy style and select other products which do not include ChemNutra wheat gluten but were manufactured at any of Menu Foods' plants during the period that ChemNutra wheat gluten was used due to the possibility of cross-contamination. Menu Foods has received a report from a customer and has received study results, both of which indicate cross-contamination.","05/02/2007","N/A","04/10/2012","","N/A"
"Veterinary","No","","37940","Terminated","Menu Foods Midwest Corp","1400 E Logan Ave","PO Box 1046","Emporia","KS","	66801-6822","United States","N/A","N/A","Affected product was distributed throughout the United States and to consignees in Mexico and Canada.","V-287-2007","Class III","STATER BROTHERS = DISTRIBUTED BY STATER BROS. MARKETS, COLTON, CA:  Lamb & Vegetables Cuts in Gravy Dog Food packed in 22 oz cans, UPC 7417512357, with Best By/Date Codes:  Nov/08/09 to Mar/07/10","Approximately 464,565 cases of pet food were distributed","Menu Foods is recalling cuts and gravy style and select other products which do not include ChemNutra wheat gluten but were manufactured at any of Menu Foods' plants during the period that ChemNutra wheat gluten was used due to the possibility of cross-contamination. Menu Foods has received a report from a customer and has received study results, both of which indicate cross-contamination.","05/02/2007","N/A","04/10/2012","","N/A"
"Veterinary","No","","37940","Terminated","Menu Foods Midwest Corp","1400 E Logan Ave","PO Box 1046","Emporia","KS","	66801-6822","United States","N/A","N/A","Affected product was distributed throughout the United States and to consignees in Mexico and Canada.","V-288-2007","Class III","TRIUMPH   DISTRIBUTED BY TRIUMPH PET INDUSTRIES INC., WARWICK, NY:  Beef Cuts in Gravy Dog Food packed in 5.5 oz cans, UPC 7365700171, with Best By/Date Codes:  Dec/11/09 to Mar/07/10","Approximately 464,565 cases of pet food were distributed","Menu Foods is recalling cuts and gravy style and select other products which do not include ChemNutra wheat gluten but were manufactured at any of Menu Foods' plants during the period that ChemNutra wheat gluten was used due to the possibility of cross-contamination. Menu Foods has received a report from a customer and has received study results, both of which indicate cross-contamination.","05/02/2007","N/A","04/10/2012","","N/A"
"Veterinary","No","","37940","Terminated","Menu Foods Midwest Corp","1400 E Logan Ave","PO Box 1046","Emporia","KS","	66801-6822","United States","N/A","N/A","Affected product was distributed throughout the United States and to consignees in Mexico and Canada.","V-289-2007","Class III","TRULY = PREPARED FOR ZELLERS INC., A SUBSIDIARY OF HUDSON S BAY COMPANY, BRAMPTON, ONTARIO:  Beef & Liver Cuts in Gravy Dog Food packed in 624 gm cans, UPC 0036441665, with Best By/Date Codes:  Dec/11/09 to Mar/07/10","Approximately 464,565 cases of pet food were distributed","Menu Foods is recalling cuts and gravy style and select other products which do not include ChemNutra wheat gluten but were manufactured at any of Menu Foods' plants during the period that ChemNutra wheat gluten was used due to the possibility of cross-contamination. Menu Foods has received a report from a customer and has received study results, both of which indicate cross-contamination.","05/02/2007","N/A","04/10/2012","","N/A"
"Veterinary","No","","37940","Terminated","Menu Foods Midwest Corp","1400 E Logan Ave","PO Box 1046","Emporia","KS","	66801-6822","United States","N/A","N/A","Affected product was distributed throughout the United States and to consignees in Mexico and Canada.","V-290-2007","Class III","TRULY = PREPARED FOR ZELLERS INC., A SUBSIDIARY OF HUDSON S BAY COMPANY, BRAMPTON, ONTARIO:  Beef Cuts in Gravy Dog Food packed in 624 gm cans, UPC 0036442036, with Best By/Date Codes:  Dec/11/09 to Mar/07/10","Approximately 464,565 cases of pet food were distributed","Menu Foods is recalling cuts and gravy style and select other products which do not include ChemNutra wheat gluten but were manufactured at any of Menu Foods' plants during the period that ChemNutra wheat gluten was used due to the possibility of cross-contamination. Menu Foods has received a report from a customer and has received study results, both of which indicate cross-contamination.","05/02/2007","N/A","04/10/2012","","N/A"
"Veterinary","No","","37940","Terminated","Menu Foods Midwest Corp","1400 E Logan Ave","PO Box 1046","Emporia","KS","	66801-6822","United States","N/A","N/A","Affected product was distributed throughout the United States and to consignees in Mexico and Canada.","V-291-2007","Class III","TRULY = PREPARED FOR ZELLERS INC., A SUBSIDIARY OF HUDSON S BAY COMPANY, BRAMPTON, ONTARIO:  Country Stew Cuts in Gravy Dog Food packed in 624 gm cans, UPC 0036441806, with Best By/Date Codes:  Dec/11/09 to Mar/07/10","Approximately 464,565 cases of pet food were distributed","Menu Foods is recalling cuts and gravy style and select other products which do not include ChemNutra wheat gluten but were manufactured at any of Menu Foods' plants during the period that ChemNutra wheat gluten was used due to the possibility of cross-contamination. Menu Foods has received a report from a customer and has received study results, both of which indicate cross-contamination.","05/02/2007","N/A","04/10/2012","","N/A"
"Veterinary","No","","37940","Terminated","Menu Foods Midwest Corp","1400 E Logan Ave","PO Box 1046","Emporia","KS","	66801-6822","United States","N/A","N/A","Affected product was distributed throughout the United States and to consignees in Mexico and Canada.","V-292-2007","Class III","TRULY = PREPARED FOR ZELLERS INC., A SUBSIDIARY OF HUDSON S BAY COMPANY, BRAMPTON, ONTARIO:  Chicken Cuts in Gravy Dog Food packed in 624 gm cans, UPC 0036449564, with Best By/Date Codes:  Dec/11/09 to Mar/07/10","Approximately 464,565 cases of pet food were distributed","Menu Foods is recalling cuts and gravy style and select other products which do not include ChemNutra wheat gluten but were manufactured at any of Menu Foods' plants during the period that ChemNutra wheat gluten was used due to the possibility of cross-contamination. Menu Foods has received a report from a customer and has received study results, both of which indicate cross-contamination.","05/02/2007","N/A","04/10/2012","","N/A"
"Veterinary","No","","37940","Terminated","Menu Foods Midwest Corp","1400 E Logan Ave","PO Box 1046","Emporia","KS","	66801-6822","United States","N/A","N/A","Affected product was distributed throughout the United States and to consignees in Mexico and Canada.","V-293-2007","Class III","WESTERN FAMILY = PREPARED FOR GREAT PACIFIC INDUSTRIES INC, VANCOUVER, BC:  Chicken Cuts in Gravy Dog Food packed in 374 gm cans, UPC 6263919580, with Best By/Date Codes:  Dec/11/09 to Mar/07/10","Approximately 464,565 cases of pet food were distributed","Menu Foods is recalling cuts and gravy style and select other products which do not include ChemNutra wheat gluten but were manufactured at any of Menu Foods' plants during the period that ChemNutra wheat gluten was used due to the possibility of cross-contamination. Menu Foods has received a report from a customer and has received study results, both of which indicate cross-contamination.","05/02/2007","N/A","04/10/2012","","N/A"
"Veterinary","No","","37940","Terminated","Menu Foods Midwest Corp","1400 E Logan Ave","PO Box 1046","Emporia","KS","	66801-6822","United States","N/A","N/A","Affected product was distributed throughout the United States and to consignees in Mexico and Canada.","V-294-2007","Class III","WESTERN FAMILY = PREPARED FOR GREAT PACIFIC INDUSTRIES INC, VANCOUVER, BC:  Country Stew Cuts in Gravy Dog Food packed in 374 gm cans, UPC 6263919579, with Best By/Date Codes:  Dec/11/09 to Mar/07/10; and packed in 624 gm cans, UPC 6263919590 with Best By/Date Codes:  Dec/06/09 to Jan/24/10","Approximately 464,565 cases of pet food were distributed","Menu Foods is recalling cuts and gravy style and select other products which do not include ChemNutra wheat gluten but were manufactured at any of Menu Foods' plants during the period that ChemNutra wheat gluten was used due to the possibility of cross-contamination. Menu Foods has received a report from a customer and has received study results, both of which indicate cross-contamination.","05/02/2007","N/A","04/10/2012","","N/A"
"Veterinary","No","","37940","Terminated","Menu Foods Midwest Corp","1400 E Logan Ave","PO Box 1046","Emporia","KS","	66801-6822","United States","N/A","N/A","Affected product was distributed throughout the United States and to consignees in Mexico and Canada.","V-295-2007","Class III","WESTERN FAMILY = PREPARED FOR GREAT PACIFIC INDUSTRIES INC, VANCOUVER, BC:  Lamb and Vegetable Cuts in Gravy Dog Food packed in 624 gm cans, UPC 6263929264, with Best By/Date Codes:  Dec/11/09 to Mar/07/10","Approximately 464,565 cases of pet food were distributed","Menu Foods is recalling cuts and gravy style and select other products which do not include ChemNutra wheat gluten but were manufactured at any of Menu Foods' plants during the period that ChemNutra wheat gluten was used due to the possibility of cross-contamination. Menu Foods has received a report from a customer and has received study results, both of which indicate cross-contamination.","05/02/2007","N/A","04/10/2012","","N/A"
"Veterinary","No","","37940","Terminated","Menu Foods Midwest Corp","1400 E Logan Ave","PO Box 1046","Emporia","KS","	66801-6822","United States","N/A","N/A","Affected product was distributed throughout the United States and to consignees in Mexico and Canada.","V-296-2007","Class III","WESTERN FAMILY = PREPARED FOR GREAT PACIFIC INDUSTRIES INC, VANCOUVER, BC:  Beef Cuts in Gravy Dog Food packed in 624 gm cans, UPC 6263919587 with Best By/Date Codes:  Dec/06/09 to Jan/24/10","Approximately 464,565 cases of pet food were distributed","Menu Foods is recalling cuts and gravy style and select other products which do not include ChemNutra wheat gluten but were manufactured at any of Menu Foods' plants during the period that ChemNutra wheat gluten was used due to the possibility of cross-contamination. Menu Foods has received a report from a customer and has received study results, both of which indicate cross-contamination.","05/02/2007","N/A","04/10/2012","","N/A"
"Veterinary","No","","37940","Terminated","Menu Foods Midwest Corp","1400 E Logan Ave","PO Box 1046","Emporia","KS","	66801-6822","United States","N/A","N/A","Affected product was distributed throughout the United States and to consignees in Mexico and Canada.","V-297-2007","Class III","WESTERN FAMILY = PREPARED FOR GREAT PACIFIC INDUSTRIES INC, VANCOUVER, BC:  Beef & Liver Cuts in Gravy Dog Food packed in 624 gm cans, UPC 6263919588 with Best By/Date Codes:  Dec/06/09 to Jan/24/10","Approximately 464,565 cases of pet food were distributed","Menu Foods is recalling cuts and gravy style and select other products which do not include ChemNutra wheat gluten but were manufactured at any of Menu Foods' plants during the period that ChemNutra wheat gluten was used due to the possibility of cross-contamination. Menu Foods has received a report from a customer and has received study results, both of which indicate cross-contamination.","05/02/2007","N/A","04/10/2012","","N/A"
"Veterinary","No","","52096","Terminated","TEVA Animal Health Inc","3915 S 48th St Terr","N/A","Saint Joseph","MO","	64503","United States","N/A","N/A","Distribution was made to one distributor located in AZ.","V-257-2009","Class III","Farnam D-Worm 60 (pyrantel pamoate) Liquid for Puppies and Dogs, containing 2.27 mg/ml of pyrantel pamoate base as pyrantel pamoate per ml, 2-fl. oz. btls, RX,  ANDA #200-248, NDC 017135-703-12.  The label shows the product is Manufactured for Farnam Pet Products, Phoenix, AZ.","10,423/2-fl. oz. btls.","Stability failure for potency","05/20/2009","N/A","07/15/2011","","N/A"
"Veterinary","No","","53908","Terminated","Wysong Medical Corp","7550 Eastman Ave","N/A","Midland","MI","	48642-7809","United States","N/A","N/A","The product was distributed nationwide and to foreign accounts in Canada, Hong Kong and Singapore","V-040-2010","Class III","Wysong Senior Canine Diet packaged in 4 lb and 8 lb bags. The bags are sold individual or in cases of 4 bags. The bags are shiny silver foil with black print and a picture of rising sun and a dog.    Wysong Corporation, 7550 Eastman Avenue, Midland, MI 48642. UPC 8583504001.","90,720 lbs","The firm received complaints of mold in dog food products.","09/29/2009","N/A","10/20/2010","","N/A"
"Veterinary","No","","53908","Terminated","Wysong Medical Corp","7550 Eastman Ave","N/A","Midland","MI","	48642-7809","United States","N/A","N/A","The product was distributed nationwide and to foreign accounts in Canada, Hong Kong and Singapore","V-041-2010","Class III","Wysong Maintenance Canine Diet packaged in 4 lb and 8 lb bags. The bags are sold individual or in cases of 4 bags. The bags are shiny silver foil with black print and a picture of rising sun and a dog.    Wysong Corporation, 7550 Eastman Avenue, Midland, MI 48642. UPC 8583503001.","239,776 lbs","The firm received complaints of mold in dog food products.","09/29/2009","N/A","10/20/2010","","N/A"
"Veterinary","No","","53908","Terminated","Wysong Medical Corp","7550 Eastman Ave","N/A","Midland","MI","	48642-7809","United States","N/A","N/A","The product was distributed nationwide and to foreign accounts in Canada, Hong Kong and Singapore","V-042-2010","Class III","Wysong Synorgon Canine Diet packaged in 4 lb and 8 lb bags. The bags are sold individual or in cases of 4 bags. The bags are shiny silver foil with black print and a picture of rising sun and a dog.    Wysong Corporation, 7550 Eastman Avenue, Midland, MI 48642. UPC 8583504036.","32, 832 lbs","The firm received complaints of mold in dog food products.","09/29/2009","N/A","10/20/2010","","N/A"
"Veterinary","No","","56961","Terminated","Virbac Inc","13001 Saint Charles Rock Rd","N/A","Bridgeton","MO","	63044-2421","United States","N/A","N/A","Distribution was made to vet drug distributors located nationwide.","V-093-2011","Class III","Virbac Animal Health Pyoben Medicated Shampoo for Dogs, Cats and Horses,  containing benzoyl peroxide 3% w/w, packaged in 16-fl. oz. bottles. RX, NDC 51311-012-16.","Unknown number of bottles mislabeled","Some bottles of medicated shampoo were mislabeled as containing a different type of medicated shampoo","10/19/2010","N/A","10/22/2012","","N/A"
"Veterinary","No","","56961","Terminated","Virbac Inc","13001 Saint Charles Rock Rd","N/A","Bridgeton","MO","	63044-2421","United States","N/A","N/A","Distribution was made to vet drug distributors located nationwide.","V-094-2011","Class III","Virbac Animal Health Hexadene Medicated Shampoo for Dogs, Cats and Horses,  containing chlorhexidine gluconate and chlorhexidine acetate equivalent to 3% w/v chlorhexidine gluconate, packaged in 16-fl. oz. bottles, 12 bottles/case, OTC, NDC 51311-070-16.","7,332 bottles","Some bottles of medicated shampoo were mislabeled as containing a different type of medicated shampoo","10/19/2010","N/A","10/22/2012","","N/A"
"Veterinary","No","","57336","Terminated","First Priority, Inc.","1590 Todd Farm Dr","N/A","Elgin","IL","	60123-1287","United States","N/A","N/A","Alabama, Illinois, Missouri, New Jersey,  North Carolina, Ohio, Puerto Rico and Texas.","V-110-2011","Class III","Priority Care Piperazine Paste Canine Anthelmintic; Piperazine (from Adipate) 2.70 g (20.8%); Net Contents: 13 grams (0.46 oz) pre-filled syringe; an OTC oral prime rib/beef flavored piperazine adipate paste wormer for puppies and adult dogs; for animal use only, Keep Out of Reach of Children; Manufactured By: First Priority, Inc., Elgin, IL 60123; Reorder No. OM125PC, NDC 58829-340-13, UPC 0 62308 34013 5;    The dog wormer was packaged under the following private labels:  a)  Worm Protector Piperazine Paste-Canine Anthelmintic; Trade Winds, St. Joseph, MO; 12 syringes per case, Reorder No. OM125TW, NDC 64750-340-13, UPC 3 56561 00203 6;   b) WormEze Paste Canine Anthelmintic; Manufactured for: Peak Marketing, Blue Springs, Missouri 64014; 24 syringes per case, Reorder No. OM125DU, NDC 16579-923-85, UPC 7 45801 10540 9;   c) Happy Jack Puppy Paste Canine Anthelmintic Paste (Piperazine Adipate); Happy Jack, Inc., Snow Hill, NC 28580; Reorder No. OM125HJ, UPC 0 23851 01726 3;   d) Hartz Ultra Guard Rid Worm Paste for Dogs and Puppies; Manufactured for The Hartz Mountain Corporation, 400 Plaza Drive, Secaucus, NJ 07094; 48 syringes per case, Reorder No. OM125HM, NDC 032700-722, UPC 0 32700 01133 8;   e) Worm Free Canine Anthelmintic; Manufactured for: First Companion Veterinary Products, Westlake, TX 76262; Reorder No. OM125RXFC, NDC 64556-340-13, UPC 7 54629 50716 6;","160,652 syringes","Both the canine and feline piperazine products failed post market stability testing due to high viscosity results, and in the case of the canine product, also out of specification high assay results.","11/24/2010","N/A","10/19/2011","","N/A"





