Product Type,Recently Updated Record,Last Modified Date,Event ID,Status,Recalling Firm,Address1,Address2,City,State/Province,Postal Code,Country,Voluntary/Mandated,Initial Firm Notification of Consignee or Public,Distribution Pattern,Recall Number,Classification,Product Description,Product Quantity,Reason for Recall,Recall Initiation Date,Center Classification Date,Termination Date,Report Date,Code Info
Veterinary,No,09/28/2023,92990,Ongoing,Mid America Pet Food LLC,2024 N Frontage Rd,N/A,Mount Pleasant,TX,	75455-6474,United States,Voluntary: Firm initiated,"Two or more of the following: Email, Fax, Letter, Press Release, Telephone, Visit",Throughout the USA,N/A,Class I,"Victor Super Premium Dog Food, Hi-Pro Plus packaged in 5lb poly bag; UPC 94308 00214",644 cases,Positive Salmonella Sample,09/02/2023,09/28/2023,N/A,09/20/2023,Lot: 1000016385 Best By Date 4/30/2024
Veterinary,No,10/01/2025,97494,Terminated,Viva Raw,1300 South Blvd Ste 30025,N/A,Charlotte,NC,	28203-4280,United States,Voluntary: Firm initiated,"Two or more of the following: Email, Fax, Letter, Press Release, Telephone, Visit","Distributed to distributors in NJ, CA, TX, and NC.",V-0001-2026,Class I,Viva for Dogs Ground Chicken Complete Dog Food Net WT. 1 lb (454g),2640 units,Potential Salmonella contamination.,08/25/2025,10/01/2025,11/13/2025,09/03/2025,Lot 21975
Veterinary,No,10/22/2018,80983,Terminated,STEVE'S REAL FOOD FOR PETS,2034 E Fort Union Blvd,N/A,Cottonwood Heights,UT,	84121-3144,United States,Voluntary: Firm initiated,Press Release,nationwide.  no foreign/VA/govt/military consignees.,V-0002-2019,Class I,"Raw Frozen Pet Food Turducken Recipe for cats and dogs, packaged in 5 lb bags with UPC 6-91730-15304-5",52 Cases,"Steves Real Food is voluntarily recalling one lot of 5lb Turducken Recipe, one lot of Quest Emu Diet, and one lot of Quest Beef Diet, due to their potential to be contaminated with Salmonella and/or Listeria.",09/07/2018,10/22/2018,08/26/2020,09/26/2018,Lot J155; Best By 6/4/19
Veterinary,No,10/01/2025,97494,Terminated,Viva Raw,1300 South Blvd Ste 30025,N/A,Charlotte,NC,	28203-4280,United States,Voluntary: Firm initiated,"Two or more of the following: Email, Fax, Letter, Press Release, Telephone, Visit","Distributed to distributors in NJ, CA, TX, and NC.",V-0002-2026,Class I,Viva for Dogs Chunked Chicken Complete Dog Food Net Wt. 1 lb (454g),554 units,Potential Salmonella contamination.,08/25/2025,10/01/2025,11/13/2025,09/03/2025,Lot 21975
Veterinary,No,10/01/2025,97494,Terminated,Viva Raw,1300 South Blvd Ste 30025,N/A,Charlotte,NC,	28203-4280,United States,Voluntary: Firm initiated,"Two or more of the following: Email, Fax, Letter, Press Release, Telephone, Visit","Distributed to distributors in NJ, CA, TX, and NC.",V-0003-2026,Class I,Viva for Dogs Ground Beef Complete Dog Food Net Wt. 1 lb (454g),13301 units,Potential Listeria monocytogenes contamination.,08/25/2025,10/01/2025,11/13/2025,09/03/2025,Lot 21495
Veterinary,No,10/21/2020,86569,Terminated,SUNSHINE MILLS INC,500 6th St Sw,N/A,Red Bay,AL,	35582-4084,United States,Voluntary: Firm initiated,E-Mail,"Products were distributed to the following states: AL, AZ, AR, CA, FL, GA, IN, IL, IA, KY, LA, MN, MS, MO, NY, NC, OK, TN, TX, UT, VA, WA, & WI.    Products were also distributed to the following countries: Colombia and Japan.",V-0004-2021,Class I,Champ brand Mini Chunk Dog Food Beef and Chicken Flavor in 12 lb. bags.  UPC: 7328315416,"2,912 units.",Potential for elevated levels of aflatoxin in the product.,10/07/2020,10/21/2020,04/12/2021,10/21/2020,Lot: TC2 3/APRIL/2020  Best By: 03 April 2021
Veterinary,No,10/21/2020,86569,Terminated,SUNSHINE MILLS INC,500 6th St Sw,N/A,Red Bay,AL,	35582-4084,United States,Voluntary: Firm initiated,E-Mail,"Products were distributed to the following states: AL, AZ, AR, CA, FL, GA, IN, IL, IA, KY, LA, MN, MS, MO, NY, NC, OK, TN, TX, UT, VA, WA, & WI.    Products were also distributed to the following countries: Colombia and Japan.",V-0005-2021,Class I,Field Trial brand Complete Nutrition Dog Food in 16 lb. bags.  UPC: 7015514530,180 units.,Potential for elevated levels of aflatoxin in the product.,10/07/2020,10/21/2020,04/12/2021,10/21/2020,Lot: TC2 4/APRIL/2020  Best By: 04 April 2021
Veterinary,No,10/21/2020,86569,Terminated,SUNSHINE MILLS INC,500 6th St Sw,N/A,Red Bay,AL,	35582-4084,United States,Voluntary: Firm initiated,E-Mail,"Products were distributed to the following states: AL, AZ, AR, CA, FL, GA, IN, IL, IA, KY, LA, MN, MS, MO, NY, NC, OK, TN, TX, UT, VA, WA, & WI.    Products were also distributed to the following countries: Colombia and Japan.",V-0006-2021,Class I,Good Dog Brand HI Energy Formula in 50 lb. bags.  UPC: 5216624165,240 units.,Potential for elevated levels of aflatoxin in the product.,10/07/2020,10/21/2020,04/12/2021,10/21/2020,Lot: TA1 5/APRIL/2020  Best By: 05 April 2021
Veterinary,No,10/01/2025,97494,Terminated,Viva Raw,1300 South Blvd Ste 30025,N/A,Charlotte,NC,	28203-4280,United States,Voluntary: Firm initiated,"Two or more of the following: Email, Fax, Letter, Press Release, Telephone, Visit","Distributed to distributors in NJ, CA, TX, and NC.",V-0006-2026,Class I,Viva Pure Chicken Dog & Cat Food Mixer Net Wt. 1 lb (454g),371 units,Potential Salmonella contamination.,08/25/2025,10/01/2025,11/13/2025,09/03/2025,Lot 21975
Veterinary,No,10/05/2019,81654,Terminated,Anf Pet Inc,1500 Whitehall Ln,N/A,Saint Helena,CA,	94574-9685,United States,Voluntary: Firm initiated,Letter,"Puerto Rico and to Japan, Israel, Singapore, Dominican Republic, Guatemala, Hong Kong.",V-0007-2020,Class I,ANF Lamb and Rice Formula Adult Dry Dog Food:  7.5 Kilogram bags - UPC:9097203300    Made in the USA,833,Firm was notified by contact manufacturer of potential high levels of Vitamin D due to formulation error in concentration of vitamin D.,11/20/2018,10/05/2019,11/15/2019,06/12/2019,Lot Code and Best By Date    TA2 20 Nov 2019 = 7.5 kg bag
Veterinary,No,10/21/2020,86569,Terminated,SUNSHINE MILLS INC,500 6th St Sw,N/A,Red Bay,AL,	35582-4084,United States,Voluntary: Firm initiated,E-Mail,"Products were distributed to the following states: AL, AZ, AR, CA, FL, GA, IN, IL, IA, KY, LA, MN, MS, MO, NY, NC, OK, TN, TX, UT, VA, WA, & WI.    Products were also distributed to the following countries: Colombia and Japan.",V-0007-2021,Class I,Hunters Special brand Dog Food HI Energy Formula  in 50 lb. bags.  UPC: 7015510145,688 units.,Potential for elevated levels of aflatoxin in the product.,10/07/2020,10/21/2020,04/12/2021,10/21/2020,"Lots: TA1 5/APRIL/2020, TA2 5/APRIL/2020, & TA3 5/APRIL/2020  Best By: 05 April 2021"
Veterinary,No,10/21/2020,86569,Terminated,SUNSHINE MILLS INC,500 6th St Sw,N/A,Red Bay,AL,	35582-4084,United States,Voluntary: Firm initiated,E-Mail,"Products were distributed to the following states: AL, AZ, AR, CA, FL, GA, IN, IL, IA, KY, LA, MN, MS, MO, NY, NC, OK, TN, TX, UT, VA, WA, & WI.    Products were also distributed to the following countries: Colombia and Japan.",V-0008-2021,Class I,Hunter s Special brand Dog Food Maintenance Formula  in 50 lb. bags.  UPC: 7015510135,"1,656 units.",Potential for elevated levels of aflatoxin in the product.,10/07/2020,10/21/2020,04/12/2021,10/21/2020,Lots: TB3 4/APRIL/2020 & TB1 5/APRIL/2020  Best By: 04 April 2021 & 05 April 2021
Veterinary,No,,72987,Terminated,"Gwenstone, Inc.",1121 Industrial Pkwy Ste D,N/A,Brick,NJ,	08724-2591,United States,Voluntary: Firm initiated,Press Release,Nationwide,V-0009-2017,Class I,"BDN pet foods Chicken Supreme, packaged in 1 lb. and 5 lb. pouches and 10 lb. vacuum bags,   BDN Pet Foods, Inc. 1121 Industrial Parkway Suite D Brick, NJ 08724   FOR INFO: Email info@bigdognatural.com  CALL 732-785-2600 - TOLL FREE 877 K9 MEATS",N/A,Dog food may be contaminated with Salmonella and Listeria monocytogenes as per FDA sampling and analysis.,01/04/2016,10/21/2016,08/31/2017,11/02/2016,all products shipped from 10/31/2015 to 11/13/2015
Veterinary,No,10/05/2019,81543,Terminated,Lidl US TRADING,3500 S Clark Pl,N/A,Arlington,VA,	22202-4033,United States,Voluntary: Firm initiated,"Two or more of the following: Email, Fax, Letter, Press Release, Telephone, Visit","Product was sold at Lidl Distribution Centers and  retail grocery locations in the following states: Virginia, Delaware, New Jersey, Maryland, Georgia, North Carolina, South Carolina.",V-0009-2020,Class I,"Orlando Grain Free, Chicken & Chickpea Super Food Recipe Dog Food, 10 lbs Bag, UPC 20735302",5000 Retail Units,"Lidl US, LLC has initiated a recall because their supplier notified them of elevated Vitamin D in the following products Nutrisca Life and Chicken pea Dry Dog Food  and Natural Life Chicken and Potato Dry Dog Food .",11/06/2018,10/05/2019,01/15/2021,05/29/2019,TI1 3 Mar 2019  TB2 21 Mar 2019  TB3 21 Mar 2019   TA2 19 Apr 2019   TB1 15 May 2019   TB2 15 May 2019    Best Buy Dates  03/03/2019 / 03/ 21/2019
Veterinary,No,10/21/2020,86569,Terminated,SUNSHINE MILLS INC,500 6th St Sw,N/A,Red Bay,AL,	35582-4084,United States,Voluntary: Firm initiated,E-Mail,"Products were distributed to the following states: AL, AZ, AR, CA, FL, GA, IN, IL, IA, KY, LA, MN, MS, MO, NY, NC, OK, TN, TX, UT, VA, WA, & WI.    Products were also distributed to the following countries: Colombia and Japan.",V-0009-2021,Class I,Hunter s Special brand Farm & Ranch Recipe Super Chunks Dog Food in 50 lb. bags.  UPC: 7015510182,789 units.,Potential for elevated levels of aflatoxin in the product.,10/07/2020,10/21/2020,04/12/2021,10/21/2020,Lots: TC2 5/APRIL/2020 & TC3 5/APRIL/2020  Best By: 05 April 2021
Veterinary,No,10/14/2022,90832,Terminated,"BREUER PREMIUM PET FOOD CO, INC",91 Long Ridge Rd,N/A,Bedford,NY,	10506-1529,United States,Voluntary: Firm initiated,"Two or more of the following: Email, Fax, Letter, Press Release, Telephone, Visit",Nationwide,V-0009-2023,Class I,"Spot & Tango Chicken and Brown Rice UnKibble Dog Food - 28oz, 38oz, 47oz, 56oz",25872 lbs. (9288 bags),Contaminated with Salmonella,09/06/2022,10/14/2022,02/03/2023,09/28/2022,LOT CODE/ SKU number T-22220        U-C-004  T-22223        U-C-005 T-22220        U-C-006
Veterinary,No,10/22/2025,97769,Terminated,"Raw Bistro, Inc.",305 Cannon St W,N/A,Cannon Falls,MN,	55009-1509,United States,Voluntary: Firm initiated,Press Release,"Distributed to consumers in MI, MD, TN, OH, CA, NJ, WI, MN, CO, AL, UT, IL, ME. MO, NY, FL, TX, and VA and distribution centers in IL, CA, CO, and MN.",V-0009-2026,Class I,"Raw Bistro Dog Fare Grass-Fed Beef Entree Net Wt. 3 lb (1.36kg) approx. 24 patties UPC 8 5883300224 7. Packaged in resealable pouches, 6 per case. Frozen   Raw Bistro Dog Fare Grass Fed Beef Entree Net Wt. 18 lb (8.16 kg) bulk box (36 8 oz. patties) UPC 8 5883300262 9. Packaged in corrugated boxes. Frozen.",3204 lbs,Potential Salmonella contamination.,10/10/2025,10/22/2025,12/15/2025,10/22/2025,Best By Date 08/27/2026 Lot 239
Veterinary,No,,38895,Terminated,Mars Pet Care Company,12 Feed Mill Rd,N/A,Everson,PA,	15631,United States,N/A,N/A,"The product was shipped to retail stores in CT, MA, NJ, NY, and PA",V-001-2008,Class I,"Krasdale brand Gravy Dog Food in 5 lb bags. Label states distributed by: Krasdale Foods Inc., Bronx, NY. The product is shipped 10 bags per bale/20 bales pr pallet.",12 tons,positive for Salmonella spp. Poly A. Serotype pending,08/14/2007,N/A,03/19/2008,,N/A
Veterinary,No,,57804,Terminated,Tejas Industries Inc.,1977 E Us Highway 60,N/A,Hereford,TX,	79045-3631,United States,N/A,N/A,"PA, NY, WA, KS, CA, IN, FL, TX, MI, AL, OH, IL, MD, HI, RI, MN, GA, NJ, TN, VA and Canada",V-001-2012,Class I,"Merrick JUNIOR TEXAS TAFFY NATURAL BEEF JERKY FOR DOGS  Merrick Pet Care, Inc. P.O. Box 9800 Amarillo, TX 79105 www.merrickpetcare.com  UPC:  0 22808 27077 5",27800 cases with 30 packages each,Product has the potential to be contaminated with Salmonella.,01/28/2011,N/A,08/16/2013,,N/A
Veterinary,No,,72987,Terminated,"Gwenstone, Inc.",1121 Industrial Pkwy Ste D,N/A,Brick,NJ,	08724-2591,United States,Voluntary: Firm initiated,Press Release,Nationwide,V-0010-2017,Class I,"BDN pet foods Fish Supreme, packaged in 1 lb. and 5 lb. pouches and 10 lb. vacuum bags,  BDN Pet Foods, Inc. 1121 Industrial Parkway Suite D Brick, NJ 08724   FOR INFO: Email info@bigdognatural.com  CALL 732-785-2600 - TOLL FREE 877 K9 MEATS",N/A,Dog food may be contaminated with Salmonella and Listeria monocytogenes as per FDA sampling and analysis.,01/04/2016,10/21/2016,08/31/2017,11/02/2016,all products shipped from 10/31/2015 to 11/13/2015
Veterinary,No,10/05/2019,81713,Terminated,Columbia River Natural Pet Foods Inc,4900 NE Boulder Creek Road,N/A,Camas,WA,	98607,United States,Voluntary: Firm initiated,"Two or more of the following: Email, Fax, Letter, Press Release, Telephone, Visit","distributed in AK, OR, and WA",V-0010-2020,Class I,"Cow Pie Fresh Frozen Meats Whole Food Nutrition for Dogs and Cats, net wt. 2 lbs.    The product label is read in parts: ""***COW PIE *** Fresh Frozen Meats Whole Food Nutrition for Dogs and Cats ***Columbia River Natural pet foods***P.O.Box 758 Camas, WA***Ingredients: Beef Green Tripe, Beef Heart, Beef Muscle Meat, Beef Kidney***FEED RAW ONLY DO NOT COOK.  Do not microwave***FOR ANIMAL CONSUMPTION ONLY***"".",1194 pkgs. total (933 pkg from lot # 81917 and 261 pkg from lot # 72681),Cow Pie Fresh Frozen Meats Whole Food Nutrition for Dogs and Cats product ( lot 81917) is recalled due to contamination with Listeria monocytogenes.    Cow Pie Fresh Frozen Meats Whole Food Nutrition for Dogs and Cats product ( lot 72618) is recalled due to contamination with Listeria monocytogenes and Salmonella.,12/04/2018,10/05/2019,10/05/2019,06/12/2019,81917 and 72618
Veterinary,No,10/28/2025,97658,Terminated,Arrow Reliance Inc,350 Treck Dr,N/A,Tukwila,WA,	98188-7604,United States,Voluntary: Firm initiated,E-Mail,"Distributed to distribution centers in TX, PA, and FL. Further distributed nationwide.",V-0010-2026,Class I,"Darwin's Natural Pet Products BioLogics, All-Natural & Grain-Free BEEF RECIPE FOR DOGS Nt Wt. 2lbs/907g. Packaged in polyethylene vacuum sealed packages. Frozen",2127 units,Potential Listeria monocytogenes and Salmonella contamination,09/19/2025,10/28/2025,12/11/2025,10/15/2025,Lot No: 11895 MFG. Date: Jul 29 2025
Veterinary,No,10/05/2019,81713,Terminated,Columbia River Natural Pet Foods Inc,4900 NE Boulder Creek Road,N/A,Camas,WA,	98607,United States,Voluntary: Firm initiated,"Two or more of the following: Email, Fax, Letter, Press Release, Telephone, Visit","distributed in AK, OR, and WA",V-0011-2020,Class I,"Chicken & Vegetables Fresh Frozen Meats Whole Food Nutrition for Dogs and Cats, net wt. 2 lbs.    The product label is read in parts: ""***CHICKEN & VEGETABLES *** Fresh Frozen Meats Whole Food Nutrition for Dogs and Cats ***Columbia River Natural pet foods***P.O.Box 758 Camas, WA***Ingredients: Ground Chicken Backs, Chicken Necks, Chicken Heart, Chicken Liver, Cabbage, Broccoli, Squash, Carrots, Parsley, Spinach, Sprouts & Kale***FEED RAW ONLY DO NOT COOK.  Do not microwave***FOR ANIMAL CONSUMPTION ONLY***"".",166 packages,Chicken & Vegetables Fresh Frozen Meats Whole Food Nutrition for Dogs and Cats product (lot # 111518) is recalled due to contamination with Salmonella.,12/04/2018,10/05/2019,10/05/2019,06/12/2019,111518
Veterinary,No,10/21/2020,86569,Terminated,SUNSHINE MILLS INC,500 6th St Sw,N/A,Red Bay,AL,	35582-4084,United States,Voluntary: Firm initiated,E-Mail,"Products were distributed to the following states: AL, AZ, AR, CA, FL, GA, IN, IL, IA, KY, LA, MN, MS, MO, NY, NC, OK, TN, TX, UT, VA, WA, & WI.    Products were also distributed to the following countries: Colombia and Japan.",V-0011-2021,Class I,Paws Happy Life brand Nutritionally Complete Dog Food in 17 lb. bags.  UPC: 3680042561,660 units.,Potential for elevated levels of aflatoxin in the product.,10/07/2020,10/21/2020,04/12/2021,10/21/2020,Lot: TC2 4/APRIL/2020  Best By: 04 April 2021
Veterinary,No,10/28/2025,97658,Terminated,Arrow Reliance Inc,350 Treck Dr,N/A,Tukwila,WA,	98188-7604,United States,Voluntary: Firm initiated,E-Mail,"Distributed to distribution centers in TX, PA, and FL. Further distributed nationwide.",V-0011-2026,Class I,"Darwin's Natural Pet Products BioLogics, All-Natural & Grain-Free BEEF RECIPE FOR DOGS Nt Wt. 2lbs/907g. Packaged in polyethylene vacuum sealed packages. Frozen",2808 units,Potential Listeria monocytogenes contamination,09/19/2025,10/28/2025,12/11/2025,10/15/2025,"Lot No: 11826, MFG. Date: Jul 07 2025"
Veterinary,No,10/22/2018,78945,Terminated,JustFoodForDogs,10867 Portal Dr,N/A,Los Alamitos,CA,	90720-2508,United States,Voluntary: Firm initiated,Letter,Retail stores in CA and online,V-0012-2019,Class I,"JustFoodForDogs Turducken:  USDA Certified Ground Turney, USDA Certified Ground Duck Breast, USDA Certified Ground Chicken Thigh; Butternut squash, Green Beans, Safflower Oil.    14 and 72 oz. packages, frozen    Turducken 14oz (UPC 799471558010);  Turducken 72oz (UPC 799471558034).    JustFoodForDogs, Los Alamitos, CA","1847 14  oz., 931 72 oz.",Consumer complaint initiated testing of dog food was positive for Listeria monocytogenes,01/12/2018,10/22/2018,06/26/2019,03/07/2018,"14 oz.:  WH11.1.18 to WH12.31.18,   DM 12.1.18 to DM 12.31.18;    72 oz. ;  WH11.1.18 to WH12.31.18,   DM 12.1.18 to DM 12.31.18"
Veterinary,No,11/04/2025,97762,Terminated,"Glacial Freeze Dry, LLC",570 A J Allen Cir,N/A,Wales,WI,	53183-9649,United States,Voluntary: Firm initiated,Telephone,"Distributed to retailers in WY, NY, WI, FL, and MD.",V-0012-2026,Class I,"Chicken Hearts Whole   Raw Dog Barkery Treats for Cats and Dogs Freeze-Dried Whole Chicken Hearts net weight 3 oz (85 grams), UPC: 797132 874073, packaged in clear plastic pouches.   Raw Dog Barkery Treats for Cats and Dogs Freeze-Dried Whole Chicken Hearts net weight 16 oz (453.6 grams), UPC: 765855 248785, packaged in clear plastic pouches. Also sampled   What's In The Bowl Pet Treats Freeze-Dried  Whole Chicken Hearts net weight 3 oz (85 grams), UPC: 797132 874073, packaged in clear plastic pouches.  What's In The Bowl Pet Treats Freeze-Dried  Whole Chicken Hearts net weight 16 oz (453.6 grams), UPC: 765855 248785, packaged in clear plastic pouches.",34 units/14.5 lbs,Potential Salmonella contamination,10/03/2025,11/04/2025,12/15/2025,10/29/2025,Lot 030527
Veterinary,No,10/22/2018,78945,Terminated,JustFoodForDogs,10867 Portal Dr,N/A,Los Alamitos,CA,	90720-2508,United States,Voluntary: Firm initiated,Letter,Retail stores in CA and online,V-0013-2019,Class I,"JustFoodForDogs Beef and Russet Potato;  USDA certified lean ground beef, russet potatoes, sweet potatoes, carrots, green beans, USDA certified beef liver, green peas, apples, Safflower oil, Premium EPA/DHA.  7, 18 and 72 oz. packages, frozen;    7oz (UPC 799471556665);  18oz (UPC 799471556641);  72oz (UPC 799471556757).    JustFoodsForDogs, Loa Alamitos, CA  ","7 oz. 1703; 18 oz. 3,888; 72 oz. 2110.",Consumer complaint initiated testing of dog food was positive for Listeria monocytogenes,01/12/2018,10/22/2018,06/26/2019,03/07/2018,"7 oz.:  WH11.1.18 to WH1.14.19,  DM11.1.18 to DM1.14.19,  CM11.1.18 to CM1.14.19,  MB11.1.18 to MB1.14.19,  SO11.1. 18 to SO1.14.19  Nov 1, 2018 to Jan 14, 2019;    18 oz.:  WH11.1.18 to WH1.14.19,  DM11.1.18 to DM1.14.19,  CM11.1.18 to CM1.14.19,  MB11.1.18 to MB1.14.19,  SO11.1. 18 to SO1.14.19  Nov 1, 2018 to Jan 14, 2019;    72 oz.;  WH11.1.18 to WH1.14.19,  DM11.1.18 to DM1.14.19,  CM11.1.18 to CM1.14.19,  MB11.1.18 to MB1.14.19,  SO11.1. 18 to SO1.14.19  Nov 1, 2018 to Jan 14, 2019"
Veterinary,No,10/21/2020,86569,Terminated,SUNSHINE MILLS INC,500 6th St Sw,N/A,Red Bay,AL,	35582-4084,United States,Voluntary: Firm initiated,E-Mail,"Products were distributed to the following states: AL, AZ, AR, CA, FL, GA, IN, IL, IA, KY, LA, MN, MS, MO, NY, NC, OK, TN, TX, UT, VA, WA, & WI.    Products were also distributed to the following countries: Colombia and Japan.",V-0013-2021,Class I,Principle brand Super Premium Natural Dog Breeder Pack in 40 lb. bags.  UPC: 580179586032  ,420 units.,Potential for elevated levels of aflatoxin in the product.,10/07/2020,10/21/2020,04/12/2021,10/21/2020,Lot: TA3 4/APRIL/2020 & TA1 5/APRIL/2020  Best By: 04 April 2021 & 05 April 2021
Veterinary,No,11/04/2025,97762,Terminated,"Glacial Freeze Dry, LLC",570 A J Allen Cir,N/A,Wales,WI,	53183-9649,United States,Voluntary: Firm initiated,Telephone,"Distributed to retailers in WY, NY, WI, FL, and MD.",V-0013-2026,Class I,"Chicken Hearts Sliced  BellePepper Cats Freeze Dried Chicken Heart Slices Treats for Cats & Dogs Net Wt. 3 oz (83 grams), UPC: 711709 141955, packaged in clear plastic pouches.  Freeze Dried Chicken Heart Raw treats Kanu Pet Net Wt. 3 oz, UPC: 7707708816188, packaged in clear plastic pouches.",48 units/9 lbs,Potential Salmonella contamination,10/03/2025,11/04/2025,12/15/2025,10/29/2025,Lot 031627
Veterinary,No,10/22/2018,78945,Terminated,JustFoodForDogs,10867 Portal Dr,N/A,Los Alamitos,CA,	90720-2508,United States,Voluntary: Firm initiated,Letter,Retail stores in CA and online,V-0014-2019,Class I,"JustFoodForDogs Fish and Sweet Potato;  Wild Caught Pacific Cod;  Sweet Potatoes, Russet Potatoes, Green Beans, Broccoli, Safflower oil.  Sold in 7, 18 and 72 oz. packages, frozen.    7oz (UPC 799471556726);  18oz (UPC 799471556702);  72oz (UPC 799471556788)    JustFoodForDogs  Los Alamitos, CA",7 oz. 1104; 18 oz. 3192; 72 oz. 1446,Consumer complaint initiated testing of dog food was positive for Listeria monocytogenes,01/12/2018,10/22/2018,06/26/2019,03/07/2018,"7 oz.  WH11.1.18 to WH1.14.19,  DM11.1.18 to DM1.14.19,  CM11.1.18 to CM1.14.19,  MB11.1.18 to MB1.14.19,  SO11.1. 18 to SO1.14.19;    18 oz.   WH11.1.18 to WH1.14.19,  DM11.1.18 to DM1.14.19,  CM11.1.18 to CM1.14.19,  MB11.1.18 to MB1.14.19,  SO11.1.18 to SO1.14.19;    72 oz.   WH11.1.18 to WH1.14.19,  DM11.1.18 to DM1.14.19,  CM11.1.18 to CM1.14.19,  MB11.1.18 to MB1.14.19,  SO11.1.18 to SO1.14.19"
Veterinary,No,11/04/2025,97762,Terminated,"Glacial Freeze Dry, LLC",570 A J Allen Cir,N/A,Wales,WI,	53183-9649,United States,Voluntary: Firm initiated,Telephone,"Distributed to retailers in WY, NY, WI, FL, and MD.",V-0014-2026,Class I,"Raw Dog Barkery Treats for Cats & Dogs Freeze Dried  Noah's Ark net weight 16oz (453.6 grams), UPC: 765855 249041, packaged in clear plastic pouches. ",4 units/4 lbs,Potential Salmonella contamination,10/03/2025,11/04/2025,12/15/2025,10/29/2025,Lot 100126
Veterinary,No,10/23/2018,79414,Terminated,STEVE'S REAL FOOD FOR PETS,2034 E Fort Union Blvd,N/A,Cottonwood Heights,UT,	84121-3144,United States,Voluntary: Firm initiated,Press Release,"distributed in CA, CO, CT, IA, KS, FL, MD, MI, MN, MO, ND, NE, NJ, NV, NY, OR, PA, TX, UT, VA, and WA",V-0015-2019,Class I,"Raw Frozen Dog Food Turkey Canine Recipe, Steve's Real Food brand, packaged in a flexible printed plastic bag. Net wt. 5 lb.  UPC 6 91730 15303 8.    The product label is read in parts ""***STEVE'S REAL FOOD***RAW FROZEN DOG FOOD***TURKEY CANINE RECIPE***Distributed by: Steve's Real Food, Inc. Aumsville, OR***.",52 cases (6/5 lbs. bags per case),"One lot of Raw Frozen Dog Food Turkey Canine Recipe, 5 lb. packages, is recalled due to potential to be contaminated with Salmonella.",03/02/2018,10/23/2018,10/25/2018,04/04/2018,Lot E 178. Best by date 9/27/18
Veterinary,No,10/21/2020,86569,Terminated,SUNSHINE MILLS INC,500 6th St Sw,N/A,Red Bay,AL,	35582-4084,United States,Voluntary: Firm initiated,E-Mail,"Products were distributed to the following states: AL, AZ, AR, CA, FL, GA, IN, IL, IA, KY, LA, MN, MS, MO, NY, NC, OK, TN, TX, UT, VA, WA, & WI.    Products were also distributed to the following countries: Colombia and Japan.",V-0015-2021,Class I,River Bend brand Dog Food Basic Nutrition in 40 lb. and 50 lb. bags.  No UPC on bags.,945 total units.,Potential for elevated levels of aflatoxin in the product.,10/07/2020,10/21/2020,04/12/2021,10/21/2020,40 lb. lot: TC1 5/APRIL/2020  Best By: 05 April 2021    50 lb. lot: TC1 5/APRIL/2020  Best By: 05 April 2021
Veterinary,No,11/04/2025,97762,Terminated,"Glacial Freeze Dry, LLC",570 A J Allen Cir,N/A,Wales,WI,	53183-9649,United States,Voluntary: Firm initiated,Telephone,"Distributed to retailers in WY, NY, WI, FL, and MD.",V-0015-2026,Class I,"Raw Dog Barkery Treats for Cats & Dogs Freeze Dried  Uncle Clyde's Bucket of Chicken net weight 16oz (453.6 grams), UPC: 765855 249041, packaged in clear plastic pouches. ",9 units/9 lbs,Potential Salmonella contamination,10/03/2025,11/04/2025,12/15/2025,10/29/2025,"Lots 121426, 011526"
Veterinary,No,10/21/2020,86569,Terminated,SUNSHINE MILLS INC,500 6th St Sw,N/A,Red Bay,AL,	35582-4084,United States,Voluntary: Firm initiated,E-Mail,"Products were distributed to the following states: AL, AZ, AR, CA, FL, GA, IN, IL, IA, KY, LA, MN, MS, MO, NY, NC, OK, TN, TX, UT, VA, WA, & WI.    Products were also distributed to the following countries: Colombia and Japan.",V-0016-2021,Class I,River Bend brand Dog Food Select in 50 lb. bags.  No UPC on bags.,40 units.,Potential for elevated levels of aflatoxin in the product.,10/07/2020,10/21/2020,04/12/2021,10/21/2020,50 lb. lot: TB3 4/APRIL/2020  Best By: 04 April 2021
Veterinary,No,11/02/2018,80942,Terminated,"Bravo Packing, Inc.",59 N Golfwood Ave,N/A,Carneys Point,NJ,	08069-9710,United States,Voluntary: Firm initiated,Telephone,"Distributed to one distributor, Tefco of Brooklyn, NY.  Distributor doesn't directly handle the product, but he brokers it for sale to Tefco sub-distributors. Distributor stated that none of his customers/distributors are retail outlets.",V-0017-2019,Class I,"Ground frozen dog food packaged in 2-pound bags, labeled in part, ""PERFORMANCE DOG FOOD"".  Please note that there are no code dates on the bags, only on the 40-pound case boxes.","15,000 pounds",Potential for Salmonella contamination,08/31/2018,11/01/2018,02/11/2019,10/10/2018,"071418  Please note that there are no code dates on the individual bags of product, only on the 40-pound case boxes."
Veterinary,No,10/21/2020,86569,Terminated,SUNSHINE MILLS INC,500 6th St Sw,N/A,Red Bay,AL,	35582-4084,United States,Voluntary: Firm initiated,E-Mail,"Products were distributed to the following states: AL, AZ, AR, CA, FL, GA, IN, IL, IA, KY, LA, MN, MS, MO, NY, NC, OK, TN, TX, UT, VA, WA, & WI.    Products were also distributed to the following countries: Colombia and Japan.",V-0017-2021,Class I,Sportsman's Pride brand Maintenance Adult Formula Dog Food in 20 lb. & 50 lb. bags.  20 lb. UPC: 7015510082  50 lb. UPC: 7015510110,146 total units.,Potential for elevated levels of aflatoxin in the product.,10/07/2020,10/21/2020,04/12/2021,10/21/2020,20 lb. lot: TB1 5/APRIL/2020  Best By: 05 April 2021    50 lb. lot: TB1 5/APRIL/2020  Best By: 05 April 2021
Veterinary,No,11/02/2018,79164,Terminated,Redbarn Pet Products,3229 E Spring St Ste 310,N/A,Long Beach,CA,	90806-2478,United States,Voluntary: Firm initiated,Telephone,"Product distributed to distribution centers and retail stores the following US States: AL, AR, AZ, CA, CO, DE, FL, GA, HI, IA, ID, IL, IN, KS, MA, MI, MN, MO, MT, NC, ND, NJ, NV, NY, OH, OR, PA, RI, SC, SD, TN, TX, UT, VA, WA, WI, and WY. Further distribution to retail stores in likely additional states.",V-0018-2019,Class I,"Redbarn, 5 Inch Bully Sticks, Premium Dog Chews, 1 Count, Redbarn Pet Products, LLC Great Bend Kansas, UPC 785184205006; No packaging: the label is a tag on the stick.",354 cases,A sample collected by the Colorado Department of agriculture was positive for Salmonella.,02/06/2018,11/01/2018,05/17/2019,05/23/2018,"All lot codes ending in ""BC"""
Veterinary,No,11/02/2018,79164,Terminated,Redbarn Pet Products,3229 E Spring St Ste 310,N/A,Long Beach,CA,	90806-2478,United States,Voluntary: Firm initiated,Telephone,"Product distributed to distribution centers and retail stores the following US States: AL, AR, AZ, CA, CO, DE, FL, GA, HI, IA, ID, IL, IN, KS, MA, MI, MN, MO, MT, NC, ND, NJ, NV, NY, OH, OR, PA, RI, SC, SD, TN, TX, UT, VA, WA, WI, and WY. Further distribution to retail stores in likely additional states.",V-0019-2019,Class I,"Redbarn, 7 Inch Bully Sticks, Premium Dog Chews, 1 Count, Redbarn Pet Products, LLC Great Bend Kansas, UPC 785184207000; No packaging: the label is a tag on the stick","5,110 cases",A sample collected by the Colorado Department of agriculture was positive for Salmonella.,02/06/2018,11/01/2018,05/17/2019,05/23/2018,"All lot codes ending in ""BC"""
Veterinary,No,,38895,Terminated,Mars Pet Care Company,12 Feed Mill Rd,N/A,Everson,PA,	15631,United States,N/A,N/A,"The product was shipped to retail stores in CT, MA, NJ, NY, and PA",V-002-2008,Class I,"PMI Nutrition Red Flannel brand Large Breed Adult Formula Dog Food in 50 lb bags. Label states manufactured for PMI Nutrition LLC, P O Box 19856, Brentwood, Missouri. The product is shipped 20 bags per pallet.",8 tons,positive for Salmonella spp. Poly A. Serotype pending,08/14/2007,N/A,03/19/2008,,N/A
Veterinary,No,,61820,Terminated,Diamond Pet Foods,103 N Olive St,PO Box 156,Meta,MO,	65058-0156,United States,Voluntary: Firm initiated,"Two or more of the following: Email, Fax, Letter, Press Release, Telephone, Visit",US/Nationwide; Canada; Belize; Costa Rica; Domincan Republic; Guatemala; Hong Kong; Jamaica; Jordan; Japan; Kuwait; Kazakhstan; Lebanon; Sri Lanka; Malasia; Nigeria; Philippines; Pakistan; Russia; Singapore; El Salvadore; Thailand; Trinidad and Tobago; Taiwan,V-002-2013,Class I,"Country Value Dog Adult, Net Wt. 50 lbs, Made by Schell and Kampeter, Meta, Missouri 65058","Approx. 1,153,000 lbs (for all Country Value products)",Product was found to be contaminated with Salmonella.,05/04/2012,10/19/2012,05/27/2014,10/31/2012,Products (all sizes) with Best Before dates between 9-DEC-2012 and 7-APR-2013; Lot codes with a number '2' or '3' in the 9th position AND an 'X' in the 10th or 11th position.
Veterinary,No,11/02/2018,79164,Terminated,Redbarn Pet Products,3229 E Spring St Ste 310,N/A,Long Beach,CA,	90806-2478,United States,Voluntary: Firm initiated,Telephone,"Product distributed to distribution centers and retail stores the following US States: AL, AR, AZ, CA, CO, DE, FL, GA, HI, IA, ID, IL, IN, KS, MA, MI, MN, MO, MT, NC, ND, NJ, NV, NY, OH, OR, PA, RI, SC, SD, TN, TX, UT, VA, WA, WI, and WY. Further distribution to retail stores in likely additional states.",V-0021-2019,Class I,"Time for Joy Holiday, bully stick chew for dogs, Net Wt. .49 OZ (13.9 g), 800443287781; No packaging: the label is a tag on the stick.",699 cases,A sample collected by the Colorado Department of agriculture was positive for Salmonella.,02/06/2018,11/01/2018,05/17/2019,05/23/2018,"All lot codes ending in ""BC"""
Veterinary,No,11/21/2023,93284,Completed,Texas Farm Products Company dba TFP Nutrition,915 S Fredonia St,N/A,Nacogdoches,TX,	75964-5913,United States,Voluntary: Firm initiated,Telephone,"Product was distributed to Tractor Supply Company Distribution Centers in LA, TX, NM. AZ.  This product is sold retail exclusively in Tractor Supply Stores",V-0021-2024,Class I,"Retriever All Life Stages Mini Chunk Chicken Recipe Dry Dog Food, Lot numbers: BEST BY 10 2024 3277 TFP and BEST BY 10 2024 3278 TFP","8,434 bags",potential salmonella,10/20/2023,11/21/2023,N/A,11/15/2023,BEST BY 10 2024 3277 TFP and BEST BY 10 2024 3278 TFP
Veterinary,No,,95340,Terminated,Lystn LLC,356 Maidencreek Rd,N/A,Fleetwood,PA,	19522-8628,United States,Voluntary: Firm initiated,Press Release,Distributed nationwide.,V-0021-2025,Class I,Answers Pet Food Straight Chicken Formula for Dogs Net Wt. 4lb (64 oz) (1.8 kg) UPC:856554002065. Packaged in 4-pound (half gallon) cartons. Frozen product. 10 cartons per case.,"74 Cases (2,960 lbs.)",Potential Salmonella Kentucky contamination,09/22/2024,10/21/2024,02/06/2025,10/30/2024,BUBD: Jan 02 2026
Veterinary,No,10/21/2020,86569,Terminated,SUNSHINE MILLS INC,500 6th St Sw,N/A,Red Bay,AL,	35582-4084,United States,Voluntary: Firm initiated,E-Mail,"Products were distributed to the following states: AL, AZ, AR, CA, FL, GA, IN, IL, IA, KY, LA, MN, MS, MO, NY, NC, OK, TN, TX, UT, VA, WA, & WI.    Products were also distributed to the following countries: Colombia and Japan.",V-0022-2021,Class I,Thrifty brand Adult Dog Food in 12 lb. bags.  UPC: 7015513096  ,"7,739 units.",Potential for elevated levels of aflatoxin in the product.,10/07/2020,10/21/2020,04/12/2021,10/21/2020,"Lots: TI1 3/APRIL/2020, TI2 3/APRIL/2020, TI3 3/APRIL/2020, & TA2 4/APRIL/2020   Best By: 03 April 2021 & 04 April 2021"
Veterinary,No,,95340,Terminated,Lystn LLC,356 Maidencreek Rd,N/A,Fleetwood,PA,	19522-8628,United States,Voluntary: Firm initiated,Press Release,Distributed nationwide.,V-0022-2025,Class I,Answers Pet Food Straight Chicken Formula for Dogs Net Wt. 4lb (64 oz) (1.8 kg) UPC:856554002065. Packaged in 4-pound (half gallon) cartons. Frozen product. 10 cartons per case.,"74 Cases (2,960 lbs.)",Potential Salmonella Typhimurium contamination,09/22/2024,10/21/2024,02/06/2025,10/30/2024,BUBD: Mar 11 2026
Veterinary,No,11/02/2018,79164,Terminated,Redbarn Pet Products,3229 E Spring St Ste 310,N/A,Long Beach,CA,	90806-2478,United States,Voluntary: Firm initiated,Telephone,"Product distributed to distribution centers and retail stores the following US States: AL, AR, AZ, CA, CO, DE, FL, GA, HI, IA, ID, IL, IN, KS, MA, MI, MN, MO, MT, NC, ND, NJ, NV, NY, OH, OR, PA, RI, SC, SD, TN, TX, UT, VA, WA, WI, and WY. Further distribution to retail stores in likely additional states.",V-0023-2019,Class I,"Redbarn 7 Inch Bully Sticks, Premium Dog Chews, 6 Count, Redbarn Pet Products, LLC Great Bend Kansas Net Wt. 4.2 OZ (119 g), 785184207161; Packaged in plastic bags.","2,852 cases",A sample collected by the Colorado Department of agriculture was positive for Salmonella.,02/06/2018,11/01/2018,05/17/2019,05/23/2018,"All lot codes ending in ""BC"""
Veterinary,No,10/21/2020,86569,Terminated,SUNSHINE MILLS INC,500 6th St Sw,N/A,Red Bay,AL,	35582-4084,United States,Voluntary: Firm initiated,E-Mail,"Products were distributed to the following states: AL, AZ, AR, CA, FL, GA, IN, IL, IA, KY, LA, MN, MS, MO, NY, NC, OK, TN, TX, UT, VA, WA, & WI.    Products were also distributed to the following countries: Colombia and Japan.",V-0023-2021,Class I,Top Runner brand Premium Dog Food in 50 lb. bags.  UPC: 3540650070  ,42 units.,Potential for elevated levels of aflatoxin in the product.,10/07/2020,10/21/2020,04/12/2021,10/21/2020,Lot: TB1 3/APRIL/2020  Best By: 03 April 2021
Veterinary,No,11/24/2023,93324,Ongoing,Lea-Way Farms Inc. dba Blue Ridge Beef,417 Garden Valley Rd,N/A,Statesville,NC,	28625-9427,United States,Voluntary: Firm initiated,Press Release,Product was shipped to the following state MD.,V-0023-2024,Class I,"BLUE RIDGE BEEF Breeders Choice For Dogs Higher Fat Content Keep Frozen Until Ready for Use Net Wt. 2 lbs. (.91kg) Not intended for Human Food UPC 8 54298 00193 1 Manufactured by: Blue Ridge Beef, 417 Garden Valley Rd, Statesville, NC 28625",45 cs/15/2 lb tubes,The firm was notified by the FDA that the product test positive for Salmonella.,10/27/2023,11/24/2023,N/A,11/15/2023,Lot 08/02/24
Veterinary,No,11/02/2018,79164,Terminated,Redbarn Pet Products,3229 E Spring St Ste 310,N/A,Long Beach,CA,	90806-2478,United States,Voluntary: Firm initiated,Telephone,"Product distributed to distribution centers and retail stores the following US States: AL, AR, AZ, CA, CO, DE, FL, GA, HI, IA, ID, IL, IN, KS, MA, MI, MN, MO, MT, NC, ND, NJ, NV, NY, OH, OR, PA, RI, SC, SD, TN, TX, UT, VA, WA, WI, and WY. Further distribution to retail stores in likely additional states.",V-0024-2019,Class I,"Redbarn 9 in Bully Sticks, Premium Dog Chews, 1 Count, Redbarn Pet Products, LLC Great Bend Kansas UPC 785184209004; No packaging: the label is a tag on the stick.",501 cases,A sample collected by the Colorado Department of agriculture was positive for Salmonella.,02/06/2018,11/01/2018,05/17/2019,05/23/2018,"All lot codes ending in ""BC"""
Veterinary,No,10/21/2020,86569,Terminated,SUNSHINE MILLS INC,500 6th St Sw,N/A,Red Bay,AL,	35582-4084,United States,Voluntary: Firm initiated,E-Mail,"Products were distributed to the following states: AL, AZ, AR, CA, FL, GA, IN, IL, IA, KY, LA, MN, MS, MO, NY, NC, OK, TN, TX, UT, VA, WA, & WI.    Products were also distributed to the following countries: Colombia and Japan.",V-0024-2021,Class I,Whiskers & Tails brand Adult Recipe Complete Dog Food in 17 lb. bags.  UPC: 2114003022  ,140 units.,Potential for elevated levels of aflatoxin in the product.,10/07/2020,10/21/2020,04/12/2021,10/21/2020,Lot: TC2 4/APRIL/2020  Best By: 04 April 2021
Veterinary,No,11/02/2018,79164,Terminated,Redbarn Pet Products,3229 E Spring St Ste 310,N/A,Long Beach,CA,	90806-2478,United States,Voluntary: Firm initiated,Telephone,"Product distributed to distribution centers and retail stores the following US States: AL, AR, AZ, CA, CO, DE, FL, GA, HI, IA, ID, IL, IN, KS, MA, MI, MN, MO, MT, NC, ND, NJ, NV, NY, OH, OR, PA, RI, SC, SD, TN, TX, UT, VA, WA, WI, and WY. Further distribution to retail stores in likely additional states.",V-0025-2019,Class I,"Redbarn 30 in Bully Sticks, Premium Dog Chews, 1 Count, Redbarn Pet Products, LLC Great Bend Kansas UPC 785184230015; No packaging: the label is a tag on the stick.",28 cases,A sample collected by the Colorado Department of agriculture was positive for Salmonella.,02/06/2018,11/01/2018,05/17/2019,05/23/2018,"All lot codes ending in ""BC"""
Veterinary,No,11/02/2018,79164,Terminated,Redbarn Pet Products,3229 E Spring St Ste 310,N/A,Long Beach,CA,	90806-2478,United States,Voluntary: Firm initiated,Telephone,"Product distributed to distribution centers and retail stores the following US States: AL, AR, AZ, CA, CO, DE, FL, GA, HI, IA, ID, IL, IN, KS, MA, MI, MN, MO, MT, NC, ND, NJ, NV, NY, OH, OR, PA, RI, SC, SD, TN, TX, UT, VA, WA, WI, and WY. Further distribution to retail stores in likely additional states.",V-0026-2019,Class I,"Redbarn 36 in Bully Sticks, Premium Dog Chews, 1 Count, Redbarn Pet Products, LLC Great Bend Kansas UPC 785184236017; No packaging: the label is a tag on the stick.",836 cases,A sample collected by the Colorado Department of agriculture was positive for Salmonella.,02/06/2018,11/01/2018,05/17/2019,05/23/2018,"All lot codes ending in ""BC"""
Veterinary,No,11/26/2021,88786,Terminated,"Fromm Family Foods, LLC",13145 Green Bay Rd,N/A,Mequon,WI,	53097-2206,United States,Voluntary: Firm initiated,"Two or more of the following: Email, Fax, Letter, Press Release, Telephone, Visit","AZ, CA, GA, IL, MI, MN, NJ, NY, OH, PA, RI, TX, WI and Canada",V-0026-2022,Class I,"Fromm Four-Star Nutritionals Shredded Beef in Gravy Entr¿e, food for Dogs,   Can UPC 72705-11876.   Net Wt 12 oz (340 g)  Manufactured by Fromm Family Foods, LLC Mequon, WI  53092.  Refrigerate After Opening. 12/12 oz. cans per case.  Case code 11877.  Case UPC 0 72705-11877 9","1,715 cases",Dog food may contain elevated levels of Vitamin D.,09/29/2021,11/26/2021,03/29/2022,10/13/2021,Best by Date  082024
Veterinary,No,01/23/2024,93445,Terminated,Texas Farm Products Company dba TFP Nutrition,915 S Fredonia St,N/A,Nacogdoches,TX,	75964-5913,United States,Voluntary: Firm initiated,Telephone,Products are distributed Nationwide,V-0026-2024,Class I,"Country Acres Farm Dog 55lb 23233TFP 18 -23316TFP 18 Exclusive Red Flannel Adult Formula Dog Food 40lb 23233TFP 18- 23316TFP 18; Exclusive Red Flannel Bites & Bones Dog Food 50lb 23233TFP 18- 23316TFP 18; Exclusive Signature Adult Dog Chicken & Rice Formula 5lb 23233TFP 18 -23316TFP 18; Exclusive Signature Adult Dog Chicken & Rice Formula 15lb 23233TFP 18- 23316TFP 18; Exclusive Signature Adult Dog Chicken & Rice Formula 30lb 23233TFP 18- 23316TFP 18; Exclusive Signature Lamb & Rice Adult 5lb 23233TFP 18 23316TFP 18; Exclusive Signature Lamb & Rice Adult 15lb 23233TFP 18 23316TFP 18;  Exclusive Signature Lamb & Rice Adult 30lb 23233TFP 18 23316TFP 18, Exclusive Signature Large Breed Puppy Food Chicken and Brown Rice Formula 30lb 23233TFP 18 23316TFP 18; H-E-B Texas Pets Chicken Flavor Large Breed Dry Dog Food 30lb 21 AUG 23-12 NOV 23; H-E-B Texas Pets Chicken Flavor Large Breed Dry Dog Food 50lb 21 AUG 23 -12 NOV 23 H-E-B Texas Pets Small Bites Dry Dog Food 8lb 21 AUG 23 -12 NOV 23 H-E-B Texas Pets Small Bites Dry Dog Food 15.5lb 21 AUG 23 12 NOV 23 ; H-E-B Texas Pets Sporting Beef & Chicken Flavor Dry Dog Food 20lb 21 AUG 23 12 NOV 23 ; H-E-B Texas Pets Sporting Beef & Chicken Flavor Dry Dog Food 50lb 21 AUG 23 12 NOV 23 TX;  Hill Country Fare Bite Size Dry Dog Food 20lb 21 AUG 23 12 NOV 23 TX; Hill Country Fare Bite Size Dry Dog Food 50lb 21 AUG 23 12 NOV 23; Lone Star Hi Pro Plus 50lb 21 AUG 23 12 NOV 23 ; Lone Star Mini Chunk 22% 18lb 21 AUG 23 12 NOV 23 ; Lone Star Mini Chunk 22% 40lb 21 AUG 23 12 NOV 23 ; Member s Mark Chicken and Rice Recipe Dog Food 35lb 21 AUG 23 12 NOV 23 ; Member s Mark Chicken and Rice Recipe Dog Food 40lb 21 AUG 23 12 NOV 23 ;C, ND, NE, NH, NJ, NM, NV, NY, OH, OK, PA, PR, SC, SD, TN, TX, UT, VA, WI, WV, WY, PR Retriever Hi Protein Chicken and Beef Recipe Dry Dog Food 50lb 3233 TFP 3316 TFP AR, AZ, CA, HI, KS, LA, MS, NM, NV, OK, OR, TX, UT, WA Retriever Bites and Bones Adult Savory Chicken Recipe Dry Dog Food 50lb 3233 TFP 3316 TFP AR, AZ, CA, HI, KS, LA, MS, NM, NV, OK, OR, TX, UT, WA Retriever Choice Chops Hearty Meat Flavor Dog Food 50lb 3233 TFP 3316 TFP AR, AZ, CA, HI, KS, LA, MS, NM, NV, OK, OR, TX, UT, WA Retriever Mini Chunk Chicken Recipe Dry Dog Food 50lb 3233 TFP 3316 TFP AR, AZ, CA, HI, KS, LA, MS, NM, NV, OK, OR, TX, UT, WA Retriever Puppy Blend Savory Chicken Flavor Dry Dog Food 15lb 3233 TFP 3316 TFP AR, AZ, CA, HI, KS, LA, MS, NM, NV, OK, OR, TX, UT, WA Retriever Puppy Blend Savory Chicken Flavor Dry Dog Food 40lb 3233 TFP 3316 TFP AR, AZ, CA, HI, KS, LA, MS, NM, NV, OK, OR, TX, UT, WA Star Pro Hi-Energy Formula 50lb 21 AUG 23 12 NOV 23 LA, MS, TX Star Pro Maintenance Formula 50lb 21 AUG 23 12 NOV 23 LA, TX Star Pro Performance Formula 40lb 21 AUG 23 12 NOV 23 LA, MS, TX Star Pro Professional Formula 50lb 21 AUG 23 12 NOV 23 LA, TX Star Pro Puppy Formula 20lb 21 AUG 23 12 NOV 23 LA, TX Star Pro Puppy Formula 40lb 21 AUG 23 12 NOV 23 LA, TX Lone Star Floating Catfish Food 50lb 21 AUG 23 12 NOV 23 LA, MS, TX Country Acres Farm Cat All Life Stages Cat Food 40lb 23233TFP 18 23316TFP 18 CA, CO, FL, GA, IA, IL, IN, LA, MN, MO, NC, NE, OH, OK, OR, PA, SD, TX, WA, WI Economax Dry Cat Food 3lb 21 AUG 23 12 NOV 23 TX Economax Dry Cat Food 36lb 21 AUG 23 12 NOV 23 TX Exclusive Red Flannel Cat Formula 20lb 23233TFP 18 23316TFP 18 CA, CO, FL, GA, IA, IL, IN, LA, MN, MO, NC, NE, OH, OK, OR, PA, SD, TX, WA, WI Exclusive Signature Adult Cat Food Weight Management & Hairball Care Chicken & Brown Rice Formula 5lb 23233TFP 18 23316TFP 18 CA, CO, FL, GA, IA, IL, IN, LA, MN, MO, NC, NE, OH, OK, OR, PA, SD, TX, WA, WI Exclusive Signature Adult Cat Food Weight Management & Hairball Care Chicken & Brown Rice Formula 15lb 23233TFP 18 23316TFP 18 CA, CO, FL, GA, IA, IL, IN, LA, MN, MO, NC, NE, OH, OK, OR, PA, SD, TX, WA, WI Feline Medley Formula Cat Food 20lb 23233TFP 18 23316TFP 18 CA, CO, FL, GA, IA, IL, IN, LA, MN, MO, NC, NE, OH, OK, OR, PA, SD, TX, WA, WI H-E-B Texas Pets 4 Flavor Morsels Dry Cat Food ","22,831.30 tons",Positive Salmonella Sample,11/13/2023,01/23/2024,03/03/2025,12/20/2023,Best By 10/05/2024- 11/06/2024
Veterinary,No,11/02/2018,79164,Terminated,Redbarn Pet Products,3229 E Spring St Ste 310,N/A,Long Beach,CA,	90806-2478,United States,Voluntary: Firm initiated,Telephone,"Product distributed to distribution centers and retail stores the following US States: AL, AR, AZ, CA, CO, DE, FL, GA, HI, IA, ID, IL, IN, KS, MA, MI, MN, MO, MT, NC, ND, NJ, NV, NY, OH, OR, PA, RI, SC, SD, TN, TX, UT, VA, WA, WI, and WY. Further distribution to retail stores in likely additional states.",V-0027-2019,Class I,"Redbarn, Steer Sticks, Premium Dog Chews, 6 Count, Redbarn Pet Products, LLC Great Bend Kansas Net Wt. 0.8 OZ (23 g) UPC 785184245026; Packaged in plastic bags.",30 cases,A sample collected by the Colorado Department of agriculture was positive for Salmonella.,02/06/2018,11/01/2018,05/17/2019,05/23/2018,"All lot codes ending in ""BC"""
Veterinary,No,11/26/2021,88786,Terminated,"Fromm Family Foods, LLC",13145 Green Bay Rd,N/A,Mequon,WI,	53097-2206,United States,Voluntary: Firm initiated,"Two or more of the following: Email, Fax, Letter, Press Release, Telephone, Visit","AZ, CA, GA, IL, MI, MN, NJ, NY, OH, PA, RI, TX, WI and Canada",V-0027-2022,Class I,"Fromm Four-Star Nutritionals Shredded Chicken in Gravy Entree, food for Dogs,   Can UPC 72705-11880.   Net Wt 12 oz (340 g)  Manufactured by Fromm Family Foods, LLC Mequon, WI  53092.  Refrigerate After Opening. 12/12 oz. cans per case.  Case code 11877.  Case UPC 0 72705-11877 9 ","1,542 cases",Dog food may contain elevated levels of Vitamin D.,09/29/2021,11/26/2021,03/29/2022,10/13/2021,Best by Date  082024
Veterinary,No,01/23/2024,93641,Ongoing,Lea-Way Farms Inc. dba Blue Ridge Beef,417 Garden Valley Rd,N/A,Statesville,NC,	28625-9427,United States,Voluntary: Firm initiated,Press Release,"Product was shipped to the following states: CT, FL, IA, IL, MA, MD, MI, NC, NY, OH, OR, PA, RI, TN, VA & WI.",V-0027-2024,Class I,"BLUE RIDGE BEEF RAW PET FOOD Puppy Mix For Dogs Net Wt. 2 lbs. (.91kg) Manufactured by: Blue Ridge Beef PO Box 7261, Statesville, NC 28687 UPC 8 54298 00169 6",590cs/15/2lb tubes,The firm was notified by North Carolina Department of Agriculture and Consumer Services that the products tested positive for Salmonella and Listeria.,12/15/2023,01/23/2024,N/A,01/17/2024,All lots between N24 1124 to N24 1224
Veterinary,No,12/22/2025,97982,Terminated,"Fromm Family Foods, LLC",13145 Green Bay Rd,N/A,Mequon,WI,	53097-2206,United States,Voluntary: Firm initiated,"Two or more of the following: Email, Fax, Letter, Press Release, Telephone, Visit","Distributed to consignees in IL, TX, CA and Canada.",V-0027-2026,Class I,"Bonnihill Farms Pet Foods BeefiBowls Beef Recipe Dog Food, Net Wt 16 oz (454g) UPC: 172705135004. Packaged in plastic retail chubs.   3, 16 oz chubs packaged in plastic bag. UPC: 072705135011 4, 3lb bags packages in a case  UPC is: 072705135028  ",300 cases,Potential foreign material (plastic),10/10/2025,12/21/2025,03/13/2026,11/26/2025,12/25/2026B01
Veterinary,No,11/26/2021,88786,Terminated,"Fromm Family Foods, LLC",13145 Green Bay Rd,N/A,Mequon,WI,	53097-2206,United States,Voluntary: Firm initiated,"Two or more of the following: Email, Fax, Letter, Press Release, Telephone, Visit","AZ, CA, GA, IL, MI, MN, NJ, NY, OH, PA, RI, TX, WI and Canada",V-0028-2022,Class I,"Fromm Four-Star Nutritionals Shredded Pork in Gravy Entree, food for Dogs,   Can UPC 72705-11878.   Net Wt 12 oz (340 g)  Manufactured by Fromm Family Foods, LLC Mequon, WI  53092.  Refrigerate After Opening. 12/12 oz. cans per case.  Case code 11877.  Case UPC 0 72705-11877 9 ",165 cases,Dog food may contain elevated levels of Vitamin D.,09/29/2021,11/26/2021,03/29/2022,10/13/2021,Best by Date  082024
Veterinary,No,11/26/2021,88786,Terminated,"Fromm Family Foods, LLC",13145 Green Bay Rd,N/A,Mequon,WI,	53097-2206,United States,Voluntary: Firm initiated,"Two or more of the following: Email, Fax, Letter, Press Release, Telephone, Visit","AZ, CA, GA, IL, MI, MN, NJ, NY, OH, PA, RI, TX, WI and Canada",V-0029-2022,Class I,"Fromm Four-Star Nutritionals Shredded Turkey in Gravy Entree, food for Dogs,   Can UPC 72705-11878.   Net Wt 12 oz (340 g)  Manufactured by Fromm Family Foods, LLC Mequon, WI  53092.  Refrigerate After Opening. 12/12 oz. cans per case.  Case code 11877.  Case UPC 0 72705-11877 9 ","2,101 cases",Dog food may contain elevated levels of Vitamin D.,09/29/2021,11/26/2021,03/29/2022,10/13/2021,Best by Date  082024
Veterinary,No,,38438,Terminated,Castleberry's Food Company,1621 15th St,N/A,Augusta,GA,	30901-3929,United States,N/A,N/A,"Nationwide and some international distribution to Canada, Japan & South Korea.",V-003-2008,Class I,"Dick Van Patten's Natural Balance Eatables for Dogs; Irish Stew With Beef, Potatoes & Carrots; 15 oz can; UPC 2363359860  ","114,779 cases (1,377,348 cans) total for all products",This recall was initiated due to possible contamination of these products with Clostridium botulinum.,07/21/2007,N/A,07/16/2008,,N/A
Veterinary,No,,61820,Terminated,Diamond Pet Foods,103 N Olive St,PO Box 156,Meta,MO,	65058-0156,United States,Voluntary: Firm initiated,"Two or more of the following: Email, Fax, Letter, Press Release, Telephone, Visit",US/Nationwide; Canada; Belize; Costa Rica; Domincan Republic; Guatemala; Hong Kong; Jamaica; Jordan; Japan; Kuwait; Kazakhstan; Lebanon; Sri Lanka; Malasia; Nigeria; Philippines; Pakistan; Russia; Singapore; El Salvadore; Thailand; Trinidad and Tobago; Taiwan,V-003-2013,Class I,"Country Value Hi Energy Dog Formula, Net Wt. 50 lbs, Made by Schell and Kampeter, Meta, Missouri 65058.","Approx. 1,153,000 lbs (for all Country Value products)",Product was found to be contaminated with Salmonella.,05/04/2012,10/19/2012,05/27/2014,10/31/2012,Products (all sizes) with Best Before dates between 9-DEC-2012 and 7-APR-2013; Lot codes with a number '2' or '3' in the 9th position AND an 'X' in the 10th or 11th position.
Veterinary,No,01/20/2026,98221,Terminated,"Consumers Supply Distributing, LLC",5101 Harbor Dr,N/A,Sioux City,IA,	51111-1109,United States,Voluntary: Firm initiated,Press Release,"CO, IA, KS, MO, MT, NE, TX",V-0030-2026,Class I,"1) Country Vet Biscuits Original Meaty Flavor with Chicken, Medium Size, Net Weight 4 LBS. (1.81 KG.) bag, UPC 899623000463, Manufactured by Consumers Supply Distributing, North Sioux City, SD 57049, packed 8 bags per case  2) Heartland Harvest Dog Biscuits, Meaty Flavor with Chicken, Medium Size, Net Weight 4 LBS. (1,8 KG.) bag, UPC 840227340691, Manufactured for Mid-States Distributing, LLC, Fort Worth, TX 76137, packed 8 bags per case",1) 113 cases; 2) 432 cases; 545 cases TOTAL,Potential contamination with Salmonella,12/24/2025,01/20/2026,02/24/2026,01/28/2026,1) Lot 40906513; Best By 090626; Product Code (on case): P1035 2) Lot 40906513; Best By 090626; Item Code (on case): P1150
Veterinary,No,11/20/2024,95555,Ongoing,"Carolina Prime Pet, Inc.",2040 Morganton Blvd Sw,N/A,Lenoir,NC,	28645-4971,United States,Voluntary: Firm initiated,E-Mail,Distributed to a distributor in Tennessee,V-0031-2025,Class I,Hollywood Feed Carolina Made Dog Treat - Chicken Chips 4 oz  UPC 8 10125 85028 8. Packaged in a stand up resealable pouch. 24 pouches per case,"4,224 oz./44 cases",Potential Salmonella contamination,10/07/2024,11/20/2024,N/A,10/30/2024,Product lot number: 20082724 Expiration date: 02/27/26 Bulk product lot number: 20072924-7
Veterinary,No,11/02/2018,79164,Terminated,Redbarn Pet Products,3229 E Spring St Ste 310,N/A,Long Beach,CA,	90806-2478,United States,Voluntary: Firm initiated,Telephone,"Product distributed to distribution centers and retail stores the following US States: AL, AR, AZ, CA, CO, DE, FL, GA, HI, IA, ID, IL, IN, KS, MA, MI, MN, MO, MT, NC, ND, NJ, NV, NY, OH, OR, PA, RI, SC, SD, TN, TX, UT, VA, WA, WI, and WY. Further distribution to retail stores in likely additional states.",V-0032-2019,Class I,"Chewy Louie 7in Bully Stick Premium Dog Chew Redbarn Pet Products, LLC Great Bend Kansas; Net Wt. 0.63 oz (17 g) UPC 785184807019; Packaged in plastic bags.  ",947 cases,A sample collected by the Colorado Department of agriculture was positive for Salmonella.,02/06/2018,11/01/2018,05/17/2019,05/23/2018,"All lot codes ending in ""BC"""
Veterinary,No,12/02/2020,86747,Terminated,ALBRIGHTS RAW DOG FOOD,1025 Osage St,N/A,Fort Wayne,IN,	46808-3401,United States,Voluntary: Firm initiated,Press Release,"Albright s Raw Dog Food Chicken Recipe for Dogs was distributed in CA, FL, IL, IN, NH, NJ, NV, NY, PA, and TN and product was distributed through retail stores, mail order, and direct delivery.",V-0032-2021,Class I,Albright's Raw Dog Food Chicken Recipe For Dogs.   Sold individually as a 2lb chub or 16 chubs in a case.    UPC code on 2lb chub 855404008134  UPC code on 32lb case 108554048131  Sold Frozen.      ,61 cases,Product tested positive for Salmonella.,11/13/2020,12/02/2020,12/15/2020,11/25/2020,"Lot C000185, BEST BY 19 MAY 2021"
Veterinary,No,01/30/2024,93333,Completed,Mid America Pet Food LLC,2024 N Frontage Rd,N/A,Mount Pleasant,TX,	75455-6474,United States,Voluntary: Firm initiated,E-Mail,Product is sold through various distributors who sell the product retail for animal consumption.,V-0033-2024,Class I,"Victor Super Premium Dog Food, Select Beef Meal & Brown Rice Formula  1000016890 5 pound bag 6/12/2024, 1000016891 15 pound bag 6/12/2024, 1000016892 40 pound bag 6/12/2024.  11/9/2023 Recall Expanded to include all products made at MAPF s Mount Pleasant, Texas facility with Best By Dates before October 31, 2024. ","9,508,943 bags",Positive Salmonella sample,10/30/2023,01/30/2024,N/A,12/20/2023,Lot # 1000016890 5 pound bag       Best by 6/12/2024 Lot # 1000016891 15 pound bag Best by 6/12/2024 Lot # 1000016892 40 pound bag Best by 6/12/2024 11/9/2023 Expanded to include: All lots with Best By Before 10/31/2024
Veterinary,No,11/02/2018,79164,Terminated,Redbarn Pet Products,3229 E Spring St Ste 310,N/A,Long Beach,CA,	90806-2478,United States,Voluntary: Firm initiated,Telephone,"Product distributed to distribution centers and retail stores the following US States: AL, AR, AZ, CA, CO, DE, FL, GA, HI, IA, ID, IL, IN, KS, MA, MI, MN, MO, MT, NC, ND, NJ, NV, NY, OH, OR, PA, RI, SC, SD, TN, TX, UT, VA, WA, WI, and WY. Further distribution to retail stores in likely additional states.",V-0034-2019,Class I,"Good Lovin' Dog Chews Traditional Beef Steer Chews, Net Wt. 1.05 Oz (29.8 g) 10 Count, UPC 800443272732; Packaged in plastic bags  ",289 cases,A sample collected by the Colorado Department of agriculture was positive for Salmonella.,02/06/2018,11/01/2018,05/17/2019,05/23/2018,"All lot codes ending in ""BC"""
Veterinary,No,11/02/2018,79164,Terminated,Redbarn Pet Products,3229 E Spring St Ste 310,N/A,Long Beach,CA,	90806-2478,United States,Voluntary: Firm initiated,Telephone,"Product distributed to distribution centers and retail stores the following US States: AL, AR, AZ, CA, CO, DE, FL, GA, HI, IA, ID, IL, IN, KS, MA, MI, MN, MO, MT, NC, ND, NJ, NV, NY, OH, OR, PA, RI, SC, SD, TN, TX, UT, VA, WA, WI, and WY. Further distribution to retail stores in likely additional states.",V-0035-2019,Class I,"Good Lovin' Dog Chews Traditional Beef Bully Sticks, Net Wt. 2.4 Oz (68 g) 6 Count, UPC 800443272862; Packaged in plastic bags.    ","1,040 cases",A sample collected by the Colorado Department of agriculture was positive for Salmonella.,02/06/2018,11/01/2018,05/17/2019,05/23/2018,"All lot codes ending in ""BC"""
Veterinary,No,11/02/2018,79164,Terminated,Redbarn Pet Products,3229 E Spring St Ste 310,N/A,Long Beach,CA,	90806-2478,United States,Voluntary: Firm initiated,Telephone,"Product distributed to distribution centers and retail stores the following US States: AL, AR, AZ, CA, CO, DE, FL, GA, HI, IA, ID, IL, IN, KS, MA, MI, MN, MO, MT, NC, ND, NJ, NV, NY, OH, OR, PA, RI, SC, SD, TN, TX, UT, VA, WA, WI, and WY. Further distribution to retail stores in likely additional states.",V-0036-2019,Class I,"Good Lovin' 7 Inch Dog Chews Traditional Beef Bully Sticks, Net Wt. .49 Oz (13.9 g) 1 Count, UPC 800443272893; No packaging: the label is a tag on the stick.   ",820 cases,A sample collected by the Colorado Department of agriculture was positive for Salmonella.,02/06/2018,11/01/2018,05/17/2019,05/23/2018,"All lot codes ending in ""BC"""
Veterinary,No,02/26/2024,93862,Ongoing,Viva Raw,500 Valley Forge Rd,N/A,Hillsborough,NC,	27278-9502,United States,Voluntary: Firm initiated,E-Mail,"Product was shipped to the following states: AK, AL, AZ, CA, CO, CT, DC, DE, FL, GA, HI, IA, ID, IL, IN, KS, KY, LA, MA, MD, ME, MI, MN, MO, MS, MT, NC, ND, NE, NH, NJ, NM, NV, NY, OH, OK, OR, PA, RI, SC, SD, TN, TX, UT, VA, VT, WA, WI, WV & WY.",V-0036-2024,Class I,"VIVA for dogs Chunked duck net wt. 1 lb (454g) 500 valley Forge Rd, Hillsborough, NC 27278",960/2/1lb packages,FDA notified the firm that via our Adverse Event Reporting system that a positive test results for Listeria monocytogenes and Salmonella was found in the product.,01/23/2024,02/26/2024,N/A,02/07/2024,LOT# 22853 11:04 1
Veterinary,No,11/02/2018,79164,Terminated,Redbarn Pet Products,3229 E Spring St Ste 310,N/A,Long Beach,CA,	90806-2478,United States,Voluntary: Firm initiated,Telephone,"Product distributed to distribution centers and retail stores the following US States: AL, AR, AZ, CA, CO, DE, FL, GA, HI, IA, ID, IL, IN, KS, MA, MI, MN, MO, MT, NC, ND, NJ, NV, NY, OH, OR, PA, RI, SC, SD, TN, TX, UT, VA, WA, WI, and WY. Further distribution to retail stores in likely additional states.",V-0037-2019,Class I,"Good Lovin' 5 Inch Dog Chews Traditional Beef Bully Sticks, Net Wt. .38 Oz (10.8 g) 1 Count, UPC 800443272947; No packaging: the label is a tag on the stick.   ",623 cases,A sample collected by the Colorado Department of agriculture was positive for Salmonella.,02/06/2018,11/01/2018,05/17/2019,05/23/2018,"All lot codes ending in ""BC"""
Veterinary,No,02/26/2024,93862,Ongoing,Viva Raw,500 Valley Forge Rd,N/A,Hillsborough,NC,	27278-9502,United States,Voluntary: Firm initiated,E-Mail,"Product was shipped to the following states: AK, AL, AZ, CA, CO, CT, DC, DE, FL, GA, HI, IA, ID, IL, IN, KS, KY, LA, MA, MD, ME, MI, MN, MO, MS, MT, NC, ND, NE, NH, NJ, NM, NV, NY, OH, OK, OR, PA, RI, SC, SD, TN, TX, UT, VA, VT, WA, WI, WV & WY.",V-0037-2024,Class I,"VIVA for dogs GROUND duck net wt. 1 lb (454g) Viva Raw 500 valley Forge Rd, Hillsborough, NC 27278","2,176/2/1lb packages",FDA notified the firm that via our Adverse Event Reporting system that a positive test results for Listeria monocytogenes and Salmonella was found in the product.,01/23/2024,02/26/2024,N/A,02/07/2024,LOT# 22853
Veterinary,No,11/02/2018,79164,Terminated,Redbarn Pet Products,3229 E Spring St Ste 310,N/A,Long Beach,CA,	90806-2478,United States,Voluntary: Firm initiated,Telephone,"Product distributed to distribution centers and retail stores the following US States: AL, AR, AZ, CA, CO, DE, FL, GA, HI, IA, ID, IL, IN, KS, MA, MI, MN, MO, MT, NC, ND, NJ, NV, NY, OH, OR, PA, RI, SC, SD, TN, TX, UT, VA, WA, WI, and WY. Further distribution to retail stores in likely additional states.",V-0038-2019,Class I,"Good Lovin' XL Dog Chews Traditional Beef Bully Sticks, Net Wt. 1.7 Oz (48.2 g) 1 Count, UPC 800443273012; No packaging: the label is a tag on the stick.",139 cases,A sample collected by the Colorado Department of agriculture was positive for Salmonella.,02/06/2018,11/01/2018,05/17/2019,05/23/2018,"All lot codes ending in ""BC"""
Veterinary,No,11/02/2018,79164,Terminated,Redbarn Pet Products,3229 E Spring St Ste 310,N/A,Long Beach,CA,	90806-2478,United States,Voluntary: Firm initiated,Telephone,"Product distributed to distribution centers and retail stores the following US States: AL, AR, AZ, CA, CO, DE, FL, GA, HI, IA, ID, IL, IN, KS, MA, MI, MN, MO, MT, NC, ND, NJ, NV, NY, OH, OR, PA, RI, SC, SD, TN, TX, UT, VA, WA, WI, and WY. Further distribution to retail stores in likely additional states.",V-0039-2019,Class I,"Dog Chew 7'' Bully Stick, 1 Count, UPC 785184207017; No packaging: the label is a tag on the stick.   ",74 cases,A sample collected by the Colorado Department of agriculture was positive for Salmonella.,02/06/2018,11/01/2018,05/17/2019,05/23/2018,"All lot codes ending in ""BC"""
Veterinary,No,02/08/2021,87068,Terminated,Midwestern Pet Foods Chickasha Operation,913 N 9th St,N/A,Chickasha,OK,	73018-1817,United States,Voluntary: Firm initiated,"Two or more of the following: Email, Fax, Letter, Press Release, Telephone, Visit","Nationwide throughout the United States and   Bahrain,  Barbados,  Chile,  Costa Rica,  Curacao,  Cyprus,  Czech Republic,  Ecuador,  El Salvador,  French Polynesia,  Ghana,  Guatemala,  Honduras,  Hong Kong,  Iceland,  Indonesia,  Ireland,  Israel,  Korea,  Kuwait,  Lebanon,  Lithuania,  Malaysia,  Mexico,  New Zealand,  Nicaraugua,  Panama,  Peru,  Singapore,  Taiwan,  Trinidad,  Ukraine,  United Arab Emirates,  Uruguay,  Vietnam",V-0039-2021,Class I,Sportmix Premium Energy Plus Targeted Nutrition for Dogs UPC 034846700916 packaged in 50 pound bag and Sportmix Premium Energy Plus Targeted Nutrition for Dogs UPC 034846700725 packaged in 44 pound bag,"22,497,832 pounds (11248.916 tons)",Elevated levels of aflatoxin,12/30/2020,02/08/2021,10/25/2021,01/27/2021,"Lot #   01022021L2 05,  01022021L3 05,  01102021L2 05,  01102021L3 05,  01172021L2 05,  01172021L3 05,  01242021L2 05,  01252021L2 05,  01252021L3 05,  01312021L2 05,  01312021L3 05,  02072021L2 05,  02072021L3 05,  02082021L3 05,  02082021L3 05,  02132021L3 05,  02142021L2 05,  02192021L2 05,  02192021L2 05,  02202021L2 05,  02202021L3 05,  02202021L3 05,  02272021L2 05,  02282021L2 05,  02282021L3 05,  02282021L3 05,  03042021L2 05,  03042021L2 05,  03052021L2 05,  03052021L3 05,  03102021L2 05,  03112021L2 05,  03182021L2 05,  03182021L3 05,  03252021L2 05,  03252021L3 05,  04022021L2 05,  04022021L3 05,  04092021L2 05,  04092021L3 05,  04152021L2 05,  04152021L3 05,  04162021L2 05,  04222021L2 05,  04232021L2 05,  04302021L2 05,  04302021L3 05,  05062021L2 05,  05122021L3 05,  05122021L3 05,  05132021L2 05,  05132021L3 05,  05202021L2 05,  05202021L3 05,  05262021L3 05,  05262021L3 05,  05272021L2 05,  06042021L2 05,  06042021L3 05,  06102021L2 05,  06102021L3 05,  06112021L2 05,  06112021L3 05,  06182021L2 05,  06182021L3 05,  06182021L2 05,  06272021L2 05,  07032021L3 05,  07082021L2 05,  07082021L3 05,  07082021L3 05,  07142021L2 05,  07152021L2 05,  07152021L3 05,  07222021L3 05,  07222021L3 05,  07232021L2 05,  07282021L2 05,  07282021L2 05,  07292021L2 05,  07292021L3 05,  08052021L2 05,  08052021L3 05,  08052021L2 05,  08062021L3 05,  08112021L2 05,  08122021L2 05,  08122021L3 05,  08182021L3 05,  08192021L2 05,  08192021L3 05,  08262021L2 05,  08262021L3 05,  09042021L2 05,  09042021L3 05,  09112021L2 05,  09112021L3 05,  09182021L2 05,  09182021L3 05,  09182021L3 05,  09192021L2 05,  09252021L3 05,  09262021L2 05,  09262021L3 05,  10012021L2 05,  10012021L3 05,  10072021L3 05,  10082021L2 05,  10082021L3 05,  10152021L2 05,  10152021L3 05,  10222021L2 05,  10222021L3 05,  10282021L2 05,  10282021L2 05,  10292021L2 05,  10292021L3 05,  11062021L2 05,  11062021L3 05,  11132021L2 05,  11132021L3 05,  11202021L2 05,  11202021L3 05,  11272021L2 05,  11272021L3 05,  11272021L2 05,  12032021L2 05,  12032021L3 05,  12102021L2 05,  12102021L3 05,  12122021L2 05,  12122021L3 05,  12122021L3 05,  12222021L2 05,  12222021L2 05,  12232021L2 05,  12232021L3 05,  12232021L3 05,  01012022L2 05,  01012022L3 05,  01082022L2 05,  01082022L3 05,  01152022L2 05,  01152022L3 05,  01222022L3 05,  01232022L2 05,  01292022L3 05,  01302022L3 05,  02052022L3 05,  02062022L2 05,  02132022L2 05,  02132022L3 05,  02192022L2 05,  02192022L3 05,  02192022L3 05,  02262022L2 05,  02262022L3 05,  03022022L2 05,  03022022L3 05,  03032022L2 05,  03032022L3 05,  03102022L3 05,  03162022L2 05,  03232022L2 05,  03232022L3 05,  03302022L2 05,  03302022L3 05,  04012022L3 05,  04082022L2 05,  04132022L3 05,  04142022L3 05,  04142022L3 05,  04212022L2 05,  04212022L3 05,  04232022L2 05,  04282022L3 05,  04282022L3 05,  04292022L3 05,  05042022L2 05,  05042022L3 05,  05102022L2 05,  05112022L2 05,  05112022L3 05,  05182022L3 05,  05182022L3 05,  05242022L3 05,  05242022L3 05,  05252022L2 05,  01012021L3 05,  01022021L3 05,  01102021L3 05,  01172021L3 05,  01252021L2 05,  01252021L3 05,  01312021L3 05,  02072021L3 05,  02132021L2 05,  02132021L3 05,  02192021L3 05,  02202021L3 05,  02272021L3 05,  02282021L3 05,  03052021L3 05,  03102021L2 05,  03112021L3 05,  03172021L3 05,  03172021L3 05,  03182021L3 05,  03252021L3 05,  04022021L3 05,  04082021L3 05,  04092021L3 05,  04152021L3 05,  04222021L3 05,  04232021L2 05,  04232021L3 05,  04292021L3 05,  04292021L3 05,  04302021L3 05,  05052021L3 05,  05052021L3 05,  05062021L2 05,  05062021L3 05,  05122021L3 05,  05192021L3 05,  05202021L3 05,  05262021L2 05,  05262021L3 05,  06042021L3 05,  06102021L3 05,  06182021L3 05,  06272021L2 05,  06272021L3 05,  07032021L3 05,  07082021L3 05,  07142021L3 05,  07142021L3 05,  07152021L3 05,  07222021L2 05,  07222021L3 05,  07282021L3 05,  07292021L3 05,  08052021L3 05,  08112021L3 05,  08112021L3 05,  08122021L3 05,  08182021L3 05,  08262021L3 05,  09042021L3 05,  09102021L3 05,  09102021L3 05,  09112021L3 05,  09182021L3 05,  09252021L2 05,  09252021L3 05,  09302021L3 05,  10012021L3 05,  10072021L3 05,  10152021L3 05,  10222021L3 05,  10282021L3 05,  10282021L3 05,  11052021L3 05,  11062021L3 05,  11132021L3 05,  11202021L3 05,  11272021L3 05,  12022021L3 05,  12032021L3 05,  12092021L3 05,  12102021L2 05,  12102021L3 05,  12122021L3 05,  12232021L3 05,  01012022L2 05,  01012022L3 05,  01062022L3 05,  01062022L3 05,  01082022L3 05,  01142022L3 05,  01152022L3 05,  01222022L3 05,  01222022L3 05,  01292022L3 05,  02052022L3 05,  02052022L3 05,  02132022L3 05,  02192022L3 05,  02252022L3 05,  02252022L3 05,  03022022L3 05,  03102022L3 05,  03152022L3 05,  03152022L3 05,  03232022L3 05,  03292022L3 05,  03302022L3 05,  04012022L3 05,  04072022L3 05,  04072022L3 05,  04132022L3 05,  04132022L3 05,  04142022L3 05,  04212022L3 05,  04222022L3 05,  04232022L2 05,  04232022L3 05,  04282022L3 05,  05042022L3 05,  05102022L3 05,  05102022L3 05,  05112022L3 05,  05172022L3 05,  05182022L2 05,  05182022L3 05,  05242022L2 05,  05242022L3 05,  06022022L3 05,  06092022L3 05,  06102022L3 05,  06162022L3 05,  06222022L3 05,  06232022L3 05,  06302022L3 05,  07062022L2 05,  07072022L3 05,  06022022L2 05,  06022022L3 05,  0320222 L 05,  06032022L2 05,  06102022L2 05,  06102022L3 05,  06162022L2 05,  06162022L3 05,  06232022L2 05,  06232022L3 05,  06302022L2 05,  06302022L3 05,  07072022L2 05,  07072022L3 05"
Veterinary,No,,38438,Terminated,Castleberry's Food Company,1621 15th St,N/A,Augusta,GA,	30901-3929,United States,N/A,N/A,"Nationwide and some international distribution to Canada, Japan & South Korea.",V-004-2008,Class I,Dick Van Patten's Natural Balance Eatables for Dogs; Chinese Take Out With Sauce With Vegetables and Chicken; 15 oz can; UPC 2363359861,"114,779 cases (1,377,348 cans) total for all products",This recall was initiated due to possible contamination of these products with Clostridium botulinum.,07/21/2007,N/A,07/16/2008,,N/A
Veterinary,No,,29976,Terminated,Fort Dodge Laboratories Inc,800 5th St NW,PO Box 518,Fort Dodge,IA,	50501-0518,United States,N/A,N/A,"Distribution was made direct to distributors and some direct account veterinary clinics located nationwide.     Foreign distribution was made to Canada, Korea, Japan,  Italy, Spain, France, Greece, and Portugal.",V-004-5,Class I,"Fort Dodge ProHeart 6 (moxidectin) Sustained Release Injectable for Dogs, Sterile Vehicle 17 ml. to be used to constitute moxidectin microspheres, 10% w/w moxidectin microspheres,  packaged in 5- and 10-unit packs 20/5-packs per case and 10/10-packs per case,  RX, NADA 141-189.  The firm on the label is Fort Dodge Animal Health, Fort Dodge, IA.    Foreign distribution is made to Canada under the Wyeth ProHeart 6 label.  The firm on the label is Wyeth Animal Health, Division of Wyeth Canada, Guelph, Ontario. Distribution is also made to Italy, Spain, France, Greece, and Portugal under the Fort Dodge Guardian SR label.","17,207/5-packs and 26,364/10-packs",FDA Requested due to serious health concerns.,09/03/2004,N/A,04/25/2008,,N/A
Veterinary,No,11/02/2018,79164,Terminated,Redbarn Pet Products,3229 E Spring St Ste 310,N/A,Long Beach,CA,	90806-2478,United States,Voluntary: Firm initiated,Telephone,"Product distributed to distribution centers and retail stores the following US States: AL, AR, AZ, CA, CO, DE, FL, GA, HI, IA, ID, IL, IN, KS, MA, MI, MN, MO, MT, NC, ND, NJ, NV, NY, OH, OR, PA, RI, SC, SD, TN, TX, UT, VA, WA, WI, and WY. Further distribution to retail stores in likely additional states.",V-0040-2019,Class I,"Dog Chew 7'' Bully Stick, 6 Count, UPC 785184207062; Packaged in plastic bags; No packaging: the label is a tag on the stick.",180 cases,A sample collected by the Colorado Department of agriculture was positive for Salmonella.,02/06/2018,11/01/2018,05/17/2019,05/23/2018,"All lot codes ending in ""BC"""
Veterinary,No,02/08/2021,87068,Terminated,Midwestern Pet Foods Chickasha Operation,913 N 9th St,N/A,Chickasha,OK,	73018-1817,United States,Voluntary: Firm initiated,"Two or more of the following: Email, Fax, Letter, Press Release, Telephone, Visit","Nationwide throughout the United States and   Bahrain,  Barbados,  Chile,  Costa Rica,  Curacao,  Cyprus,  Czech Republic,  Ecuador,  El Salvador,  French Polynesia,  Ghana,  Guatemala,  Honduras,  Hong Kong,  Iceland,  Indonesia,  Ireland,  Israel,  Korea,  Kuwait,  Lebanon,  Lithuania,  Malaysia,  Mexico,  New Zealand,  Nicaraugua,  Panama,  Peru,  Singapore,  Taiwan,  Trinidad,  Ukraine,  United Arab Emirates,  Uruguay,  Vietnam",V-0040-2021,Class I,Sportmix Premium High Energy Targeted Nutrition for Dogs UPC 034846700435 packaged in 50 pound bag and Sportmix Premium High Energy Targeted Nutrition for Dogs UPC 034846700473 packaged in 44 pound bag,"10,343,432 pounds (5171.7 tons)",Elevated levels of aflatoxin,12/30/2020,02/08/2021,10/25/2021,01/27/2021,"Lot #     01022021L2 05,  01022021L3 05,  01022021L3 05,  01102021L2 05,  01102021L3 05,  01182021L3 05,  01182021L3 05,  01242021L3 05,  02072021L2 05,  02072021L3 05,  02072021L3 05,  02142021L2 05,  02142021L3 05,  02202021L2 05,  02202021L3 05,  02282021L3 05,  03052021L2 05,  03052021L3 05,  03112021L2 05,  03182021L2 05,  03182021L3 05,  03252021L2 05,  03252021L3 05,  04022021L2 05,  04022021L3 05,  04082021L3 05,  04162021L2 05,  04162021L3 05,  04232021L3 05,  04302021L2 05,  04302021L3 05,  05062021L3 05,  05132021L2 05,  05132021L3 05,  05202021L3 05,  05272021L3 05,  06052021L2 05,  06052021L3 05,  06112021L3 05,  06192021L3 05,  06262021L2 05,  07022021L2 05,  07022021L3 05,  07022021L2 05,  07022021L3 05,  07082021L2 05,  07082021L3 05,  07152021L3 05,  07152021L3 05,  07222021L2 05,  07222021L3 05,  07292021L2 05,  07292021L3 05,  08062021L2 05,  08062021L3 05,  08132021L2 05,  08132021L3 05,  08192021L3 05,  08262021L3 05,  08262021L3 05,  09042021L3 05,  09042021L3 05,  09112021L3 05,  09192021L2 05,  09192021L3 05,  09262021L3 05,  10012021L2 05,  10012021L3 05,  10082021L2 05,  10162021L2 05,  10162021L3 05,  10222021L3 05,  10292021L3 05,  11062021L3 05,  11142021L3 05,  11202021L3 05,  11282021L3 05,  12032021L3 05,  12112021L3 05,  12112021L3 05,  12242021L3 05,  12252021L2 05,  12252021L3 05,  01012022L2 05,  01082022L2 05,  01082022L3 05,  01082022L2 05,  01152022L3 05,  01232022L2 05,  01232022L3 05,  01302022L2 05,  01302022L3 05,  02062022L2 05,  02062022L3 05,  02142022L3 05,  02182022L2 05,  02182022L3 05,  02192022L2 05,  02262022L3 05,  03032022L3 05,  03102022L2 05,  03102022L3 05,  03232022L2 05,  03232022L2 05,  03232022L3 05  03302022L2 05,  03302022L3 05,  04082022L2 05,  04082022L3 05,  04212022L3 05,  04292022L2 05,  04292022L3 05,  05042022L3 05,  05112022L2 05,  05112022L3 05,  05192022L2 05,  05192022L3 05,  05252022L3 05,  06032022L3 05,  06072022L3 05,  06102022L3 05,  06172022L3 05,  06222022L3 05,  06292022L2 05,  06292022L3 05,  07062022L2 05,  07062022L3 05,  01022021L2 05,  01022021L3 05,  01102021L3 05,  01182021L3 05,  01242021L2 05,  01242021L3 05,  02072021L3 05,  02142021L3 05,  02202021L3 05,  02282021L3 05,  03052021L2 05,  03112021L2 05,  03182021L3 05,  03182021L3 05,  03252021L3 05,  04022021L2 05,  04022021L3 05,  04082021L3 05,  04162021L3 05,  04232021L3 05,  04302021L2 05,  04302021L3 05,  05062021L3 05,  05132021L3 05,  05202021L3 05,  05272021L3 05,  06052021L3 05,  06112021L3 05,  06182021L3 05,  06182021L3 05,  06262021L3 05,  06262021L3 05,  07022021L3 05,  07082021L3 05,  07152021L3 05,  07222021L3 05,  07292021L3 05,  08062021L3 05,  08132021L3 05,  08192021L3 05,  08262021L3 05,  09042021L3 05,  09112021L3 05,  09192021L3 05,  09262021L3 05,  10012021L3 05,  10082021L2 05,  10082021L3 05,  10162021L3 05,  10172021L3 05,  10222021L3 05,  10292021L3 05,  11062021L3 05,  11142021L3 05,  11202021L3 05,  11282021L3 05,  12032021L3 05,  12112021L3 05,  12242021L3 05,  12252021L3 05,  01012022L3 05,  01082022L3 05,  01152022L3 05,  01232022L3 05,  01302022L3 05,  02062022L3 05,  02142022L3 05,  02182022L3 05,  02262022L3 05,  03032022L3 05,  03092022L3 05,  03092022L3 05,  03102022L2 05,  03102022L3 05,  03232022L3 05,  03302022L3 05,  04082022L3 05,  04212022L3 05,  04292022L3 05,  05042022L3 05,  05112022L3 05,  05192022L2 05,  05192022L3 05,  05252022L3 05,  06032022L3 05,  06102022L3 05,  06162022L3 05,  06172022L3 05,  06222022L3 05,  06292022L3 05,  07062022L3 05"
Veterinary,No,11/02/2018,79164,Terminated,Redbarn Pet Products,3229 E Spring St Ste 310,N/A,Long Beach,CA,	90806-2478,United States,Voluntary: Firm initiated,Telephone,"Product distributed to distribution centers and retail stores the following US States: AL, AR, AZ, CA, CO, DE, FL, GA, HI, IA, ID, IL, IN, KS, MA, MI, MN, MO, MT, NC, ND, NJ, NV, NY, OH, OR, PA, RI, SC, SD, TN, TX, UT, VA, WA, WI, and WY. Further distribution to retail stores in likely additional states.",V-0041-2019,Class I,"Dog Chew 36'' Bully Stick, 1 Count, UPC 785184236116; No packaging: the label is a tag on the stick.     ",36 cases,A sample collected by the Colorado Department of agriculture was positive for Salmonella.,02/06/2018,11/01/2018,05/17/2019,05/23/2018,"All lot codes ending in ""BC"""
Veterinary,No,11/02/2018,79323,Terminated,Northwest Naturals Inc,4050 NE 158th Ave,N/A,Portland,OR,	97230-5003,United States,Voluntary: Firm initiated,Telephone,"California, Michigan, Pennsylvania, Rhode Island, Texas, and Washington.",V-0042-2019,Class I,"Raw Diet for Dogs Chicken & Salmon Recipe, Northwest Natural brand, frozen product, Net wt. 5 lbs.  UPC 0 87316 38440 6",94 cases,"Raw Diet for Dogs Chicken & Salmon Recipe, frozen, is recalled due to a potential for contamination with Listeria monocytogenes.",02/21/2018,11/01/2018,11/07/2018,03/21/2018,15 082218  The code is interpreted as follows:  -15 is the batch number made on 12-22-2016.  -082218 is the expiration date 8-22-2018.
Veterinary,No,02/08/2021,87068,Terminated,Midwestern Pet Foods Chickasha Operation,913 N 9th St,N/A,Chickasha,OK,	73018-1817,United States,Voluntary: Firm initiated,"Two or more of the following: Email, Fax, Letter, Press Release, Telephone, Visit","Nationwide throughout the United States and   Bahrain,  Barbados,  Chile,  Costa Rica,  Curacao,  Cyprus,  Czech Republic,  Ecuador,  El Salvador,  French Polynesia,  Ghana,  Guatemala,  Honduras,  Hong Kong,  Iceland,  Indonesia,  Ireland,  Israel,  Korea,  Kuwait,  Lebanon,  Lithuania,  Malaysia,  Mexico,  New Zealand,  Nicaraugua,  Panama,  Peru,  Singapore,  Taiwan,  Trinidad,  Ukraine,  United Arab Emirates,  Uruguay,  Vietnam",V-0042-2021,Class I,Pro Pac Dog Adult Mini Chunk Superpremium Dog Food UPC 034846704518 packaged in 40 pound bag,"759,000 pounds (379.5 tons)",Elevated levels of aflatoxin,12/30/2020,02/08/2021,10/25/2021,01/27/2021,"Lot #    02062021L2 05,  02062021L3 05,  04152021L2 05,  04152021L3 05,  06172021L3 05,  08042021L3 05,  10062021L3 05,  11112021L3 05,  11122021L3 05,  02042022L2 05,  02042022L3 05,  03242022L3 05,  06012022L3 05,  06152022L3 05"
Veterinary,No,12/11/2024,95833,Ongoing,"Carolina Prime Pet, Inc.",2040 Morganton Blvd Sw,N/A,Lenoir,NC,	28645-4971,United States,Voluntary: Firm initiated,"Two or more of the following: Email, Fax, Letter, Press Release, Telephone, Visit",Distributed to a consignee in Tennessee,V-0042-2025,Class I,Hollywood Feed Carolina Made Dog Treat - Chicken Chips Net Wt. 16 oz. UPC: 810125850295 Packaged in a stand up resealable pouch. 16 bags per case.,6400 oz/400 bags,Potential Salmonella contamination,11/15/2024,12/11/2024,N/A,12/11/2024,Lot: 20051324L2 Expiration date 11/13/25.
Veterinary,No,02/08/2021,87068,Terminated,Midwestern Pet Foods Chickasha Operation,913 N 9th St,N/A,Chickasha,OK,	73018-1817,United States,Voluntary: Firm initiated,"Two or more of the following: Email, Fax, Letter, Press Release, Telephone, Visit","Nationwide throughout the United States and   Bahrain,  Barbados,  Chile,  Costa Rica,  Curacao,  Cyprus,  Czech Republic,  Ecuador,  El Salvador,  French Polynesia,  Ghana,  Guatemala,  Honduras,  Hong Kong,  Iceland,  Indonesia,  Ireland,  Israel,  Korea,  Kuwait,  Lebanon,  Lithuania,  Malaysia,  Mexico,  New Zealand,  Nicaraugua,  Panama,  Peru,  Singapore,  Taiwan,  Trinidad,  Ukraine,  United Arab Emirates,  Uruguay,  Vietnam",V-0043-2021,Class I,Pro Pac Dog Performance Puppy Superpremium Dog Food UPC 034846704112 packaged in 40 pound bag,"1,131,240 pounds (565.62 tons)",Elevated levels of aflatoxin,12/30/2020,02/08/2021,10/25/2021,01/27/2021,"Lot #     01092021L3 05,  01092021L3 05,  02072021L2 05,  02072021L3 05,  02072021L2 05,  04082021L2 05,  06022021L3 05,  07202021L3 05,  07202021L3 05,  07212021L3 05,  08202021L3 05,  10062021L3 05,  10062021L3 05,  11062021L3 05,  11062021L3 05,  01272022L3 05,  02282022L3 05,  04052022L3 05,  06082022L2 05,  06082022L3 05"
Veterinary,No,02/08/2021,87068,Terminated,Midwestern Pet Foods Chickasha Operation,913 N 9th St,N/A,Chickasha,OK,	73018-1817,United States,Voluntary: Firm initiated,"Two or more of the following: Email, Fax, Letter, Press Release, Telephone, Visit","Nationwide throughout the United States and   Bahrain,  Barbados,  Chile,  Costa Rica,  Curacao,  Cyprus,  Czech Republic,  Ecuador,  El Salvador,  French Polynesia,  Ghana,  Guatemala,  Honduras,  Hong Kong,  Iceland,  Indonesia,  Ireland,  Israel,  Korea,  Kuwait,  Lebanon,  Lithuania,  Malaysia,  Mexico,  New Zealand,  Nicaraugua,  Panama,  Peru,  Singapore,  Taiwan,  Trinidad,  Ukraine,  United Arab Emirates,  Uruguay,  Vietnam",V-0045-2021,Class I,Nunn Better Hunter's Select Dog Food Maintenance UPC 041694008712 packaged in 50 pound bag,Unknown,Elevated levels of aflatoxin,12/30/2020,02/08/2021,10/25/2021,01/27/2021,"Lot #    01152021L2 05,  01152021L2 05,  03162021L2 05,  03162021L2 05,  03172021L2 05,  04072021L3 05,  05112021L3 05,  06092021L3 05,  06302021L3 05,  07162021L3 05,  09232021L3 05,  10202021L3 05,  11112021L3 05,  12222021L3 05,  01132022L3 05,  02102022L3 05,  04122022L3 05,  05092022L3 05,  06012022L3 05,  06072022L3 05,  06282022L3 05"
Veterinary,No,,80013,Terminated,"TRUPET, LLC",100 Techne Center Dr Ste 21,N/A,Milford,OH,	45150-2780,United States,Voluntary: Firm initiated,E-Mail,nationwide,V-0046-2019,Class I,"TruDog, Treat Me Crunchy Beef Delight, Freeze-Dried Raw Super Treats for Dogs.  Net Wt. 2.5 oz. (71g), UPC 52990-00522.  TruPet, LLC, 100 Techne Center Drive, Suite 210, Milford, OH  45150.","6,000 units",Pet food has the potential to be contaminated with Salmonella.,02/23/2018,11/01/2018,04/24/2020,11/07/2018,20190514 13753
Veterinary,No,02/08/2021,87068,Terminated,Midwestern Pet Foods Chickasha Operation,913 N 9th St,N/A,Chickasha,OK,	73018-1817,United States,Voluntary: Firm initiated,"Two or more of the following: Email, Fax, Letter, Press Release, Telephone, Visit","Nationwide throughout the United States and   Bahrain,  Barbados,  Chile,  Costa Rica,  Curacao,  Cyprus,  Czech Republic,  Ecuador,  El Salvador,  French Polynesia,  Ghana,  Guatemala,  Honduras,  Hong Kong,  Iceland,  Indonesia,  Ireland,  Israel,  Korea,  Kuwait,  Lebanon,  Lithuania,  Malaysia,  Mexico,  New Zealand,  Nicaraugua,  Panama,  Peru,  Singapore,  Taiwan,  Trinidad,  Ukraine,  United Arab Emirates,  Uruguay,  Vietnam",V-0046-2021,Class I,Sportstrail Bite Size Dog Food UPC 034846599015 packaged in 50 pound bag,2990100 pounds (1495.05 tons),Elevated levels of aflatoxin,12/30/2020,02/08/2021,10/25/2021,01/27/2021,"Lot #    04022021L3 05,  04252021L2 05,  05042021L3 05,  05042021L3 05,  05052021L3 05,  05132021L3 05,  05142021L2 05,  06022021L3 05,  06032021L3 05,  06162021L3 05,  07072021L3 05,  07132021L3 05,  08032021L3 05,  08132021L3 05,  08142021L3 05,  08242021L3 05,  09092021L3 05,  09302021L3 05,  10132021L3 05,  10272021L3 05,  11122021L3 05,  12012021L3 05,  01072022L2 05,  01072022L3 05,  01172022L3 05,  01232022L3 05,  02032022L3 05,  03082022L3 05,  03092022L3 05,  03212022L3 05,  04052022L3 05,  04062022L3 05,  04272022L3 05,  05102022L3 05,  06082022L3 05,  06212022L3 05,  01082021L3 05,  01082021L3 05,  01292021L3 05,  02052021L3 05,  02272021L2 05,  02282021L2 05,  03162021L2 05,  03162021L3 05,  04012021L2 05,  04012021L3 05"
Veterinary,No,12/20/2024,95879,Terminated,Lea-Way Farms Inc. dba Blue Ridge Beef,417 Garden Valley Rd,N/A,Statesville,NC,	28625-9427,United States,Voluntary: Firm initiated,E-Mail,"Distributed to distributors in IL, MI, MA, CT, OH, PA, VA, NH, and MD ",V-0046-2025,Class I,"Blue Ridge Beef Puppy Mix For Dogs Net Wt. 2 lbs (.91 kg) UPC: 854298001696. Packaged in clear plastic chub bags, 15 packages per case. Frozen.","320 cases/9,600lbs",Possible Salmonella contamination,11/27/2024,12/19/2024,03/28/2025,12/18/2024,Lots 08/06/N25 and 08/16/N25
Veterinary,No,02/08/2021,87068,Terminated,Midwestern Pet Foods Chickasha Operation,913 N 9th St,N/A,Chickasha,OK,	73018-1817,United States,Voluntary: Firm initiated,"Two or more of the following: Email, Fax, Letter, Press Release, Telephone, Visit","Nationwide throughout the United States and   Bahrain,  Barbados,  Chile,  Costa Rica,  Curacao,  Cyprus,  Czech Republic,  Ecuador,  El Salvador,  French Polynesia,  Ghana,  Guatemala,  Honduras,  Hong Kong,  Iceland,  Indonesia,  Ireland,  Israel,  Korea,  Kuwait,  Lebanon,  Lithuania,  Malaysia,  Mexico,  New Zealand,  Nicaraugua,  Panama,  Peru,  Singapore,  Taiwan,  Trinidad,  Ukraine,  United Arab Emirates,  Uruguay,  Vietnam",V-0047-2021,Class I,Sportmix Premium Maintenance Targeted Nutrition for Dogs UPC 034846700565 packaged in 44 pound bag and Sportmix Premium Maintenance Targeted Nutrition for Dogs UPC 034846700510 packaged 50 pound bag,6543910 pounds (3271.955 tons),Elevated levels of aflatoxin,12/30/2020,02/08/2021,10/25/2021,01/27/2021,"Lot #   01032021L3 05,  01152021L2 05,  01152021L3 05,  01232021L2 05,  01232021L2 05,  01302021L2 05,  01302021L3 05,  02092021L3 05,  02192021L3 05,  03032021L3 05,  03112021L2 05,  03112021L3 05,  03172021L2 05,  03172021L3 05,  03242021L2 05,  03242021L3 05,  04072021L3 05,  04212021L3 05,  04292021L3 05,  05112021L3 05,  05252021L3 05,  06092021L3 05,  06202021L2 05,  06202021L3 05,  06302021L2 05,  06302021L3 05,  07072021L3 05,  07162021L3 05,  07212021L2 05,  07212021L2 05,  07212021L3 05,  08052021L2 05,  08052021L3 05,  08172021L3 05,  09022021L3 05,  09172021L3 05,  09232021L3 05,  09302021L3 05,  10142021L2 05,  10142021L3 05,  10202021L3 05,  11112021L3 05,  11192021L3 05,  12022021L2 05,  12022021L3 05,  12222021L3 05,  01062022L3 05,  01132022L3 05,  01212022L3 05,  02042022L3 05,  02102022L3 05,  02242022L3 05,  03112022L2 05,  03112022L3 05,  03182022L2 05,  03182022L3 05,  04072022L3 05,  04122022L3 05,  04282022L2 05,  05092022L3 05,  05192022L3 05,  06012022L3 05,  06072022L3 05,  06182022L3 05,  06282022L3 05,  09162021L3 05,  09172021L3 05,  09232021L3 05,  09302021L3 05,  10142021L3 05,  10202021L3 05,  11112021L3 05,  11192021L3 05,  12022021L3 05,  12112021L2 05,  12112021L3 05,  12222021L3 05,  01062022L3 05,  01132022L3 05,  01222022L3 05,  02042022L3 05,  02102022L3 05,  02242022L3 05,  02242022L3 05,  03112022L3 05,  03182022L3 05,  04072022L3 05,  04122022L3 05,  04282022L3 05,  05092022L3 05,  05192022L3 05,  06012022L3 05,  06072022L3 05,  06172022L3 05,  06282022L3 05,  01032021L3 05,  01152021L3 05,  01242021L2 05,  01302021L2 05,  01302021L3 05,  02092021L3 05,  02192021L3 05,  03032021L3 05,  03112021L3 05,  03172021L3 05,  03242021L3 05,  03242021L3 05,  04072021L3 05,  04212021L3 05,  04292021L3 05,  05112021L3 05,  05252021L3 05,  06092021L3 05,  06202021L3 05,  06302021L2 05,  06302021L3 05,  07072021L3 05,  07072021L3 05,  07162021L3 05,  07212021L3 05,  08052021L3 05,  08172021L3 05,  09022021L3 05"
Veterinary,No,02/08/2021,87068,Terminated,Midwestern Pet Foods Chickasha Operation,913 N 9th St,N/A,Chickasha,OK,	73018-1817,United States,Voluntary: Firm initiated,"Two or more of the following: Email, Fax, Letter, Press Release, Telephone, Visit","Nationwide throughout the United States and   Bahrain,  Barbados,  Chile,  Costa Rica,  Curacao,  Cyprus,  Czech Republic,  Ecuador,  El Salvador,  French Polynesia,  Ghana,  Guatemala,  Honduras,  Hong Kong,  Iceland,  Indonesia,  Ireland,  Israel,  Korea,  Kuwait,  Lebanon,  Lithuania,  Malaysia,  Mexico,  New Zealand,  Nicaraugua,  Panama,  Peru,  Singapore,  Taiwan,  Trinidad,  Ukraine,  United Arab Emirates,  Uruguay,  Vietnam",V-0048-2021,Class I,Sportmix High Protein Targeted Nutrition for Dogs UPC 034846700114 packaged in 50 pound bag,6331486 pounds (3165.743 tons),Elevated levels of aflatoxin,12/30/2020,02/08/2021,10/25/2021,01/27/2021,"Lot #    02052021L3 05,  02062021L3 05,  03092021L3 05,  04142021L2 05,  05052021L2 05,  06112021L2 05,  06112021L2 05,  06122021L2 05,  07132021L2 05,  07132021L3 05,  08032021L3 05,  09032021L2 05,  09202021L2 05,  09242021L2 05,  09242021L2 05,  09252021L2 05,  10202021L2 05,  11282021L3 05,  01162022L2 05,  01172022L3 05,  02272022L3 05,  03282022L3 05,  04222022L2 05,  04222022L3 05,  06222022L2 05"
Veterinary,No,01/11/2022,89217,Terminated,Pet Brands Products LLC,425 Metro Pl N Ste 690,N/A,Dublin,OH,	43017-5358,United States,Voluntary: Firm initiated,Telephone,"Product distributed to single distribution center located in IL. The distribution center then shipped the product to the following states: Alabama, Arkansas, Connecticut, Georgia Illinois, Kansas, Michigan, Nevada, Oregon, South Carolina, Texas Virginia, Wisconsin, California, Delaware, Indiana, Kentucky, Maryland, Minnesota, New Hampshire, New York, Ohio, Pennsylvania, Utah,  Washington, Wyoming, Arizona, Colorado, Florida, Idaho, Iowa, Massachusetts, New Jersey, North Carolina, Rhode Island, Tennessee, West Virginia",V-0048-2022,Class I,Pure Being Dog & Cat Advent Calendar 5.15oz - 6 calendars per case Treats individually wrapped in plastic wrap then placed inside plastic tray that slides into cardboard box.,"264,000 total",Potential choking hazard,12/10/2021,01/11/2022,01/13/2022,12/29/2021,"Cat Lot Codes: 210166pbst000p06, PBST000p06, 210168PBST000P06, 210169PBST0000P06 Dog Lot Codes: 210158pbst010p06, 210159PBST010P06, 210165PBST010P06, 210160PBST010P06 Best By: 05/2023"
Veterinary,No,12/20/2018,80683,Terminated,"G & C Raw, LLC",225 N West St,N/A,Versailles,OH,	45380-1359,United States,Voluntary: Firm initiated,E-Mail,"Product distributed to individual consumers in: OH, MI, IN, PA, KY, NC, SC, GA",V-0049-2019,Class I,Ground Lamb Dog Food packaged in clear plastic containers,N/A,Positive for Listeria monocytogenes,07/30/2018,12/20/2018,12/20/2019,10/31/2018,All products with lot numbers that end in 022718 through 072018.
Veterinary,No,02/08/2021,87068,Terminated,Midwestern Pet Foods Chickasha Operation,913 N 9th St,N/A,Chickasha,OK,	73018-1817,United States,Voluntary: Firm initiated,"Two or more of the following: Email, Fax, Letter, Press Release, Telephone, Visit","Nationwide throughout the United States and   Bahrain,  Barbados,  Chile,  Costa Rica,  Curacao,  Cyprus,  Czech Republic,  Ecuador,  El Salvador,  French Polynesia,  Ghana,  Guatemala,  Honduras,  Hong Kong,  Iceland,  Indonesia,  Ireland,  Israel,  Korea,  Kuwait,  Lebanon,  Lithuania,  Malaysia,  Mexico,  New Zealand,  Nicaraugua,  Panama,  Peru,  Singapore,  Taiwan,  Trinidad,  Ukraine,  United Arab Emirates,  Uruguay,  Vietnam",V-0049-2021,Class I,Sportmix  Premium Stamina Targeted Nutrition for Dogs UPC 034846700879 packaged in 44 pound bag and Sportmix  Premium Stamina Targeted Nutrition for Dogs UPC 034846700855 packaged in 50 pound bag,Unknown,Elevated levels of aflatoxin,12/30/2020,02/08/2021,10/25/2021,01/27/2021,"Lot #  01172021L2 05,  01182021L2 05,  02142021L3 05,  03102021L3 05,  03112021L3 05,  04022021L2 05,  04222021L3 05,  06182021L2 05,  06182021L3 05,  07232021L3 05,  08182021L3 05,  09252021L3 05,  10152021L3 05,  10152021L3 05,  11192021L3 05,  11192021L3 05,  01012022L3 05,  01292022L3 05,  03022022L2 05,  03022022L3 05,  03022022L3 05,  04082022L3 05,  05172022L2 05,  05172022L3 05,  06112022L3 05,  01172021L2 05,  02142021L3 05,  03102021L3 05,  04022021L2 05,  04222021L3 05,  05192021L2 05,  06182021L3 05,  07232021L3 05,  08182021L3 05,  08182021L3 05,  09252021L3 05,  10152021L3 05,  11192021L3 05,  12102021L3 05,  01012022L3 05,  01012022L3 05,  01292022L3 05,  03022022L3 05,  04082022L3 05,  05172022L3 05,  06112022L3 05"
Veterinary,No,,88544,Terminated,"Top Quality Dog Food, LLC",3630 East St,N/A,Hyattsville,MD,	20785-2307,United States,Voluntary: Firm initiated,"Two or more of the following: Email, Fax, Letter, Press Release, Telephone, Visit","The product was distributed to the following states :  MD, DE, MA, MD, SC, VA, CT, PA and the DC",V-0049-2022,Class I,"Top Quality Dog Food, Beef HVM, 1 lb. pkgs in film casings, 1package is 1 lb., Keep Frozen. Refrigerate after opening.",233 units,"Top Quality Dog Food, LLC. 3630 East St. Hyattsville, MD 20785 has initiated a recall of Top Quality Dog Food, Beef HVM, 1 lb. pkgs in film casings, 1 package is 1 lb, Lot Number: 071521 Expiration Date: 07/15/2022 because product tested positive for Salmonella, Listeria Monocytogenes .",08/19/2021,02/08/2022,08/07/2024,01/19/2022,Lot Number: 071521
Veterinary,No,,38438,Terminated,Castleberry's Food Company,1621 15th St,N/A,Augusta,GA,	30901-3929,United States,N/A,N/A,"Nationwide and some international distribution to Canada, Japan & South Korea.",V-005-2008,Class I,Dick Van Patten's Natural Balance Eatables for Dogs; HOBO Chili with Chicken & Pasta;15oz can; UPC 23633 59863,"114,779 cases (1,377,348 cans) total for all products",This recall was initiated due to possible contamination of these products with Clostridium botulinum.,07/21/2007,N/A,07/16/2008,,N/A
Veterinary,No,,75457,Terminated,Arrow Reliance Inc,350 Treck Dr,N/A,Tukwila,WA,	98188-7604,United States,Voluntary: Firm initiated,E-Mail,internet sale,V-0050-2017,Class I,"Darwin's Natural Selections brand, frozen, raw Turkey  with Organic Vegetable Meals for Dogs, 2 lbs. packages",1192 packages,Several meals for dogs are recalled due to contamination with Listeria monocytogenes,10/17/2016,12/21/2016,07/24/2017,12/28/2016,"Lot # 3142070, manufacturing date: 7/20/16."
Veterinary,No,12/20/2018,80683,Terminated,"G & C Raw, LLC",225 N West St,N/A,Versailles,OH,	45380-1359,United States,Voluntary: Firm initiated,E-Mail,"Product distributed to individual consumers in: OH, MI, IN, PA, KY, NC, SC, GA",V-0050-2019,Class I,Ground Lamb Dog Food packaged in clear plastic containers,N/A,Positive for Listeria monocytogenes,07/30/2018,12/20/2018,12/20/2019,10/31/2018,All products with lot numbers that end in 022718 through 072018.
Veterinary,No,02/08/2021,87068,Terminated,Midwestern Pet Foods Chickasha Operation,913 N 9th St,N/A,Chickasha,OK,	73018-1817,United States,Voluntary: Firm initiated,"Two or more of the following: Email, Fax, Letter, Press Release, Telephone, Visit","Nationwide throughout the United States and   Bahrain,  Barbados,  Chile,  Costa Rica,  Curacao,  Cyprus,  Czech Republic,  Ecuador,  El Salvador,  French Polynesia,  Ghana,  Guatemala,  Honduras,  Hong Kong,  Iceland,  Indonesia,  Ireland,  Israel,  Korea,  Kuwait,  Lebanon,  Lithuania,  Malaysia,  Mexico,  New Zealand,  Nicaraugua,  Panama,  Peru,  Singapore,  Taiwan,  Trinidad,  Ukraine,  United Arab Emirates,  Uruguay,  Vietnam",V-0050-2021,Class I,Sportmix Bite Size Targeted Nutrition for Dogs UPC 034846600520 packaged in 40 pound bags and Sportmix Bite Size Targeted Nutrition for Dogs UPC 034846600551 packaged in 44 pound bags,5035264 pounds (2517.632 tons),Elevated levels of aflatoxin,12/30/2020,02/08/2021,10/25/2021,01/27/2021,"Lot #   01082021L3 05,  01082021L3 05,  01092021L3 05,  01192021L2 05,  01192021L3 05,  01242021L2 05,  01242021L3 05,  02052021L3 05,  02192021L2 05,  02192021L3 05,  02272021L3 05,  10022021L3 05,  10092021L2 05,  10092021L3 05,  10162021L2 05,  10162021L3 05,  10292021L2 05,  10292021L3 05,  11182021L3 05,  11262021L3 05,  12012021L3 05,  12122021L3 05,  12202021L3 05,  12222021L3 05,  12292021L3 05,  01202022L3 05,  02032022L3 05,  02142022L3 05,  02262022L3 05,  02272022L3 05,  03082022L3 05,  03182022L3 05,  03282022L3 05,  04142022L3 05,  04152022L3 05,  05032022L3 05,  05042022L3 05,  05132022L2 05,  05132022L3 05,  06072022L3 05,  06082022L2 05,  06082022L3 05,  06212022L3 05,  06302022L2 05,  06302022L3 05,  07072022L2 05,  07072022L3 05,  03032021L2 05,  03032021L3 05,  03032021L3 05,  03092021L3 05,  03092021L3 05,  03102021L3 05,  03102021L3 05,  03232021L3 05,  03302021L3 05,  04142021L3 05,  04142021L3 05,  04242021L3 05,  04242021L3 05,  04252021L3 05,  04302021L3 05,  05052021L3 05,  05182021L3 05,  05182021L3 05,  06032021L2 05,  06032021L3 05,  06162021L2 05,  06162021L3 05,  06302021L2 05,  07092021L2 05,  07092021L3 05,  07202021L2 05,  07272021L3 05,  08032021L3 05,  08112021L3 05,  08242021L3 05,  09032021L2 05,  09032021L3 05,  09162021L3 05,  09242021L2 05,  09242021L3 05"
Veterinary,No,,75457,Terminated,Arrow Reliance Inc,350 Treck Dr,N/A,Tukwila,WA,	98188-7604,United States,Voluntary: Firm initiated,E-Mail,internet sale,V-0051-2017,Class I,"Darwin's Natural Selections brand, frozen, raw Beef with Organic Vegetables Meals for Dogs, 2 lbs. packages",2391 packages,Several meals for dogs are recalled due to contamination with Listeria monocytogenes,10/17/2016,12/21/2016,07/24/2017,12/28/2016,"Lot # 3146070, manufacturing date: 7/21/16."
Veterinary,No,12/20/2018,80683,Terminated,"G & C Raw, LLC",225 N West St,N/A,Versailles,OH,	45380-1359,United States,Voluntary: Firm initiated,E-Mail,"Product distributed to individual consumers in: OH, MI, IN, PA, KY, NC, SC, GA",V-0051-2019,Class I,Turkey Veggie Mix Dog Food packaged in clear plastic containers,N/A,positive for Listeria monocytogenes,07/30/2018,12/20/2018,12/20/2019,10/31/2018,All products with lot numbers that end in 022718 through 072018.
Veterinary,No,02/08/2021,87068,Terminated,Midwestern Pet Foods Chickasha Operation,913 N 9th St,N/A,Chickasha,OK,	73018-1817,United States,Voluntary: Firm initiated,"Two or more of the following: Email, Fax, Letter, Press Release, Telephone, Visit","Nationwide throughout the United States and   Bahrain,  Barbados,  Chile,  Costa Rica,  Curacao,  Cyprus,  Czech Republic,  Ecuador,  El Salvador,  French Polynesia,  Ghana,  Guatemala,  Honduras,  Hong Kong,  Iceland,  Indonesia,  Ireland,  Israel,  Korea,  Kuwait,  Lebanon,  Lithuania,  Malaysia,  Mexico,  New Zealand,  Nicaraugua,  Panama,  Peru,  Singapore,  Taiwan,  Trinidad,  Ukraine,  United Arab Emirates,  Uruguay,  Vietnam",V-0051-2021,Class I,Sportmix Premium Puppy Small Bites Targeted Nutrition for Dogs  UPC 034846600131 packaged in 16.5 pound bags and Sportmix Premium Puppy Small Bites Targeted Nutrition for Dogs UPC 034846600148 packaged in 33 pound bags,945169.5 pounds (472.58475 tons),Elevated levels of aflatoxin,12/30/2020,02/08/2021,10/25/2021,01/27/2021,"Lot #   01232021L3 05,  03122021L2 05,  03122021L3 05,  05142021L2 05,  05142021L3 05,  07022021L2 05,  08112021L2 05,  08112021L3 05,  09242021L2 05,  10212021L3 05,  11282021L3 05,  01202022L3 05,  01202022L3 05,  03092022L2 05,  03092022L3 05,  03092022L2 05,  05052022L2 05,  05052022L3 05,  05062022L3 05,  06142022L3 05,  08112021L3 05,  09242021L2 05,  09242021L3 05,  10212021L3 05,  11282021L2 05,  11282021L2 05,  11292021L2 05,  01072022L2 05,  01072022L3 05,  01072022L2 05,  01072022L3 05,  01082022L3 05,  01212022L2 05,  03092022L2 05,  03092022L3 05,  05052022L3 05,  06142022L3 05,  01222021L2 05,  01222021L3 05,  01222021L3 05,  01232021L3 05,  03122021L2 05,  03122021L3 05,  05142021L2 05,  05142021L3 05,  07022021L2 05,  07022021L3 05,  08112021L2 05"
Veterinary,No,03/10/2023,91662,Terminated,Nestle Purina PetCare Co,1 Checkerboard Sq,N/A,Saint Louis,MO,	63164-0001,United States,Voluntary: Firm initiated,"Two or more of the following: Email, Fax, Letter, Press Release, Telephone, Visit","Distributors in GA, IL, NV, PA, TX",V-0051-2023,Class I,Purina Pro Plan Veterinary Diets EL Elemental prescription dry dog food packaged in 8lb (UPC 38100 19190) and 20lb (UPC 38100 19192) bags. ,"11,697-20lb bags, 9,632-8lb bags",Prescription diet dry dog food may contain elevated levels of vitamin D.,02/08/2023,03/10/2023,04/18/2023,02/22/2023,"Lot codes containing production codes: 2249 1082, 2250 1082, 2276 1082, 2277 1082, 2290 1082, 2360 1082, 2361 1082 with Best Before Dates 09 2023 - 12 2023"
Veterinary,No,,75457,Terminated,Arrow Reliance Inc,350 Treck Dr,N/A,Tukwila,WA,	98188-7604,United States,Voluntary: Firm initiated,E-Mail,internet sale,V-0052-2017,Class I,"ZooLogics brand, frozen, raw Turkey with Vegetable Meals for Dogs, 2 lbs. packages.",1337 units,Several meals for dogs are recalled due to contamination with Listeria monocytogenes,10/17/2016,12/21/2016,07/24/2017,12/28/2016,Lot # 3155070; manufacturing date 7/25/16.
Veterinary,No,12/20/2018,80683,Terminated,"G & C Raw, LLC",225 N West St,N/A,Versailles,OH,	45380-1359,United States,Voluntary: Firm initiated,E-Mail,"Product distributed to individual consumers in: OH, MI, IN, PA, KY, NC, SC, GA",V-0052-2019,Class I,Lamb Veggie Mix Dog Food packaged in clear plastic containers,N/A,positive for Listeria monocytogenes,07/30/2018,12/20/2018,12/20/2019,10/31/2018,All products with lot numbers that end in 022718 through 072018.
Veterinary,No,12/20/2018,80683,Terminated,"G & C Raw, LLC",225 N West St,N/A,Versailles,OH,	45380-1359,United States,Voluntary: Firm initiated,E-Mail,"Product distributed to individual consumers in: OH, MI, IN, PA, KY, NC, SC, GA",V-0053-2019,Class I,Beef Veggie Mix Dog Food packaged in clear plastic containers,N/A,positive for Listeria monocytogenes,07/30/2018,12/20/2018,12/20/2019,10/31/2018,All products with lot numbers that end in 022718 through 072018.
Veterinary,No,12/20/2018,80683,Terminated,"G & C Raw, LLC",225 N West St,N/A,Versailles,OH,	45380-1359,United States,Voluntary: Firm initiated,E-Mail,"Product distributed to individual consumers in: OH, MI, IN, PA, KY, NC, SC, GA",V-0054-2019,Class I,Ground beef Dog Food packaged in clear plastic containers,N/A,positive for Listeria monocytogenes,07/30/2018,12/20/2018,12/20/2019,10/31/2018,All products with lot numbers that end in 022718 through 072018.
Veterinary,No,,91881,Terminated,Nestle Purina PetCare Co,1 Checkerboard Sq,N/A,Saint Louis,MO,	63164-0001,United States,Voluntary: Firm initiated,"Two or more of the following: Email, Fax, Letter, Press Release, Telephone, Visit","Distributors in GA, IL, NV, PA, TX",V-0054-2023,Class I,Purina Pro Plan Veterinary Diets EL Elemental prescription dry dog food packaged in 8lb (UPC 38100 19190) and 20lb (UPC 3810019192) bags.,"3,996 - 20lb bags; 1,280 - 8lb bags",Prescription diet dry dog food may contain elevated levels of vitamin D.,03/10/2023,04/18/2023,04/24/2023,03/29/2023,"Lot codes: 2213 1082, 2214 1082; Best Before AUG 2023"
Veterinary,No,01/27/2025,96016,Terminated,Smallbatch Pets LLC,914,N/A,Seahurst,WA,	98032,United States,Voluntary: Firm initiated,Telephone,Distributed to 1 distributor in WI,V-0054-2025,Class I,"Smallbatch Dog Chicken Recipe Patties  6lbs (2.72kg),  UPC: 705105969879. Packaged in a plastic pouch, 6 pouches per case. Bulk 18 lb, UPC: 019962376931. Packaged in an cardboard box",206 cases,Potential Salmonella contamination.,12/16/2024,01/26/2025,02/14/2025,12/25/2024,Best by 21 FEB 2026 Lot: 24326 CPATL
Veterinary,No,12/20/2018,80683,Terminated,"G & C Raw, LLC",225 N West St,N/A,Versailles,OH,	45380-1359,United States,Voluntary: Firm initiated,E-Mail,"Product distributed to individual consumers in: OH, MI, IN, PA, KY, NC, SC, GA",V-0055-2019,Class I,Sliced Beef Heart Dog Food packaged in clear plastic containers,N/A,positive for Listeria monocytogenes,07/30/2018,12/20/2018,12/20/2019,10/31/2018,All products with lot numbers that end in 022718 through 072018.
Veterinary,No,12/20/2018,80683,Terminated,"G & C Raw, LLC",225 N West St,N/A,Versailles,OH,	45380-1359,United States,Voluntary: Firm initiated,E-Mail,"Product distributed to individual consumers in: OH, MI, IN, PA, KY, NC, SC, GA",V-0056-2019,Class I,Ground Beef Heart Dog Food packaged in clear plastic containers,N/A,positive for Listeria monocytogenes,07/30/2018,12/20/2018,12/20/2019,10/31/2018,All products with lot numbers that end in 022718 through 072018.
Veterinary,No,12/20/2018,80683,Terminated,"G & C Raw, LLC",225 N West St,N/A,Versailles,OH,	45380-1359,United States,Voluntary: Firm initiated,E-Mail,"Product distributed to individual consumers in: OH, MI, IN, PA, KY, NC, SC, GA",V-0057-2019,Class I,Kim's Special Beef Organ Dog Food packaged in clear plastic containers,N/A,positive for Listeria monocytogenes,07/30/2018,12/20/2018,12/20/2019,10/31/2018,All products with lot numbers that end in 022718 through 072018.
Veterinary,No,12/20/2018,80683,Terminated,"G & C Raw, LLC",225 N West St,N/A,Versailles,OH,	45380-1359,United States,Voluntary: Firm initiated,E-Mail,"Product distributed to individual consumers in: OH, MI, IN, PA, KY, NC, SC, GA",V-0058-2019,Class I,Ground Chicken Dog Food packaged in clear plastic containers,N/A,positive for Listeria monocytogenes,07/30/2018,12/20/2018,12/20/2019,10/31/2018,All products with lot numbers that end in 022718 through 072018.
Veterinary,No,12/20/2018,80683,Terminated,"G & C Raw, LLC",225 N West St,N/A,Versailles,OH,	45380-1359,United States,Voluntary: Firm initiated,E-Mail,"Product distributed to individual consumers in: OH, MI, IN, PA, KY, NC, SC, GA",V-0059-2019,Class I,Chicken Mix Patties Dog Food packaged in clear plastic containers,N/A,positive for Listeria monocytogenes,07/30/2018,12/20/2018,12/20/2019,10/31/2018,All products with lot numbers that end in 022718 through 072018.
Veterinary,No,05/10/2023,91877,Terminated,"Stratford Care USA, Inc.",2600 Lakepointe Pkwy,N/A,Odessa,FL,	33556-4375,United States,Voluntary: Firm initiated,"Two or more of the following: Email, Fax, Letter, Press Release, Telephone, Visit",Domestic distribution only.,V-0059-2023,Class I,"Omega-V3 Softgels, For Small & Medium Dogs & Cats, 60 Soft Gels","5,254 bottles of lot #31133 and 6,198 bottles of lot #30837",Elevated levels of Vitamin A in animal food.,03/09/2023,05/08/2023,08/03/2023,03/29/2023,"Lot#31133, EXP 04/14/2023 and Lot#30837, EXP 10/26/2022"
Veterinary,No,,38438,Terminated,Castleberry's Food Company,1621 15th St,N/A,Augusta,GA,	30901-3929,United States,N/A,N/A,"Nationwide and some international distribution to Canada, Japan & South Korea.",V-006-2008,Class I,Dick Van Patten's Natural Balance Eatables for Dogs; Southern Style Dumplings With Chicken & Vegetables;  15oz can; UPC 23634 59862,"114,779 cases (1,377,348 cans) total for all products",This recall was initiated due to possible contamination of these products with Clostridium botulinum.,07/21/2007,N/A,07/16/2008,,N/A
Veterinary,No,,56042,Terminated,Spectrum Jungle Labs Corporation,120 Industrial Drive,N/A,Cibolo,TX,	78108-0630,United States,N/A,N/A,Nationwide and 14 additional countries,V-006-2011,Class I,"Doctors Foster and Smith Dis-Taste Small Dog Tablets.  250 Tablets. White, Orange, Yellow, and Black label. UPC code 825141059485. Item #33805. Expiration date 01/13 thru 06/13.",1036 Units,Product may contain Salmonella,06/22/2010,N/A,05/02/2011,,N/A
Veterinary,No,,61820,Terminated,Diamond Pet Foods,103 N Olive St,PO Box 156,Meta,MO,	65058-0156,United States,Voluntary: Firm initiated,"Two or more of the following: Email, Fax, Letter, Press Release, Telephone, Visit",US/Nationwide; Canada; Belize; Costa Rica; Domincan Republic; Guatemala; Hong Kong; Jamaica; Jordan; Japan; Kuwait; Kazakhstan; Lebanon; Sri Lanka; Malasia; Nigeria; Philippines; Pakistan; Russia; Singapore; El Salvadore; Thailand; Trinidad and Tobago; Taiwan,V-006-2013,Class I,"Diamond Pet Foods Maintenance Dog, Net Wt. 50 lbs., Made by Diamond Pet Food, Meta, Missouri 65058.",unknown,Product was found to be contaminated with Salmonella.,05/04/2012,10/19/2012,05/27/2014,10/31/2012,Products (all sizes) with Best Before dates between 9-DEC-2012 and 7-APR-2013; Lot codes with a number '2' or '3' in the 9th position AND an 'X' in the 10th or 11th position.
Veterinary,No,12/20/2018,80683,Terminated,"G & C Raw, LLC",225 N West St,N/A,Versailles,OH,	45380-1359,United States,Voluntary: Firm initiated,E-Mail,"Product distributed to individual consumers in: OH, MI, IN, PA, KY, NC, SC, GA",V-0060-2019,Class I,Duck Veggie Mix Dog Food packaged in clear plastic containers,N/A,positive for Listeria monocytogenes,07/30/2018,12/20/2018,12/20/2019,10/31/2018,All products with lot numbers that end in 022718 through 072018.
Veterinary,No,05/10/2023,91877,Terminated,"Stratford Care USA, Inc.",2600 Lakepointe Pkwy,N/A,Odessa,FL,	33556-4375,United States,Voluntary: Firm initiated,"Two or more of the following: Email, Fax, Letter, Press Release, Telephone, Visit",Domestic distribution only.,V-0060-2023,Class I,"Omega-V3 Softgels, For Small & Medium Dogs & Cats, 60 Soft Gels","5,254 bottles of lot #31133 and 6,198 bottles of lot #30837",Elevated levels of Vitamin A in animal food.,03/09/2023,05/08/2023,08/03/2023,03/29/2023,"Lot#31133, EXP 04/14/2023 and Lot#30837, EXP 10/26/2022"
Veterinary,No,02/19/2025,96213,Terminated,Lea-Way Farms Inc. dba Blue Ridge Beef,417 Garden Valley Rd,N/A,Statesville,NC,	28625-9427,United States,Voluntary: Firm initiated,"Two or more of the following: Email, Fax, Letter, Press Release, Telephone, Visit","Distributed to consignees in Virginia, Tennessee, Rhode Island, and Connecticut.",V-0060-2025,Class I,"Blue Ridge Beef Natural Mix For Dogs Net Wt. 2 lbs (.91 kg) UPC:854298001054 clear plastic chub bags, 15 per case. Frozen","190 cases/5,700 lbs",Potential Salmonella contamination.,01/31/2025,02/19/2025,03/26/2025,02/12/2025,Lot N25/1231
Veterinary,No,12/20/2018,80683,Terminated,"G & C Raw, LLC",225 N West St,N/A,Versailles,OH,	45380-1359,United States,Voluntary: Firm initiated,E-Mail,"Product distributed to individual consumers in: OH, MI, IN, PA, KY, NC, SC, GA",V-0061-2019,Class I,Ground Duck Dog Food packaged in clear plastic containers,N/A,positive for Listeria monocytogenes,07/30/2018,12/20/2018,12/20/2019,10/31/2018,All products with lot numbers that end in 022718 through 072018.
Veterinary,No,05/10/2023,91877,Terminated,"Stratford Care USA, Inc.",2600 Lakepointe Pkwy,N/A,Odessa,FL,	33556-4375,United States,Voluntary: Firm initiated,"Two or more of the following: Email, Fax, Letter, Press Release, Telephone, Visit",Domestic distribution only.,V-0061-2023,Class I,"Omega-V3 Softgels, For Small & Medium Dogs & Cats, 60 Soft Gels","5,254 bottles of lot #31133 and 6,198 bottles of lot #30837",Elevated levels of Vitamin A in animal food.,03/09/2023,05/08/2023,08/03/2023,03/29/2023,"Lot#31133, EXP 04/14/2023 and Lot#30837, EXP 10/26/2022"
Veterinary,No,12/20/2018,80683,Terminated,"G & C Raw, LLC",225 N West St,N/A,Versailles,OH,	45380-1359,United States,Voluntary: Firm initiated,E-Mail,"Product distributed to individual consumers in: OH, MI, IN, PA, KY, NC, SC, GA",V-0062-2019,Class I,Ground Rabbit Dog Food packaged in clear plastic containers,N/A,positive for Listeria monocytogenes,07/30/2018,12/20/2018,12/20/2019,10/31/2018,All products with lot numbers that end in 022718 through 072018.
Veterinary,No,12/20/2018,80683,Terminated,"G & C Raw, LLC",225 N West St,N/A,Versailles,OH,	45380-1359,United States,Voluntary: Firm initiated,E-Mail,"Product distributed to individual consumers in: OH, MI, IN, PA, KY, NC, SC, GA",V-0063-2019,Class I,Rabbit Veggie Mix Dog Food packaged in clear plastic containers,N/A,positive for Listeria monocytogenes,07/30/2018,12/20/2018,12/20/2019,10/31/2018,All products with lot numbers that end in 022718 through 072018.
Veterinary,No,05/10/2023,91877,Terminated,"Stratford Care USA, Inc.",2600 Lakepointe Pkwy,N/A,Odessa,FL,	33556-4375,United States,Voluntary: Firm initiated,"Two or more of the following: Email, Fax, Letter, Press Release, Telephone, Visit",Domestic distribution only.,V-0063-2023,Class I,"Omega-V3 Softgels, For small & medium dogs & cats, 60 Soft Gels","5,254 bottles of lot #31133 and 6,198 bottles of lot #30837",Elevated levels of Vitamin A in animal food.,03/09/2023,05/08/2023,08/03/2023,03/29/2023,"Lot#31133, EXP 04/14/2023 and Lot#30837, EXP 10/26/2022"
Veterinary,No,12/20/2018,80683,Terminated,"G & C Raw, LLC",225 N West St,N/A,Versailles,OH,	45380-1359,United States,Voluntary: Firm initiated,E-Mail,"Product distributed to individual consumers in: OH, MI, IN, PA, KY, NC, SC, GA",V-0064-2019,Class I,Ground Beef Pancreas Dog Food packaged in clear plastic containers,N/A,positive for Listeria monocytogenes,07/30/2018,12/20/2018,12/20/2019,10/31/2018,All products with lot numbers that end in 022718 through 072018.
Veterinary,No,05/10/2023,91877,Terminated,"Stratford Care USA, Inc.",2600 Lakepointe Pkwy,N/A,Odessa,FL,	33556-4375,United States,Voluntary: Firm initiated,"Two or more of the following: Email, Fax, Letter, Press Release, Telephone, Visit",Domestic distribution only.,V-0064-2023,Class I,"Omega-3 Fatty Acid Max Strength Soft Gels, For small & medium dogs & cats, 60 Soft Gels","5,254 bottles of lot #31133 and 6,198 bottles of lot #30837",Elevated levels of Vitamin A in animal food.,03/09/2023,05/08/2023,08/03/2023,03/29/2023,"Lot#31133, EXP 04/14/2023 and Lot#30837, EXP 10/26/2022"
Veterinary,No,12/20/2018,80683,Terminated,"G & C Raw, LLC",225 N West St,N/A,Versailles,OH,	45380-1359,United States,Voluntary: Firm initiated,E-Mail,"Product distributed to individual consumers in: OH, MI, IN, PA, KY, NC, SC, GA",V-0065-2019,Class I,Beef Liver Chunks Dog Food packaged in clear plastic containers,N/A,positive for Listeria monocytogenes,07/30/2018,12/20/2018,12/20/2019,10/31/2018,All products with lot numbers that end in 022718 through 072018.
Veterinary,No,05/10/2023,91877,Terminated,"Stratford Care USA, Inc.",2600 Lakepointe Pkwy,N/A,Odessa,FL,	33556-4375,United States,Voluntary: Firm initiated,"Two or more of the following: Email, Fax, Letter, Press Release, Telephone, Visit",Domestic distribution only.,V-0065-2023,Class I,"Omega-V3 Softgels, Softgels for small & medium dogs & cats, 60 Softgels","5,254 bottles of lot #31133 and 6,198 bottles of lot #30837",Elevated levels of Vitamin A in animal food.,03/09/2023,05/08/2023,08/03/2023,03/29/2023,"Lot#31133, EXP 04/14/2023 and Lot#30837, EXP 10/26/2022"
Veterinary,No,12/20/2018,80683,Terminated,"G & C Raw, LLC",225 N West St,N/A,Versailles,OH,	45380-1359,United States,Voluntary: Firm initiated,E-Mail,"Product distributed to individual consumers in: OH, MI, IN, PA, KY, NC, SC, GA",V-0066-2019,Class I,Beef Sweet Breads Dog Food packaged in clear plastic containers,N/A,positive for Listeria monocytogenes,07/30/2018,12/20/2018,12/20/2019,10/31/2018,All products with lot numbers that end in 022718 through 072018.
Veterinary,No,05/10/2023,91877,Terminated,"Stratford Care USA, Inc.",2600 Lakepointe Pkwy,N/A,Odessa,FL,	33556-4375,United States,Voluntary: Firm initiated,"Two or more of the following: Email, Fax, Letter, Press Release, Telephone, Visit",Domestic distribution only.,V-0066-2023,Class I,"Omega-V3 Softgels, For small & medium dogs & cats, 60 Softgels","5,254 bottles of lot #31133 and 6,198 bottles of lot #30837",Elevated levels of Vitamin A in animal food.,03/09/2023,05/08/2023,08/03/2023,03/29/2023,"Lot#31133, EXP 04/14/2023 and Lot#30837, EXP 10/26/2022"
Veterinary,No,12/20/2018,80683,Terminated,"G & C Raw, LLC",225 N West St,N/A,Versailles,OH,	45380-1359,United States,Voluntary: Firm initiated,E-Mail,"Product distributed to individual consumers in: OH, MI, IN, PA, KY, NC, SC, GA",V-0067-2019,Class I,Ground Pork Dog Food packaged in clear plastic containers,N/A,positive for Listeria monocytogenes,07/30/2018,12/20/2018,12/20/2019,10/31/2018,All products with lot numbers that end in 022718 through 072018.
Veterinary,No,05/10/2023,91877,Terminated,"Stratford Care USA, Inc.",2600 Lakepointe Pkwy,N/A,Odessa,FL,	33556-4375,United States,Voluntary: Firm initiated,"Two or more of the following: Email, Fax, Letter, Press Release, Telephone, Visit",Domestic distribution only.,V-0067-2023,Class I,"Omega-V3 Softgels, For small & medium dogs & cats, 60 Softgels","5,254 bottles of lot #31133 and 6,198 bottles of lot #30837",Elevated levels of Vitamin A in animal food.,03/09/2023,05/08/2023,08/03/2023,03/29/2023,"Lot#31133, EXP 04/14/2023 and Lot#30837, EXP 10/26/2022"
Veterinary,No,12/20/2018,80683,Terminated,"G & C Raw, LLC",225 N West St,N/A,Versailles,OH,	45380-1359,United States,Voluntary: Firm initiated,E-Mail,"Product distributed to individual consumers in: OH, MI, IN, PA, KY, NC, SC, GA",V-0068-2019,Class I,Pork Veggie Mix Dog Food packaged in clear plastic containers,N/A,positive for Listeria monocytogenes,07/30/2018,12/20/2018,12/20/2019,10/31/2018,All products with lot numbers that end in 022718 through 072018.
Veterinary,No,05/10/2023,91877,Terminated,"Stratford Care USA, Inc.",2600 Lakepointe Pkwy,N/A,Odessa,FL,	33556-4375,United States,Voluntary: Firm initiated,"Two or more of the following: Email, Fax, Letter, Press Release, Telephone, Visit",Domestic distribution only.,V-0068-2023,Class I,"Omega-V3 Softgels, For small & medium dogs & cats, 60 Softgels","5,254 bottles of lot #31133 and 6,198 bottles of lot #30837",Elevated levels of Vitamin A in animal food.,03/09/2023,05/08/2023,08/03/2023,03/29/2023,"Lot#31133, EXP 04/14/2023 and Lot#30837, EXP 10/26/2022"
Veterinary,No,12/20/2018,80683,Terminated,"G & C Raw, LLC",225 N West St,N/A,Versailles,OH,	45380-1359,United States,Voluntary: Firm initiated,E-Mail,"Product distributed to individual consumers in: OH, MI, IN, PA, KY, NC, SC, GA",V-0069-2019,Class I,Shelby's Pork Organ Mix Dog Food packaged in clear plastic containers,N/A,positive for Listeria monocytogenes,07/30/2018,12/20/2018,12/20/2019,10/31/2018,All products with lot numbers that end in 022718 through 072018.
Veterinary,No,05/10/2023,91877,Terminated,"Stratford Care USA, Inc.",2600 Lakepointe Pkwy,N/A,Odessa,FL,	33556-4375,United States,Voluntary: Firm initiated,"Two or more of the following: Email, Fax, Letter, Press Release, Telephone, Visit",Domestic distribution only.,V-0069-2023,Class I,"Omega-V3 Softgels, For small & medium dogs & cats, 60 ct","5,254 bottles of lot #31133 and 6,198 bottles of lot #30837",Elevated levels of Vitamin A in animal food.,03/09/2023,05/08/2023,08/03/2023,03/29/2023,"Lot#31133, EXP 04/14/2023 and Lot#30837, EXP 10/26/2022"
Veterinary,No,12/20/2018,80683,Terminated,"G & C Raw, LLC",225 N West St,N/A,Versailles,OH,	45380-1359,United States,Voluntary: Firm initiated,E-Mail,"Product distributed to individual consumers in: OH, MI, IN, PA, KY, NC, SC, GA",V-0070-2019,Class I,Tripe Dog Food packaged in clear plastic containers,N/A,positive for Listeria monocytogenes,07/30/2018,12/20/2018,12/20/2019,10/31/2018,All products with lot numbers that end in 022718 through 072018.
Veterinary,No,05/10/2023,91877,Terminated,"Stratford Care USA, Inc.",2600 Lakepointe Pkwy,N/A,Odessa,FL,	33556-4375,United States,Voluntary: Firm initiated,"Two or more of the following: Email, Fax, Letter, Press Release, Telephone, Visit",Domestic distribution only.,V-0070-2023,Class I,"Omega-V3 Softgels, Small & medium dogs & cats, 60 softgels","5,254 bottles of lot #31133 and 6,198 bottles of lot #30837",Elevated levels of Vitamin A in animal food.,03/09/2023,05/08/2023,08/03/2023,03/29/2023,"Lot#31133, EXP 04/14/2023 and Lot#30837, EXP 10/26/2022"
Veterinary,No,05/10/2023,91877,Terminated,"Stratford Care USA, Inc.",2600 Lakepointe Pkwy,N/A,Odessa,FL,	33556-4375,United States,Voluntary: Firm initiated,"Two or more of the following: Email, Fax, Letter, Press Release, Telephone, Visit",Domestic distribution only.,V-0071-2023,Class I,"Omega-V3 Softgels, For Small & medium dogs & cats, 60 softgels","5,254 bottles of lot #31133 and 6,198 bottles of lot #30837",Elevated levels of Vitamin A in animal food.,03/09/2023,05/08/2023,08/03/2023,03/29/2023,"Lot#31133, EXP 04/14/2023 and Lot#30837, EXP 10/26/2022"
Veterinary,No,,78676,Terminated,Arrow Reliance Inc,350 Treck Dr,N/A,Tukwila,WA,	98188-7604,United States,Voluntary: Firm initiated,E-Mail,nationwide,V-0072-2018,Class I,"Natural Selections Chicken with Organic Vegetables Meals for Dogs, packaged in 2 lb. net weight flexible film, partitioned into 4 quadrants.","total 6,306 packages",Natural Selections brand Chicken with Organic Vegetables Meals for Dogs is recalled due to Salmonella and Listeria monocytogenes.,12/04/2017,03/15/2018,04/02/2018,12/20/2017,"Lot #40727, manufacture date 09/26/17"
Veterinary,No,05/10/2023,91877,Terminated,"Stratford Care USA, Inc.",2600 Lakepointe Pkwy,N/A,Odessa,FL,	33556-4375,United States,Voluntary: Firm initiated,"Two or more of the following: Email, Fax, Letter, Press Release, Telephone, Visit",Domestic distribution only.,V-0072-2023,Class I,"Omega-V3 Softgels, For Small & medium dogs & cats, 60 softgels","5,254 bottles of lot #31133 and 6,198 bottles of lot #30837",Elevated levels of Vitamin A in animal food.,03/09/2023,05/08/2023,08/03/2023,03/29/2023,"Lot#31133, EXP 04/14/2023 and Lot#30837, EXP 10/26/2022"
Veterinary,No,,78676,Terminated,Arrow Reliance Inc,350 Treck Dr,N/A,Tukwila,WA,	98188-7604,United States,Voluntary: Firm initiated,E-Mail,nationwide,V-0073-2018,Class I,"Natural Selections Duck With Organic Vegetables Meals for Dogs, packaged in 2 lb. net weight flexible film, partitioned into 4 quadrants.","3,924 packages",Natural Selections brand Duck With Organic Vegetables Meals for Dogs is recalled due to Salmonella.,12/04/2017,03/15/2018,04/02/2018,12/20/2017,"Lot #40487, manufacture date 09/29/17"
Veterinary,No,05/10/2023,91877,Terminated,"Stratford Care USA, Inc.",2600 Lakepointe Pkwy,N/A,Odessa,FL,	33556-4375,United States,Voluntary: Firm initiated,"Two or more of the following: Email, Fax, Letter, Press Release, Telephone, Visit",Domestic distribution only.,V-0073-2023,Class I,"Omega-V3 Softgels, For Small & medium dogs & cats, 60 softgels","5,254 bottles of lot #31133 and 6,198 bottles of lot #30837",Elevated levels of Vitamin A in animal food.,03/09/2023,05/08/2023,08/03/2023,03/29/2023,"Lot#31133, EXP 04/14/2023 and Lot#30837, EXP 10/26/2022"
Veterinary,No,,78676,Terminated,Arrow Reliance Inc,350 Treck Dr,N/A,Tukwila,WA,	98188-7604,United States,Voluntary: Firm initiated,E-Mail,nationwide,V-0074-2018,Class I,"Natural Selections Turkey With Organic Vegetables Meals for Dogs, packaged in 2 lb. net weight flexible film, partitioned into 4 quadrants.",total 7123 packages,Natural Selections brand Turkey With Organic Vegetables Meals for Dogs product is recalled due to Salmonella,12/04/2017,03/15/2018,04/02/2018,12/20/2017,"Lot #39937, manufacture date 08/24/17.  Lot #40507, manufacture date 09/20/17."
Veterinary,No,12/20/2018,80683,Terminated,"G & C Raw, LLC",225 N West St,N/A,Versailles,OH,	45380-1359,United States,Voluntary: Firm initiated,E-Mail,"Product distributed to individual consumers in: OH, MI, IN, PA, KY, NC, SC, GA",V-0074-2019,Class I,Ground Pollock Dog Food packaged in clear plastic containers,N/A,positive for Listeria monocytogenes,07/30/2018,12/20/2018,12/20/2019,10/31/2018,All products with lot numbers that end in 022718 through 072018.
Veterinary,No,05/10/2023,91877,Terminated,"Stratford Care USA, Inc.",2600 Lakepointe Pkwy,N/A,Odessa,FL,	33556-4375,United States,Voluntary: Firm initiated,"Two or more of the following: Email, Fax, Letter, Press Release, Telephone, Visit",Domestic distribution only.,V-0074-2023,Class I,"Omega-V3 Softgels, For Small & medium dogs & cats, 60 softgels","5,254 bottles of lot #31133 and 6,198 bottles of lot #30837",Elevated levels of Vitamin A in animal food.,03/09/2023,05/08/2023,08/03/2023,03/29/2023,"Lot#31133, EXP 04/14/2023 and Lot#30837, EXP 10/26/2022"
Veterinary,No,,79188,Terminated,Arrow Reliance Inc,350 Treck Dr,N/A,Tukwila,WA,	98188-7604,United States,Voluntary: Firm initiated,E-Mail,direct internet customers nationwide and in Canada.,V-0075-2018,Class I,"ZooLogics Chicken Meals for Dogs, Darwin's Natural Pet Products, each package contains 4 /8 oz. quadrants, Net wt: 2 lbs. No UPC.",4974 packages,ZooLogics Chicken Meals for Dogs is recalled due to the potential for contamination with Salmonella.,02/10/2018,03/15/2018,04/02/2018,03/07/2018,"Lot # 41567, manufacture date 11/2/2017"
Veterinary,No,12/20/2018,80683,Terminated,"G & C Raw, LLC",225 N West St,N/A,Versailles,OH,	45380-1359,United States,Voluntary: Firm initiated,E-Mail,"Product distributed to individual consumers in: OH, MI, IN, PA, KY, NC, SC, GA",V-0075-2019,Class I,Chicken Veggie Mix Dog Food packaged in clear plastic containers,N/A,positive for Listeria monocytogenes,07/30/2018,12/20/2018,12/20/2019,10/31/2018,All products with lot numbers that end in 022718 through 072018.
Veterinary,No,05/10/2023,91877,Terminated,"Stratford Care USA, Inc.",2600 Lakepointe Pkwy,N/A,Odessa,FL,	33556-4375,United States,Voluntary: Firm initiated,"Two or more of the following: Email, Fax, Letter, Press Release, Telephone, Visit",Domestic distribution only.,V-0075-2023,Class I,"Omega-V3 Softgels, For Small & medium dogs & cats, 60 softgels","5,254 bottles of lot #31133 and 6,198 bottles of lot #30837",Elevated levels of Vitamin A in animal food.,03/09/2023,05/08/2023,08/03/2023,03/29/2023,"Lot#31133, EXP 04/14/2023 and Lot#30837, EXP 10/26/2022"
Veterinary,No,,79188,Terminated,Arrow Reliance Inc,350 Treck Dr,N/A,Tukwila,WA,	98188-7604,United States,Voluntary: Firm initiated,E-Mail,direct internet customers nationwide and in Canada.,V-0076-2018,Class I,"ZooLogics Duck Meals for Dogs, Darwin's Natural Pet Products, each package contains 4 /8 oz. quadrants, Net wt: 2 lbs. No UPC.",3678 packages,ZooLogics Duck Meals for Dogs is recalled due to the potential for contamination with Salmonella.,02/10/2018,03/15/2018,04/02/2018,03/07/2018,"Lot # 41957, manufacture date 11/16/2017."
Veterinary,No,05/10/2023,91877,Terminated,"Stratford Care USA, Inc.",2600 Lakepointe Pkwy,N/A,Odessa,FL,	33556-4375,United States,Voluntary: Firm initiated,"Two or more of the following: Email, Fax, Letter, Press Release, Telephone, Visit",Domestic distribution only.,V-0076-2023,Class I,"Omega-V3 Softgels, For Small & medium dogs & cats, 60 softgels","5,254 bottles of lot #31133 and 6,198 bottles of lot #30837",Elevated levels of Vitamin A in animal food.,03/09/2023,05/08/2023,08/03/2023,03/29/2023,"Lot#31133, EXP 04/14/2023 and Lot#30837, EXP 10/26/2022"
Veterinary,No,05/01/2025,96687,Terminated,Lea-Way Farms Inc. dba Blue Ridge Beef,417 Garden Valley Rd,N/A,Statesville,NC,	28625-9427,United States,Voluntary: Firm initiated,E-Mail,"Distributed to distributors in PA, CT, MD, WI, and RI and further distributed to retail stores VA, MD, PA, CT, MA, NY, TN, RI, and WI.",V-0076-2025,Class I,"Blue Ridge Beef Puppy Mix For Dogs Net Wt. 2 lbs (.91 kg) UPC: 854298001696. Packaged in clear plastic chub bags, 15 packages per case. Frozen.",690 units,Possible contamination with Salmonella and Listeria monocytogenes,04/11/2025,05/01/2025,05/13/2025,04/30/2025,N25 1230
Veterinary,No,05/10/2023,91877,Terminated,"Stratford Care USA, Inc.",2600 Lakepointe Pkwy,N/A,Odessa,FL,	33556-4375,United States,Voluntary: Firm initiated,"Two or more of the following: Email, Fax, Letter, Press Release, Telephone, Visit",Domestic distribution only.,V-0077-2023,Class I,"Omega-V3 Softgels, For Small & medium dogs & cats, 60 softgels","5,254 bottles of lot #31133 and 6,198 bottles of lot #30837",Elevated levels of Vitamin A in animal food.,03/09/2023,05/08/2023,08/03/2023,03/29/2023,"Lot#31133, EXP 04/14/2023 and Lot#30837, EXP 10/26/2022"
Veterinary,No,05/10/2023,91877,Terminated,"Stratford Care USA, Inc.",2600 Lakepointe Pkwy,N/A,Odessa,FL,	33556-4375,United States,Voluntary: Firm initiated,"Two or more of the following: Email, Fax, Letter, Press Release, Telephone, Visit",Domestic distribution only.,V-0078-2023,Class I,"Omega-V3 Softgels, Formulated for Small & medium dogs & cats, 60 softgels","5,254 bottles of lot #31133 and 6,198 bottles of lot #30837",Elevated levels of Vitamin A in animal food.,03/09/2023,05/08/2023,08/03/2023,03/29/2023,"Lot#31133, EXP 04/14/2023 and Lot#30837, EXP 10/26/2022"
Veterinary,No,05/10/2023,91877,Terminated,"Stratford Care USA, Inc.",2600 Lakepointe Pkwy,N/A,Odessa,FL,	33556-4375,United States,Voluntary: Firm initiated,"Two or more of the following: Email, Fax, Letter, Press Release, Telephone, Visit",Domestic distribution only.,V-0079-2023,Class I,"Omega-V3 Softgels,For Cats and Smaller Dogs, 60 softgels capsules","5,254 bottles of lot #31133 and 6,198 bottles of lot #30837",Elevated levels of Vitamin A in animal food.,03/09/2023,05/08/2023,08/03/2023,03/29/2023,"Lot#31133, EXP 04/14/2023 and Lot#30837, EXP 10/26/2022"
Veterinary,No,,59679,Terminated,Tejas Industries Inc.,1977 E Us Highway 60,N/A,Hereford,TX,	79045-3631,United States,N/A,N/A,"NY, WA, KS, CA, IL, MD, RI, FL, and GA",V-008-2012,Class I,"6"" - 8"" Merrick DOGGIE WISHBONES ALL NATURAL BEEF CHEW FOR DOGS, Merrick Pet Care, Inc. P.O. Box 9800 Amarillo, TX 79105, www.merrickpetcare.com, UPC 0 22808 29050 6",248 cases (50 units per case),The product has the potential to be contaminated with Salmonella.,08/08/2011,N/A,08/16/2013,,N/A
Veterinary,No,,61820,Terminated,Diamond Pet Foods,103 N Olive St,PO Box 156,Meta,MO,	65058-0156,United States,Voluntary: Firm initiated,"Two or more of the following: Email, Fax, Letter, Press Release, Telephone, Visit",US/Nationwide; Canada; Belize; Costa Rica; Domincan Republic; Guatemala; Hong Kong; Jamaica; Jordan; Japan; Kuwait; Kazakhstan; Lebanon; Sri Lanka; Malasia; Nigeria; Philippines; Pakistan; Russia; Singapore; El Salvadore; Thailand; Trinidad and Tobago; Taiwan,V-008-2013,Class I,"Diamond Pet Foods Premium Adult Dog, Net Wt. 50 lbs., Made by Diamond Pet Food, Meta, Missouri 65058.",unknown,Product was found to be contaminated with Salmonella.,05/04/2012,10/19/2012,05/27/2014,10/31/2012,Products (all sizes) with Best Before dates between 9-DEC-2012 and 7-APR-2013; Lot codes with a number '2' or '3' in the 9th position AND an 'X' in the 10th or 11th position.
Veterinary,No,05/10/2023,91877,Terminated,"Stratford Care USA, Inc.",2600 Lakepointe Pkwy,N/A,Odessa,FL,	33556-4375,United States,Voluntary: Firm initiated,"Two or more of the following: Email, Fax, Letter, Press Release, Telephone, Visit",Domestic distribution only.,V-0080-2023,Class I,"Omega-V3 Softgels,For Small & Medium Dogs & Cats, 60 softgels","5,254 bottles of lot #31133 and 6,198 bottles of lot #30837",Elevated levels of Vitamin A in animal food.,03/09/2023,05/08/2023,08/03/2023,03/29/2023,"Lot#31133, EXP 04/14/2023 and Lot#30837, EXP 10/26/2022"
Veterinary,No,05/10/2023,91877,Terminated,"Stratford Care USA, Inc.",2600 Lakepointe Pkwy,N/A,Odessa,FL,	33556-4375,United States,Voluntary: Firm initiated,"Two or more of the following: Email, Fax, Letter, Press Release, Telephone, Visit",Domestic distribution only.,V-0081-2023,Class I,"Omega-V3 Softgels, Small & Medium Dogs & Cats, 60 softgels","5,254 bottles of lot #31133 and 6,198 bottles of lot #30837",Elevated levels of Vitamin A in animal food.,03/09/2023,05/08/2023,08/03/2023,03/29/2023,"Lot#31133, EXP 04/14/2023 and Lot#30837, EXP 10/26/2022"
Veterinary,No,05/10/2023,91877,Terminated,"Stratford Care USA, Inc.",2600 Lakepointe Pkwy,N/A,Odessa,FL,	33556-4375,United States,Voluntary: Firm initiated,"Two or more of the following: Email, Fax, Letter, Press Release, Telephone, Visit",Domestic distribution only.,V-0082-2023,Class I,"Omega-V3 Softgels, For Small & Medium Dogs & Cats, 60 softgels","5,254 bottles of lot #31133 and 6,198 bottles of lot #30837",Elevated levels of Vitamin A in animal food.,03/09/2023,05/08/2023,08/03/2023,03/29/2023,"Lot#31133, EXP 04/14/2023 and Lot#30837, EXP 10/26/2022"
Veterinary,No,05/10/2023,91877,Terminated,"Stratford Care USA, Inc.",2600 Lakepointe Pkwy,N/A,Odessa,FL,	33556-4375,United States,Voluntary: Firm initiated,"Two or more of the following: Email, Fax, Letter, Press Release, Telephone, Visit",Domestic distribution only.,V-0083-2023,Class I,"Omega-V3 Softgels, For Small & Medium Dogs & Cats, 60 softgels","5,254 bottles of lot #31133 and 6,198 bottles of lot #30837",Elevated levels of Vitamin A in animal food.,03/09/2023,05/08/2023,08/03/2023,03/29/2023,"Lot#31133, EXP 04/14/2023 and Lot#30837, EXP 10/26/2022"
Veterinary,No,05/10/2023,91877,Terminated,"Stratford Care USA, Inc.",2600 Lakepointe Pkwy,N/A,Odessa,FL,	33556-4375,United States,Voluntary: Firm initiated,"Two or more of the following: Email, Fax, Letter, Press Release, Telephone, Visit",Domestic distribution only.,V-0084-2023,Class I,"Omega-V3 Softgels, For Small & Medium Dogs & Cats, 60 softgels","5,254 bottles of lot #31133 and 6,198 bottles of lot #30837",Elevated levels of Vitamin A in animal food.,03/09/2023,05/08/2023,08/03/2023,03/29/2023,"Lot#31133, EXP 04/14/2023 and Lot#30837, EXP 10/26/2022"
Veterinary,No,05/10/2023,91877,Terminated,"Stratford Care USA, Inc.",2600 Lakepointe Pkwy,N/A,Odessa,FL,	33556-4375,United States,Voluntary: Firm initiated,"Two or more of the following: Email, Fax, Letter, Press Release, Telephone, Visit",Domestic distribution only.,V-0085-2023,Class I,"Omega-V3 Softgels, For Small & Medium Dogs & Cats, 60 softgels","5,254 bottles of lot #31133 and 6,198 bottles of lot #30837",Elevated levels of Vitamin A in animal food.,03/09/2023,05/08/2023,08/03/2023,03/29/2023,"Lot#31133, EXP 04/14/2023 and Lot#30837, EXP 10/26/2022"
Veterinary,No,05/10/2023,91877,Terminated,"Stratford Care USA, Inc.",2600 Lakepointe Pkwy,N/A,Odessa,FL,	33556-4375,United States,Voluntary: Firm initiated,"Two or more of the following: Email, Fax, Letter, Press Release, Telephone, Visit",Domestic distribution only.,V-0086-2023,Class I,"Omega-V3 Softgels, For Small & Medium Dogs & Cats, 60 softgels","5,254 bottles of lot #31133 and 6,198 bottles of lot #30837",Elevated levels of Vitamin A in animal food.,03/09/2023,05/08/2023,08/03/2023,03/29/2023,"Lot#31133, EXP 04/14/2023 and Lot#30837, EXP 10/26/2022"
Veterinary,No,,75919,Terminated,blue ridge beef,106 Maddox Rd,N/A,Eatonton,GA,	31024-6009,United States,Voluntary: Firm initiated,Press Release,"AZ, FL, GA, IN, NC, SC and TX.",V-0087-2017,Class I,"Beef For Dogs, 100% Pure Natural Pet Food, Net Wt. 2 lbs., Blue Ridge Beef",70/30 lb. cases,Samples collected by FDA revealed the presence of Salmonella and Listeria monocytogenes.,12/09/2016,04/17/2017,07/26/2017,04/26/2017,"UPC Code: 8542980011009, Lot #ga8516."
Veterinary,No,05/10/2023,91877,Terminated,"Stratford Care USA, Inc.",2600 Lakepointe Pkwy,N/A,Odessa,FL,	33556-4375,United States,Voluntary: Firm initiated,"Two or more of the following: Email, Fax, Letter, Press Release, Telephone, Visit",Domestic distribution only.,V-0087-2023,Class I,"Omega-V3 Softgels, For Small & Medium Dogs & Cats, 60 softgels","5,254 bottles of lot #31133 and 6,198 bottles of lot #30837",Elevated levels of Vitamin A in animal food.,03/09/2023,05/08/2023,08/03/2023,03/29/2023,"Lot#31133, EXP 04/14/2023 and Lot#30837, EXP 10/26/2022"
Veterinary,No,05/10/2023,91877,Terminated,"Stratford Care USA, Inc.",2600 Lakepointe Pkwy,N/A,Odessa,FL,	33556-4375,United States,Voluntary: Firm initiated,"Two or more of the following: Email, Fax, Letter, Press Release, Telephone, Visit",Domestic distribution only.,V-0088-2023,Class I,"Omega-V3 Softgels, For Small & Medium Dogs & Cats, 60 softgels","5,254 bottles of lot #31133 and 6,198 bottles of lot #30837",Elevated levels of Vitamin A in animal food.,03/09/2023,05/08/2023,08/03/2023,03/29/2023,"Lot#31133, EXP 04/14/2023 and Lot#30837, EXP 10/26/2022"
Veterinary,No,05/10/2023,91877,Terminated,"Stratford Care USA, Inc.",2600 Lakepointe Pkwy,N/A,Odessa,FL,	33556-4375,United States,Voluntary: Firm initiated,"Two or more of the following: Email, Fax, Letter, Press Release, Telephone, Visit",Domestic distribution only.,V-0089-2023,Class I,"Omega-V3 Softgels, For Small & Medium Dogs & Cats, 60 softgels","5,254 bottles of lot #31133 and 6,198 bottles of lot #30837",Elevated levels of Vitamin A in animal food.,03/09/2023,05/08/2023,08/03/2023,03/29/2023,"Lot#31133, EXP 04/14/2023 and Lot#30837, EXP 10/26/2022"
Veterinary,No,,56042,Terminated,Spectrum Jungle Labs Corporation,120 Industrial Drive,N/A,Cibolo,TX,	78108-0630,United States,N/A,N/A,Nationwide and 14 additional countries,V-009-2011,Class I,"Doctors Foster and Smith Fresh Breath Tablets for Dogs.  100 Tablets. Green Brown, and Black label. UPC code 825141095629. Item #35908. Expiration date 01/13 thru 06/13.",906 Units,Product may contain Salmonella,06/22/2010,N/A,05/02/2011,,N/A
Veterinary,No,,61820,Terminated,Diamond Pet Foods,103 N Olive St,PO Box 156,Meta,MO,	65058-0156,United States,Voluntary: Firm initiated,"Two or more of the following: Email, Fax, Letter, Press Release, Telephone, Visit",US/Nationwide; Canada; Belize; Costa Rica; Domincan Republic; Guatemala; Hong Kong; Jamaica; Jordan; Japan; Kuwait; Kazakhstan; Lebanon; Sri Lanka; Malasia; Nigeria; Philippines; Pakistan; Russia; Singapore; El Salvadore; Thailand; Trinidad and Tobago; Taiwan,V-009-2013,Class I,"Diamond Pet Foods Senior 8+, Chicken, Egg & Oatmeal Dog Formula,  Net Wt. 35 lbs., Made by Diamond Pet Food, Meta, Missouri 65058.",unknown,Product was found to be contaminated with Salmonella.,05/04/2012,10/19/2012,05/27/2014,10/31/2012,Products (all sizes) with Best Before dates between 9-DEC-2012 and 7-APR-2013; Lot codes with a number '2' or '3' in the 9th position AND an 'X' in the 10th or 11th position.
Veterinary,No,,79434,Terminated,"Raw Basics, LLC",10000 80th Ave,N/A,Pleasant Prairie,WI,	53158-2803,United States,Voluntary: Firm initiated,E-Mail,"GA, KS, MN, PA",V-0090-2018,Class I,"Tucker's Pork-Bison Formula, Raw Frozen, Complete & Balanced Formula, Dog Food for all life stages.  2 - 2-1/2 LB Pouches, Net Weight 5 LB (2.268 KG).  UPC code 072635520017. Keep Frozen, Raw Basics, LLC, 10,000 80th Ave., Pleasant Prairie, WI  53158",108 - 5 lb. boxes,Product has the potential to be contaminated with Salmonella.,03/06/2018,05/02/2018,07/01/2019,04/04/2018,Best By:  04/17/19  Lot:  27717
Veterinary,No,05/10/2023,91877,Terminated,"Stratford Care USA, Inc.",2600 Lakepointe Pkwy,N/A,Odessa,FL,	33556-4375,United States,Voluntary: Firm initiated,"Two or more of the following: Email, Fax, Letter, Press Release, Telephone, Visit",Domestic distribution only.,V-0090-2023,Class I,"Omega-V3 Softgels, For Small & Medium Dogs & Cats, 60 softgels","5,254 bottles of lot #31133 and 6,198 bottles of lot #30837",Elevated levels of Vitamin A in animal food.,03/09/2023,05/08/2023,08/03/2023,03/29/2023,"Lot#31133, EXP 04/14/2023 and Lot#30837, EXP 10/26/2022"
Veterinary,No,,79596,Terminated,"The J.M. Smucker Company, Inc.",1 Strawberry Ln,N/A,Orrville,OH,	44667-1241,United States,Voluntary: Firm initiated,"Two or more of the following: Email, Fax, Letter, Press Release, Telephone, Visit","Product was shipped to the following states: AL, AZ, CA, CO, CT, DE, FL, GA, IA, ID, IL, IN, KS, KY, LA, MA, MD, ME, MI, MN, NC, NH, NJ, NV, NY, OR, PA, SC, TN, TX, UT, VA, WA, WI.",V-0091-2018,Class I,"Milo's Kitchen home-style dog treats Grilled Burger Bites with Sweet Potato and Bacon 15 oz. bag UPC 079100521265 DISTRIBUTED FOR: Milo's Kitchen, LLC A subsidiary of Del Monte Foods San Francisco, CA 94111","3,161cs/4/15 oz bags","The firm was notified that the product contains harmful, elevated levels of beef thyroid hormone.",03/22/2018,05/02/2018,07/09/2020,04/11/2018,Lot #7147 Best If Used By Nov 19 2018
Veterinary,No,05/10/2023,91877,Terminated,"Stratford Care USA, Inc.",2600 Lakepointe Pkwy,N/A,Odessa,FL,	33556-4375,United States,Voluntary: Firm initiated,"Two or more of the following: Email, Fax, Letter, Press Release, Telephone, Visit",Domestic distribution only.,V-0091-2023,Class I,"Omega-V3 Softgels, Formulated for Small & Medium Dogs & Cats, 60 softgels","5,254 bottles of lot #31133 and 6,198 bottles of lot #30837",Elevated levels of Vitamin A in animal food.,03/09/2023,05/08/2023,08/03/2023,03/29/2023,"Lot#31133, EXP 04/14/2023 and Lot#30837, EXP 10/26/2022"
Veterinary,No,,79596,Terminated,"The J.M. Smucker Company, Inc.",1 Strawberry Ln,N/A,Orrville,OH,	44667-1241,United States,Voluntary: Firm initiated,"Two or more of the following: Email, Fax, Letter, Press Release, Telephone, Visit","Product was shipped to the following states: AL, AZ, CA, CO, CT, DE, FL, GA, IA, ID, IL, IN, KS, KY, LA, MA, MD, ME, MI, MN, NC, NH, NJ, NV, NY, OR, PA, SC, TN, TX, UT, VA, WA, WI.",V-0092-2018,Class I,"Milos Kitchen Steak HOMESTYLE DOG TREATS Grillers/Steak Grillers Recipe with Angus Steak 10 oz. bag UPC 079100527762, 18 oz. bag UPC 079100518227 & 22 oz. bag, UPC 079100518234, DISTRIBUTED BY: Milo's Kitchen, LLC San Francisco, CA 94111","1,489cs/5/10/oz bags, 8,638cs/4/ 18oz bags & 1,156cs/4/22oz bags","The firm was notified that the product contains harmful, elevated levels of beef thyroid hormone.",03/22/2018,05/02/2018,07/09/2020,04/11/2018,"10 oz. bag, Lot Code 7305, Best If Used By 4/26/2019; 18 oz. bag, Lot Code 7143, Best If Used By 11/15/2018 & Lot Code, 7305, Best If Used By 4/26/2019 and 22 oz. bag, Lot Code 7305, Best If Used By 4/26/2019."
Veterinary,No,05/10/2023,91877,Terminated,"Stratford Care USA, Inc.",2600 Lakepointe Pkwy,N/A,Odessa,FL,	33556-4375,United States,Voluntary: Firm initiated,"Two or more of the following: Email, Fax, Letter, Press Release, Telephone, Visit",Domestic distribution only.,V-0092-2023,Class I,"Omega-V3 Softgels, Small & Medium Dogs & Cats, 60 softgels","5,254 bottles of lot #31133 and 6,198 bottles of lot #30837",Elevated levels of Vitamin A in animal food.,03/09/2023,05/08/2023,08/03/2023,03/29/2023,"Lot#31133, EXP 04/14/2023 and Lot#30837, EXP 10/26/2022"
Veterinary,No,,79623,Terminated,Arrow Reliance Inc,350 Treck Dr,N/A,Tukwila,WA,	98188-7604,United States,Voluntary: Firm initiated,"Two or more of the following: Email, Fax, Letter, Press Release, Telephone, Visit",nationwide,V-0093-2018,Class I,"Natural Selections Chicken with Organic Vegetables Meals for Dogs, Net wt. 2 lbs.     ZooLogics Chicken with Vegetables Meals for Dogs, Net wt., 2 lbs.    The Natural Selections brand label is read in parts: ""***DARWIN'S Natural Pet Products *** Natural Selections *** CHICKEN MEALS FOR DOGS *** CHICKEN with Organic Vegetables Meals for Dogs***"".    The ZooLogics brand label is read in parts: ""***DARWIN'S Natural Pet Products *** ZooLogics *** CHICKEN MEALS FOR DOGS *** CHICKEN with Vegetables Meals for Dogs***"".  ",Natural Selections = 2422 pkgs; ZooLogics = 2226 pkgs.,Natural Selections Chicken Meals for Dogs and ZooLogics Chicken with Organic Vegetables Meals for Dogs are recalled due to potential to be contaminated with Salmonella.,03/26/2018,06/05/2018,06/05/2018,04/18/2018,"Natural Selections brand: Lot #43887, manufacture date 1/30/2018.  ZooLogics brand: Lot #44037, manufacture date 2/7/2018."
Veterinary,No,05/10/2023,91877,Terminated,"Stratford Care USA, Inc.",2600 Lakepointe Pkwy,N/A,Odessa,FL,	33556-4375,United States,Voluntary: Firm initiated,"Two or more of the following: Email, Fax, Letter, Press Release, Telephone, Visit",Domestic distribution only.,V-0093-2023,Class I,"Dr. Hayes's Omega-V3 Softgels,  Small & Medium Dogs & Cats, 60 softgels","5,254 bottles of lot #31133 and 6,198 bottles of lot #30837",Elevated levels of Vitamin A in animal food.,03/09/2023,05/08/2023,08/03/2023,03/29/2023,"Lot#31133, EXP 04/14/2023 and Lot#30837, EXP 10/26/2022"
Veterinary,No,,79623,Terminated,Arrow Reliance Inc,350 Treck Dr,N/A,Tukwila,WA,	98188-7604,United States,Voluntary: Firm initiated,"Two or more of the following: Email, Fax, Letter, Press Release, Telephone, Visit",nationwide,V-0094-2018,Class I,"Natural Selections Duck with Organic Vegetables Meals for Dogs, Net wt. 2 lbs.    The label is read in parts: ""***DARWIN'S Natural Pet Products *** Natural Selections *** DUCK MEALS FOR DOGS *** DUCK with Organic Vegetables Meals for Dogs***"".","2,157 packages.",Natural Selections Duck with Organic Vegetables Meals for Dogs are recalled due to potential to be contaminated with Salmonella.,03/26/2018,06/05/2018,06/05/2018,04/18/2018,"Lot #44147, manufacture date 2/5/2018"
Veterinary,No,05/10/2023,91877,Terminated,"Stratford Care USA, Inc.",2600 Lakepointe Pkwy,N/A,Odessa,FL,	33556-4375,United States,Voluntary: Firm initiated,"Two or more of the following: Email, Fax, Letter, Press Release, Telephone, Visit",Domestic distribution only.,V-0094-2023,Class I,"Omega-V3 Softgels,  Small & Medium Dogs & Cats, 60 softgels","5,254 bottles of lot #31133 and 6,198 bottles of lot #30837",Elevated levels of Vitamin A in animal food.,03/09/2023,05/08/2023,08/03/2023,03/29/2023,"Lot#31133, EXP 04/14/2023 and Lot#30837, EXP 10/26/2022"
Veterinary,No,,79623,Terminated,Arrow Reliance Inc,350 Treck Dr,N/A,Tukwila,WA,	98188-7604,United States,Voluntary: Firm initiated,"Two or more of the following: Email, Fax, Letter, Press Release, Telephone, Visit",nationwide,V-0095-2018,Class I,"ZooLogics Turkey with Vegetables Meals for Dogs, Net wt. 2 lbs.    The ZooLogics brand label is read in parts: ""***DARWIN'S Natural Pet Products *** ZooLogics *** TURKEY MEALS FOR DOGS *** TURKEY WITH VEGETABLES Meals for Dogs***"".","1,543 packages",ZooLogics Turkey with Vegetables Meals for Dogs are recalled due to potential to be contaminated with Salmonella and E. coli O128.,03/26/2018,06/05/2018,06/05/2018,04/18/2018,"Lot #44127, manufacture date 2/4/2018"
Veterinary,No,05/10/2023,91877,Terminated,"Stratford Care USA, Inc.",2600 Lakepointe Pkwy,N/A,Odessa,FL,	33556-4375,United States,Voluntary: Firm initiated,"Two or more of the following: Email, Fax, Letter, Press Release, Telephone, Visit",Domestic distribution only.,V-0095-2023,Class I,"Omega-V3 Softgels,  Small & Medium Dogs & Cats, 60 softgels","5,254 bottles of lot #31133 and 6,198 bottles of lot #30837",Elevated levels of Vitamin A in animal food.,03/09/2023,05/08/2023,08/03/2023,03/29/2023,"Lot#31133, EXP 04/14/2023 and Lot#30837, EXP 10/26/2022"
Veterinary,No,03/19/2021,87408,Terminated,"Bravo Packing, Inc.",59 N Golfwood Ave,N/A,Carneys Point,NJ,	08069-9710,United States,Voluntary: Firm initiated,Press Release,"Product is sold to a distributor in NY then further distributed to distributors, retail locations or direct consumers nationwide. Some product is also sold to consumers directly.",V-0096-2021,Class I,"""Performance Dog"" raw frozen dog food. The product is packaged in 2-lb bags, 20 bags to a box or in 5-lb bags, 8 bags to a box.","Approx. 16,000lbs of lots 011821 and 112320",Possible Listeria monocytogenes and Salmonella spp. contamination in frozen dog food,02/26/2021,03/19/2021,02/19/2022,03/10/2021,"All lots within expiration including: 112320, 011821, 011020,062020,090719,120919,072720, 110819, and 052320"
Veterinary,No,05/10/2023,91877,Terminated,"Stratford Care USA, Inc.",2600 Lakepointe Pkwy,N/A,Odessa,FL,	33556-4375,United States,Voluntary: Firm initiated,"Two or more of the following: Email, Fax, Letter, Press Release, Telephone, Visit",Domestic distribution only.,V-0096-2023,Class I,"Omega-V3 Softgels,  Small & Medium Dogs & Cats, 60 softgels","5,254 bottles of lot #31133 and 6,198 bottles of lot #30837",Elevated levels of Vitamin A in animal food.,03/09/2023,05/08/2023,08/03/2023,03/29/2023,"Lot#31133, EXP 04/14/2023 and Lot#30837, EXP 10/26/2022"
Veterinary,No,,79897,Terminated,"Carnivore Meat Company, LLC",2878 Ontario Rd,N/A,Green Bay,WI,	54311-6877,United States,Voluntary: Firm initiated,"Two or more of the following: Email, Fax, Letter, Press Release, Telephone, Visit","CA, CO, FL, GA, IL, IN, KS,OH,  PA, RI, TX, VT, WA, WI, and Hong Kong",V-0097-2018,Class I,"Vital Essentials Freeze-Dried Beef Toppers.  Purely raw, Instinctively healthy.   Entr¿e for Dogs and Cats. Packaged in poly bags, Net Wt. 6 oz. (170 g) UPC 033211006059.  Product #3605",302 cases (1812 units),Raw dog food may have the potential to be contaminated with Salmonella,04/16/2018,06/28/2018,12/19/2018,05/02/2018,"lot codes 20190601 13815, 20190604 13815, and 20190620 13815"
Veterinary,No,03/19/2021,87408,Terminated,"Bravo Packing, Inc.",59 N Golfwood Ave,N/A,Carneys Point,NJ,	08069-9710,United States,Voluntary: Firm initiated,Press Release,"Product is sold to a distributor in NY then further distributed to distributors, retail locations or direct consumers nationwide. Some product is also sold to consumers directly.",V-0097-2021,Class I,"""Ground Beef"" raw frozen dog food. The product is packaged in 2-lb bags, 20 bags to a box or in 5-lb bags, 8 bags to a box.","Approximately 3,000lbs of lot 073020",Possible Listeria monocytogenes and Salmonella spp. contamination in frozen dog food,02/26/2021,03/19/2021,02/19/2022,03/10/2021,All lots within expiration including: lot 073020 and lot 040320
Veterinary,No,05/10/2023,91877,Terminated,"Stratford Care USA, Inc.",2600 Lakepointe Pkwy,N/A,Odessa,FL,	33556-4375,United States,Voluntary: Firm initiated,"Two or more of the following: Email, Fax, Letter, Press Release, Telephone, Visit",Domestic distribution only.,V-0097-2023,Class I,"Omega-V3 Softgels,  Small & Medium Dogs & Cats, 60 softgels","5,254 bottles of lot #31133 and 6,198 bottles of lot #30837",Elevated levels of Vitamin A in animal food.,03/09/2023,05/08/2023,08/03/2023,03/29/2023,"Lot#31133, EXP 04/14/2023 and Lot#30837, EXP 10/26/2022"
Veterinary,No,,79897,Terminated,"Carnivore Meat Company, LLC",2878 Ontario Rd,N/A,Green Bay,WI,	54311-6877,United States,Voluntary: Firm initiated,"Two or more of the following: Email, Fax, Letter, Press Release, Telephone, Visit","CA, CO, FL, GA, IL, IN, KS,OH,  PA, RI, TX, VT, WA, WI, and Hong Kong",V-0098-2018,Class I,"Vital Essentials Frozen Beef Entr¿e For Dogs.  Purely raw, Instinctively healthy. Packaged in chubs, Net Wt. 5 lbs. (2.27kg) UPC 033211008817,  Product # 3881",295 cases (1475 units),Raw dog food may have the potential to be contaminated with Salmonella,04/16/2018,06/28/2018,12/19/2018,05/02/2018,Lot code 20181227 13816
Veterinary,No,05/10/2023,91877,Terminated,"Stratford Care USA, Inc.",2600 Lakepointe Pkwy,N/A,Odessa,FL,	33556-4375,United States,Voluntary: Firm initiated,"Two or more of the following: Email, Fax, Letter, Press Release, Telephone, Visit",Domestic distribution only.,V-0098-2023,Class I,"Omega-V3 Softgels,  Small & Medium Dogs & Cats, 60 softgels","5,254 bottles of lot #31133 and 6,198 bottles of lot #30837",Elevated levels of Vitamin A in animal food.,03/09/2023,05/08/2023,08/03/2023,03/29/2023,"Lot#31133, EXP 04/14/2023 and Lot#30837, EXP 10/26/2022"
Veterinary,No,05/10/2023,91877,Terminated,"Stratford Care USA, Inc.",2600 Lakepointe Pkwy,N/A,Odessa,FL,	33556-4375,United States,Voluntary: Firm initiated,"Two or more of the following: Email, Fax, Letter, Press Release, Telephone, Visit",Domestic distribution only.,V-0099-2023,Class I,"Omega-V3 Softgels,  Small & Medium Dogs & Cats, 60 softgels","5,254 bottles of lot #31133 and 6,198 bottles of lot #30837",Elevated levels of Vitamin A in animal food.,03/09/2023,05/08/2023,08/03/2023,03/29/2023,"Lot#31133, EXP 04/14/2023 and Lot#30837, EXP 10/26/2022"
Veterinary,No,,61820,Terminated,Diamond Pet Foods,103 N Olive St,PO Box 156,Meta,MO,	65058-0156,United States,Voluntary: Firm initiated,"Two or more of the following: Email, Fax, Letter, Press Release, Telephone, Visit",US/Nationwide; Canada; Belize; Costa Rica; Domincan Republic; Guatemala; Hong Kong; Jamaica; Jordan; Japan; Kuwait; Kazakhstan; Lebanon; Sri Lanka; Malasia; Nigeria; Philippines; Pakistan; Russia; Singapore; El Salvadore; Thailand; Trinidad and Tobago; Taiwan,V-010-2013,Class I,"Diamond Pet Foods Original Dog, Net Wt. 50 lbs., Made by Diamond Pet Food, Meta, Missouri 65058.",unknown,Product was found to be contaminated with Salmonella.,05/04/2012,10/19/2012,05/27/2014,10/31/2012,Products (all sizes) with Best Before dates between 9-DEC-2012 and 7-APR-2013; Lot codes with a number '2' or '3' in the 9th position AND an 'X' in the 10th or 11th position.
Veterinary,No,04/06/2021,87553,Terminated,"Cargill, Inc         Corporate Headquarters",15407 McGinty Rd W,N/A,Wayzata,MN,	55391-2365,United States,Voluntary: Firm initiated,Telephone,Distributed to a distribution center in Texas,V-0100-2021,Class I,"Ranch Hound Maintenance Mini-Chunk Dog Food UPC 7 22304 39123 2, Manufactured for Atwood Distributing, L.P., Enid, OK.  40 lb. bag  ",3 bags,Dog food product tested positive for Salmonella,03/17/2021,04/06/2021,06/16/2021,03/31/2021,"Lots E1066 and E1067, best by 3/7/2022 and 3/8/2022"
Veterinary,No,05/10/2023,91877,Terminated,"Stratford Care USA, Inc.",2600 Lakepointe Pkwy,N/A,Odessa,FL,	33556-4375,United States,Voluntary: Firm initiated,"Two or more of the following: Email, Fax, Letter, Press Release, Telephone, Visit",Domestic distribution only.,V-0100-2023,Class I,"Omega-V3 Softgels,  Small & Medium Dogs & Cats, 60 softgels","5,254 bottles of lot #31133 and 6,198 bottles of lot #30837",Elevated levels of Vitamin A in animal food.,03/09/2023,05/08/2023,08/03/2023,03/29/2023,"Lot#31133, EXP 04/14/2023 and Lot#30837, EXP 10/26/2022"
Veterinary,No,05/10/2023,91877,Terminated,"Stratford Care USA, Inc.",2600 Lakepointe Pkwy,N/A,Odessa,FL,	33556-4375,United States,Voluntary: Firm initiated,"Two or more of the following: Email, Fax, Letter, Press Release, Telephone, Visit",Domestic distribution only.,V-0101-2023,Class I,"Omega-V3 Softgels,  Small & Medium Dogs & Cats, 60 softgels","5,254 bottles of lot #31133 and 6,198 bottles of lot #30837",Elevated levels of Vitamin A in animal food.,03/09/2023,05/08/2023,08/03/2023,03/29/2023,"Lot#31133, EXP 04/14/2023 and Lot#30837, EXP 10/26/2022"
Veterinary,No,05/10/2023,91877,Terminated,"Stratford Care USA, Inc.",2600 Lakepointe Pkwy,N/A,Odessa,FL,	33556-4375,United States,Voluntary: Firm initiated,"Two or more of the following: Email, Fax, Letter, Press Release, Telephone, Visit",Domestic distribution only.,V-0102-2023,Class I,"Omega-V3 Softgels,  Small & Medium Dogs & Cats, 60 softgels","5,254 bottles of lot #31133 and 6,198 bottles of lot #30837",Elevated levels of Vitamin A in animal food.,03/09/2023,05/08/2023,08/03/2023,03/29/2023,"Lot#31133, EXP 04/14/2023 and Lot#30837, EXP 10/26/2022"
Veterinary,No,05/10/2023,91877,Terminated,"Stratford Care USA, Inc.",2600 Lakepointe Pkwy,N/A,Odessa,FL,	33556-4375,United States,Voluntary: Firm initiated,"Two or more of the following: Email, Fax, Letter, Press Release, Telephone, Visit",Domestic distribution only.,V-0103-2023,Class I,"Omega- 3 Softgels,  For Small & Medium Dogs & Cats, 60 softgels","5,254 bottles of lot #31133 and 6,198 bottles of lot #30837",Elevated levels of Vitamin A in animal food.,03/09/2023,05/08/2023,08/03/2023,03/29/2023,"Lot#31133, EXP 04/14/2023 and Lot#30837, EXP 10/26/2022"
Veterinary,No,04/20/2021,87625,Terminated,MIdwestern Pet Foods Inc.,617 South D Street,N/A,Monmouth,IL,	61462-2157,United States,Voluntary: Firm initiated,Press Release,"Products were distributed to retail stores nationwide in the United States (including Puerto Rico) and to online retailers. Products were also exported to the following countries: Bahrain, Barbados, Chile, Costa Rica, Ghana, Honduras, Iceland, Indonesia, Ireland, Israel, Kuwait, Malaysia, New Zealand, Singapore, Taiwan, Trinidad and Tobago, United Arab Emirates, and Uruguay.",V-0104-2021,Class I,"Certain dog and cat food brands including CanineX, Earthborn Holistic, Venture, Unrefined, Sportmix Wholesomes, Pro Pac, Pro Pac Ultimates, Sportstrail, Sportmix and Meridian; the products are packaged in paper or plastic bags of various sizes/weights ranging from 4lb-50lb.","6,509,819 lbs./ 224,400 units",Product potentially contaminated with Salmonella spp.,03/26/2021,04/20/2021,01/26/2022,04/14/2021,Multiple codes
Veterinary,No,05/10/2023,91877,Terminated,"Stratford Care USA, Inc.",2600 Lakepointe Pkwy,N/A,Odessa,FL,	33556-4375,United States,Voluntary: Firm initiated,"Two or more of the following: Email, Fax, Letter, Press Release, Telephone, Visit",Domestic distribution only.,V-0104-2023,Class I,"Omega-V3 Softgels,  For Small & Medium Dogs & Cats, 60 softgels","5,254 bottles of lot #31133 and 6,198 bottles of lot #30837",Elevated levels of Vitamin A in animal food.,03/09/2023,05/08/2023,08/03/2023,03/29/2023,"Lot#31133, EXP 04/14/2023 and Lot#30837, EXP 10/26/2022"
Veterinary,No,05/10/2023,91877,Terminated,"Stratford Care USA, Inc.",2600 Lakepointe Pkwy,N/A,Odessa,FL,	33556-4375,United States,Voluntary: Firm initiated,"Two or more of the following: Email, Fax, Letter, Press Release, Telephone, Visit",Domestic distribution only.,V-0105-2023,Class I,"Omega-V3 Softgels,  Small & Medium Dogs & Cats, 60 softgels","5,254 bottles of lot #31133 and 6,198 bottles of lot #30837",Elevated levels of Vitamin A in animal food.,03/09/2023,05/08/2023,08/03/2023,03/29/2023,"Lot#31133, EXP 04/14/2023 and Lot#30837, EXP 10/26/2022"
Veterinary,No,,76706,Terminated,Blue Buffalo Company Ltd,11 River Rd,N/A,Wilton,CT,	06897-6010,United States,Voluntary: Firm initiated,"Two or more of the following: Email, Fax, Letter, Press Release, Telephone, Visit",AZ  CA  FL  GA  IL  IN  KS  KY  MA  MI  MN  MT  NC  NJ  NV  OH  OR  PA  SC  TX  VA  WA  WI,V-0106-2017,Class I,BLUE Wilderness Rocky Mountain Recipe Red Meat Dinner Wet Food for Adult Dogs 12.5 oz can UPC# 840243101153  ,"8887 cases (12 per case) total 106,644 cans",Product may contain elevated levels of thyroid hormones.,03/17/2017,04/17/2017,09/07/2017,04/26/2017,"Best Buy Date June 7, 2019 (found on the bottom of the can)"
Veterinary,No,05/10/2023,91877,Terminated,"Stratford Care USA, Inc.",2600 Lakepointe Pkwy,N/A,Odessa,FL,	33556-4375,United States,Voluntary: Firm initiated,"Two or more of the following: Email, Fax, Letter, Press Release, Telephone, Visit",Domestic distribution only.,V-0106-2023,Class I,"Omega-V3 Softgels,  For Small & Medium Dogs & Cats, 60 softgels","5,254 bottles of lot #31133 and 6,198 bottles of lot #30837",Elevated levels of Vitamin A in animal food.,03/09/2023,05/08/2023,08/03/2023,03/29/2023,"Lot#31133, EXP 04/14/2023 and Lot#30837, EXP 10/26/2022"
Veterinary,No,,76755,Terminated,Wellpet Llc,200 Ames Pond Dr,N/A,Tewksbury,MA,	01876-1290,United States,Voluntary: Firm initiated,"Two or more of the following: Email, Fax, Letter, Press Release, Telephone, Visit","Nationwide  Foreign: Canada, Australia,",V-0107-2017,Class I,"WELLNESS***ninety-five percent***BEEF***ALL NATURAL GRAIN FREE NOTHING ARTIFICIAL ***Packed with super premium real beef. As a mixer or topper, it's simply delicious!***FOOD FOR DOGS***NET WT 13.2 oz (374 G)can ***Old Mother Hubbard, Inc. ***Enhancing Pets Lives Since 1926***Tewksbury, MA 01824-4125 ***MADE IN USA***INGREDIENTS: BEEF, WATER SUFFICIENT FOR PROCESSING, NATURAL FLAVORS, CASSIA GUM, CARRAGEENAN  UPC Codes: Can: 076344894506 Case: 076344894001","16,161 cases (12 cans per case)",Product  contains Elevated Levels of Thyroid Hormones,03/17/2017,04/17/2017,11/17/2017,04/26/2017,"Best By:  02 FEB 19, 29 AUG 19, 30 AUG 19"
Veterinary,No,04/29/2021,87534,Terminated,"Bravo Packing, Inc.",59 N Golfwood Ave,N/A,Carneys Point,NJ,	08069-9710,United States,Voluntary: Firm initiated,Press Release,Product is distributed nationwide.,V-0107-2021,Class I,Green Tripe  (chub - ground bovine stomach) frozen raw dog food. The product is packaged in 2lbs and 5lb chubs,unknown,Possible Listeria monocytogenes and Salmonella spp. contamination in frozen dog food and bones,03/15/2021,04/29/2021,02/22/2022,03/31/2021,All lots within expiration
Veterinary,No,05/10/2023,91877,Terminated,"Stratford Care USA, Inc.",2600 Lakepointe Pkwy,N/A,Odessa,FL,	33556-4375,United States,Voluntary: Firm initiated,"Two or more of the following: Email, Fax, Letter, Press Release, Telephone, Visit",Domestic distribution only.,V-0107-2023,Class I,"Omega-V3 Softgels,  For Small & Medium Dogs & Cats, 60 softgels","5,254 bottles of lot #31133 and 6,198 bottles of lot #30837",Elevated levels of Vitamin A in animal food.,03/09/2023,05/08/2023,08/03/2023,03/29/2023,"Lot#31133, EXP 04/14/2023 and Lot#30837, EXP 10/26/2022"
Veterinary,No,03/19/2026,98474,Terminated,elite treats LLC,9458 Royal Woods Manor,N/A,Boca Raton,FL,	33434,United States,Voluntary: Firm initiated,"Two or more of the following: Email, Fax, Letter, Press Release, Telephone, Visit","Product was distributed to Alabama, Florida, Georgia, North Carolina and South Carolina",V-0107-2026,Class I,"All Natural Chicken Chips for Dogs 100 % Real Whole Chicken Breast, Nt Wt. 6oz (170g), 6- 6oz (170g) bags per case. manufactured by: Elite Treats, LLC Boca Raton, FL elite.treats@yahoo.com. UPC 976446 391820",60 - 6-ounce bags,Potential contamination with Salmonella,02/19/2026,03/19/2026,04/15/2026,03/04/2026,Lot 24045   EXP 04/27
Veterinary,No,02/14/2019,81499,Terminated,Whitebridge Pet Brands Llc,1224 Fern Ridge Pkwy,STE 200,Saint Louis,MO,	63141-4417,United States,Voluntary: Firm initiated,Telephone,"Nutrisca distributed to retail stores nationwide. Natural Life brand distributed to retail stores in Georgia, Florida, Alabama, North Carolina, South Carolina, Tennessee, Virginia and California.",V-0108-2019,Class I,"Natural Life Chicken & Potato Dry Dog Food packaged Net Wt. 17.5 lbs packaged in paper bags, UPC: 0-12344-08175-1","4,390 cases",Dry dog food may have high levels of vitamin D.,11/02/2018,02/14/2019,04/09/2019,12/19/2018,"Best By Date code of December 5, 2019 through August 10, 2020"
Veterinary,No,04/29/2021,87534,Terminated,"Bravo Packing, Inc.",59 N Golfwood Ave,N/A,Carneys Point,NJ,	08069-9710,United States,Voluntary: Firm initiated,Press Release,Product is distributed nationwide.,V-0108-2021,Class I,Performance Dog  (patties ¿ lbs) frozen raw dog food. Unknown packaging size.,unknown,Possible Listeria monocytogenes and Salmonella spp. contamination in frozen dog food and bones,03/15/2021,04/29/2021,02/22/2022,03/31/2021,"All lots within expiration including lots 112320, 011821, 011020,062020,090719,120919,072720, 110819, and 052320"
Veterinary,No,05/10/2023,91877,Terminated,"Stratford Care USA, Inc.",2600 Lakepointe Pkwy,N/A,Odessa,FL,	33556-4375,United States,Voluntary: Firm initiated,"Two or more of the following: Email, Fax, Letter, Press Release, Telephone, Visit",Domestic distribution only.,V-0108-2023,Class I,"Omega-V3 Softgels,  Small & Medium Dogs & Cats, 60 softgels","5,254 bottles of lot #31133 and 6,198 bottles of lot #30837",Elevated levels of Vitamin A in animal food.,03/09/2023,05/08/2023,08/03/2023,03/29/2023,"Lot#31133, EXP 04/14/2023 and Lot#30837, EXP 10/26/2022"
Veterinary,No,02/14/2019,81499,Terminated,Whitebridge Pet Brands Llc,1224 Fern Ridge Pkwy,STE 200,Saint Louis,MO,	63141-4417,United States,Voluntary: Firm initiated,Telephone,"Nutrisca distributed to retail stores nationwide. Natural Life brand distributed to retail stores in Georgia, Florida, Alabama, North Carolina, South Carolina, Tennessee, Virginia and California.",V-0109-2019,Class I,"Nutrisca Chicken and Chickpea Dry Dog Food packaged in the following sizes 1) 4 lbs paper bags, UPC: 8-84244-12495-7; 2) 15 lbs paper bags, UPC: 8-84244-12795-8; 3) 28 lbs, UPC: 8-84244-12895-5","14,994 cases",Dry dog food may have high levels of vitamin D.,11/02/2018,02/14/2019,04/09/2019,12/19/2018,"Best By Date code of February 25, 2020 through September 13, 2020."
Veterinary,No,04/29/2021,87534,Terminated,"Bravo Packing, Inc.",59 N Golfwood Ave,N/A,Carneys Point,NJ,	08069-9710,United States,Voluntary: Firm initiated,Press Release,Product is distributed nationwide.,V-0109-2021,Class I,Tripe  (patties 1/4 lbs.) frozen raw dog food. Unknown packaging size,N/A,Possible Listeria monocytogenes and Salmonella spp. contamination in frozen dog food and bones,03/15/2021,04/29/2021,02/22/2022,03/31/2021,All lots within expiration
Veterinary,No,05/10/2023,91877,Terminated,"Stratford Care USA, Inc.",2600 Lakepointe Pkwy,N/A,Odessa,FL,	33556-4375,United States,Voluntary: Firm initiated,"Two or more of the following: Email, Fax, Letter, Press Release, Telephone, Visit",Domestic distribution only.,V-0109-2023,Class I,"Omega-V3 Softgels,  For Small & Medium Dogs & Cats, 60 softgels","5,254 bottles of lot #31133 and 6,198 bottles of lot #30837",Elevated levels of Vitamin A in animal food.,03/09/2023,05/08/2023,08/03/2023,03/29/2023,"Lot#31133, EXP 04/14/2023 and Lot#30837, EXP 10/26/2022"
Veterinary,No,,56042,Terminated,Spectrum Jungle Labs Corporation,120 Industrial Drive,N/A,Cibolo,TX,	78108-0630,United States,N/A,N/A,Nationwide and 14 additional countries,V-011-2011,Class I,"PetCo Ear Powder for Dogs.  1oz (28g).  Blue, Red, White, Brown, and Black Label.  UPC code 800443037652.  SKU #673110 (Bottle) and SKU #1094181 (Box). Expiration date 01/13 thru 06/13.",3248 Units,Product may contain Salmonella,06/22/2010,N/A,05/02/2011,,N/A
Veterinary,No,,65847,Terminated,Steve's Real Foods,6138 S 2900 E,N/A,Ogden,UT,	84403,United States,Voluntary: Firm initiated,Letter,Nationwide.,V-011-2014,Class I,"DOG FOOD MAKING A DIFFERENCE, RAW FROZEN DOG FOOD, STEVE'S REAL FOOD, CHICKEN CANINE RECIPE, Net Wt. 5lbs. (2.3 kg), 8oz Patties, ""Use By""date of 11-7-13, UPC 6-91730-14202-5, Fortified with Raw Goat's Milk, Vegetarian Fed, Free Range, No Added Artibiotics or Hormones, Produce Grown without Pesticides, POUR AND SERVE NUGGETS, NATURALLY DELICIOUS RAW DOG FOOD, Feeding Guidelines, SAFE HANDLING Follow the same health standards and food handling techniques you would for your human family's raw meats and other foods. Keep Frozen.",42 cases - 168 Bags,"Steve's Real Food is recalling its ""Chicken Canine Recipe"" due to potential contamination with Salmonelle.",07/26/2013,12/05/2013,12/23/2015,12/11/2013,"LOT A220, MRF#: 81, UPC - 6-91730-14202-5"
Veterinary,No,05/10/2023,91877,Terminated,"Stratford Care USA, Inc.",2600 Lakepointe Pkwy,N/A,Odessa,FL,	33556-4375,United States,Voluntary: Firm initiated,"Two or more of the following: Email, Fax, Letter, Press Release, Telephone, Visit",Domestic distribution only.,V-0110-2023,Class I,"Omega-V3 Softgels,  For Small & Medium Dogs, 60 softgels","5,254 bottles of lot #31133 and 6,198 bottles of lot #30837",Elevated levels of Vitamin A in animal food.,03/09/2023,05/08/2023,08/03/2023,03/29/2023,"Lot#31133, EXP 04/14/2023 and Lot#30837, EXP 10/26/2022"
Veterinary,No,05/10/2023,91877,Terminated,"Stratford Care USA, Inc.",2600 Lakepointe Pkwy,N/A,Odessa,FL,	33556-4375,United States,Voluntary: Firm initiated,"Two or more of the following: Email, Fax, Letter, Press Release, Telephone, Visit",Domestic distribution only.,V-0111-2023,Class I,"Omega-V3 Softgels,  For Small & Medium Dogs & Cats, 60 softgels","5,254 bottles of lot #31133 and 6,198 bottles of lot #30837",Elevated levels of Vitamin A in animal food.,03/09/2023,05/08/2023,08/03/2023,03/29/2023,"Lot#31133, EXP 04/14/2023 and Lot#30837, EXP 10/26/2022"
Veterinary,No,05/10/2023,91877,Terminated,"Stratford Care USA, Inc.",2600 Lakepointe Pkwy,N/A,Odessa,FL,	33556-4375,United States,Voluntary: Firm initiated,"Two or more of the following: Email, Fax, Letter, Press Release, Telephone, Visit",Domestic distribution only.,V-0112-2023,Class I,"Omega-V3 Softgels,  For Small & Medium Dogs & Cats, 60 softgels","5,254 bottles of lot #31133 and 6,198 bottles of lot #30837",Elevated levels of Vitamin A in animal food.,03/09/2023,05/08/2023,08/03/2023,03/29/2023,"Lot#31133, EXP 04/14/2023 and Lot#30837, EXP 10/26/2022"
Veterinary,No,05/10/2023,91877,Terminated,"Stratford Care USA, Inc.",2600 Lakepointe Pkwy,N/A,Odessa,FL,	33556-4375,United States,Voluntary: Firm initiated,"Two or more of the following: Email, Fax, Letter, Press Release, Telephone, Visit",Domestic distribution only.,V-0113-2023,Class I,"Advanced Omega-V3 Softgels,  60 softgels, For Dogs & Cats","5,254 bottles of lot #31133 and 6,198 bottles of lot #30837",Elevated levels of Vitamin A in animal food.,03/09/2023,05/08/2023,08/03/2023,03/29/2023,"Lot#31133, EXP 04/14/2023 and Lot#30837, EXP 10/26/2022"
Veterinary,No,04/09/2026,98465,Ongoing,"Pretty Bird International, Inc",31008 Foxhill Ave,N/A,Stacy,MN,	55079-9511,United States,Voluntary: Firm initiated,E-Mail,Nationwide,V-0113-2026,Class I,"Young Again Pet Food, Core Health, Dog Food.  For Breeds 30 lbs & up.  Medium - Large Dog & Puppy Formula.  Packaged in the following sized containers:   1.  Net Weight 10 lbs.  UPC 7 16432-92570;    2.  Net Weight 25 lbs. (11.34 kg)   UPC 7 16432-92574 2.  Young Again Pet Foods, LLC., 31008 Fox Hill Avenue, Stacy, Minnesota  55079-9511","4,375 lbs. total",Dog food tested presumptive Salmonella positive.,02/18/2026,04/09/2026,N/A,03/18/2026,Best By Date of 102826
Veterinary,No,05/10/2023,91877,Terminated,"Stratford Care USA, Inc.",2600 Lakepointe Pkwy,N/A,Odessa,FL,	33556-4375,United States,Voluntary: Firm initiated,"Two or more of the following: Email, Fax, Letter, Press Release, Telephone, Visit",Domestic distribution only.,V-0114-2023,Class I,"Omega-V3 Softgels,  For Small & Medium Dogs & Cats, 60 softgels,","5,254 bottles of lot #31133 and 6,198 bottles of lot #30837",Elevated levels of Vitamin A in animal food.,03/09/2023,05/08/2023,08/03/2023,03/29/2023,"Lot#31133, EXP 04/14/2023 and Lot#30837, EXP 10/26/2022"
Veterinary,No,04/09/2026,98343,Completed,"Raaw Energy, LLC",967 Route 524,N/A,Adelphia,NJ,	07710,United States,Voluntary: Firm initiated,Telephone,"The adulterate product was distributed to the following states: CT, MA, MD, ME, NH, NJ, PA, VA, RI, DE, NH, VT, WV",V-0114-2026,Class I,"Dog Food - Chicken Medley 2-lb and 5-lb tubes, 10 per Case ",182 Cases,"Product tested positive for positive for one or more types of pathogenic (harmful) bacteria, specifically: Listeria monocytogenes, Salmonella, Campylobacter jejuni.  Chicken medley 2lb (Listeria monocytogenes, Salmonella, Campylobacter jejuni) Chicken medley 5lb Date code 11.22.25 (Listeria monocytogenes) Chicken medley 5lb Date code 12.12.25  (Listeria monocytogenes, Salmonella)",01/26/2026,04/09/2026,N/A,03/25/2026,"(2 lb) Date Code 7.17.25, (5 lb) Date Code 11.22.25 and 12.12.25."
Veterinary,No,05/10/2023,91877,Terminated,"Stratford Care USA, Inc.",2600 Lakepointe Pkwy,N/A,Odessa,FL,	33556-4375,United States,Voluntary: Firm initiated,"Two or more of the following: Email, Fax, Letter, Press Release, Telephone, Visit",Domestic distribution only.,V-0115-2023,Class I,"Preventive Care, V4B, Bully Fish Oil, Omega -3 EFA,  For Small & Medium Dogs & Cats, 60 softgels,","5,254 bottles of lot #31133 and 6,198 bottles of lot #30837",Elevated levels of Vitamin A in animal food.,03/09/2023,05/08/2023,08/03/2023,03/29/2023,"Lot#31133, EXP 04/14/2023 and Lot#30837, EXP 10/26/2022"
Veterinary,No,04/09/2026,98343,Completed,"Raaw Energy, LLC",967 Route 524,N/A,Adelphia,NJ,	07710,United States,Voluntary: Firm initiated,Telephone,"The adulterate product was distributed to the following states: CT, MA, MD, ME, NH, NJ, PA, VA, RI, DE, NH, VT, WV",V-0115-2026,Class I,"Dog Food - Salmon 5-lb tubes, 10 per Case ",27 Cases,"Product tested positive for positive for one or more types of pathogenic (harmful) bacteria, specifically: Listeria monocytogenes (L. monocytogenes).",01/26/2026,04/09/2026,N/A,03/25/2026,Date Code: 12.5.25 and 12.12.25
Veterinary,No,05/10/2023,91877,Terminated,"Stratford Care USA, Inc.",2600 Lakepointe Pkwy,N/A,Odessa,FL,	33556-4375,United States,Voluntary: Firm initiated,"Two or more of the following: Email, Fax, Letter, Press Release, Telephone, Visit",Domestic distribution only.,V-0116-2023,Class I,"Omega -V3 Softgels,  Small & Medium Dogs & Cats, 60 softgels,","5,254 bottles of lot #31133 and 6,198 bottles of lot #30837",Elevated levels of Vitamin A in animal food.,03/09/2023,05/08/2023,08/03/2023,03/29/2023,"Lot#31133, EXP 04/14/2023 and Lot#30837, EXP 10/26/2022"
Veterinary,No,04/09/2026,98343,Completed,"Raaw Energy, LLC",967 Route 524,N/A,Adelphia,NJ,	07710,United States,Voluntary: Firm initiated,Telephone,"The adulterate product was distributed to the following states: CT, MA, MD, ME, NH, NJ, PA, VA, RI, DE, NH, VT, WV",V-0116-2026,Class I,"Dog Food - Beef Chicken Medley 5-lb tubes, 10 per Case ",227 Cases,"Product tested positive for positive for one or more types of pathogenic (harmful) bacteria, specifically: Listeria monocytogenes.",01/26/2026,04/09/2026,N/A,03/25/2026,"Date Code: 11/22//2025, 12/12/2025, 7/17/2025"
Veterinary,No,05/10/2023,91877,Terminated,"Stratford Care USA, Inc.",2600 Lakepointe Pkwy,N/A,Odessa,FL,	33556-4375,United States,Voluntary: Firm initiated,"Two or more of the following: Email, Fax, Letter, Press Release, Telephone, Visit",Domestic distribution only.,V-0117-2023,Class I,"Omega -V3 Softgels,  For Small & Medium Dogs & Cats, 60 softgels,","5,254 bottles of lot #31133 and 6,198 bottles of lot #30837",Elevated levels of Vitamin A in animal food.,03/09/2023,05/08/2023,08/03/2023,03/29/2023,"Lot#31133, EXP 04/14/2023 and Lot#30837, EXP 10/26/2022"
Veterinary,No,04/09/2026,98343,Completed,"Raaw Energy, LLC",967 Route 524,N/A,Adelphia,NJ,	07710,United States,Voluntary: Firm initiated,Telephone,"The adulterate product was distributed to the following states: CT, MA, MD, ME, NH, NJ, PA, VA, RI, DE, NH, VT, WV",V-0117-2026,Class I,Dog Food - Beef Turkey Medley 5-lb tubes ,50 Cases,"Product tested positive for positive for one or more types of pathogenic (harmful) bacteria, specifically: Listeria monocytogenes.",01/26/2026,04/09/2026,N/A,03/25/2026,Date Code: 12.18.25
Veterinary,No,05/10/2023,91877,Terminated,"Stratford Care USA, Inc.",2600 Lakepointe Pkwy,N/A,Odessa,FL,	33556-4375,United States,Voluntary: Firm initiated,"Two or more of the following: Email, Fax, Letter, Press Release, Telephone, Visit",Domestic distribution only.,V-0118-2023,Class I,"Omega -V3 Softgels,  For Small & Medium Dogs & Cats, 60 softgels,","5,254 bottles of lot #31133 and 6,198 bottles of lot #30837",Elevated levels of Vitamin A in animal food.,03/09/2023,05/08/2023,08/03/2023,03/29/2023,"Lot#31133, EXP 04/14/2023 and Lot#30837, EXP 10/26/2022"
Veterinary,No,04/09/2026,98343,Completed,"Raaw Energy, LLC",967 Route 524,N/A,Adelphia,NJ,	07710,United States,Voluntary: Firm initiated,Telephone,"The adulterate product was distributed to the following states: CT, MA, MD, ME, NH, NJ, PA, VA, RI, DE, NH, VT, WV",V-0118-2026,Class I,Dog Food - Beef Chicken Tripe Medley 5-lb tubes ,14 Cases,"Product tested positive for positive for one or more types of pathogenic (harmful) bacteria, specifically: Listeria monocytogenes.",01/26/2026,04/09/2026,N/A,03/25/2026,Date Code: 12/23/2025
Veterinary,No,04/03/2019,81617,Terminated,SUNSHINE MILLS INC,500 6th St Sw,N/A,Red Bay,AL,	35582-4084,United States,Voluntary: Firm initiated,Telephone,"U.S. Distribution to the states of: AL, AZ, FL, GA, IN, KS, MA, MI, MO, NC, NE, NJ, NV, NY, PA, TN, TX, UT, VA, WA, WI, WV  Countries of: Canada, Columbia, Israel, Japan, South Korea",V-0119-2019,Class I,Evolve Puppy Formula Natural Dog Food NET WT. 28 lbs UPC: 0-73657-00863-7,"24,248 lbs",Possible elevated levels of Vitamin D.,11/19/2018,04/03/2019,07/17/2020,01/02/2019,"Best Buy Date Code of November 1, 2018 through November 8, 2019."
Veterinary,No,05/10/2023,91877,Terminated,"Stratford Care USA, Inc.",2600 Lakepointe Pkwy,N/A,Odessa,FL,	33556-4375,United States,Voluntary: Firm initiated,"Two or more of the following: Email, Fax, Letter, Press Release, Telephone, Visit",Domestic distribution only.,V-0119-2023,Class I,"Omega -V3 Softgels,  For Small & Medium Dogs & Cats, 60 softgels,","5,254 bottles of lot #31133 and 6,198 bottles of lot #30837",Elevated levels of Vitamin A in animal food.,03/09/2023,05/08/2023,08/03/2023,03/29/2023,"Lot#31133, EXP 04/14/2023 and Lot#30837, EXP 10/26/2022"
Veterinary,No,,56042,Terminated,Spectrum Jungle Labs Corporation,120 Industrial Drive,N/A,Cibolo,TX,	78108-0630,United States,N/A,N/A,Nationwide and 14 additional countries,V-012-2011,Class I,"Doctors Foster and Smith Brewers Yeast Tablets for Dogs & Cats.  750 Tablets.  Green, White, Yellow, Brown, and Black Label.  UPC code 825141055043.  Item #72157.  Expiration date 01/13 thru 06/13.",351 Units,Product may contain Salmonella,06/22/2010,N/A,05/02/2011,,N/A
Veterinary,No,,61820,Terminated,Diamond Pet Foods,103 N Olive St,PO Box 156,Meta,MO,	65058-0156,United States,Voluntary: Firm initiated,"Two or more of the following: Email, Fax, Letter, Press Release, Telephone, Visit",US/Nationwide; Canada; Belize; Costa Rica; Domincan Republic; Guatemala; Hong Kong; Jamaica; Jordan; Japan; Kuwait; Kazakhstan; Lebanon; Sri Lanka; Malasia; Nigeria; Philippines; Pakistan; Russia; Singapore; El Salvadore; Thailand; Trinidad and Tobago; Taiwan,V-012-2013,Class I,"Diamond Pet Foods Performance Dog, Net Wt. 40 lbs., Made by Diamond Pet Food, Meta, Missouri 65058.",unknown,Product was found to be contaminated with Salmonella.,05/04/2012,10/19/2012,05/27/2014,10/31/2012,Products (all sizes) with Best Before dates between 9-DEC-2012 and 7-APR-2013; Lot codes with a number '2' or '3' in the 9th position AND an 'X' in the 10th or 11th position.
Veterinary,No,04/03/2019,81617,Terminated,SUNSHINE MILLS INC,500 6th St Sw,N/A,Red Bay,AL,	35582-4084,United States,Voluntary: Firm initiated,Telephone,"U.S. Distribution to the states of: AL, AZ, FL, GA, IN, KS, MA, MI, MO, NC, NE, NJ, NV, NY, PA, TN, TX, UT, VA, WA, WI, WV  Countries of: Canada, Columbia, Israel, Japan, South Korea",V-0120-2019,Class I,Evolve Puppy Formula Natural Dog Food NET WT. 14 lbs UPC: 0-73657-00862-0,"11,620 lbs",Possible elevated levels of Vitamin D.,11/19/2018,04/03/2019,07/17/2020,01/02/2019,"Best Buy Date Code of November 1, 2018 through November 8, 2019."
Veterinary,No,04/03/2019,81617,Terminated,SUNSHINE MILLS INC,500 6th St Sw,N/A,Red Bay,AL,	35582-4084,United States,Voluntary: Firm initiated,Telephone,"U.S. Distribution to the states of: AL, AZ, FL, GA, IN, KS, MA, MI, MO, NC, NE, NJ, NV, NY, PA, TN, TX, UT, VA, WA, WI, WV  Countries of: Canada, Columbia, Israel, Japan, South Korea",V-0122-2019,Class I,Triumph Super Premium Dog Food Chicken & Rice Recipe NET WT. 30 LBS  UPC 0-73657-00875-0,"30,480 lbs",Possible elevated levels of Vitamin D.,11/19/2018,04/03/2019,07/17/2020,01/02/2019,"Best Buy Date Code of November 1, 2018 through November 8, 2019."
Veterinary,No,04/03/2019,81617,Terminated,SUNSHINE MILLS INC,500 6th St Sw,N/A,Red Bay,AL,	35582-4084,United States,Voluntary: Firm initiated,Telephone,"U.S. Distribution to the states of: AL, AZ, FL, GA, IN, KS, MA, MI, MO, NC, NE, NJ, NV, NY, PA, TN, TX, UT, VA, WA, WI, WV  Countries of: Canada, Columbia, Israel, Japan, South Korea",V-0123-2019,Class I,Triumph Super Premium Dog Food Chicken & Rice Recipe NET WT. 3.5 LBS  UPC 0-73657-00873-6,"3,608  lbs",Possible elevated levels of Vitamin D.,11/19/2018,04/03/2019,07/17/2020,01/02/2019,"Best Buy Date Code of November 1, 2018 through November 8, 2019."
Veterinary,No,04/03/2019,81617,Terminated,SUNSHINE MILLS INC,500 6th St Sw,N/A,Red Bay,AL,	35582-4084,United States,Voluntary: Firm initiated,Telephone,"U.S. Distribution to the states of: AL, AZ, FL, GA, IN, KS, MA, MI, MO, NC, NE, NJ, NV, NY, PA, TN, TX, UT, VA, WA, WI, WV  Countries of: Canada, Columbia, Israel, Japan, South Korea",V-0124-2019,Class I,Triumph Super Premium Dog Food Chicken & Rice Recipe NET WT. 16 LBS  UPC 0-73657-00874-3,"2,608 lbs",Possible elevated levels of Vitamin D.,11/19/2018,04/03/2019,07/17/2020,01/02/2019,"Best Buy Date Code of November 1, 2018 through November 8, 2019."
Veterinary,No,05/26/2026,98774,Completed,Revival Animal Health LLC,1700 Albany Pl SE,N/A,Orange City,IA,	51041-9680,United States,Voluntary: Firm initiated,"Two or more of the following: Email, Fax, Letter, Press Release, Telephone, Visit",Nationwide.  Outside the US to Canada.,V-0125-2026,Class I,"Breeder's Edge Foster Care, Puppy Milk Replacer, Provides complete nutrition with digestive and immune support.  Newborn Health.  For use in Dogs/Puppies only.    Packaged in the following sizes:   1.  Net Contents:  12 oz (340 grams) Powder  UPC 8 17160-01018 9.  Manufactured For:  Revival Animal Health, 1700 Albany Place SE, Orange City, IA  51041.   2.  Net Contents:  4.5 LB (2.04 kg) Powder UPC 8 17160-01007 3.  Marketed Exclusively By:  Breeder's Edge, 1700 Albany Place SE, Orange Ciy, IA  51041. 3.  Net Contents:  18 LB (8.16Kg) Powder  UPC 8 17160-01102 5.   Manufactured For:  Revival Animal Health, 1700 Albany Place SE, Orange City, IA  51041.   4.  Net Contents:  20 lb (9.07Kg) Powder, UPC 8 17160-01017 2.  Marketed Exclusively By:  Breeder's Edge, 1700 Albany Place SE, Orange Ciy, IA  51041.","48,526 lbs. total",Milk Replacer may contain vitamin D levels higher or lower than labeled claim.,04/15/2026,05/26/2026,N/A,05/13/2026,"1.  Best By Dates:  7/11/2026, 8/15/2026, 9/9/2026, 4/3/2027, 5/1/2027, 2/5/2028.   2.  Best By Dates:  5/22/2026, 9/9/2026, 10/31/2026, 3/7/2027, 4/29/2027, 11/14/2027, 2/5/2028.   3.  Bes By Dates:  7/11/2026, 9/9/2026, 1/16/2027, 4/3/2027, 4/29/2027, 11/14/2027, 1/20/2028.   4.  Best By:  6/19/2026"
Veterinary,No,05/02/2019,82268,Terminated,Arrow Reliance Inc dba Darwin's Natural Pet Products,350 Treck Dr,N/A,Tukwila,WA,	98188-7604,United States,Voluntary: Firm initiated,E-Mail,Unknown,V-0128-2019,Class I,"Natural Selections Chicken and Vegetable Meals for Dogs, frozen, raw dog meals, packaged in 2 lbs. thermo-formed sealed plastic package, divided into 8 oz. portions.","2,337 units (Lot # 5309) and 6,662 units (Lot # 5375)",Natural Selections Chicken and Vegetable Meals for Dogs are recalled due to a potential contamination with Salmonella.,02/07/2019,05/02/2019,09/30/2019,04/10/2019,"Lot # 5309, manufactured on 10/19/18 (listed as 5309(11)181019 on label).    Lot # 5375, manufactured on 11/6/18 (listed as 5375(11)181106 on label)."
Veterinary,No,06/21/2021,88031,Terminated,"Sunshine Mills, Inc.",2103 S. Gloster St.,N/A,Tupelo,MS,	38801,United States,Voluntary: Firm initiated,E-Mail,"MS, FL, TN, LA, VA, NC, TX, MN, WI, IA, SD, ND, AL, GA",V-0128-2021,Class I,FRM Gold Select High Performance Dog Food  50lb bag  ,96 bags,Positive Salmonella Sampling,06/01/2021,06/21/2021,10/03/2023,06/16/2021,UPC 159905873  Best By 10/06/2021  Lot TA1 06/Oct/2020
Veterinary,No,05/02/2019,82268,Terminated,Arrow Reliance Inc dba Darwin's Natural Pet Products,350 Treck Dr,N/A,Tukwila,WA,	98188-7604,United States,Voluntary: Firm initiated,E-Mail,Unknown,V-0129-2019,Class I,"Natural Selections Turkey and Vegetable Meals for Dogs, frozen, raw dog meals, packaged in 2 lbs. thermo-formed sealed plastic package, divided into 8 oz. portions.","2,740 units",Natural Selections Turkey and Vegetable Meals for Dogs are recalled due to a potential contamination with Salmonella.,02/07/2019,05/02/2019,09/30/2019,04/10/2019,"Lot # 5339, manufactured on 10/26/18 (listed as 5339(11)181026 on label)."
Veterinary,No,06/21/2021,88031,Terminated,"Sunshine Mills, Inc.",2103 S. Gloster St.,N/A,Tupelo,MS,	38801,United States,Voluntary: Firm initiated,E-Mail,"MS, FL, TN, LA, VA, NC, TX, MN, WI, IA, SD, ND, AL, GA",V-0129-2021,Class I,Sportman's Pride Professional Formula 30/20 Dog Food  40lb Bag  ,166 bags,Positive Salmonella Sampling,06/01/2021,06/21/2021,10/03/2023,06/16/2021,UPC 7015510184  Best By 10/07/2021  Lot TI1 07/Oct/2020
Veterinary,No,06/21/2021,88031,Terminated,"Sunshine Mills, Inc.",2103 S. Gloster St.,N/A,Tupelo,MS,	38801,United States,Voluntary: Firm initiated,E-Mail,"MS, FL, TN, LA, VA, NC, TX, MN, WI, IA, SD, ND, AL, GA",V-0130-2021,Class I,Sprout Sporting Dog Food  5lb Bag  40lb Bag,1418 bags,Positive Salmonella Sampling,06/01/2021,06/21/2021,10/03/2023,06/16/2021,"5lb: UPC 7015505101, Best By 10/06/2021, Lot TE1 06/Oct/2020  40lb: UPC 7015505100, Best By 10/06/2021, Lot TI3 06/Oct/2020"
Veterinary,No,06/21/2021,88031,Terminated,"Sunshine Mills, Inc.",2103 S. Gloster St.,N/A,Tupelo,MS,	38801,United States,Voluntary: Firm initiated,E-Mail,"MS, FL, TN, LA, VA, NC, TX, MN, WI, IA, SD, ND, AL, GA",V-0131-2021,Class I,Intimidator Chicken & Rice Formula Dog Food  16lb Bags  40lb Bags,470 bags,Positive Salmonella Sampling,06/01/2021,06/21/2021,10/03/2023,06/16/2021,"16lb: UPC 7015541002, Best By 10/06/2021, Lot TA1 06/Oct/2020  40lb: UPC 5216631214, Best By 10/06/2021, Lot TA1 06/Oct/2020"
Veterinary,No,06/12/2026,98912,Terminated,Hoosier Processing LLC,1025 Osage St,N/A,Fort Wayne,IN,	46808-3401,United States,Voluntary: Firm initiated,"Two or more of the following: Email, Fax, Letter, Press Release, Telephone, Visit","Distributed to consignees in NV, WI, NC, FL, TN, MN, GA, IN, MI, MA, NY, OH, PA, and VT.",V-0139-2026,Class I,"Albright's All Natural Raw Pet Food Chicken Recipe for Dogs Compete and Balanced Net Weight 1 LB (456G). Packaged in 1 lb pouches, 30 pouches per case. UPC 20855404008367",36 cases/1080 lbs,Potential Salmonella contamination,05/01/2026,06/12/2026,09/04/2026,05/27/2026,Lots C001876-1  and C001730
Veterinary,No,07/10/2026,99287,Terminated,"Doggone Raw, LLC",55 Cooper Ave,N/A,Tonawanda,NY,	14150-6649,United States,Voluntary: Firm initiated,Telephone,Distributed to a customer in NJ,V-0141-2026,Class I,Bosco's Blend Chicken Doggone Raw Net Weight 2 lbs and 10 lbs Frozen. Packaged in a white plastic tubs,40 lbs,Potential Salmonella contamination,06/18/2026,07/09/2026,07/10/2026,07/08/2026,4 24-27
Veterinary,No,07/01/2021,88102,Terminated,Freshpet Inc.,176 N Commerce Way,N/A,Bethlehem,PA,	18017-8614,United States,Voluntary: Firm initiated,"Two or more of the following: Email, Fax, Letter, Press Release, Telephone, Visit","Distributed to distribution centers in CA, WA, and FL.",V-0142-2021,Class I,Freshpet Select Small Dog Bite Size Beef & Egg Recipe NET WT 1 LB (454 g) Keep Refrigerated UPC: 627975012939. Sell By 10/30/2021 L2  ,"2,471 cases",Possible salmonella contamination.,06/10/2021,07/01/2021,03/04/2022,06/23/2021,Lot # 1421FBP0101
Veterinary,No,09/15/2021,88479,Terminated,WET NOSES NATURAL DOG TREATS,14439 167th Ave Se,N/A,Monroe,WA,	98272-2915,United States,Voluntary: Firm initiated,Telephone,distributed nationwide,V-0155-2021,Class I,"Simply Nourish Fresh Market Chicken & Vegetable Recipe, net wt. 2 lb.   UPC 737257 92262. Simply Nourish Fresh Market Chicken & Vegetable Recipe, net wt. 4.5 lb UPC 737257 92264.  The label is read in parts: ""***SIMPLY NOURISH FRESH MARKET*** FROZEN DOG FOOD ***ADULT GENTLY COOKED ***CHICKEN & VEGETABLE RECIPE *** Real DEBONED CHICKEN #1 INGREDIENT *** HUMAN-GRADE FOOD FOR DOGS ***INGREDIENTS: Deboned Chicken, Brown Rice, Chicken Liver, Sweet Potato Puree, Carrots, Peas, Parsley, Vitamins***Vitamin D3 Supplement***, Minerals***Dist. by: Simply Nourish Pet Food Company LLC 19601 N. 27th Avenue, Phoenix, AZ 85027 ***"".","4,788/2 lbs. packages and 4644/4.5 lbs. packages",Elevated levels of Vitamin D.,08/10/2021,09/15/2021,01/03/2022,09/08/2021,Best By range: 11/10/2022 - 1/12/2023.
Veterinary,No,09/15/2021,88479,Terminated,WET NOSES NATURAL DOG TREATS,14439 167th Ave Se,N/A,Monroe,WA,	98272-2915,United States,Voluntary: Firm initiated,Telephone,distributed nationwide,V-0156-2021,Class I,"Simply Nourish Fresh Market Beef & Barley Recipe, net wt. 2 lb.    UPC 737257 92266. Simply Nourish Fresh Market Beef & Barley Recipe, net wt. 4.5 lb. UPC 737257 92267.   The label is read in parts: ""***SIMPLY NOURISH FRESH MARKET*** FROZEN DOG FOOD ***ADULT GENTLY COOKED ***Beef & Barley Recipe *** Real DEBONED BEEF #1 INGREDIENT *** HUMAN-GRADE FOOD FOR DOGS ***INGREDIENTS: Deboned Beef, Brown Rice, Beef Liver, Barley, Carrots, Peas, Sweet Potato Puree, Carrots Purees, Parsley, Vitamins***Vitamin D3 Supplement***, Minerals***Dist. by: Simply Nourish Pet Food Company LLC 19601 N. 27th Avenue, Phoenix, AZ 85027 ***"".","12,348/2 lbs. packages and 3780/4.5 lbs. packages.",Elevated levels of Vitamin D.,08/10/2021,09/15/2021,01/03/2022,09/08/2021,Best By range: 11/10/2022 - 1/12/2023.
Veterinary,No,09/15/2021,88479,Terminated,WET NOSES NATURAL DOG TREATS,14439 167th Ave Se,N/A,Monroe,WA,	98272-2915,United States,Voluntary: Firm initiated,Telephone,distributed nationwide,V-0157-2021,Class I,"Simply Nourish Fresh Market Turkey & Sweet Potato Recipe , net wt. 2 lb.    UPC 737257 92260. Simply Nourish Fresh Market Turkey & Sweet Potato Recipe, net wt. 4.5 lb. UPC 737257 92263.  The label is read in parts: ""***SIMPLY NOURISH FRESH MARKET*** FROZEN DOG FOOD ***ADULT GENTLY COOKED ***Turkey & Sweet Potato Recipe *** Real DEBONED TURKEY #1 INGREDIENT *** HUMAN-GRADE FOOD FOR DOGS ***INGREDIENTS: Deboned Turkey, Brown Rice, Sweet Potato Puree,  Apple Puree, Carrots, Peas, Cranberries, Celery, Parsley, Vitamins***Vitamin D3 Supplement***, Minerals***Dist. by: Simply Nourish Pet Food Company LLC 19601 N. 27th Avenue, Phoenix, AZ 85027 ***"". ","3,720/2 lbs. packages and 8,400/4.5 lbs. packages",Elevated levels of Vitamin D.,08/10/2021,09/15/2021,01/03/2022,09/08/2021,Best By range: 11/10/2022 - 1/12/2023.
Veterinary,No,09/15/2021,88479,Terminated,WET NOSES NATURAL DOG TREATS,14439 167th Ave Se,N/A,Monroe,WA,	98272-2915,United States,Voluntary: Firm initiated,Telephone,distributed nationwide,V-0158-2021,Class I,"Simply Nourish Pork & Vegetable Recipe, net wt.  2 lb.   UPC 737257 92079. Simply Nourish Pork & Vegetable Recipe, net wt. 4.5 lb. UPC 737257 92078.   The label is read in parts: ""***SIMPLY NOURISH FRESH MARKET*** FROZEN DOG FOOD ***ADULT GENTLY COOKED ***Pork & Vegetable Recipe *** Real DEBONED PORK #1 INGREDIENT *** HUMAN-GRADE FOOD FOR DOGS ***INGREDIENTS: Deboned Pork, Brown Rice, Sweet Potato Puree,  Oats, Peas, Carrots, Celery, Carrot Puree, Vitamins***Vitamin D3 Supplement***, Minerals***Dist. by: Simply Nourish Pet Food Company LLC 19601 N. 27th Avenue, Phoenix, AZ 85027 ***"". ","2,688/2 lbs. packages and 1,836/4.5 lbs. packages",Elevated levels of Vitamin D.,08/10/2021,09/15/2021,01/03/2022,09/08/2021,Best By range: 11/10/2022 - 1/12/2023 and 8/26/2022 - 1/13/2023.
Veterinary,No,07/10/2026,99033,Ongoing,"Raaw Energy, LLC",967 Route 524,N/A,Adelphia,NJ,	07710,United States,Voluntary: Firm initiated,Telephone,"Distributed to customers in CT, DE, MA, MD, NH, NJ, NY, PA, and VA",V-0159-2026,Class I,"Dog's Best Friend (DBF) packaged in 5-lb and 2-lb tubes. Frozen. Product sold in 50 lb boxes containing 5-lb tubes, 20 lb boxes containing 2-lb tubes, and 10 lb boxes containing 2-lb tubes","Approximately 10,590 lbs/375 boxes",Potential Listeria monocytogenes contamination,05/19/2026,07/10/2026,N/A,06/24/2026,"Production dates: 7.29.25, 9.3.25, 11.13.25, 11.14.25"
Veterinary,No,,49447,Terminated,"MARS Petcare US, Inc.",315 Cool Springs Boulevard,N/A,Franklin,TN,	37067,United States,N/A,N/A,The product was shipped to distribution centers for retail stores nationwide,V-016-2009,Class I,Ol' Roy High Performance Nutrition Dog Food 20#. UPC 05388 60345,N/A,finished product samples positive for Salmonella Schwarzengrund,09/12/2008,N/A,10/18/2012,,N/A
Veterinary,No,07/10/2026,99033,Ongoing,"Raaw Energy, LLC",967 Route 524,N/A,Adelphia,NJ,	07710,United States,Voluntary: Firm initiated,Telephone,"Distributed to customers in CT, DE, MA, MD, NH, NJ, NY, PA, and VA",V-0165-2026,Class I,Hybrid Dog's Best Friend packaged in 2-lb tubes. Frozen. Product sold in 20 lb boxes containing 2-lb tubes,Approximately 660 lbs/33 boxes,Potential Listeria monocytogenes contamination,05/19/2026,07/10/2026,N/A,06/24/2026,Production dates: 7.29.25
Veterinary,No,,61820,Terminated,Diamond Pet Foods,103 N Olive St,PO Box 156,Meta,MO,	65058-0156,United States,Voluntary: Firm initiated,"Two or more of the following: Email, Fax, Letter, Press Release, Telephone, Visit",US/Nationwide; Canada; Belize; Costa Rica; Domincan Republic; Guatemala; Hong Kong; Jamaica; Jordan; Japan; Kuwait; Kazakhstan; Lebanon; Sri Lanka; Malasia; Nigeria; Philippines; Pakistan; Russia; Singapore; El Salvadore; Thailand; Trinidad and Tobago; Taiwan,V-017-2013,Class I,"Diamond Pet Foods Naturals Lamb Meal & Rice Adult Dog, Net Wt. 40 lbs, Made by Diamond Pet Food, Meta, Missouri 65058.",unknown,Product was found to be contaminated with Salmonella.,05/04/2012,10/19/2012,05/27/2014,10/31/2012,Products (all sizes) with Best Before dates between 9-DEC-2012 and 7-APR-2013; Lot codes with a number '2' or '3' in the 9th position AND an 'X' in the 10th or 11th position.
Veterinary,No,07/15/2026,99212,Terminated,"Midwest Legacy Beef, L.L.C.",522 Elm St,N/A,La Motte,IA,	52054-9771,United States,Voluntary: Firm initiated,E-Mail,Distributed to consumers nationwide.,V-0179-2026,Class I,Midwest Legacy Raw Beef Dog Food BLT & Bones Net Weight 5 lb-2.26 kg UPC: 850039082429. Packaged in a Styrofoam cooler wrapped in a plastic bag sealed. 6 packages per case. Frozen product.  ,"1,586 lbs","Potential contamination with Salmonella, Listeria monocytogenes, and E. coli O8:H19",06/16/2026,07/15/2026,09/04/2026,07/08/2026,Batch A6062
Veterinary,No,,61820,Terminated,Diamond Pet Foods,103 N Olive St,PO Box 156,Meta,MO,	65058-0156,United States,Voluntary: Firm initiated,"Two or more of the following: Email, Fax, Letter, Press Release, Telephone, Visit",US/Nationwide; Canada; Belize; Costa Rica; Domincan Republic; Guatemala; Hong Kong; Jamaica; Jordan; Japan; Kuwait; Kazakhstan; Lebanon; Sri Lanka; Malasia; Nigeria; Philippines; Pakistan; Russia; Singapore; El Salvadore; Thailand; Trinidad and Tobago; Taiwan,V-018-2013,Class I,"Diamond Pet Foods Naturals Beef Meal & Rice Adult Dog, Net Wt. 40 lbs., Made by Diamond Pet Food, Meta, Missouri 65058",unknown,Product was found to be contaminated with Salmonella.,05/04/2012,10/19/2012,05/27/2014,10/31/2012,Products (all sizes) with Best Before dates between 9-DEC-2012 and 7-APR-2013; Lot codes with a number '2' or '3' in the 9th position AND an 'X' in the 10th or 11th position.
Veterinary,No,08/26/2026,99620,Ongoing,"Raw Bistro, Inc.",305 Cannon St W,N/A,Cannon Falls,MN,	55009-1509,United States,Voluntary: Firm initiated,Telephone,Distributed to one customer in IL,V-0187-2026,Class I,Raw Bistro Dog Fare Free Range Turkey Entree Premium Raw Food For Dogs Net Wt. 18 lb (8.16 kg) bulk box (36 8 oz patties) Keep Frozen UPC: 858833002612,1 box/18 lbs,Potential Salmonella contamination,08/10/2026,08/26/2026,N/A,08/26/2026,Best by: 7/20/2027 Lot # 201
Veterinary,No,,61820,Terminated,Diamond Pet Foods,103 N Olive St,PO Box 156,Meta,MO,	65058-0156,United States,Voluntary: Firm initiated,"Two or more of the following: Email, Fax, Letter, Press Release, Telephone, Visit",US/Nationwide; Canada; Belize; Costa Rica; Domincan Republic; Guatemala; Hong Kong; Jamaica; Jordan; Japan; Kuwait; Kazakhstan; Lebanon; Sri Lanka; Malasia; Nigeria; Philippines; Pakistan; Russia; Singapore; El Salvadore; Thailand; Trinidad and Tobago; Taiwan,V-019-2013,Class I,"Diamond Pet Foods Naturals Large Breed Adult Dog Lamb & Rice, Net Wt. 40 lbs. Made by Diamond Pet Food, Meta, Missouri 65058.",unknown,Product was found to be contaminated with Salmonella.,05/04/2012,10/19/2012,05/27/2014,10/31/2012,Products (all sizes) with Best Before dates between 9-DEC-2012 and 7-APR-2013; Lot codes with a number '2' or '3' in the 9th position AND an 'X' in the 10th or 11th position.
Veterinary,No,09/03/2026,99719,Ongoing,"Fromm Family Foods, LLC",13145 Green Bay Rd,N/A,Mequon,WI,	53097-2206,United States,Voluntary: Firm initiated,"Two or more of the following: Email, Fax, Letter, Press Release, Telephone, Visit",Distributed nationwide and in Canada.,V-0192-2026,Class I,"Fromm Pate Turkey Pate Net Wt 12.2 oz.(345 G). Wet dog food packaged in cans, 12 cans per case.  Individual can- item code: 11870, UPC: 072705118700 Case- item code: 11871, UPC: 072705118717 ","3,852 cases",Potential foreign material (metal) contamination.,08/21/2026,09/03/2026,N/A,09/02/2026,EP2A3306 551006  Best By 032029
Veterinary,No,09/03/2026,99719,Ongoing,"Fromm Family Foods, LLC",13145 Green Bay Rd,N/A,Mequon,WI,	53097-2206,United States,Voluntary: Firm initiated,"Two or more of the following: Email, Fax, Letter, Press Release, Telephone, Visit",Distributed nationwide and in Canada.,V-0193-2026,Class I,"Fromm Diner Classics Milo's Meatloaf Pate, Net Wt 12.5 oz.(354G). Wet dog food packaged in cans, 12 cans per case.  Individual can- item code: 13232, UPC: 072705132324 Case- item code: 13233, UPC: 072705132331","1,973 cases",Potential foreign material (metal) contamination.,08/21/2026,09/03/2026,N/A,09/02/2026,EP2A3306 551029  Best By 032029
Veterinary,Yes,09/22/2026,99786,Ongoing,Morasch Meats Inc,4050 Ne 158th Ave,N/A,Portland,OR,	97230-5003,United States,Voluntary: Firm initiated,E-Mail,Distributed nationwide.,V-0195-2026,Class I,"Northwest Naturals Chicken Recipe Raw Diet for Cats, Complete and Balanced Topper for Dogs Raw Frozen Net Weight 2 lbs (907.18 g) UPC 087316384956. Packaged in plastic bags, 12 bags per case.",52 cases,Product may be contaminated with Salmonella,08/28/2026,09/22/2026,N/A,09/09/2026,Lot B-5  Best By 01/26/2028
Veterinary,Yes,09/22/2026,99786,Ongoing,Morasch Meats Inc,4050 Ne 158th Ave,N/A,Portland,OR,	97230-5003,United States,Voluntary: Firm initiated,E-Mail,Distributed nationwide.,V-0196-2026,Class I,"Northwest Naturals Raw Diet for Dogs Chicken Recipe Raw Frozen Net Weight 6 lbs (2.72 kg) UPC: 087316380392. Packaged in plastic bags, 6 bags per case.",18 cases,Product may be contaminated with Salmonella and Listeria monocytogenes,08/28/2026,09/22/2026,N/A,09/09/2026,Lot B-19  Best By 01/25/2028
Veterinary,Yes,09/22/2026,99714,Ongoing,A Place for Paws LLC,5529 W Middletown Rd Unit B,N/A,Canfield,OH,	44406-9492,United States,Voluntary: Firm initiated,Telephone,Distributed to consignees in OH and PA,V-0197-2026,Class I,Beef Lung Treats For Dogs A Place for Paws Nothing But... the Basic Treat Net Weight 5 oz. (141.747g). Packaged in plastic bags.,19 bags,Product may be contaminated with Salmonella,08/20/2026,09/22/2026,N/A,09/09/2026,Batch 559
Veterinary,No,,49447,Terminated,"MARS Petcare US, Inc.",315 Cool Springs Boulevard,N/A,Franklin,TN,	37067,United States,N/A,N/A,The product was shipped to distribution centers for retail stores nationwide,V-020-2009,Class I,Ol' Roy High Performance Nutrition Dog Food 50#. UPC 78742 05815,N/A,finished product samples positive for Salmonella Schwarzengrund,09/12/2008,N/A,10/18/2012,,N/A
Veterinary,No,,61820,Terminated,Diamond Pet Foods,103 N Olive St,PO Box 156,Meta,MO,	65058-0156,United States,Voluntary: Firm initiated,"Two or more of the following: Email, Fax, Letter, Press Release, Telephone, Visit",US/Nationwide; Canada; Belize; Costa Rica; Domincan Republic; Guatemala; Hong Kong; Jamaica; Jordan; Japan; Kuwait; Kazakhstan; Lebanon; Sri Lanka; Malasia; Nigeria; Philippines; Pakistan; Russia; Singapore; El Salvadore; Thailand; Trinidad and Tobago; Taiwan,V-020-2013,Class I,"Diamond Pet Foods Naturals Large Breed 60+ Adult Dog, Net Wt. 40 lbs., Made by Diamond Pet Food, Meta, Missouri 65058.",unknown,Product was found to be contaminated with Salmonella.,05/04/2012,10/19/2012,05/27/2014,10/31/2012,Products (all sizes) with Best Before dates between 9-DEC-2012 and 7-APR-2013; Lot codes with a number '2' or '3' in the 9th position AND an 'X' in the 10th or 11th position.
Veterinary,No,,34262,Ongoing,Diamond Pet Foods,103 N. Olive,PO Box 156,Meta,Missouri,	65058-0156,United States,N/A,N/A,"AL, CT, DC, DE, FL, GA, KY, MA, MD, ME, MI, MS, NC, NH, NJ, NY, OH, PA, RI SC, TN, WV, VT and VA. International accounts:  Bulgaria, Chile, Costa Rica, Colombia, SA, Croatia, Czech Republic, Denmark, Dominican Republic, Finland,  France, Greece, Georgia, Hungary, Italy, Israel, Latvia, Peru, Poland, Lithuania, Peru, Portugal, Romania, Russia, Spain, Sweden, Switzerland, Taiwan, Turkey, Ukraine.",V-020-6,Class I,Diamond Pet Foods * Low-Fat * Formula for Adult Dogs * Formulated for the Health of Inactive or Overweight Adult Dogs * Net Wt. 35 LGS. (15.87kg),"790,423 units (of all brands, various size packages, total approx. 40 million pounds)",Product was found to contain Aflatoxin,12/21/2005,N/A,N/A,,N/A
Veterinary,No,,49447,Terminated,"MARS Petcare US, Inc.",315 Cool Springs Boulevard,N/A,Franklin,TN,	37067,United States,N/A,N/A,The product was shipped to distribution centers for retail stores nationwide,V-021-2009,Class I,Ol' Roy Meaty Chunks 'n Gravy Dog Food 22#. UPC 81131 69630,N/A,finished product samples positive for Salmonella Schwarzengrund,09/12/2008,N/A,10/18/2012,,N/A
Veterinary,No,,61820,Terminated,Diamond Pet Foods,103 N Olive St,PO Box 156,Meta,MO,	65058-0156,United States,Voluntary: Firm initiated,"Two or more of the following: Email, Fax, Letter, Press Release, Telephone, Visit",US/Nationwide; Canada; Belize; Costa Rica; Domincan Republic; Guatemala; Hong Kong; Jamaica; Jordan; Japan; Kuwait; Kazakhstan; Lebanon; Sri Lanka; Malasia; Nigeria; Philippines; Pakistan; Russia; Singapore; El Salvadore; Thailand; Trinidad and Tobago; Taiwan,V-021-2013,Class I,"Diamond Pet Foods Naturals Chicken & Rice Adult Dog, Net Wt. 40 lbs, Made by Diamond Pet Food, Meta, Missouri 65058.",unknown,Product was found to be contaminated with Salmonella.,05/04/2012,10/19/2012,05/27/2014,10/31/2012,Products (all sizes) with Best Before dates between 9-DEC-2012 and 7-APR-2013; Lot codes with a number '2' or '3' in the 9th position AND an 'X' in the 10th or 11th position.
Veterinary,No,,34262,Ongoing,Diamond Pet Foods,103 N. Olive,PO Box 156,Meta,Missouri,	65058-0156,United States,N/A,N/A,"AL, CT, DC, DE, FL, GA, KY, MA, MD, ME, MI, MS, NC, NH, NJ, NY, OH, PA, RI SC, TN, WV, VT and VA. International accounts:  Bulgaria, Chile, Costa Rica, Colombia, SA, Croatia, Czech Republic, Denmark, Dominican Republic, Finland,  France, Greece, Georgia, Hungary, Italy, Israel, Latvia, Peru, Poland, Lithuania, Peru, Portugal, Romania, Russia, Spain, Sweden, Switzerland, Taiwan, Turkey, Ukraine.",V-021-6,Class I,Diamond Pet Foods * Hi-Energy Sporting Formula * Exclusively formulated for Sporting Dogs * Net Wt. 50 LBS (22.68 kg),N/A,Product was found to contain Aflatoxin,12/21/2005,N/A,N/A,,N/A
Veterinary,No,01/21/2020,82869,Terminated,NORBROOK INC,9401 Indian Creek Pkwy Ste 680,N/A,Overland Park,KS,	66210-2180,United States,Voluntary: Firm initiated,Letter,"MO, IA, KY, CA, VA, OH, NY, AR, ID, KS, TX",V-0211-2019,Class I,"Enrofloxacin, Sterile Injectable Solution, 2.27%, 20 mL, 50 mL, or 100 mL per vial, sold under trade names Enroflox Injection for Dogs 2.27% and Enrosite Injection for Dogs 2.27%. Norbrook Laboratories Limited, Newry, BT35 6PU, Co. Down, Northern Ireland.     NDC Enroflox brand 20 mL: 55529-154-11; NDC Enroflox brand 50 mL: 55529-154-01; NDC Enroflox brand 100 mL: 55529-154-02; NDC Enrosite brand 20 mL: 13985-709-20; NDC Enrosite brand 50 mL: 13985-709-50","Enroflox: 16,236 vials; Enrosite: 10,224 vials",Lack of sterility assurance: media fill failure.,05/16/2019,07/17/2019,08/11/2022,06/26/2019,"ENROFLOX Container size, lots, expiry: [20 mL vials] Lot 9034-90A, Expiry Date Jan 2021; Lot 9083-93A, Expiry Date Feb 2021; [50 mL vials] Lot 9034-91B, Expiry Date Jan 2021; [100 mL vials] Lot 9034-92A, Expiry Date Jan 2021    ENROSITE Container size, lots, expiry: [20 mL vials] Lots 9034-90B, 9034-90C, Expiry Date Jan 2021; Lot 9083-93B, Expiry Date Feb 2021; [50 mL vials] Lot 9034-91A, Expiry Date Jan 2021"
Veterinary,No,08/23/2022,90570,Terminated,Primal Pet Foods Inc.,535 Watt Dr,N/A,Fairfield,CA,	94534-1790,United States,Voluntary: Firm initiated,Press Release,"U.S distribution to the following: TX, GA. MD  Foreign distribution to the following: Canada",V-0217-2022,Class I,"Primal Patties For Dogs Beef Formula Complete and balanced raw diet. Antibiotic-free beef raised without added hormones  Grain & gluten free. Corn, wheat & soy free. Naturally derived vitamins & minerals. 6 LB Contains 12 Patties ","2,376 lbs.",Potential Listeria monocytogenes contamination.,07/06/2022,08/23/2022,01/27/2023,07/20/2022,Best By 05/22/23 Lot W10068709
Veterinary,No,08/23/2022,90584,Ongoing,Stormberg Foods LLC,1002b Sunburst Dr,N/A,Goldsboro,NC,	27534-8667,United States,Voluntary: Firm initiated,Telephone,"Product was shipped to the following states: CA, MN, NC & RI.",V-0218-2022,Class I,"100% CHICKEN BREAST NO FILLERS, CHICKEN BREAST STRIPS, Human Grade Dogs Treats, NET WT 1 oz, UPC 8 50025 54628 7 4 oz (113g), UPC 8 50025 54611 9 & 10 OZ (283g), UPC 8 50025 54610 1 Sold under the brand names of Beg & Barker, Green Coast Pet CHICKEN CRISPS NET WT. 4 OZ (113g) UPC 8 60001 92832 7 DISTRIBUTED BY: GREEN COAST PET Pasadena, CA 91101","B&B Strips 1oz, 0, 848/4oz bgs, & 834/10oz bgs; GCP Crisps 204/4oz bgs, & 684/8oz bgs",The firm was notified by the NCDA & CS that they received positive test results for Salmonella in various dog treats.,07/08/2022,08/23/2022,N/A,07/27/2022,"Beg & Barker Chicken Breast Strips Dog Treats, 1oz, Product #, BE0C0101, Exp. Date, 6/17/2023 Exp. Batch No., 72235001 & Date 6/21/2023, Batch No. 72244077. Beg & Barker Chicken Breast Strips Dog Treats, 4oz, Product #, BE0C0104, Exp. Date, 6/8/2023 Exp. Batch No., 72224014 & Date 6/14/2023, Batch No. 72235001. Beg & Barker Chicken Breast Strips Dog Treat, 10oz, Product #, BE0C0110, Exp. Date, 6/6/2023 Batch No. 72224014, Exp. Date 6/8/2020 Batch No. 72224014, Exp. Date 6/14/2023 Batch No. 72235001 & Exp. Date 6/21/2023, Batch No. 72244007.  Green Coast Pets Chicken Crisps Dog Treats, 4oz, Product #, GCP0C0604, Exp. Date, 6/16/2023, Batch No., 72222002 & Exp. Date, 6/16/2023, Batch No. 72232003. Green Coast Pets Chicken Crisps Dog Treats, 8oz, Product #, GCP0C0608, Exp. Date, 6/16/2023 Batch No. 72222002, Exp. Date 6/17/2023 Batch No. 72222002 & Exp. Date 6/16/2023, Batch No. 72232003."
Veterinary,No,,49447,Terminated,"MARS Petcare US, Inc.",315 Cool Springs Boulevard,N/A,Franklin,TN,	37067,United States,N/A,N/A,The product was shipped to distribution centers for retail stores nationwide,V-022-2009,Class I,Ol' Roy Meaty Chunks 'n Gravy Dog Food 50#. UPC 81131 69631,N/A,finished product samples positive for Salmonella Schwarzengrund,09/12/2008,N/A,10/18/2012,,N/A
Veterinary,No,,61820,Terminated,Diamond Pet Foods,103 N Olive St,PO Box 156,Meta,MO,	65058-0156,United States,Voluntary: Firm initiated,"Two or more of the following: Email, Fax, Letter, Press Release, Telephone, Visit",US/Nationwide; Canada; Belize; Costa Rica; Domincan Republic; Guatemala; Hong Kong; Jamaica; Jordan; Japan; Kuwait; Kazakhstan; Lebanon; Sri Lanka; Malasia; Nigeria; Philippines; Pakistan; Russia; Singapore; El Salvadore; Thailand; Trinidad and Tobago; Taiwan,V-022-2013,Class I,"Diamond Pet Foods Naturals Small Breed Adult Dog Chicken & Rice, Net Wt. 18 lbs. Made by Diamond Pet Food, Meta, Missouri 65058.",unknown,Product was found to be contaminated with Salmonella.,05/04/2012,10/19/2012,05/27/2014,10/31/2012,Products (all sizes) with Best Before dates between 9-DEC-2012 and 7-APR-2013; Lot codes with a number '2' or '3' in the 9th position AND an 'X' in the 10th or 11th position.
Veterinary,No,,34262,Ongoing,Diamond Pet Foods,103 N. Olive,PO Box 156,Meta,Missouri,	65058-0156,United States,N/A,N/A,"AL, CT, DC, DE, FL, GA, KY, MA, MD, ME, MI, MS, NC, NH, NJ, NY, OH, PA, RI SC, TN, WV, VT and VA. International accounts:  Bulgaria, Chile, Costa Rica, Colombia, SA, Croatia, Czech Republic, Denmark, Dominican Republic, Finland,  France, Greece, Georgia, Hungary, Italy, Israel, Latvia, Peru, Poland, Lithuania, Peru, Portugal, Romania, Russia, Spain, Sweden, Switzerland, Taiwan, Turkey, Ukraine.",V-022-6,Class I,Diamond Pet Foods * Maintenance for Adult Dogs * Net Wt. 50 LBS. (22.68 kg),N/A,Product was found to contain Aflatoxin,12/21/2005,N/A,N/A,,N/A
Veterinary,No,,61820,Terminated,Diamond Pet Foods,103 N Olive St,PO Box 156,Meta,MO,	65058-0156,United States,Voluntary: Firm initiated,"Two or more of the following: Email, Fax, Letter, Press Release, Telephone, Visit",US/Nationwide; Canada; Belize; Costa Rica; Domincan Republic; Guatemala; Hong Kong; Jamaica; Jordan; Japan; Kuwait; Kazakhstan; Lebanon; Sri Lanka; Malasia; Nigeria; Philippines; Pakistan; Russia; Singapore; El Salvadore; Thailand; Trinidad and Tobago; Taiwan,V-023-2013,Class I,"Diamond Pet Foods Naturals Small Breed Adult Dog Lamb & Rice, Net Wt. 18 lbs. Made by Diamond Pet Food, Meta, Missouri 65058.",unknown,Product was found to be contaminated with Salmonella.,05/04/2012,10/19/2012,05/27/2014,10/31/2012,Products (all sizes) with Best Before dates between 9-DEC-2012 and 7-APR-2013; Lot codes with a number '2' or '3' in the 9th position AND an 'X' in the 10th or 11th position.
Veterinary,No,,34262,Ongoing,Diamond Pet Foods,103 N. Olive,PO Box 156,Meta,Missouri,	65058-0156,United States,N/A,N/A,"AL, CT, DC, DE, FL, GA, KY, MA, MD, ME, MI, MS, NC, NH, NJ, NY, OH, PA, RI SC, TN, WV, VT and VA. International accounts:  Bulgaria, Chile, Costa Rica, Colombia, SA, Croatia, Czech Republic, Denmark, Dominican Republic, Finland,  France, Greece, Georgia, Hungary, Italy, Israel, Latvia, Peru, Poland, Lithuania, Peru, Portugal, Romania, Russia, Spain, Sweden, Switzerland, Taiwan, Turkey, Ukraine.",V-023-6,Class I,Diamond Pet Foods * Performance for Adult Dogs * 20 LBS,N/A,Product was found to contain Aflatoxin,12/21/2005,N/A,N/A,,N/A
Veterinary,No,11/08/2019,83630,Terminated,"Brutus and Barnaby, LLC",2066 Weaver Park Dr,N/A,Clearwater,FL,	33765-2130,United States,Voluntary: Firm initiated,"Two or more of the following: Email, Fax, Letter, Press Release, Telephone, Visit",Domestic distribution only.,V-0236-2020,Class I,"Brutus & Barnaby PIG EARS, 100% Natural Pig Ears, Healthy Treat for Dogs   8 count, 12 count, 25 count and 100 count","180 bags/8 counts; 17,677 bags/12 counts; 5281 bags/25 counts; 325 bags/100 counts",Brutus & Barnaby Pig Ears product sampled by Michigan Department of Agriculture resulted positive for Salmonella.,08/22/2019,11/08/2019,04/03/2020,10/09/2019,No code information on label.
Veterinary,No,,34262,Ongoing,Diamond Pet Foods,103 N. Olive,PO Box 156,Meta,Missouri,	65058-0156,United States,N/A,N/A,"AL, CT, DC, DE, FL, GA, KY, MA, MD, ME, MI, MS, NC, NH, NJ, NY, OH, PA, RI SC, TN, WV, VT and VA. International accounts:  Bulgaria, Chile, Costa Rica, Colombia, SA, Croatia, Czech Republic, Denmark, Dominican Republic, Finland,  France, Greece, Georgia, Hungary, Italy, Israel, Latvia, Peru, Poland, Lithuania, Peru, Portugal, Romania, Russia, Spain, Sweden, Switzerland, Taiwan, Turkey, Ukraine.",V-024-6,Class I,Diamond Pet Foods * Puppy * For the Special Needs of Puppies and Gestating Lactating Adult Dogs * Net Wt. 40 LBS. (18.14 kg),N/A,Product was found to contain Aflatoxin,12/21/2005,N/A,N/A,,N/A
Veterinary,No,,61820,Terminated,Diamond Pet Foods,103 N Olive St,PO Box 156,Meta,MO,	65058-0156,United States,Voluntary: Firm initiated,"Two or more of the following: Email, Fax, Letter, Press Release, Telephone, Visit",US/Nationwide; Canada; Belize; Costa Rica; Domincan Republic; Guatemala; Hong Kong; Jamaica; Jordan; Japan; Kuwait; Kazakhstan; Lebanon; Sri Lanka; Malasia; Nigeria; Philippines; Pakistan; Russia; Singapore; El Salvadore; Thailand; Trinidad and Tobago; Taiwan,V-025-2013,Class I,"Diamond Pet Foods Naturals Lite Lamb Meal & Rice Dog, Net Wt. 30 lbs. Made by Diamond Pet Food, Meta, Missouri 65058.",unknown,Product was found to be contaminated with Salmonella.,05/04/2012,10/19/2012,05/27/2014,10/31/2012,Products (all sizes) with Best Before dates between 9-DEC-2012 and 7-APR-2013; Lot codes with a number '2' or '3' in the 9th position AND an 'X' in the 10th or 11th position.
Veterinary,No,,79173,Terminated,Smokehouse Pet Products,11850 Sheldon St,N/A,Sun Valley,CA,	91352-1507,United States,Voluntary: Firm initiated,Telephone,"TM, NV, PA, MA, CA, NC, TX, VA, IL, OR, ND, TN,, FL, AZ, ID, OH,, HI, WA, MO, VT and foreign distribution to Canada,  Aruba, Bahamas and Arab Emirates.",V-0250-2018,Class I,"Smokehouse Brand Beefy Munchies, Real  flavors of Beef, slow roasted to perfection. Beef Lungs dog treats, Made in the USA.     Ingredient: Beef Lungs    UPC 7 7856585795 7 4 oz.    All packaging configurations:    4 oz. Beefy Munchies / vinyl bag with header card - UPC - 0 78565 85795 7;  8 oz. Beefy Munchies / vinyl bag with header card - UPC - 0 78565 85793 3;  16 oz. Beefy Munchies / vinyl bag with header card -  16 oz. beefy Munchies / vinyl bag with label  6 oz. Beefy Bites / plastic tube with label      Smokehouse Pet Products, Inc.  11850 Sheldon Street  Sun Valley, CA 91352",350 x 4 oz. bags - expansion amount not yet provided,Colorado Department of Agriculture sampled Beefy Munchies at retail and had a positive result for Salmonella,02/06/2018,06/29/2018,07/05/2018,04/11/2018,"Lot  449294, Use by 10-25-19  Expansion 2-15-18 - includes all lots"
Veterinary,No,,34262,Ongoing,Diamond Pet Foods,103 N. Olive,PO Box 156,Meta,Missouri,	65058-0156,United States,N/A,N/A,"AL, CT, DC, DE, FL, GA, KY, MA, MD, ME, MI, MS, NC, NH, NJ, NY, OH, PA, RI SC, TN, WV, VT and VA. International accounts:  Bulgaria, Chile, Costa Rica, Colombia, SA, Croatia, Czech Republic, Denmark, Dominican Republic, Finland,  France, Greece, Georgia, Hungary, Italy, Israel, Latvia, Peru, Poland, Lithuania, Peru, Portugal, Romania, Russia, Spain, Sweden, Switzerland, Taiwan, Turkey, Ukraine.",V-027-6,Class I,Country Value * Puppy * Wholesome Nutrition for Dogs * Puppy Formula * Omega Fatty Acid Balanced * Net Wt. 40 LBS (18.14 kg),N/A,Product was found to contain Aflatoxin,12/21/2005,N/A,N/A,,N/A
Veterinary,No,07/26/2018,79914,Terminated,"OC Raw Dog, LLC",30052 Aventura Ste A,N/A,Rancho Santa Margarita,CA,	92688-2042,United States,Voluntary: Firm initiated,Press Release,"U.S. distribution to the following: CA, CO, FL, MD, MN, PA, and VT.    No foreign distribution.",V-0272-2018,Class I,"OC Raw Dog Chicken, Fish & Produce Meaty Rox packages in 3 lb. Bags, UPC 022099069171",N/A,Potential Listeria monocytogenes contamination.,04/20/2018,07/26/2018,12/10/2018,06/27/2018,"Lot #3652, with Use By date 10/11/18"
Veterinary,No,,76385,Terminated,Evanger's Dog & Cat Food Co,221 Wheeling Rd,N/A,Wheeling,IL,	60090-4809,United States,Voluntary: Firm initiated,Letter,"AZ, CA, FL, GA, HI, IL, IN, MA, MD, MI, MN, NV, NY, OH, PA, SC, WA, WI, British Columbia (Canada)",V-0273-2017,Class I,"Evanger's Hand Packed Hunk of Beef Au Jus; Grain and Gluten Free; NET WT 12 OZ; Manufactured in the USA by Evanger's Dog & Cat Food Co., Inc. Markham, IL 60428","3,165 cases (12 cans per case)",Product is potentially contaminated with the barbiturate pentobarbital.,02/03/2017,08/03/2017,12/07/2023,08/09/2017,"All product manufactured between December 1, 2015 and January 14, 2017 and bearing expiration dates of December 2019 through January 2021    Second part of UPC Code:  20109"
Veterinary,No,07/26/2018,79914,Terminated,"OC Raw Dog, LLC",30052 Aventura Ste A,N/A,Rancho Santa Margarita,CA,	92688-2042,United States,Voluntary: Firm initiated,Press Release,"U.S. distribution to the following: CA, CO, FL, MD, MN, PA, and VT.    No foreign distribution.",V-0273-2018,Class I,"OC Raw Dog Chicken, Fish & Produce Slider packages in 4 lb. Bags, UPC 095225852640",N/A,Potential Listeria monocytogenes contamination.,04/20/2018,07/26/2018,12/10/2018,06/27/2018,Lot #3652 with Use By date 10/11/18
Veterinary,No,,76385,Terminated,Evanger's Dog & Cat Food Co,221 Wheeling Rd,N/A,Wheeling,IL,	60090-4809,United States,Voluntary: Firm initiated,Letter,"AZ, CA, FL, GA, HI, IL, IN, MA, MD, MI, MN, NV, NY, OH, PA, SC, WA, WI, British Columbia (Canada)",V-0274-2017,Class I,"Evanger's Hand Packed Braised Beef Chunks with Gravy; NET WT 12 OZ; Manufactured in the USA by Evanger's Dog & Cat Food Co., Inc. Markham, IL 60428","1,719 cases (12 cans per case)",Product is potentially contaminated with the barbiturate pentobarbital.,02/03/2017,08/03/2017,12/07/2023,08/09/2017,"All product manufactured between December 1, 2015 and January 14, 2017 and bearing expiration dates of December 2019 through January 2021    Second part of UPC Code:  20107"
Veterinary,No,07/26/2018,79914,Terminated,"OC Raw Dog, LLC",30052 Aventura Ste A,N/A,Rancho Santa Margarita,CA,	92688-2042,United States,Voluntary: Firm initiated,Press Release,"U.S. distribution to the following: CA, CO, FL, MD, MN, PA, and VT.    No foreign distribution.",V-0274-2018,Class I,"OC Raw Dog Chicken, Fish & Produce Doggie Dozen Patty packages in 6.5 lb. Bags, UPC 022099069225",N/A,Potential Listeria monocytogenes contamination.,04/20/2018,07/26/2018,12/10/2018,06/27/2018,Lot #3652 with Use By date 10/11/18
Veterinary,No,,77207,Terminated,"Smallbatch Pets, Inc.",2452 NE 51st Ave,N/A,Portland,OR,	97213-2520,United States,Voluntary: Firm initiated,"Two or more of the following: Email, Fax, Letter, Press Release, Telephone, Visit","CA, CO, OR, WA",V-0275-2017,Class I,"Chicken blend for dogs and cats,  Smallbatch brand, frozen, Net wt. 2 lbs.  UPC 7 05105 97097 4.    The label is read in parts: ""***smallbatch***chicken blend for dogs and cats***NET WEIGHT 32oz (2 lbs.)***ingredients: skinless chicken necks, chicken, chicken backs, chicken gizzards, chicken livers, chicken hearts***NOT FOR HUMAN CONSUMPTION. PERISHABLE, KEEP FROZEN***Smallbatch Pets, Inc. Portland, OR 97213***888-507-2712***"".",282 cases (15/2 lb. packages),"The Smallbatch brand, frozen chicken blend for dogs and cats, 2 lbs. packages are recall due to the potential to be contaminated with Salmonella.",05/03/2017,08/03/2017,11/15/2017,08/09/2017,"Lot D032, Best by 2/1/2018  Lot E058, Best by 2/27/2018"
Veterinary,No,07/26/2018,79914,Terminated,"OC Raw Dog, LLC",30052 Aventura Ste A,N/A,Rancho Santa Margarita,CA,	92688-2042,United States,Voluntary: Firm initiated,Press Release,"U.S. distribution to the following: CA, CO, FL, MD, MN, PA, and VT.    No foreign distribution.",V-0275-2018,Class I,"OC Raw Dog Chicken, Fish & Produce Meaty Rox packaged in 7 lb. Bags, UPC 095225852756",N/A,Potential Listeria monocytogenes contamination.,04/20/2018,07/26/2018,12/10/2018,06/27/2018,Lot #3652 with Use By date 10/11/18
Veterinary,No,07/26/2018,79827,Terminated,"TRUPET, LLC",100 Techne Center Dr Ste 21,N/A,Milford,OH,	45150-2780,United States,Voluntary: Firm initiated,E-Mail,nationwide,V-0276-2018,Class I,"TruDog Boost Me, Mighty Meaty Beef Booster, Freeze-Dried Raw Super Boost for Dogs.  Net Wt. 3.5 oz. (99g), UPC 852990005028.  TruPet LLC, 100 Techne Center Drive, Suite 210, Milford, Ohio  45150",14400 packages,"TruDog Boost Me, Freeze-Dried Raw Super Boost for Dogs, Lot 20190531 13815 has the potential to be contaminated with Salmonella.",04/03/2018,07/26/2018,04/30/2020,06/27/2018,Lot:  20190531 13815 (stamped on back of package)
Veterinary,No,,61820,Terminated,Diamond Pet Foods,103 N Olive St,PO Box 156,Meta,MO,	65058-0156,United States,Voluntary: Firm initiated,"Two or more of the following: Email, Fax, Letter, Press Release, Telephone, Visit",US/Nationwide; Canada; Belize; Costa Rica; Domincan Republic; Guatemala; Hong Kong; Jamaica; Jordan; Japan; Kuwait; Kazakhstan; Lebanon; Sri Lanka; Malasia; Nigeria; Philippines; Pakistan; Russia; Singapore; El Salvadore; Thailand; Trinidad and Tobago; Taiwan,V-028-2013,Class I,"Professional Adult Dog Chicken & Barley, Net Wt. 35 lbs., Professional Pet Foods, Meta Missouri, 65058.","Approx. 332,300 lbs (total for all Professional brand products).",Product was found to be contaminated with Salmonella.,05/04/2012,10/19/2012,05/27/2014,10/31/2012,Products (all sizes) with Best Before dates between 9-DEC-2012 and 7-APR-2013; Lot codes with a number '2' or '3' in the 9th position AND an 'X' in the 10th or 11th position.
Veterinary,No,,34262,Ongoing,Diamond Pet Foods,103 N. Olive,PO Box 156,Meta,Missouri,	65058-0156,United States,N/A,N/A,"AL, CT, DC, DE, FL, GA, KY, MA, MD, ME, MI, MS, NC, NH, NJ, NY, OH, PA, RI SC, TN, WV, VT and VA. International accounts:  Bulgaria, Chile, Costa Rica, Colombia, SA, Croatia, Czech Republic, Denmark, Dominican Republic, Finland,  France, Greece, Georgia, Hungary, Italy, Israel, Latvia, Peru, Poland, Lithuania, Peru, Portugal, Romania, Russia, Spain, Sweden, Switzerland, Taiwan, Turkey, Ukraine.",V-028-6,Class I,Country Value * Adult Dog * Wholesome Nutrition for Dogs * Adult Dog Formula * 100% Complete and Balanced for Maintenance * Net Wt. 50 lbs. (22.6 kg),N/A,Product was found to contain Aflatoxin,12/21/2005,N/A,N/A,,N/A
Veterinary,No,08/29/2018,79913,Terminated,"OC Raw Dog, LLC",30052 Aventura Ste A,N/A,Rancho Santa Margarita,CA,	92688-2042,United States,Voluntary: Firm initiated,Press Release,"U.S. distribution to the following: CA, CO, FL, MD, MN, PA, GA, and TX.",V-0283-2018,Class I,OC Raw Dog Freeze Dried Sardines  packaged in 3.2 oz. poly printed bags  UPC No. 095225853043,544 cases,Potential C. bot. contamination due to fish being un-eviscerated and greater than 5 inches.,04/20/2018,08/29/2018,12/11/2018,08/15/2018,"Lot Codes: 17219, 17266, 17268, 18021, 18047, 18059  Product Code: OCRDFDSAR"
Veterinary,No,,61820,Terminated,Diamond Pet Foods,103 N Olive St,PO Box 156,Meta,MO,	65058-0156,United States,Voluntary: Firm initiated,"Two or more of the following: Email, Fax, Letter, Press Release, Telephone, Visit",US/Nationwide; Canada; Belize; Costa Rica; Domincan Republic; Guatemala; Hong Kong; Jamaica; Jordan; Japan; Kuwait; Kazakhstan; Lebanon; Sri Lanka; Malasia; Nigeria; Philippines; Pakistan; Russia; Singapore; El Salvadore; Thailand; Trinidad and Tobago; Taiwan,V-029-2013,Class I,"Professional Adult Dog Lamb & Rice, Net Wt. 35 lbs., Professional Pet Foods, Meta Missouri, 65058.","Approx. 332,300 lbs (total for all Professional brand products).",Product was found to be contaminated with Salmonella.,05/04/2012,10/19/2012,05/27/2014,10/31/2012,Products (all sizes) with Best Before dates between 9-DEC-2012 and 7-APR-2013; Lot codes with a number '2' or '3' in the 9th position AND an 'X' in the 10th or 11th position.
Veterinary,No,,34262,Ongoing,Diamond Pet Foods,103 N. Olive,PO Box 156,Meta,Missouri,	65058-0156,United States,N/A,N/A,"AL, CT, DC, DE, FL, GA, KY, MA, MD, ME, MI, MS, NC, NH, NJ, NY, OH, PA, RI SC, TN, WV, VT and VA. International accounts:  Bulgaria, Chile, Costa Rica, Colombia, SA, Croatia, Czech Republic, Denmark, Dominican Republic, Finland,  France, Greece, Georgia, Hungary, Italy, Israel, Latvia, Peru, Poland, Lithuania, Peru, Portugal, Romania, Russia, Spain, Sweden, Switzerland, Taiwan, Turkey, Ukraine.",V-029-6,Class I,Country Value * Wholesome Nutrition for Dogs * High Energy * Dog Formula * Net Wt. 50 LBS (22.6 kg),N/A,Product was found to contain Aflatoxin,12/21/2005,N/A,N/A,,N/A
Veterinary,No,,61820,Terminated,Diamond Pet Foods,103 N Olive St,PO Box 156,Meta,MO,	65058-0156,United States,Voluntary: Firm initiated,"Two or more of the following: Email, Fax, Letter, Press Release, Telephone, Visit",US/Nationwide; Canada; Belize; Costa Rica; Domincan Republic; Guatemala; Hong Kong; Jamaica; Jordan; Japan; Kuwait; Kazakhstan; Lebanon; Sri Lanka; Malasia; Nigeria; Philippines; Pakistan; Russia; Singapore; El Salvadore; Thailand; Trinidad and Tobago; Taiwan,V-030-2013,Class I,"Professional Adult Dog Low Fat Chicken & Rice, Net Wt. 35 lbs., Professional Pet Foods, Meta Missouri, 65058.","Approx. 332,300 lbs (total for all Professional brand products).",Product was found to be contaminated with Salmonella.,05/04/2012,10/19/2012,05/27/2014,10/31/2012,Products (all sizes) with Best Before dates between 9-DEC-2012 and 7-APR-2013; Lot codes with a number '2' or '3' in the 9th position AND an 'X' in the 10th or 11th position.
Veterinary,No,,38015,Terminated,Diamond Pet Foods,250 Roth Rd,N/A,Lathrop,CA,	95330-9724,United States,N/A,N/A,Product was distributed to 34 wholesale dealers and  1 distributor in the US and Canada.,V-031-2008,Class I,Diamond Pet Foods Nutra Nuggets Lamb Meal and Rice formula dog food in 40 lb.yellow and green paper bag.,N/A,Product is contaminated with melamine,05/22/2007,N/A,03/29/2011,,N/A
Veterinary,No,,61820,Terminated,Diamond Pet Foods,103 N Olive St,PO Box 156,Meta,MO,	65058-0156,United States,Voluntary: Firm initiated,"Two or more of the following: Email, Fax, Letter, Press Release, Telephone, Visit",US/Nationwide; Canada; Belize; Costa Rica; Domincan Republic; Guatemala; Hong Kong; Jamaica; Jordan; Japan; Kuwait; Kazakhstan; Lebanon; Sri Lanka; Malasia; Nigeria; Philippines; Pakistan; Russia; Singapore; El Salvadore; Thailand; Trinidad and Tobago; Taiwan,V-031-2013,Class I,"Professional Adult Dog Chicken & Rice Active, Net Wt. 35 lbs., Professional Pet Foods, Meta Missouri, 65058.","Approx. 332,300 lbs (total for all Professional brand products).",Product was found to be contaminated with Salmonella.,05/04/2012,10/19/2012,05/27/2014,10/31/2012,Products (all sizes) with Best Before dates between 9-DEC-2012 and 7-APR-2013; Lot codes with a number '2' or '3' in the 9th position AND an 'X' in the 10th or 11th position.
Veterinary,No,,34262,Ongoing,Diamond Pet Foods,103 N. Olive,PO Box 156,Meta,Missouri,	65058-0156,United States,N/A,N/A,"AL, CT, DC, DE, FL, GA, KY, MA, MD, ME, MI, MS, NC, NH, NJ, NY, OH, PA, RI SC, TN, WV, VT and VA. International accounts:  Bulgaria, Chile, Costa Rica, Colombia, SA, Croatia, Czech Republic, Denmark, Dominican Republic, Finland,  France, Greece, Georgia, Hungary, Italy, Israel, Latvia, Peru, Poland, Lithuania, Peru, Portugal, Romania, Russia, Spain, Sweden, Switzerland, Taiwan, Turkey, Ukraine.",V-031-6,Class I,Professional * The Science of Complete and Balanced Pet Nutrition * Senior Dog * Chicken & Rice Formula * Net W6. 18 lbs (8.16 kg),N/A,Product was found to contain Aflatoxin,12/21/2005,N/A,N/A,,N/A
Veterinary,No,,37652,Terminated,"T.W. Enterprises, INC.","7056 Portal Way, #25",Bldg N-2,Ferndale,WA,	98248-8352,United States,N/A,N/A,"The firm''s distributes to Pet Store distributors in CA and WA, and Retail Pet Stores in CA, WA, PA, IL, and OR.",V-032-2007,Class I,"Beef Pizzle dog chew.  Label includes ''American Bullie A.B. Dog Chew Medium Made from All American Beef Pizzle. Distributed by T.W. Enterprises Inc., Ferndale, WA 98248'' where all sizes are included.  The firm manufactures the following products/sizes: 6 inch/dog chew Medium; 10 inch/dog chew large; 13 inch/dog chew XL; 16 inch/dog chew mega; 26 inch/dog chew jumbo; 3-4 inch/puppy chew and 4-6 inch/puppy chew.  Each chew is individually heat shrink wrapped in clear polypropelene plastic with multicolored label.","12,463 units",Product contaminated with Salmonella.,04/02/2007,N/A,07/21/2008,,N/A
Veterinary,No,,61820,Terminated,Diamond Pet Foods,103 N Olive St,PO Box 156,Meta,MO,	65058-0156,United States,Voluntary: Firm initiated,"Two or more of the following: Email, Fax, Letter, Press Release, Telephone, Visit",US/Nationwide; Canada; Belize; Costa Rica; Domincan Republic; Guatemala; Hong Kong; Jamaica; Jordan; Japan; Kuwait; Kazakhstan; Lebanon; Sri Lanka; Malasia; Nigeria; Philippines; Pakistan; Russia; Singapore; El Salvadore; Thailand; Trinidad and Tobago; Taiwan,V-032-2013,Class I,"Professional Senior Dog Chicken & Barley; Net Wt. 35 lbs., Professional Pet Foods, Meta Missouri, 65058.","Approx. 332,300 lbs (total for all Professional brand products).",Product was found to be contaminated with Salmonella.,05/04/2012,10/19/2012,05/27/2014,10/31/2012,Products (all sizes) with Best Before dates between 9-DEC-2012 and 7-APR-2013; Lot codes with a number '2' or '3' in the 9th position AND an 'X' in the 10th or 11th position.
Veterinary,No,,34262,Ongoing,Diamond Pet Foods,103 N. Olive,PO Box 156,Meta,Missouri,	65058-0156,United States,N/A,N/A,"AL, CT, DC, DE, FL, GA, KY, MA, MD, ME, MI, MS, NC, NH, NJ, NY, OH, PA, RI SC, TN, WV, VT and VA. International accounts:  Bulgaria, Chile, Costa Rica, Colombia, SA, Croatia, Czech Republic, Denmark, Dominican Republic, Finland,  France, Greece, Georgia, Hungary, Italy, Israel, Latvia, Peru, Poland, Lithuania, Peru, Portugal, Romania, Russia, Spain, Sweden, Switzerland, Taiwan, Turkey, Ukraine.",V-032-6,Class I,Professional * The Science of Complete and Balanced Pet Nutrition * Adult Dog * Rice & Chicken Low-Fat Formula * Net Wt. 18 lbs (8.16kg),N/A,Product was found to contain Aflatoxin,12/21/2005,N/A,N/A,,N/A
Veterinary,No,,34262,Ongoing,Diamond Pet Foods,103 N. Olive,PO Box 156,Meta,Missouri,	65058-0156,United States,N/A,N/A,"AL, CT, DC, DE, FL, GA, KY, MA, MD, ME, MI, MS, NC, NH, NJ, NY, OH, PA, RI SC, TN, WV, VT and VA. International accounts:  Bulgaria, Chile, Costa Rica, Colombia, SA, Croatia, Czech Republic, Denmark, Dominican Republic, Finland,  France, Greece, Georgia, Hungary, Italy, Israel, Latvia, Peru, Poland, Lithuania, Peru, Portugal, Romania, Russia, Spain, Sweden, Switzerland, Taiwan, Turkey, Ukraine.",V-033-6,Class I,Professional * The Science of Complete and Balanced Pet Nutrition * Adult Dog * Chicken & Rice Formula * Net W6. 18 lbs (8.16 kg),N/A,Product was found to contain Aflatoxin,12/21/2005,N/A,N/A,,N/A
Veterinary,No,01/23/2020,83458,Terminated,Raw Advantage,1156 Hwy 25 S.,N/A,Kettle Falls,WA,	99141,United States,Voluntary: Firm initiated,"Two or more of the following: Email, Fax, Letter, Press Release, Telephone, Visit","distributed in CA, CO, IL, OR, TX, and WA.",V-0338-2020,Class I,"Chicken Dinner for Dogs, frozen, packaged in 1 lbs. (453g). UPC 8 34242 00100 2.    The label is read in parts: ""*** Chicken Dinner For Dogs *** This formula is intended for rotational or supplemental feeding ***Net Wt. 16 oz. *** INGREDIENTS:  Organic chicken, organic millet, organic oats, organic carrots, organic zucchini, organic kale, organic beets, organic ground flaxseed, organic died kelp, organic wheatgrass, organic garlic powder, organic lecithin ***FEEDING INSTRUCTIONS: For best results feed organic chicken dinner 3-4 days a week in rotation with other Raw Advantage products.  Feed approx. 1/4 lb. product per 10 lbs of your pet weight per day.  Present portion fully thawed *** Raw Advantage, Inc. Kettle Falls, WA 99141***"".",181 packages,Frozen Chicken Dinner for Dogs product is recalled due to a potential for contamination with Salmonella.,07/29/2019,01/23/2020,01/23/2020,11/27/2019,manufactured 201916
Veterinary,No,01/23/2020,83713,Terminated,Woody's Pet Food Deli,1245 Trapp Rd,Ste 160,Eagan,MN,	55121-1269,United States,Voluntary: Firm initiated,Telephone,MN and CO,V-0340-2020,Class I,"Woody's Pet Food Deli, Raw Chicken, Homemade Cat and Dog Food, with supplements, Net wt. 15 oz",85lbs,Product was found to be contaminated with Salmonella,08/30/2019,01/23/2020,01/24/2020,11/13/2019,1521  Expiration Date: 08/17/20
Veterinary,No,09/25/2020,82895,Terminated,"G & C Raw, LLC",225 N West St,N/A,Versailles,OH,	45380-1359,United States,Voluntary: Firm initiated,E-Mail,Michigan,V-0342-2020,Class I,"G & C Raw brand Ground Turkey dog food, 5 lb plastic bags",10/5 lb bags,Possible presence of Listeria monocytogenes.,05/20/2019,01/23/2020,01/15/2021,10/30/2019,WWP042519
Veterinary,No,09/25/2020,82895,Terminated,"G & C Raw, LLC",225 N West St,N/A,Versailles,OH,	45380-1359,United States,Voluntary: Firm initiated,E-Mail,Michigan,V-0343-2020,Class I,"G & C Raw brand Turkey Veggie Fruit Mix dog food, 2 lb plastic container with lid",300/2 lb containers,Possible presence of Listeria monocytogenes.,05/20/2019,01/23/2020,01/15/2021,10/30/2019,WWP042519
Veterinary,No,01/23/2020,83405,Terminated,"Boesl Packing Company, Inc.",2322 Belair Rd,N/A,Baltimore,MD,	21213-1222,United States,Voluntary: Firm initiated,Telephone,Distributed to one customer in North Carolina.,V-0345-2020,Class I,"K9 Kraving Dog Food Beef and Vegetable Raw Dog Food, Net Wt. 1 lb (454 g), Boesl Packing Company, Inc. Baltimore, MD.",5 cases (each case consists of 30 1# packages),Raw pet food tested positive for Listeria monocytogenes.,07/22/2019,01/23/2020,01/23/2020,11/13/2019,Lot # 14993
Veterinary,No,01/23/2020,83683,Terminated,"Bravo Packing, Inc.",59 N Golfwood Ave,N/A,Carneys Point,NJ,	08069-9710,United States,Voluntary: Firm initiated,"Two or more of the following: Email, Fax, Letter, Press Release, Telephone, Visit","The firm distributes its products through a broker. The broker does not actually take physical possession of the product, but ships it to their network of distributors, which include independent distributors and pet stores.",V-0347-2020,Class I,"""Performance Dog"" raw frozen dog food. Approximately 8,000 pounds (200 boxes) of ""Performance Dog"" frozen raw dog food, lot code ""072219"". The product is packaged in 2-lb bags, 20 bags to a box. The boxes are labeled with lot codes, but the individual bags are not.","Approximately 8,000 pounds in 4,000, 2-lb bags","Bravo Packing is recalling approximately 8,000 pounds (200 boxes) of ""Performance Dog"" frozen raw dog food, lot code ""072219"" because of the potential for the product to be contaminated with Salmonella spp. and Listeria monocytogenes. The product is packaged in 2-lb bags, 20 bags to a box. The boxes are labeled with lot codes, but the individual bags are not.",08/26/2019,01/23/2020,06/28/2022,11/20/2019,072219
Veterinary,No,01/23/2020,83272,Terminated,Texas Tripe,110 2nd St Sw,N/A,Detroit,TX,	75436,United States,Voluntary: Firm initiated,E-Mail,"TX, LA, CA, OK, AR, VA, TN, MI, FL, NC, MS, KS, NM, OH, KY, MO, AZ, AL, NY, IL, GA, NJ, IA, PA, CO, NH",V-0357-2020,Class I,Texas Tripe Boneless Beef Blend Dog Food Keep Frozen in 2lb and 5 lb bags packaged in 20 lb case and 40 lb case   ,Unknown,Listeria monocytogenes and Salmonella detected in raw frozen pet food.,07/03/2019,01/23/2020,04/02/2020,11/06/2019,"19148,19149,19150,19151,19154,19155,19156,19157,19158,19161,19162,19163,19164,19165,19168,19169,19170,19171,19172,19175,19176,19177,19178,19179,  19181 and 19182"
Veterinary,No,01/23/2020,83272,Terminated,Texas Tripe,110 2nd St Sw,N/A,Detroit,TX,	75436,United States,Voluntary: Firm initiated,E-Mail,"TX, LA, CA, OK, AR, VA, TN, MI, FL, NC, MS, KS, NM, OH, KY, MO, AZ, AL, NY, IL, GA, NJ, IA, PA, CO, NH",V-0358-2020,Class I,Texas Tripe Beef Blend Dog Food Keep Frozen in 2lb and 5 lb bags packaged in 20 lb case   ,Unknown,Listeria monocytogenes and Salmonella detected in raw frozen pet food.,07/03/2019,01/23/2020,04/02/2020,11/06/2019,"19148,19149,19150,19151,19154,19155,19156,19157,19158,19161,19162,19163,19164,19165,19168,19169,19170,19171,19172,19175,19176,19177,19178,19179,  19181 and 19182"
Veterinary,No,01/23/2020,83272,Terminated,Texas Tripe,110 2nd St Sw,N/A,Detroit,TX,	75436,United States,Voluntary: Firm initiated,E-Mail,"TX, LA, CA, OK, AR, VA, TN, MI, FL, NC, MS, KS, NM, OH, KY, MO, AZ, AL, NY, IL, GA, NJ, IA, PA, CO, NH",V-0359-2020,Class I,Texas Tripe Coarse Ground Beef with Bone Dog Food Keep Frozen in 2lb and 5 lb bags packaged in 20 lb case   ,Unknown,Listeria monocytogenes and Salmonella detected in raw frozen pet food.,07/03/2019,01/23/2020,04/02/2020,11/06/2019,"19148,19149,19150,19151,19154,19155,19156,19157,19158,19161,19162,19163,19164,19165,19168,19169,19170,19171,19172,19175,19176,19177,19178,19179,  19181 and 19182"
Veterinary,No,01/23/2020,83272,Terminated,Texas Tripe,110 2nd St Sw,N/A,Detroit,TX,	75436,United States,Voluntary: Firm initiated,E-Mail,"TX, LA, CA, OK, AR, VA, TN, MI, FL, NC, MS, KS, NM, OH, KY, MO, AZ, AL, NY, IL, GA, NJ, IA, PA, CO, NH",V-0360-2020,Class I,Texas Tripe Shepherd's Blend Dog Food Keep Frozen in 2lb and 5 lb bags packaged in 20 lb case,Unknown,Listeria monocytogenes and Salmonella detected in raw frozen pet food.,07/03/2019,01/23/2020,04/02/2020,11/06/2019,"19148,19149,19150,19151,19154,19155,19156,19157,19158,19161,19162,19163,19164,19165,19168,19169,19170,19171,19172,19175,19176,19177,19178,19179,  19181 and 19182"
Veterinary,No,01/23/2020,83272,Terminated,Texas Tripe,110 2nd St Sw,N/A,Detroit,TX,	75436,United States,Voluntary: Firm initiated,E-Mail,"TX, LA, CA, OK, AR, VA, TN, MI, FL, NC, MS, KS, NM, OH, KY, MO, AZ, AL, NY, IL, GA, NJ, IA, PA, CO, NH",V-0361-2020,Class I,Texas Tripe Wolf Run Dog Food Keep Frozen in 2lb and 5 lb bags.   ,Unknown,Listeria monocytogenes and Salmonella detected in raw frozen pet food.,07/03/2019,01/23/2020,04/02/2020,11/06/2019,"19148,19149,19150,19151,19154,19155,19156,19157,19158,19161,19162,19163,19164,19165,19168,19169,19170,19171,19172,19175,19176,19177,19178,19179,  19181 and 19182"
Veterinary,No,01/23/2020,83272,Terminated,Texas Tripe,110 2nd St Sw,N/A,Detroit,TX,	75436,United States,Voluntary: Firm initiated,E-Mail,"TX, LA, CA, OK, AR, VA, TN, MI, FL, NC, MS, KS, NM, OH, KY, MO, AZ, AL, NY, IL, GA, NJ, IA, PA, CO, NH",V-0362-2020,Class I,Texas Tripe Wolf Run Plus Dog Food Keep Frozen in 2lb and 5 lb bags.   ,Unknown,Listeria monocytogenes and Salmonella detected in raw frozen pet food.,07/03/2019,01/23/2020,04/02/2020,11/06/2019,"19148,19149,19150,19151,19154,19155,19156,19157,19158,19161,19162,19163,19164,19165,19168,19169,19170,19171,19172,19175,19176,19177,19178,19179,  19181 and 19182"
Veterinary,No,01/23/2020,83272,Terminated,Texas Tripe,110 2nd St Sw,N/A,Detroit,TX,	75436,United States,Voluntary: Firm initiated,E-Mail,"TX, LA, CA, OK, AR, VA, TN, MI, FL, NC, MS, KS, NM, OH, KY, MO, AZ, AL, NY, IL, GA, NJ, IA, PA, CO, NH",V-0363-2020,Class I,Texas Tripe All Star Bully Blend Dog Food Keep Frozen in 2lb and 5 lb bags packaged in 20 lb case   ,Unknown,Listeria monocytogenes and Salmonella detected in raw frozen pet food.,07/03/2019,01/23/2020,04/02/2020,11/06/2019,"19148,19149,19150,19151,19154,19155,19156,19157,19158,19161,19162,19163,19164,19165,19168,19169,19170,19171,19172,19175,19176,19177,19178,19179,  19181 and 19182"
Veterinary,No,01/23/2020,83272,Terminated,Texas Tripe,110 2nd St Sw,N/A,Detroit,TX,	75436,United States,Voluntary: Firm initiated,E-Mail,"TX, LA, CA, OK, AR, VA, TN, MI, FL, NC, MS, KS, NM, OH, KY, MO, AZ, AL, NY, IL, GA, NJ, IA, PA, CO, NH",V-0364-2020,Class I,Texas Tripe Senior Pro Dog Food Keep Frozen in 2lb and 5 lb bags packaged in 20 lb case   ,Unknown,Listeria monocytogenes and Salmonella detected in raw frozen pet food.,07/03/2019,01/23/2020,04/02/2020,11/06/2019,"19148,19149,19150,19151,19154,19155,19156,19157,19158,19161,19162,19163,19164,19165,19168,19169,19170,19171,19172,19175,19176,19177,19178,19179,  19181 and 19182"
Veterinary,No,01/23/2020,83272,Terminated,Texas Tripe,110 2nd St Sw,N/A,Detroit,TX,	75436,United States,Voluntary: Firm initiated,E-Mail,"TX, LA, CA, OK, AR, VA, TN, MI, FL, NC, MS, KS, NM, OH, KY, MO, AZ, AL, NY, IL, GA, NJ, IA, PA, CO, NH",V-0365-2020,Class I,Texas Tripe Chicken BlendDog Food Keep Frozen in 2lb and 5 lb bags packaged in 20 lb case   ,Unknown,Listeria monocytogenes and Salmonella detected in raw frozen pet food.,07/03/2019,01/23/2020,04/02/2020,11/06/2019,"19148,19149,19150,19151,19154,19155,19156,19157,19158,19161,19162,19163,19164,19165,19168,19169,19170,19171,19172,19175,19176,19177,19178,19179,  19181 and 19182"
Veterinary,No,01/23/2020,83272,Terminated,Texas Tripe,110 2nd St Sw,N/A,Detroit,TX,	75436,United States,Voluntary: Firm initiated,E-Mail,"TX, LA, CA, OK, AR, VA, TN, MI, FL, NC, MS, KS, NM, OH, KY, MO, AZ, AL, NY, IL, GA, NJ, IA, PA, CO, NH",V-0366-2020,Class I,Texas Tripe Ground Chicken with Bone Dog Food Keep Frozen in 2lb and 5 lb bags packaged in 20 lb case   ,Unknown,Listeria monocytogenes and Salmonella detected in raw frozen pet food.,07/03/2019,01/23/2020,04/02/2020,11/06/2019,"19148,19149,19150,19151,19154,19155,19156,19157,19158,19161,19162,19163,19164,19165,19168,19169,19170,19171,19172,19175,19176,19177,19178,19179,  19181 and 19182"
Veterinary,No,01/23/2020,83272,Terminated,Texas Tripe,110 2nd St Sw,N/A,Detroit,TX,	75436,United States,Voluntary: Firm initiated,E-Mail,"TX, LA, CA, OK, AR, VA, TN, MI, FL, NC, MS, KS, NM, OH, KY, MO, AZ, AL, NY, IL, GA, NJ, IA, PA, CO, NH",V-0367-2020,Class I,Texas Tripe Ground Turkey Necks Dog Food Keep Frozen in 2lb and 5 lb bags packaged in 20 lb case,Unknown,Listeria monocytogenes and Salmonella detected in raw frozen pet food.,07/03/2019,01/23/2020,04/02/2020,11/06/2019,"19148,19149,19150,19151,19154,19155,19156,19157,19158,19161,19162,19163,19164,19165,19168,19169,19170,19171,19172,19175,19176,19177,19178,19179,  19181 and 19182"
Veterinary,No,01/23/2020,83272,Terminated,Texas Tripe,110 2nd St Sw,N/A,Detroit,TX,	75436,United States,Voluntary: Firm initiated,E-Mail,"TX, LA, CA, OK, AR, VA, TN, MI, FL, NC, MS, KS, NM, OH, KY, MO, AZ, AL, NY, IL, GA, NJ, IA, PA, CO, NH",V-0368-2020,Class I,Texas Tripe Turkey Blend Dog Food Keep Frozen in 2lb and 5 lb bags packaged in 20 lb case   ,Unknown,Listeria monocytogenes and Salmonella detected in raw frozen pet food.,07/03/2019,01/23/2020,04/02/2020,11/06/2019,"19148,19149,19150,19151,19154,19155,19156,19157,19158,19161,19162,19163,19164,19165,19168,19169,19170,19171,19172,19175,19176,19177,19178,19179,  19181 and 19182"
Veterinary,No,01/23/2020,83272,Terminated,Texas Tripe,110 2nd St Sw,N/A,Detroit,TX,	75436,United States,Voluntary: Firm initiated,E-Mail,"TX, LA, CA, OK, AR, VA, TN, MI, FL, NC, MS, KS, NM, OH, KY, MO, AZ, AL, NY, IL, GA, NJ, IA, PA, CO, NH",V-0369-2020,Class I,Texas Tripe Chicken/Pork/Salmon with Eggs Keep Frozen Dog Food in 2lb and 5 lb bags.   ,Unknown,Listeria monocytogenes and Salmonella detected in raw frozen pet food.,07/03/2019,01/23/2020,04/02/2020,11/06/2019,"19148,19149,19150,19151,19154,19155,19156,19157,19158,19161,19162,19163,19164,19165,19168,19169,19170,19171,19172,19175,19176,19177,19178,19179,  19181 and 19182"
Veterinary,No,01/23/2020,83272,Terminated,Texas Tripe,110 2nd St Sw,N/A,Detroit,TX,	75436,United States,Voluntary: Firm initiated,E-Mail,"TX, LA, CA, OK, AR, VA, TN, MI, FL, NC, MS, KS, NM, OH, KY, MO, AZ, AL, NY, IL, GA, NJ, IA, PA, CO, NH",V-0370-2020,Class I,Texas Tripe Green Tripe Dog Food Keep Frozen in 2lb and 5 lb bags.   ,Unknown,Listeria monocytogenes and Salmonella detected in raw frozen pet food.,07/03/2019,01/23/2020,04/02/2020,11/06/2019,"19148,19149,19150,19151,19154,19155,19156,19157,19158,19161,19162,19163,19164,19165,19168,19169,19170,19171,19172,19175,19176,19177,19178,19179,  19181 and 19182"
Veterinary,No,01/23/2020,83272,Terminated,Texas Tripe,110 2nd St Sw,N/A,Detroit,TX,	75436,United States,Voluntary: Firm initiated,E-Mail,"TX, LA, CA, OK, AR, VA, TN, MI, FL, NC, MS, KS, NM, OH, KY, MO, AZ, AL, NY, IL, GA, NJ, IA, PA, CO, NH",V-0371-2020,Class I,Texas Tripe Chicken Tripe Complete Dog Food Keep Frozen  in 2lb and 5 lb bags packaged in 20 lb case   ,Unknown,Listeria monocytogenes and Salmonella detected in raw frozen pet food.,07/03/2019,01/23/2020,04/02/2020,11/06/2019,"19148,19149,19150,19151,19154,19155,19156,19157,19158,19161,19162,19163,19164,19165,19168,19169,19170,19171,19172,19175,19176,19177,19178,19179,  19181 and 19182"
Veterinary,No,01/23/2020,83272,Terminated,Texas Tripe,110 2nd St Sw,N/A,Detroit,TX,	75436,United States,Voluntary: Firm initiated,E-Mail,"TX, LA, CA, OK, AR, VA, TN, MI, FL, NC, MS, KS, NM, OH, KY, MO, AZ, AL, NY, IL, GA, NJ, IA, PA, CO, NH",V-0372-2020,Class I,Texas Tripe Pork Blend Dog Food Keep Frozen in 2lb and 5 lb bags packaged in 20 lb case   ,Unknown,Listeria monocytogenes and Salmonella detected in raw frozen pet food.,07/03/2019,01/23/2020,04/02/2020,11/06/2019,"19148,19149,19150,19151,19154,19155,19156,19157,19158,19161,19162,19163,19164,19165,19168,19169,19170,19171,19172,19175,19176,19177,19178,19179,  19181 and 19182"
Veterinary,No,01/23/2020,83272,Terminated,Texas Tripe,110 2nd St Sw,N/A,Detroit,TX,	75436,United States,Voluntary: Firm initiated,E-Mail,"TX, LA, CA, OK, AR, VA, TN, MI, FL, NC, MS, KS, NM, OH, KY, MO, AZ, AL, NY, IL, GA, NJ, IA, PA, CO, NH",V-0373-2020,Class I,Texas Tripe Beginners Choice Dog Food Keep Frozen in 2lb and 5 lb bags packaged in 20 lb case   ,Unknown,Listeria monocytogenes and Salmonella detected in raw frozen pet food.,07/03/2019,01/23/2020,04/02/2020,11/06/2019,"19148,19149,19150,19151,19154,19155,19156,19157,19158,19161,19162,19163,19164,19165,19168,19169,19170,19171,19172,19175,19176,19177,19178,19179,  19181 and 19182"
Veterinary,No,01/23/2020,83272,Terminated,Texas Tripe,110 2nd St Sw,N/A,Detroit,TX,	75436,United States,Voluntary: Firm initiated,E-Mail,"TX, LA, CA, OK, AR, VA, TN, MI, FL, NC, MS, KS, NM, OH, KY, MO, AZ, AL, NY, IL, GA, NJ, IA, PA, CO, NH",V-0374-2020,Class I,Texas Tripe Goat Tripe Complete Dog Food Keep Frozen in 2lb and 5 lb bags packaged in 20 lb case   ,Unknown,Listeria monocytogenes and Salmonella detected in raw frozen pet food.,07/03/2019,01/23/2020,04/02/2020,11/06/2019,"19148,19149,19150,19151,19154,19155,19156,19157,19158,19161,19162,19163,19164,19165,19168,19169,19170,19171,19172,19175,19176,19177,19178,19179,  19181 and 19182"
Veterinary,No,01/23/2020,83272,Terminated,Texas Tripe,110 2nd St Sw,N/A,Detroit,TX,	75436,United States,Voluntary: Firm initiated,E-Mail,"TX, LA, CA, OK, AR, VA, TN, MI, FL, NC, MS, KS, NM, OH, KY, MO, AZ, AL, NY, IL, GA, NJ, IA, PA, CO, NH",V-0375-2020,Class I,Texas Tripe Turkey Pork Blend Dog Food Keep Frozen in 2lb and 5 lb bags packaged in 20 lb case   ,Unknown,Listeria monocytogenes and Salmonella detected in raw frozen pet food.,07/03/2019,01/23/2020,04/02/2020,11/06/2019,"19148,19149,19150,19151,19154,19155,19156,19157,19158,19161,19162,19163,19164,19165,19168,19169,19170,19171,19172,19175,19176,19177,19178,19179,  19181 and 19182"
Veterinary,No,01/23/2020,83272,Terminated,Texas Tripe,110 2nd St Sw,N/A,Detroit,TX,	75436,United States,Voluntary: Firm initiated,E-Mail,"TX, LA, CA, OK, AR, VA, TN, MI, FL, NC, MS, KS, NM, OH, KY, MO, AZ, AL, NY, IL, GA, NJ, IA, PA, CO, NH",V-0376-2020,Class I,Texas Tripe Beef Tripe with Ground Rabbit Dog Food Keep Frozen in 2lb and 5 lb bags packaged in 20 lb case   ,Unknown,Listeria monocytogenes and Salmonella detected in raw frozen pet food.,07/03/2019,01/23/2020,04/02/2020,11/06/2019,"19148,19149,19150,19151,19154,19155,19156,19157,19158,19161,19162,19163,19164,19165,19168,19169,19170,19171,19172,19175,19176,19177,19178,19179,  19181 and 19182"
Veterinary,No,01/23/2020,83272,Terminated,Texas Tripe,110 2nd St Sw,N/A,Detroit,TX,	75436,United States,Voluntary: Firm initiated,E-Mail,"TX, LA, CA, OK, AR, VA, TN, MI, FL, NC, MS, KS, NM, OH, KY, MO, AZ, AL, NY, IL, GA, NJ, IA, PA, CO, NH",V-0377-2020,Class I,Texas Tripe Phat Katz Dog Food Keep Frozen in 2lb and 5 lb bags packaged in 20 lb case and 40 lb case   ,Unknown,Listeria monocytogenes and Salmonella detected in raw frozen pet food.,07/03/2019,01/23/2020,04/02/2020,11/06/2019,"19148,19149,19150,19151,19154,19155,19156,19157,19158,19161,19162,19163,19164,19165,19168,19169,19170,19171,19172,19175,19176,19177,19178,19179,  19181 and 19182"
Veterinary,No,01/23/2020,83272,Terminated,Texas Tripe,110 2nd St Sw,N/A,Detroit,TX,	75436,United States,Voluntary: Firm initiated,E-Mail,"TX, LA, CA, OK, AR, VA, TN, MI, FL, NC, MS, KS, NM, OH, KY, MO, AZ, AL, NY, IL, GA, NJ, IA, PA, CO, NH",V-0378-2020,Class I,Texas Tripe Duck-Rabbit Dog Food Keep Frozen in 2lb and 5 lb bags packaged in 20 lb case and 40 lb case   ,Unknown,Listeria monocytogenes and Salmonella detected in raw frozen pet food.,07/03/2019,01/23/2020,04/02/2020,11/06/2019,"19148,19149,19150,19151,19154,19155,19156,19157,19158,19161,19162,19163,19164,19165,19168,19169,19170,19171,19172,19175,19176,19177,19178,19179,  19181 and 19182"
Veterinary,No,01/23/2020,83272,Terminated,Texas Tripe,110 2nd St Sw,N/A,Detroit,TX,	75436,United States,Voluntary: Firm initiated,E-Mail,"TX, LA, CA, OK, AR, VA, TN, MI, FL, NC, MS, KS, NM, OH, KY, MO, AZ, AL, NY, IL, GA, NJ, IA, PA, CO, NH",V-0379-2020,Class I,Texas Tripe Boneless Chicken Blend Dog Food Keep Frozen in 2lb and 5 lb bags packaged in 20 lb case and 40 lb case   ,Unknown,Listeria monocytogenes and Salmonella detected in raw frozen pet food.,07/03/2019,01/23/2020,04/02/2020,11/06/2019,"19148,19149,19150,19151,19154,19155,19156,19157,19158,19161,19162,19163,19164,19165,19168,19169,19170,19171,19172,19175,19176,19177,19178,19179,  19181 and 19182"
Veterinary,No,,61820,Terminated,Diamond Pet Foods,103 N Olive St,PO Box 156,Meta,MO,	65058-0156,United States,Voluntary: Firm initiated,"Two or more of the following: Email, Fax, Letter, Press Release, Telephone, Visit",US/Nationwide; Canada; Belize; Costa Rica; Domincan Republic; Guatemala; Hong Kong; Jamaica; Jordan; Japan; Kuwait; Kazakhstan; Lebanon; Sri Lanka; Malasia; Nigeria; Philippines; Pakistan; Russia; Singapore; El Salvadore; Thailand; Trinidad and Tobago; Taiwan,V-038-2013,Class I,"4 Health Chicken and Rice for Adult Dogs, Net Wt. 18 lbs, Distributed by Tractor Supply Company, 200 Powell Place, Brentwood, TN 37027.","Approx. 2,476,000 lbs (total for all 4 Health brand products).",Product was found to be contaminated with Salmonella.,05/04/2012,10/19/2012,05/27/2014,10/31/2012,Products (all sizes) with Best Before dates between 9-DEC-2012 and 7-APR-2013; Lot codes with a number '2' or '3' in the 9th position AND an 'X' in the 10th or 11th position.
Veterinary,No,,34262,Ongoing,Diamond Pet Foods,103 N. Olive,PO Box 156,Meta,Missouri,	65058-0156,United States,N/A,N/A,"AL, CT, DC, DE, FL, GA, KY, MA, MD, ME, MI, MS, NC, NH, NJ, NY, OH, PA, RI SC, TN, WV, VT and VA. International accounts:  Bulgaria, Chile, Costa Rica, Colombia, SA, Croatia, Czech Republic, Denmark, Dominican Republic, Finland,  France, Greece, Georgia, Hungary, Italy, Israel, Latvia, Peru, Poland, Lithuania, Peru, Portugal, Romania, Russia, Spain, Sweden, Switzerland, Taiwan, Turkey, Ukraine.",V-038-6,Class I,Nutra Nugget Maintenance Dog (International brand),N/A,Product was found to contain Aflatoxin,12/21/2005,N/A,N/A,,N/A
Veterinary,No,,61820,Terminated,Diamond Pet Foods,103 N Olive St,PO Box 156,Meta,MO,	65058-0156,United States,Voluntary: Firm initiated,"Two or more of the following: Email, Fax, Letter, Press Release, Telephone, Visit",US/Nationwide; Canada; Belize; Costa Rica; Domincan Republic; Guatemala; Hong Kong; Jamaica; Jordan; Japan; Kuwait; Kazakhstan; Lebanon; Sri Lanka; Malasia; Nigeria; Philippines; Pakistan; Russia; Singapore; El Salvadore; Thailand; Trinidad and Tobago; Taiwan,V-039-2013,Class I,"4 Health Healthy Weight for Adult Dogs, Net Wt. 35 lbs, Distributed by Tractor Supply Company, 200 Powell Place, Brentwood, TN 37027","Approx. 2,476,000 lbs (total for all 4 Health brand products).",Product was found to be contaminated with Salmonella.,05/04/2012,10/19/2012,05/27/2014,10/31/2012,Products (all sizes) with Best Before dates between 9-DEC-2012 and 7-APR-2013; Lot codes with a number '2' or '3' in the 9th position AND an 'X' in the 10th or 11th position.
Veterinary,No,,34262,Ongoing,Diamond Pet Foods,103 N. Olive,PO Box 156,Meta,Missouri,	65058-0156,United States,N/A,N/A,"AL, CT, DC, DE, FL, GA, KY, MA, MD, ME, MI, MS, NC, NH, NJ, NY, OH, PA, RI SC, TN, WV, VT and VA. International accounts:  Bulgaria, Chile, Costa Rica, Colombia, SA, Croatia, Czech Republic, Denmark, Dominican Republic, Finland,  France, Greece, Georgia, Hungary, Italy, Israel, Latvia, Peru, Poland, Lithuania, Peru, Portugal, Romania, Russia, Spain, Sweden, Switzerland, Taiwan, Turkey, Ukraine.",V-039-6,Class I,Nutra Nugget Performance Dog (International brand),N/A,Product was found to contain Aflatoxin,12/21/2005,N/A,N/A,,N/A
Veterinary,No,,61820,Terminated,Diamond Pet Foods,103 N Olive St,PO Box 156,Meta,MO,	65058-0156,United States,Voluntary: Firm initiated,"Two or more of the following: Email, Fax, Letter, Press Release, Telephone, Visit",US/Nationwide; Canada; Belize; Costa Rica; Domincan Republic; Guatemala; Hong Kong; Jamaica; Jordan; Japan; Kuwait; Kazakhstan; Lebanon; Sri Lanka; Malasia; Nigeria; Philippines; Pakistan; Russia; Singapore; El Salvadore; Thailand; Trinidad and Tobago; Taiwan,V-040-2013,Class I,"4 Health Lamb & Rice for Adult Dogs, Net Wt. 35 lbs, Distributed by Tractor Supply Company, 200 Powell Place, Brentwood, TN 37027.","Approx. 2,476,000 lbs (total for all 4 Health brand products).",Product was found to be contaminated with Salmonella.,05/04/2012,10/19/2012,05/27/2014,10/31/2012,Products (all sizes) with Best Before dates between 9-DEC-2012 and 7-APR-2013; Lot codes with a number '2' or '3' in the 9th position AND an 'X' in the 10th or 11th position.
Veterinary,No,,60676,Terminated,Hirsch Feed & Farm Supply Inc,1400 Nettleton Ave,PO Box 196,Thayer,MO,	65791-0196,United States,N/A,N/A,"AR, MO",V-041-2012,Class I,"DOG POWER(R) BRAND DOG FOOD, ADULT MAINTENANCE FORMULA 21-12, ADVANCED ANIMAL NUTRITION, THAYER, MISSOURI - 65791, 1-(866)-648-7646, NET WEIGHT 50 LB (22.67) kg, UPC 722304276942",24055 bags,Dog food was manufactured with corn that had higher than acceptable Aflatoxin levels,12/06/2011,N/A,04/18/2012,,N/A
Veterinary,No,,61820,Terminated,Diamond Pet Foods,103 N Olive St,PO Box 156,Meta,MO,	65058-0156,United States,Voluntary: Firm initiated,"Two or more of the following: Email, Fax, Letter, Press Release, Telephone, Visit",US/Nationwide; Canada; Belize; Costa Rica; Domincan Republic; Guatemala; Hong Kong; Jamaica; Jordan; Japan; Kuwait; Kazakhstan; Lebanon; Sri Lanka; Malasia; Nigeria; Philippines; Pakistan; Russia; Singapore; El Salvadore; Thailand; Trinidad and Tobago; Taiwan,V-041-2013,Class I,"4 Health Mature Adult Dog, Net Wt. 35 lbs, Distributed by Tractor Supply Company, 200 Powell Place, Brentwood, TN 37027.","Approx. 2,476,000 lbs (total for all 4 Health brand products).",Product was found to be contaminated with Salmonella.,05/04/2012,10/19/2012,05/27/2014,10/31/2012,Products (all sizes) with Best Before dates between 9-DEC-2012 and 7-APR-2013; Lot codes with a number '2' or '3' in the 9th position AND an 'X' in the 10th or 11th position.
Veterinary,No,,34262,Ongoing,Diamond Pet Foods,103 N. Olive,PO Box 156,Meta,Missouri,	65058-0156,United States,N/A,N/A,"AL, CT, DC, DE, FL, GA, KY, MA, MD, ME, MI, MS, NC, NH, NJ, NY, OH, PA, RI SC, TN, WV, VT and VA. International accounts:  Bulgaria, Chile, Costa Rica, Colombia, SA, Croatia, Czech Republic, Denmark, Dominican Republic, Finland,  France, Greece, Georgia, Hungary, Italy, Israel, Latvia, Peru, Poland, Lithuania, Peru, Portugal, Romania, Russia, Spain, Sweden, Switzerland, Taiwan, Turkey, Ukraine.",V-041-6,Class I,Nutra Nugget Professional Dog (International brand),N/A,Product was found to contain Aflatoxin,12/21/2005,N/A,N/A,,N/A
Veterinary,No,,60676,Terminated,Hirsch Feed & Farm Supply Inc,1400 Nettleton Ave,PO Box 196,Thayer,MO,	65791-0196,United States,N/A,N/A,"AR, MO",V-042-2012,Class I,"DOG POWER(R) BRAND DOG FOOD, HI-PRO PERFORMANCE FORMULA 26-18, ADVANCED ANIMAL NUTRITION, THAYER, MISSOURI - 65791, 1-(866)-648-7646, NET WEIGHT 50 LB (22.67) kg, UPC 722304276959",2923 bags,Dog food was manufactured with corn that had higher than acceptable Aflatoxin levels,12/06/2011,N/A,04/18/2012,,N/A
Veterinary,No,,60676,Terminated,Hirsch Feed & Farm Supply Inc,1400 Nettleton Ave,PO Box 196,Thayer,MO,	65791-0196,United States,N/A,N/A,"AR, MO",V-043-2012,Class I,"DOG POWER(R) BRAND DOG FOOD, HUNTERS FORMULA 27-14, ADVANCED ANIMAL NUTRITION, THAYER, MISSOURI - 65791, 1-(866)-648-7646, NET WEIGHT 50 LB (22.67) kg, UPC 722304276966",2241 units,Dog food was manufactured with corn that had higher than acceptable Aflatoxin levels,12/06/2011,N/A,04/18/2012,,N/A
Veterinary,No,,61820,Terminated,Diamond Pet Foods,103 N Olive St,PO Box 156,Meta,MO,	65058-0156,United States,Voluntary: Firm initiated,"Two or more of the following: Email, Fax, Letter, Press Release, Telephone, Visit",US/Nationwide; Canada; Belize; Costa Rica; Domincan Republic; Guatemala; Hong Kong; Jamaica; Jordan; Japan; Kuwait; Kazakhstan; Lebanon; Sri Lanka; Malasia; Nigeria; Philippines; Pakistan; Russia; Singapore; El Salvadore; Thailand; Trinidad and Tobago; Taiwan,V-043-2013,Class I,"4 Health Salmon & Potato for Adult Dogs, Net Wt. 35 lbs, Distributed by Tractor Supply Company, 200 Powell Place, Brentwood, TN 37027.","Approx. 2,476,000 lbs (total for all 4 Health brand products).",Product was found to be contaminated with Salmonella.,05/04/2012,10/19/2012,05/27/2014,10/31/2012,Products (all sizes) with Best Before dates between 9-DEC-2012 and 7-APR-2013; Lot codes with a number '2' or '3' in the 9th position AND an 'X' in the 10th or 11th position.
Veterinary,No,07/17/2020,85945,Terminated,MICHIGAN HERBAL REMEDIES,904 Chicago Dr,N/A,Jenison,MI,	49428-9351,United States,Voluntary: Firm initiated,Telephone,"Sold direct to consumers via internet sales, and also sold to retailers and distributors in CA, CO, FL, IA, IL, IN, KY, MA, MI, MN, NY, OH, PA, TX, VT, WI",V-0451-2020,Class I,"Tasty Hemp Oil Tasty Drops hemp oil extract, Dogs, 1 fl oz, 200mg  CBD",600,High levels of lead,06/18/2020,07/17/2020,08/31/2021,07/15/2020,"FG003286, FG003324"
Veterinary,No,07/17/2020,85945,Terminated,MICHIGAN HERBAL REMEDIES,904 Chicago Dr,N/A,Jenison,MI,	49428-9351,United States,Voluntary: Firm initiated,Telephone,"Sold direct to consumers via internet sales, and also sold to retailers and distributors in CA, CO, FL, IA, IL, IN, KY, MA, MI, MN, NY, OH, PA, TX, VT, WI",V-0452-2020,Class I,"Purfurred CBD for Dogs hemp oil, Dogs, 1 fl oz, 200mg CBD",3 units,High levels of lead,06/18/2020,07/17/2020,08/31/2021,07/15/2020,FG003188
Veterinary,No,07/17/2020,85945,Terminated,MICHIGAN HERBAL REMEDIES,904 Chicago Dr,N/A,Jenison,MI,	49428-9351,United States,Voluntary: Firm initiated,Telephone,"Sold direct to consumers via internet sales, and also sold to retailers and distributors in CA, CO, FL, IA, IL, IN, KY, MA, MI, MN, NY, OH, PA, TX, VT, WI",V-0453-2020,Class I,"Made by Hemp Wellness Drops, Dogs, 1 fl oz, 200mg",150 units,High levels of lead,06/18/2020,07/17/2020,08/31/2021,07/15/2020,FG003179
Veterinary,No,07/17/2020,85945,Terminated,MICHIGAN HERBAL REMEDIES,904 Chicago Dr,N/A,Jenison,MI,	49428-9351,United States,Voluntary: Firm initiated,Telephone,"Sold direct to consumers via internet sales, and also sold to retailers and distributors in CA, CO, FL, IA, IL, IN, KY, MA, MI, MN, NY, OH, PA, TX, VT, WI",V-0457-2020,Class I,"Barkley's Bistro Hemp Oil for Dogs, 1 fl oz, 200mg CBD",50 units,High levels of lead,06/18/2020,07/17/2020,08/31/2021,07/15/2020,FG003145
Veterinary,No,07/17/2020,85945,Terminated,MICHIGAN HERBAL REMEDIES,904 Chicago Dr,N/A,Jenison,MI,	49428-9351,United States,Voluntary: Firm initiated,Telephone,"Sold direct to consumers via internet sales, and also sold to retailers and distributors in CA, CO, FL, IA, IL, IN, KY, MA, MI, MN, NY, OH, PA, TX, VT, WI",V-0459-2020,Class I,"A Clean Choice CBD, hemp oil, Dogs, 1 fl oz, 200mg and 500mg",700 units,High levels of lead,06/18/2020,07/17/2020,08/31/2021,07/15/2020,200mg - FG003116;  500mg - FG003115
Veterinary,No,,38278,Terminated,Mars Petcare USA,210 Westwood Pl,N/A,Brentwood,TN,	37027-7554,United States,N/A,N/A,"The product was distributed to Walmart stores in VA, OH, WV, MD, PA and NC.",V-046-2007,Class I,"Ol' Roy Complete Nutrition Dry Dog Food, 55 pound bonus bags, labeled in part ***Marketed by Walmart Stores, Inc. Bentonville, AR 72716*** UPC 605388720764***",1176 bags,Pet food may be contaminated with Salmonella.,06/06/2007,N/A,12/03/2007,,N/A
Veterinary,No,,61820,Terminated,Diamond Pet Foods,103 N Olive St,PO Box 156,Meta,MO,	65058-0156,United States,Voluntary: Firm initiated,"Two or more of the following: Email, Fax, Letter, Press Release, Telephone, Visit",US/Nationwide; Canada; Belize; Costa Rica; Domincan Republic; Guatemala; Hong Kong; Jamaica; Jordan; Japan; Kuwait; Kazakhstan; Lebanon; Sri Lanka; Malasia; Nigeria; Philippines; Pakistan; Russia; Singapore; El Salvadore; Thailand; Trinidad and Tobago; Taiwan,V-046-2013,Class I,"4 Health Small Bites Adult Dog, Net Wt. 35 lbs, Distributed by Tractor Supply Company, 200 Powell Place, Brentwood, TN 37027.","Approx. 2,476,000 lbs (total for all 4 Health brand products).",Product was found to be contaminated with Salmonella.,05/04/2012,10/19/2012,05/27/2014,10/31/2012,Products (all sizes) with Best Before dates between 9-DEC-2012 and 7-APR-2013; Lot codes with a number '2' or '3' in the 9th position AND an 'X' in the 10th or 11th position.
Veterinary,No,,34262,Ongoing,Diamond Pet Foods,103 N. Olive,PO Box 156,Meta,Missouri,	65058-0156,United States,N/A,N/A,"AL, CT, DC, DE, FL, GA, KY, MA, MD, ME, MI, MS, NC, NH, NJ, NY, OH, PA, RI SC, TN, WV, VT and VA. International accounts:  Bulgaria, Chile, Costa Rica, Colombia, SA, Croatia, Czech Republic, Denmark, Dominican Republic, Finland,  France, Greece, Georgia, Hungary, Italy, Israel, Latvia, Peru, Poland, Lithuania, Peru, Portugal, Romania, Russia, Spain, Sweden, Switzerland, Taiwan, Turkey, Ukraine.",V-046-6,Class I,NutraGold Adult Dog (International brand),N/A,Product was found to contain Aflatoxin,12/21/2005,N/A,N/A,,N/A
Veterinary,No,07/17/2020,85945,Terminated,MICHIGAN HERBAL REMEDIES,904 Chicago Dr,N/A,Jenison,MI,	49428-9351,United States,Voluntary: Firm initiated,Telephone,"Sold direct to consumers via internet sales, and also sold to retailers and distributors in CA, CO, FL, IA, IL, IN, KY, MA, MI, MN, NY, OH, PA, TX, VT, WI",V-0461-2020,Class I,"CBD Boost Shop CBD Oil for Dogs, 1 fl oz, 200mg CBD",6 units,High levels of lead,06/18/2020,07/17/2020,08/31/2021,07/15/2020,FG003270
Veterinary,No,,60779,Terminated,Petrus Feed & Seed Stores Inc,2914 N Bolton Ave,N/A,Alexandria,LA,	71303,United States,N/A,N/A,"Alexandria, LA",V-047-2012,Class I,"PETRUS FEEDS, 21% Dog Food, PETRUS FEED & SEED STORES, INC. Alexandria, LA  71303, Net Wt 40 lbs. (18.14 kg)",2489 bags,Dog food was manufactured with corn which had higher than acceptable levels of aflatoxin.,12/07/2011,N/A,03/12/2012,,N/A
Veterinary,No,,61820,Terminated,Diamond Pet Foods,103 N Olive St,PO Box 156,Meta,MO,	65058-0156,United States,Voluntary: Firm initiated,"Two or more of the following: Email, Fax, Letter, Press Release, Telephone, Visit",US/Nationwide; Canada; Belize; Costa Rica; Domincan Republic; Guatemala; Hong Kong; Jamaica; Jordan; Japan; Kuwait; Kazakhstan; Lebanon; Sri Lanka; Malasia; Nigeria; Philippines; Pakistan; Russia; Singapore; El Salvadore; Thailand; Trinidad and Tobago; Taiwan,V-047-2013,Class I,"4 Health, Performance Adult Dog, Net Wt. 35 lbs, Distributed by Tractor Supply Company, 200 Powell Place, Brentwood, TN 37027.","Approx. 2,476,000 lbs (total for all 4 Health brand products).",Product was found to be contaminated with Salmonella.,05/04/2012,10/19/2012,05/27/2014,10/31/2012,Products (all sizes) with Best Before dates between 9-DEC-2012 and 7-APR-2013; Lot codes with a number '2' or '3' in the 9th position AND an 'X' in the 10th or 11th position.
Veterinary,No,09/25/2020,86321,Terminated,SUNSHINE MILLS INC,500 6th St Sw,N/A,Red Bay,AL,	35582-4084,United States,Voluntary: Firm initiated,Telephone,"The products were shipped to the following states: AL, CA, FL, GA, IN, KY, MS, OK, TX, & WI.",V-0478-2020,Class I,Nature's Menu brand Super Premium Dog Food with a Blend of Real Chicken & Quail in a 3 lb. and 13.5 lb. bags.,N/A,Potential contamination with Salmonella.,08/24/2020,09/14/2020,04/12/2021,09/09/2020,"3 lb. bag lot codes: TE1 20/April /2020, TE1 21/April/2020, TE1 22/April/2020, TE2 20/April /2020, TE2 21/April/2020, TE2 22/April/2020, TE3 20/April/2020, TE3 21/April/2020, & TE3 22/April/2020.  UPC: 7015514363    13.5 lb. bag lot codes: TB1 20/April /2020, TB1 21/April/2020, TB1 22/April/2020, TB2 20/April /2020, TB2 21/April/2020, TB2 22/April/2020, TB3 20/April/2020, TB3 21/April/2020, & TB3 22/April/2020.  UPC: 7015514365"
Veterinary,No,04/12/2021,86357,Terminated,SUNSHINE MILLS INC,500 6th St Sw,N/A,Red Bay,AL,	35582-4084,United States,Voluntary: Firm initiated,E-Mail,"Products were shipped to the following states: AR, CA, FL, GA, IN, IA, LA, MO, OK, TX, & UT.",V-0479-2020,Class I,Heartland Farms brand Grill Favorites for Adult Dogs in 14 lb. and 31 lb. bags.,"8,818 total bags.",Potential for elevated levels of aflatoxin in the product.,08/31/2020,09/23/2020,04/12/2021,09/16/2020,14 lb. bags lot code: TB 2 4/April/2020 & TB 1 4/April/2020  UPC: 7015514299    31 lb. bags lot code: TA 2 4/April/2020 & TA 3 4/April/2020  UPC: 7015514301
Veterinary,No,04/12/2021,86357,Terminated,SUNSHINE MILLS INC,500 6th St Sw,N/A,Red Bay,AL,	35582-4084,United States,Voluntary: Firm initiated,E-Mail,"Products were shipped to the following states: AR, CA, FL, GA, IN, IA, LA, MO, OK, TX, & UT.",V-0480-2020,Class I,"Family Pet brand Meaty Cuts Beef, Chicken and Cheese Flavors Premium Dog Food in 4 lb.,  14 lb., and 28 lb. bags.","6,826 total bags.",Potential for elevated levels of aflatoxin in the product.,08/31/2020,09/23/2020,04/12/2021,09/16/2020,"4 lb. bags lot code: TD 1 5/April/2020 & TD 3 4/April/2020  UPC: 3225120694    14 lb. bags lot code: TB 1 4/April/2020,  TB 2 4/April/2020, & TB 3 3/April/2020  UPC: 3225118078    28 lb. bags lot code: TB 3 3/April/2020  UPC: 3225120694"
Veterinary,No,04/12/2021,86357,Terminated,SUNSHINE MILLS INC,500 6th St Sw,N/A,Red Bay,AL,	35582-4084,United States,Voluntary: Firm initiated,E-Mail,"Products were shipped to the following states: AR, CA, FL, GA, IN, IA, LA, MO, OK, TX, & UT.",V-0481-2020,Class I,Paws Happy Life brand Butcher's Choice Dog Food in 16 lb. bags.,"9,834 bags.",Potential for elevated levels of aflatoxin in the product.,08/31/2020,09/23/2020,04/12/2021,09/16/2020,"16 lb. bags lot code: TA 1 4/April/2020, TA 2 4/April/2020  UPC: 3680035763"
Veterinary,No,,37658,Terminated,"Petra Pet, Inc dba Petrapport",5801 West Side Ave,N/A,North Bergen,NJ,	07047,United States,N/A,N/A,"The BJ product was sold to BJ's Wholesale Club in Natick, MA.    The product was shipped to the following BJ's distribution centers were they were distributed nationwide to the individual club stores:  BJ's #820 Bristol Dist. Center, Burlington, NJ; BJ's #800 Dist. Center, Uxbridge, MA; and BJ's #840 Dist. Center, Jacksonville, FL.      The Beefeaters bulk product was shipped to Doctors Foster and Smith, Rhinelander, WI and J&B Wholesale, Oakland, NJ for further distribution.    There are no govt accounts or foreign customers.",V-049-2007,Class I,"Berkley & Jensen Full Cut Pig Ear dog treats, 25 count bag.  Sold to BJ''s Wholesale Club.","132,640 bags",Pig ear dog treats may be contaminated with Salmonella.,03/23/2007,N/A,08/27/2007,,N/A
Veterinary,No,,34262,Ongoing,Diamond Pet Foods,103 N. Olive,PO Box 156,Meta,Missouri,	65058-0156,United States,N/A,N/A,"AL, CT, DC, DE, FL, GA, KY, MA, MD, ME, MI, MS, NC, NH, NJ, NY, OH, PA, RI SC, TN, WV, VT and VA. International accounts:  Bulgaria, Chile, Costa Rica, Colombia, SA, Croatia, Czech Republic, Denmark, Dominican Republic, Finland,  France, Greece, Georgia, Hungary, Italy, Israel, Latvia, Peru, Poland, Lithuania, Peru, Portugal, Romania, Russia, Spain, Sweden, Switzerland, Taiwan, Turkey, Ukraine.",V-049-6,Class I,"Diamond Professional for Adult Dogs (this is a discontinued product, however a sample taken by the NC Dept of Agriculture tested positive for aflatoxin).",N/A,Product was found to contain Aflatoxin,12/21/2005,N/A,N/A,,N/A
Veterinary,No,,34262,Ongoing,Diamond Pet Foods,103 N. Olive,PO Box 156,Meta,Missouri,	65058-0156,United States,N/A,N/A,"AL, CT, DC, DE, FL, GA, KY, MA, MD, ME, MI, MS, NC, NH, NJ, NY, OH, PA, RI SC, TN, WV, VT and VA. International accounts:  Bulgaria, Chile, Costa Rica, Colombia, SA, Croatia, Czech Republic, Denmark, Dominican Republic, Finland,  France, Greece, Georgia, Hungary, Italy, Israel, Latvia, Peru, Poland, Lithuania, Peru, Portugal, Romania, Russia, Spain, Sweden, Switzerland, Taiwan, Turkey, Ukraine.",V-050-6,Class I,Diamond Pet Foods * Premium Adult for Dogs * Formulated to Help Maintain Strength and Stamina * Net Wt. 40 LBS. (18.14kg),N/A,Product was found to contain Aflatoxin,12/21/2005,N/A,N/A,,N/A
Veterinary,No,,49447,Terminated,"MARS Petcare US, Inc.",315 Cool Springs Boulevard,N/A,Franklin,TN,	37067,United States,N/A,N/A,The product was shipped to distribution centers for retail stores nationwide,V-051-2009,Class I,Wegman's Bruiser Small Crunchy Bites Dog Food 20#. UPC 77890 32982,N/A,finished product samples positive for Salmonella Schwarzengrund,09/12/2008,N/A,10/18/2012,,N/A
Veterinary,No,,49447,Terminated,"MARS Petcare US, Inc.",315 Cool Springs Boulevard,N/A,Franklin,TN,	37067,United States,N/A,N/A,The product was shipped to distribution centers for retail stores nationwide,V-052-2009,Class I,Wegman's Bruiser Complete Nutrition Dog Food 20#. UPC 77890 32988,N/A,finished product samples positive for Salmonella Schwarzengrund,09/12/2008,N/A,10/18/2012,,N/A
Veterinary,No,,49447,Terminated,"MARS Petcare US, Inc.",315 Cool Springs Boulevard,N/A,Franklin,TN,	37067,United States,N/A,N/A,The product was shipped to distribution centers for retail stores nationwide,V-053-2009,Class I,Wegman's Bruiser Puppy Dog Food 17.6#. UPC 77890 32991,N/A,finished product samples positive for Salmonella Schwarzengrund,09/12/2008,N/A,10/18/2012,,N/A
Veterinary,No,,49447,Terminated,"MARS Petcare US, Inc.",315 Cool Springs Boulevard,N/A,Franklin,TN,	37067,United States,N/A,N/A,The product was shipped to distribution centers for retail stores nationwide,V-054-2009,Class I,Wegman's Bruiser Complete Nutrition Dog Food 37.5#. UPC 77890 32994,N/A,finished product samples positive for Salmonella Schwarzengrund,09/12/2008,N/A,10/18/2012,,N/A
Veterinary,No,,49447,Terminated,"MARS Petcare US, Inc.",315 Cool Springs Boulevard,N/A,Franklin,TN,	37067,United States,N/A,N/A,The product was shipped to distribution centers for retail stores nationwide,V-055-2009,Class I,Wegman's Bruiser Small Crunchy Bites Dog Food 4.4#. UPC 77890 33618,N/A,finished product samples positive for Salmonella Schwarzengrund,09/12/2008,N/A,10/18/2012,,N/A
Veterinary,No,,49447,Terminated,"MARS Petcare US, Inc.",315 Cool Springs Boulevard,N/A,Franklin,TN,	37067,United States,N/A,N/A,The product was shipped to distribution centers for retail stores nationwide,V-056-2009,Class I,Wegman's Bruiser Puppy Dog Food 4.4#. UPC 77890 33621,N/A,finished product samples positive for Salmonella Schwarzengrund,09/12/2008,N/A,10/18/2012,,N/A
Veterinary,No,,49447,Terminated,"MARS Petcare US, Inc.",315 Cool Springs Boulevard,N/A,Franklin,TN,	37067,United States,N/A,N/A,The product was shipped to distribution centers for retail stores nationwide,V-057-2009,Class I,Wegman's Bruiser Complete Nutrition Dog Food 4.4#. UPC 77890 33654,N/A,finished product samples positive for Salmonella Schwarzengrund,09/12/2008,N/A,10/18/2012,,N/A
Veterinary,No,,61820,Terminated,Diamond Pet Foods,103 N Olive St,PO Box 156,Meta,MO,	65058-0156,United States,Voluntary: Firm initiated,"Two or more of the following: Email, Fax, Letter, Press Release, Telephone, Visit",US/Nationwide; Canada; Belize; Costa Rica; Domincan Republic; Guatemala; Hong Kong; Jamaica; Jordan; Japan; Kuwait; Kazakhstan; Lebanon; Sri Lanka; Malasia; Nigeria; Philippines; Pakistan; Russia; Singapore; El Salvadore; Thailand; Trinidad and Tobago; Taiwan,V-057-2013,Class I,"Apex Chicken & Rice Adult Dog Food (20 lb & 40 lb bags), Manufactured for Apex Pet Foods, 1680 Lake Murray Blvd, SC 29212.","47,600 lbs total",Product was found to be contaminated with Salmonella.,05/04/2012,10/19/2012,05/27/2014,10/31/2012,Best By 24-Jan-2013; Production Code: ACD0101B32 (Code and Best by date for both sizes).
Veterinary,No,,49447,Terminated,"MARS Petcare US, Inc.",315 Cool Springs Boulevard,N/A,Franklin,TN,	37067,United States,N/A,N/A,The product was shipped to distribution centers for retail stores nationwide,V-058-2009,Class I,Pet Pride Weight Management Dog Food 17.6# UPC 11110 74578,N/A,finished product samples positive for Salmonella Schwarzengrund,09/12/2008,N/A,10/18/2012,,N/A
Veterinary,No,,61820,Terminated,Diamond Pet Foods,103 N Olive St,PO Box 156,Meta,MO,	65058-0156,United States,Voluntary: Firm initiated,"Two or more of the following: Email, Fax, Letter, Press Release, Telephone, Visit",US/Nationwide; Canada; Belize; Costa Rica; Domincan Republic; Guatemala; Hong Kong; Jamaica; Jordan; Japan; Kuwait; Kazakhstan; Lebanon; Sri Lanka; Malasia; Nigeria; Philippines; Pakistan; Russia; Singapore; El Salvadore; Thailand; Trinidad and Tobago; Taiwan,V-058-2013,Class I,"Canidae Dog Food, Lamb Meal and Rice, Net Wt. 30 lbs, Guaranteed by: Canidae Corporation, San Luis Ohispo, CA 91401.    ",unknown,Product was found to be contaminated with Salmonella.,05/04/2012,10/19/2012,05/27/2014,10/31/2012,Best Before dates between 9-DEC-2012 and 31-JAN-2013; Lot codes with a number '3' in the 9th position AND an 'X' in the 10th or 11th position.
Veterinary,No,,61820,Terminated,Diamond Pet Foods,103 N Olive St,PO Box 156,Meta,MO,	65058-0156,United States,Voluntary: Firm initiated,"Two or more of the following: Email, Fax, Letter, Press Release, Telephone, Visit",US/Nationwide; Canada; Belize; Costa Rica; Domincan Republic; Guatemala; Hong Kong; Jamaica; Jordan; Japan; Kuwait; Kazakhstan; Lebanon; Sri Lanka; Malasia; Nigeria; Philippines; Pakistan; Russia; Singapore; El Salvadore; Thailand; Trinidad and Tobago; Taiwan,V-059-2013,Class I,"Canidae Dog Food, All Life Stages Formula, Net Wt. 30 lbs, Guaranteed by: Canidae Corporation, San Luis Ohispo, CA 91401.",Unknown,Product was found to be contaminated with Salmonella.,05/04/2012,10/19/2012,05/27/2014,10/31/2012,Best Before dates between 9-DEC-2012 and 31-JAN-2013; Lot codes with a number '3' in the 9th position AND an 'X' in the 10th or 11th position.
Veterinary,No,,61820,Terminated,Diamond Pet Foods,103 N Olive St,PO Box 156,Meta,MO,	65058-0156,United States,Voluntary: Firm initiated,"Two or more of the following: Email, Fax, Letter, Press Release, Telephone, Visit",US/Nationwide; Canada; Belize; Costa Rica; Domincan Republic; Guatemala; Hong Kong; Jamaica; Jordan; Japan; Kuwait; Kazakhstan; Lebanon; Sri Lanka; Malasia; Nigeria; Philippines; Pakistan; Russia; Singapore; El Salvadore; Thailand; Trinidad and Tobago; Taiwan,V-060-2013,Class I,"Canidae Dog Food, Chicken Meal and Rice, Net Wt. 30 lbs, Guaranteed by: Canidae Corporation, San Luis Ohispo, CA 91401.",Unknown,Product was found to be contaminated with Salmonella.,05/04/2012,10/19/2012,05/27/2014,10/31/2012,Best Before dates between 9-DEC-2012 and 31-JAN-2013; Lot codes with a number '3' in the 9th position AND an 'X' in the 10th or 11th position.
Veterinary,No,,49447,Terminated,"MARS Petcare US, Inc.",315 Cool Springs Boulevard,N/A,Franklin,TN,	37067,United States,N/A,N/A,The product was shipped to distribution centers for retail stores nationwide,V-061-2009,Class I,Country Acres Hi Pro Dog Food 50#. UPC 16603 02021,N/A,finished product samples positive for Salmonella Schwarzengrund,09/12/2008,N/A,10/18/2012,,N/A
Veterinary,No,,61820,Terminated,Diamond Pet Foods,103 N Olive St,PO Box 156,Meta,MO,	65058-0156,United States,Voluntary: Firm initiated,"Two or more of the following: Email, Fax, Letter, Press Release, Telephone, Visit",US/Nationwide; Canada; Belize; Costa Rica; Domincan Republic; Guatemala; Hong Kong; Jamaica; Jordan; Japan; Kuwait; Kazakhstan; Lebanon; Sri Lanka; Malasia; Nigeria; Philippines; Pakistan; Russia; Singapore; El Salvadore; Thailand; Trinidad and Tobago; Taiwan,V-062-2013,Class I,"Premium Edge Adult Dog Chicken, Rice & Vegetables; Net Wt. 35 lbs., Premium Edge Pet Food, Rt B, Meta Missouri, 65058.","Approx. 842,000 lbs total (for all Premium Edge brand products).",Product was found to be contaminated with Salmonella.,05/04/2012,10/19/2012,05/27/2014,10/31/2012,Products (all sizes) with Best Before dates between 9-DEC-2012 and 7-APR-2013; Lot codes with a number '2' or '3' in the 9th position AND an 'X' in the 10th or 11th position.
Veterinary,No,,49447,Terminated,"MARS Petcare US, Inc.",315 Cool Springs Boulevard,N/A,Franklin,TN,	37067,United States,N/A,N/A,The product was shipped to distribution centers for retail stores nationwide,V-063-2009,Class I,Country Acres 18% Dog Food 40#. UPC 16603 02331,N/A,finished product samples positive for Salmonella Schwarzengrund,09/12/2008,N/A,10/18/2012,,N/A
Veterinary,No,,61820,Terminated,Diamond Pet Foods,103 N Olive St,PO Box 156,Meta,MO,	65058-0156,United States,Voluntary: Firm initiated,"Two or more of the following: Email, Fax, Letter, Press Release, Telephone, Visit",US/Nationwide; Canada; Belize; Costa Rica; Domincan Republic; Guatemala; Hong Kong; Jamaica; Jordan; Japan; Kuwait; Kazakhstan; Lebanon; Sri Lanka; Malasia; Nigeria; Philippines; Pakistan; Russia; Singapore; El Salvadore; Thailand; Trinidad and Tobago; Taiwan,V-063-2013,Class I,"Premium Edge Adult Dog Lamb, Rice, and Vegetables; Net Wt. 35 lbs., Premium Edge Pet Food, Rt B, Meta Missouri, 65058.","Approx. 842,000 lbs total (for all Premium Edge brand products).",Product was found to be contaminated with Salmonella.,05/04/2012,10/19/2012,05/27/2014,10/31/2012,Products (all sizes) with Best Before dates between 9-DEC-2012 and 7-APR-2013; Lot codes with a number '2' or '3' in the 9th position AND an 'X' in the 10th or 11th position.
Veterinary,No,,49447,Terminated,"MARS Petcare US, Inc.",315 Cool Springs Boulevard,N/A,Franklin,TN,	37067,United States,N/A,N/A,The product was shipped to distribution centers for retail stores nationwide,V-064-2009,Class I,Country Acres Ration Dog Food 40#. UPC 16603 02333,N/A,finished product samples positive for Salmonella Schwarzengrund,09/12/2008,N/A,10/18/2012,,N/A
Veterinary,No,,61820,Terminated,Diamond Pet Foods,103 N Olive St,PO Box 156,Meta,MO,	65058-0156,United States,Voluntary: Firm initiated,"Two or more of the following: Email, Fax, Letter, Press Release, Telephone, Visit",US/Nationwide; Canada; Belize; Costa Rica; Domincan Republic; Guatemala; Hong Kong; Jamaica; Jordan; Japan; Kuwait; Kazakhstan; Lebanon; Sri Lanka; Malasia; Nigeria; Philippines; Pakistan; Russia; Singapore; El Salvadore; Thailand; Trinidad and Tobago; Taiwan,V-064-2013,Class I,"Premium Edge Skin & Coat for Adult Dogs, Net Wt. 35 lbs., Premium Edge Pet Food, Rt B, Meta Missouri, 65058.","Approx. 842,000 lbs total (for all Premium Edge brand products).",Product was found to be contaminated with Salmonella.,05/04/2012,10/19/2012,05/27/2014,10/31/2012,Products (all sizes) with Best Before dates between 9-DEC-2012 and 7-APR-2013; Lot codes with a number '2' or '3' in the 9th position AND an 'X' in the 10th or 11th position.
Veterinary,No,,55331,Terminated,Tabs Limited,751 S. 4th St,N/A,St. Joseph,MO,	64501,United States,N/A,N/A,Distribution was made to own-label distributors located in NE and IA.,V-065-2010,Class I,"Response products Advanced Cetyl M Joint Action Formula For Dogs, With Cetyl Myristoleate, packaged in 120-tablet btls (12/case) and 360-tablet bottles (6/case).  Manufactured for Response Products, Broken Bow, NE.",251/12/120-tablet bottle cases and 794/6/360-tablet bottle cases,"The product was manufactured using hydrolyzed vegetable protein recalled by Basic Food Flavors, Inc. because it has the potential to be contaminated with Salmonella",04/07/2010,N/A,04/17/2012,,N/A
Veterinary,No,,61820,Terminated,Diamond Pet Foods,103 N Olive St,PO Box 156,Meta,MO,	65058-0156,United States,Voluntary: Firm initiated,"Two or more of the following: Email, Fax, Letter, Press Release, Telephone, Visit",US/Nationwide; Canada; Belize; Costa Rica; Domincan Republic; Guatemala; Hong Kong; Jamaica; Jordan; Japan; Kuwait; Kazakhstan; Lebanon; Sri Lanka; Malasia; Nigeria; Philippines; Pakistan; Russia; Singapore; El Salvadore; Thailand; Trinidad and Tobago; Taiwan,V-066-2013,Class I,"Premium Edge Senior Dog, Net Wt. 35 lbs., Premium Edge Pet Food, Rt B, Meta Missouri, 65058.","Approx. 842,000 lbs total (for all Premium Edge brand products).",Product was found to be contaminated with Salmonella.,05/04/2012,10/19/2012,05/27/2014,10/31/2012,Products (all sizes) with Best Before dates between 9-DEC-2012 and 7-APR-2013; Lot codes with a number '2' or '3' in the 9th position AND an 'X' in the 10th or 11th position.
Veterinary,No,,60669,Terminated,Cargill Inc Animal Nutrition Division,16 Feed Mill Rd,N/A,Lecompte,LA,	71346-9518,United States,N/A,N/A,"Kansas, Missouri, northeast Oklahoma, Arkansas, Louisiana, Mississippi, Tennessee, Western Kentucky, southeast Indiana, southern Illinois, Hawaii, Guam, the U.S. Virgin Islands and limited areas of Florida and California.  Additional countries:  Bahamas, and Chile.",V-067-2012,Class I,"RIVER RUN(R), Professional Formula, 27-18 Dog Food, Net Wt. 50 LB (22.67 kg)",33471 units,Dog food may have elevated levels of Aflatoxin,12/02/2011,N/A,01/17/2013,,N/A
Veterinary,No,,49447,Terminated,"MARS Petcare US, Inc.",315 Cool Springs Boulevard,N/A,Franklin,TN,	37067,United States,N/A,N/A,The product was shipped to distribution centers for retail stores nationwide,V-068-2009,Class I,PMI Nutrition Bites & Bones Dog Food 50#. UPC 42869 00174,N/A,finished product samples positive for Salmonella Schwarzengrund,09/12/2008,N/A,10/18/2012,,N/A
Veterinary,No,,60669,Terminated,Cargill Inc Animal Nutrition Division,16 Feed Mill Rd,N/A,Lecompte,LA,	71346-9518,United States,N/A,N/A,"Kansas, Missouri, northeast Oklahoma, Arkansas, Louisiana, Mississippi, Tennessee, Western Kentucky, southeast Indiana, southern Illinois, Hawaii, Guam, the U.S. Virgin Islands and limited areas of Florida and California.  Additional countries:  Bahamas, and Chile.",V-068-2012,Class I,"RIVER RUN(R), 21% Protein Dog Food, Net Wt. 40 LB (18.14 kg) and 50 LB (22.67 kg)",91843 units,Dog food may have elevated levels of Aflatoxin,12/02/2011,N/A,01/17/2013,,N/A
Veterinary,No,,61820,Terminated,Diamond Pet Foods,103 N Olive St,PO Box 156,Meta,MO,	65058-0156,United States,Voluntary: Firm initiated,"Two or more of the following: Email, Fax, Letter, Press Release, Telephone, Visit",US/Nationwide; Canada; Belize; Costa Rica; Domincan Republic; Guatemala; Hong Kong; Jamaica; Jordan; Japan; Kuwait; Kazakhstan; Lebanon; Sri Lanka; Malasia; Nigeria; Philippines; Pakistan; Russia; Singapore; El Salvadore; Thailand; Trinidad and Tobago; Taiwan,V-068-2013,Class I,"Premium Edge Healthy Weight for Ideal Body Weight Control;   Healthy Weight for Overweight Dogs, Net Wt. 35 lbs., Premium Edge Pet Food, Rt B, Meta Missouri, 65058.    ","Approx. 842,000 lbs total (for all Premium Edge brand products).",Product was found to be contaminated with Salmonella.,05/04/2012,10/19/2012,05/27/2014,10/31/2012,Products (all sizes) with Best Before dates between 9-DEC-2012 and 7-APR-2013; Lot codes with a number '2' or '3' in the 9th position AND an 'X' in the 10th or 11th position.
Veterinary,No,,37690,Terminated,United Pet Group Inc,463 Ohio Pike,Suite 303,Cincinnati,OH,	45255,United States,N/A,N/A,Pet treats were distributed nationwide,V-069-2007,Class I,"Dingo brand CHICK'N JERKY for dogs, 3.5 ounce, 8 ounce and 100 gram packages",N/A,The treats have the potential to be contaminated with Salmonella.,03/30/2007,N/A,11/21/2011,,N/A
Veterinary,No,,49447,Terminated,"MARS Petcare US, Inc.",315 Cool Springs Boulevard,N/A,Franklin,TN,	37067,United States,N/A,N/A,The product was shipped to distribution centers for retail stores nationwide,V-069-2009,Class I,Red Flannel Prime Dog Food 25#. UPC 42869 00052,N/A,finished product samples positive for Salmonella Schwarzengrund,09/12/2008,N/A,10/18/2012,,N/A
Veterinary,No,,60669,Terminated,Cargill Inc Animal Nutrition Division,16 Feed Mill Rd,N/A,Lecompte,LA,	71346-9518,United States,N/A,N/A,"Kansas, Missouri, northeast Oklahoma, Arkansas, Louisiana, Mississippi, Tennessee, Western Kentucky, southeast Indiana, southern Illinois, Hawaii, Guam, the U.S. Virgin Islands and limited areas of Florida and California.  Additional countries:  Bahamas, and Chile.",V-069-2012,Class I,"PROFESSIONAL FORMULA, RIVER RUN(R), HI-NRG 24-20, Dog Food, Net Wt. 50 LB (22.67 kg)",28720 units,Dog food may have elevated levels of Aflatoxin,12/02/2011,N/A,01/17/2013,,N/A
Veterinary,No,,49447,Terminated,"MARS Petcare US, Inc.",315 Cool Springs Boulevard,N/A,Franklin,TN,	37067,United States,N/A,N/A,The product was shipped to distribution centers for retail stores nationwide,V-070-2009,Class I,Red Flannel Prime Dog Food 50#. UPC 42869 00053,N/A,finished product samples positive for Salmonella Schwarzengrund,09/12/2008,N/A,10/18/2012,,N/A
Veterinary,No,,60669,Terminated,Cargill Inc Animal Nutrition Division,16 Feed Mill Rd,N/A,Lecompte,LA,	71346-9518,United States,N/A,N/A,"Kansas, Missouri, northeast Oklahoma, Arkansas, Louisiana, Mississippi, Tennessee, Western Kentucky, southeast Indiana, southern Illinois, Hawaii, Guam, the U.S. Virgin Islands and limited areas of Florida and California.  Additional countries:  Bahamas, and Chile.",V-070-2012,Class I,"RIVER RUN(R), Hi-Pro No-Soy Dog Food, Net Wt. 40 LB (18.14 kg) and 50 LB (22.67 kg)",30702 units,Dog food may have elevated levels of Aflatoxin,12/02/2011,N/A,01/17/2013,,N/A
Veterinary,No,,49447,Terminated,"MARS Petcare US, Inc.",315 Cool Springs Boulevard,N/A,Franklin,TN,	37067,United States,N/A,N/A,The product was shipped to distribution centers for retail stores nationwide,V-071-2009,Class I,Red Flannel Adult Formula Dog Food 40#. UPC 42869 00054,N/A,finished product samples positive for Salmonella Schwarzengrund,09/12/2008,N/A,10/18/2012,,N/A
Veterinary,No,,60669,Terminated,Cargill Inc Animal Nutrition Division,16 Feed Mill Rd,N/A,Lecompte,LA,	71346-9518,United States,N/A,N/A,"Kansas, Missouri, northeast Oklahoma, Arkansas, Louisiana, Mississippi, Tennessee, Western Kentucky, southeast Indiana, southern Illinois, Hawaii, Guam, the U.S. Virgin Islands and limited areas of Florida and California.  Additional countries:  Bahamas, and Chile.",V-071-2012,Class I,"MARKSMAN(R), Dog Food, 28% Protein 18% Fat, Manufactured for Cargill, Inc., Minneapolis, MN, Net Wt. 40 LB (18.14 kg)",16288 units,Dog food may have elevated levels of Aflatoxin,12/02/2011,N/A,01/17/2013,,N/A
Veterinary,No,,49447,Terminated,"MARS Petcare US, Inc.",315 Cool Springs Boulevard,N/A,Franklin,TN,	37067,United States,N/A,N/A,The product was shipped to distribution centers for retail stores nationwide,V-072-2009,Class I,Red Flannel Adult Formula Dog Food 20#. UPC 42869 00055,N/A,finished product samples positive for Salmonella Schwarzengrund,09/12/2008,N/A,10/18/2012,,N/A
Veterinary,No,,60669,Terminated,Cargill Inc Animal Nutrition Division,16 Feed Mill Rd,N/A,Lecompte,LA,	71346-9518,United States,N/A,N/A,"Kansas, Missouri, northeast Oklahoma, Arkansas, Louisiana, Mississippi, Tennessee, Western Kentucky, southeast Indiana, southern Illinois, Hawaii, Guam, the U.S. Virgin Islands and limited areas of Florida and California.  Additional countries:  Bahamas, and Chile.",V-072-2012,Class I,"MARKSMAN(R), Dog Food, 24% Protein 20% Fat, Manufactured for Cargill, Inc., Minneapolis, MN, Net Wt. 40 LB (18.14 kg)",20466 units,Dog food may have elevated levels of Aflatoxin,12/02/2011,N/A,01/17/2013,,N/A
Veterinary,No,,60669,Terminated,Cargill Inc Animal Nutrition Division,16 Feed Mill Rd,N/A,Lecompte,LA,	71346-9518,United States,N/A,N/A,"Kansas, Missouri, northeast Oklahoma, Arkansas, Louisiana, Mississippi, Tennessee, Western Kentucky, southeast Indiana, southern Illinois, Hawaii, Guam, the U.S. Virgin Islands and limited areas of Florida and California.  Additional countries:  Bahamas, and Chile.",V-073-2012,Class I,"MARKSMAN(R), Dog Food, 20% Protein 10% Fat, Manufactured for Cargill, Inc., Minneapolis, MN, Net Wt. 40 LB (18.14 kg) and 50 LB (22.67 kg)",70018 units,Dog food may have elevated levels of Aflatoxin,12/02/2011,N/A,01/17/2013,,N/A
Veterinary,No,,61820,Terminated,Diamond Pet Foods,103 N Olive St,PO Box 156,Meta,MO,	65058-0156,United States,Voluntary: Firm initiated,"Two or more of the following: Email, Fax, Letter, Press Release, Telephone, Visit",US/Nationwide; Canada; Belize; Costa Rica; Domincan Republic; Guatemala; Hong Kong; Jamaica; Jordan; Japan; Kuwait; Kazakhstan; Lebanon; Sri Lanka; Malasia; Nigeria; Philippines; Pakistan; Russia; Singapore; El Salvadore; Thailand; Trinidad and Tobago; Taiwan,V-074-2013,Class I,"Kirkland Signature Adult Dog Chicken, Rice and Vegetables, Net Wt. 40 lbs, Distributed by: Costco, Wholesale Corporation, P.O. Box 35355, Seattle, WA 98124-1535.","Approx. 4,033,000 lbs total (for all Kirkland brand products).",Product was found to be contaminated with Salmonella.,05/04/2012,10/19/2012,05/27/2014,10/31/2012,Products (all sizes) with Best Before dates between 9-DEC-2012 and 7-APR-2013; Lot codes with a number '2' or '3' in the 9th position AND an 'X' in the 10th or 11th position.
Veterinary,No,,49447,Terminated,"MARS Petcare US, Inc.",315 Cool Springs Boulevard,N/A,Franklin,TN,	37067,United States,N/A,N/A,The product was shipped to distribution centers for retail stores nationwide,V-075-2009,Class I,Red Flannel Active Formula Dog Food 40#. UPC 42869 00063,N/A,finished product samples positive for Salmonella Schwarzengrund,09/12/2008,N/A,10/18/2012,,N/A
Veterinary,No,,61820,Terminated,Diamond Pet Foods,103 N Olive St,PO Box 156,Meta,MO,	65058-0156,United States,Voluntary: Firm initiated,"Two or more of the following: Email, Fax, Letter, Press Release, Telephone, Visit",US/Nationwide; Canada; Belize; Costa Rica; Domincan Republic; Guatemala; Hong Kong; Jamaica; Jordan; Japan; Kuwait; Kazakhstan; Lebanon; Sri Lanka; Malasia; Nigeria; Philippines; Pakistan; Russia; Singapore; El Salvadore; Thailand; Trinidad and Tobago; Taiwan,V-075-2013,Class I,"Kirkland Signature Mature Dog, Net Wt. 1.5 lbs, Distributed by: Costco, Wholesale Corporation, P.O. Box 35355, Seattle, WA 98124-1535.","Approx. 4,033,000 lbs total (for all Kirkland brand products).",Product was found to be contaminated with Salmonella.,05/04/2012,10/19/2012,05/27/2014,10/31/2012,Products (all sizes) with Best Before dates between 9-DEC-2012 and 7-APR-2013; Lot codes with a number '2' or '3' in the 9th position AND an 'X' in the 10th or 11th position.
Veterinary,No,,49447,Terminated,"MARS Petcare US, Inc.",315 Cool Springs Boulevard,N/A,Franklin,TN,	37067,United States,N/A,N/A,The product was shipped to distribution centers for retail stores nationwide,V-076-2009,Class I,Red Flannel Hi Pro Formula Dog Food 50#. UPC 42869 00065,N/A,finished product samples positive for Salmonella Schwarzengrund,09/12/2008,N/A,10/18/2012,,N/A
Veterinary,No,,61820,Terminated,Diamond Pet Foods,103 N Olive St,PO Box 156,Meta,MO,	65058-0156,United States,Voluntary: Firm initiated,"Two or more of the following: Email, Fax, Letter, Press Release, Telephone, Visit",US/Nationwide; Canada; Belize; Costa Rica; Domincan Republic; Guatemala; Hong Kong; Jamaica; Jordan; Japan; Kuwait; Kazakhstan; Lebanon; Sri Lanka; Malasia; Nigeria; Philippines; Pakistan; Russia; Singapore; El Salvadore; Thailand; Trinidad and Tobago; Taiwan,V-076-2013,Class I,"Kirkland Signature Adult Dog Lamb, Rice, and Vegetable, Net Wt. 40 lbs, Distributed by: Costco, Wholesale Corporation, P.O. Box 35355, Seattle, WA 98124-1535.","Approx. 4,033,000 lbs total (for all Kirkland brand products).",Product was found to be contaminated with Salmonella.,05/04/2012,10/19/2012,05/27/2014,10/31/2012,Products (all sizes) with Best Before dates between 9-DEC-2012 and 7-APR-2013; Lot codes with a number '2' or '3' in the 9th position AND an 'X' in the 10th or 11th position.
Veterinary,No,,49447,Terminated,"MARS Petcare US, Inc.",315 Cool Springs Boulevard,N/A,Franklin,TN,	37067,United States,N/A,N/A,The product was shipped to distribution centers for retail stores nationwide,V-077-2009,Class I,Red Flannel Canine Select Dog Food 40#. UPC 42869 00067,N/A,finished product samples positive for Salmonella Schwarzengrund,09/12/2008,N/A,10/18/2012,,N/A
Veterinary,No,,61820,Terminated,Diamond Pet Foods,103 N Olive St,PO Box 156,Meta,MO,	65058-0156,United States,Voluntary: Firm initiated,"Two or more of the following: Email, Fax, Letter, Press Release, Telephone, Visit",US/Nationwide; Canada; Belize; Costa Rica; Domincan Republic; Guatemala; Hong Kong; Jamaica; Jordan; Japan; Kuwait; Kazakhstan; Lebanon; Sri Lanka; Malasia; Nigeria; Philippines; Pakistan; Russia; Singapore; El Salvadore; Thailand; Trinidad and Tobago; Taiwan,V-077-2013,Class I,"Kirkland Signature Healthy Weight Dog, Net Wt. 40 lbs, Distributed by: Costco, Wholesale Corporation, P.O. Box 35355, Seattle, WA 98124-1535.","Approx. 4,033,000 lbs total (for all Kirkland brand products).",Product was found to be contaminated with Salmonella.,05/04/2012,10/19/2012,05/27/2014,10/31/2012,Products (all sizes) with Best Before dates between 9-DEC-2012 and 7-APR-2013; Lot codes with a number '2' or '3' in the 9th position AND an 'X' in the 10th or 11th position.
Veterinary,No,,49447,Terminated,"MARS Petcare US, Inc.",315 Cool Springs Boulevard,N/A,Franklin,TN,	37067,United States,N/A,N/A,The product was shipped to distribution centers for retail stores nationwide,V-078-2009,Class I,Red Flannel Canine Select Dog Food 20#. UPC 42869 00068,N/A,finished product samples positive for Salmonella Schwarzengrund,09/12/2008,N/A,10/18/2012,,N/A
Veterinary,No,,61820,Terminated,Diamond Pet Foods,103 N Olive St,PO Box 156,Meta,MO,	65058-0156,United States,Voluntary: Firm initiated,"Two or more of the following: Email, Fax, Letter, Press Release, Telephone, Visit",US/Nationwide; Canada; Belize; Costa Rica; Domincan Republic; Guatemala; Hong Kong; Jamaica; Jordan; Japan; Kuwait; Kazakhstan; Lebanon; Sri Lanka; Malasia; Nigeria; Philippines; Pakistan; Russia; Singapore; El Salvadore; Thailand; Trinidad and Tobago; Taiwan,V-078-2013,Class I,"Kirkland Signature Small Dog, Net Wt. 20 lbs, Distributed by: Costco, Wholesale Corporation, P.O. Box 35355, Seattle, WA 98124-1535.","Approx. 4,033,000 lbs total (for all Kirkland brand products).",Product was found to be contaminated with Salmonella.,05/04/2012,10/19/2012,05/27/2014,10/31/2012,Products (all sizes) with Best Before dates between 9-DEC-2012 and 7-APR-2013; Lot codes with a number '2' or '3' in the 9th position AND an 'X' in the 10th or 11th position.
Veterinary,No,,68403,Terminated,Pet Center Inc,4105 W Jefferson Blvd,N/A,Los Angeles,CA,	90016-4124,United States,Voluntary: Firm initiated,Press Release,"US: CA, CO, WA, WI.",V-078-2016,Class I,"PCI Brand Lamb Crunchys Dog Treats, 3 oz.    Packaged in plastic bag/pouch with zip top.   Product labeling in English and Spanish, reads in part:""***100% Natural Lamb Crunchys***PCI BRAND***MADE IN U.S.A  NET WEIGHT 3 oz(85g)***PET CENTER, INC. 1-800-390-0575 www.petcenterinc.com***info@petcenterinc.com***"".",672 bags,"Pet Center, Inc of Los Angeles, CA. is voluntarily recalling its 3 oz bag of Lamb Crunchy s dog treats (LAM-003) (UPC# 727348200038) with date code 122015 product of USA, because it has the potential to be contaminated with Salmonella.",05/28/2014,11/25/2015,12/23/2015,12/02/2015,Item Number LAM-003. UPC# 727348200038). Date Code 122015
Veterinary,No,,49447,Terminated,"MARS Petcare US, Inc.",315 Cool Springs Boulevard,N/A,Franklin,TN,	37067,United States,N/A,N/A,The product was shipped to distribution centers for retail stores nationwide,V-079-2009,Class I,Members Mark Complete Nutrition Premium Dog Food 50#. UPC 05388 67055,N/A,finished product samples positive for Salmonella Schwarzengrund,09/12/2008,N/A,10/18/2012,,N/A
Veterinary,No,,49447,Terminated,"MARS Petcare US, Inc.",315 Cool Springs Boulevard,N/A,Franklin,TN,	37067,United States,N/A,N/A,The product was shipped to distribution centers for retail stores nationwide,V-080-2009,Class I,Members Mark Crunchy Bites & Savory Bones Adult Dog Food 50#. UPC 05388 67309,N/A,finished product samples positive for Salmonella Schwarzengrund,09/12/2008,N/A,10/18/2012,,N/A
Veterinary,No,,37851,Terminated,American Nutrition Incorporated,2813 Wall Avenue,N/A,Ogden,UT,	84401-3529,United States,N/A,N/A,Nationwide. No foreign distribution.,V-081-2007,Class I,"Blue Buffalo brand canned dog food, 12.5 oz., Best by dates of Aug 21 09 thru Apr 15 10. Flavors: Beef Dinner, Chicken Dinner, Hearty Venison Dinner,  Lamb Dinner, Salmon Dinner, Turkey Meatloaf Dinner .","798,000 cans","Pet food may be contaminated with melamine, which was contained in the imported Rice Protein Concentrate ingredient.",04/26/2007,N/A,04/11/2012,,N/A
Veterinary,No,,49447,Terminated,"MARS Petcare US, Inc.",315 Cool Springs Boulevard,N/A,Franklin,TN,	37067,United States,N/A,N/A,The product was shipped to distribution centers for retail stores nationwide,V-081-2009,Class I,Members Mark High Performance Premium Dog Food 50#. UPC 81131 75479,N/A,finished product samples positive for Salmonella Schwarzengrund,09/12/2008,N/A,10/18/2012,,N/A
Veterinary,No,,37851,Terminated,American Nutrition Incorporated,2813 Wall Avenue,N/A,Ogden,UT,	84401-3529,United States,N/A,N/A,Nationwide. No foreign distribution.,V-082-2007,Class I,"Blue Buffalo Health Bars Baked With Apples & Yogurt Dog Treats, 20 oz., 12 bags per case.","26,880 bags","Pet food may be contaminated with melamine, which was contained in the imported Rice Protein Concentrate ingredient.",04/26/2007,N/A,04/11/2012,,N/A
Veterinary,No,,68297,Terminated,BRAVO! LLC,349 Wetherell St.,N/A,Manchester,CT,	06040,United States,Voluntary: Firm initiated,Press Release,"Product was distributed in the following states: AZ, CA, CO, CT, FL, IL, IN, MA, MD, MN, MO, NH, NM, NY, OH, PA, RI, SC, TX, WA",V-082-2016,Class I,"RAW FOOD DIET BRAVO! BEEF BLEND FOR DOGS AND CATS (Made in New Zealand); 2 lb., 5 lb., and 10 lb. tubes.  Product Numbers: 52-102, 52-105, 52-110",N/A,Potential for contamination with Listeria monocytogenes,05/14/2014,11/25/2015,06/15/2016,12/02/2015,Best Used By Date: 10/10/15 or earlier
Veterinary,No,,37851,Terminated,American Nutrition Incorporated,2813 Wall Avenue,N/A,Ogden,UT,	84401-3529,United States,N/A,N/A,Nationwide. No foreign distribution.,V-084-2007,Class I,"Canine Caviar brand canned dog food, Flavors: Gourmet Beaver (5.5oz and 13.2oz) and Gourmet Turkey (13.2oz).","67,200 cans","Pet food may be contaminated with melamine, which was contained in the imported Rice Protein Concentrate ingredient.",04/26/2007,N/A,04/11/2012,,N/A
Veterinary,No,,49447,Terminated,"MARS Petcare US, Inc.",315 Cool Springs Boulevard,N/A,Franklin,TN,	37067,United States,N/A,N/A,The product was shipped to distribution centers for retail stores nationwide,V-084-2009,Class I,Natural Dog Food (Sam's Club) 25#. UPC 81131 89884,N/A,finished product samples positive for Salmonella Schwarzengrund,09/12/2008,N/A,10/18/2012,,N/A
Veterinary,No,,68297,Terminated,BRAVO! LLC,349 Wetherell St.,N/A,Manchester,CT,	06040,United States,Voluntary: Firm initiated,Press Release,"Product was distributed in the following states: AZ, CA, CO, CT, FL, IL, IN, MA, MD, MN, MO, NH, NM, NY, OH, PA, RI, SC, TX, WA",V-084-2016,Class I,"RAW FOOD DIET BRAVO! LAMB BLEND FOR DOGS AND CATS (Made in New Zealand); All 2lb., 5 lb., and 10 lb. tubes; Product numbers 42-102, 42-105, 42-110  ",N/A,Potential for contamination with Listeria monocytogenes,05/14/2014,11/25/2015,06/15/2016,12/02/2015,Best Used By Date: 10/10/15 or earlier
Veterinary,No,,37851,Terminated,American Nutrition Incorporated,2813 Wall Avenue,N/A,Ogden,UT,	84401-3529,United States,N/A,N/A,Nationwide. No foreign distribution.,V-085-2007,Class I,"Mulligan Stew brand canned dog food, 13.2 oz. Flavors: Chicken and Turkey","33,600 cans","Pet food may be contaminated with melamine, which was contained in the imported Rice Protein Concentrate ingredient.",04/26/2007,N/A,04/11/2012,,N/A
Veterinary,No,,68297,Terminated,BRAVO! LLC,349 Wetherell St.,N/A,Manchester,CT,	06040,United States,Voluntary: Firm initiated,Press Release,"Product was distributed in the following states: AZ, CA, CO, CT, FL, IL, IN, MA, MD, MN, MO, NH, NM, NY, OH, PA, RI, SC, TX, WA",V-085-2016,Class I,RAW FOOD DIET BRAVO! LAMB BASIC FOR DOGS AND CATS (Made in New Zealand); 2 lb. tubes; Product numbers 42-202  ,N/A,Potential for contamination with Listeria monocytogenes,05/14/2014,11/25/2015,06/15/2016,12/02/2015,Best Used By Date: 10/10/15 or earlier
Veterinary,No,,37851,Terminated,American Nutrition Incorporated,2813 Wall Avenue,N/A,Ogden,UT,	84401-3529,United States,N/A,N/A,Nationwide. No foreign distribution.,V-086-2007,Class I,"Natural Balance canned dog food, 13 oz., Flavors: Beef Formula, Chicken Formula, Lamb Formula, Venison and Brown Rice.","5,859,120 cans","Pet food may be contaminated with melamine, which was contained in the imported Rice Protein Concentrate ingredient.",04/26/2007,N/A,04/11/2012,,N/A
Veterinary,No,,68297,Terminated,BRAVO! LLC,349 Wetherell St.,N/A,Manchester,CT,	06040,United States,Voluntary: Firm initiated,Press Release,"Product was distributed in the following states: AZ, CA, CO, CT, FL, IL, IN, MA, MD, MN, MO, NH, NM, NY, OH, PA, RI, SC, TX, WA",V-086-2016,Class I,RAW FOOD DIET BRAVO! BEEF & BEEF HEART FOR DOGS AND CATS (Made in New Zealand); 5 lb. tubes; Product numbers 53-130  ,N/A,Potential for contamination with Listeria monocytogenes,05/14/2014,11/25/2015,06/15/2016,12/02/2015,Best Used By Date: 10/10/15 or earlier
Veterinary,No,,37851,Terminated,American Nutrition Incorporated,2813 Wall Avenue,N/A,Ogden,UT,	84401-3529,United States,N/A,N/A,Nationwide. No foreign distribution.,V-087-2007,Class I,"Natural Balance Venison & Brown Rice Formula Baked Dog Treats, 14 oz., 12 bags per case.","84,780 bags","Pet food may be contaminated with melamine, which was contained in the imported Rice Protein Concentrate ingredient.",04/26/2007,N/A,04/11/2012,,N/A
Veterinary,No,,61820,Terminated,Diamond Pet Foods,103 N Olive St,PO Box 156,Meta,MO,	65058-0156,United States,Voluntary: Firm initiated,"Two or more of the following: Email, Fax, Letter, Press Release, Telephone, Visit",US/Nationwide; Canada; Belize; Costa Rica; Domincan Republic; Guatemala; Hong Kong; Jamaica; Jordan; Japan; Kuwait; Kazakhstan; Lebanon; Sri Lanka; Malasia; Nigeria; Philippines; Pakistan; Russia; Singapore; El Salvadore; Thailand; Trinidad and Tobago; Taiwan,V-087-2013,Class I,"Chicken Soup for the Dog Lover's Soul Senior Dog, Net Wt. 35 lbs. Made by Diamond Pet Food, Meta, Missouri 65058.","Approx. 2,809,000 lbs total (for all Chicken Soup brand products).",Product was found to be contaminated with Salmonella.,05/04/2012,10/19/2012,05/27/2014,10/31/2012,Products (all sizes) with Best Before dates between 9-DEC-2012 and 7-APR-2013; Lot codes with a number '2' or '3' in the 9th position AND an 'X' in the 10th or 11th position.
Veterinary,No,,68297,Terminated,BRAVO! LLC,349 Wetherell St.,N/A,Manchester,CT,	06040,United States,Voluntary: Firm initiated,Press Release,"Product was distributed in the following states: AZ, CA, CO, CT, FL, IL, IN, MA, MD, MN, MO, NH, NM, NY, OH, PA, RI, SC, TX, WA",V-087-2016,Class I,"RAW FOOD DIET BRAVO! 100% PURE & NATURAL PREMIUM GRASS-FED BUFFALO FOR DOGS AND CATS (Manufactured by: Bravo! Manchester, CT); NET WT 2LBS (32 OZ) .91KG (Tubes); Product Number:  72-222  ",N/A,Potential for contamination with Listeria monocytogenes,05/14/2014,11/25/2015,06/15/2016,12/02/2015,Best Used By Date:  1/7/16
Veterinary,No,,61820,Terminated,Diamond Pet Foods,103 N Olive St,PO Box 156,Meta,MO,	65058-0156,United States,Voluntary: Firm initiated,"Two or more of the following: Email, Fax, Letter, Press Release, Telephone, Visit",US/Nationwide; Canada; Belize; Costa Rica; Domincan Republic; Guatemala; Hong Kong; Jamaica; Jordan; Japan; Kuwait; Kazakhstan; Lebanon; Sri Lanka; Malasia; Nigeria; Philippines; Pakistan; Russia; Singapore; El Salvadore; Thailand; Trinidad and Tobago; Taiwan,V-088-2013,Class I,"Chicken Soup for the Dog Lover's Soul Adult Dog Light, Net Wt. 35 lbs. Made by Diamond Pet Food, Meta, Missouri 65058.","Approx. 2,809,000 lbs total (for all Chicken Soup brand products).",Product was found to be contaminated with Salmonella.,05/04/2012,10/19/2012,05/27/2014,10/31/2012,Products (all sizes) with Best Before dates between 9-DEC-2012 and 7-APR-2013; Lot codes with a number '2' or '3' in the 9th position AND an 'X' in the 10th or 11th position.
Veterinary,No,,37851,Terminated,American Nutrition Incorporated,2813 Wall Avenue,N/A,Ogden,UT,	84401-3529,United States,N/A,N/A,Nationwide. No foreign distribution.,V-089-2007,Class I,"Harmony Farms canned dog food, 12.5 oz., Flavors: Beef, Chicken, Lamb, Salmon.","235,200 cans","Pet food may be contaminated with melamine, which was contained in the imported Rice Protein Concentrate ingredient.",04/26/2007,N/A,04/11/2012,,N/A
Veterinary,No,,61820,Terminated,Diamond Pet Foods,103 N Olive St,PO Box 156,Meta,MO,	65058-0156,United States,Voluntary: Firm initiated,"Two or more of the following: Email, Fax, Letter, Press Release, Telephone, Visit",US/Nationwide; Canada; Belize; Costa Rica; Domincan Republic; Guatemala; Hong Kong; Jamaica; Jordan; Japan; Kuwait; Kazakhstan; Lebanon; Sri Lanka; Malasia; Nigeria; Philippines; Pakistan; Russia; Singapore; El Salvadore; Thailand; Trinidad and Tobago; Taiwan,V-089-2013,Class I,"Chicken Soup for the Dog Lover's Soul Adult Dog, Net Wt. 35 lbs. Made by Diamond Pet Food, Meta, Missouri 65058.","Approx. 2,809,000 lbs total (for all Chicken Soup brand products).",Product was found to be contaminated with Salmonella.,05/04/2012,10/19/2012,05/27/2014,10/31/2012,Products (all sizes) with Best Before dates between 9-DEC-2012 and 7-APR-2013; Lot codes with a number '2' or '3' in the 9th position AND an 'X' in the 10th or 11th position.
Veterinary,No,,68297,Terminated,BRAVO! LLC,349 Wetherell St.,N/A,Manchester,CT,	06040,United States,Voluntary: Firm initiated,Press Release,"Product was distributed in the following states: AZ, CA, CO, CT, FL, IL, IN, MA, MD, MN, MO, NH, NM, NY, OH, PA, RI, SC, TX, WA",V-089-2016,Class I,"RAW FOOD DIET BRAVO! LAMB BLEND FOR DOGS AND CATS (Manufactured by: Bravo! Manchester, CT); 5 LBS (80 OZ) 2.3KG, Chub (tube); Product Number:  42-105  ",N/A,Potential for contamination with Listeria monocytogenes,05/14/2014,11/25/2015,06/15/2016,12/02/2015,Best Used By Date:  2/11/16
Veterinary,No,,61820,Terminated,Diamond Pet Foods,103 N Olive St,PO Box 156,Meta,MO,	65058-0156,United States,Voluntary: Firm initiated,"Two or more of the following: Email, Fax, Letter, Press Release, Telephone, Visit",US/Nationwide; Canada; Belize; Costa Rica; Domincan Republic; Guatemala; Hong Kong; Jamaica; Jordan; Japan; Kuwait; Kazakhstan; Lebanon; Sri Lanka; Malasia; Nigeria; Philippines; Pakistan; Russia; Singapore; El Salvadore; Thailand; Trinidad and Tobago; Taiwan,V-090-2013,Class I,"Chicken Soup for the Dog Lover's Soul Large Breed Adult Dog, Net Wt. 35 lbs. Made by Diamond Pet Food, Meta, Missouri 65058.","Approx. 2,809,000 lbs total (for all Chicken Soup brand products).",Product was found to be contaminated with Salmonella.,05/04/2012,10/19/2012,05/27/2014,10/31/2012,Products (all sizes) with Best Before dates between 9-DEC-2012 and 7-APR-2013; Lot codes with a number '2' or '3' in the 9th position AND an 'X' in the 10th or 11th position.
Veterinary,No,,37851,Terminated,American Nutrition Incorporated,2813 Wall Avenue,N/A,Ogden,UT,	84401-3529,United States,N/A,N/A,Nationwide. No foreign distribution.,V-091-2007,Class I,"Kirkland Signature Premium Dog 2-Flavor Variety Pack, 14 oz (24-pack).","6,540,240 cans","Pet food may be contaminated with melamine, which was contained in the imported Rice Protein Concentrate ingredient.",04/26/2007,N/A,04/11/2012,,N/A
Veterinary,No,,49447,Terminated,"MARS Petcare US, Inc.",315 Cool Springs Boulevard,N/A,Franklin,TN,	37067,United States,N/A,N/A,The product was shipped to distribution centers for retail stores nationwide,V-091-2009,Class I,Retriever Hi Protein Dog Food 25#. UPC 49394 00002,N/A,finished product samples positive for Salmonella Schwarzengrund,09/12/2008,N/A,10/18/2012,,N/A
Veterinary,No,,37851,Terminated,American Nutrition Incorporated,2813 Wall Avenue,N/A,Ogden,UT,	84401-3529,United States,N/A,N/A,Nationwide. No foreign distribution.,V-092-2007,Class I,"Diamond Lamb and Rice canned dog food, 13 oz.","78,600 cans","Pet food may be contaminated with melamine, which was contained in the imported Rice Protein Concentrate ingredient.",04/26/2007,N/A,04/11/2012,,N/A
Veterinary,No,,49447,Terminated,"MARS Petcare US, Inc.",315 Cool Springs Boulevard,N/A,Franklin,TN,	37067,United States,N/A,N/A,The product was shipped to distribution centers for retail stores nationwide,V-092-2009,Class I,Retriever Hi Protein Dog Food 50#. UPC 49394 00003,N/A,finished product samples positive for Salmonella Schwarzengrund,09/12/2008,N/A,10/18/2012,,N/A
Veterinary,No,,37851,Terminated,American Nutrition Incorporated,2813 Wall Avenue,N/A,Ogden,UT,	84401-3529,United States,N/A,N/A,Nationwide. No foreign distribution.,V-093-2007,Class I,"Diamond Chicken Soup for the Pet Lover's Soul Puppy Formula, canned dog food, 13 oz.","445,200 cans","Pet food may be contaminated with melamine, which was contained in the imported Rice Protein Concentrate ingredient.",04/26/2007,N/A,04/11/2012,,N/A
Veterinary,No,,49447,Terminated,"MARS Petcare US, Inc.",315 Cool Springs Boulevard,N/A,Franklin,TN,	37067,United States,N/A,N/A,The product was shipped to distribution centers for retail stores nationwide,V-093-2009,Class I,Retriever Hi Protein Dog Food 8#. UPC 79818 96755,N/A,finished product samples positive for Salmonella Schwarzengrund,09/12/2008,N/A,10/18/2012,,N/A
Veterinary,No,,49447,Terminated,"MARS Petcare US, Inc.",315 Cool Springs Boulevard,N/A,Franklin,TN,	37067,United States,N/A,N/A,The product was shipped to distribution centers for retail stores nationwide,V-094-2009,Class I,Retriever Puppy Blend Dog Food 20#. UPC 49394 00004,N/A,finished product samples positive for Salmonella Schwarzengrund,09/12/2008,N/A,10/18/2012,,N/A
Veterinary,No,,37704,Terminated,Delmonte Foods,PO Box 57,N/A,Pittsburgh,PA,	15230-0057,United States,N/A,N/A,"The products were shipped to distribution centers  AL, AR, AZ, CA, CO, CT, DE, FL, GA, IA, IL, IN, KS, KY, LA, MA,MD, MI, MN, MO, MS, NC, NE, NH, NJ, NY, OH, OK, OR, PA, SC, TN, TX, UT, VA, VT, WA, WI, and WV. The products were further distributed to retail stores nationwide.",V-095-2007,Class I,Jerky Treats Beef Flavor Dog Snacks. The product is sold in 3.75 oz bags and shipped in cases containing 12 bags; sold in 7.5 oz bags shipped in cases containing 6 bags & 12 bags; sold in 11.25 oz bags shipped in cases containing 8 bags; sold in 15 oz bags (which is buy one get one free of the 7.5 oz size) shipped in cases containing 12 bags; sold in 170 g bags shipped in cases containing 12 bags (Canadian only); and sold in 567 g canisters shipped in cases containing 8 canisters (Canadian only).,"19,700 cases",wheat gluten used to manufacture products tested positive for melamine by FDA,03/31/2007,N/A,09/25/2014,,N/A
Veterinary,No,,49447,Terminated,"MARS Petcare US, Inc.",315 Cool Springs Boulevard,N/A,Franklin,TN,	37067,United States,N/A,N/A,The product was shipped to distribution centers for retail stores nationwide,V-095-2009,Class I,Retriever Puppy Blend Dog Food 8#. UPC 79818 96758,N/A,finished product samples positive for Salmonella Schwarzengrund,09/12/2008,N/A,10/18/2012,,N/A
Veterinary,No,,37704,Terminated,Delmonte Foods,PO Box 57,N/A,Pittsburgh,PA,	15230-0057,United States,N/A,N/A,"The products were shipped to distribution centers  AL, AR, AZ, CA, CO, CT, DE, FL, GA, IA, IL, IN, KS, KY, LA, MA,MD, MI, MN, MO, MS, NC, NE, NH, NJ, NY, OH, OK, OR, PA, SC, TN, TX, UT, VA, VT, WA, WI, and WV. The products were further distributed to retail stores nationwide.",V-096-2007,Class I,Gravy Train Beef Sticks Dog Snacks. The product is sold in 4.5 oz bags and shipped in cases containing 12 bags.,4013 cases,wheat gluten used to manufacture products tested positive for melamine by FDA,03/31/2007,N/A,09/25/2014,,N/A
Veterinary,No,,49447,Terminated,"MARS Petcare US, Inc.",315 Cool Springs Boulevard,N/A,Franklin,TN,	37067,United States,N/A,N/A,The product was shipped to distribution centers for retail stores nationwide,V-096-2009,Class I,Retriever Puppy Blend Dog Food 40#. UPC 79818 96706,N/A,finished product samples positive for Salmonella Schwarzengrund,09/12/2008,N/A,10/18/2012,,N/A
Veterinary,No,,32307,Completed,"T.W. Enterprises, INC.","7056 Portal Way #25, Bldg 0-3",N/A,Ferndale,Washington,	98248,United States,N/A,N/A,nationwide and Canada to retail pet stores and distributors.,V-096-5,Class I,"Salmon Snackers 100% Salmon, Net Wt. 1.8 oz. packages.  Product is packaged under two labels: a) Treats for Dogs, b) Treats for Cats.    T.W. Enterprises, Ferndale, WA.  Ingredients: Salmon, Vitamin E.",N/A,Products contaminated with Salmonella species,06/08/2005,N/A,N/A,,N/A
Veterinary,No,,49447,Terminated,"MARS Petcare US, Inc.",315 Cool Springs Boulevard,N/A,Franklin,TN,	37067,United States,N/A,N/A,The product was shipped to distribution centers for retail stores nationwide,V-097-2009,Class I,Retriever Mini Chunk Dog Food 25#. UPC 49394 00006,N/A,finished product samples positive for Salmonella Schwarzengrund,09/12/2008,N/A,10/18/2012,,N/A
Veterinary,No,,32307,Completed,"T.W. Enterprises, INC.","7056 Portal Way #25, Bldg 0-3",N/A,Ferndale,Washington,	98248,United States,N/A,N/A,nationwide and Canada to retail pet stores and distributors.,V-097-5,Class I,"Shrimp Snackers 100% Shrimp, Net Wt. 1.0 oz. packages.  Product is packaged under two labels: a) Treats for Dogs, b) Treats for Cats.    T.W. Enterprises, Ferndale, WA.  Ingredients: Shrimp  ",N/A,Products contaminated with Salmonella species,06/08/2005,N/A,N/A,,N/A
Veterinary,No,,37704,Terminated,Delmonte Foods,PO Box 57,N/A,Pittsburgh,PA,	15230-0057,United States,N/A,N/A,"The products were shipped to distribution centers  AL, AR, AZ, CA, CO, CT, DE, FL, GA, IA, IL, IN, KS, KY, LA, MA,MD, MI, MN, MO, MS, NC, NE, NH, NJ, NY, OH, OK, OR, PA, SC, TN, TX, UT, VA, VT, WA, WI, and WV. The products were further distributed to retail stores nationwide.",V-098-2007,Class I,Ol'' Roy Beef Flavor Jerky Strips Dog Treats. The product is sold in 6 oz bags and shipped in cases containing 12 bags; sold in 26 oz canisters and shipped in cases containing 6 canisters; and sold in 30 oz canisters and shipped in cases containing 6 canisters.,"22,478 cases",wheat gluten used to manufacture products tested positive for melamine by FDA,03/31/2007,N/A,09/25/2014,,N/A
Veterinary,No,,49447,Terminated,"MARS Petcare US, Inc.",315 Cool Springs Boulevard,N/A,Franklin,TN,	37067,United States,N/A,N/A,The product was shipped to distribution centers for retail stores nationwide,V-098-2009,Class I,Retriever Mini Chunk Dog Food 50#. UPC 49395 00005,N/A,finished product samples positive for Salmonella Schwarzengrund,09/12/2008,N/A,10/18/2012,,N/A
Veterinary,No,,32307,Completed,"T.W. Enterprises, INC.","7056 Portal Way #25, Bldg 0-3",N/A,Ferndale,Washington,	98248,United States,N/A,N/A,nationwide and Canada to retail pet stores and distributors.,V-098-5,Class I,"Healthy K9 100% Natural Beef Jerky  Dog Treats, 70 g packages, Aron Pet Food  Abbotsford, BC V2T 6X4 Made in CANADA   (This product is made from pizzle root).",N/A,Products contaminated with Salmonella species,06/08/2005,N/A,N/A,,N/A
Veterinary,No,,37704,Terminated,Delmonte Foods,PO Box 57,N/A,Pittsburgh,PA,	15230-0057,United States,N/A,N/A,"The products were shipped to distribution centers  AL, AR, AZ, CA, CO, CT, DE, FL, GA, IA, IL, IN, KS, KY, LA, MA,MD, MI, MN, MO, MS, NC, NE, NH, NJ, NY, OH, OK, OR, PA, SC, TN, TX, UT, VA, VT, WA, WI, and WV. The products were further distributed to retail stores nationwide.",V-099-2007,Class I,Ol'' Roy Beef Flavor Snack Sticks Dog Treats. The product is sold in 26 oz canisters and shipped in cases containing 6 canisters; and sold in 30 oz canisters and shipped in cases containing 6 canisters.,"19,947 cases",wheat gluten used to manufacture products tested positive for melamine by FDA,03/31/2007,N/A,09/25/2014,,N/A
Veterinary,No,,49447,Terminated,"MARS Petcare US, Inc.",315 Cool Springs Boulevard,N/A,Franklin,TN,	37067,United States,N/A,N/A,The product was shipped to distribution centers for retail stores nationwide,V-099-2009,Class I,Retriever Mini Chunk Dog Food 8#. UPC 79818 96754,N/A,finished product samples positive for Salmonella Schwarzengrund,09/12/2008,N/A,10/18/2012,,N/A
Veterinary,No,,32307,Completed,"T.W. Enterprises, INC.","7056 Portal Way #25, Bldg 0-3",N/A,Ferndale,Washington,	98248,United States,N/A,N/A,nationwide and Canada to retail pet stores and distributors.,V-099-5,Class I,"Healthy K9 Beef 100% Natural Beef Heart Dog Treats, 70 g packages,  Aron Pet Food Abbotsford, BC V2T 6X4 Made in CANADA",N/A,Products contaminated with Salmonella species,06/08/2005,N/A,N/A,,N/A
Veterinary,No,,37704,Terminated,Delmonte Foods,PO Box 57,N/A,Pittsburgh,PA,	15230-0057,United States,N/A,N/A,"The products were shipped to distribution centers  AL, AR, AZ, CA, CO, CT, DE, FL, GA, IA, IL, IN, KS, KY, LA, MA,MD, MI, MN, MO, MS, NC, NE, NH, NJ, NY, OH, OK, OR, PA, SC, TN, TX, UT, VA, VT, WA, WI, and WV. The products were further distributed to retail stores nationwide.",V-100-2007,Class I,Dollar General Beef Flavored Jerky Strips Dog Treats. The product is sold in 3 oz bags and shipped in cases containing 12 bags.,6640 cases,wheat gluten used to manufacture products tested positive for melamine by FDA,03/31/2007,N/A,09/25/2014,,N/A
Veterinary,No,,49447,Terminated,"MARS Petcare US, Inc.",315 Cool Springs Boulevard,N/A,Franklin,TN,	37067,United States,N/A,N/A,The product was shipped to distribution centers for retail stores nationwide,V-100-2009,Class I,Retriever Bites & Bones Dog Food 50#. UPC 49394 05666,N/A,finished product samples positive for Salmonella Schwarzengrund,09/12/2008,N/A,10/18/2012,,N/A
Veterinary,No,,37704,Terminated,Delmonte Foods,PO Box 57,N/A,Pittsburgh,PA,	15230-0057,United States,N/A,N/A,"The products were shipped to distribution centers  AL, AR, AZ, CA, CO, CT, DE, FL, GA, IA, IL, IN, KS, KY, LA, MA,MD, MI, MN, MO, MS, NC, NE, NH, NJ, NY, OH, OK, OR, PA, SC, TN, TX, UT, VA, VT, WA, WI, and WV. The products were further distributed to retail stores nationwide.",V-101-2007,Class I,Dollar General Beef Flavored Beef Sticks Dog Treats. The product is sold in 4.5 oz bags and shipped in cases containing 12 bags,4671 cases,wheat gluten used to manufacture products tested positive for melamine by FDA,03/31/2007,N/A,09/25/2014,,N/A
Veterinary,No,,49447,Terminated,"MARS Petcare US, Inc.",315 Cool Springs Boulevard,N/A,Franklin,TN,	37067,United States,N/A,N/A,The product was shipped to distribution centers for retail stores nationwide,V-101-2009,Class I,Retriever Bites & Bones Dog Food 20#. UPC 79818 96634,N/A,finished product samples positive for Salmonella Schwarzengrund,09/12/2008,N/A,10/18/2012,,N/A
Veterinary,No,,56770,Terminated,Tejas Industries Inc.,1977 E Us Highway 60,N/A,Hereford,TX,	79045-3631,United States,N/A,N/A,"Nationwide, and Canada",V-101-2011,Class I,"Merrick Beef Filet Squares and Merrick Texas Hold 'Ems, Dog Treats, 10 oz., Merrick Pet Care, P O Box 9800, Amarillo TX 79101, UPC 2280860016","6,856 cases, 12 bags per case",Product has the potential to contain Salmonella.,08/04/2010,N/A,03/22/2011,,N/A
Veterinary,No,,32307,Completed,"T.W. Enterprises, INC.","7056 Portal Way #25, Bldg 0-3",N/A,Ferndale,Washington,	98248,United States,N/A,N/A,nationwide and Canada to retail pet stores and distributors.,V-101-5,Class I,"HEALTHY K9 100% NATURAL BEEF LIVER DOG TREATS  70g  Made in CANADA   Aron Pet Food Abbotsford, BC V3T 6X4    also sold in bulk cases labeled HEALTHY K9 BEEF LIVER ONE POUND NET",N/A,Products contaminated with Salmonella species,06/08/2005,N/A,N/A,,N/A
Veterinary,No,,49447,Terminated,"MARS Petcare US, Inc.",315 Cool Springs Boulevard,N/A,Franklin,TN,	37067,United States,N/A,N/A,The product was shipped to distribution centers for retail stores nationwide,V-102-2009,Class I,Retriever Bites & Bones Dog Food 8#. UPC 79818 96757,N/A,finished product samples positive for Salmonella Schwarzengrund,09/12/2008,N/A,10/18/2012,,N/A
Veterinary,No,,32307,Completed,"T.W. Enterprises, INC.","7056 Portal Way #25, Bldg 0-3",N/A,Ferndale,Washington,	98248,United States,N/A,N/A,nationwide and Canada to retail pet stores and distributors.,V-102-5,Class I,"HEALTHY K9 100% NATURAL VEAL CHEW DOG TREATS  5x5''  Made in CANADA  Aron Pet Food Abbotsford, BC V2T 6X4",N/A,Products contaminated with Salmonella species,06/08/2005,N/A,N/A,,N/A
Veterinary,No,,49447,Terminated,"MARS Petcare US, Inc.",315 Cool Springs Boulevard,N/A,Franklin,TN,	37067,United States,N/A,N/A,The product was shipped to distribution centers for retail stores nationwide,V-103-2009,Class I,Retriever Gravy Blend Dog Food 50#. UPC 49394 05665,N/A,finished product samples positive for Salmonella Schwarzengrund,09/12/2008,N/A,10/18/2012,,N/A
Veterinary,No,,37611,Terminated,Menu Foods Midwest Corp,1400 E Logan Ave,PO Box 1046,Emporia,KS,	66801-1046,United States,N/A,N/A,Affected product was shipped to direct accounts in all 50 states and Canada and Mexico.,V-1036-2007,Class I,"SHEP DOG   DISTRIBUTED BY ALDI, INC., BATAVIA, IL    Variety Pack Shep packed in 13.2 oz cans, Product Code GALDUD1324VSHEP with Best By/Date Codes:  Jan/03/10; Jan/03/10; Jan/04/10; Jan/05/10; Jan/16/10; Jan/17/10; Jan/18/10; Feb/06/10; Feb/07/10; Feb/08/10; Feb/20/10; Feb/21/10; Feb/22/10; Mar/05/10; Mar/06/10; Mar/07/10","Approximately 53,373,600 cans or pouches (2,384,722 cases) total of dog and cat food have been distributed throughout the US and Canada.",Cuts and Gravy style wet pet food has been implicated in illness and death of dogs and cats.,03/16/2007,N/A,04/17/2012,,N/A
Veterinary,No,,37611,Terminated,Menu Foods Midwest Corp,1400 E Logan Ave,PO Box 1046,Emporia,KS,	66801-1046,United States,N/A,N/A,Affected product was shipped to direct accounts in all 50 states and Canada and Mexico.,V-1037-2007,Class I,"SHEP DOG   DISTRIBUTED BY ALDI, INC., BATAVIA, IL    Variety Pack Only Beef/Gravy packed in 13.2 oz cans, UPC 4149819705V with Best By/Date Codes:  Feb/06/10; Feb/07/10; Feb/08/10; Feb/20/10; Feb/21/10; Feb/22/10; Mar/05/10; Mar/06/10; Mar/07/10","Approximately 53,373,600 cans or pouches (2,384,722 cases) total of dog and cat food have been distributed throughout the US and Canada.",Cuts and Gravy style wet pet food has been implicated in illness and death of dogs and cats.,03/16/2007,N/A,04/17/2012,,N/A
Veterinary,No,,37611,Terminated,Menu Foods Midwest Corp,1400 E Logan Ave,PO Box 1046,Emporia,KS,	66801-1046,United States,N/A,N/A,Affected product was shipped to direct accounts in all 50 states and Canada and Mexico.,V-1038-2007,Class I,"SHEP DOG   DISTRIBUTED BY ALDI, INC., BATAVIA, IL    Variety Pack Only Chicken/Gravy packed in 13.2 oz cans, UPC 4149819706V with Best By/Date Codes:  Feb/06/10; Feb/07/10; Feb/08/10; Feb/20/10; Feb/21/10; Feb/22/10; Mar/05/10; Mar/06/10; Mar/07/10","Approximately 53,373,600 cans or pouches (2,384,722 cases) total of dog and cat food have been distributed throughout the US and Canada.",Cuts and Gravy style wet pet food has been implicated in illness and death of dogs and cats.,03/16/2007,N/A,04/17/2012,,N/A
Veterinary,No,,49447,Terminated,"MARS Petcare US, Inc.",315 Cool Springs Boulevard,N/A,Franklin,TN,	37067,United States,N/A,N/A,The product was shipped to distribution centers for retail stores nationwide,V-104-2009,Class I,Retriever Gravy Blend Dog Food 8#. UPC 79818 96756,N/A,finished product samples positive for Salmonella Schwarzengrund,09/12/2008,N/A,10/18/2012,,N/A
Veterinary,No,,49447,Terminated,"MARS Petcare US, Inc.",315 Cool Springs Boulevard,N/A,Franklin,TN,	37067,United States,N/A,N/A,The product was shipped to distribution centers for retail stores nationwide,V-105-2009,Class I,Doggy Bag Dog Food 40#. UPC 73893 40000,N/A,finished product samples positive for Salmonella Schwarzengrund,09/12/2008,N/A,10/18/2012,,N/A
Veterinary,No,,49447,Terminated,"MARS Petcare US, Inc.",315 Cool Springs Boulevard,N/A,Franklin,TN,	37067,United States,N/A,N/A,The product was shipped to distribution centers for retail stores nationwide,V-106-2009,Class I,Ol' Roy Meaty Chunks 'n Gravy Dog Food 8#. UPC 81131 69629,N/A,finished product samples positive for Salmonella Schwarzengrund,09/12/2008,N/A,10/18/2012,,N/A
Veterinary,No,,49447,Terminated,"MARS Petcare US, Inc.",315 Cool Springs Boulevard,N/A,Franklin,TN,	37067,United States,N/A,N/A,The product was shipped to distribution centers for retail stores nationwide,V-110-2009,Class I,Retriever Puppy Blend Dog Food 6#. UPC 49394 56221,N/A,finished product samples positive for Salmonella Schwarzengrund,09/12/2008,N/A,10/18/2012,,N/A
Veterinary,No,,57562,Terminated,"Pet Appeal, Inc.",14340 SE Industrial Way,N/A,Clackamas,OR,	97015-9635,United States,N/A,N/A,"Product went to 2 distribution centers in OR, 1 retail store in OR, and 1 direct consumer in UT.",V-112-2011,Class I,"Good Buddy Sun-Dried Rawhide For Dogs 10.5"" Pressed Bone.  Each bone individually shrink wrapped in clear plastic and labeled.  Label reads in part:  ""GOOD BUDDY***SUN-DRIED RAWHIDE FOR DOGS***Net Wt. 270g***Made in Thailand for Castor & Pollux Pet Works 14340 SE Industrial Way Clackamas, OR 97015***7 80872 07003 4"".",9 bones,Product may be contaminated with Salmonella.,12/28/2010,N/A,07/25/2011,,N/A
Veterinary,No,,37791,Terminated,Natural Balance Pet Food Inc.,12924 Pierce St,N/A,Pacoima,CA,	91331-2526,United States,N/A,N/A,Nationwide and Canada,V-1120-2007,Class I,"Dick Van Patten's Natural Balance Venison & Brown Rice Formula Dog Food in 5 lb, 17 lb, and 30 lb bags.","305,863 bags",Firm''s sample analysis has shown products contain melamine,04/13/2007,N/A,11/07/2011,,N/A
Veterinary,No,,50106,Terminated,"MARS Petcare US, Inc.",315 Cool Springs Boulevard,N/A,Franklin,TN,	37067,United States,N/A,N/A,"The product was shipped to Wal-Mart stores in CT, DE, MA, MD, NC, NH, NJ, NY, OH, PA, RI, VA, VT, and WV.",V-120-2009,Class I,Berkley & Jensen Small Bites & Bones Dog Food in 52 lb bags,N/A,finished product is positive for Salmonella,10/24/2008,N/A,10/18/2012,,N/A
Veterinary,No,,50106,Terminated,"MARS Petcare US, Inc.",315 Cool Springs Boulevard,N/A,Franklin,TN,	37067,United States,N/A,N/A,"The product was shipped to Wal-Mart stores in CT, DE, MA, MD, NC, NH, NJ, NY, OH, PA, RI, VA, VT, and WV.",V-121-2009,Class I,"Shop Rite Crunchy Bites, Bones and Healthy Squares Dog Food in 20 lb bags",N/A,finished product is positive for Salmonella,10/24/2008,N/A,10/18/2012,,N/A
Veterinary,No,,56698,Terminated,Hartz Mountain Corp.,400 Plaza Dr,N/A,Secaucus,NJ,	07094-3605,United States,N/A,N/A,Nationwide,V-121-2011,Class I,"Hartz Naturals Real Beef Treats for Dogs, Small, Made in Brazil, Distributed by the Hartz Mountain Corporation, Secaucus, NJ 07094 and St. Thomas, Ontario NSP 3W7 CANADA;  8 oz package; packaged in a plastic bag","56,058 bags",Natural Real Beef Treats for Dogs may have been potentially contaminated with Salmonella.,09/03/2010,N/A,04/22/2011,,N/A
Veterinary,No,,50106,Terminated,"MARS Petcare US, Inc.",315 Cool Springs Boulevard,N/A,Franklin,TN,	37067,United States,N/A,N/A,"The product was shipped to Wal-Mart stores in CT, DE, MA, MD, NC, NH, NJ, NY, OH, PA, RI, VA, VT, and WV.",V-122-2009,Class I,Ol' Roy Puppy Complete Premium Dog Food in 4 lb bags,N/A,finished product is positive for Salmonella,10/24/2008,N/A,10/18/2012,,N/A
Veterinary,No,,50106,Terminated,"MARS Petcare US, Inc.",315 Cool Springs Boulevard,N/A,Franklin,TN,	37067,United States,N/A,N/A,"The product was shipped to Wal-Mart stores in CT, DE, MA, MD, NC, NH, NJ, NY, OH, PA, RI, VA, VT, and WV.",V-123-2009,Class I,Ol' Roy Puppy Complete Premium Dog Food in 20 lb bags,N/A,finished product is positive for Salmonella,10/24/2008,N/A,10/18/2012,,N/A
Veterinary,No,,50106,Terminated,"MARS Petcare US, Inc.",315 Cool Springs Boulevard,N/A,Franklin,TN,	37067,United States,N/A,N/A,"The product was shipped to Wal-Mart stores in CT, DE, MA, MD, NC, NH, NJ, NY, OH, PA, RI, VA, VT, and WV.",V-124-2009,Class I,Ol' Roy Complete Nutrition Premium Dog Food in 4 lb bags,N/A,finished product is positive for Salmonella,10/24/2008,N/A,10/18/2012,,N/A
Veterinary,No,,50106,Terminated,"MARS Petcare US, Inc.",315 Cool Springs Boulevard,N/A,Franklin,TN,	37067,United States,N/A,N/A,"The product was shipped to Wal-Mart stores in CT, DE, MA, MD, NC, NH, NJ, NY, OH, PA, RI, VA, VT, and WV.",V-125-2009,Class I,Ol' Roy Complete Nutrition Premium Dog Food in 4.4 lb bags,N/A,finished product is positive for Salmonella,10/24/2008,N/A,10/18/2012,,N/A
Veterinary,No,,67583,Terminated,Pro Pet LLC,1400 McKinley Rd,N/A,Saint Marys,OH,	45885,United States,Voluntary: Firm initiated,Press Release,"Product was shipped to the following states: AZ, CA, CO, CT, FL, GA, IA, IL, IN, KS, KY, MA, MI, MN, MT, NC, ND, NE, NJ, NM, NY, OH, PA, SD, TN, TX, VA, WA, WI and WV.",V-125-2016,Class I,"Hubbard Life Happy Hound 27/15 Dog Food, Complete and balanced nutrition for all life stages, NET WT 40 lb/18.14 KG Hubbard Feeds, Inc. P.O. Box 8500 Mankato, MN 56001-8500 www.hubbardlife.com","1,100/40 lb bags","During an internal investigation, the firm discovered five additional products that were packaged on the same finishing line as a previous product which tested positive for Salmonella contamination.",02/04/2014,01/21/2016,08/25/2016,01/27/2016,Lot Number: 096 13 SM L2 2A and 096 13 SM L2 1A
Veterinary,No,,50106,Terminated,"MARS Petcare US, Inc.",315 Cool Springs Boulevard,N/A,Franklin,TN,	37067,United States,N/A,N/A,"The product was shipped to Wal-Mart stores in CT, DE, MA, MD, NC, NH, NJ, NY, OH, PA, RI, VA, VT, and WV.",V-126-2009,Class I,Ol' Roy Complete Nutrition Premium Dog Food in 8 lb bags,N/A,finished product is positive for Salmonella,10/24/2008,N/A,10/18/2012,,N/A
Veterinary,No,,63137,Terminated,Breeders Choice Pet Foods Inc,16321 Arrow Hwy,N/A,Irwindale,CA,	91706-2084,United States,Voluntary: Firm initiated,Letter,"U.S. states to include California, Georgia, Illinois, Nevada, Ohio, Virginia, and Washington.",V-126-2013,Class I,"AvoDerm Natural Lamb Meal & Brown Rice Adult Dog Formula, 26 lb. Packaged in plastic bag with plastic liner.","7,392 bags",The firm recalled because the product has the potential to be contaminated with Salmonella.,09/07/2012,01/14/2013,09/18/2014,01/23/2013,"Product Code/SKU/Material # 1000065074, UPC Code 0 5290702043 8, Best before dates of 28 Aug 2013, 29 Aug 2013, 30 Aug 2013."
Veterinary,No,,50106,Terminated,"MARS Petcare US, Inc.",315 Cool Springs Boulevard,N/A,Franklin,TN,	37067,United States,N/A,N/A,"The product was shipped to Wal-Mart stores in CT, DE, MA, MD, NC, NH, NJ, NY, OH, PA, RI, VA, VT, and WV.",V-127-2009,Class I,Ol' Roy Complete Nutrition Premium Dog Food in 20 lb bags,N/A,finished product is positive for Salmonella,10/24/2008,N/A,10/18/2012,,N/A
Veterinary,No,,67583,Terminated,Pro Pet LLC,1400 McKinley Rd,N/A,Saint Marys,OH,	45885,United States,Voluntary: Firm initiated,Press Release,"Product was shipped to the following states: AZ, CA, CO, CT, FL, GA, IA, IL, IN, KS, KY, MA, MI, MN, MT, NC, ND, NE, NJ, NM, NY, OH, PA, SD, TN, TX, VA, WA, WI and WV.",V-127-2016,Class I,"Hubbard Life Maintenance Dog Food, Complete and balanced nutrition for all life stages, Natural fiber for healthy digestive system.  NET WT 40 lb/18.14 KG Hubbard Feeds, Inc. P.O. Box 8500 Mankato, MN 56001-8500 www.hubbardlife.com",750/40 lb bags,"During an internal investigation, the firm discovered five additional products that were packaged on the same finishing line as a previous product which tested positive for Salmonella contamination.",02/04/2014,01/21/2016,08/25/2016,01/27/2016,Lot Number: 096 13 SM L2 2A
Veterinary,No,,50106,Terminated,"MARS Petcare US, Inc.",315 Cool Springs Boulevard,N/A,Franklin,TN,	37067,United States,N/A,N/A,"The product was shipped to Wal-Mart stores in CT, DE, MA, MD, NC, NH, NJ, NY, OH, PA, RI, VA, VT, and WV.",V-128-2009,Class I,Ol' Roy Complete Nutrition Premium Dog Food in 22 lb bags,N/A,finished product is positive for Salmonella,10/24/2008,N/A,10/18/2012,,N/A
Veterinary,No,,50106,Terminated,"MARS Petcare US, Inc.",315 Cool Springs Boulevard,N/A,Franklin,TN,	37067,United States,N/A,N/A,"The product was shipped to Wal-Mart stores in CT, DE, MA, MD, NC, NH, NJ, NY, OH, PA, RI, VA, VT, and WV.",V-129-2009,Class I,Ol' Roy Complete Nutrition Premium Dog Food in 44.1 lb bags,N/A,finished product is positive for Salmonella,10/24/2008,N/A,10/18/2012,,N/A
Veterinary,No,,67583,Terminated,Pro Pet LLC,1400 McKinley Rd,N/A,Saint Marys,OH,	45885,United States,Voluntary: Firm initiated,Press Release,"Product was shipped to the following states: AZ, CA, CO, CT, FL, GA, IA, IL, IN, KS, KY, MA, MI, MN, MT, NC, ND, NE, NJ, NM, NY, OH, PA, SD, TN, TX, VA, WA, WI and WV.",V-129-2016,Class I,"Quality Care Plus QC+ Adult 26/15 Real Chicken and Brown Rice Formula Dog Food ALIMENT FOUR CHIEN NET WT. 20 LBS (9.06 KG) & 40 LBS. (18.12 KG) paper bags. Distributed by: Quality Care Plus QC+ P. O. Box 369, St. Marys, OH 45885 USA 1-800-780-0874 www.QCPlus.com",377/20lb. Bags + 544/40 lb. Bags,"During an internal investigation, the firm discovered five additional products that were packaged on the same finishing line as a previous product which tested positive for Salmonella contamination.",02/04/2014,01/21/2016,08/25/2016,01/27/2016,Lot Number: 097 13 SM L2 2A and 097 13 SM L2 1A
Veterinary,No,,50106,Terminated,"MARS Petcare US, Inc.",315 Cool Springs Boulevard,N/A,Franklin,TN,	37067,United States,N/A,N/A,"The product was shipped to Wal-Mart stores in CT, DE, MA, MD, NC, NH, NJ, NY, OH, PA, RI, VA, VT, and WV.",V-130-2009,Class I,Ol' Roy Complete Nutrition Premium Dog Food in 50 lb bags,N/A,finished product is positive for Salmonella,10/24/2008,N/A,10/18/2012,,N/A
Veterinary,No,,50106,Terminated,"MARS Petcare US, Inc.",315 Cool Springs Boulevard,N/A,Franklin,TN,	37067,United States,N/A,N/A,"The product was shipped to Wal-Mart stores in CT, DE, MA, MD, NC, NH, NJ, NY, OH, PA, RI, VA, VT, and WV.",V-131-2009,Class I,Ol' Roy High Performance Premium Dog Food in 20 lb bags,N/A,finished product is positive for Salmonella,10/24/2008,N/A,10/18/2012,,N/A
Veterinary,No,,50106,Terminated,"MARS Petcare US, Inc.",315 Cool Springs Boulevard,N/A,Franklin,TN,	37067,United States,N/A,N/A,"The product was shipped to Wal-Mart stores in CT, DE, MA, MD, NC, NH, NJ, NY, OH, PA, RI, VA, VT, and WV.",V-132-2009,Class I,Ol' Roy High Performance Premium Dog Food in 50 lb bags,N/A,finished product is positive for Salmonella,10/24/2008,N/A,10/18/2012,,N/A
Veterinary,No,,50106,Terminated,"MARS Petcare US, Inc.",315 Cool Springs Boulevard,N/A,Franklin,TN,	37067,United States,N/A,N/A,"The product was shipped to Wal-Mart stores in CT, DE, MA, MD, NC, NH, NJ, NY, OH, PA, RI, VA, VT, and WV.",V-133-2009,Class I,Ol' Roy Meaty Chunks & Gravy Premium Dog Food in 22 lb bags,N/A,finished product is positive for Salmonella,10/24/2008,N/A,10/18/2012,,N/A
Veterinary,No,,50106,Terminated,"MARS Petcare US, Inc.",315 Cool Springs Boulevard,N/A,Franklin,TN,	37067,United States,N/A,N/A,"The product was shipped to Wal-Mart stores in CT, DE, MA, MD, NC, NH, NJ, NY, OH, PA, RI, VA, VT, and WV.",V-134-2009,Class I,Ol' Roy Meaty Chunks & Gravy Premium Dog Food in 50 lb bags,N/A,finished product is positive for Salmonella,10/24/2008,N/A,10/18/2012,,N/A
Veterinary,No,,63459,Terminated,TBD Brands,7 Beech Hill Rd,N/A,Exeter,NH,	03833-4502,United States,Voluntary: Firm initiated,E-Mail,Nationwide,V-134-2013,Class I,"Yoghund Organic Banana & Peanut Butter, Organic Frozen Yogurt for Dogs, 4-3.5 fl. oz. cups (4 pack), 14 fl. oz., (416 ml).",5211 Cases (24 case -3.5 fl.oz cups/4 pack),Frozen dog treats recalled due to possible contamination with salmonella due to Sunland Peanut Butter recall,10/10/2012,02/05/2013,03/20/2013,02/13/2013,Case: Lot Code: 26812 or earlier  Cups: Best By Dates of 9.24.14 or earlier
Veterinary,No,,64642,Terminated,"Natura Manufacturing, Inc.",2779 Rademakers Way,N/A,Fremont,NE,	68025-8044,United States,Voluntary: Firm initiated,"Two or more of the following: Email, Fax, Letter, Press Release, Telephone, Visit","Distribution was nationwide.  Foreign distribution was made to Canada, Hong Kong, Korea, Japan, Malaysia, and Costa Rica.",V-136-2016,Class I,"EVO Herring & Salmon Formula Adult Dog Food, packaged in 4-oz. (UPC 751485152066), 6.6-lb. (UPC 751485126821), 13.2-lb (UPC 751485126814), and 28.6-lb. (UPC 751485126807) bags, Manufactured by Natura Pet Products, Inc., Fremont, NE.","188,581 bags",Product is potentially contaminated with Salmonella.,03/18/2013,01/21/2016,01/28/2016,01/27/2016,"All expiration dates prior to and including March 24, 2014"
Veterinary,No,,64642,Terminated,"Natura Manufacturing, Inc.",2779 Rademakers Way,N/A,Fremont,NE,	68025-8044,United States,Voluntary: Firm initiated,"Two or more of the following: Email, Fax, Letter, Press Release, Telephone, Visit","Distribution was nationwide.  Foreign distribution was made to Canada, Hong Kong, Korea, Japan, Malaysia, and Costa Rica.",V-137-2016,Class I,"EVO Red Meat Formula Dog Food, packaged in 4-oz. (UPC 751485152042), 6.6-lb. (UPC 751485126777), 13.2-lb (UPC 751485126760), and 28.6-lb. (UPC 751485126753) bags. Manufactured by Natura Pet Products, Inc., Fremont, NE.","196,659 bags",Product is potentially contaminated with Salmonella.,03/18/2013,01/21/2016,01/28/2016,01/27/2016,"All expiration dates prior to and including March 24, 2014"
Veterinary,No,,64642,Terminated,"Natura Manufacturing, Inc.",2779 Rademakers Way,N/A,Fremont,NE,	68025-8044,United States,Voluntary: Firm initiated,"Two or more of the following: Email, Fax, Letter, Press Release, Telephone, Visit","Distribution was nationwide.  Foreign distribution was made to Canada, Hong Kong, Korea, Japan, Malaysia, and Costa Rica.",V-138-2016,Class I,"EVO Red Meat Formula Small Bites Dog Food, packaged in 4-oz. (UPC 751485152028), 2.2-lb. (UPC 751485126746); 6.6-lb. (UPC 751485126722), 13.2-lb (UPC 751485126715), and 28.6-lb. (UPC 751485126708) bags.  Manufactured by Natura Pet Products, Inc., Fremont, NE.","257,002 bags",Product is potentially contaminated with Salmonella.,03/18/2013,01/21/2016,01/28/2016,01/27/2016,"All expiration dates prior to and including March 24, 2014"
Veterinary,No,,64642,Terminated,"Natura Manufacturing, Inc.",2779 Rademakers Way,N/A,Fremont,NE,	68025-8044,United States,Voluntary: Firm initiated,"Two or more of the following: Email, Fax, Letter, Press Release, Telephone, Visit","Distribution was nationwide.  Foreign distribution was made to Canada, Hong Kong, Korea, Japan, Malaysia, and Costa Rica.",V-139-2016,Class I,"EVO Turkey & Chicken Formula Dog Food, packaged in 4-oz. (UPC 751485152011); 6.6-lb. (UPC 751485126074), 13.2-lb (UPC 751485126067), and 28.6-lb. (UPC 751485126050) bags.  Manufactured by Natura Pet Products, Inc., Fremont, NE.","226,495 bags",Product is potentially contaminated with Salmonella.,03/18/2013,01/21/2016,01/28/2016,01/27/2016,"All expiration dates prior to and including March 24, 2014"
Veterinary,No,,64642,Terminated,"Natura Manufacturing, Inc.",2779 Rademakers Way,N/A,Fremont,NE,	68025-8044,United States,Voluntary: Firm initiated,"Two or more of the following: Email, Fax, Letter, Press Release, Telephone, Visit","Distribution was nationwide.  Foreign distribution was made to Canada, Hong Kong, Korea, Japan, Malaysia, and Costa Rica.",V-140-2016,Class I,"EVO Turkey & Chicken Formula Small Bites Dog Food, packaged in 4-oz. (UPC 751485152004); 2.2-lb. (UPC 751485126043), 6.6-lb. (UPC 751485126036), 13.2-lb (UPC 751485126012), and 28.6-lb. (UPC 751485126005) bags.  Manufactured by Natura Pet Products, Inc., Fremont, NE.","419,737 bags",Product is potentially contaminated with Salmonella.,03/18/2013,01/21/2016,01/28/2016,01/27/2016,"All expiration dates prior to and including March 24, 2014"
Veterinary,No,,64642,Terminated,"Natura Manufacturing, Inc.",2779 Rademakers Way,N/A,Fremont,NE,	68025-8044,United States,Voluntary: Firm initiated,"Two or more of the following: Email, Fax, Letter, Press Release, Telephone, Visit","Distribution was nationwide.  Foreign distribution was made to Canada, Hong Kong, Korea, Japan, Malaysia, and Costa Rica.",V-141-2016,Class I,"EVO Weight Management Adult Dog Food, packaged in 4-oz. (UPC 751485152059); 6.6-lb. (UPC 751485126180), 13.2-lb (UPC 751485126173), and 28.6-lb. (UPC 751485126166) bags.  Manufactured by Natura Pet Products, Inc., Fremont, NE.","146,564 bags",Product is potentially contaminated with Salmonella.,03/18/2013,01/21/2016,01/28/2016,01/27/2016,"All expiration dates prior to and including March 24, 2014"
Veterinary,No,,64642,Terminated,"Natura Manufacturing, Inc.",2779 Rademakers Way,N/A,Fremont,NE,	68025-8044,United States,Voluntary: Firm initiated,"Two or more of the following: Email, Fax, Letter, Press Release, Telephone, Visit","Distribution was nationwide.  Foreign distribution was made to Canada, Hong Kong, Korea, Japan, Malaysia, and Costa Rica.",V-142-2016,Class I,"EVO Senior Formula Dog Food, packaged in 4-oz. (UPC 751485152554); 6.6-lb. (UPC 751485126876), 13.2-lb (UPC 751485126869), and 28.6-lb. (UPC 751485126852) bags.  Manufactured by Natura Pet Products, Inc., Fremont, NE.","41,542 bags",Product is potentially contaminated with Salmonella.,03/18/2013,01/21/2016,01/28/2016,01/27/2016,"All expiration dates prior to and including March 24, 2014"
Veterinary,No,,64642,Terminated,"Natura Manufacturing, Inc.",2779 Rademakers Way,N/A,Fremont,NE,	68025-8044,United States,Voluntary: Firm initiated,"Two or more of the following: Email, Fax, Letter, Press Release, Telephone, Visit","Distribution was nationwide.  Foreign distribution was made to Canada, Hong Kong, Korea, Japan, Malaysia, and Costa Rica.",V-145-2016,Class I,"HealthWise Chicken Meal & Oatmeal Formula Adult Dog Food, packaged in 4-oz. (UPC 7514815154411), 5-lb. (UPC 751485707129), 17.5-lb. (UPC 751485707112), 35-lb. (UPC 751485707105), and 38.5-lb. (UPC 751485707044) bags. The firm name on the label is Natura Pet Products, Santa Clara, CA.","146,361 bags",Product is potentially contaminated with Salmonella.,03/18/2013,01/21/2016,01/28/2016,01/27/2016,"All expiration dates prior to and including March 24, 2014"
Veterinary,No,,64642,Terminated,"Natura Manufacturing, Inc.",2779 Rademakers Way,N/A,Fremont,NE,	68025-8044,United States,Voluntary: Firm initiated,"Two or more of the following: Email, Fax, Letter, Press Release, Telephone, Visit","Distribution was nationwide.  Foreign distribution was made to Canada, Hong Kong, Korea, Japan, Malaysia, and Costa Rica.",V-146-2016,Class I,"HealthWise Chicken Meal & Oatmeal Formula Adult Dog Food for Active Adult Dogs, packaged in 4-oz. (UPC 751485154404),  5-lb. (UPC 751485707020), 17.5-lb. (UPC 751485707013), and 35-lb. (UPC 751485707006) bags.  The firm name on the label is Natura Pet Products, Santa Clara, CA.","21,014 bags",Product is potentially contaminated with Salmonella.,03/18/2013,01/21/2016,01/28/2016,01/27/2016,"All expiration dates prior to and including March 24, 2014"
Veterinary,No,,64642,Terminated,"Natura Manufacturing, Inc.",2779 Rademakers Way,N/A,Fremont,NE,	68025-8044,United States,Voluntary: Firm initiated,"Two or more of the following: Email, Fax, Letter, Press Release, Telephone, Visit","Distribution was nationwide.  Foreign distribution was made to Canada, Hong Kong, Korea, Japan, Malaysia, and Costa Rica.",V-147-2016,Class I,"HealthWise Chicken Meal & Oatmeal Formula Weight Control Natural Premium Adult Dog Food, packaged in 4-oz. (UPC 751485154428),  5-lb. (UPC 751485707228), 17.5-lb. (UPC 751485707211), and 35-lb. (UPC 751485707204) bags.  The firm name on the label is Natura Pet Products, Santa Clara, CA.","39,018 bags",Product is potentially contaminated with Salmonella.,03/18/2013,01/21/2016,01/28/2016,01/27/2016,"All expiration dates prior to and including March 24, 2014"
Veterinary,No,,64642,Terminated,"Natura Manufacturing, Inc.",2779 Rademakers Way,N/A,Fremont,NE,	68025-8044,United States,Voluntary: Firm initiated,"Two or more of the following: Email, Fax, Letter, Press Release, Telephone, Visit","Distribution was nationwide.  Foreign distribution was made to Canada, Hong Kong, Korea, Japan, Malaysia, and Costa Rica.",V-148-2016,Class I,"HealthWise Lamb Meal & Oatmeal Formula Natural Premium Adult Dog Food, packaged in 4-oz. (UPC 751485154442),  5-lb. (UPC 751485707426), 17.5-lb. (UPC 751485707419), and 35-lb. (UPC 751485707402) bags.  The firm name on the label is Natura Pet Products, Santa Clara, CA.","42,936 bags",Product is potentially contaminated with Salmonella.,03/18/2013,01/21/2016,01/28/2016,01/27/2016,"All expiration dates prior to and including March 24, 2014"
Veterinary,No,,58117,Terminated,"Jones Natural Chews, Inc.",3450 Pyramid Dr,N/A,Rockford,IL,	61109-2724,United States,N/A,N/A,"Connecticut t, Iowa, Illinois, Massachusetts, Maine, Minnesota, Missouri, Montana, New Jersey, New Mexico, New York, North Carolina, Pennsylvania, Virginia, Washington and Wisconsin",V-150-2011,Class I,"Jones Natural Chews Pig Ears Dog Chews; Jones Natural Chews Co., Rockford, IL 61109; the pig ears were packaged under the following labels and configurations:  a) Jones Natural Chews label  i) item #00104: 2 pack bag with header card, UPC 7 41956 00104 7, and Pig Outs 2 pk,12 bags per case, UPC 7 41956 00104 4;   ii) bulk 100 count box, UPC 7 41956 00113 9;  iii)  bulk 50 count box, UPC 7 41956 00150 4;  iv) bulk 25 count box, UPC 7 41956 00146 7;  v) item #00114: 1 pack shrink wrap, UPC 7 41956 00114 6, and Pig Ears 100 per case, UPC 7 41956 00114 3;  vi) item #00140, 10 pack printed bag, UPC 7 41956 00140 5, 12 per case, UPC 7 41956 10140 2, and Mills Pig Ears 10 Pk, 12 per case UPC 7 41956 00140 5;     b) Country Butcher Dog Chews label  i) item #00151, 1 pk shrink wrap, 50 per case, UPC 7 41956 00151 1, Manufactured for Viking Village, Reedsburg, WI 53959;    ii) item #00114, 1 pk shrink wrap, 30 per case, UPC 7 41956 00114 6, Distributed by Diversified Wholesale, Spokane, WA 99213;   iii) item #00124, 12 pk bag, 12 bags per case, UPC 7 41956 00124 5, Distributed by Certco, Inc., Madison, WI 53716;     c) Blain's Farm & Fleet Pig Ears label, Manufactured for Blain Supply Inc., Janesville, WI 53547, 10 pack bag, UPC 7 41956 00140 5, 12 bags per case, UPC 7 41956 00140 2  ","2,705 boxes",The pig ear dog chews were found to be contaminated with Salmonella bacteria.,03/08/2011,N/A,10/19/2011,,N/A
Veterinary,No,,64642,Terminated,"Natura Manufacturing, Inc.",2779 Rademakers Way,N/A,Fremont,NE,	68025-8044,United States,Voluntary: Firm initiated,"Two or more of the following: Email, Fax, Letter, Press Release, Telephone, Visit","Distribution was nationwide.  Foreign distribution was made to Canada, Hong Kong, Korea, Japan, Malaysia, and Costa Rica.",V-155-2016,Class I,"Innova Prime Grain Free Beef & Lamb Meat Formula Adult Dog Food, packaged 4-oz. (UPC 751485153148),   5-lb. (UPC 751485127323), 12-lb. (UPC 751485127316), and 25-lb. (751485127309) bags.  Manufactured by Natura Pet Products, Inc., Fremont, NE.","84,251 bags",Product is potentially contaminated with Salmonella.,03/18/2013,01/21/2016,01/28/2016,01/27/2016,"All expiration dates prior to and including March 24, 2014"
Veterinary,No,,64642,Terminated,"Natura Manufacturing, Inc.",2779 Rademakers Way,N/A,Fremont,NE,	68025-8044,United States,Voluntary: Firm initiated,"Two or more of the following: Email, Fax, Letter, Press Release, Telephone, Visit","Distribution was nationwide.  Foreign distribution was made to Canada, Hong Kong, Korea, Japan, Malaysia, and Costa Rica.",V-156-2016,Class I,"Innova Prime Grain Free Chicken & Turkey Formula Adult Dog Food, packaged 4-oz. (UPC 751485153124),   5-lb. (UPC 751485127262), 12-lb. (UPC 751485127255), and 25-lb. (UPC 751485127248) bags.  Manufactured by Natura Pet Products, Inc., Fremont, NE.","119,822 bags",Product is potentially contaminated with Salmonella.,03/18/2013,01/21/2016,01/28/2016,01/27/2016,"All expiration dates prior to and including March 24, 2014"
Veterinary,No,,64642,Terminated,"Natura Manufacturing, Inc.",2779 Rademakers Way,N/A,Fremont,NE,	68025-8044,United States,Voluntary: Firm initiated,"Two or more of the following: Email, Fax, Letter, Press Release, Telephone, Visit","Distribution was nationwide.  Foreign distribution was made to Canada, Hong Kong, Korea, Japan, Malaysia, and Costa Rica.",V-157-2016,Class I,"Innova Prime Grain Free Salmon & Herring Formula Adult Dog Food, packaged 4-oz. (UPC 751485153131),  5-lb. (UPC 751485127293), 12-lb. (UPC 751485127286), and 25-lb. (751485127279) bags.  Manufactured by Natura Pet Products, Inc., Fremont, NE.","86,936 bags",Product is potentially contaminated with Salmonella.,03/18/2013,01/21/2016,01/28/2016,01/27/2016,"All expiration dates prior to and including March 24, 2014"
Veterinary,No,,64642,Terminated,"Natura Manufacturing, Inc.",2779 Rademakers Way,N/A,Fremont,NE,	68025-8044,United States,Voluntary: Firm initiated,"Two or more of the following: Email, Fax, Letter, Press Release, Telephone, Visit","Distribution was nationwide.  Foreign distribution was made to Canada, Hong Kong, Korea, Japan, Malaysia, and Costa Rica.",V-158-2016,Class I,"Innova Salmon & Herring Formula Adult Dog Food, packaged 4-oz. (UPC 751485123653),  5-lb. (UPC 751485123646), 12-lb. (UPC 751485123639), and 25-lb. (751485123622) bags.  Manufactured by Natura Pet Products, Inc., Fremont, NE.","49,203 bags",Product is potentially contaminated with Salmonella.,03/18/2013,01/21/2016,01/28/2016,01/27/2016,"All expiration dates prior to and including March 24, 2014"
Veterinary,No,,64642,Terminated,"Natura Manufacturing, Inc.",2779 Rademakers Way,N/A,Fremont,NE,	68025-8044,United States,Voluntary: Firm initiated,"Two or more of the following: Email, Fax, Letter, Press Release, Telephone, Visit","Distribution was nationwide.  Foreign distribution was made to Canada, Hong Kong, Korea, Japan, Malaysia, and Costa Rica.",V-159-2016,Class I,"Innova Adult Dog Food-Large Bites, packaged 4-oz. (UPC 751485159904),  2.2-lb. (UPC 751485123769), 6-lb. (UPC 751485123226), 15-lb. (UPC 751485123219), 30-lb. (751485123202), and 30-lb. bilingual (UPC 751485125527) bags.  Manufactured by Natura Pet Products, Inc., Fremont, NE.","500,364 bags",Product is potentially contaminated with Salmonella.,03/18/2013,01/21/2016,01/28/2016,01/27/2016,"All expiration dates prior to and including March 24, 2014"
Veterinary,No,,64642,Terminated,"Natura Manufacturing, Inc.",2779 Rademakers Way,N/A,Fremont,NE,	68025-8044,United States,Voluntary: Firm initiated,"Two or more of the following: Email, Fax, Letter, Press Release, Telephone, Visit","Distribution was nationwide.  Foreign distribution was made to Canada, Hong Kong, Korea, Japan, Malaysia, and Costa Rica.",V-160-2016,Class I,"Innova Large Breed Adult Dog Food, packaged 4-oz. (UPC 751485153001), 15-lb. (UPC 751485127057), 30-lb. (751485127040), and 30-lb. bilingual (UPC 751485125541) bags.  Manufactured by Natura Pet Products, Inc., Fremont, NE.","199,541 bags",Product is potentially contaminated with Salmonella.,03/18/2013,01/21/2016,01/28/2016,01/27/2016,"All expiration dates prior to and including March 24, 2014"
Veterinary,No,,64642,Terminated,"Natura Manufacturing, Inc.",2779 Rademakers Way,N/A,Fremont,NE,	68025-8044,United States,Voluntary: Firm initiated,"Two or more of the following: Email, Fax, Letter, Press Release, Telephone, Visit","Distribution was nationwide.  Foreign distribution was made to Canada, Hong Kong, Korea, Japan, Malaysia, and Costa Rica.",V-161-2016,Class I,"Innova Large Breed Senior Dog Food, 6+ Years - 60+ lbs., packaged 4-oz. (UPC 751485153018), 15-lb. (UPC 751485127156), and 30-lb. (751485127149) bags.   Manufactured by Natura Pet Products, Inc., Fremont, NE.","43,243 bags",Product is potentially contaminated with Salmonella.,03/18/2013,01/21/2016,01/28/2016,01/27/2016,"All expiration dates prior to and including March 24, 2014"
Veterinary,No,,63468,Terminated,"Sunland, Incorporated",42593 US Highway 70,N/A,Portales,NM,	88130-9043,United States,Voluntary: Firm initiated,Press Release,National distribution under various brand names including all 50 U.S. States with some international distribution Hong Kong.,V-162-2013,Class I,"Dogsbutter RUC with Flax PB, 16 oz UPC 3050.",934 x 16 oz,"Sunland, Inc. is conducting a voluntary limited recall of its Almond, Peanut, and Cashew Butter products and Tahini and Roasted Blanched Peanut Products, manufactured between May 1, 2010 and September 24, 2012, because these products may be contaminated with Salmonella.",09/24/2012,05/16/2013,05/17/2013,05/22/2013,"Best-If-Used-By Dates between March 1, 2011 and September 24, 2013."
Veterinary,No,,64642,Terminated,"Natura Manufacturing, Inc.",2779 Rademakers Way,N/A,Fremont,NE,	68025-8044,United States,Voluntary: Firm initiated,"Two or more of the following: Email, Fax, Letter, Press Release, Telephone, Visit","Distribution was nationwide.  Foreign distribution was made to Canada, Hong Kong, Korea, Japan, Malaysia, and Costa Rica.",V-162-2016,Class I,"Innova Senior Dog Food, 8+ Years, packaged 4-oz. (UPC 751485159928), 6-lb. (UPC 751485123257), 15-lb. (UPC 751485123240), and 30-lb. (751485123233), and 30-lb. bilingual (UPC 751485125558) bags.   Manufactured by Natura Pet Products, Inc., Fremont, NE.","108,914 bags",Product is potentially contaminated with Salmonella.,03/18/2013,01/21/2016,01/28/2016,01/27/2016,"All expiration dates prior to and including March 24, 2014"
Veterinary,No,,64642,Terminated,"Natura Manufacturing, Inc.",2779 Rademakers Way,N/A,Fremont,NE,	68025-8044,United States,Voluntary: Firm initiated,"Two or more of the following: Email, Fax, Letter, Press Release, Telephone, Visit","Distribution was nationwide.  Foreign distribution was made to Canada, Hong Kong, Korea, Japan, Malaysia, and Costa Rica.",V-163-2016,Class I,"Innova Senior Plus Dog Food, 11+ Years, packaged 4-oz. (UPC 751485153100), 6-lb. (UPC 751485123288), 15-lb. (UPC 751485123271), and 30-lb. (751485123264) bags.  Manufactured by Natura Pet Products, Inc., Fremont, NE.","140,038 bags",Product is potentially contaminated with Salmonella.,03/18/2013,01/21/2016,01/28/2016,01/27/2016,"All expiration dates prior to and including March 24, 2014"
Veterinary,No,,64642,Terminated,"Natura Manufacturing, Inc.",2779 Rademakers Way,N/A,Fremont,NE,	68025-8044,United States,Voluntary: Firm initiated,"Two or more of the following: Email, Fax, Letter, Press Release, Telephone, Visit","Distribution was nationwide.  Foreign distribution was made to Canada, Hong Kong, Korea, Japan, Malaysia, and Costa Rica.",V-164-2016,Class I,"Innova Adult Dog Food-Small Bites, packaged 4-oz. (UPC 751485159898), 2.2-lb. (UPC 751485123738), 6-lb. (UPC 751485123363), 6-lb. bilingual (UPC 751485125510), 15-lb. (UPC 751485123356), and 30-lb. (751485123677) bags.  Manufactured by Natura Pet Products, Inc., Fremont, NE.","454,716 bags",Product is potentially contaminated with Salmonella.,03/18/2013,01/21/2016,01/28/2016,01/27/2016,"All expiration dates prior to and including March 24, 2014"
Veterinary,No,,66149,Terminated,Nestle Purina PetCare Co,Checkerboard Square,Attn Christopher S Cowell,Saint Louis,MO,	63164-0001,United States,Voluntary: Firm initiated,E-Mail,"Distributon was made to AL, AR, AZ, CA, CO, FL, GA, KS, LA, MO, MS, NV, OK. OR, SC, SD, TN, TX, UT and WA.  No foreign or military distribution was made.",V-165-2015,Class I,"Purina ONE beyond, White Meat Chicken & Barley, dry dog food, packaged in a 3.5 lb bag. UPC 1780012679.","29,610/3.5-lb bags",The product is being recalled due to contamination with Salmonella.,08/30/2013,10/14/2014,10/26/2016,10/22/2014,"Production Code: 31071083, Best By date: OCT 2014"
Veterinary,No,,64642,Terminated,"Natura Manufacturing, Inc.",2779 Rademakers Way,N/A,Fremont,NE,	68025-8044,United States,Voluntary: Firm initiated,"Two or more of the following: Email, Fax, Letter, Press Release, Telephone, Visit","Distribution was nationwide.  Foreign distribution was made to Canada, Hong Kong, Korea, Japan, Malaysia, and Costa Rica.",V-165-2016,Class I,"Innova Weight Management Adult Dog Food, packaged 4-oz. (UPC 751485153117), 6-lb. (UPC 751485123318), 15-lb. (UPC 751485123301), 30-lb. (751485123295), and 30-lb. bilingual (UPC 751485125565) bags.  Manufactured by Natura Pet Products, Inc., Fremont, NE.","204,518 bags",Product is potentially contaminated with Salmonella.,03/18/2013,01/21/2016,01/28/2016,01/27/2016,"All expiration dates prior to and including March 24, 2014"
Veterinary,No,,61817,Terminated,"Solid Gold Hlth Prods For Pets, Inc.",900 Vernon Way Ste 101,N/A,El Cajon,CA,	92020-1833,United States,Voluntary: Firm initiated,"Two or more of the following: Email, Fax, Letter, Press Release, Telephone, Visit","Distributed to Canada and following US States CA, IL, NY, OH, MI, WA, NV, FL, GA, NJ, PA, AZ, WI, HI, LA, OK, and TX.  Canada:  1. Lucid, 5888 Trapp Ave, Burnaby  B.C. V3N 5G4  2. 11 Edvac Dr. Units 8 & 9, Brampton, Ontario L6S 5W5  No Mexico.  One Foreign: 56 Tannery Ln. Singapore 347801",V-166-2012,Class I,"Solid Gold WolfCub Large Breed Puppy Food, 4lb, 15lb, and 33lb, with a best before date of December 30, 2012 and batch code starting with SGB1201A31X.    Product labeling reads in part:""***LARGE-BREED PUPPY DOG FOOD***SOLID GOLD WOLFCUB***MANUFACTURED FOR: SOLID GOLD HEALTH PRODUCTS FOR PETS, INC. EL CAJON, CA 92020 NET WT 4 LBS./1.81 KG***"".",6258,Products were produced at the facility that has been linked to recent recalls of Diamond brand pet foods due to potential Salmonella contamination.,05/08/2012,07/11/2012,01/15/2013,07/18/2012,"with a best before date of December 30, 2012 and batch code starting with SGB1201A31X.    4lb UPC 093766750005  15lb UPC 093766750012  33lb UPC 093766750029"
Veterinary,No,,61817,Terminated,"Solid Gold Hlth Prods For Pets, Inc.",900 Vernon Way Ste 101,N/A,El Cajon,CA,	92020-1833,United States,Voluntary: Firm initiated,"Two or more of the following: Email, Fax, Letter, Press Release, Telephone, Visit","Distributed to Canada and following US States CA, IL, NY, OH, MI, WA, NV, FL, GA, NJ, PA, AZ, WI, HI, LA, OK, and TX.  Canada:  1. Lucid, 5888 Trapp Ave, Burnaby  B.C. V3N 5G4  2. 11 Edvac Dr. Units 8 & 9, Brampton, Ontario L6S 5W5  No Mexico.  One Foreign: 56 Tannery Ln. Singapore 347801",V-167-2012,Class I,"Solid Gold WolfKing Large Breed Adult Dog Food, 4lb, 15lb, and 28.5lb, with a best before date of December 30, 2012 and batch code starting with SGL1201A32X.    Product labeling reads in part:""***LARGE-BREED ADULT DOG FOOD***SOLID GOLD WOLFKING***MANUFACTURED FOR: SOLID GOLD HEALTH PRODUCTS FOR PETS, INC. EL CAJON, CA 92020 NET WT 15 LBS./6.8 KG***"".",1789,Products were produced at the facility that has been linked to recent recalls of Diamond brand pet foods due to potential Salmonella contamination.,05/08/2012,07/11/2012,01/15/2013,07/18/2012,"with a best before date of December 30, 2012 and batch code starting with SGB1201A31X.    4lb UPC 093766750005  15lb UPC 093766750012  33lb UPC 093766750029"
Veterinary,No,,63745,Terminated,Carolina Prime Pet,131 Regal St,N/A,Murphy,NC,	28906-2602,United States,Voluntary: Firm initiated,Press Release,"AZ, CA, CO, DC, DE, HI, IL, MD, NE, NJ, NV, NM, PA, SD, TX, VA and WY.",V-168-2013,Class I,"Priority Total Pet Care, All Natural Bullstrips Dog Treats, 6 Bullstrip, Distributed by Lucerne Foods, Inc., P.O. Box 99, Pleasanton, CA 94566-0009.","64 cases (28,800 pieces)",Product tested positive for Salmonella.,11/15/2012,05/17/2013,04/30/2014,05/29/2013,"UPC 0-21130-42080-3, Lot #20082712 S 3195 and 20090312 S3195"
Veterinary,No,,64642,Terminated,"Natura Manufacturing, Inc.",2779 Rademakers Way,N/A,Fremont,NE,	68025-8044,United States,Voluntary: Firm initiated,"Two or more of the following: Email, Fax, Letter, Press Release, Telephone, Visit","Distribution was nationwide.  Foreign distribution was made to Canada, Hong Kong, Korea, Japan, Malaysia, and Costa Rica.",V-169-2016,Class I,"Innova Adult Dog Food-Red Meat-Large Bites, packaged 4-oz. (UPC 751485153032), 2.2-lb. (UPC 751485123554),  6-lb. (UPC 751485123547), 15-lb. (UPC 751485123530),  and 30-lb. (UPC 751485123523) bags.   Manufactured by Natura Pet Products, Santa Clara, CA.","39,863 bags",Product is potentially contaminated with Salmonella.,03/18/2013,01/21/2016,01/28/2016,01/27/2016,"All expiration dates prior to and including March 24, 2014"
Veterinary,No,,64642,Terminated,"Natura Manufacturing, Inc.",2779 Rademakers Way,N/A,Fremont,NE,	68025-8044,United States,Voluntary: Firm initiated,"Two or more of the following: Email, Fax, Letter, Press Release, Telephone, Visit","Distribution was nationwide.  Foreign distribution was made to Canada, Hong Kong, Korea, Japan, Malaysia, and Costa Rica.",V-170-2016,Class I,"Innova Adult Dog Food-Red Meat-Small Bites, packaged 4-oz. (UPC 751485153049), 2.2-lb. (UPC 751485123592),  6-lb. (UPC 751485123585), 15-lb. (UPC 751485123578),  and 30-lb. (UPC 751485123561) bags.   Manufactured by Natura Pet Products, Santa Clara, CA.","54,560 bags",Product is potentially contaminated with Salmonella.,03/18/2013,01/21/2016,01/28/2016,01/27/2016,"All expiration dates prior to and including March 24, 2014"
Veterinary,No,,64642,Terminated,"Natura Manufacturing, Inc.",2779 Rademakers Way,N/A,Fremont,NE,	68025-8044,United States,Voluntary: Firm initiated,"Two or more of the following: Email, Fax, Letter, Press Release, Telephone, Visit","Distribution was nationwide.  Foreign distribution was made to Canada, Hong Kong, Korea, Japan, Malaysia, and Costa Rica.",V-171-2016,Class I,"Karma Organic Food for Dogs, packaged in 4-oz. (UPC 751485150017) and 7-lb. (UPC 751485601021) bags.  Manufactured in Fremont, NE, Natura Pet Products.","44,530 bags",Product is potentially contaminated with Salmonella.,03/18/2013,01/21/2016,01/28/2016,01/27/2016,"All expiration dates prior to and including March 24, 2014"
Veterinary,No,,64411,Terminated,"Nutri-Vet, LLC",495 N Dupont Ave,N/A,Boise,ID,	83713-5906,United States,Voluntary: Firm initiated,"Two or more of the following: Email, Fax, Letter, Press Release, Telephone, Visit","distributed nationwide and also to Hong Kong, Malaysia, Panama, and Singapore.",V-173-2013,Class I,"NutriPet Natural Chicken Fillet Strips, Item # 76-0081, Net wt. 16oz.  There is NO UPC for this product.    Product is labeled in parts: ""***NUTRIPET***Naturally Chicken Fillet Strips***95% Fat-Free Treats for Dogs***NET WT. 16 oz***76-0081***"".",672/16 oz. packages,Nutri-Pet Chicken Jerky products are recalled because they may be contaminated with Salmonella.,02/20/2013,05/17/2013,08/07/2013,05/29/2013,Lot 2095 and expiration date 07/2014.
Veterinary,No,,64411,Terminated,"Nutri-Vet, LLC",495 N Dupont Ave,N/A,Boise,ID,	83713-5906,United States,Voluntary: Firm initiated,"Two or more of the following: Email, Fax, Letter, Press Release, Telephone, Visit","distributed nationwide and also to Hong Kong, Malaysia, Panama, and Singapore.",V-174-2013,Class I,"Nutri-Vet Natural Chicken Breast Treats with Glucosamine for Dogs Promotes Joint Health, has net weight 5 oz or 15 oz.      The 5 oz. package, item 50704, has the UPC  6 69125 50704 9.  The 15 oz package, item 50705, has the UPC 6 69125 50705 6.    Product is labeled in parts: ""***NUTRIVET***Naturally Chicken Breast Treats***with glucosamine for Dogs Promote Joint Health***"".",1992/5 oz. Packages and 3576/15 oz. Packages,Nutri-Vet Chicken Jerky products are recalled because they may be contaminated with Salmonella.,02/20/2013,05/17/2013,08/07/2013,05/29/2013,5 oz packages have lot 072114  and expiration date 07/2014.  15 oz. packages have lot 061114 and 061514 and expiration date 06/2014.
Veterinary,No,,66009,Terminated,Procter & Gamble Co,8700 Mason Montgomery Rd,N/A,Mason,OH,	45040-9462,United States,Voluntary: Firm initiated,"Two or more of the following: Email, Fax, Letter, Press Release, Telephone, Visit","AL, CT, FL, DE, GA, LA, MA, MD, ME, MS, NC, NH, NJ, NY, SC, PA and VA.",V-174-2015,Class I,"Eukanuba Dog Food Base Large Breed Mature Adult, 15 lb. (UPC: 19014270156), and 30 lb. (UPC: 19014270309) bags","211,161 bags total",Product has the potential to be contaminated with Salmonella.,08/13/2013,11/04/2014,03/21/2017,11/12/2014,"Lot Code: 31874177, Best by Date: 6Nov14."
Veterinary,No,,64642,Terminated,"Natura Manufacturing, Inc.",2779 Rademakers Way,N/A,Fremont,NE,	68025-8044,United States,Voluntary: Firm initiated,"Two or more of the following: Email, Fax, Letter, Press Release, Telephone, Visit","Distribution was nationwide.  Foreign distribution was made to Canada, Hong Kong, Korea, Japan, Malaysia, and Costa Rica.",V-174-2016,Class I,"California Natural Chicken Meal & Rice Formula Adult Dog Food, packaged in 4-oz. (UPC 751485158839), 5-lb. (UPC 751485823775), 15-lb. (UPC 751485823515), 30-lb. (UPC 751485823508), and 30-lb. bilingual (UPC 751485125596) bags.  The firm name on the label is Natura Pet Products, Fremont, NE.","355,214 bags",Product is potentially contaminated with Salmonella.,03/18/2013,01/21/2016,01/28/2016,01/27/2016,"All expiration dates prior to and including March 24, 2014"
Veterinary,No,,64411,Terminated,"Nutri-Vet, LLC",495 N Dupont Ave,N/A,Boise,ID,	83713-5906,United States,Voluntary: Firm initiated,"Two or more of the following: Email, Fax, Letter, Press Release, Telephone, Visit","distributed nationwide and also to Hong Kong, Malaysia, Panama, and Singapore.",V-175-2013,Class I,"Nutri-Vet Natural Chicken Breast Treats with Omega 3 for Dogs Promotes a Glossy Coat   has a net weight 5 oz or 15 oz.    The  5 oz. package, item 50706, has the UPC  6 69125 50706 3;  The 15 oz package, item 50707, has the UPC 6 69125 50707 0;      Product is labeled in parts: ""***NUTRIVET***Natural Chicken Breast Treats*** with Omega 3 for Dogs Promotes a Glossy Coat***"".",1992/5 oz. packages and 3600/15 oz. packages,Nutri-Vet Chicken Jerky products are recalled because they may be contaminated with Salmonella.,02/20/2013,05/17/2013,08/07/2013,05/29/2013,5 oz. packages have lot 072314 and expiration date 07/2014.  15 oz. packages have lot 061514 and expiration date 06/2014.
Veterinary,No,,66009,Terminated,Procter & Gamble Co,8700 Mason Montgomery Rd,N/A,Mason,OH,	45040-9462,United States,Voluntary: Firm initiated,"Two or more of the following: Email, Fax, Letter, Press Release, Telephone, Visit","AL, CT, FL, DE, GA, LA, MA, MD, ME, MS, NC, NH, NJ, NY, SC, PA and VA.",V-175-2015,Class I,"Eukanuba Dog Food Base Maintenance Mature Adult, 30 lb bag, UPC: 19014149308",N/A,Product has the potential to be contaminated with Salmonella.,08/13/2013,11/04/2014,03/21/2017,11/12/2014,"Lot Code: 31954177, Best by Date: 14Nov14."
Veterinary,No,,64642,Terminated,"Natura Manufacturing, Inc.",2779 Rademakers Way,N/A,Fremont,NE,	68025-8044,United States,Voluntary: Firm initiated,"Two or more of the following: Email, Fax, Letter, Press Release, Telephone, Visit","Distribution was nationwide.  Foreign distribution was made to Canada, Hong Kong, Korea, Japan, Malaysia, and Costa Rica.",V-175-2016,Class I,"California Natural Rice & Chicken Meal Formula Low Fat Adult Dog Food, packaged in 4-oz. (UPC 751485158891), 5-lb. (UPC 751485823621), 15-lb. (UPC 751485823553), and 30-lb. (UPC 751485823546) bags.  The firm name on the label is Natura Pet Products, Santa Clara, CA.","94,611 bags",Product is potentially contaminated with Salmonella.,03/18/2013,01/21/2016,01/28/2016,01/27/2016,"All expiration dates prior to and including March 24, 2014"
Veterinary,No,,64411,Terminated,"Nutri-Vet, LLC",495 N Dupont Ave,N/A,Boise,ID,	83713-5906,United States,Voluntary: Firm initiated,"Two or more of the following: Email, Fax, Letter, Press Release, Telephone, Visit","distributed nationwide and also to Hong Kong, Malaysia, Panama, and Singapore.",V-176-2013,Class I,"Nutri-Vet Natural Chicken Breast Treats with Chamomile and Ginger for Dogs Helps Reduce Stress and Anxiety,  has a net weight 5 oz or 15 oz.    The  5 oz. package, item 50708, has the UPC  6 69125 50708 7.  The 15 oz package, item 50709, has the UPC 6 69125 50709 4.      Product is labeled in parts: ""***NUTRIVET*** Natural Chicken Breast Treats***with Chamomile and Ginger for Dogs Helps Reduce Stress and Anxiety***"".",1992/5 oz. packages and 3466/15 oz packages,Nutri-Vet Chicken Jerky products are recalled because they may be contaminated with Salmonella.,02/20/2013,05/17/2013,08/07/2013,05/29/2013,5 oz. packages have lot 072214 and expiration date 07/2014.  15 oz. packages have lot 060714 and 061514 and expiration date 06/2014.
Veterinary,No,,66009,Terminated,Procter & Gamble Co,8700 Mason Montgomery Rd,N/A,Mason,OH,	45040-9462,United States,Voluntary: Firm initiated,"Two or more of the following: Email, Fax, Letter, Press Release, Telephone, Visit","AL, CT, FL, DE, GA, LA, MA, MD, ME, MS, NC, NH, NJ, NY, SC, PA and VA.",V-176-2015,Class I,"Eukanuba Dog Food Base Small Breed Adult, 4 lb (UPC: 19014039722) and 16 lb (UPC: 19014010516) bags",N/A,Product has the potential to be contaminated with Salmonella.,08/13/2013,11/04/2014,03/21/2017,11/12/2014,"Lot Code: 31904177, Best by Date: 9Nov14."
Veterinary,No,,64642,Terminated,"Natura Manufacturing, Inc.",2779 Rademakers Way,N/A,Fremont,NE,	68025-8044,United States,Voluntary: Firm initiated,"Two or more of the following: Email, Fax, Letter, Press Release, Telephone, Visit","Distribution was nationwide.  Foreign distribution was made to Canada, Hong Kong, Korea, Japan, Malaysia, and Costa Rica.",V-176-2016,Class I,"California Natural Senior Dog-6+ years, Chicken Meal & Brown Rice Formula Senior Dog Food, packaged in 4-oz. (UPC 751485158990), 5-lb. (UPC 751485393773), 15-lb. (UPC 751485393766), and 30-lb. (UPC 751485393759) bags.  The firm name on the label is Natura Pet Products, Fremont, NE.","40,296 bags",Product is potentially contaminated with Salmonella.,03/18/2013,01/21/2016,01/28/2016,01/27/2016,"All expiration dates prior to and including March 24, 2014"
Veterinary,No,,64411,Terminated,"Nutri-Vet, LLC",495 N Dupont Ave,N/A,Boise,ID,	83713-5906,United States,Voluntary: Firm initiated,"Two or more of the following: Email, Fax, Letter, Press Release, Telephone, Visit","distributed nationwide and also to Hong Kong, Malaysia, Panama, and Singapore.",V-177-2013,Class I,"Nutri-Vet Natural Chicken Breast Treats with Rosemary and Parsley for Dogs Promotes Fresh Breath,  has a net weight 5 oz or 15 oz.    The  5 oz. package, item 50710, has the UPC 6 69125 50710 0.  The 15 oz package, item 50711, has the UPC 6 69125 50711 7.    Product is labeled in parts: ""***NUTRIVET*** Natural Chicken Breast Treats*** with Rosemary and Parsley for Dogs Promotes Fresh Breath***"".",1992/5 oz Packages and 3095/15 oz. Packages,Nutri-Vet Chicken Jerky products are recalled because they may be contaminated with Salmonella.,02/20/2013,05/17/2013,08/07/2013,05/29/2013,5 oz. packages have lot  072314 and expiration date 07/2014.  15 oz. packages have lot 060714 and 060814 and expiration date 06/2014.
Veterinary,No,,66009,Terminated,Procter & Gamble Co,8700 Mason Montgomery Rd,N/A,Mason,OH,	45040-9462,United States,Voluntary: Firm initiated,"Two or more of the following: Email, Fax, Letter, Press Release, Telephone, Visit","AL, CT, FL, DE, GA, LA, MA, MD, ME, MS, NC, NH, NJ, NY, SC, PA and VA.",V-177-2015,Class I,"Eukanuba Dog Food Breed Specific Chihuahua Adult, 4 lb bags, UPC: 19014607037",N/A,Product has the potential to be contaminated with Salmonella.,08/13/2013,11/04/2014,03/21/2017,11/12/2014,"Lot Code: 31884177, Best by Date: 7Nov14."
Veterinary,No,,64642,Terminated,"Natura Manufacturing, Inc.",2779 Rademakers Way,N/A,Fremont,NE,	68025-8044,United States,Voluntary: Firm initiated,"Two or more of the following: Email, Fax, Letter, Press Release, Telephone, Visit","Distribution was nationwide.  Foreign distribution was made to Canada, Hong Kong, Korea, Japan, Malaysia, and Costa Rica.",V-177-2016,Class I,"California Natural Herring & Sweet Potato Formula Adult Dog Food, packaged in 4-oz. (UPC 751485158905), 5-lb. (UPC 751485397030), 15-lb. (UPC 751485397054), 30-lb. (UPC 751485397047), and 30-lb. bilingual (UPC 751485125602) bags.  The firm name on the label is Natura Pet Products, Santa Clara, CA.","280,785 bags",Product is potentially contaminated with Salmonella.,03/18/2013,01/21/2016,01/28/2016,01/27/2016,"All expiration dates prior to and including March 24, 2014"
Veterinary,No,,61805,Terminated,Natural Balance Pet Food Inc.,12924 Pierce St,N/A,Pacoima,CA,	91331-2526,United States,Voluntary: Firm initiated,Letter,"Nationwide:  PA, NC, AL, FL, OH, WI, MN, IL, MI, NJ, GA, TX, MA, CA    Worldwide:  Taiwan, Israel, and Canada.",V-178-2012,Class I,5 LB Natural Balance Sweet Potato & Venison Dog UPC# 7-23633-88650-5,"4,212 units",The recall was initiated because Natural Balance Pet Foods has confirmed that certain dry pet food formulas manufactured by Diamond Pet Foods may be contaminated with Salmonella.,05/04/2012,07/17/2012,03/15/2013,07/25/2012,"UPC# 7-23633-88650-5,     Lot Code NBH1202 Best By Date: December 12, 2012; December 13, 2012.    Lot Code NBH0103 Best By Date: March 13, 2013."
Veterinary,No,,64411,Terminated,"Nutri-Vet, LLC",495 N Dupont Ave,N/A,Boise,ID,	83713-5906,United States,Voluntary: Firm initiated,"Two or more of the following: Email, Fax, Letter, Press Release, Telephone, Visit","distributed nationwide and also to Hong Kong, Malaysia, Panama, and Singapore.",V-178-2013,Class I,"Nutri-Vet Natural Chicken Breast Treats with Antioxidants for SENIOR Dogs Promotes Health and Vitality.  Item number is 50712 and has net weight 5 oz. The UPC is 6 69125 50712 4    Product is labeled in parts: ""***NUTRIVET*** Natural Chicken Breast Treats*** Antioxidants for SENIOR dogs Promotes Health and Vitality***"".",1992/5 oz. Packages,Nutri-Vet Chicken Jerky products are recalled because they may be contaminated with Salmonella.,02/20/2013,05/17/2013,08/07/2013,05/29/2013,Lot number 062914 and expiration date 06/2014
Veterinary,No,,66009,Terminated,Procter & Gamble Co,8700 Mason Montgomery Rd,N/A,Mason,OH,	45040-9462,United States,Voluntary: Firm initiated,"Two or more of the following: Email, Fax, Letter, Press Release, Telephone, Visit","AL, CT, FL, DE, GA, LA, MA, MD, ME, MS, NC, NH, NJ, NY, SC, PA and VA.",V-178-2015,Class I,"Eukanuba Dog Food Breed Specific Labrador Retriever Adult, 36 lb bags, UPC: 19014019564",N/A,Product has the potential to be contaminated with Salmonella.,08/13/2013,11/04/2014,03/21/2017,11/12/2014,"Lot Code: 31954177, Best by Date: 14Nov14."
Veterinary,No,,64642,Terminated,"Natura Manufacturing, Inc.",2779 Rademakers Way,N/A,Fremont,NE,	68025-8044,United States,Voluntary: Firm initiated,"Two or more of the following: Email, Fax, Letter, Press Release, Telephone, Visit","Distribution was nationwide.  Foreign distribution was made to Canada, Hong Kong, Korea, Japan, Malaysia, and Costa Rica.",V-178-2016,Class I,"California Natural Grain Free Kangaroo & Red Lentils Formula Adult Dog Food, packaged in 4-oz. (UPC 751485159874), 5-lb. (UPC 751485399423), 15-lb. (UPC 751485399416), 30-lb. (UPC 751485399409), and 30-lb. bilingual (UPC 751485125640) bags.  Manufactured by Natura Pet Products, Inc., Fremont, NE.","191,083 bags",Product is potentially contaminated with Salmonella.,03/18/2013,01/21/2016,01/28/2016,01/27/2016,"All expiration dates prior to and including March 24, 2014"
Veterinary,No,,61805,Terminated,Natural Balance Pet Food Inc.,12924 Pierce St,N/A,Pacoima,CA,	91331-2526,United States,Voluntary: Firm initiated,Letter,"Nationwide:  PA, NC, AL, FL, OH, WI, MN, IL, MI, NJ, GA, TX, MA, CA    Worldwide:  Taiwan, Israel, and Canada.",V-179-2012,Class I,15 LB Natural Balance Sweet Potato & Venison Dog,"8,568 units",The recall was initiated because Natural Balance Pet Foods has confirmed that certain dry pet food formulas manufactured by Diamond Pet Foods may be contaminated with Salmonella.,05/04/2012,07/17/2012,03/15/2013,07/25/2012,"UPC# 7-23633-88615-4,     Lot Code NBH0101 Best By Date: March 5, 2013; March 6, 2013.  Lot Code NBH1202 Best By Date: December 12, 2012; December 13, 2012.  Lot Code NBH1203 Best By Date: December 13, 2012; December 14, 2012."
Veterinary,No,,64411,Terminated,"Nutri-Vet, LLC",495 N Dupont Ave,N/A,Boise,ID,	83713-5906,United States,Voluntary: Firm initiated,"Two or more of the following: Email, Fax, Letter, Press Release, Telephone, Visit","distributed nationwide and also to Hong Kong, Malaysia, Panama, and Singapore.",V-179-2013,Class I,"Nutri-Vet Natural Chicken Breast Treats with Enzymes for Dogs Promotes Healthy Digestion.  Item  number is 50714, net weight 5 oz, and the  UPC is 6 69125 50714 8.    Product is labeled in parts: ""***NUTRIVET*** Natural Chicken Breast Treats with Enzymes for Dogs Promotes Healthy Digestion***"".",1992/5 oz. Packages,Nutri-Vet Chicken Jerky products are recalled because they may be contaminated with Salmonella.,02/20/2013,05/17/2013,08/07/2013,05/29/2013,lot number 072614 and expiration date 07/2014
Veterinary,No,,66009,Terminated,Procter & Gamble Co,8700 Mason Montgomery Rd,N/A,Mason,OH,	45040-9462,United States,Voluntary: Firm initiated,"Two or more of the following: Email, Fax, Letter, Press Release, Telephone, Visit","AL, CT, FL, DE, GA, LA, MA, MD, ME, MS, NC, NH, NJ, NY, SC, PA and VA.",V-179-2015,Class I,"Eukanuba Dog Food Premium Performance 30/20 Adult, 33 lb bags, UPC: 19014609475",N/A,Product has the potential to be contaminated with Salmonella.,08/13/2013,11/04/2014,03/21/2017,11/12/2014,"Lot Code: 31884177, Best by Date: 7Nov14."
Veterinary,No,,64642,Terminated,"Natura Manufacturing, Inc.",2779 Rademakers Way,N/A,Fremont,NE,	68025-8044,United States,Voluntary: Firm initiated,"Two or more of the following: Email, Fax, Letter, Press Release, Telephone, Visit","Distribution was nationwide.  Foreign distribution was made to Canada, Hong Kong, Korea, Japan, Malaysia, and Costa Rica.",V-179-2016,Class I,"California Natural Rice & Lamb Meal Formula Low Fat Adult Dog Food, packaged in 4-oz. (UPC 751485158822), 5-lb. (UPC 751485393353), 15-lb. (UPC 751485393551), and 30-lb. (UPC 751485393544) bags.  The firm name on the label is Natura Pet Products, Santa Clara, CA.","163,639 bags",Product is potentially contaminated with Salmonella.,03/18/2013,01/21/2016,01/28/2016,01/27/2016,"All expiration dates prior to and including March 24, 2014"
Veterinary,No,,61805,Terminated,Natural Balance Pet Food Inc.,12924 Pierce St,N/A,Pacoima,CA,	91331-2526,United States,Voluntary: Firm initiated,Letter,"Nationwide:  PA, NC, AL, FL, OH, WI, MN, IL, MI, NJ, GA, TX, MA, CA    Worldwide:  Taiwan, Israel, and Canada.",V-180-2012,Class I,28 LB Natural Balance Sweet Potato & Venison Dog,"28,652 units",The recall was initiated because Natural Balance Pet Foods has confirmed that certain dry pet food formulas manufactured by Diamond Pet Foods may be contaminated with Salmonella.,05/04/2012,07/17/2012,03/15/2013,07/25/2012,"UPC# 7-23633-88628-4,     Lot Code NBH0101 Best By Date: March 5, 2013; March 6, 2013.  Lot Code NBH0102 Best By Date: March 7, 2013; March 8, 2013.  Lot Code NBH0103 Best By Date: March 12, 2013.  Lot Code NBH1202 Best By Date: December 12, 2012; December 13, 2012. Lot Code NBH1203 Best By Date: December 13, 2012; December 14, 2012."
Veterinary,No,,64411,Terminated,"Nutri-Vet, LLC",495 N Dupont Ave,N/A,Boise,ID,	83713-5906,United States,Voluntary: Firm initiated,"Two or more of the following: Email, Fax, Letter, Press Release, Telephone, Visit","distributed nationwide and also to Hong Kong, Malaysia, Panama, and Singapore.",V-180-2013,Class I,"Nutri-Vet Natural Chicken Breast Treats with L-Carnitine for Dogs Promotes Healthy Weight.  The net weight is 5 oz,  item number is 50716.  The UPC is 6 69125 50716 2.    Product is labeled in parts: ""***NUTRIVET*** Natural Chicken Breast Treats*** with L-Carnitine for Dogs Promotes Healthy Weight.***"".",1992/5 oz. Packages,Nutri-Vet Chicken Jerky products are recalled because they may be contaminated with Salmonella.,02/20/2013,05/17/2013,08/07/2013,05/29/2013,lot number 072514 and expiration date 07/2014
Veterinary,No,,66009,Terminated,Procter & Gamble Co,8700 Mason Montgomery Rd,N/A,Mason,OH,	45040-9462,United States,Voluntary: Firm initiated,"Two or more of the following: Email, Fax, Letter, Press Release, Telephone, Visit","AL, CT, FL, DE, GA, LA, MA, MD, ME, MS, NC, NH, NJ, NY, SC, PA and VA.",V-180-2015,Class I,"Eukanuba Dog Food Professional Feeding Bag Small Breed Puppy, 44 lb bags, UPC: 19014113194",N/A,Product has the potential to be contaminated with Salmonella.,08/13/2013,11/04/2014,03/21/2017,11/12/2014,"Lot Code: 31874177, Best by Date: 6Nov14."
Veterinary,No,,64642,Terminated,"Natura Manufacturing, Inc.",2779 Rademakers Way,N/A,Fremont,NE,	68025-8044,United States,Voluntary: Firm initiated,"Two or more of the following: Email, Fax, Letter, Press Release, Telephone, Visit","Distribution was nationwide.  Foreign distribution was made to Canada, Hong Kong, Korea, Japan, Malaysia, and Costa Rica.",V-180-2016,Class I,"California Natural Grain Free Salmon Meal & Peas Formula Adult Dog Food, packaged in 4-oz. (UPC 751485158778), 5-lb. (UPC 751485393803), 15-lb. (UPC 751485393797), 30-lb. (UPC 751485393780), and 30-lb. bilingual (UPC 751485125657) bags.   Manufactured by Natura Pet Products, Inc., Fremont, NE.","141,567 bags",Product is potentially contaminated with Salmonella.,03/18/2013,01/21/2016,01/28/2016,01/27/2016,"All expiration dates prior to and including March 24, 2014"
Veterinary,No,,61805,Terminated,Natural Balance Pet Food Inc.,12924 Pierce St,N/A,Pacoima,CA,	91331-2526,United States,Voluntary: Firm initiated,Letter,"Nationwide:  PA, NC, AL, FL, OH, WI, MN, IL, MI, NJ, GA, TX, MA, CA    Worldwide:  Taiwan, Israel, and Canada.",V-181-2012,Class I,5 LB Natural Balance Lamb Meal & Brown Rice Dog,"5,298 units",The recall was initiated because Natural Balance Pet Foods has confirmed that certain dry pet food formulas manufactured by Diamond Pet Foods may be contaminated with Salmonella.,05/04/2012,07/17/2012,03/15/2013,07/25/2012,"UPC# 7-23633-78755-0,     Lot Code NBR1202 Best By Date: December 10, 2012.  Lot Code NBR1203 Best By Date: December 21, 2012; December 22, 2012."
Veterinary,No,,64411,Terminated,"Nutri-Vet, LLC",495 N Dupont Ave,N/A,Boise,ID,	83713-5906,United States,Voluntary: Firm initiated,"Two or more of the following: Email, Fax, Letter, Press Release, Telephone, Visit","distributed nationwide and also to Hong Kong, Malaysia, Panama, and Singapore.",V-181-2013,Class I,"Nutri-Vet Natural Chicken Breast Treats for Dogs, 5 oz. package, Item 50701, has the UPC 6 69125 50701 8;    Nutri-Vet K9 Natural Chicken Breast Treats, 8 oz. package, Item 50702, has the UPC 6 69125 50702 5;     Nutri-Vet K9 Natural Chicken Breast Treats, 16 oz. package, Item 50703, has the UPC 6 69125 50703 2;    Product is labeled in parts: ""***NUTRIVET*** Natural Chicken Breast Treats for Dogs***VETERINARY FORMULATED***"".",1986/5 oz. Packages; 1992/8 oz. Packages; and 2016/16 oz. Packages,Nutri-Vet Chicken Jerky products are recalled because they may be contaminated with Salmonella.,02/20/2013,05/17/2013,08/07/2013,05/29/2013,5 oz packages have lot code 072514 and expiration date 07/2014.  8 oz. packages have lot code 072514 and expiration date 07/2014.  16 oz. packages have lot code 061214 and 061414 and expiration date 06/2014/
Veterinary,No,,66009,Terminated,Procter & Gamble Co,8700 Mason Montgomery Rd,N/A,Mason,OH,	45040-9462,United States,Voluntary: Firm initiated,"Two or more of the following: Email, Fax, Letter, Press Release, Telephone, Visit","AL, CT, FL, DE, GA, LA, MA, MD, ME, MS, NC, NH, NJ, NY, SC, PA and VA.",V-181-2015,Class I,"Eukanuba Dog Food Weight Control Large Breed Adult, 30 lb bags, UPC: 19014269303",N/A,Product has the potential to be contaminated with Salmonella.,08/13/2013,11/04/2014,03/21/2017,11/12/2014,"Lot Code: 31894177, Best by Date: 8Nov14, Lot Code: 31924177, Best by Date: 11Nov14."
Veterinary,No,,61805,Terminated,Natural Balance Pet Food Inc.,12924 Pierce St,N/A,Pacoima,CA,	91331-2526,United States,Voluntary: Firm initiated,Letter,"Nationwide:  PA, NC, AL, FL, OH, WI, MN, IL, MI, NJ, GA, TX, MA, CA    Worldwide:  Taiwan, Israel, and Canada.",V-182-2012,Class I,15 LB Natural Balance Lamb Meal & Brown Rice Dog,"3,164 units",The recall was initiated because Natural Balance Pet Foods has confirmed that certain dry pet food formulas manufactured by Diamond Pet Foods may be contaminated with Salmonella.,05/04/2012,07/17/2012,03/15/2013,07/25/2012,"UPC# 7-23633-78715-4,     Lot Code NBR1202 Best By Date: December 10, 2012;   Lot Code NBR1203 Best By Date: December 21, 2012; December 22, 2012."
Veterinary,No,,64411,Terminated,"Nutri-Vet, LLC",495 N Dupont Ave,N/A,Boise,ID,	83713-5906,United States,Voluntary: Firm initiated,"Two or more of the following: Email, Fax, Letter, Press Release, Telephone, Visit","distributed nationwide and also to Hong Kong, Malaysia, Panama, and Singapore.",V-182-2013,Class I,"Nutri-Vet Hip & Joint Natural Chicken Breast Strips, 100 mg glucosamine per oz.  Product has item number 99044,  net weight of  8 oz, and the UPC is 6 69125 99044 5.    Product is labeled in parts: ""***NUTRIVET*** Natural Chicken Breast STRIPS***Early care for dogs***100 mg glucosamine per oz***Hip & Joint***"".",1728/8 oz. Packages,Nutri-Vet Chicken Jerky products are recalled because they may be contaminated with Salmonella.,02/20/2013,05/17/2013,08/07/2013,05/29/2013,lot code 072714 and expiration date 07/2014
Veterinary,No,,66009,Terminated,Procter & Gamble Co,8700 Mason Montgomery Rd,N/A,Mason,OH,	45040-9462,United States,Voluntary: Firm initiated,"Two or more of the following: Email, Fax, Letter, Press Release, Telephone, Visit","AL, CT, FL, DE, GA, LA, MA, MD, ME, MS, NC, NH, NJ, NY, SC, PA and VA.",V-182-2015,Class I,"Iams Dog Food Healthy Naturals Chicken Adult, 2.9 lb (UPC: 19014700165), 5 lb (UPC: 19014612635), 13.3 lb (UPC: 19014612017) and 25.7 lb bags (UPC: 19014700646)",N/A,Product has the potential to be contaminated with Salmonella.,08/13/2013,11/04/2014,03/21/2017,11/12/2014,"Lot Code: 31944177, Best by Date: 13Nov14 (2.9 lb.); Lot Code: 31904177, Best by date: 9Nov14 and Lot Code: 31914177, Best by Date: 10Nov14 (5 lb); Lot Code: 31884177, Best by Date: 7Nov14; Lot Code: 31904177, Best by Date: 9Nov14; Lot Code: 31924177, Best by Date: 11Nov14; Lot Code: 31934177, Best by Date: 12Nov14 and Lot Code: 31944177, Best by Date: 13Nov14 (13.3 lb) and Lot Code: 31884177, Best by Date: 7Nov14; Lot Code: 31894177, Best by Date: 8Nov14; Lot Code: 31904177, Best by Date: 9Nov14; Lot Code: 31914177, Best by Date: 10Nov14; and Lot Code: 31934177, Best by Date: 12Nov14 (25.7 lb)."
Veterinary,No,,64642,Terminated,"Natura Manufacturing, Inc.",2779 Rademakers Way,N/A,Fremont,NE,	68025-8044,United States,Voluntary: Firm initiated,"Two or more of the following: Email, Fax, Letter, Press Release, Telephone, Visit","Distribution was nationwide.  Foreign distribution was made to Canada, Hong Kong, Korea, Japan, Malaysia, and Costa Rica.",V-182-2016,Class I,"California Natural Grain Free Chicken Meal Formula Adult Dog Food, packaged in 4-oz. (UPC 751485158969), 5-lb. (UPC 751485393629), 15-lb. (UPC 751485393612), and 30-lb. (UPC 751485393605) bags.  The firm name on the label is Natura Pet Products, Davis, CA.","183,360 bags",Product is potentially contaminated with Salmonella.,03/18/2013,01/21/2016,01/28/2016,01/27/2016,"All expiration dates prior to and including March 24, 2014"
Veterinary,No,,61805,Terminated,Natural Balance Pet Food Inc.,12924 Pierce St,N/A,Pacoima,CA,	91331-2526,United States,Voluntary: Firm initiated,Letter,"Nationwide:  PA, NC, AL, FL, OH, WI, MN, IL, MI, NJ, GA, TX, MA, CA    Worldwide:  Taiwan, Israel, and Canada.",V-183-2012,Class I,28 LB Natural Balance Lamb Meal & Brown Rice Dog,"6,190 units",The recall was initiated because Natural Balance Pet Foods has confirmed that certain dry pet food formulas manufactured by Diamond Pet Foods may be contaminated with Salmonella.,05/04/2012,07/17/2012,03/15/2013,07/25/2012,"UPC# 7-23633-78728-4,     Lot Code NBR1202 Best By Date: December 10, 2012;  Lot Code NBR1203 Best By Date: December 21, 2012; December 22, 2012."
Veterinary,No,,66009,Terminated,Procter & Gamble Co,8700 Mason Montgomery Rd,N/A,Mason,OH,	45040-9462,United States,Voluntary: Firm initiated,"Two or more of the following: Email, Fax, Letter, Press Release, Telephone, Visit","AL, CT, FL, DE, GA, LA, MA, MD, ME, MS, NC, NH, NJ, NY, SC, PA and VA.",V-183-2015,Class I,"Iams Dog Food Healthy Naturals Weight Control Adult, 13.3 lb bags, UPC: 19014612024",N/A,Product has the potential to be contaminated with Salmonella.,08/13/2013,11/04/2014,03/21/2017,11/12/2014,"Lot Code: 31894177, Best by Date: 8Nov14"
Veterinary,No,,64642,Terminated,"Natura Manufacturing, Inc.",2779 Rademakers Way,N/A,Fremont,NE,	68025-8044,United States,Voluntary: Firm initiated,"Two or more of the following: Email, Fax, Letter, Press Release, Telephone, Visit","Distribution was nationwide.  Foreign distribution was made to Canada, Hong Kong, Korea, Japan, Malaysia, and Costa Rica.",V-183-2016,Class I,"California Natural Grain Free Lamb Meal Formula Adult Dog Food, packaged in 4-oz. (UPC 751485158976), 5-lb. (UPC 751485393674), 15-lb. (UPC 751485393667), 30-lb. (UPC 751485393650), and 30-lb. bilingual (UPC 751485125633) bags.  The firm name on the label is Natura Pet Products, Davis, CA.","142,515 bags",Product is potentially contaminated with Salmonella.,03/18/2013,01/21/2016,01/28/2016,01/27/2016,"All expiration dates prior to and including March 24, 2014"
Veterinary,No,,61805,Terminated,Natural Balance Pet Food Inc.,12924 Pierce St,N/A,Pacoima,CA,	91331-2526,United States,Voluntary: Firm initiated,Letter,"Nationwide:  PA, NC, AL, FL, OH, WI, MN, IL, MI, NJ, GA, TX, MA, CA    Worldwide:  Taiwan, Israel, and Canada.",V-184-2012,Class I,5 LB Natural Balance Sweet Potato & Bison Dog,"6,696 units",The recall was initiated because Natural Balance Pet Foods has confirmed that certain dry pet food formulas manufactured by Diamond Pet Foods may be contaminated with Salmonella.,05/04/2012,07/17/2012,03/15/2013,07/25/2012,"UPC# 7-23633-65553-8,     Lot Code NBT1202 Best By Date: December 17, 2012; December 18, 2012;  Lot Code NBT1203 Best By Date: December 28, 2012; December 29, 2012."
Veterinary,No,,66009,Terminated,Procter & Gamble Co,8700 Mason Montgomery Rd,N/A,Mason,OH,	45040-9462,United States,Voluntary: Firm initiated,"Two or more of the following: Email, Fax, Letter, Press Release, Telephone, Visit","AL, CT, FL, DE, GA, LA, MA, MD, ME, MS, NC, NH, NJ, NY, SC, PA and VA.",V-184-2015,Class I,"Iams Dog Food Premium Protection Chicken Adult, 12.1 lb bags, UPC: 19014611362",N/A,Product has the potential to be contaminated with Salmonella.,08/13/2013,11/04/2014,03/21/2017,11/12/2014,"Lot Code: 31894177, Best by Date: 8Nov14."
Veterinary,No,,64642,Terminated,"Natura Manufacturing, Inc.",2779 Rademakers Way,N/A,Fremont,NE,	68025-8044,United States,Voluntary: Firm initiated,"Two or more of the following: Email, Fax, Letter, Press Release, Telephone, Visit","Distribution was nationwide.  Foreign distribution was made to Canada, Hong Kong, Korea, Japan, Malaysia, and Costa Rica.",V-184-2016,Class I,"California Natural Grain Free Venison Meal Formula Adult Dog Food, packaged in 4-oz. (UPC 751485158983), 5-lb. (UPC 751485393728), 15-lb. (UPC 751485393711), 30-lb. (UPC 751485393704), and 30-lb. bilingual (UPC 751485125626) bags.  The firm name on the label is Natura Pet Products, Davis, CA.","201,510 bags",Product is potentially contaminated with Salmonella.,03/18/2013,01/21/2016,01/28/2016,01/27/2016,"All expiration dates prior to and including March 24, 2014"
Veterinary,No,,61805,Terminated,Natural Balance Pet Food Inc.,12924 Pierce St,N/A,Pacoima,CA,	91331-2526,United States,Voluntary: Firm initiated,Letter,"Nationwide:  PA, NC, AL, FL, OH, WI, MN, IL, MI, NJ, GA, TX, MA, CA    Worldwide:  Taiwan, Israel, and Canada.",V-185-2012,Class I,15 LB Natural Balance Sweet Potato & Bison Dog,"6,723 units",The recall was initiated because Natural Balance Pet Foods has confirmed that certain dry pet food formulas manufactured by Diamond Pet Foods may be contaminated with Salmonella.,05/04/2012,07/17/2012,03/15/2013,07/25/2012,"UPC# 7-23633-61718-5,     Lot Code NBT1201 Best By Date: December 9, 2012;  Lot Code NBT1202 Best By Date: December 17, 2012; December 18, 2012; Lot Code NBT1203 Best By Date: December 28, 2012; December 29, 2012."
Veterinary,No,,66009,Terminated,Procter & Gamble Co,8700 Mason Montgomery Rd,N/A,Mason,OH,	45040-9462,United States,Voluntary: Firm initiated,"Two or more of the following: Email, Fax, Letter, Press Release, Telephone, Visit","AL, CT, FL, DE, GA, LA, MA, MD, ME, MS, NC, NH, NJ, NY, SC, PA and VA.",V-185-2015,Class I,"Iams Dog Food ProActive Health Large Breed Senior Plus, 13.3 lb (UPC: 19014612000) and 26.2 lb bags (UPC: 19014700615)",N/A,Product has the potential to be contaminated with Salmonella.,08/13/2013,11/04/2014,03/21/2017,11/12/2014,"Lot Code: 31934177, Best by Date: 12Nov14 (both sizes)"
Veterinary,No,,64642,Terminated,"Natura Manufacturing, Inc.",2779 Rademakers Way,N/A,Fremont,NE,	68025-8044,United States,Voluntary: Firm initiated,"Two or more of the following: Email, Fax, Letter, Press Release, Telephone, Visit","Distribution was nationwide.  Foreign distribution was made to Canada, Hong Kong, Korea, Japan, Malaysia, and Costa Rica.",V-185-2016,Class I,"California Natural Lamb Meal & Rice Formula Large Bites Adult Dog Food, packaged in 4-oz. (UPC 751485158806), 5-lb. (UPC 751485393230), 15-lb. (UPC 751485393513), 30-lb. (UPC 751485393506), and 30-lb. bilingual (UPC 751485125619) bags.  The firm name on the label is Natura Pet Products, Santa Clara, CA.","387,344 bags",Product is potentially contaminated with Salmonella.,03/18/2013,01/21/2016,01/28/2016,01/27/2016,"All expiration dates prior to and including March 24, 2014"
Veterinary,No,,61805,Terminated,Natural Balance Pet Food Inc.,12924 Pierce St,N/A,Pacoima,CA,	91331-2526,United States,Voluntary: Firm initiated,Letter,"Nationwide:  PA, NC, AL, FL, OH, WI, MN, IL, MI, NJ, GA, TX, MA, CA    Worldwide:  Taiwan, Israel, and Canada.",V-186-2012,Class I,28 LB Natural Balance Sweet Potato & Bison Dog,"7,355 units",The recall was initiated because Natural Balance Pet Foods has confirmed that certain dry pet food formulas manufactured by Diamond Pet Foods may be contaminated with Salmonella.,05/04/2012,07/17/2012,03/15/2013,07/25/2012,"UPC# 7-23633-63031-3,     Lot Code NBT1201 Best By Date: December 9, 2012   Lot Code NBT1202 Best By Date: December 17, 2012; December 18, 2012; Lot Code NBT1203 Best By Date: December 28, 2012; December 29, 2012."
Veterinary,No,,66009,Terminated,Procter & Gamble Co,8700 Mason Montgomery Rd,N/A,Mason,OH,	45040-9462,United States,Voluntary: Firm initiated,"Two or more of the following: Email, Fax, Letter, Press Release, Telephone, Visit","AL, CT, FL, DE, GA, LA, MA, MD, ME, MS, NC, NH, NJ, NY, SC, PA and VA.",V-186-2015,Class I,"Iams Dog Food ProActive Health Large Chunks Adult, 15 lb bags, UPC: 19014610815",N/A,Product has the potential to be contaminated with Salmonella.,08/13/2013,11/04/2014,03/21/2017,11/12/2014,"Lot Code: 31944177, Best by Date: 13Nov14"
Veterinary,No,,64642,Terminated,"Natura Manufacturing, Inc.",2779 Rademakers Way,N/A,Fremont,NE,	68025-8044,United States,Voluntary: Firm initiated,"Two or more of the following: Email, Fax, Letter, Press Release, Telephone, Visit","Distribution was nationwide.  Foreign distribution was made to Canada, Hong Kong, Korea, Japan, Malaysia, and Costa Rica.",V-186-2016,Class I,"California Natural Lamb Meal & Rice Formula Small Bites Adult Dog Food, packaged in 4-oz. (UPC 751485158945), 5-lb. (UPC 751485393292), and 15-lb. (UPC 751485393568) bags.  The firm name on the label is Natura Pet Products, Santa Clara, CA.","237,412 bags",Product is potentially contaminated with Salmonella.,03/18/2013,01/21/2016,01/28/2016,01/27/2016,"All expiration dates prior to and including March 24, 2014"
Veterinary,No,,61805,Terminated,Natural Balance Pet Food Inc.,12924 Pierce St,N/A,Pacoima,CA,	91331-2526,United States,Voluntary: Firm initiated,Letter,"Nationwide:  PA, NC, AL, FL, OH, WI, MN, IL, MI, NJ, GA, TX, MA, CA    Worldwide:  Taiwan, Israel, and Canada.",V-187-2012,Class I,5 LB Natural Balance Vegetarian Dog,"2,730 units",The recall was initiated because Natural Balance Pet Foods has confirmed that certain dry pet food formulas manufactured by Diamond Pet Foods may be contaminated with Salmonella.,05/04/2012,07/17/2012,03/15/2013,07/25/2012,"UPC# 7-23633-80855-2,     Lot Code NBV1201 Best By Date: December 9, 2012."
Veterinary,No,,66009,Terminated,Procter & Gamble Co,8700 Mason Montgomery Rd,N/A,Mason,OH,	45040-9462,United States,Voluntary: Firm initiated,"Two or more of the following: Email, Fax, Letter, Press Release, Telephone, Visit","AL, CT, FL, DE, GA, LA, MA, MD, ME, MS, NC, NH, NJ, NY, SC, PA and VA.",V-187-2015,Class I,"Iams Dog Food ProActive Health Small Breed Adult, 3.1 lb (UPC: 19014700110), 13.3 lb (UPC: 19014610990) and 5 lb bags (UPC: 19014612055)",N/A,Product has the potential to be contaminated with Salmonella.,08/13/2013,11/04/2014,03/21/2017,11/12/2014,"Lot Code: 31874177, Best by Date: 6Nov14 & Lot Code: 31894177, Best by Date: 8Nov14 (3.1 lb), Lot Code: 31874177, Best by Date: 6Nov14, Lot Code: 31894177, Best by Date: 8Nov14 & Lot Code: 31924177, Best by Date: 11Nov14: (5 lb), and Lot Code: 31874177, Best by Date: 6Nov14, Lot Code: 31894177, Best by Date: 8Nov14 and Lot Code: 31924177, Best bt Date: 11Nov14 (13.3 lb)."
Veterinary,No,,61805,Terminated,Natural Balance Pet Food Inc.,12924 Pierce St,N/A,Pacoima,CA,	91331-2526,United States,Voluntary: Firm initiated,Letter,"Nationwide:  PA, NC, AL, FL, OH, WI, MN, IL, MI, NJ, GA, TX, MA, CA    Worldwide:  Taiwan, Israel, and Canada.",V-188-2012,Class I,28 LB Natural Balance Lamb Meal & Brown Rice Dog Large Breed Bites,"2,700 units",The recall was initiated because Natural Balance Pet Foods has confirmed that certain dry pet food formulas manufactured by Diamond Pet Foods may be contaminated with Salmonella.,05/04/2012,07/17/2012,03/15/2013,07/25/2012,"UPC# 7-23633-44443-9,     Lot Code NLB1202 Best By Date: December 12, 2012;  Lot Code NLB1203 Best By Date: December 20, 2012; December 21, 2012."
Veterinary,No,,66009,Terminated,Procter & Gamble Co,8700 Mason Montgomery Rd,N/A,Mason,OH,	45040-9462,United States,Voluntary: Firm initiated,"Two or more of the following: Email, Fax, Letter, Press Release, Telephone, Visit","AL, CT, FL, DE, GA, LA, MA, MD, ME, MS, NC, NH, NJ, NY, SC, PA and VA.",V-188-2015,Class I,"Iams Dog Food ProActive Health Small Breed Puppy, 5 lb bags UPC: 19014700943",N/A,Product has the potential to be contaminated with Salmonella.,08/13/2013,11/04/2014,03/21/2017,11/12/2014,"Lot Code: 31904177, Best by Date: 9Nov14."
Veterinary,No,,61805,Terminated,Natural Balance Pet Food Inc.,12924 Pierce St,N/A,Pacoima,CA,	91331-2526,United States,Voluntary: Firm initiated,Letter,"Nationwide:  PA, NC, AL, FL, OH, WI, MN, IL, MI, NJ, GA, TX, MA, CA    Worldwide:  Taiwan, Israel, and Canada.",V-189-2012,Class I,5 LB Natural Balance Lamb Meal & Brown Rice Dog Small Breed Bites,"2,952 units",The recall was initiated because Natural Balance Pet Foods has confirmed that certain dry pet food formulas manufactured by Diamond Pet Foods may be contaminated with Salmonella.,05/04/2012,07/17/2012,03/15/2013,07/25/2012,"UPC# 7-23633-42300-7,     Lot Code NSL1201 Best By Date: December 21, 2012."
Veterinary,No,,65475,Terminated,Natura Pet Products,2779 Rademakers Way,N/A,Fremont,NE,	68025-8044,United States,Voluntary: Firm initiated,Press Release,"Distribution was made to AZ, CA, CO, FL, GA, ID, IL, MI, MN, MT, NC, NJ, NV, NY, OH, PA, RI, TX, VT, and WA.",V-189-2016,Class I,"California Natural Lamb Meal & Rice Formula Large Bites Adult Dog Food, packaged in 4-oz. (UPC 751485158808), 5-lb. (UPC 751485393230), 15-lb. (UPC 751485393513), 30-lb. (UPC 751485393506), and 30-lb. bilingual (UPC 751485125619) bags. The firm name on the label is Natura Pet Products, Santa Clara, CA.","102,410 bags",The product may be contaminated with Salmonella.,06/18/2013,01/21/2016,01/28/2016,01/27/2016,"All expiration dates prior to and including June 9, 2014."
Veterinary,No,,61805,Terminated,Natural Balance Pet Food Inc.,12924 Pierce St,N/A,Pacoima,CA,	91331-2526,United States,Voluntary: Firm initiated,Letter,"Nationwide:  PA, NC, AL, FL, OH, WI, MN, IL, MI, NJ, GA, TX, MA, CA    Worldwide:  Taiwan, Israel, and Canada.",V-190-2012,Class I,12.5 LB Natural Balance Lamb Meal & Brown Rice Dog Small Breed Bites,"1,816 units",The recall was initiated because Natural Balance Pet Foods has confirmed that certain dry pet food formulas manufactured by Diamond Pet Foods may be contaminated with Salmonella.,05/04/2012,07/17/2012,03/15/2013,07/25/2012,"UPC# 7-23633-42301-4,     Lot Code NSL1201 Best By Date: December 21, 2012."
Veterinary,No,,56015,Terminated,Natural Balance Pet Food Inc.,12924 Pierce St,N/A,Pacoima,CA,	91331-2526,United States,N/A,N/A,"Nationwide to pet specialty stores in the states of Alaska, Arizona, Arkansas, California, Colorado, Hawaii, Idaho, Illinois, Iowa, Kansas, Louisiana, Minnesota, Mississippi, Missouri, Montana, Nevada, New Mexico, North Dakota, Oklahoma, Oregon, South Dakota, Texas, Utah, Washington, Wisconsin and Wyoming.",V-193-2010,Class I,"Natural Balance Sweet Potato & Chicken Dry Dog Food;  Best By  date of June 17, 2011; 5-lb. Bag, UPC Code: 7-23633-99000-4, and 28-lb. Bag, UPC Code: 7-23633-99002-8","28lb units( 2,576 bags), 5lb units (504 cases/3,024 bags)",The recall was initiated because the affected product has the potential to be contaminated with Salmonella.,06/17/2010,N/A,01/05/2011,,N/A
Veterinary,No,,65475,Terminated,Natura Pet Products,2779 Rademakers Way,N/A,Fremont,NE,	68025-8044,United States,Voluntary: Firm initiated,Press Release,"Distribution was made to AZ, CA, CO, FL, GA, ID, IL, MI, MN, MT, NC, NJ, NV, NY, OH, PA, RI, TX, VT, and WA.",V-193-2016,Class I,"California Natural Chicken Meal & Rice Formula Adult Dog Food, packaged in 4-oz. (UPC 751485158839),  5-lb. (UPC 751485823775), 15-lb. (UPC 751485823515), 30-lb. (UPC 751485823508), and 30-lb. bilingual (UPC 751485125596) bags. The firm name on the label is Natura Pet Products, Fremont, NE.",N/A,The product may be contaminated with Salmonella.,06/18/2013,01/21/2016,01/28/2016,01/27/2016,"All expiration dates prior to and including June 9, 2014."
Veterinary,No,,56140,Terminated,Tejas Industries Inc.,1977 E Us Highway 60,N/A,Hereford,TX,	79045-3631,United States,N/A,N/A,"California, Maryland, Illinois, Massachusetts, Florida, and Canada.",V-194-2010,Class I,"Merrick Delicious BEEF FILET SQUARES Dog Treats 10 oz (283g), Merrick Pet Care, P.O. Box 9800, Amarillo, TX 79105. UPC 022808600169.",82 cases,Pet treats may be contaminated with Salmonella.,07/02/2010,N/A,09/27/2012,,N/A
Veterinary,No,,65475,Terminated,Natura Pet Products,2779 Rademakers Way,N/A,Fremont,NE,	68025-8044,United States,Voluntary: Firm initiated,Press Release,"Distribution was made to AZ, CA, CO, FL, GA, ID, IL, MI, MN, MT, NC, NJ, NV, NY, OH, PA, RI, TX, VT, and WA.",V-195-2016,Class I,"California Natural Senior Dog-6+ years, Chicken Meal & Brown Rice Formula Senior Dog Food, packaged in 4-oz. (UPC 751485158990), 5-lb. (UPC 751485393773), 15-lb. (UPC 751485393766), and 30-lb. (UPC 751485393759) bags. The firm name on the label is Natura Pet Products, Fremont, NE.","6,862 bags",The product may be contaminated with Salmonella.,06/18/2013,01/21/2016,01/28/2016,01/27/2016,"All expiration dates prior to and including June 9, 2014."
Veterinary,No,,65475,Terminated,Natura Pet Products,2779 Rademakers Way,N/A,Fremont,NE,	68025-8044,United States,Voluntary: Firm initiated,Press Release,"Distribution was made to AZ, CA, CO, FL, GA, ID, IL, MI, MN, MT, NC, NJ, NV, NY, OH, PA, RI, TX, VT, and WA.",V-196-2016,Class I,"California Natural Grain Free Chicken Meal Formula Adult Dog Food, packaged in 4-oz. (UPC 751485158969), 5-lb. (UPC 751485393629), 15-lb. (UPC 751485393612), and 30-lb. (UPC 751485393605) bags. The firm name on the label is Natura Pet Products, Davis, CA.","26,998 bags",The product may be contaminated with Salmonella.,06/18/2013,01/21/2016,01/28/2016,01/27/2016,"All expiration dates prior to and including June 9, 2014."
Veterinary,No,,65475,Terminated,Natura Pet Products,2779 Rademakers Way,N/A,Fremont,NE,	68025-8044,United States,Voluntary: Firm initiated,Press Release,"Distribution was made to AZ, CA, CO, FL, GA, ID, IL, MI, MN, MT, NC, NJ, NV, NY, OH, PA, RI, TX, VT, and WA.",V-197-2016,Class I,"California Natural Herring & Sweet Potato Formula Adult Dog Food, packaged in 4-oz. (UPC 751485158905), 5-lb. (UPC 751485397030), 15-lb. (UPC 751485397054), 30-lb. (UPC 751485397047), and 30-lb. bilingual (UPC 751485125602) bags. The firm name on the label is Natura Pet Products, Santa Clara, CA.",N/A,The product may be contaminated with Salmonella.,06/18/2013,01/21/2016,01/28/2016,01/27/2016,"All expiration dates prior to and including June 9, 2014."
Veterinary,No,,66009,Terminated,Procter & Gamble Co,8700 Mason Montgomery Rd,N/A,Mason,OH,	45040-9462,United States,Voluntary: Firm initiated,"Two or more of the following: Email, Fax, Letter, Press Release, Telephone, Visit","AL, CT, FL, DE, GA, LA, MA, MD, ME, MS, NC, NH, NJ, NY, SC, PA and VA.",V-199-2015,Class I,"Eukanuba Dog Food Base Maintenance Puppy, 5 lb. (UPC 19014039852), 16.5 lb. (UPC 19014042234), and 33 lb. (UPC 19014609468) bags",N/A,Product has the potential to be contaminated with Salmonella.,08/13/2013,11/04/2014,03/21/2017,11/12/2014,"Lot Code: 31884177, Best by Date: 7Nov14"
Veterinary,No,,65475,Terminated,Natura Pet Products,2779 Rademakers Way,N/A,Fremont,NE,	68025-8044,United States,Voluntary: Firm initiated,Press Release,"Distribution was made to AZ, CA, CO, FL, GA, ID, IL, MI, MN, MT, NC, NJ, NV, NY, OH, PA, RI, TX, VT, and WA.",V-199-2016,Class I,"California Natural Lamb Meal & Rice Formula Small Bites Adult Dog Food, packaged in 4-oz. (UPC 751485158945), 5-lb. (UPC 751485393292), and 15-lb. (UPC 751485393568) bags. The firm name on the label is Natura Pet Products, Santa Clara, CA.","56,043 bags",The product may be contaminated with Salmonella.,06/18/2013,01/21/2016,01/28/2016,01/27/2016,"All expiration dates prior to and including June 9, 2014."
Veterinary,No,,61897,Terminated,Diamond Pet Foods,103 N Olive St,PO Box 156,Meta,MO,	65058-0156,United States,Voluntary: Firm initiated,"Two or more of the following: Email, Fax, Letter, Press Release, Telephone, Visit","Distribution was made to AR, CO, IL, KY, LA, MI, MN, MO, OK, NE, PA, SD, TN, TX, and WI,",V-200-2012,Class I,"Diamond Pet Foods Naturals Small Breed Adult Dog Lamb & Rice Formula, packaged in 6-lb. (6/case) and 18-lb. bags, and 6-oz. sample-size bags (30/case).   The firm name on the label is Diamond Pet Foods, Meta, MO.","4,218/6-lb., 1,802/18-lb., and 7,020/6-oz. bags",Contaminated with Salmonella,05/18/2012,08/21/2012,06/19/2013,08/29/2012,"Best Before 26Aug2012, 27-Sept 2012, 18-Oct-2012 and 20-Oct-2012"
Veterinary,No,,66009,Terminated,Procter & Gamble Co,8700 Mason Montgomery Rd,N/A,Mason,OH,	45040-9462,United States,Voluntary: Firm initiated,"Two or more of the following: Email, Fax, Letter, Press Release, Telephone, Visit","AL, CT, FL, DE, GA, LA, MA, MD, ME, MS, NC, NH, NJ, NY, SC, PA and VA.",V-200-2015,Class I,"Eukanuba Dog Food Base Small Breed Puppy, 4 lb. (UPC 19014039678), 16 lb. (UPC 19014010509), and 40 lb. (UPC 19014011070) bags",N/A,Product has the potential to be contaminated with Salmonella.,08/13/2013,11/04/2014,03/21/2017,11/12/2014,"Lot Code: 31874177, Best by Date: 6Nov14 (4 lb); Lot Code: 31944177, Best by Date 13Nov14 (16 lb) and Lot Code: 31874177, Best by Date 6Nov14 & Lot Code: 31944177, Best by Date 13Nov14 (40 lb)."
Veterinary,No,,65475,Terminated,Natura Pet Products,2779 Rademakers Way,N/A,Fremont,NE,	68025-8044,United States,Voluntary: Firm initiated,Press Release,"Distribution was made to AZ, CA, CO, FL, GA, ID, IL, MI, MN, MT, NC, NJ, NV, NY, OH, PA, RI, TX, VT, and WA.",V-200-2016,Class I,"California Natural Grain Free Kangaroo & Red Lentils Formula Adult Dog Food, packaged in 4-oz. (UPC 751485159874), 5-lb. (UPC 751485399423), 15-lb. (UPC 751485399416), 30-lb. (UPC 751485399409), and 30-lb. bilingual (UPC 751485125640) bags. Manufactured by Natura Pet Products, Inc., Fremont, NE.","11,732 bags",The product may be contaminated with Salmonella.,06/18/2013,01/21/2016,01/28/2016,01/27/2016,"All expiration dates prior to and including June 9, 2014."
Veterinary,No,,62469,Terminated,Mars Petcare USA,315 Cool Springs Blvd,N/A,Franklin,TN,	37067-1632,United States,Voluntary: Firm initiated,"Two or more of the following: Email, Fax, Letter, Press Release, Telephone, Visit","Product was shipped to the following states: AL, AR, AZ, CA, CO, CT, DE, FL, GA, HI, IA, IL, IN, KS, KY, LA, MA, MD, ME, MI, MN, MO, MS, NC, NH, NJ, NV, NY, OH, OR, PA, SC, TN, TX, UT, VA, WA, WI & WV.",V-201-2012,Class I,"PEDIGREE+¿ Healthy Weight Premium Ground Entr¿e in Meaty Juices, 375 g (13.2 oz) cans, FOOD FOR DOGS, Ingredients: Sufficient Water For Processing: Chicken, Meat By-Products, Liver, Chicken By-Products, chicken Breast, Carrots, Spinach, Brewers Rice***1-800-525-5273 Distributed by Mars Petcare US, Inc., P. O. Box 683006, Franklin, TN 37068-3006***, UPC 0 23100 34974 9","18,877 cs/12/13.2 oz cans = 226,524 cans",Product is being recalled because it may contain small pieces (2/3 x 2/3 x 2/5) of blue plastic. These pieces may represent a choking hazard to dogs.,06/29/2012,08/21/2012,06/10/2013,08/29/2012,"UPC 0 23100 34974 9, Each product will have a lot code printed on the end of the can that begins with 209, 210, 211 or 212 and a Best Before date that falls between 2/24/2014 and 3/23/2014."
Veterinary,No,,66009,Terminated,Procter & Gamble Co,8700 Mason Montgomery Rd,N/A,Mason,OH,	45040-9462,United States,Voluntary: Firm initiated,"Two or more of the following: Email, Fax, Letter, Press Release, Telephone, Visit","AL, CT, FL, DE, GA, LA, MA, MD, ME, MS, NC, NH, NJ, NY, SC, PA and VA.",V-201-2015,Class I,"Eukanuba Dog Food Breed Specific Boxer Adult, 36 lb. bags (UPC 19014019588)",N/A,Product has the potential to be contaminated with Salmonella.,08/13/2013,11/04/2014,03/21/2017,11/12/2014,"Lot Code: 31944177, Best by Date: 13Nov14 and  Lot Code: 31954177, Best by Date 14Nov14 ."
Veterinary,No,,65475,Terminated,Natura Pet Products,2779 Rademakers Way,N/A,Fremont,NE,	68025-8044,United States,Voluntary: Firm initiated,Press Release,"Distribution was made to AZ, CA, CO, FL, GA, ID, IL, MI, MN, MT, NC, NJ, NV, NY, OH, PA, RI, TX, VT, and WA.",V-201-2016,Class I,"California Natural Grain Free Lamb Meal Formula Adult Dog Food, packaged in 4-oz. (UPC 751485158976), 5-lb. (UPC 751485393674), 15-lb. (UPC 751485393667), 30-lb. (UPC 751485393650), and 30-lb. bilingual (UPC 751485125633) bags. The firm name on the label is Natura Pet Products, Davis, CA.","36,231 bags",The product may be contaminated with Salmonella.,06/18/2013,01/21/2016,01/28/2016,01/27/2016,"All expiration dates prior to and including June 9, 2014."
Veterinary,No,,66009,Terminated,Procter & Gamble Co,8700 Mason Montgomery Rd,N/A,Mason,OH,	45040-9462,United States,Voluntary: Firm initiated,"Two or more of the following: Email, Fax, Letter, Press Release, Telephone, Visit","AL, CT, FL, DE, GA, LA, MA, MD, ME, MS, NC, NH, NJ, NY, SC, PA and VA.",V-202-2015,Class I,"Iams Dog Food ProActive Health Large Breed Mature Adult, 30 lb. bags (UPC 19014611331)",N/A,Product has the potential to be contaminated with Salmonella.,08/13/2013,11/04/2014,03/21/2017,11/12/2014,"Lot Code: 31884177, Best by Date: 7Nov14."
Veterinary,No,,65475,Terminated,Natura Pet Products,2779 Rademakers Way,N/A,Fremont,NE,	68025-8044,United States,Voluntary: Firm initiated,Press Release,"Distribution was made to AZ, CA, CO, FL, GA, ID, IL, MI, MN, MT, NC, NJ, NV, NY, OH, PA, RI, TX, VT, and WA.",V-202-2016,Class I,"California Natural Grain Free Salmon Meal & Peas Formula Adult Dog Food, packaged in 4-oz. (UPC 751485158778), 5-lb. (UPC 751485393803), 15-lb. (UPC 751485393797), 30-lb. (UPC 751485393780), and 30-lb. bilingual (UPC 751485125657) bags. Manufactured by Natura Pet Products, Inc., Fremont, NE.","38,937 bags",The product may be contaminated with Salmonella.,06/18/2013,01/21/2016,01/28/2016,01/27/2016,"All expiration dates prior to and including June 9, 2014."
Veterinary,No,,65475,Terminated,Natura Pet Products,2779 Rademakers Way,N/A,Fremont,NE,	68025-8044,United States,Voluntary: Firm initiated,Press Release,"Distribution was made to AZ, CA, CO, FL, GA, ID, IL, MI, MN, MT, NC, NJ, NV, NY, OH, PA, RI, TX, VT, and WA.",V-203-2016,Class I,"California Natural Grain Free Venison Meal Formula Adult Dog Food, packaged in 4-oz. (UPC 751485158983), 5-lb. (UPC 751485393728), 15-lb. (UPC 751485393711), 30-lb. (UPC 751485393704), and 30-lb. bilingual (UPC 751485125626) bags. The firm name on the label is Natura Pet Products, Davis, CA.","44,873 bags",The product may be contaminated with Salmonella.,06/18/2013,01/21/2016,01/28/2016,01/27/2016,"All expiration dates prior to and including June 9, 2014."
Veterinary,No,,65475,Terminated,Natura Pet Products,2779 Rademakers Way,N/A,Fremont,NE,	68025-8044,United States,Voluntary: Firm initiated,Press Release,"Distribution was made to AZ, CA, CO, FL, GA, ID, IL, MI, MN, MT, NC, NJ, NV, NY, OH, PA, RI, TX, VT, and WA.",V-204-2016,Class I,"California Natural Lamb Meal & Rice Formula HealthBars-Large Bars for dogs, packaged in 4-lb. (UPC 751485393919), 26-oz. (UPC 751485393940), and 10-lb. (UPC 751485393964) bags. The firm name on the label is Natura Pet Products, Fremont, NE.",3354 bags,The product may be contaminated with Salmonella.,06/18/2013,01/21/2016,01/28/2016,01/27/2016,"All expiration dates prior to and including June 9, 2014."
Veterinary,No,,61581,Terminated,Diamond Pet Foods,103 N Olive St,PO Box 156,Meta,MO,	65058-0156,United States,Voluntary: Firm initiated,E-Mail,"AL, FL, GA, IA, KY, MD, MI, NY, NC, OH, PA, SC, TN, VA, Canada, Colombia, Japan and the Russian Federation.",V-205-2012,Class I,"Diamond Pet Foods, Naturals Lamb Meal & Rice Formula for Adult Dogs, Packed in 6 lb (UPC: 0 7419860995 6), 20 lb (UPC 0 7419860816 4), and 40 lb (UPC 0 7419860817 1) bags, Proudly made by Diamond Pet Food, Meta, Missouri.",7240 total units,Salmonella contamination.,04/05/2012,09/05/2012,05/27/2014,09/12/2012,"Product Code: DLR0101D3XALW, Best Before 04 Jan 2013 (6 lb bag); DLR0101C31XMF, Best Before 03 Jan 2013 (20 lb bag); DLR0101C31XMF, Best Before 03 Jan 3013; DLR0101C31XAG, Best Before 03 Jan 2013 and DLR0101D32XMS, Best Before 04 Jan 2013 (40 lb bags)."
Veterinary,No,,65475,Terminated,Natura Pet Products,2779 Rademakers Way,N/A,Fremont,NE,	68025-8044,United States,Voluntary: Firm initiated,Press Release,"Distribution was made to AZ, CA, CO, FL, GA, ID, IL, MI, MN, MT, NC, NJ, NV, NY, OH, PA, RI, TX, VT, and WA.",V-205-2016,Class I,"California Natural Lamb Meal & Rice Formula HealthBars-Small Bars for dogs, packaged in 4-lb. (UPC 751485393926), 26-oz. (UPC 751485393957), and 10-lb. (UPC 751485393971) bags. The firm name on the label is Natura Pet Products, Fremont, NE.",3990 bags,The product may be contaminated with Salmonella.,06/18/2013,01/21/2016,01/28/2016,01/27/2016,"All expiration dates prior to and including June 9, 2014."
Veterinary,No,,61581,Terminated,Diamond Pet Foods,103 N Olive St,PO Box 156,Meta,MO,	65058-0156,United States,Voluntary: Firm initiated,E-Mail,"AL, FL, GA, IA, KY, MD, MI, NY, NC, OH, PA, SC, TN, VA, Canada, Colombia, Japan and the Russian Federation.",V-206-2012,Class I,"Chicken Soup for the Dog Lover s Soul, Adult Dog Light Formula, Brand Dog Food, Net Wt 6 lb (UPC Code: 0 7419860795 2) and 35 lbs (15.87kg) bags (UPC Code: 0 7419860981 0), Proudly made by Diamond Pet Food, Meta, Missouri.","2,444/35 lb bags and 251 6/6 lb bags and 49 6/8 lb bags",Salmonella contamination.,04/05/2012,09/05/2012,05/27/2014,09/12/2012,"Code: Production Code: CLF0102B31XCW, Best By Date: 27/JAN/2013, CLF0102B31XCW, Best By Date: 28/JAN/2013 and CLF0102B32XWR, Best By Date: 28/JAN/2013 (35 lb bags). Product Code: CLF0102B3XALW, Best by Date: 28/JAN/2013 (6 lb bags)."
Veterinary,No,,65475,Terminated,Natura Pet Products,2779 Rademakers Way,N/A,Fremont,NE,	68025-8044,United States,Voluntary: Firm initiated,Press Release,"Distribution was made to AZ, CA, CO, FL, GA, ID, IL, MI, MN, MT, NC, NJ, NV, NY, OH, PA, RI, TX, VT, and WA.",V-206-2016,Class I,"California Natural Salmon Meal Formula HealthBars for dogs, packaged in 10-oz. (UPC 751485394107) bags. The firm name on the label is Natura Pet Products, Davis, CA.","2,000 bags",The product may be contaminated with Salmonella.,06/18/2013,01/21/2016,01/28/2016,01/27/2016,"All expiration dates prior to and including June 9, 2014."
Veterinary,No,,65475,Terminated,Natura Pet Products,2779 Rademakers Way,N/A,Fremont,NE,	68025-8044,United States,Voluntary: Firm initiated,Press Release,"Distribution was made to AZ, CA, CO, FL, GA, ID, IL, MI, MN, MT, NC, NJ, NV, NY, OH, PA, RI, TX, VT, and WA.",V-207-2016,Class I,"California Natural Rice & Chicken Meal Formula Low Fat Adult Dog Food, packaged in 4-oz. (UPC 751485158891), 5-lb. (UPC 751485823621), 15-lb. (UPC 751485823553), and 30-lb. (UPC 751485823546) bags. The firm name on the label is Natura Pet Products, Santa Clara, CA.","25,964 bags",The product may be contaminated with Salmonella.,06/18/2013,01/21/2016,01/28/2016,01/27/2016,"All expiration dates prior to and including June 9, 2014."
Veterinary,No,,64551,Terminated,"Diggin Your Dog, LLC",5635 Riggins Ct Ste 9,N/A,Reno,NV,	89502-6516,United States,Voluntary: Firm initiated,Telephone,NV and CO,V-208-2013,Class I,"Diggin Your Dog Strippin Chicks; USA Chicken Charki Strips for Dogs  100% Grown, Raised, Harvested in USA. Net Wt. 5 oz.  Ingredients: Chicken, Vitamin E Supplement.  UPC: 6-09788-82324-7  Diggin Your Dog USA, Reno, NV",45 cases ( 12 x 5 oz. packages per case),Colorado Department of Agriculture collected a sample of Diggin Your Dog Brand Strippin Chicks at retail and had a positive result for Salmonella.,02/27/2013,06/13/2013,06/13/2013,06/19/2013,Lot Code # 250322 and USE BY 2-23-14
Veterinary,No,,65475,Terminated,Natura Pet Products,2779 Rademakers Way,N/A,Fremont,NE,	68025-8044,United States,Voluntary: Firm initiated,Press Release,"Distribution was made to AZ, CA, CO, FL, GA, ID, IL, MI, MN, MT, NC, NJ, NV, NY, OH, PA, RI, TX, VT, and WA.",V-208-2016,Class I,"California Natural Rice & Lamb Meal Formula Low Fat Adult Dog Food, packaged in 4-oz. (UPC 751485158822), 5-lb. (UPC 751485393353), 15-lb. (UPC 751485393551), and 30-lb. (UPC 751485393544) bags. The firm name on the label is Natura Pet Products, Santa Clara, CA.","46,701 bags",The product may be contaminated with Salmonella.,06/18/2013,01/21/2016,01/28/2016,01/27/2016,"All expiration dates prior to and including June 9, 2014."
Veterinary,No,,63240,Terminated,"Kasel Associates Industries, Inc.",3315 Walnut St,N/A,Denver,CO,	80205-2429,United States,Voluntary: Firm initiated,Telephone,"Beef Bully Sticks were distributed to Target locations in: AL, AZ, CA, CO, GA, IA, IL, IN, KS, MI, MN, NC, NY, OH, OR, PA, SC, TX, VA, WI.  Chicken Jerky Treats were distributed to 57 Sam's Club locations in: CO, IA, ID, IL, KS, MO, MT, NE, OK, SD, UT, WY.",V-216-2013,Class I,"Boots & Barkley American Beef Bully Sticks, 6 count, UPC 647263899189, Distributed by Target Corporation Minneapolis, MN 55403, Target Brands, Inc. Made in the U.S.A. Promotes Plaque and Tartar Reduction; packaged in transparent flexible plastic with a folded paper label enclosed with staples.  The label is white, red and blue with black, white, red, and blue print writing and a photograph of a black and white dog.","93,912 x 6 count bags","Kasel Industries is recalling Boots & Barkley American Beef Bully Sticks, 6 count, due to possible contamination with salmonella bacteria.",09/17/2012,06/24/2013,07/22/2014,07/03/2013,Best By dates of 20APR2014 DEN to 03OCT2014 DEN.
Veterinary,No,,65475,Terminated,Natura Pet Products,2779 Rademakers Way,N/A,Fremont,NE,	68025-8044,United States,Voluntary: Firm initiated,Press Release,"Distribution was made to AZ, CA, CO, FL, GA, ID, IL, MI, MN, MT, NC, NJ, NV, NY, OH, PA, RI, TX, VT, and WA.",V-216-2016,Class I,"EVO Herring & Salmon Formula Adult Dog Food, packaged in 4-oz. (UPC 751485152066), 6.6-lb. (UPC 751485126821), 13.2-lb (UPC 751485126814), and 28.6-lb. (UPC 751485126807) bags, Manufactured by Natura Pet Products, Inc., Fremont, NE.","34,860 bags",The product may be contaminated with Salmonella.,06/18/2013,01/21/2016,01/28/2016,01/27/2016,"All expiration dates prior to and including June 9, 2014."
Veterinary,No,,63240,Terminated,"Kasel Associates Industries, Inc.",3315 Walnut St,N/A,Denver,CO,	80205-2429,United States,Voluntary: Firm initiated,Telephone,"Beef Bully Sticks were distributed to Target locations in: AL, AZ, CA, CO, GA, IA, IL, IN, KS, MI, MN, NC, NY, OH, OR, PA, SC, TX, VA, WI.  Chicken Jerky Treats were distributed to 57 Sam's Club locations in: CO, IA, ID, IL, KS, MO, MT, NE, OK, SD, UT, WY.",V-217-2013,Class I,"Nature's Deli Chicken Jerky Dog Treats, 2.5 lbs. bag, UPC 647263800208, Best By ""091913 DEN"", Division of Kasel Industries, Denver, CO 80205.  Packaged in a transparent, flexible, plastic bag; the bag is yellow with black and white print writing and a photograph of a golden retriever dog on it.","2,304 x 2.5 lbs. bags","Kasel Associated Industries is voluntarily recalling a specific lot of Nature's Deli Chicken Jerky Dog Treats, 2.5 lbs. bag, due to possible contamination with Salmonella bacteria.",09/17/2012,06/24/2013,07/22/2014,07/03/2013,"Best By ""09192013 DEN"""
Veterinary,No,,65475,Terminated,Natura Pet Products,2779 Rademakers Way,N/A,Fremont,NE,	68025-8044,United States,Voluntary: Firm initiated,Press Release,"Distribution was made to AZ, CA, CO, FL, GA, ID, IL, MI, MN, MT, NC, NJ, NV, NY, OH, PA, RI, TX, VT, and WA.",V-217-2016,Class I,"EVO Wild Cravings, Herring Formula, treats for dogs, packaged in 10-oz bags, UPC 751485126609, Manufactured by Natura Pet Products, Davis, CA.",9390 bags,The product may be contaminated with Salmonella.,06/18/2013,01/21/2016,01/28/2016,01/27/2016,"All expiration dates prior to and including June 9, 2014."
Veterinary,No,,63240,Terminated,"Kasel Associates Industries, Inc.",3315 Walnut St,N/A,Denver,CO,	80205-2429,United States,Voluntary: Firm initiated,Telephone,"Beef Bully Sticks were distributed to Target locations in: AL, AZ, CA, CO, GA, IA, IL, IN, KS, MI, MN, NC, NY, OH, OR, PA, SC, TX, VA, WI.  Chicken Jerky Treats were distributed to 57 Sam's Club locations in: CO, IA, ID, IL, KS, MO, MT, NE, OK, SD, UT, WY.",V-218-2013,Class I,"Boots & Barkley Roasted American Pig Ears, net wt 12 oz, 12 count, UPC 647263899158. Delicious Treat for Dogs, Made in the U.S.A. Distributed by TARGET Corporation, Minneapolis, MN 55403.","4,944 x 12 ct bags","Kasel Associated Industries is voluntarily recalling a specific lot of Boots & Barkley Roasted American Pig Ears, due to possible contamination with Salmonella bacteria.",09/17/2012,06/24/2013,07/22/2014,07/03/2013,Best By 13SEP2014DEN.
Veterinary,No,,65475,Terminated,Natura Pet Products,2779 Rademakers Way,N/A,Fremont,NE,	68025-8044,United States,Voluntary: Firm initiated,Press Release,"Distribution was made to AZ, CA, CO, FL, GA, ID, IL, MI, MN, MT, NC, NJ, NV, NY, OH, PA, RI, TX, VT, and WA.",V-218-2016,Class I,"EVO Turkey & Chicken Formula Dog Food, packaged in 4-oz. (UPC 751485152011); 6.6-lb. (UPC 751485126074), 13.2-lb (UPC 751485126067), and 28.6-lb. (UPC 751485126050) bags. Manufactured by Natura Pet Products, Inc., Fremont, NE.","59,069 bags",The product may be contaminated with Salmonella.,06/18/2013,01/21/2016,01/28/2016,01/27/2016,"All expiration dates prior to and including June 9, 2014."
Veterinary,No,,63240,Terminated,"Kasel Associates Industries, Inc.",3315 Walnut St,N/A,Denver,CO,	80205-2429,United States,Voluntary: Firm initiated,Telephone,"Beef Bully Sticks were distributed to Target locations in: AL, AZ, CA, CO, GA, IA, IL, IN, KS, MI, MN, NC, NY, OH, OR, PA, SC, TX, VA, WI.  Chicken Jerky Treats were distributed to 57 Sam's Club locations in: CO, IA, ID, IL, KS, MO, MT, NE, OK, SD, UT, WY.",V-219-2013,Class I,"Boots & Barkley, American Variety Pack Real Beef & Pork Treats for Dogs, net wt 32 oz., UPC 490830400086;  Product of U.S.A. Distributed by TARGET Corporation, Minneapolis, MN 55403,  Packaging is white, blue and red with red, black and blue print writing.",912 x 32 oz bags,"Kasel Associated Industries is voluntarily recalling a specific lot of Boots and Barkley American Variety Pack, due to possible contamination with Salmonella bacteria.",09/17/2012,06/24/2013,07/22/2014,07/03/2013,Best By 13SEP2014DEN.
Veterinary,No,,65475,Terminated,Natura Pet Products,2779 Rademakers Way,N/A,Fremont,NE,	68025-8044,United States,Voluntary: Firm initiated,Press Release,"Distribution was made to AZ, CA, CO, FL, GA, ID, IL, MI, MN, MT, NC, NJ, NV, NY, OH, PA, RI, TX, VT, and WA.",V-219-2016,Class I,"EVO Turkey & Chicken Formula Small Bites Dog Food, packaged in 4-oz. (UPC 751485152004); 2.2-lb. (UPC 751485126043), 6.6-lb. (UPC 751485126036), 13.2-lb (UPC 751485126012), and 28.6-lb. (UPC 751485126005) bags. Manufactured by Natura Pet Products, Inc., Fremont, NE.","114,450 bags",The product may be contaminated with Salmonella.,06/18/2013,01/21/2016,01/28/2016,01/27/2016,"All expiration dates prior to and including June 9, 2014."
Veterinary,No,,68413,Terminated,SUNSHINE MILLS INC,500 6th St Sw,N/A,Red Bay,AL,	35582-4084,United States,Voluntary: Firm initiated,E-Mail,"FL, IA, IN, GA, CT, PA, and TX",V-220-2015,Class I,"WHOLE PAWS (TM), MAINTENANCE FORMULA, CHICKEN AND BROWN RICE RECIPE, dog food, NET WT 6 LBS, UPC 0 99482 44710 6",2612 units,A sample of one lot of product was found to contain levels of thiamine below the FDA recommended limit.,05/28/2014,01/29/2015,01/30/2015,02/04/2015,Lot Number: BEST BY TD2 09 NOVEMBER 2014
Veterinary,No,,65475,Terminated,Natura Pet Products,2779 Rademakers Way,N/A,Fremont,NE,	68025-8044,United States,Voluntary: Firm initiated,Press Release,"Distribution was made to AZ, CA, CO, FL, GA, ID, IL, MI, MN, MT, NC, NJ, NV, NY, OH, PA, RI, TX, VT, and WA.",V-220-2016,Class I,"EVO Senior Formula Dog Food, packaged in 4-oz. (UPC 751485152554); 6.6-lb. (UPC 751485126876), 13.2-lb (UPC 751485126869), and 28.6-lb. (UPC 751485126852) bags. Manufactured by Natura Pet Products, Inc., Fremont, NE.","14,977 bags",The product may be contaminated with Salmonella.,06/18/2013,01/21/2016,01/28/2016,01/27/2016,"All expiration dates prior to and including June 9, 2014."
Veterinary,No,,65475,Terminated,Natura Pet Products,2779 Rademakers Way,N/A,Fremont,NE,	68025-8044,United States,Voluntary: Firm initiated,Press Release,"Distribution was made to AZ, CA, CO, FL, GA, ID, IL, MI, MN, MT, NC, NJ, NV, NY, OH, PA, RI, TX, VT, and WA.",V-221-2016,Class I,"EVO Wild Cravings, Turkey & Chicken Formula, treats for dogs, packaged in 20-oz bags, UPC 751485126203 bags. Manufactured by Natura Pet Products, Davis, CA.","23,351 bags",The product may be contaminated with Salmonella.,06/18/2013,01/21/2016,01/28/2016,01/27/2016,"All expiration dates prior to and including June 9, 2014."
Veterinary,No,,65475,Terminated,Natura Pet Products,2779 Rademakers Way,N/A,Fremont,NE,	68025-8044,United States,Voluntary: Firm initiated,Press Release,"Distribution was made to AZ, CA, CO, FL, GA, ID, IL, MI, MN, MT, NC, NJ, NV, NY, OH, PA, RI, TX, VT, and WA.",V-222-2016,Class I,"EVO Red Meat Formula Dog Food, packaged in 4-oz. (UPC 751485152042), 6.6-lb. (UPC 751485126777), 13.2-lb (UPC 751485126760), and 28.6-lb. (UPC 751485126753) bags. Manufactured by Natura Pet Products, Inc., Fremont, NE.","49,606 bags",The product may be contaminated with Salmonella.,06/18/2013,01/21/2016,01/28/2016,01/27/2016,"All expiration dates prior to and including June 9, 2014."
Veterinary,No,,65475,Terminated,Natura Pet Products,2779 Rademakers Way,N/A,Fremont,NE,	68025-8044,United States,Voluntary: Firm initiated,Press Release,"Distribution was made to AZ, CA, CO, FL, GA, ID, IL, MI, MN, MT, NC, NJ, NV, NY, OH, PA, RI, TX, VT, and WA.",V-223-2016,Class I,"EVO Wild Cravings Red Meat Formula Dog Treats, packaged in 20-oz. bags UPC 751485126500.  Manufactured by Natura Pet Products, Davis, CA.","16,992 bags",The product may be contaminated with Salmonella.,06/18/2013,01/21/2016,01/28/2016,01/27/2016,"All expiration dates prior to and including June 9, 2014."
Veterinary,No,,65475,Terminated,Natura Pet Products,2779 Rademakers Way,N/A,Fremont,NE,	68025-8044,United States,Voluntary: Firm initiated,Press Release,"Distribution was made to AZ, CA, CO, FL, GA, ID, IL, MI, MN, MT, NC, NJ, NV, NY, OH, PA, RI, TX, VT, and WA.",V-224-2016,Class I,"EVO Red Meat Formula Small Bites Dog Food, packaged in 4-oz. (UPC 751485152028), 2.2-lb. (UPC 751485126746); 6.6-lb. (UPC 751485126722), 13.2-lb (UPC 751485126715), and 28.6-lb. (UPC 751485126708) bags. Manufactured by Natura Pet Products, Inc., Fremont, NE.","66,155 bags",The product may be contaminated with Salmonella.,06/18/2013,01/21/2016,01/28/2016,01/27/2016,"All expiration dates prior to and including June 9, 2014."
Veterinary,No,,65475,Terminated,Natura Pet Products,2779 Rademakers Way,N/A,Fremont,NE,	68025-8044,United States,Voluntary: Firm initiated,Press Release,"Distribution was made to AZ, CA, CO, FL, GA, ID, IL, MI, MN, MT, NC, NJ, NV, NY, OH, PA, RI, TX, VT, and WA.",V-225-2016,Class I,"EVO Weight Management Adult Dog Food, packaged in 4-oz. (UPC 751485152059); 10-oz. (UPC 751485126555), 6.6-lb. (UPC 751485126180), 13.2-lb (UPC 751485126173), and 28.6-lb. (UPC 751485126166) bags. Manufactured by Natura Pet Products, Inc., Fremont, NE","44,516 bags",The product may be contaminated with Salmonella.,06/18/2013,01/21/2016,01/28/2016,01/27/2016,"All expiration dates prior to and including June 9, 2014."
Veterinary,No,,64582,Terminated,"Jones Natural Chews, Co., Inc.",3450 Pyramid Dr,N/A,Rockford,IL,	61109-2724,United States,Voluntary: Firm initiated,"Two or more of the following: Email, Fax, Letter, Press Release, Telephone, Visit","AZ, CA, CO, PA, VA, and WI",V-226-2013,Class I,"Dog treat products as follows:    a) Jones Natural Chews Co Woofers (beef patties), bulk 50 count box, Item UPC 741956008169  (may be sold individually at retail)    b) Jones Natural Chews Co Woofers (beef patties), 1 pack shrink-wrap, 50 count box, Item UPC 741956008657    c) Jones Natural Chews Co Woofers (beef patties), 1 pack shrink-wrap, 50 count box, Item UPC 741956008183    d) Jones Natural Chews Co Woofers (beef patties) 2 pack shrink-wrap, 25 count box, Item UPC 741956008190","245 boxes / 12,236 patties",This product is being recalled due to the possible risk of Salmonella.,03/06/2013,07/24/2013,08/15/2017,07/31/2013,"a) Lot 2962GPS, Best By 10/22/15, and Lot 2892PAL, Best By 10/15/15    b) Lot 3102, Best By 11/05/15    c) Lot 2892BF, Best By 10/15/15, Lot 2962PWV, Best By 10/22/15, Lot 2962ASC, Best By 10/22/15, and Lot 3032ASL, Best By 10/29/15    d) Lot 2962ASC, Best By 10/22/15, and Lot 3032ASL, Best By 10/29/15."
Veterinary,No,,65475,Terminated,Natura Pet Products,2779 Rademakers Way,N/A,Fremont,NE,	68025-8044,United States,Voluntary: Firm initiated,Press Release,"Distribution was made to AZ, CA, CO, FL, GA, ID, IL, MI, MN, MT, NC, NJ, NV, NY, OH, PA, RI, TX, VT, and WA.",V-227-2016,Class I,"HealthWise Chicken Meal & Oatmeal Formula Adult Dog Food for Active Adult Dogs, packaged in 4-oz. (UPC 751485154404), 5-lb. (UPC 751485707020), 17.5-lb. (UPC 751485707013), and 35-lb. (UPC 751485707006) bags. The firm name on the label is Natura Pet Products, Santa Clara, CA.","9,432 bags",The product may be contaminated with Salmonella.,06/18/2013,01/21/2016,01/28/2016,01/27/2016,"All expiration dates prior to and including June 9, 2014."
Veterinary,No,,65475,Terminated,Natura Pet Products,2779 Rademakers Way,N/A,Fremont,NE,	68025-8044,United States,Voluntary: Firm initiated,Press Release,"Distribution was made to AZ, CA, CO, FL, GA, ID, IL, MI, MN, MT, NC, NJ, NV, NY, OH, PA, RI, TX, VT, and WA.",V-228-2016,Class I,"HealthWise Chicken Meal & Oatmeal Formula Adult Dog Food, packaged in 4-oz. (UPC 7514815154411), 5-lb. (UPC 751485707129), 17.5-lb. (UPC 751485707112) and 35-lb. (UPC 751485707105) bags. The firm name on the label is Natura Pet Products, Santa Clara, CA.","32,664 bags",The product may be contaminated with Salmonella.,06/18/2013,01/21/2016,01/28/2016,01/27/2016,"All expiration dates prior to and including June 9, 2014."
Veterinary,No,,65475,Terminated,Natura Pet Products,2779 Rademakers Way,N/A,Fremont,NE,	68025-8044,United States,Voluntary: Firm initiated,Press Release,"Distribution was made to AZ, CA, CO, FL, GA, ID, IL, MI, MN, MT, NC, NJ, NV, NY, OH, PA, RI, TX, VT, and WA.",V-230-2016,Class I,"HealthWise Lamb Meal & Oatmeal Formula Natural Premium Adult Dog Food, packaged in 4-oz. (UPC 751485154442), 5-lb. (UPC 751485707426), 17.5-lb. (UPC 751485707419), and 35-lb. (UPC 751485707402) bags. The firm name on the label is Natura Pet Products, Santa Clara, CA.","13,518 bags",The product may be contaminated with Salmonella.,06/18/2013,01/21/2016,01/28/2016,01/27/2016,"All expiration dates prior to and including June 9, 2014."
Veterinary,No,,65475,Terminated,Natura Pet Products,2779 Rademakers Way,N/A,Fremont,NE,	68025-8044,United States,Voluntary: Firm initiated,Press Release,"Distribution was made to AZ, CA, CO, FL, GA, ID, IL, MI, MN, MT, NC, NJ, NV, NY, OH, PA, RI, TX, VT, and WA.",V-231-2016,Class I,"HealthWise Chicken Meal & Oatmeal Formula Weight Control Natural Premium Adult Dog Food, packaged in 4-oz. (UPC 751485154428), 5-lb. (UPC 751485707228), 17.5-lb. (UPC 751485707211), and 35-lb. (UPC 751485707204) bags. The firm name on the label is Natura Pet Products, Santa Clara, CA.","11,426 bags",The product may be contaminated with Salmonella.,06/18/2013,01/21/2016,01/28/2016,01/27/2016,"All expiration dates prior to and including June 9, 2014."
Veterinary,No,,65475,Terminated,Natura Pet Products,2779 Rademakers Way,N/A,Fremont,NE,	68025-8044,United States,Voluntary: Firm initiated,Press Release,"Distribution was made to AZ, CA, CO, FL, GA, ID, IL, MI, MN, MT, NC, NJ, NV, NY, OH, PA, RI, TX, VT, and WA.",V-233-2016,Class I,"HealthWise Chicken Meal & Oatmeal Formula Adult Dog Food, packaged in 38.5-lb. (UPC 751485707044) bags. The firm name on the label is Natura Pet Products, Santa Clara, CA.","5,377 bags",The product may be contaminated with Salmonella.,06/18/2013,01/21/2016,01/28/2016,01/27/2016,"All expiration dates prior to and including June 9, 2014."
Veterinary,No,,65475,Terminated,Natura Pet Products,2779 Rademakers Way,N/A,Fremont,NE,	68025-8044,United States,Voluntary: Firm initiated,Press Release,"Distribution was made to AZ, CA, CO, FL, GA, ID, IL, MI, MN, MT, NC, NJ, NV, NY, OH, PA, RI, TX, VT, and WA.",V-240-2016,Class I,"Innova Salmon & Herring Formula Adult Dog Food, packaged 4-oz. (UPC 751485123653), 5-lb. (UPC 751485123646), 12-lb. (UPC 751485123639) and 25-lb. (751485123622) bags. Manufactured by Natura Pet Products, Inc., Fremont, NE.","39,224 bags",The product may be contaminated with Salmonella.,06/18/2013,01/21/2016,01/28/2016,01/27/2016,"All expiration dates prior to and including June 9, 2014."
Veterinary,No,,64392,Terminated,"Kasel Associates Industries, Inc.",3315 Walnut St,N/A,Denver,CO,	80205-2429,United States,Voluntary: Firm initiated,Telephone,Nationwide distribution.,V-241-2013,Class I,"Nature's Deli Chicken Jerky Dog Treats, 2.5 lbs. bag, UPC 647263800208, 3 lbs UPC 647263800215, Division of Kasel Industries, Denver, CO 80205. Packaged in a transparent, flexible, plastic bag; the bag is yellow with black and white print writing and a photograph of a golden retriever dog on it.","62,336 - 2.5 lbs bags; 88,704 - 3 lbs bags","Kasel Industries received a 423(a), Notification of Opportunity to Initiate a Voluntary Recall, letter from FDA and is recalling all lots of pet treats manufactured at their facility between April 20, 2012 and September 19, 2012 due to positive Salmonella findings in the firm's products and facility.",02/19/2013,07/24/2013,07/22/2014,07/31/2013,"Best By dates of 04202013 DEN to 10032013 DEN excluding Best By 09192013 DEN, which was recalled on 10/03/2012."
Veterinary,No,,65475,Terminated,Natura Pet Products,2779 Rademakers Way,N/A,Fremont,NE,	68025-8044,United States,Voluntary: Firm initiated,Press Release,"Distribution was made to AZ, CA, CO, FL, GA, ID, IL, MI, MN, MT, NC, NJ, NV, NY, OH, PA, RI, TX, VT, and WA.",V-241-2016,Class I,"Innova Large Breed Adult Dog Food, packaged 4-oz. (UPC 751485153001), 15-lb. (UPC 751485127057), 30-lb. (751485127040), and 30-lb. bilingual (UPC 751485125541) bags. Manufactured by Natura Pet Products, Inc., Fremont, NE.","59,170 bags",The product may be contaminated with Salmonella.,06/18/2013,01/21/2016,01/28/2016,01/27/2016,"All expiration dates prior to and including June 9, 2014."
Veterinary,No,,64392,Terminated,"Kasel Associates Industries, Inc.",3315 Walnut St,N/A,Denver,CO,	80205-2429,United States,Voluntary: Firm initiated,Telephone,Nationwide distribution.,V-242-2013,Class I,"Boots & Barkley Loving your pet from head to tail. Roasted American Pig Ears. Delicious Treat for Dogs, Made in the U.S.A. Distributed by TARGET Corporation, Minneapolis, MN 55403, net wt 12 oz, 12 count, UPC 647263899158.","67,200 - 12ct bags","Kasel Industries received a 423(a), Notification of Opportunity to Initiate a Voluntary Recall, letter from FDA and is recalling all lots of pet treats manufactured at their facility between April 20, 2012 and September 19, 2012 due to positive Salmonella findings in the firm's products and facility.",02/19/2013,07/24/2013,07/22/2014,07/31/2013,"Best By dates of 20APR2014 DEN to 03OCT2014 DEN, excluding Best By 13SEP2014DEN, which was recalled on 10/17/2012."
Veterinary,No,,65475,Terminated,Natura Pet Products,2779 Rademakers Way,N/A,Fremont,NE,	68025-8044,United States,Voluntary: Firm initiated,Press Release,"Distribution was made to AZ, CA, CO, FL, GA, ID, IL, MI, MN, MT, NC, NJ, NV, NY, OH, PA, RI, TX, VT, and WA.",V-242-2016,Class I,"Innova Large Breed Senior Dog Food, 6+ Years - 60+ lbs., packaged 4-oz. (UPC 751485153018), 15-lb. (UPC 751485127156), and 30-lb. (751485127149) bags. Manufactured by Natura Pet Products, Inc., Fremont, NE.","18,319 bags",The product may be contaminated with Salmonella.,06/18/2013,01/21/2016,01/28/2016,01/27/2016,"All expiration dates prior to and including June 9, 2014."
Veterinary,No,,64392,Terminated,"Kasel Associates Industries, Inc.",3315 Walnut St,N/A,Denver,CO,	80205-2429,United States,Voluntary: Firm initiated,Telephone,Nationwide distribution.,V-243-2013,Class I,"Boots & Barkley Loving your pet from head to tail. American Variety Pack Real Beef & Pork. Treats for Dogs. Product of U.S.A. Distributed by TARGET Corporation, Minneapolis, MN 55403, net wt 32 oz. Packaging is white, blue and red with red, black and blue print writing, UPC 490830400086.","6,720 - 32oz bags","Kasel Industries received a 423(a), Notification of Opportunity to Initiate a Voluntary Recall, letter from FDA and is recalling all lots of pet treats manufactured at their facility between April 20, 2012 and September 19, 2012 due to positive Salmonella findings in the firm's products and facility.",02/19/2013,07/24/2013,07/22/2014,07/31/2013,"Best by dates of 20APR2014 DEN to 03OCT2014 DEN, excluding Best By 13SEP2014DEN, which was recalled on 10/17/2012."
Veterinary,No,,64392,Terminated,"Kasel Associates Industries, Inc.",3315 Walnut St,N/A,Denver,CO,	80205-2429,United States,Voluntary: Firm initiated,Telephone,Nationwide distribution.,V-244-2013,Class I,"Boots & Barkley American Beef Bully Stick, 12 inch.  Satisfies your dog's instinctive urge to chew. Ingredients: Beef Pizzles. Distributed by TARGET Corporation, Minneapolis, MN 55403, 2012 Target Brands, Inc.  Made in U.S.A.  Packaging is transparent with white, blue and red with red, black and blue print writing on the affixed label, UPC 085239043165.","43,344 bags","Kasel Industries received a 423(a), Notification of Opportunity to Initiate a Voluntary Recall, letter from FDA and is recalling all lots of pet treats manufactured at their facility between April 20, 2012 and September 19, 2012 due to positive Salmonella findings in the firm's products and facility.",02/19/2013,07/24/2013,07/22/2014,07/31/2013,Best By dates of 20APR2014 DEN to 03OCT2014 DEN.
Veterinary,No,,65475,Terminated,Natura Pet Products,2779 Rademakers Way,N/A,Fremont,NE,	68025-8044,United States,Voluntary: Firm initiated,Press Release,"Distribution was made to AZ, CA, CO, FL, GA, ID, IL, MI, MN, MT, NC, NJ, NV, NY, OH, PA, RI, TX, VT, and WA.",V-244-2016,Class I,"Innova Adult Dog Food-Large Bites, packaged 4-oz. (UPC 751485159904), 2.2-lb. (UPC 751485123769), 6-lb. (UPC 751485123226), 15-lb. (UPC 751485123219), 30-lb. (751485123202), and 30-lb. bilingual (UPC 751485125527) bags. Manufactured by Natura Pet Products, Inc., Fremont, NE","124,803 bags",The product may be contaminated with Salmonella.,06/18/2013,01/21/2016,01/28/2016,01/27/2016,"All expiration dates prior to and including June 9, 2014."
Veterinary,No,,64392,Terminated,"Kasel Associates Industries, Inc.",3315 Walnut St,N/A,Denver,CO,	80205-2429,United States,Voluntary: Firm initiated,Telephone,Nationwide distribution.,V-245-2013,Class I,"Boots & Barkley American Smoked Beef Femur Bone 3 inch.  Satisfies your dog's instinctive urge to chew. Ingredients: Beef Femur Bone. Distributed by TARGET Corporation, Minneapolis, MN 55403, 2012 Target Brands, Inc.  Made in U.S.A.  Packaging is transparent with white, blue and red with red, black and blue print writing on the affixed label, UPC 085239403495.","46,080 bags","Kasel Industries received a 423(a), Notification of Opportunity to Initiate a Voluntary Recall, letter from FDA and is recalling all lots of pet treats manufactured at their facility between April 20, 2012 and September 19, 2012 due to positive Salmonella findings in the firm's products and facility.",02/19/2013,07/24/2013,07/22/2014,07/31/2013,Best By dates of 20APR2014 DEN to 03OCT2014 DEN.
Veterinary,No,,65475,Terminated,Natura Pet Products,2779 Rademakers Way,N/A,Fremont,NE,	68025-8044,United States,Voluntary: Firm initiated,Press Release,"Distribution was made to AZ, CA, CO, FL, GA, ID, IL, MI, MN, MT, NC, NJ, NV, NY, OH, PA, RI, TX, VT, and WA.",V-245-2016,Class I,"Innova Adult Dog Food-Small Bites, packaged 4-oz. (UPC 751485159898), 2.2-lb. (UPC 751485123738), 6-lb. (UPC 751485123363), 6-lb. bilingual (UPC 751485125510), 15-lb. (UPC 751485123356), and 30-lb. (751485123677) bags. Manufactured by Natura Pet Products, Inc., Fremont, NE.","134,915 bags",The product may be contaminated with Salmonella.,06/18/2013,01/21/2016,01/28/2016,01/27/2016,"All expiration dates prior to and including June 9, 2014."
Veterinary,No,,64392,Terminated,"Kasel Associates Industries, Inc.",3315 Walnut St,N/A,Denver,CO,	80205-2429,United States,Voluntary: Firm initiated,Telephone,Nationwide distribution.,V-246-2013,Class I,"Boots & Barkley American Beef Tendon Flossie 6-8 inch.  Satisfies your dog's instinctive urge to chew. Ingredients: Beef Tendon. Distributed by TARGET Corporation, Minneapolis, MN 55403, 2012 Target Brands, Inc.  Made in U.S.A.  Packaging is transparent with white, blue and red with red, black and blue print writing on the affixed label, UPC 085239043103.",36288 bags,"Kasel Industries received a 423(a), Notification of Opportunity to Initiate a Voluntary Recall, letter from FDA and is recalling all lots of pet treats manufactured at their facility between April 20, 2012 and September 19, 2012 due to positive Salmonella findings in the firm's products and facility.",02/19/2013,07/24/2013,07/22/2014,07/31/2013,Best By dates of 20APR2014 DEN to 03OCT2014 DEN.
Veterinary,No,,65475,Terminated,Natura Pet Products,2779 Rademakers Way,N/A,Fremont,NE,	68025-8044,United States,Voluntary: Firm initiated,Press Release,"Distribution was made to AZ, CA, CO, FL, GA, ID, IL, MI, MN, MT, NC, NJ, NV, NY, OH, PA, RI, TX, VT, and WA.",V-246-2016,Class I,"Innova Senior Dog Food, 8+ Years, packaged 4-oz. (UPC 751485159928), 6-lb. (UPC 751485123257), 15-lb. (UPC 751485123240), and 30-lb. (751485123233), and 30-lb. bilingual (UPC 751485125558) bags. Manufactured by Natura Pet Products, Inc., Fremont, NE.","27,756 bags",The product may be contaminated with Salmonella.,06/18/2013,01/21/2016,01/28/2016,01/27/2016,"All expiration dates prior to and including June 9, 2014."
Veterinary,No,,64392,Terminated,"Kasel Associates Industries, Inc.",3315 Walnut St,N/A,Denver,CO,	80205-2429,United States,Voluntary: Firm initiated,Telephone,Nationwide distribution.,V-247-2013,Class I,"Boots & Barkley American Pig Ear Strips 8 oz.  Satisfies your dog's instinctive urge to chew. Ingredients: Pig Ears. Distributed by TARGET Corporation, Minneapolis, MN 55403, 2012 Target Brands, Inc.  Made in U.S.A.  Packaging is transparent with white, blue and red with red, black and blue print writing on the affixed label, UPC 085239403440.",36576 bags,"Kasel Industries received a 423(a), Notification of Opportunity to Initiate a Voluntary Recall, letter from FDA and is recalling all lots of pet treats manufactured at their facility between April 20, 2012 and September 19, 2012 due to positive Salmonella findings in the firm's products and facility.",02/19/2013,07/24/2013,07/22/2014,07/31/2013,Best By dates of 20APR2014 DEN to 03OCT2014 DEN.
Veterinary,No,,65475,Terminated,Natura Pet Products,2779 Rademakers Way,N/A,Fremont,NE,	68025-8044,United States,Voluntary: Firm initiated,Press Release,"Distribution was made to AZ, CA, CO, FL, GA, ID, IL, MI, MN, MT, NC, NJ, NV, NY, OH, PA, RI, TX, VT, and WA.",V-247-2016,Class I,"Innova Senior Plus Dog Food, 11+ Years, packaged 4-oz. (UPC 751485153100), 6-lb. (UPC 751485123288), 15-lb. (UPC 751485123271), and 30-lb. (751485123264) bags. Manufactured by Natura Pet Products, Inc., Fremont, NE.","46,975 bags",The product may be contaminated with Salmonella.,06/18/2013,01/21/2016,01/28/2016,01/27/2016,"All expiration dates prior to and including June 9, 2014."
Veterinary,No,,64392,Terminated,"Kasel Associates Industries, Inc.",3315 Walnut St,N/A,Denver,CO,	80205-2429,United States,Voluntary: Firm initiated,Telephone,Nationwide distribution.,V-248-2013,Class I,"Boots & Barkley Chicken Stuffed American Beef Femur Bone, 6 inch.  Satisfies your dog's instinctive urge to chew. Ingredients: Beef Femur Bone Chicken Breast, Natural Flavorings. Distributed by TARGET Corporation, Minneapolis, MN 55403, 2012 Target Brands, Inc.  Made in U.S.A.  Packaging is transparent with white, blue and red with red, black and blue print writing on the affixed label, UPC 085239043202.",42336 bags,"Kasel Industries received a 423(a), Notification of Opportunity to Initiate a Voluntary Recall, letter from FDA and is recalling all lots of pet treats manufactured at their facility between April 20, 2012 and September 19, 2012 due to positive Salmonella findings in the firm's products and facility.",02/19/2013,07/24/2013,07/22/2014,07/31/2013,Best By dates of 20APR2014 DEN to 03OCT2014 DEN.
Veterinary,No,,64392,Terminated,"Kasel Associates Industries, Inc.",3315 Walnut St,N/A,Denver,CO,	80205-2429,United States,Voluntary: Firm initiated,Telephone,Nationwide distribution.,V-249-2013,Class I,"Boots & Barkley American Braided Beef Bully Stick, 5 inch.  Satisfies your dog's instinctive urge to chew. Ingredients: Beef Pizzles.  Distributed by TARGET Corporation, Minneapolis, MN 55403, 2012 Target Brands, Inc.  Made in U.S.A.  Packaging is transparent with white, blue and red with red, black and blue print writing on the affixed label, UPC 085239043110.",43632 bags,"Kasel Industries received a 423(a), Notification of Opportunity to Initiate a Voluntary Recall, letter from FDA and is recalling all lots of pet treats manufactured at their facility between April 20, 2012 and September 19, 2012 due to positive Salmonella findings in the firm's products and facility.",02/19/2013,07/24/2013,07/22/2014,07/31/2013,Best By dates of 20APR2014 DEN to 03OCT2014 DEN.
Veterinary,No,,68425,Terminated,Hill's Pet Nutrition Inc,400 Sw 8th Ave,N/A,Topeka,KS,	66603-3925,United States,Voluntary: Firm initiated,Telephone,"The product was distributed in CA, HI and NV. Distribution was also made to a military customer.  There was no foreign distribution.",V-249-2015,Class I,"Hill's Science Diet Adult 1-6, Small & Toy Breeds, Premium Natural Dog Food, packaged in 15.5 lb (7.03 kg) bags. Manufactured by: Hill's Pet Nutrition, Inc., Topeka, KS.",62 bags,The product may be contaminated with Salmonella.,05/30/2014,08/10/2015,08/10/2015,08/19/2015,SKU 9097  Best Before 082015M094
Veterinary,No,,65475,Terminated,Natura Pet Products,2779 Rademakers Way,N/A,Fremont,NE,	68025-8044,United States,Voluntary: Firm initiated,Press Release,"Distribution was made to AZ, CA, CO, FL, GA, ID, IL, MI, MN, MT, NC, NJ, NV, NY, OH, PA, RI, TX, VT, and WA.",V-249-2016,Class I,"Innova Prime Grain Free Beef & Lamb Meat Formula Adult Dog Food, packaged 4-oz. (UPC 751485153148), 5-lb. (UPC 751485127323), 12-lb. (UPC 751485127316), and 25-lb. (751485127309) bags. Manufactured by Natura Pet Products, Inc., Fremont, NE.","29,769 bags",The product may be contaminated with Salmonella.,06/18/2013,01/21/2016,01/28/2016,01/27/2016,"All expiration dates prior to and including June 9, 2014."
Veterinary,No,,64392,Terminated,"Kasel Associates Industries, Inc.",3315 Walnut St,N/A,Denver,CO,	80205-2429,United States,Voluntary: Firm initiated,Telephone,Nationwide distribution.,V-250-2013,Class I,"Boots & Barkley American Chicken Jerky, 16 oz UPC 085239043325; 8 oz UPC 085239043400.  Satisfies your dog's instinctive urge to chew. Ingredients: Chicken Breast, Natural Flavorings.  Distributed by TARGET Corporation, Minneapolis, MN 55403, 2012 Target Brands, Inc.  Made in U.S.A.  Packaging is semi-transparent with white, blue and red with red, black and blue print writing on the affixed label.  The labeling also has digital photos of the chicken strips and a picture of a terrier dog.",22116 - 16oz bags; 24768 - 8oz bags,"Kasel Industries received a 423(a), Notification of Opportunity to Initiate a Voluntary Recall, letter from FDA and is recalling all lots of pet treats manufactured at their facility between April 20, 2012 and September 19, 2012 due to positive Salmonella findings in the firm's products and facility.",02/19/2013,07/24/2013,07/22/2014,07/31/2013,Best By dates of 20APR2014 DEN to 03OCT2014 DEN.
Veterinary,No,,65475,Terminated,Natura Pet Products,2779 Rademakers Way,N/A,Fremont,NE,	68025-8044,United States,Voluntary: Firm initiated,Press Release,"Distribution was made to AZ, CA, CO, FL, GA, ID, IL, MI, MN, MT, NC, NJ, NV, NY, OH, PA, RI, TX, VT, and WA.",V-250-2016,Class I,"Innova Prime Grain Free Salmon & Herring Formula Adult Dog Food, packaged 4-oz. (UPC 751485153131), 5-lb. (UPC 751485127293), 12-lb. (UPC 751485127286), and 25-lb. (751485127279) bags. Manufactured by Natura Pet Products, Inc., Fremont, NE.","29,729 bags",The product may be contaminated with Salmonella.,06/18/2013,01/21/2016,01/28/2016,01/27/2016,"All expiration dates prior to and including June 9, 2014."
Veterinary,No,,64392,Terminated,"Kasel Associates Industries, Inc.",3315 Walnut St,N/A,Denver,CO,	80205-2429,United States,Voluntary: Firm initiated,Telephone,Nationwide distribution.,V-251-2013,Class I,"Boots & Barkley American Beef Knuckle, 14 oz.  Promotes Plaque and Tartar Reduction.  Ingredients: Beef Knuckle.  Distributed by TARGET Corporation, Minneapolis, MN 55403, 2012 Target Brands, Inc.  Packaging is semi-transparent with white, blue and red with red, black and blue print writing on the affixed label.  The labeling also has digital photo of a dog. UPC 647263899172.",48060 bags,"Kasel Industries received a 423(a), Notification of Opportunity to Initiate a Voluntary Recall, letter from FDA and is recalling all lots of pet treats manufactured at their facility between April 20, 2012 and September 19, 2012 due to positive Salmonella findings in the firm's products and facility.",02/19/2013,07/24/2013,07/22/2014,07/31/2013,Best By dates of 20APR2014 DEN to 03OCT2014 DEN.
Veterinary,No,,65475,Terminated,Natura Pet Products,2779 Rademakers Way,N/A,Fremont,NE,	68025-8044,United States,Voluntary: Firm initiated,Press Release,"Distribution was made to AZ, CA, CO, FL, GA, ID, IL, MI, MN, MT, NC, NJ, NV, NY, OH, PA, RI, TX, VT, and WA.",V-251-2016,Class I,"Innova Prime Grain Free Chicken & Turkey Formula Adult Dog Food, packaged 4-oz. (UPC 751485153124), 5-lb. (UPC 751485127262), 12-lb. (UPC 751485127255), and 25-lb. (UPC 751485127248) bags. Manufactured by Natura Pet Products, Inc., Fremont,","54,336 bags",The product may be contaminated with Salmonella.,06/18/2013,01/21/2016,01/28/2016,01/27/2016,"All expiration dates prior to and including June 9, 2014."
Veterinary,No,,64392,Terminated,"Kasel Associates Industries, Inc.",3315 Walnut St,N/A,Denver,CO,	80205-2429,United States,Voluntary: Firm initiated,Telephone,Nationwide distribution.,V-252-2013,Class I,"Boots & Barkley American Pork Femur, 1 bone.  Promotes Plaque and Tartar Reduction.  Ingredients: Pork Femur.  Distributed by TARGET Corporation, Minneapolis, MN 55403, 2012 Target Brands, Inc.  Packaging is semi-transparent with white, blue and red with red, black and blue print writing on the affixed label.  The labeling also has digital photo of a dog.  UPC 647263899165.",135360 bags,"Kasel Industries received a 423(a), Notification of Opportunity to Initiate a Voluntary Recall, letter from FDA and is recalling all lots of pet treats manufactured at their facility between April 20, 2012 and September 19, 2012 due to positive Salmonella findings in the firm's products and facility.",02/19/2013,07/24/2013,07/22/2014,07/31/2013,Best By dates of 20APR2014 DEN to 03OCT2014 DEN.
Veterinary,No,,65475,Terminated,Natura Pet Products,2779 Rademakers Way,N/A,Fremont,NE,	68025-8044,United States,Voluntary: Firm initiated,Press Release,"Distribution was made to AZ, CA, CO, FL, GA, ID, IL, MI, MN, MT, NC, NJ, NV, NY, OH, PA, RI, TX, VT, and WA.",V-252-2016,Class I,"Innova HealthBar-Baked Dog Treats, Large Bars, packaged in 4-lb (UPC 751485123912), 26-oz (UPC 751485123943), 10-lb (UPC 751485123967) and 26-oz (UPC 751485413051) bags. Manufactured by: Natura Pet Products, Inc., Fremont, NE.","4,576 bags",The product may be contaminated with Salmonella.,06/18/2013,01/21/2016,01/28/2016,01/27/2016,"All expiration dates prior to and including June 9, 2014."
Veterinary,No,,65475,Terminated,Natura Pet Products,2779 Rademakers Way,N/A,Fremont,NE,	68025-8044,United States,Voluntary: Firm initiated,Press Release,"Distribution was made to AZ, CA, CO, FL, GA, ID, IL, MI, MN, MT, NC, NJ, NV, NY, OH, PA, RI, TX, VT, and WA.",V-253-2016,Class I,"Innova HealthBar-Baked Dog Treats, Small Bars, packaged in 4-lb (UPC 751485123929), 26-oz (UPC 751485123950), 10-lb (UPC 751485123974) and 26-oz (UPC 751485413105) bags. Manufactured by: Natura Pet Products, Inc., Fremont, NE.","8,972 bags",The product may be contaminated with Salmonella.,06/18/2013,01/21/2016,01/28/2016,01/27/2016,"All expiration dates prior to and including June 9, 2014."
Veterinary,No,,65475,Terminated,Natura Pet Products,2779 Rademakers Way,N/A,Fremont,NE,	68025-8044,United States,Voluntary: Firm initiated,Press Release,"Distribution was made to AZ, CA, CO, FL, GA, ID, IL, MI, MN, MT, NC, NJ, NV, NY, OH, PA, RI, TX, VT, and WA.",V-254-2016,Class I,"Innova Weight Management Adult Dog Food, packaged 4-oz. (UPC 751485153117), 6-lb. (UPC 751485123318), 15-lb. (UPC 751485123301), 30-lb. (751485123295), and 30-lb. bilingual (UPC 751485125565) bags. Manufactured by Natura Pet Products, Inc., Fremont, NE.","68,063 bags",The product may be contaminated with Salmonella.,06/18/2013,01/21/2016,01/28/2016,01/27/2016,"All expiration dates prior to and including June 9, 2014."
Veterinary,No,,65475,Terminated,Natura Pet Products,2779 Rademakers Way,N/A,Fremont,NE,	68025-8044,United States,Voluntary: Firm initiated,Press Release,"Distribution was made to AZ, CA, CO, FL, GA, ID, IL, MI, MN, MT, NC, NJ, NV, NY, OH, PA, RI, TX, VT, and WA.",V-255-2016,Class I,"Karma Organic Food for Dogs, packaged in 4-oz. (UPC 751485150017) and 7-lb. (UPC 751485601021) bags. Manufactured in Fremont, NE, Natura Pet Products.","10,830 bags",The product may be contaminated with Salmonella.,06/18/2013,01/21/2016,01/28/2016,01/27/2016,"All expiration dates prior to and including June 9, 2014."
Veterinary,No,,65475,Terminated,Natura Pet Products,2779 Rademakers Way,N/A,Fremont,NE,	68025-8044,United States,Voluntary: Firm initiated,Press Release,"Distribution was made to AZ, CA, CO, FL, GA, ID, IL, MI, MN, MT, NC, NJ, NV, NY, OH, PA, RI, TX, VT, and WA.",V-256-2016,Class I,"Mother Nature, Beef Stew Recipe, Dog Biscuits, packaged in 4-lb. (UPC 751485701066), 20-lb (UPC 751485702063) and 20-oz. (UPC 751485700069) bags. Manufactured in Fremont, NE, Natura Pet Products.",992 bags,The product may be contaminated with Salmonella.,06/18/2013,01/21/2016,01/28/2016,01/27/2016,"All expiration dates prior to and including June 9, 2014."
Veterinary,No,,65475,Terminated,Natura Pet Products,2779 Rademakers Way,N/A,Fremont,NE,	68025-8044,United States,Voluntary: Firm initiated,Press Release,"Distribution was made to AZ, CA, CO, FL, GA, ID, IL, MI, MN, MT, NC, NJ, NV, NY, OH, PA, RI, TX, VT, and WA.",V-257-2016,Class I,"Mother Nature, Buffalo Stew Recipe, Dog Biscuits, packaged in 4-lb. (UPC 751485701097), 20-lb (UPC 751485702094) and 20-oz. (UPC 751485700090) bags. Manufactured in Fremont, NE, Natura Pet Products.","1,252 bags",The product may be contaminated with Salmonella.,06/18/2013,01/21/2016,01/28/2016,01/27/2016,"All expiration dates prior to and including June 9, 2014."
Veterinary,No,,65475,Terminated,Natura Pet Products,2779 Rademakers Way,N/A,Fremont,NE,	68025-8044,United States,Voluntary: Firm initiated,Press Release,"Distribution was made to AZ, CA, CO, FL, GA, ID, IL, MI, MN, MT, NC, NJ, NV, NY, OH, PA, RI, TX, VT, and WA.",V-258-2016,Class I,"Mother Nature, Carrot Cake Recipe, Dog Treats, packaged in 4-lb. (UPC 751485701028), 20-lb (UPC 751485702025) and 20-oz. (UPC 751485700021) bags. Manufactured in Fremont, NE, Natura Pet Products.","3,807 bags",The product may be contaminated with Salmonella.,06/18/2013,01/21/2016,01/28/2016,01/27/2016,"All expiration dates prior to and including June 9, 2014."
Veterinary,No,,65475,Terminated,Natura Pet Products,2779 Rademakers Way,N/A,Fremont,NE,	68025-8044,United States,Voluntary: Firm initiated,Press Release,"Distribution was made to AZ, CA, CO, FL, GA, ID, IL, MI, MN, MT, NC, NJ, NV, NY, OH, PA, RI, TX, VT, and WA.",V-259-2016,Class I,"Mother Nature, Dott's Delights Large Dog Biscuits, packaged in 4-lb. (UPC 751485701523) and 17-lb. (UPC 751485702520) bags. Manufactured in Fremont, NE, Natura Pet Products.",235 bags,The product may be contaminated with Salmonella.,06/18/2013,01/21/2016,01/28/2016,01/27/2016,"All expiration dates prior to and including June 9, 2014."
Veterinary,No,,65475,Terminated,Natura Pet Products,2779 Rademakers Way,N/A,Fremont,NE,	68025-8044,United States,Voluntary: Firm initiated,Press Release,"Distribution was made to AZ, CA, CO, FL, GA, ID, IL, MI, MN, MT, NC, NJ, NV, NY, OH, PA, RI, TX, VT, and WA.",V-260-2016,Class I,"Mother Nature, Honey Glazed Chicken Recipe, Dog Treats, packaged in 4-lb. (UPC 751485701073), 20-lb. (UPC 751485702070) and 20-oz. (UPC 751485700076) bags. Manufactured by Natura Pet Products, Davis, CA.","3,299 bags",The product may be contaminated with Salmonella.,06/18/2013,01/21/2016,01/28/2016,01/27/2016,"All expiration dates prior to and including June 9, 2014."
Veterinary,No,,64392,Terminated,"Kasel Associates Industries, Inc.",3315 Walnut St,N/A,Denver,CO,	80205-2429,United States,Voluntary: Firm initiated,Telephone,Nationwide distribution.,V-261-2013,Class I,"Sam's Club Roasted Pig Ear Dog Treats, 28 oz, UPC 681131857246.","28,224 - 25ct bags","Kasel Industries received a 423(a), Notification of Opportunity to Initiate a Voluntary Recall, letter from FDA and is recalling all lots of pet treats manufactured at their facility between April 20, 2012 and September 19, 2012 due to positive Salmonella findings in the firm's products and facility.",02/19/2013,07/24/2013,07/22/2014,07/31/2013,Best By dates of 04202014 DEN to 10032014 DEN.
Veterinary,No,,65475,Terminated,Natura Pet Products,2779 Rademakers Way,N/A,Fremont,NE,	68025-8044,United States,Voluntary: Firm initiated,Press Release,"Distribution was made to AZ, CA, CO, FL, GA, ID, IL, MI, MN, MT, NC, NJ, NV, NY, OH, PA, RI, TX, VT, and WA.",V-261-2016,Class I,"Mother Nature, Moose's Munchies Small Biscuits, Dog Treats, packaged in 4-lb. (UPC 751485701530) and 20-lb. (UPC 751485702537) bags. Manufactured by Natura Pet Products, Davis, CA.",102 bags,The product may be contaminated with Salmonella.,06/18/2013,01/21/2016,01/28/2016,01/27/2016,"All expiration dates prior to and including June 9, 2014."
Veterinary,No,,65475,Terminated,Natura Pet Products,2779 Rademakers Way,N/A,Fremont,NE,	68025-8044,United States,Voluntary: Firm initiated,Press Release,"Distribution was made to AZ, CA, CO, FL, GA, ID, IL, MI, MN, MT, NC, NJ, NV, NY, OH, PA, RI, TX, VT, and WA.",V-262-2016,Class I,"Mother Nature, Scooter & Friends Mini Biscuits, Dog Biscuits, packaged in 4-lb. (UPC 751485701547), 20-lb. (UPC 751485702544) and  20-oz. (UPC 751485700540) bags. Manufactured by Natura Pet Products, Fremont, NE.","3,139 bags",The product may be contaminated with Salmonella.,06/18/2013,01/21/2016,01/28/2016,01/27/2016,"All expiration dates prior to and including June 9, 2014."
Veterinary,No,,65475,Terminated,Natura Pet Products,2779 Rademakers Way,N/A,Fremont,NE,	68025-8044,United States,Voluntary: Firm initiated,Press Release,"Distribution was made to AZ, CA, CO, FL, GA, ID, IL, MI, MN, MT, NC, NJ, NV, NY, OH, PA, RI, TX, VT, and WA.",V-263-2016,Class I,"Mother Nature, Chicken & Turkey recipe, Dog Biscuits, packaged in 4-lb. (UPC 751485701042, 751485701059, 751485701080), 20-lb. (UPC 751485702049, 751485702056, 751485702087) and  20-oz. (UPC 751485700045, 751485700052, 751485700083) bags. Manufactured by Natura Pet Products, Fremont, NE.","8,439 bags",The product may be contaminated with Salmonella.,06/18/2013,01/21/2016,01/28/2016,01/27/2016,"All expiration dates prior to and including June 9, 2014."
Veterinary,No,,71789,Terminated,Nature's Variety,Suite 200,55 West Port Plaza Drive,Saint Louis,MO,	63146,United States,Voluntary: Firm initiated,Press Release,Nationwide distribution.  Product was also distributed to Canada.  No military or government distribution was reported.,V-267-2016,Class I,"Nature's Variety Instinct Raw Chicken Formula Bites Nutrition for Dogs, packaged  in 4 lb. plastic bags Net Wt. 4.0 LB (1.8 kg), UPC 7 6994961143 1, 6 (4 lb. bags) per case (UPC 7 69949 71143 8)  and 7 lb. plastic bags Net Wt. 7.0 LB (3.2 kg), UPC 7 69949 61144 8, 4 (7 lb. bags) per case (UPC 7 69949 71144 5) .  The responsible firm name on the label is Nature's Variety, Saint Louis, MO 63146.","3,978 - 4 lb. bags and 2,040 - 7 lb. bags",Product tested positive for Salmonella,07/24/2015,01/22/2016,03/28/2017,02/03/2016,Best By 04/27/16
Veterinary,No,,71789,Terminated,Nature's Variety,Suite 200,55 West Port Plaza Drive,Saint Louis,MO,	63146,United States,Voluntary: Firm initiated,Press Release,Nationwide distribution.  Product was also distributed to Canada.  No military or government distribution was reported.,V-268-2016,Class I,"Nature's Variety Instinct Raw Chicken Formula Patties Nutrition for Dogs, packaged  in 6 lb. plastic bags Net Wt. 6.0 LB (2.7 kg), UPC 7 6994961148 6, 6 (6 lb. bags) per case (UPC 7 69949 71148 3).  The responsible firm name on the label is Nature's Variety, Saint Louis, MO 63146.","3,018 - 6 lb. bags",Product tested positive for Salmonella,07/24/2015,01/22/2016,03/28/2017,02/03/2016,Best By 04/27/16
Veterinary,No,,71520,Terminated,"Boulder Dog Food Company, L.L.C.",3026 Valmont Rd,N/A,Boulder,CO,	80301-2115,United States,Voluntary: Firm initiated,Telephone,"Distributed to Colorado, Washington, Maryland, Virginia, Florida, California  No foreign or VA/govt/military consignees.",V-282-2016,Class I,"Boulder Dog Food Company, L.L.C. Chicken Sprinkles, 3 Ounces, Single packages, with each package 8  x 5 .",10,Boulder Dog Food Company is recalling Chicken Sprinkles with Best by Date of 05/04/2016 because it tested positive for Salmonella.,06/04/2015,01/22/2016,07/12/2016,02/03/2016,"Lot # 998, Best By 05/04/16"
Veterinary,No,,71520,Terminated,"Boulder Dog Food Company, L.L.C.",3026 Valmont Rd,N/A,Boulder,CO,	80301-2115,United States,Voluntary: Firm initiated,Telephone,"Distributed to Colorado, Washington, Maryland, Virginia, Florida, California  No foreign or VA/govt/military consignees.",V-283-2016,Class I,"Boulder Dog Food Company,Gourmet Dog Treats Turkey Sprinkles Food Enhancer, Net Wt. 3 oz (85G), 100% Turkey",24 bags,Boulder Dog Food Company is recalling Chicken Sprinkles with Best by Date of 05/04/2016 and Turkey Sprinkles with Best by Date of 5/30/2016 because of the potential for Salmonella contamination.,06/04/2015,01/22/2016,07/12/2016,02/03/2016," Best By  date of  05/18/16, 05/28/2016 and 05/30/2016 , a Lot Number of  743 , and a UPC Code of 899883001224"
Veterinary,No,,71875,Terminated,"Natural Dog Company, Inc.",7350 Greendale Rd,N/A,Windsor,CO,	80550-8004,United States,Voluntary: Firm initiated,Press Release,"Nationwide to CO, FL, IL, MO, MN, MT, NC, OH, UT and WA.  No foreign/ military/ VA/ govt.",V-284-2016,Class I,"The Natural Dog Company, 12  Tremenda Sticks, 12oz, Resealable plastic bags",560 bags,The Natural Dog Company is recalling 12  Tremenda Sticks due to potential Salmonella.,07/20/2015,01/22/2016,06/14/2016,02/03/2016,All products not containing a lot number.
Veterinary,No,,71258,Terminated,oc Raw Dog,30052 Aventura Ste A,N/A,Rancho Santa Margarita,CA,	92688-2042,United States,Voluntary: Firm initiated,E-Mail,"U.S. distribution to the following; MN, MO, CO, and PA.  No foreign distribution.",V-285-2016,Class I,"OC Raw Dog  Turkey & Produce  Raw Frozen Formulation  6.5 lbs./2.95 Kg and bulk bags    Product is raw and frozen, and packaged in plastic bags.",2055 lbs (58 cases),"OC Raw Dog, LLC is initiating a recall of OC Raw Dog Turkey & Produce in 6.5 lb and bulk bags due to potential Salmonella contamination.",05/13/2015,01/22/2016,02/27/2017,02/03/2016,lot 1511  USE BY 100815
Veterinary,No,,69353,Terminated,BRAVO! LLC,349 Wetherell St.,N/A,Manchester,CT,	06040,United States,Voluntary: Firm initiated,"Two or more of the following: Email, Fax, Letter, Press Release, Telephone, Visit",Product was distributed nationwide.,V-289-2016,Class I,"BRAVO! Raw Food Diet TURKEY BLEND FOR DOGS AND CATS; Product Number: 31-102; Size: 2 lb. (32 OZ) plastic tubes, UPC: 829546311025; Keep Frozen",N/A,Product has the potential to be contaminated with Salmonella.,09/25/2014,01/22/2016,06/07/2016,02/03/2016,Best used by date: 11-05-15
Veterinary,No,,69353,Terminated,BRAVO! LLC,349 Wetherell St.,N/A,Manchester,CT,	06040,United States,Voluntary: Firm initiated,"Two or more of the following: Email, Fax, Letter, Press Release, Telephone, Visit",Product was distributed nationwide.,V-290-2016,Class I,Bravo! Blends All Natural Chicken Blend diet for dogs & cats; Product Number: 21-102; Size: 2 lb. (32 OZ) plastic tubes - UPC: 829546211028  and Product Number: 21-105 Size: 5 lb. (80 OZ) 2.3KG plastic tubes - UPC: 829546211059; Keep Frozen.,N/A,Product has the potential to be contaminated with Salmonella.,09/25/2014,01/22/2016,06/07/2016,02/03/2016,Best used by date: 08-11-16
Veterinary,No,,64539,Terminated,"Steve's Real Food, Inc.",P.O. Box 571092,N/A,Murray,UT,	84157,United States,Voluntary: Firm initiated,Telephone,"Distributed to four distributors in CA, TN, RI, and MN. No foreign, government, or military distribution.",V-294-2013,Class I,"Steve's Real Food TURDUCKEN CANINE RECIPE, 5 lbs bags of 8 oz patties, UPC 6-91730-14204-9, Expiration 10/27/13, MFR # 83. Raw Frozen Dog Food, Distributed by Steve's Real Food Inc, Aumsville, OR 97086",39 cases/156 bags,Steve's Real Food is recalling certain lots of Turducken Canine Recipe due to possible salmonella contamination.,03/07/2013,08/07/2013,08/26/2014,08/14/2013,Lot B209
Veterinary,No,,70406,Terminated,Grill-Phoria LLC,1082 Denver Ave,N/A,Loveland,CO,	80537-5165,United States,Voluntary: Firm initiated,Press Release,"Big Bark All Natural Beef Jerky Treats for Dogs was distributed primarily in Colorado, with some product distributed in Wyoming, Utah, Oklahoma, and Arizona through Nor-Sky Pet Supply LLC to independent pet stores.",V-296-2016,Class I,"Big Bark All Natural Beef Jerky Treat for Dogs, Guaranteed Analysis, Crude Protein 65%, Crude Fat 8.0%, Crude Fiber 2.0%, Moisture 10.0%, Ingredients: Dehydrated Beef Heart Made in USA Grill-Phoria LLC 1082 North Denver Ave, Loveland, Colorado 80537, Item #NS01701, 3.5 oz (99 g), 8 17894 01701 0",221 x 3.5 oz bags,"Grill-Phoria of Loveland, Colorado is recalling certain Big Bark All Natural Beef Jerky Treats for Dogs due to potential contamination with Salmonella.",01/30/2015,02/04/2016,06/14/2016,02/10/2016,No lot codes are listed on the product.  Product is packed in 3.5 oz resealable plastic pouches.  It was manufactured and distributed from 9/20/14 through 1/02/15.
Veterinary,No,,70504,Terminated,"Tuffy's Pet Food, Inc",145 1st Ave N,P.O. Box 190,Perham,MN,	56573-0190,United States,Voluntary: Firm initiated,Letter,Product distributed to distributors in CA and IL,V-297-2016,Class I,"Nutrisca Chicken and Chick Pea Recipe Dry Dog Food, Net Wt. 4 lbs.","17,376 units",Specific lots of Nutrisca Chicken and Chick Pea Recipe Dry Dog Food have the potential to be contaminated with Salmonella.,02/11/2015,02/04/2016,04/07/2016,02/10/2016,"First five digits of Lot Codes:  4G29P, 4G31P, 4H01P, 4H04P, 4H05P, 4H06P.  Best By Dates:  Jul28 16, Jul 30 16, Jul 31 16, Aug 03 16, Aug 04 16, Aug 05 16."
Veterinary,No,,71736,Terminated,BRAVO! LLC,349 Wetherell St.,N/A,Manchester,CT,	06040,United States,Voluntary: Firm initiated,Press Release,"CT, MA, NH, NY, WI, OH, TX, AZ, MO, MN, MI, CA, CO, OR, NM, IN, FL, SC, PA, WA, RI, IL, MD",V-301-2016,Class I,"Bravo Blends All Natural Chicken Blend diet for dogs & cats, Item #: 21¿-102, 2 lb (32 oz.) chub; UPC: 829546211028",105 cases,Product tested positive for Salmonella spp. Poly A,07/23/2015,02/09/2016,07/27/2016,02/17/2016,12-05-16
Veterinary,No,,64598,Terminated,BRAVO! LLC,1084 Hartford Tpke,N/A,Vernon,CT,	06066-4413,United States,Voluntary: Firm initiated,Letter,Nationwide,V-302-2013,Class I,"Bravo! Raw Food Diet Chicken Blend for Dogs and Cats, 2lb.  tube, frozen    Product Code: 21-102",230 cases (15x2lb) Code:  6_14_12 and 67 cases code 3_21_15,Product contaminated with Salmonella,03/13/2013,08/27/2013,06/07/2016,09/04/2013,Batch ID Code / Production Code Date 6_14_12 on white tag attached to the bottom of the plastic film tube.  Expanded Recall: Best Used By 3_21_15.
Veterinary,No,,71736,Terminated,BRAVO! LLC,349 Wetherell St.,N/A,Manchester,CT,	06040,United States,Voluntary: Firm initiated,Press Release,"CT, MA, NH, NY, WI, OH, TX, AZ, MO, MN, MI, CA, CO, OR, NM, IN, FL, SC, PA, WA, RI, IL, MD",V-302-2016,Class I,"Bravo Balance Chicken Dinner for dogs, Patties, Item #: 21¿401; 3 lb (48 oz.) bag UPC: 829546214012",42 cases,"Product did not test positive for Salmonella, but is being voluntarily recalled out of an abundance of caution because it was manufactured in the same manufacturing facility on the same day as the product that tested positive for Salmonella spp. Poly A.",07/23/2015,02/09/2016,07/27/2016,02/17/2016,12-05-16
Veterinary,No,,64598,Terminated,BRAVO! LLC,1084 Hartford Tpke,N/A,Vernon,CT,	06066-4413,United States,Voluntary: Firm initiated,Letter,Nationwide,V-303-2013,Class I,"Bravo! Raw Food Diet Chicken Balance  For Dog and Cats, 5 lb bags, frozen    Product Code: 21-405",62 cases,Potential for Product  to be contaminated with Salmonella,03/13/2013,08/27/2013,06/07/2016,09/04/2013,"Best Used By"" dates of 3_6_15 and 3_12_15 imprinted on the side of the plastic casing."
Veterinary,No,,71736,Terminated,BRAVO! LLC,349 Wetherell St.,N/A,Manchester,CT,	06040,United States,Voluntary: Firm initiated,Press Release,"CT, MA, NH, NY, WI, OH, TX, AZ, MO, MN, MI, CA, CO, OR, NM, IN, FL, SC, PA, WA, RI, IL, MD",V-303-2016,Class I,"Bravo Balance Chicken Dinner for dogs, Chub, Item Code: 21¿402, 2 lb., (32 oz.) UPC: 829546214029",48 cases,"Product did not test positive for Salmonella, but is being voluntarily recalled out of an abundance of caution because it was manufactured in the same manufacturing facility on the same day as the product that tested positive for Salmonella spp. Poly A.",07/23/2015,02/09/2016,07/27/2016,02/17/2016,12-05-16
Veterinary,No,,64598,Terminated,BRAVO! LLC,1084 Hartford Tpke,N/A,Vernon,CT,	06066-4413,United States,Voluntary: Firm initiated,Letter,Nationwide,V-304-2013,Class I,"Bravo!.Raw Food Diet Beef Blend Burgers  For Dog and Cats, 5 lb bags, frozen    Product Code: 51-508",102 bags,Potential for Product  to be contaminated with Salmonella,03/13/2013,08/27/2013,06/07/2016,09/04/2013,Best Used By 3_21_15 and 3_22_15 imprinted on the back panel of the plastic bag.    (Batch ID and Use by Dates are the same)
Veterinary,No,,71736,Terminated,BRAVO! LLC,349 Wetherell St.,N/A,Manchester,CT,	06040,United States,Voluntary: Firm initiated,Press Release,"CT, MA, NH, NY, WI, OH, TX, AZ, MO, MN, MI, CA, CO, OR, NM, IN, FL, SC, PA, WA, RI, IL, MD",V-304-2016,Class I,"Bravo Blend Chicken diet for dogs & cats, Patties, Item Number: 21¿508, 5 lb. (80 oz.) bag, UPC: 829546215088",124 cases,"Product did not test positive for Salmonella, but is being voluntarily recalled out of an abundance of caution because it was manufactured in the same manufacturing facility on the same day as the product that tested positive for Salmonella spp. Poly A.",07/23/2015,02/09/2016,07/27/2016,02/17/2016,12-05-16
Veterinary,No,,72300,Terminated,oc Raw Dog,30052 Aventura Ste A,N/A,Rancho Santa Margarita,CA,	92688-2042,United States,Voluntary: Firm initiated,Press Release,"U.S. distribution to the following; VT, CO, PA.  No foreign distribution.",V-308-2016,Class I,"OC Raw Dog Chicken, Fish & Produce Raw Frozen Canine Formulation   3lb Meat Rox  UPC Code: 022099069171    4lb Sliders  UPC Code: 095225852640    6.5lb Doggie Dozen Patty Bags  UPC Code: 022099069225",640 lbs.,"OC Raw Dog, LLC is recalling OC Raw Dog Chicken, Fish & Produce Raw Frozen Canine Formulation due to potential Salmonella contamination.",09/27/2015,02/10/2016,02/27/2017,02/17/2016,Lot #1819  Use by Date 050516
Veterinary,No,,37736,Terminated,Delmonte Foods,PO Box 57,N/A,Pittsburgh,PA,	15230-0057,United States,N/A,N/A,"The product was shipped to distribution centers for Walmart, Acme, and Albertsons in AL, AR, CT, DE, FL, GA, IA, IL, IN, KY, MI, MO, NC, NH, NY, OH, PA, TN, TX, VA, and WI. The products were further distributed to retail stores nationwide.",V-332-2007,Class I,Ol'' Roy with Beef Hearty Cuts in Gravy Dog Food 13.2 oz cans. The product is shipped in cases containing 24 cans.,"16,849 cases",wheat gluten used to manufacture products tested positive for melamine by FDA,03/31/2007,N/A,09/25/2014,,N/A
Veterinary,No,,37736,Terminated,Delmonte Foods,PO Box 57,N/A,Pittsburgh,PA,	15230-0057,United States,N/A,N/A,"The product was shipped to distribution centers for Walmart, Acme, and Albertsons in AL, AR, CT, DE, FL, GA, IA, IL, IN, KY, MI, MO, NC, NH, NY, OH, PA, TN, TX, VA, and WI. The products were further distributed to retail stores nationwide.",V-333-2007,Class I,Ol'' Roy with Beef Hearty Strips in Gravy Dog Food 13.2 oz cans. The product is shipped in cases containing 24 cans.,"21,589 cases",wheat gluten used to manufacture products tested positive for melamine by FDA,03/31/2007,N/A,09/25/2014,,N/A
Veterinary,No,,37736,Terminated,Delmonte Foods,PO Box 57,N/A,Pittsburgh,PA,	15230-0057,United States,N/A,N/A,"The product was shipped to distribution centers for Walmart, Acme, and Albertsons in AL, AR, CT, DE, FL, GA, IA, IL, IN, KY, MI, MO, NC, NH, NY, OH, PA, TN, TX, VA, and WI. The products were further distributed to retail stores nationwide.",V-334-2007,Class I,Ol'' Roy Country Stew Hearty Cuts in Gravy Dog Food 22 oz cans. The product is shipped in cases containing 12 cans.,"16,602 cases",wheat gluten used to manufacture products tested positive for melamine by FDA,03/31/2007,N/A,09/25/2014,,N/A
Veterinary,No,,37736,Terminated,Delmonte Foods,PO Box 57,N/A,Pittsburgh,PA,	15230-0057,United States,N/A,N/A,"The product was shipped to distribution centers for Walmart, Acme, and Albertsons in AL, AR, CT, DE, FL, GA, IA, IL, IN, KY, MI, MO, NC, NH, NY, OH, PA, TN, TX, VA, and WI. The products were further distributed to retail stores nationwide.",V-335-2007,Class I,Happy Tails Meaty Cuts with Beef in Gravy Dog Food 22 oz cans. The product is shipped in cases containing 12 cans.,"8,009 cases",wheat gluten used to manufacture products tested positive for melamine by FDA,03/31/2007,N/A,09/25/2014,,N/A
Veterinary,No,,58835,Terminated,Todd's BBI,1735 Hull Ave,N/A,Des Moines,IA,	50317,United States,N/A,N/A,"Distribution was made to retail stores located in NY, MA, CT, CO, WA, IL, CA, and NV.",V-375-2011,Class I,"Bulk boxes labeled as Grandpa Louie's, Des Moines, IA, Dog Treats, consisting of pig ears packaged in cases of 100 pieces or 40 pieces.  The product is contained loose in a bulk box and placed in bulk bins for sale at the retail stores.  The cases of 100 pieces are the original cases shipped to the recalling firm by the supplier with the Grandpa Louie's label attached.  The cases containing 40 pieces are generic cases used by the recalling firm with the Grandpa Louie's label attached.",16/100-ct. cases and 4/40-ct. cases,The product is potentially contaminated with Salmonella.,05/05/2011,N/A,09/27/2011,,N/A
Veterinary,No,,58797,Terminated,Blackman Industries Inc,1401 Minnesota Ave,N/A,Kansas City,KS,	66102-4309,United States,N/A,N/A,"Distribution was made to retail stores located in MO, KS, IA, and SD.",V-392-2011,Class I,"Pig ears labeled as follows:      (1) Prime Time Premium Dog Treats, Premium Natural Pig Ears, packaged in 2-ct. bags (UPC 7-48976-18316-6),  5-ct. bags (UPC 7-48976-09040-2 with a $5.99 retail price), and 5-ct. bags (UPC 7-48976-19040-9 with a $6.99 retail price).  Distributed by Blackman Industries, Inc., Kansas City, KS; and    (2) KC Beefhide Premium Dog Treats, Premium Pig Ears, packaged in 20-ct. mesh bags, UPC 7-48976-09065-5.  Blackman Industries, Inc., Kansas City, KS.","809/2-pks., 251/5-pks, and 12/20-pks.",The product is potentially contaminated with Salmonella,05/04/2011,N/A,07/29/2013,,N/A
Veterinary,No,,56928,Terminated,The Blue Buffalo Company,43 Danbury Rd,N/A,Wilton,CT,	06897-4400,United States,N/A,N/A,"Nationwide  Canada, Greece and Japan",V-397-2011,Class I,"Blue Wilderness Chicken Flavor Dog Food, in:  4.5 lb. ; 11 lb.,  24 lb. bags","30,085 bags",Products may contain excessive levels of Vitamin D3,10/08/2010,N/A,07/19/2012,,N/A
Veterinary,No,,56928,Terminated,The Blue Buffalo Company,43 Danbury Rd,N/A,Wilton,CT,	06897-4400,United States,N/A,N/A,"Nationwide  Canada, Greece and Japan",V-398-2011,Class I,Blue Basics Limited Ingredient Formula Salmon and Potato Recipe Dog Food (Basics Salmon) 11 Lb and 24 Lb bag,"7,894 bags",Products may contain excessive levels of Vitamin D3,10/08/2010,N/A,07/19/2012,,N/A
Veterinary,No,,56928,Terminated,The Blue Buffalo Company,43 Danbury Rd,N/A,Wilton,CT,	06897-4400,United States,N/A,N/A,"Nationwide  Canada, Greece and Japan",V-399-2011,Class I,"Blue Life Protection Formula Natural Chicken and Brown Rice Recipe Large Breed Adult Dog Food ( Large Breed ), 30 Lb bag","8,973 bags",Products may contain excessive levels of Vitamin D3,10/08/2010,N/A,07/19/2012,,N/A
Veterinary,No,,72833,Terminated,BRAVO! LLC,349 Wetherell St.,N/A,Manchester,CT,	06040,United States,Voluntary: Firm initiated,Letter,"AZ, CA, CO.IL, MN, MD, OR, PA, SC, TX, WA",V-447-2016,Class I,Bravo All Natural  Chicken  Blend diet for dogs & cats. 2lb (32 oz) chubS   Item Number: 21-102  UPC: 829546211028,201 cases,May be contaminated with Salmonella,12/10/2015,06/11/2016,05/17/2019,06/22/2016,Best used by date of 11/13/16
Veterinary,No,,72833,Terminated,BRAVO! LLC,349 Wetherell St.,N/A,Manchester,CT,	06040,United States,Voluntary: Firm initiated,Letter,"AZ, CA, CO.IL, MN, MD, OR, PA, SC, TX, WA",V-448-2016,Class I,"Bravo All Natural  Chicken  Blend diet for dogs & cats,  5 lb (90 oz) chubs  Item Number: 21-¿105  UPC: 829546211059",250 cases,May be contaminated with Salmonella,12/10/2015,06/11/2016,05/17/2019,06/22/2016,Best used by date of 11/13/16
Veterinary,No,,72833,Terminated,BRAVO! LLC,349 Wetherell St.,N/A,Manchester,CT,	06040,United States,Voluntary: Firm initiated,Letter,"AZ, CA, CO.IL, MN, MD, OR, PA, SC, TX, WA",V-449-2016,Class I,"Bravo All Natural  Turkey  Blend diet for dogs & cats,  5 lb bag of 8 oz patties  Item Number: 31-¿508  UPC: 829546315085",8 cases,May be contaminated with Salmonella,12/10/2015,06/11/2016,05/17/2019,06/22/2016,Best used by date of 11/13/16
Veterinary,No,,72833,Terminated,BRAVO! LLC,349 Wetherell St.,N/A,Manchester,CT,	06040,United States,Voluntary: Firm initiated,Letter,"AZ, CA, CO.IL, MN, MD, OR, PA, SC, TX, WA",V-450-2016,Class I,"Bravo Balance Turkey Dinner for dogs,  3 lb bag of 4 oz. patties  Item Number: 31-¿401  UPC: 829546314019",60 cases,May be contaminated with Salmonella,12/10/2015,06/11/2016,05/17/2019,06/22/2016,Best used by date of 11/13/16
Veterinary,No,,72092,Terminated,"Boesl Packing Company, Inc.",2322 Belair Rd,N/A,Baltimore,MD,	21213-1222,United States,Voluntary: Firm initiated,E-Mail,The product was distributed in Maryland to two Direct accounts and one Distributor,V-451-2016,Class I,"Chicken and Vegetable, K-9, Dog Food, Frozen Raw Dog Food Patties.",182 Cases,"Chicken and Vegetable, K-9, Dog Food (sample  # 912272 ) tested positive for Listeria monocytogenes and Salmonella.    Chicken and Vegetable, K-9, Dog Food is manufactured by the Boesl Packing Company, Inc., 2322 Belair Rd, Baltimore, Maryland.          ",08/31/2015,06/11/2016,08/12/2016,06/22/2016,No Code Information availible
Veterinary,No,,72857,Terminated,Stella and Chewys,111 W Oakview Parkway,N/A,Oak Creek,WI,	53154,United States,Voluntary: Firm initiated,Telephone,Nationwide and Canada,V-470-2016,Class I,"Stella & Chewy's brand Stella's Super Beef Dinner Morsels for Dogs.  Keep Frozen.  Made with raw, grass-fed beef with no added hormones or antibiotics.  Manufactured by:  Stella & Chewy's LLC, 2842 South 5th Court, Milwaukee, WI  53207.  Packaged in the following sizes and codes:  Net Wt. 8.5 oz. (240g), UPC 186011 001554, and Net Wt. 4 lb. (1.81kg), UPC 186011 01370.",268 cases,"The recall was prompted by a positive test confirming Listeria monocytogenes in Stella's Super Beef Dinner Morsels for Dogs, 8.5 oz. frozen bags, lot #165-15, ""Use by 6-25-2016"", during routine surveillance testing by the Michigan Department of Agriculture and Rural Development.",12/11/2015,08/02/2016,12/19/2016,08/10/2016,"8.5 oz. package: Lot #165-15, Use By 6-25-2016   4 lb. package: Lot #165-15, Use By 6-25-2016 and 6/26/2016"
Veterinary,No,,71648,Terminated,"Stella & Chewy's, LLC",2842 S 5th Ct,N/A,Milwaukee,WI,	53207-1472,United States,Voluntary: Firm initiated,"Two or more of the following: Email, Fax, Letter, Press Release, Telephone, Visit","US: AZ, CA, CO, FL GA, IL, KS, MD, MN, NY, NC, PA, RI, TX, VI, VA, WI,WA.",V-473-2016,Class I,"Stella & Chewy's Freeze-¿Dried Chewy's Chicken Dinner for Dogs, 15 oz., UPC 186011000045.     Frozen Chewy's Chicken Dinner Morsels for Dogs, 4 lb, UPC 186011001387.    Frozen Chewy's Chicken Dinner Patties for Dogs, 6 lb, UPC 186011000120.    Frozen Chewy's Chicken Dinner Patties for Dogs, 3 lb, UPC 186011000038.    Carnivore Crunch Chicken Recipe, 3.25 oz, UPC 186011001080.",Total for all product : 5045 cases and 12 pieces,"Stella & Chewy's is voluntarily recalling some of its products due to concerns of a possible presence of Listeria monocytogenes. The recall was prompted by a positive test confirming Listeria monocytogenes in Chewy's Chicken Freeze-Dried Dinner Patties for Dogs, 15 ounce, Lot #111-15.  As a precautionary measure the company is recalling all products from lot # 111-15 including products that could have come into contact with the affected lot.",07/03/2015,08/02/2016,08/11/2017,08/10/2016,"Lot 111-¿15, Use By 4/21/2016, 4/23/2016 and 4/26/2016.  Lot 110-15, Use by 5/3/2016.  Lot 114-15, Use By 4/26/2016."
Veterinary,No,,71648,Terminated,"Stella & Chewy's, LLC",2842 S 5th Ct,N/A,Milwaukee,WI,	53207-1472,United States,Voluntary: Firm initiated,"Two or more of the following: Email, Fax, Letter, Press Release, Telephone, Visit","US: AZ, CA, CO, FL GA, IL, KS, MD, MN, NY, NC, PA, RI, TX, VI, VA, WI,WA.",V-475-2016,Class I,"Stella & Chewy's Frozen Duck Duck Goose Dinner Morsels for Dogs, 4 lb, UPC 186011001394.",Total for all product: 5045 cases and 12 pieces,"Stella & Chewy's is voluntarily recalling some of its products due to concerns of a possible presence of Listeria monocytogenes. The recall was prompted by a positive test confirming Listeria monocytogenes in Chewy's Chicken Freeze-Dried Dinner Patties for Dogs, 15 ounce, Lot #111-15.  As a precautionary measure the company is recalling all products from lot # 111-15 including products that could have come into contact with the affected lot.",07/03/2015,08/02/2016,08/11/2017,08/10/2016,"Lot 111-¿15, Use By 4/21/2016."
Veterinary,No,,71648,Terminated,"Stella & Chewy's, LLC",2842 S 5th Ct,N/A,Milwaukee,WI,	53207-1472,United States,Voluntary: Firm initiated,"Two or more of the following: Email, Fax, Letter, Press Release, Telephone, Visit","US: AZ, CA, CO, FL GA, IL, KS, MD, MN, NY, NC, PA, RI, TX, VI, VA, WI,WA.",V-479-2016,Class I,"Stella & Chewy's Frozen Surf'N Turf Dinner Patties for Dogs, 6 lb, UPC 186011000533.",Total for all product : 5045 cases and 12 pieces,"Stella & Chewy's is voluntarily recalling some of its products due to concerns of a possible presence of Listeria monocytogenes. The recall was prompted by a positive test confirming Listeria monocytogenes in Chewy's Chicken Freeze-Dried Dinner Patties for Dogs, 15 ounce, Lot #111-15.  As a precautionary measure the company is recalling all products from lot # 111-15 including products that could have come into contact with the affected lot.",07/03/2015,08/02/2016,08/11/2017,08/10/2016,"Lot 111-¿15, Use By 4/21/2016."
Veterinary,No,,73654,Terminated,"Smallbatch Pets, Inc.",2452 NE 51st Ave,N/A,Portland,OR,	97213-2520,United States,Voluntary: Firm initiated,"Two or more of the following: Email, Fax, Letter, Press Release, Telephone, Visit","distributed in CA, CO, OR, and WA.",V-529-2016,Class I,"Duckbatch Sliders are frozen raw duck patties, sold under brand Smallbatch, net wt. 3 lbs., frozen package.  UPC 713757 339001    Product labeled in part"" ""***smallbatchdog***duckbatch sliders***88% Duck 10% Vegetables 2% Supplements***This bag contains 48 1oz sliders (3 lbs)***NOT FOR HUMAN CONSUMPTION. PERISHABLE, KEEP FROZEN***""",80 cases,One lot of frozen Duckbatch Sliders for dog food is recalled due to contamination with Salmonella and Listeria monocytogenes.,03/25/2016,09/28/2016,02/27/2017,10/05/2016,"Lot C027, Sell By 012717"
Veterinary,No,,73066,Terminated,"Carnivore Meat Company, LLC",2878 Ontario Rd,N/A,Green Bay,WI,	54311-6877,United States,Voluntary: Firm initiated,Telephone,"CA, CO, FL, GA, RI, TX, and WA",V-530-2016,Class I,"Vital Essentials Frozen Chicken Patties Entree for Dogs, Net Wt. 6 lbs. (2.72kg).  Keep Frozen. UPC 33211-00807.",1872 lbs.,Carnivore Meat Company is recalling one batch (lot # 11475) of Vital Essentials 6 lb. Frozen Chicken Patties Entree for Dogs  because it has the potential to be contaminated with Salmonella.,01/12/2016,09/28/2016,11/17/2017,10/05/2016,"Lot # 11475, Best By date 20161108 (11/08/2016)"
Veterinary,No,,37611,Terminated,Menu Foods Midwest Corp,1400 E Logan Ave,PO Box 1046,Emporia,KS,	66801-1046,United States,N/A,N/A,Affected product was shipped to direct accounts in all 50 states and Canada and Mexico.,V-752-2007,Class I,"Numerous brands and UPC codes of DOG FOOD, including: AMERICAS CHOICE, PREFERRED PETS - DISTRIBUTED BY THE GREAT ATLANTIC & PACIFIC TEA COMPANY, MONTVALE, NJ    Beef/Cuts/Gravy, packed in 13.2 oz cans, UPC 75480759152 with Best By/Date Codes:  Feb/07/10; Feb/08/10; Feb/09/10; Feb/11/10; Feb/12/10; Feb/13/10     Beef/Cuts/Gravy packed in 5.5 oz cans, UPC 75480759143 with Best By/Date Codes:  Jan/15/10; Jan/16/10; Jan/17/10","Approximately 53,373,600 cans or pouches (2,384,722 cases) total of dog and cat food have been distributed throughout the US and Canada.",Cuts and Gravy style wet pet food has been implicated in illness and death of dogs and cats.,03/16/2007,N/A,04/17/2012,,N/A
Veterinary,No,,37611,Terminated,Menu Foods Midwest Corp,1400 E Logan Ave,PO Box 1046,Emporia,KS,	66801-1046,United States,N/A,N/A,Affected product was shipped to direct accounts in all 50 states and Canada and Mexico.,V-797-2007,Class I,"Eukanuba Dog Bites in Gravy --  Adult with Beef, Pasta and Vegetables to include all Best Before Dates, packed in a 5.3 oz pouch.  Codes dates of 6312 through 7073 followed by plant code 4197","Approximately 53,373,600 cans or pouches (2,384,722 cases) total of dog and cat food have been distributed throughout the US and Canada.",Cuts and Gravy style wet pet food has been implicated in illness and death of dogs and cats.,03/16/2007,N/A,04/17/2012,,N/A
Veterinary,No,,37611,Terminated,Menu Foods Midwest Corp,1400 E Logan Ave,PO Box 1046,Emporia,KS,	66801-1046,United States,N/A,N/A,Affected product was shipped to direct accounts in all 50 states and Canada and Mexico.,V-798-2007,Class I,"Eukanuba Dog Bites in Gravy -- Adult with Hearty Beef including all Best Before Dates, packed in 5.3 oz pouches.   Codes dates of 6312 through 7073 followed by plant code 4197","Approximately 53,373,600 cans or pouches (2,384,722 cases) total of dog and cat food have been distributed throughout the US and Canada.",Cuts and Gravy style wet pet food has been implicated in illness and death of dogs and cats.,03/16/2007,N/A,04/17/2012,,N/A
Veterinary,No,,37611,Terminated,Menu Foods Midwest Corp,1400 E Logan Ave,PO Box 1046,Emporia,KS,	66801-1046,United States,N/A,N/A,Affected product was shipped to direct accounts in all 50 states and Canada and Mexico.,V-799-2007,Class I,"Eukanuba Dog Bites in Gravy --  Adult with Lamb and Rice including all Best Before Dates, packed in 5.3 oz pouches.  Codes dates of 6312 through 7073 followed by plant code 4197","Approximately 53,373,600 cans or pouches (2,384,722 cases) total of dog and cat food have been distributed throughout the US and Canada.",Cuts and Gravy style wet pet food has been implicated in illness and death of dogs and cats.,03/16/2007,N/A,04/17/2012,,N/A
Veterinary,No,,37611,Terminated,Menu Foods Midwest Corp,1400 E Logan Ave,PO Box 1046,Emporia,KS,	66801-1046,United States,N/A,N/A,Affected product was shipped to direct accounts in all 50 states and Canada and Mexico.,V-800-2007,Class I,Eukanuba Dog Bites in Gravy --  Adult with Savory Chicken including all Best Before Dates packed in 5.3 oz pouches.  Codes dates of 6312 through 7073 followed by plant code 4197,"Approximately 53,373,600 cans or pouches (2,384,722 cases) total of dog and cat food have been distributed throughout the US and Canada.",Cuts and Gravy style wet pet food has been implicated in illness and death of dogs and cats.,03/16/2007,N/A,04/17/2012,,N/A
Veterinary,No,,37611,Terminated,Menu Foods Midwest Corp,1400 E Logan Ave,PO Box 1046,Emporia,KS,	66801-1046,United States,N/A,N/A,Affected product was shipped to direct accounts in all 50 states and Canada and Mexico.,V-801-2007,Class I,Eukanuba Dog Bites in Gravy -- Puppy with Hearty Beef including all Best Before Dates packed in  5.3 oz pouches.   Codes dates of 6312 through 7073 followed by plant code 4197,"Approximately 53,373,600 cans or pouches (2,384,722 cases) total of dog and cat food have been distributed throughout the US and Canada.",Cuts and Gravy style wet pet food has been implicated in illness and death of dogs and cats.,03/16/2007,N/A,04/17/2012,,N/A
Veterinary,No,,37611,Terminated,Menu Foods Midwest Corp,1400 E Logan Ave,PO Box 1046,Emporia,KS,	66801-1046,United States,N/A,N/A,Affected product was shipped to direct accounts in all 50 states and Canada and Mexico.,V-802-2007,Class I,"Eukanuba Dog Bites in Gravy -- Puppy with Savory Chicken inlcuding all Best Before Dates, packed in 5.3 oz pouches.   Codes dates of 6312 through 7073 followed by plant code 4197","Approximately 53,373,600 cans or pouches (2,384,722 cases) total of dog and cat food have been distributed throughout the US and Canada.",Cuts and Gravy style wet pet food has been implicated in illness and death of dogs and cats.,03/16/2007,N/A,04/17/2012,,N/A
Veterinary,No,,37611,Terminated,Menu Foods Midwest Corp,1400 E Logan Ave,PO Box 1046,Emporia,KS,	66801-1046,United States,N/A,N/A,Affected product was shipped to direct accounts in all 50 states and Canada and Mexico.,V-803-2007,Class I,Eukanuba Dog Bites in Gravy --  Reduced Fat with Savory Chicken including all Best Before Dates packed in 5.3 oz pouches.  Codes dates of 6312 through 7073 followed by plant code 4197,"Approximately 53,373,600 cans or pouches (2,384,722 cases) total of dog and cat food have been distributed throughout the US and Canada.",Cuts and Gravy style wet pet food has been implicated in illness and death of dogs and cats.,03/16/2007,N/A,04/17/2012,,N/A
Veterinary,No,,37611,Terminated,Menu Foods Midwest Corp,1400 E Logan Ave,PO Box 1046,Emporia,KS,	66801-1046,United States,N/A,N/A,Affected product was shipped to direct accounts in all 50 states and Canada and Mexico.,V-804-2007,Class I,Eukanuba Dog Bites in Gravy -- Senior with Savory Chicken including all Best Before Dates packed in 5.3 oz pouches.   Codes dates of 6312 through 7073 followed by plant code 4197,"Approximately 53,373,600 cans or pouches (2,384,722 cases) total of dog and cat food have been distributed throughout the US and Canada.",Cuts and Gravy style wet pet food has been implicated in illness and death of dogs and cats.,03/16/2007,N/A,04/17/2012,,N/A
Veterinary,No,,37611,Terminated,Menu Foods Midwest Corp,1400 E Logan Ave,PO Box 1046,Emporia,KS,	66801-1046,United States,N/A,N/A,Affected product was shipped to direct accounts in all 50 states and Canada and Mexico.,V-805-2007,Class I,Eukanuba Dog Chunks in Gravy -- Adult with Hearty Beef including all Best Before Dates packed in 5.5 oz cans.   Codes dates of 6312 through 7073 followed by plant code 4197,"Approximately 53,373,600 cans or pouches (2,384,722 cases) total of dog and cat food have been distributed throughout the US and Canada.",Cuts and Gravy style wet pet food has been implicated in illness and death of dogs and cats.,03/16/2007,N/A,04/17/2012,,N/A
Veterinary,No,,37611,Terminated,Menu Foods Midwest Corp,1400 E Logan Ave,PO Box 1046,Emporia,KS,	66801-1046,United States,N/A,N/A,Affected product was shipped to direct accounts in all 50 states and Canada and Mexico.,V-806-2007,Class I,Eukanuba Dog Chunks in Gravy -- Adult with Hearty Stew with Beef including all Best Before Dates packed in 5.5 oz cans.  Codes dates of 6312 through 7073 followed by plant code 4197,"Approximately 53,373,600 cans or pouches (2,384,722 cases) total of dog and cat food have been distributed throughout the US and Canada.",Cuts and Gravy style wet pet food has been implicated in illness and death of dogs and cats.,03/16/2007,N/A,04/17/2012,,N/A
Veterinary,No,,37611,Terminated,Menu Foods Midwest Corp,1400 E Logan Ave,PO Box 1046,Emporia,KS,	66801-1046,United States,N/A,N/A,Affected product was shipped to direct accounts in all 50 states and Canada and Mexico.,V-807-2007,Class I,Eukanuba Dog Chunks in Gravy --  Adult with Savory Chicken including all Best Before Dates packed in 5.5 oz cans.  Codes dates of 6312 through 7073 followed by plant code 4197,"Approximately 53,373,600 cans or pouches (2,384,722 cases) total of dog and cat food have been distributed throughout the US and Canada.",Cuts and Gravy style wet pet food has been implicated in illness and death of dogs and cats.,03/16/2007,N/A,04/17/2012,,N/A
Veterinary,No,,37611,Terminated,Menu Foods Midwest Corp,1400 E Logan Ave,PO Box 1046,Emporia,KS,	66801-1046,United States,N/A,N/A,Affected product was shipped to direct accounts in all 50 states and Canada and Mexico.,V-808-2007,Class I,"Eukanuba Dog Chunks in Gravy -- Puppy with Savory Chicken including all Best Before Dates, packed in 5.5 oz cans.  Codes dates of 6312 through 7073 followed by plant code 4197","Approximately 53,373,600 cans or pouches (2,384,722 cases) total of dog and cat food have been distributed throughout the US and Canada.",Cuts and Gravy style wet pet food has been implicated in illness and death of dogs and cats.,03/16/2007,N/A,04/17/2012,,N/A
Veterinary,No,,37611,Terminated,Menu Foods Midwest Corp,1400 E Logan Ave,PO Box 1046,Emporia,KS,	66801-1046,United States,N/A,N/A,Affected product was shipped to direct accounts in all 50 states and Canada and Mexico.,V-809-2007,Class I,"Eukanuba Dog Chunks in Gravy -- Senior with Hearty Beef including all Best Before Dates, packed in 5.5 oz cans.  Codes dates of 6312 through 7073 followed by plant code 4197","Approximately 53,373,600 cans or pouches (2,384,722 cases) total of dog and cat food have been distributed throughout the US and Canada.",Cuts and Gravy style wet pet food has been implicated in illness and death of dogs and cats.,03/16/2007,N/A,04/17/2012,,N/A
Veterinary,No,,37611,Terminated,Menu Foods Midwest Corp,1400 E Logan Ave,PO Box 1046,Emporia,KS,	66801-1046,United States,N/A,N/A,Affected product was shipped to direct accounts in all 50 states and Canada and Mexico.,V-855-2007,Class I,"Iams Dog Chunks -- Active Maturity with Beef in Gravy including all Best Before Dates, packed in 13.2 oz cans.  Codes dates of 6312 through 7073 followed by plant code 4197","Approximately 53,373,600 cans or pouches (2,384,722 cases) total of dog and cat food have been distributed throughout the US and Canada.",Cuts and Gravy style wet pet food has been implicated in illness and death of dogs and cats.,03/16/2007,N/A,04/17/2012,,N/A
Veterinary,No,,37611,Terminated,Menu Foods Midwest Corp,1400 E Logan Ave,PO Box 1046,Emporia,KS,	66801-1046,United States,N/A,N/A,Affected product was shipped to direct accounts in all 50 states and Canada and Mexico.,V-856-2007,Class I,"Iams Dog Chunks -- Beef & Vegetables in Gravy including all Best Before Dates, packed in 13.2 oz cans.  Codes dates of 6312 through 7073 followed by plant code 4197","Approximately 53,373,600 cans or pouches (2,384,722 cases) total of dog and cat food have been distributed throughout the US and Canada.",Cuts and Gravy style wet pet food has been implicated in illness and death of dogs and cats.,03/16/2007,N/A,04/17/2012,,N/A
Veterinary,No,,37611,Terminated,Menu Foods Midwest Corp,1400 E Logan Ave,PO Box 1046,Emporia,KS,	66801-1046,United States,N/A,N/A,Affected product was shipped to direct accounts in all 50 states and Canada and Mexico.,V-857-2007,Class I,"Iams Dog Chunks -- Chicken in Gravy including all Best Before Dates, packed in 13.2 oz cans.  Codes dates of 6312 through 7073 followed by plant code 4197","Approximately 53,373,600 cans or pouches (2,384,722 cases) total of dog and cat food have been distributed throughout the US and Canada.",Cuts and Gravy style wet pet food has been implicated in illness and death of dogs and cats.,03/16/2007,N/A,04/17/2012,,N/A
Veterinary,No,,37611,Terminated,Menu Foods Midwest Corp,1400 E Logan Ave,PO Box 1046,Emporia,KS,	66801-1046,United States,N/A,N/A,Affected product was shipped to direct accounts in all 50 states and Canada and Mexico.,V-858-2007,Class I,"Iams Dog Chunks -- Multipack with Beef & Chicken in Gravy including all Best Before Dates, packed in 13.2 oz cans.  Codes dates of 6312 through 7073 followed by plant code 4197","Approximately 53,373,600 cans or pouches (2,384,722 cases) total of dog and cat food have been distributed throughout the US and Canada.",Cuts and Gravy style wet pet food has been implicated in illness and death of dogs and cats.,03/16/2007,N/A,04/17/2012,,N/A
Veterinary,No,,37611,Terminated,Menu Foods Midwest Corp,1400 E Logan Ave,PO Box 1046,Emporia,KS,	66801-1046,United States,N/A,N/A,Affected product was shipped to direct accounts in all 50 states and Canada and Mexico.,V-859-2007,Class I,"Iams Dog Chunks -- Multipack with Beef & Vegetables in Gravy including all Best Before Dates, packed in 13.2 oz cans.  Codes dates of 6312 through 7073 followed by plant code 4197","Approximately 53,373,600 cans or pouches (2,384,722 cases) total of dog and cat food have been distributed throughout the US and Canada.",Cuts and Gravy style wet pet food has been implicated in illness and death of dogs and cats.,03/16/2007,N/A,04/17/2012,,N/A
Veterinary,No,,37611,Terminated,Menu Foods Midwest Corp,1400 E Logan Ave,PO Box 1046,Emporia,KS,	66801-1046,United States,N/A,N/A,Affected product was shipped to direct accounts in all 50 states and Canada and Mexico.,V-860-2007,Class I,"Iams Dog Chunks -- Multipack with Chicken in Gravy including all Best Before Dates, packed in 13.2 oz cans.  Codes dates of 6312 through 7073 followed by plant code 4197","Approximately 53,373,600 cans or pouches (2,384,722 cases) total of dog and cat food have been distributed throughout the US and Canada.",Cuts and Gravy style wet pet food has been implicated in illness and death of dogs and cats.,03/16/2007,N/A,04/17/2012,,N/A
Veterinary,No,,37611,Terminated,Menu Foods Midwest Corp,1400 E Logan Ave,PO Box 1046,Emporia,KS,	66801-1046,United States,N/A,N/A,Affected product was shipped to direct accounts in all 50 states and Canada and Mexico.,V-861-2007,Class I,"Iams Dog Chunks -- Puppy with Beef & Chicken in Gravy including all Best Before Dates, packed in 13.2 oz cans.  Codes dates of 6312 through 7073 followed by plant code 4197","Approximately 53,373,600 cans or pouches (2,384,722 cases) total of dog and cat food have been distributed throughout the US and Canada.",Cuts and Gravy style wet pet food has been implicated in illness and death of dogs and cats.,03/16/2007,N/A,04/17/2012,,N/A
Veterinary,No,,37611,Terminated,Menu Foods Midwest Corp,1400 E Logan Ave,PO Box 1046,Emporia,KS,	66801-1046,United States,N/A,N/A,Affected product was shipped to direct accounts in all 50 states and Canada and Mexico.,V-862-2007,Class I,"Iams Dog Chunks -- Product Description: Puppy with Beef & Chicken in Gravy including all Best Before Dates, packed in 13.2 oz cans.  Codes dates of 6312 through 7073 followed by plant code 4197","Approximately 53,373,600 cans or pouches (2,384,722 cases) total of dog and cat food have been distributed throughout the US and Canada.",Cuts and Gravy style wet pet food has been implicated in illness and death of dogs and cats.,03/16/2007,N/A,04/17/2012,,N/A
Veterinary,No,,37611,Terminated,Menu Foods Midwest Corp,1400 E Logan Ave,PO Box 1046,Emporia,KS,	66801-1046,United States,N/A,N/A,Affected product was shipped to direct accounts in all 50 states and Canada and Mexico.,V-863-2007,Class I,"Iams Dog Chunks -- Weight Control with Beef in Gravy including all Best Before Dates, packed in 13.2 oz cans.  Codes dates of 6312 through 7073 followed by plant code 4197","Approximately 53,373,600 cans or pouches (2,384,722 cases) total of dog and cat food have been distributed throughout the US and Canada.",Cuts and Gravy style wet pet food has been implicated in illness and death of dogs and cats.,03/16/2007,N/A,04/17/2012,,N/A
Veterinary,No,,37611,Terminated,Menu Foods Midwest Corp,1400 E Logan Ave,PO Box 1046,Emporia,KS,	66801-1046,United States,N/A,N/A,Affected product was shipped to direct accounts in all 50 states and Canada and Mexico.,V-864-2007,Class I,"Iams Dog Select Bites -- Active Maturity with Beef in Gravy including all Best Before Dates, packed in 5.3 oz pouches.  Codes dates of 6312 through 7073 followed by plant code 4197","Approximately 53,373,600 cans or pouches (2,384,722 cases) total of dog and cat food have been distributed throughout the US and Canada.",Cuts and Gravy style wet pet food has been implicated in illness and death of dogs and cats.,03/16/2007,N/A,04/17/2012,,N/A
Veterinary,No,,37611,Terminated,Menu Foods Midwest Corp,1400 E Logan Ave,PO Box 1046,Emporia,KS,	66801-1046,United States,N/A,N/A,Affected product was shipped to direct accounts in all 50 states and Canada and Mexico.,V-865-2007,Class I,"Iams Dog Select Bites -- Adult with Beef in Gravy including all Best Before Dates, packed in 5.3 oz pouches.  Codes dates of 6312 through 7073 followed by plant code 4197","Approximately 53,373,600 cans or pouches (2,384,722 cases) total of dog and cat food have been distributed throughout the US and Canada.",Cuts and Gravy style wet pet food has been implicated in illness and death of dogs and cats.,03/16/2007,N/A,04/17/2012,,N/A
Veterinary,No,,37611,Terminated,Menu Foods Midwest Corp,1400 E Logan Ave,PO Box 1046,Emporia,KS,	66801-1046,United States,N/A,N/A,Affected product was shipped to direct accounts in all 50 states and Canada and Mexico.,V-866-2007,Class I,"Iams Dog Select Bites -- Adult with Beef, Potatoes and Carrots in Gravy including all Best Before Dates, packed in 5.3 oz pouches.  Codes dates of 6312 through 7073 followed by plant code 4197","Approximately 53,373,600 cans or pouches (2,384,722 cases) total of dog and cat food have been distributed throughout the US and Canada.",Cuts and Gravy style wet pet food has been implicated in illness and death of dogs and cats.,03/16/2007,N/A,04/17/2012,,N/A
Veterinary,No,,37611,Terminated,Menu Foods Midwest Corp,1400 E Logan Ave,PO Box 1046,Emporia,KS,	66801-1046,United States,N/A,N/A,Affected product was shipped to direct accounts in all 50 states and Canada and Mexico.,V-867-2007,Class I,"Iams Dog Select Bites -- Adult with Chicken in Gravy including all Best Before Dates, packed in 5.3 oz pouches.  Codes dates of 6312 through 7073 followed by plant code 4197","Approximately 53,373,600 cans or pouches (2,384,722 cases) total of dog and cat food have been distributed throughout the US and Canada.",Cuts and Gravy style wet pet food has been implicated in illness and death of dogs and cats.,03/16/2007,N/A,04/17/2012,,N/A
Veterinary,No,,37611,Terminated,Menu Foods Midwest Corp,1400 E Logan Ave,PO Box 1046,Emporia,KS,	66801-1046,United States,N/A,N/A,Affected product was shipped to direct accounts in all 50 states and Canada and Mexico.,V-868-2007,Class I,"Iams Dog Select Bites -- Adult with Lamb and Wild Rice in Gravy including Best Before Dates, packed in 5.3 oz pouches.  Codes dates of 6312 through 7073 followed by plant code 4197","Approximately 53,373,600 cans or pouches (2,384,722 cases) total of dog and cat food have been distributed throughout the US and Canada.",Cuts and Gravy style wet pet food has been implicated in illness and death of dogs and cats.,03/16/2007,N/A,04/17/2012,,N/A
Veterinary,No,,37611,Terminated,Menu Foods Midwest Corp,1400 E Logan Ave,PO Box 1046,Emporia,KS,	66801-1046,United States,N/A,N/A,Affected product was shipped to direct accounts in all 50 states and Canada and Mexico.,V-869-2007,Class I,"Iams Dog Select Bites -- Adult with Turkey in Gravy including all Best Before Dates, packed in 5.3 oz pouches.  Codes dates of 6312 through 7073 followed by plant code 4197","Approximately 53,373,600 cans or pouches (2,384,722 cases) total of dog and cat food have been distributed throughout the US and Canada.",Cuts and Gravy style wet pet food has been implicated in illness and death of dogs and cats.,03/16/2007,N/A,04/17/2012,,N/A
Veterinary,No,,37611,Terminated,Menu Foods Midwest Corp,1400 E Logan Ave,PO Box 1046,Emporia,KS,	66801-1046,United States,N/A,N/A,Affected product was shipped to direct accounts in all 50 states and Canada and Mexico.,V-870-2007,Class I,"Iams Dog Select Bites -- Puppy with Chicken in Gravy including all Best Before Dates, packed in 5.3 oz pouches.  Codes dates of 6312 through 7073 followed by plant code 4197","Approximately 53,373,600 cans or pouches (2,384,722 cases) total of dog and cat food have been distributed throughout the US and Canada.",Cuts and Gravy style wet pet food has been implicated in illness and death of dogs and cats.,03/16/2007,N/A,04/17/2012,,N/A
Veterinary,No,,37611,Terminated,Menu Foods Midwest Corp,1400 E Logan Ave,PO Box 1046,Emporia,KS,	66801-1046,United States,N/A,N/A,Affected product was shipped to direct accounts in all 50 states and Canada and Mexico.,V-871-2007,Class I,"Iams Dog Select Bites -- Variety Pack with Beef and Chicken including all Best Before Dates, packed in 5.3 oz pouches.  Codes dates of 6312 through 7073 followed by plant code 4197","Approximately 53,373,600 cans or pouches (2,384,722 cases) total of dog and cat food have been distributed throughout the US and Canada.",Cuts and Gravy style wet pet food has been implicated in illness and death of dogs and cats.,03/16/2007,N/A,04/17/2012,,N/A
Veterinary,No,,37611,Terminated,Menu Foods Midwest Corp,1400 E Logan Ave,PO Box 1046,Emporia,KS,	66801-1046,United States,N/A,N/A,Affected product was shipped to direct accounts in all 50 states and Canada and Mexico.,V-872-2007,Class I,"Iams Dog Select Bites -- Variety Pack with Beef, Chicken, Lamb & Rice including all Best Before Dates, packed in 5.3 oz pouches.  Codes dates of 6312 through 7073 followed by plant code 4197","Approximately 53,373,600 cans or pouches (2,384,722 cases) total of dog and cat food have been distributed throughout the US and Canada.",Cuts and Gravy style wet pet food has been implicated in illness and death of dogs and cats.,03/16/2007,N/A,04/17/2012,,N/A
Veterinary,No,,37611,Terminated,Menu Foods Midwest Corp,1400 E Logan Ave,PO Box 1046,Emporia,KS,	66801-1046,United States,N/A,N/A,Affected product was shipped to direct accounts in all 50 states and Canada and Mexico.,V-873-2007,Class I,"Iams Dog Select Bites -- Weight Control with Chicken in Gravy including all Best Before Dates, packed in 5.3 oz pouches.   Codes dates of 6312 through 7073 followed by plant code 4197","Approximately 53,373,600 cans or pouches (2,384,722 cases) total of dog and cat food have been distributed throughout the US and Canada.",Cuts and Gravy style wet pet food has been implicated in illness and death of dogs and cats.,03/16/2007,N/A,04/17/2012,,N/A
Veterinary,No,,37611,Terminated,Menu Foods Midwest Corp,1400 E Logan Ave,PO Box 1046,Emporia,KS,	66801-1046,United States,N/A,N/A,Affected product was shipped to direct accounts in all 50 states and Canada and Mexico.,V-874-2007,Class I,"Iams Dog Small Bites -- Puppy with Beef & Chicken in Gravy including all Best Before Dates, packed on 6 oz cans.  Codes dates of 6312 through 7073 followed by plant code 4197","Approximately 53,373,600 cans or pouches (2,384,722 cases) total of dog and cat food have been distributed throughout the US and Canada.",Cuts and Gravy style wet pet food has been implicated in illness and death of dogs and cats.,03/16/2007,N/A,04/17/2012,,N/A
Veterinary,No,,37611,Terminated,Menu Foods Midwest Corp,1400 E Logan Ave,PO Box 1046,Emporia,KS,	66801-1046,United States,N/A,N/A,Affected product was shipped to direct accounts in all 50 states and Canada and Mexico.,V-875-2007,Class I,"Iams Dog Small Bites -- Small Dogs with Beef & Vegetables in Gravy including all Best Before Dates, packed in 6 oz cans.  Codes dates of 6312 through 7073 followed by plant code 4197","Approximately 53,373,600 cans or pouches (2,384,722 cases) total of dog and cat food have been distributed throughout the US and Canada.",Cuts and Gravy style wet pet food has been implicated in illness and death of dogs and cats.,03/16/2007,N/A,04/17/2012,,N/A
Veterinary,No,,37611,Terminated,Menu Foods Midwest Corp,1400 E Logan Ave,PO Box 1046,Emporia,KS,	66801-1046,United States,N/A,N/A,Affected product was shipped to direct accounts in all 50 states and Canada and Mexico.,V-876-2007,Class I,"Iams Dog Small Bites -- Small Dogs with Chicken in Gravy including all Best Before Dates, packed in 6 oz cans.  Codes dates of 6312 through 7073 followed by plant code 4197","Approximately 53,373,600 cans or pouches (2,384,722 cases) total of dog and cat food have been distributed throughout the US and Canada.",Cuts and Gravy style wet pet food has been implicated in illness and death of dogs and cats.,03/16/2007,N/A,04/17/2012,,N/A
Veterinary,No,,37611,Terminated,Menu Foods Midwest Corp,1400 E Logan Ave,PO Box 1046,Emporia,KS,	66801-1046,United States,N/A,N/A,Affected product was shipped to direct accounts in all 50 states and Canada and Mexico.,V-877-2007,Class I,Iams Dog Small Bites -- Variety Pack for Small Dogs with Beef & Vegetables and Chicken in Gravy including all Best Before Dates packed in 6 oz cans.  Codes dates of 6312 through 7073 followed by plant code 4197,"Approximately 53,373,600 cans or pouches (2,384,722 cases) total of dog and cat food have been distributed throughout the US and Canada.",Cuts and Gravy style wet pet food has been implicated in illness and death of dogs and cats.,03/16/2007,N/A,04/17/2012,,N/A
Veterinary,No,,37611,Terminated,Menu Foods Midwest Corp,1400 E Logan Ave,PO Box 1046,Emporia,KS,	66801-1046,United States,N/A,N/A,Affected product was shipped to direct accounts in all 50 states and Canada and Mexico.,V-893-2007,Class I,"MIGHTY DOG including all Best Before Dates, packed in 5.3 oz pouches.  Code dates of 6337 through 7073, followed by the plant code 1798","Approximately 53,373,600 cans or pouches (2,384,722 cases) total of dog and cat food have been distributed throughout the US and Canada.",Cuts and Gravy style wet pet food has been implicated in illness and death of dogs and cats.,03/16/2007,N/A,04/17/2012,,N/A
