Product Type,Recently Updated Record,Last Modified Date,Event ID,Status,Recalling Firm,Address1,Address2,City,State/Province,Postal Code,Country,Voluntary/Mandated,Initial Firm Notification of Consignee or Public,Distribution Pattern,Recall Number,Classification,Product Description,Product Quantity,Reason for Recall,Recall Initiation Date,Center Classification Date,Termination Date,Report Date,Code Info
"Veterinary","No","","60540","Terminated","Procter & Gamble The Iams Company","845 Commerce Dr","N/A","Henderson","NC","	27537-7450","United States","N/A","N/A","AL, AR, AZ, CA, CO, CT, DE, FL, GA, IA, KS, LA, MA, MD, ME, MN, MS, NC, ND, NE,  NH, NJ, NY, OR, PA, SC, TN, TX, UT, VA, WA and WI,","V-038-2012","Class II","Iams ProActive Health Lamb Meal & Rice Adult Dog Food, 46 lb, 6.1 lb, 35 lb, 35 lb, 40 lband 15 lb bags, UPC: 1901404558, 1901403733, 1901403704, 1901403737, 1901411940 and 1901403735.","11351 bags","Product was found contain high levels of Aflatoxin.","11/22/2011","N/A","09/17/2012","","N/A"
"Veterinary","No","","60540","Terminated","Procter & Gamble The Iams Company","845 Commerce Dr","N/A","Henderson","NC","	27537-7450","United States","N/A","N/A","AL, AR, AZ, CA, CO, CT, DE, FL, GA, IA, KS, LA, MA, MD, ME, MN, MS, NC, ND, NE,  NH, NJ, NY, OR, PA, SC, TN, TX, UT, VA, WA and WI,","V-040-2012","Class II","Eukanuba Senior Dog Food Large Breed, 16.5 lb and 30 lb bags, UPC: 1901404240 and 1901427030.  ","4380 bags","Product was found contain high levels of Aflatoxin.","11/22/2011","N/A","09/17/2012","","N/A"
"Veterinary","No","","60905","Terminated","Wixon, Inc.","1390 East Bolivar Ave.","N/A","St Francis","WI","	53207","United States","N/A","N/A","AL, AZ, CA, DE, FL, GA, IL, MA, MN, NJ, NV, OH, PA, VA, WA, WI and OUS to include Canada","V-050-2012","Class II","Charlee Bear Dog Treats With Cheese and Egg, Net WT 16 oz (453g), Best Before Sep. 30 13, 11HA0909, Visit Our Web Site www.charleebear.com","1400 cases (12 -16 oz packages/case)","Wixon, Inc is recalling Charlee Bear Dog Treats (Cheese & Egg Flavor), due to reports of an odor associated with a limited number of packages of lot Number 11 HA0909. Product came into contact with a solution used in the packaging cleaning process when the product was packaged by a third party contractor, Apak Inc. An initial toxicology assessment of the affected product revealed no health hazard.","12/19/2011","N/A","09/11/2012","","N/A"
"Veterinary","No","","62133","Terminated","Lloyd Inc","604 W Thomas Ave","Po Box 130","Shenandoah","IA","	51601-1744","United States","Voluntary: Firm initiated","Letter","Distribution was made nationwide.  There was no foreign, military, or government distribution.","V-117-2013","Class II","PrednisTab (Prednisolone, USP) 5 mg, packaged in 1,000-tablet bottles, For Oral Use in Dogs Only, RX, NADA #140-921, packaged under the following labels:    (1) Lloyd, Inc., Shenandoah, IA;  (2) Butler Schein Animal Health, Dublin, OH; and  (3) Phoenix, Manufactured for Clipper Distributing Company, LLC, St. Joseph, MO.","18.074/1,000-tablet bottles","Some of the bottles may contain broken tablets","06/13/2012","12/03/2012","03/26/2014","12/12/2012","Lot numbers KM01310, exp. Jan-13; KN01310, exp. Jan-13; KG07010, exp. Mar-13; KG20710, exp. Aug-13; KH20710, exp. Aug-13; KA26410, exp. Sep-13; KB26410, exp. Sep-13; KC26410, exp. Sep-13; KC29910, exp. Nov-13; KD33710, Exp. Dec-13; KE33710, exp. Dec-13; KF33710, exp. Dec-13; and KJ33710, exp. Dec-13."
"Veterinary","No","","61940","Terminated","Pegasus Laboratories, Inc.","8809 Ely St","N/A","Pensacola","FL","	32514-7064","United States","Voluntary: Firm initiated","Telephone","Product was distributed to FL, OR, OH, PA, CA, TX, MO, NY, MN, IA, NE, NJ.","V-168-2012","Class II","PROIN 75MG COUNT BOTTLES HAVE THE CORRECT BASE LABEL OF:  ""***PROIN 75 mg (phenylpropanolamine hydrochloride) CHEWABLE TABLETS 75 mg per tablet***For oral use in dogs only***60 tablets***CAUTION: Federal law restricts this drug to use by or on the order of a licensed veterinarian.***Sympathomimetic amine drug***NADA #141-324, Approved by FDA***PRN PHARMACAL Pegasus Laboratories, Inc.***Each scored tablet contains 75 mg phenylpropanolamine, as hydrochloride.***Indications:  PROIN is indicated for the control of urinary incontinence due to urethral sphincter hypotonus in dogs.***Dosage:  The total recommended dosage for oral administration is 2mg/kg (0.91 mg/lb) of body weight twice daily.  Tablets are scored and dosage should be calculated in half-tablet increments.***Warnings:  Keep out of reach of children.  Not for human use.  Consult a physician in case of accidental ingestion by humans.  For use in dogs only.***Precautions:  PROIN Chewable Tablets should be stored out of reach of dogs in a secured area.***Manufactured by:  Pegasus Laboratories, Inc. An Employee-Owned Company Pensacola, FL 32514, USA***Made in USA***""                   INCORRECT BOOKLET TOP LABEL IS A PROIN 25MG LABEL.  INSERT/BOOKLET LABELING THAT MAY BE ON PROIN 75 mg 60 COUNT BOTTLES:  ""***PROIN 25 mg (phenylpropanolamine hydrochloride) CHEWABLE TABLETS 25 mg per tablet***For oral use in dogs only***60 tablets***CAUTION: Federal law restricts this drug to use by or on the order of a licensed veterinarian.***Sympathomimetic amine drug***NADA #141-324, Approved by FDA***PRN PHARMACAL Pegasus Laboratories, Inc.***Warnings:  Keep out of reach of children.  Not for human use.  Consult a physician in case of accidental ingestion by humans.  For use in dogs only.***Precautions:  PROIN Chewable Tablets should be stored out of reach of dogs in a secured area.***Manufactured by:  Pegasus Laboratories, Inc. An Employee-Owned Company Pensacola, FL 32514, USA***Made in USA***""    CORRECT BOOKLET TOP LABEL IS A PROIN 75 MG LABEL.  INSERT/BOOKLET LABELING THAT SHOULD BE ON PROIN 75 mg 60 COUNT BOTTLES:  ""***PROIN 75 mg (phenylpropanolamine hydrochloride) CHEWABLE TABLETS 75 mg per tablet***For oral use in dogs only***60 tablets***CAUTION: Federal law restricts this drug to use by or on the order of a licensed veterinarian.***Sympathomimetic amine drug***NADA #141-324, Approved by FDA***PRN PHARMACAL Pegasus Laboratories, Inc.***Warnings:  Keep out of reach of children.  Not for human use.  Consult a physician in case of accidental ingestion by humans.  For use in dogs only.***Precautions:  PROIN Chewable Tablets should be stored out of reach of dogs in a secured area.***Manufactured by:  Pegasus Laboratories, Inc. An Employee-Owned Company Pensacola, FL 32514, USA***Made in USA***""  ","34,685","Pegasus Laboratories, Inc. is recalling 75 mg, 60 count bottles of Proin Lots 120416 and 120213 for misbranding.  The affected product has the potential to have a 75mg base label with a 25mg Insert attached to the label.  Proin is a veterinary drug used to treat incontinence in dogs.","05/24/2012","07/17/2012","12/11/2012","07/25/2012","Lots:  120213 and 120416"
"Veterinary","No","","62922","Terminated","Breadfarm","5766 Cain's Ct","N/A","Bow","WA","	98232-9200","United States","Voluntary: Firm initiated","Telephone","Retail sales at firm only.","V-208-2012","Class II","""Sirius Dog Treats"". Bone-shaped treats packaged 10 each in a cellophane package","144 packages each containing 10 treats","The wheat germ used by the firm to make their products was recalled by the wheat germ manufacturer because it was potentially contaminated with metal fragments approximately 0.5mm in diameter and 3-15mm in length.  The contamination occurred at the raw ingredient manufacturer.","06/26/2012","09/07/2012","09/07/2012","09/19/2012","""126"", ""136"", ""143"" and ""150"". These are the julian dates that the dough was made, baked and packaged."
"Veterinary","No","","63185","Terminated","Kelly Foods Corporation","10313 Old Ocean City Blvd","N/A","Berlin","MD","	21811-1132","United States","Voluntary: Firm initiated","Telephone","Product distributed to AR, DC, DE, IA, IL, IN, KS, KY, MA, MD, ME, MI, MN, MO, ND, NE, NH, NJ, NY, OH, OK, PA, RI, SD, TX, VA, WI, WV.","V-001-2013","Class II","Bil-Jac brand Adult Select Formula Dog Food, 6 lb bags, 4bags/case, bags labled in part ***Manufactured by Kelly Foods Corp, Berlin, MD 21811***UPC 731794001095***","1024 bags","Dry dog food may contain mold.","08/23/2012","10/02/2012","11/19/2012","10/10/2012","1792-02 (exp 27 Dec 2013)"
"Veterinary","No","","64061","Terminated","Del Monte Foods Corp","300 Clay St","N/A","San Francisco","CA","	94111-3403","United States","Voluntary: Firm initiated","E-Mail","Nationally to >200 consignees","V-196-2013","Class II","All Sizes Milo's Kitchen home style dog treats - Chicken Jerky 3.3 oz UPC 079100504718, 14 oz. UPC 079100510771, 20 oz. UPC 079100504688","1.97 MM","On 01/07/2013, New York State's Department of Agriculture informed the U.S. Food and Drug Administration (FDA) and the Company that trace amounts of residual antibiotics had been found in several lots of MiIo's Kitchen Chicken Jerky and Chicken Grillers. After consultation with the New York Department of Agriculture and FDA, the company decided to voluntarily recall Milos Kitchen Chicken Jerky and","01/09/2013","06/12/2013","04/19/2019","06/19/2013","UPC:079100504718; UPC:079100510771; UPC:079100504688"
"Veterinary","No","","64061","Terminated","Del Monte Foods Corp","300 Clay St","N/A","San Francisco","CA","	94111-3403","United States","Voluntary: Firm initiated","E-Mail","Nationally to >200 consignees","V-197-2013","Class II","All Sizes: Milo's Kitchen brand Chicken Grillers home style dog treats; Chicken Recipe with natural smoked flavor.  3.3 oz UPC 079100513109; 14 oz. UPC 079100513123; 20 oz UPC 079100513130.",".43 MM cases","On 01/07/2013, New York State's Department of Agriculture informed the U.S. Food and Drug Administration (FDA) and the Company that trace amounts of residual antibiotics had been found in several lots of MiIo's Kitchen Chicken Jerky and Chicken Grillers. After consultation with the New York Department of Agriculture and FDA, the company decided to voluntarily recall Milo's Kitchen Chicken Jerky an","01/09/2013","06/12/2013","04/19/2019","06/19/2013","UPC ITEM CODES: UPC 079100513109; UPC 079100513123; UPC 079100513130"
"Veterinary","No","","64064","Terminated","IMS Trading Corp.","34 Passaic St","N/A","Wood Ridge","NJ","	07075-1004","United States","Voluntary: Firm initiated","Two or more of the following: Email, Fax, Letter, Press Release, Telephone, Visit","Nationwide.","V-207-2013","Class II","Companion Chicken Breast Fillet Jerky Strips Dog Treats   a) Net Wt 3.3 oz (94 g) .  UPC 688267076862    b) Net Wt 14 oz (397g)   UPC 688267077449      Distributed by Foodhold USA, LLC Landover, MD 20785  Product of China","3.3 oz - 17,280 units; 14 oz. - 13,260 units","NYSDAM Analysis has revealed the presence of unapproved antibiotics in Cadet Gourmet Chicken Breast Pet Treats.","01/08/2013","06/12/2013","11/20/2013","06/19/2013","All codes"
"Veterinary","No","","64445","Terminated","Hy-Vee Stores Inc","5820 Westown Pkwy","N/A","West Des Moines","IA","	50266","United States","Voluntary: Firm initiated","Press Release","Distribution was made to 212 retail stores in  IA, IL, MO, KS, NE, SD, MN and WI.","V-140-2013","Class II","Hy-Vee Complete Dog, Complete Nutrition, 34-lb bag. UPC code: 07545005647","879/34-lb bags","The recalled products may contain elevated levels of Aflatoxin.","02/22/2013","03/26/2013","05/29/2014","04/03/2013","Lot # ending with 29812KC, Best by date: 11/24/13"
"Veterinary","No","","64445","Terminated","Hy-Vee Stores Inc","5820 Westown Pkwy","N/A","West Des Moines","IA","	50266","United States","Voluntary: Firm initiated","Press Release","Distribution was made to 212 retail stores in  IA, IL, MO, KS, NE, SD, MN and WI.","V-141-2013","Class II","Hy-Vee Complete Dog, Complete Nutrition, 8-lb bag. UPC code: 07545005667","2,500/8-lb bags","The recalled products may contain elevated levels of Aflatoxin.","02/22/2013","03/26/2013","05/29/2014","04/03/2013","Lot # ending with 29812KC, Best by date: 11/24/13"
"Veterinary","No","","64445","Terminated","Hy-Vee Stores Inc","5820 Westown Pkwy","N/A","West Des Moines","IA","	50266","United States","Voluntary: Firm initiated","Press Release","Distribution was made to 212 retail stores in  IA, IL, MO, KS, NE, SD, MN and WI.","V-142-2013","Class II","Hy-Vee Complete Dog, Complete Nutrition, 4.4-lb bag. UPC code: 07545005665","7,250/4.4-lb bags","The recalled products may contain elevated levels of Aflatoxin.","02/22/2013","03/26/2013","05/29/2014","04/03/2013","Lot # ending with 29812KC, Best by date: 11/24/13 and Lot # ending with 29912KC, Best by date: 11/25/13"
"Veterinary","No","","64445","Terminated","Hy-Vee Stores Inc","5820 Westown Pkwy","N/A","West Des Moines","IA","	50266","United States","Voluntary: Firm initiated","Press Release","Distribution was made to 212 retail stores in  IA, IL, MO, KS, NE, SD, MN and WI.","V-143-2013","Class II","Hy-Vee Complete Dog, Bones & Squares, 20-lb bag. UPC code: 07545005680","800/20-lb bags","The recalled products may contain elevated levels of Aflatoxin.","02/22/2013","03/26/2013","05/29/2014","04/03/2013","Lot # ending with 29312KC, Best by date:  11/19/13"
"Veterinary","No","","64445","Terminated","Hy-Vee Stores Inc","5820 Westown Pkwy","N/A","West Des Moines","IA","	50266","United States","Voluntary: Firm initiated","Press Release","Distribution was made to 212 retail stores in  IA, IL, MO, KS, NE, SD, MN and WI.","V-144-2013","Class II","Hy-Vee Complete Dog, Bones & Squares, 4.4-lb bag. UPC code: 07545005660","1,760/4.4-lb bags","The recalled products may contain elevated levels of Aflatoxin.","02/22/2013","03/26/2013","05/29/2014","04/03/2013","Lot # ending with 29312KC, Best by date:  11/19/13"
"Veterinary","No","","65271","Terminated","Sogeval Laboratories Inc","4027 Tampa Rd Ste 3000","N/A","Oldsmar","FL","	34677-3215","United States","Voluntary: Firm initiated","Letter","Product was distributed to 8 domestic wholesalers/distributors and 1 foreign distributor.","V-210-2013","Class II","SOGEVAL VETRICALM Soft Chews for Dogs  Contact Sogeval Laboratories, Inc., Oldsmar, FL","3398","Product's recent testing microbial analysis revealed results exceeding that of the upper limit of normal bacterial specifications.","05/01/2013","06/21/2013","03/04/2015","07/03/2013","Lot #008871 (60 count), expiration date 11/2013  Lot #008881 (120 count), expiration date 11/2013"
"Veterinary","No","","65316","Terminated","RI Textile Company","211 Columbus Ave","N/A","Pawtucket","RI","	02861-3404","United States","Voluntary: Firm initiated","Two or more of the following: Email, Fax, Letter, Press Release, Telephone, Visit","Nationwide","V-225-2013","Class II","Pet Shoppe Chicken Jerky premium chicken dog treats, packaged in 20 ounce bags and 3.5 ounce bags.  Distributed by Walgreen Co. Deerfield , IL  Product Code: 7NPS420672 (3.5 ounce) and 7NPS420673 (20 ounce)      Made in China","20 oz -61348 bags and 3.2 oz -16031  bags","Pet treats contain trace amount of  antibiotics","05/24/2013","07/16/2013","08/20/2019","07/24/2013","Lot Number/Best By Date:    Y101E28B12884 ,  3.5 oz (Best By: 06/26/2014)  Y101I16B15284  , 20 oz  (Best By: 10/03/2014)  Y101H29B15029 , 20 oz  (Best By: 09/19/2014)  Y101H16B12775, 20  oz. (Best By: 08/29/2014)"
"Veterinary","No","","65569","Terminated","Pet Brands Inc","4338 Janitrol Road","N/A","Columbus","OH","	43228","United States","Voluntary: Firm initiated","E-Mail","Product was shipped to the following states: AL, AR, AZ, CA, CO, DE, FL, GA, IA, IL, IN, KS, KY, LA, MD, MI, MO, MS, NC, NE, NJ, NM, NY, OH, OK, PA, SC, SD, TN, TX, UT, VA, VT, WI & WV.","V-036-2014","Class II","Everpet Real Chicken Chicken Chips Dog Treats, packaged in flexible plastic bags, 3.5 oz. per bag, MADE IN CHINA  DISTRIBUTED BY DOLGENCORP, INC. 100 MISSION RIDGE GOODLETTSVILLE, TN 37072 UPC 8 10633 01177 5","377,628/3.5 oz bags","The New York State Department of Agriculture & Markets (NYSDAM) found trace amounts of non-approved antibiotic residue in some of the dog treat samples that they tested.","05/23/2013","12/17/2013","02/27/2014","12/25/2013","Lot #111108EVPRAW013 - Best Buy Date:  2/5/2013 and Lot #120752EVPRAW013 - Best Buy Date:  8/27/2014."
"Veterinary","No","","69103","Terminated","Mars Petcare US","6565 E County Road 1000n","N/A","Mattoon","IL","	61938-3457","United States","Voluntary: Firm initiated","N/A","US: AR, IN, LA, MI, MS, OH, TN","V-152-2014","Class II","PEDIGREE Adult Complete Nutrition Dry Dog Food sold under the Pedigree brand in 15 and 55 lbs. bags.","1) 15 lbs. bags: 72 bags; 2) 55 lbs. bags: 1,685 bags","Mars Petcare US is recalling specific 15 and 55 pound bags of PEDIGREE Adult Complete Nutrition Dry Dog Food because they may contain metal fragments.","08/21/2014","09/18/2014","03/08/2016","09/24/2014","1) 15 lbs. bags; UPC: 23100 10944;     2) 55 lbs. bags; UPC: 23100 10731"
"Veterinary","No","","71194","Terminated","Virbac AH, Inc","3200 Meacham Blvd","N/A","Fort Worth","TX","	76137-4611","United States","Voluntary: Firm initiated","Letter","Distribution pattern was nationwide, including Puerto Rico.  Foreign distribution was made to Mexico and Taiwan.  There was no military or government distribution.","V-072-2016","Class II","Virbac Etiderm (Ethyl Lactate 10% w/w) Shampoo for Dogs, Cats and Horses, packaged in 8 oz. (NDC 051311-080-08) and 16 oz. (051311-080-16) plastic bottles.  The responsible name of the label is Virbac, Fort Worth, TX 76161.","17,352 /8 oz. bottles; 13,320 /16 oz. bottles","Active ingredients failed to meet their stability specifications throughout expiry.  Product failed stability (low potency for ethyl lactate).","05/05/2015","11/12/2015","04/24/2017","11/18/2015","lot 130690, exp date 05/2015; lot 131172, exp. date 09/2015; lot 131443, exp. date 11/2015; and lot 140194, exp. date 01/2016."
"Veterinary","No","","71194","Terminated","Virbac AH, Inc","3200 Meacham Blvd","N/A","Fort Worth","TX","	76137-4611","United States","Voluntary: Firm initiated","Letter","Distribution pattern was nationwide, including Puerto Rico.  Foreign distribution was made to Mexico and Taiwan.  There was no military or government distribution.","V-073-2016","Class II","Virbac Pyoben Gel (Benzoyl Peroxide 3% w/w) for Dogs, Cats and Horses, packaged in 1 oz. plastic bottles.  NDC 051311-014-30.  The responsible name of the label is Virbac, Fort Worth, TX 76161.","6,840 /1 oz. bottles","Active ingredients failed to meet their stability specifications throughout expiry.  Product failed stability (high potency for benzoyl peroxide).","05/05/2015","11/12/2015","04/24/2017","11/18/2015","lot 130622, exp. date 05/2015"
"Veterinary","No","","71194","Terminated","Virbac AH, Inc","3200 Meacham Blvd","N/A","Fort Worth","TX","	76137-4611","United States","Voluntary: Firm initiated","Letter","Distribution pattern was nationwide, including Puerto Rico.  Foreign distribution was made to Mexico and Taiwan.  There was no military or government distribution.","V-074-2016","Class II","Virbac Pyoben Shampoo (Benzoyl Peroxide 3% w/w) for Dogs, Cats and Horses, packaged in 8 oz. (NDC 0151311-012-08) and 16 oz. (NDC 051311-012-16) plastic bottles.  The responsible name of the label is Virbac, Fort Worth, TX 76161.","28,656 /8 oz.bottles; 19,980 /16 oz. bottles","Active ingredients failed to meet their stability specifications throughout expiry.  Product failed stability (low potency for benzoyl peroxide).","05/05/2015","11/12/2015","04/24/2017","11/18/2015","lot 131197, exp. date 10/2015; and lot 140150, exp. date 01/2016."
"Veterinary","No","","71194","Terminated","Virbac AH, Inc","3200 Meacham Blvd","N/A","Fort Worth","TX","	76137-4611","United States","Voluntary: Firm initiated","Letter","Distribution pattern was nationwide, including Puerto Rico.  Foreign distribution was made to Mexico and Taiwan.  There was no military or government distribution.","V-075-2016","Class II","Virbac Resiketochlor (Chlorhexidine Gluconate 2.3% w/w; ketoconazole 1% w/w) Leave-on Lotion for Dogs, Cats and Horses, packaged in 8 oz. plastic bottles. NDC 0151311-780-08.  The responsible name of the label is Virbac, Fort Worth, TX 76161.","70,272 /8oz. bottles","Active ingredients failed to meet their stability specifications throughout expiry.  Product failed stability (low potency for chlorhexidine gluconate and ketoconazole).","05/05/2015","11/12/2015","04/24/2017","11/18/2015","lot 130617, exp. date 05/2015; lot 130783, exp. date 06/2015; lot 131148, exp. date 09/2015; lot 131224, exp. date 10/2015; lot 140010, exp. date 12/2015; lot 140209, exp. date 02/2016; lot 140349, exp. date 03/2016; lot 140713, exp. date 06/2016; lot 140886, exp. date 07/2016; and lot 141146, exp. date 09/2016."
"Veterinary","No","","71478","Terminated","Virbac AH, Inc","3200 Meacham Blvd","N/A","Fort Worth","TX","	76137-4611","United States","Voluntary: Firm initiated","Telephone","Product was distributed nationwide, including Puerto Rico.  Product was distributed to an affiliate in Seoul, South Korea.  There was no government or military distribution.","V-063-2016","Class II","Virbac Animal Health, KetoChlor Shampoo Medicated Shampoo for dogs, cats, and horses, Chlorhexidine Gluconate 2.3% w/w, Ketoconazole 1% w/w; Packaged in 8 oz bottles, NDC 51311-028-08.  The responsible name on the bottle is Virbac Animal Health, Fort Worth, TX 76161.","30,024 bottles","Some of the products may be missing labels.","06/05/2015","10/26/2015","03/10/2017","11/04/2015","140434, Exp 04/2016"
"Veterinary","No","","71478","Terminated","Virbac AH, Inc","3200 Meacham Blvd","N/A","Fort Worth","TX","	76137-4611","United States","Voluntary: Firm initiated","Telephone","Product was distributed nationwide, including Puerto Rico.  Product was distributed to an affiliate in Seoul, South Korea.  There was no government or military distribution.","V-065-2016","Class II","Virbac Virbantel (pyrantel pamoate/praziquantel) Flavored Chewables packaged 50 flavored chewable per bottle, 114 mg pyrantel pamoate and 114 mg praziquantel.  De-wormer for Dogs Only Medium and Large dogs - 25.1 to 200 lbs. NADA 141-261, NDC 051311-741-50, Mfd. by: Virbac AH, Inc., Fort Worth, TX","1740 bottles","Some of the products may be missing labels.","06/05/2015","10/26/2015","03/10/2017","11/04/2015","140756, Exp 04/2017"
"Veterinary","No","","72405","Terminated","Bedford Pharmacy","209 Route 101","N/A","Bedford","NH","	03110-5440","United States","Voluntary: Firm initiated","Two or more of the following: Email, Fax, Letter, Press Release, Telephone, Visit","NH","V-393-2016","Class II","Desmopressin 0.01% Ophtalmic Solution Sterile, For Dogs.  Bedford Pharmacy, 209 Route 101, Bedford, NH 03110, (603) 472-3919","3 units","Lack of assurance of sterility for compounding/compounded veterinary products.","09/22/2015","03/03/2016","06/14/2016","03/09/2016","LoT # 08042015@14, BUD 09/14/2015"
"Veterinary","No","","73463","Terminated","Nestle Purina PetCare Co","Checkerboard Square","Attn Christopher S Cowell","Saint Louis","MO","	63164-0001","United States","Voluntary: Firm initiated","Two or more of the following: Email, Fax, Letter, Press Release, Telephone, Visit","Product was distributed nationwide and Puerto Rico.  Product was also distributed to Ontario, Canada.  There was no military or government distribution.","V-490-2016","Class II","Beneful Prepared Meals Simmered Beef Entree' canned wet dog food packaged in 10 oz. plastic tubs with UPC 17800-10963.  Product is shipped 8 tubs per case.  Manufactured by Nestle Purina PetCare Company, St. Louis, MO 63164.","39,529 cases","Product may contain less vitamins and minerals than label purports.","03/09/2016","08/31/2016","11/29/2017","09/07/2016","5363 to 6054; Best Buy Jun 2017 to Aug 2017"
"Veterinary","No","","73534","Terminated","Fromm Family Foods, LLC","13145 Green Bay Rd","N/A","Mequon","WI","	53097-2206","United States","Voluntary: Firm initiated","Letter","US: MN, WI, WY, NY, MA, TN, WA, IL, CO, CA, RI, MI, TX, GA, AZ, NJ, OH.    OUS:  CANADA","V-519-2016","Class II","Fromm Family, 12 oz.(340 G), Grain Free,  Gold Chicken Pate,  Food For Dogs,  can 12/case code 11893, individual can upc 0 72705 11892 2.           ","11,659 cases","Fromm has discovered through its own analysis that the some varieties canned dog foods do not contain recommended levels of vitamins and minerals. These products may contain elevated levels of Vitamin D.","03/14/2016","09/20/2016","12/12/2016","09/28/2016","All Lot numbers and best before dates of the above referenced product codes"
"Veterinary","No","","73534","Terminated","Fromm Family Foods, LLC","13145 Green Bay Rd","N/A","Mequon","WI","	53097-2206","United States","Voluntary: Firm initiated","Letter","US: MN, WI, WY, NY, MA, TN, WA, IL, CO, CA, RI, MI, TX, GA, AZ, NJ, OH.    OUS:  CANADA","V-520-2016","Class II","Fromm Family, 12 oz (340 G), Grain Free, Gold Chicken & Duck Pate, Food for  Dogs,  can 12/case code 11895, individual can upc 0 72705 11894 6.         ","9,075 cases","Fromm has discovered through its own analysis that the some varieties canned dog foods do not contain recommended levels of vitamins and minerals. These products may contain elevated levels of Vitamin D.","03/14/2016","09/20/2016","12/12/2016","09/28/2016","All Lot numbers and best before dates of the above referenced product codes"
"Veterinary","No","","73534","Terminated","Fromm Family Foods, LLC","13145 Green Bay Rd","N/A","Mequon","WI","	53097-2206","United States","Voluntary: Firm initiated","Letter","US: MN, WI, WY, NY, MA, TN, WA, IL, CO, CA, RI, MI, TX, GA, AZ, NJ, OH.    OUS:  CANADA","V-521-2016","Class II","Fromm Family, 12 oz. (340 G), Grain Free, Gold Salmon & Chicken Pate, Food For Dogs,  can 12/case code 11891, individual can upc  0 72705 1189 08.       ","5,759 cases","Fromm has discovered through its own analysis that the some varieties canned dog foods do not contain recommended levels of vitamins and minerals. These products may contain elevated levels of Vitamin D.","03/14/2016","09/20/2016","12/12/2016","09/28/2016","All Lot numbers and best before dates of the above referenced product codes"
"Veterinary","No","","73463","Terminated","Nestle Purina PetCare Co","Checkerboard Square","Attn Christopher S Cowell","Saint Louis","MO","	63164-0001","United States","Voluntary: Firm initiated","Two or more of the following: Email, Fax, Letter, Press Release, Telephone, Visit","Product was distributed nationwide and Puerto Rico.  Product was also distributed to Ontario, Canada.  There was no military or government distribution.","V-491-2016","Class II","Beneful Prepared Meals Simmered Chicken Medley canned wet dog food packaged in 10 oz. plastic tubs with US UPC 17800-10964 and Canada UPC 55800-10549.  Product is shipped 8 tubs per case.  Manufactured by Nestle Purina PetCare Company, St. Louis, MO 63164.","67,850 cases","Product may contain less vitamins and minerals than label purports.","03/09/2016","08/31/2016","11/29/2017","09/07/2016","5363 to 6054; Best Buy Jun 2017 to Aug 2017"
"Veterinary","No","","73463","Terminated","Nestle Purina PetCare Co","Checkerboard Square","Attn Christopher S Cowell","Saint Louis","MO","	63164-0001","United States","Voluntary: Firm initiated","Two or more of the following: Email, Fax, Letter, Press Release, Telephone, Visit","Product was distributed nationwide and Puerto Rico.  Product was also distributed to Ontario, Canada.  There was no military or government distribution.","V-492-2016","Class II","Beneful Prepared Meals Chicken Stew canned wet dog food packaged in 10 oz. plastic tubs with US UPC 17800-12861 and Canada UPC 55800-11564.  Product is shipped 8 tubs per case.  Manufactured by Nestle Purina PetCare Company, St. Louis, MO 63164.","61,497 cases","Product may contain less vitamins and minerals than label purports.","03/09/2016","08/31/2016","11/29/2017","09/07/2016","5363 to 6054; Best Buy Jun 2017 to Aug 2017"
"Veterinary","No","","73463","Terminated","Nestle Purina PetCare Co","Checkerboard Square","Attn Christopher S Cowell","Saint Louis","MO","	63164-0001","United States","Voluntary: Firm initiated","Two or more of the following: Email, Fax, Letter, Press Release, Telephone, Visit","Product was distributed nationwide and Puerto Rico.  Product was also distributed to Ontario, Canada.  There was no military or government distribution.","V-493-2016","Class II","Beneful Prepared Meals Beef Stew canned wet dog food packaged in 10 oz. plastic tubs with US UPC 17800-10965.  Product is shipped 8 tubs per case.  Manufactured by Nestle Purina PetCare Company, St. Louis, MO 63164.","120,868 cases","Product may contain less vitamins and minerals than label purports.","03/09/2016","08/31/2016","11/29/2017","09/07/2016","5363 to 6054; Best Buy Jun 2017 to Aug 2017"
"Veterinary","No","","73463","Terminated","Nestle Purina PetCare Co","Checkerboard Square","Attn Christopher S Cowell","Saint Louis","MO","	63164-0001","United States","Voluntary: Firm initiated","Two or more of the following: Email, Fax, Letter, Press Release, Telephone, Visit","Product was distributed nationwide and Puerto Rico.  Product was also distributed to Ontario, Canada.  There was no military or government distribution.","V-494-2016","Class II","Beneful Prepared Meals Roasted Chicken Recipe canned wet dog food packaged in 10 oz. plastic tubs with US UPC 17800-10764 and Canada UPC 55800 10554.  Product is shipped 8 tubs per case.  Manufactured by Nestle Purina PetCare Company, St. Louis, MO 63164.","45,779 cases","Product may contain less vitamins and minerals than label purports.","03/09/2016","08/31/2016","11/29/2017","09/07/2016","5363 to 6054; Best Buy Jun 2017 to Aug 2017"
"Veterinary","No","","73463","Terminated","Nestle Purina PetCare Co","Checkerboard Square","Attn Christopher S Cowell","Saint Louis","MO","	63164-0001","United States","Voluntary: Firm initiated","Two or more of the following: Email, Fax, Letter, Press Release, Telephone, Visit","Product was distributed nationwide and Puerto Rico.  Product was also distributed to Ontario, Canada.  There was no military or government distribution.","V-495-2016","Class II","Beneful Prepared Meals Beef and Chicken Recipe canned wet dog food packaged in 10 oz. plastic tubs with US UPC 17800-12859.  Product is shipped 8 tubs per case.  Manufactured by Nestle Purina PetCare Company, St. Louis, MO 63164.","43,583 cases","Product may contain less vitamins and minerals than label purports.","03/09/2016","08/31/2016","11/29/2017","09/07/2016","5363 to 6054; Best Buy Jun 2017 to Aug 2017"
"Veterinary","No","","73463","Terminated","Nestle Purina PetCare Co","Checkerboard Square","Attn Christopher S Cowell","Saint Louis","MO","	63164-0001","United States","Voluntary: Firm initiated","Two or more of the following: Email, Fax, Letter, Press Release, Telephone, Visit","Product was distributed nationwide and Puerto Rico.  Product was also distributed to Ontario, Canada.  There was no military or government distribution.","V-496-2016","Class II","Beneful Prepared Meals Roasted Turkey Medley canned wet dog food packaged in 10 oz. plastic tubs with US UPC 17800-10968 and Canada UPC 55800-11562.  Product is shipped 8 tubs per case.  Manufactured by Nestle Purina PetCare Company, St. Louis, MO 63164.","231,885 cases","Product may contain less vitamins and minerals than label purports.","03/09/2016","08/31/2016","11/29/2017","09/07/2016","5363 to 6054; Best Buy Jun 2017 to Aug 2017"
"Veterinary","No","","73463","Terminated","Nestle Purina PetCare Co","Checkerboard Square","Attn Christopher S Cowell","Saint Louis","MO","	63164-0001","United States","Voluntary: Firm initiated","Two or more of the following: Email, Fax, Letter, Press Release, Telephone, Visit","Product was distributed nationwide and Puerto Rico.  Product was also distributed to Ontario, Canada.  There was no military or government distribution.","V-497-2016","Class II","Beneful Chopped Blends Beef canned wet dog food packaged in 10 oz. plastic tubs with US UPC 17800-15494.  Product is shipped 8 tubs per case.  Manufactured by Nestle Purina PetCare Company, St. Louis, MO 63164.","51,454 cases","Product may contain less vitamins and minerals than label purports.","03/09/2016","08/31/2016","11/29/2017","09/07/2016","5363 to 6054; Best Buy Jun 2017 to Aug 2017"
"Veterinary","No","","73463","Terminated","Nestle Purina PetCare Co","Checkerboard Square","Attn Christopher S Cowell","Saint Louis","MO","	63164-0001","United States","Voluntary: Firm initiated","Two or more of the following: Email, Fax, Letter, Press Release, Telephone, Visit","Product was distributed nationwide and Puerto Rico.  Product was also distributed to Ontario, Canada.  There was no military or government distribution.","V-498-2016","Class II","Beneful Chopped Blends Chicken canned wet dog food packaged in 10 oz. plastic tubs with US UPC 17800-15496 and Canada UPC 55800-21254.  Product is shipped 8 tubs per case.  Manufactured by Nestle Purina PetCare Company, St. Louis, MO 63164.","59,797 cases","Product may contain less vitamins and minerals than label purports.","03/09/2016","08/31/2016","11/29/2017","09/07/2016","5363 to 6054; Best Buy Jun 2017 to Aug 2017"
"Veterinary","No","","74155","Terminated","Virbac AH, Inc","3200 Meacham Blvd","N/A","Fort Worth","TX","	76137-4611","United States","Voluntary: Firm initiated","Telephone","Product was distributed to CA, FL, MI, MO, MN, OR, PA, and WI.  There was no foreign/military/government distribution.","V-0007-2017","Class II","easOtic (hydrocortisone aceponate 1.11 mg / miconazole nitrate 15.1 mg / gentamicin sulfate 1.5 mg/ml) suspension for dogs packaged in 10 mL size canister, 1 canister per carton, Net Contents 10 mL, NDC 51311-360-10. NADA 141-330. The responsible firm name on the label is Virbac Animal Health, Fort Worth, TX 76137.","53,196 canisters","Out of specification result for gentamicin sulfate at 18-month stability time-point.","05/12/2016","10/11/2016","12/04/2017","10/19/2016","Lot: 140729; Exp. Date 30Jun2016"
"Veterinary","No","","73463","Terminated","Nestle Purina PetCare Co","Checkerboard Square","Attn Christopher S Cowell","Saint Louis","MO","	63164-0001","United States","Voluntary: Firm initiated","Two or more of the following: Email, Fax, Letter, Press Release, Telephone, Visit","Product was distributed nationwide and Puerto Rico.  Product was also distributed to Ontario, Canada.  There was no military or government distribution.","V-499-2016","Class II","Beneful Chopped Blends Lamb canned wet dog food packaged in 10 oz. plastic tubs with US UPC 17800-15498 and Canada UPC 55800-21238.  Product is shipped 8 tubs per case.  Manufactured by Nestle Purina PetCare Company, St. Louis, MO 63164.","39,984 cases","Product may contain less vitamins and minerals than label purports.","03/09/2016","08/31/2016","11/29/2017","09/07/2016","5363 to 6054; Best Buy Jun 2017 to Aug 2017"
"Veterinary","No","","73463","Terminated","Nestle Purina PetCare Co","Checkerboard Square","Attn Christopher S Cowell","Saint Louis","MO","	63164-0001","United States","Voluntary: Firm initiated","Two or more of the following: Email, Fax, Letter, Press Release, Telephone, Visit","Product was distributed nationwide and Puerto Rico.  Product was also distributed to Ontario, Canada.  There was no military or government distribution.","V-500-2016","Class II","Beneful Chopped Blends Chicken and Liver canned wet dog food packaged in 10 oz. plastic tubs with US UPC 17800-16960.  Product is shipped 8 tubs per case.  Manufactured by Nestle Purina PetCare Company, St. Louis, MO 63164.","30,385 cases","Product may contain less vitamins and minerals than label purports.","03/09/2016","08/31/2016","11/29/2017","09/07/2016","5363 to 6054; Best Buy Jun 2017 to Aug 2017"
"Veterinary","No","","73463","Terminated","Nestle Purina PetCare Co","Checkerboard Square","Attn Christopher S Cowell","Saint Louis","MO","	63164-0001","United States","Voluntary: Firm initiated","Two or more of the following: Email, Fax, Letter, Press Release, Telephone, Visit","Product was distributed nationwide and Puerto Rico.  Product was also distributed to Ontario, Canada.  There was no military or government distribution.","V-501-2016","Class II","Beneful Chopped Blends Salmon canned wet dog food packaged in 10 oz. plastic tubs with US UPC 17800-16962.  Product is shipped 8 tubs per case.  Manufactured by Nestle Purina PetCare Company, St. Louis, MO 63164.","9,805 cases","Product may contain less vitamins and minerals than label purports.","03/09/2016","08/31/2016","11/29/2017","09/07/2016","5363 to 6054; Best Buy Jun 2017 to Aug 2017"
"Veterinary","No","","73463","Terminated","Nestle Purina PetCare Co","Checkerboard Square","Attn Christopher S Cowell","Saint Louis","MO","	63164-0001","United States","Voluntary: Firm initiated","Two or more of the following: Email, Fax, Letter, Press Release, Telephone, Visit","Product was distributed nationwide and Puerto Rico.  Product was also distributed to Ontario, Canada.  There was no military or government distribution.","V-502-2016","Class II","Beneful Chopped Blends Turkey canned wet dog food packaged in 10 oz. plastic tubs with US UPC 17800-16966.  Product is shipped 8 tubs per case.  Manufactured by Nestle Purina PetCare Company, St. Louis, MO 63164.","15,781 cases","Product may contain less vitamins and minerals than label purports.","03/09/2016","08/31/2016","11/29/2017","09/07/2016","5363 to 6054; Best Buy Jun 2017 to Aug 2017"
"Veterinary","No","","73463","Terminated","Nestle Purina PetCare Co","Checkerboard Square","Attn Christopher S Cowell","Saint Louis","MO","	63164-0001","United States","Voluntary: Firm initiated","Two or more of the following: Email, Fax, Letter, Press Release, Telephone, Visit","Product was distributed nationwide and Puerto Rico.  Product was also distributed to Ontario, Canada.  There was no military or government distribution.","V-503-2016","Class II","Beneful Prepared Meals Savory Rice and Lamb Stew canned wet dog food packaged in 10 oz. plastic tubs with US UPC 17800-10967 and Canada UPC 55800 10556.  Product is shipped 8 tubs per case.  Manufactured by Nestle Purina PetCare Company, St. Louis, MO 63164.","71,045 cases","Product may contain less vitamins and minerals than label purports.","03/09/2016","08/31/2016","11/29/2017","09/07/2016","5363 to 6054; Best Buy Jun 2017 to Aug 2017"
"Veterinary","No","","73463","Terminated","Nestle Purina PetCare Co","Checkerboard Square","Attn Christopher S Cowell","Saint Louis","MO","	63164-0001","United States","Voluntary: Firm initiated","Two or more of the following: Email, Fax, Letter, Press Release, Telephone, Visit","Product was distributed nationwide and Puerto Rico.  Product was also distributed to Ontario, Canada.  There was no military or government distribution.","V-504-2016","Class II","Beneful Prepared Meals Beef Stew canned wet dog food packaged in 10 oz. plastic tubs with Canada UPC 55800 11651.  Product is shipped 8 tubs per case.  Manufactured by Nestle Purina PetCare Company, St. Louis, MO 63164.","924 cases","Product may contain less vitamins and minerals than label purports.","03/09/2016","08/31/2016","11/29/2017","09/07/2016","5363 to 6054; Best Buy Jun 2017 to Aug 2017"
"Veterinary","No","","73463","Terminated","Nestle Purina PetCare Co","Checkerboard Square","Attn Christopher S Cowell","Saint Louis","MO","	63164-0001","United States","Voluntary: Firm initiated","Two or more of the following: Email, Fax, Letter, Press Release, Telephone, Visit","Product was distributed nationwide and Puerto Rico.  Product was also distributed to Ontario, Canada.  There was no military or government distribution.","V-505-2016","Class II","Beneful Prepared Meals Simmered Beef canned wet dog food packaged in 10 oz. plastic tubs with Canada UPC 55800 11649.  Product is shipped 8 tubs per case.  Manufactured by Nestle Purina PetCare Company, St. Louis, MO 63164.","8546 cases","Product may contain less vitamins and minerals than label purports.","03/09/2016","08/31/2016","11/29/2017","09/07/2016","5363 to 6054; Best Buy Jun 2017 to Aug 2017"
"Veterinary","No","","73463","Terminated","Nestle Purina PetCare Co","Checkerboard Square","Attn Christopher S Cowell","Saint Louis","MO","	63164-0001","United States","Voluntary: Firm initiated","Two or more of the following: Email, Fax, Letter, Press Release, Telephone, Visit","Product was distributed nationwide and Puerto Rico.  Product was also distributed to Ontario, Canada.  There was no military or government distribution.","V-506-2016","Class II","Beneful Prepared Meals 12-count variety pack containing wet dog food packaged in 10 oz. plastic tubs:  4 tubs savory rice and lamb stew, 4 tubs chicken stew, and 4 tubs beef stew with UPC 17800 - 16814.  Product is shipped in cases of 12 packs.  Manufactured by Nestle Purina PetCare Company, St. Louis, MO 63164.","13,104 cases","Product may contain less vitamins and minerals than label purports.","03/09/2016","08/31/2016","11/29/2017","09/07/2016","5363 to 6054; Best Buy Jun 2017 to Aug 2017"
"Veterinary","No","","73463","Terminated","Nestle Purina PetCare Co","Checkerboard Square","Attn Christopher S Cowell","Saint Louis","MO","	63164-0001","United States","Voluntary: Firm initiated","Two or more of the following: Email, Fax, Letter, Press Release, Telephone, Visit","Product was distributed nationwide and Puerto Rico.  Product was also distributed to Ontario, Canada.  There was no military or government distribution.","V-507-2016","Class II","Beneful Prepared Meals 6-count variety pack containing wet dog food packaged in 10 oz. plastic tubs:  2 tubs savory rice and lamb stew, 2 tubs chicken stew, and 2 tubs beef stew with UPC 17800 - 15030.  Product is shipped in cases of 6 packs.  Manufactured by Nestle Purina PetCare Company, St. Louis, MO 63164.","26130 cases","Product may contain less vitamins and minerals than label purports.","03/09/2016","08/31/2016","11/29/2017","09/07/2016","5363 to 6054; Best Buy Jun 2017 to Aug 2017"
"Veterinary","No","","73463","Terminated","Nestle Purina PetCare Co","Checkerboard Square","Attn Christopher S Cowell","Saint Louis","MO","	63164-0001","United States","Voluntary: Firm initiated","Two or more of the following: Email, Fax, Letter, Press Release, Telephone, Visit","Product was distributed nationwide and Puerto Rico.  Product was also distributed to Ontario, Canada.  There was no military or government distribution.","V-508-2016","Class II","Beneful Chopped Blends 6-count variety pack containing wet dog food packaged in 10 oz. plastic tubs:  2 tubs lamb, 2 tubs chicken, and 2 tubs beef  with UPC 17800 - 16627.  Product is shipped in cases of 6 packs.  Manufactured by Nestle Purina PetCare Company, St. Louis, MO 63164.","1480 cases","Product may contain less vitamins and minerals than label purports.","03/09/2016","08/31/2016","11/29/2017","09/07/2016","5363 to 6054; Best Buy Jun 2017 to Aug 2017"
"Veterinary","No","","73463","Terminated","Nestle Purina PetCare Co","Checkerboard Square","Attn Christopher S Cowell","Saint Louis","MO","	63164-0001","United States","Voluntary: Firm initiated","Two or more of the following: Email, Fax, Letter, Press Release, Telephone, Visit","Product was distributed nationwide and Puerto Rico.  Product was also distributed to Ontario, Canada.  There was no military or government distribution.","V-509-2016","Class II","Pro Plan Savory Meals braised chicken canned wet dog food packaged in 10 oz. plastic tubs with UPC 38100-16148.  Product is shipped 8 tubs per case.  Manufactured by Nestle Purina PetCare Company, St. Louis, MO 63164.","902 cases","Product may contain less vitamins and minerals than label purports.","03/09/2016","08/31/2016","11/29/2017","09/07/2016","5363 to 6054; Best Buy Jun 2017 to Aug 2017"
"Veterinary","No","","73463","Terminated","Nestle Purina PetCare Co","Checkerboard Square","Attn Christopher S Cowell","Saint Louis","MO","	63164-0001","United States","Voluntary: Firm initiated","Two or more of the following: Email, Fax, Letter, Press Release, Telephone, Visit","Product was distributed nationwide and Puerto Rico.  Product was also distributed to Ontario, Canada.  There was no military or government distribution.","V-510-2016","Class II","Pro Plan Savory Meals braised pork canned wet dog food packaged in 10 oz. plastic tubs with UPC 38100-16151.  Product is shipped 8 tubs per case.  Manufactured by Nestle Purina PetCare Company, St. Louis, MO 63164.","832 cases","Product may contain less vitamins and minerals than label purports.","03/09/2016","08/31/2016","11/29/2017","09/07/2016","5363 to 6054; Best Buy Jun 2017 to Aug 2017"
"Veterinary","No","","73463","Terminated","Nestle Purina PetCare Co","Checkerboard Square","Attn Christopher S Cowell","Saint Louis","MO","	63164-0001","United States","Voluntary: Firm initiated","Two or more of the following: Email, Fax, Letter, Press Release, Telephone, Visit","Product was distributed nationwide and Puerto Rico.  Product was also distributed to Ontario, Canada.  There was no military or government distribution.","V-511-2016","Class II","Pro Plan Savory Meals braised turkey canned wet dog food packaged in 10 oz. plastic tubs with UPC 38100-16147.  Product is shipped 8 tubs per case.  Manufactured by Nestle Purina PetCare Company, St. Louis, MO 63164.","2989 cases","Product may contain less vitamins and minerals than label purports.","03/09/2016","08/31/2016","11/29/2017","09/07/2016","5363 to 6054; Best Buy Jun 2017 to Aug 2017"
"Veterinary","No","","73463","Terminated","Nestle Purina PetCare Co","Checkerboard Square","Attn Christopher S Cowell","Saint Louis","MO","	63164-0001","United States","Voluntary: Firm initiated","Two or more of the following: Email, Fax, Letter, Press Release, Telephone, Visit","Product was distributed nationwide and Puerto Rico.  Product was also distributed to Ontario, Canada.  There was no military or government distribution.","V-512-2016","Class II","Pro Plan Savory Meals grilled salmon canned wet dog food packaged in 10 oz. plastic tubs with UPC 38100-16155.  Product is shipped 8 tubs per case.  Manufactured by Nestle Purina PetCare Company, St. Louis, MO 63164.","1536 cases","Product may contain less vitamins and minerals than label purports.","03/09/2016","08/31/2016","11/29/2017","09/07/2016","5363 to 6054; Best Buy Jun 2017 to Aug 2017"
"Veterinary","No","","73463","Terminated","Nestle Purina PetCare Co","Checkerboard Square","Attn Christopher S Cowell","Saint Louis","MO","	63164-0001","United States","Voluntary: Firm initiated","Two or more of the following: Email, Fax, Letter, Press Release, Telephone, Visit","Product was distributed nationwide and Puerto Rico.  Product was also distributed to Ontario, Canada.  There was no military or government distribution.","V-513-2016","Class II","Pro Plan Savory Meals braised beef canned wet dog food packaged in 10 oz. plastic tubs with UPC 38100-16143.  Product is shipped 8 tubs per case.  Manufactured by Nestle Purina PetCare Company, St. Louis, MO 63164.","640 cases","Product may contain less vitamins and minerals than label purports.","03/09/2016","08/31/2016","11/29/2017","09/07/2016","5363 to 6054; Best Buy Jun 2017 to Aug 2017"
"Veterinary","No","","74256","Terminated","Blue Buffalo Company","11 River Rd","N/A","Wilton","CT","	06897-6010","United States","Voluntary: Firm initiated","Two or more of the following: Email, Fax, Letter, Press Release, Telephone, Visit","Nationwide  Canada","V-518-2016","Class II","Blue Buffalo Life Protection Formula Fish & Sweet Potato Recipe for Dogs, 30 lb bag.    UPC Code: 859610000326      ","N/A","Product is contaminated with mold","05/26/2016","09/20/2016","02/13/2017","09/28/2016","Best by Date April 11, 2017 AH  2A 12:08   14:00"
"Veterinary","No","","75116","Terminated","Addiction Foods Llc","8228 S 192nd St","N/A","Kent","WA","	98032-1195","United States","Voluntary: Firm initiated","Two or more of the following: Email, Fax, Letter, Press Release, Telephone, Visit","distributed in CA, FL, NC, PA, WA and in Canada","V-525-2016","Class II","New Zealand Venison & Apples Entr¿e, canned dog food, Addiction brand, net wt. 13.8 oz/390 g, UPC Code 8 885004 070462","347 cases of Venison & Apples Entree and 8 cases of Brushtail & Vegetables Entree","New Zealand Venison & Apple Canned Dog Food are recalled due to  elevated levels of Vitamin A and slight variance in calcium and phosphorous ratios.","08/30/2016","09/28/2016","11/08/2016","10/05/2016","Lot Number: 8936:01Dec2018  Expiration date: December 2018"
"Veterinary","No","","75116","Terminated","Addiction Foods Llc","8228 S 192nd St","N/A","Kent","WA","	98032-1195","United States","Voluntary: Firm initiated","Two or more of the following: Email, Fax, Letter, Press Release, Telephone, Visit","distributed in CA, FL, NC, PA, WA and in Canada","V-526-2016","Class II","New Zealand Brushtail & Vegetables Entr¿e, Canned Dog Food, net wt. 13.8 oz/390 g, UPC 8 885004 070028  ","will be provided","New Zealand Brushtail & Vegetables Entr¿e, Canned Dog Food, are recalled due to  elevated levels of Vitamin A and slight variance in calcium and phosphorous ratios.","08/30/2016","09/28/2016","11/08/2016","10/05/2016","Lot Number:  8940:02 Dec2018  Expiration date: December 2018"
"Veterinary","No","","76403","Terminated","Simmons Foods Inc","601 N Hico St","N/A","Siloam Springs","AR","	72761","United States","Voluntary: Firm initiated","Letter","Nationwide","V-0112-2017","Class II","Doctors Fosters & Smith Chicken and Brown Rice Formula Adult  Dog Food Net Wt. 12.7 oz.  Distributed by Foster & Smith, Inc. Rhinelander, WI 54501-0100  UPC 8-25141-12020-8","910 cases","This recall has been initiated due to receiving a notification of a consumer complaint regarding foreign material in Doctors Fosters and Smith Chicken and Brown Rice Dog Food.","02/01/2017","05/19/2017","02/14/2018","05/31/2017","BATCH ID 32CDS116"
"Veterinary","No","","76403","Terminated","Simmons Foods Inc","601 N Hico St","N/A","Siloam Springs","AR","	72761","United States","Voluntary: Firm initiated","Letter","Nationwide","V-0114-2017","Class II","Companion with Chicken and Rice Dog Food   Net Wt. 13.2 oz    Distributed by Foodhold USA LLC Landover, MD 20785 UPC 6-88267-07501-8","644 cases","This recall has been initiated due to receiving a notification of a consumer complaint regarding foreign material in Doctors Fosters and Smith Chicken and Brown Rice Dog Food.","02/01/2017","05/19/2017","02/14/2018","05/31/2017","PCR1S1"
"Veterinary","No","","76403","Terminated","Simmons Foods Inc","601 N Hico St","N/A","Siloam Springs","AR","	72761","United States","Voluntary: Firm initiated","Letter","Nationwide","V-0115-2017","Class II","Companion with Turkey and Bacon Dog Food  Net Wt. 13.2 oz      Distributed by Foodhold USA LLC Landover, MD 20785     UPC 6-88267-00356-1","478 cases","This recall has been initiated due to receiving a notification of a consumer complaint regarding foreign material in Doctors Fosters and Smith Chicken and Brown Rice Dog Food.","02/01/2017","05/19/2017","02/14/2018","05/31/2017","PTB1S1"
"Veterinary","No","","76403","Terminated","Simmons Foods Inc","601 N Hico St","N/A","Siloam Springs","AR","	72761","United States","Voluntary: Firm initiated","Letter","Nationwide","V-0116-2017","Class II","Companion with Chicken, Lamb and Rice Dog Food    Net Wt. 13.2 oz   Distributed by Foodhold USA LLC Landover, MD 20785     UPC 6-88267-00360-8","814 cases","This recall has been initiated due to receiving a notification of a consumer complaint regarding foreign material in Doctors Fosters and Smith Chicken and Brown Rice Dog Food.","02/01/2017","05/19/2017","02/14/2018","05/31/2017","PCM1S1"
"Veterinary","No","","76403","Terminated","Simmons Foods Inc","601 N Hico St","N/A","Siloam Springs","AR","	72761","United States","Voluntary: Firm initiated","Letter","Nationwide","V-0119-2017","Class II","Home 360 Pet    Dog Food with Turkey & Bacon     Net Wt. 13.2 oz     Proudly Distributed By:  DZA Brands LLC 2110 Executive Drive, Salisbury, NC 28147  UPC 7-25439-96016-8","1162 cases","This recall has been initiated due to receiving a notification of a consumer complaint regarding foreign material in Doctors Fosters and Smith Chicken and Brown Rice Dog Food.","02/01/2017","05/19/2017","02/14/2018","05/31/2017","PTB1S1"
"Veterinary","No","","76403","Terminated","Simmons Foods Inc","601 N Hico St","N/A","Siloam Springs","AR","	72761","United States","Voluntary: Firm initiated","Letter","Nationwide","V-0121-2017","Class II","Sprout Ultra High Performance Dog Food with Beef, Bacon & Cheese    Net Wt. 13.2 oz.    Distributed By:    Mills Fleet Farm  PO Box 1199, Appleton, WI 54912      UPC 0-01304-50491-1","122 cases","This recall has been initiated due to receiving a notification of a consumer complaint regarding foreign material in Drs Fosters and Smith Chicken and Brown Rice Dog Food.","02/01/2017","05/19/2017","02/14/2018","05/31/2017","PBB1S1"
"Veterinary","No","","76403","Terminated","Simmons Foods Inc","601 N Hico St","N/A","Siloam Springs","AR","	72761","United States","Voluntary: Firm initiated","Letter","Nationwide","V-0122-2017","Class II","Grreat Choice with Chicken and Rice Classic Ground Dog Food Net Wt 13.2 oz  Dist. by: Pacific Coast Distributing, Inc. 19601 N. 27th Avenue Phoenix, AZ USA 85027  UPC 7-37257-26116-7    ","242 cans","This recall has been initiated due to receiving a notification of a consumer complaint regarding foreign material in Doctors Fosters and Smith Chicken and Brown Rice Dog Food.","02/01/2017","05/19/2017","02/14/2018","05/31/2017","PCR1S1"
"Veterinary","No","","76403","Terminated","Simmons Foods Inc","601 N Hico St","N/A","Siloam Springs","AR","	72761","United States","Voluntary: Firm initiated","Letter","Nationwide","V-0125-2017","Class II","4Health Chicken & Rice Formula For Dogs  Net Wt. 13.2 oz.  Distributed by:  Tractor Supply Company 200 Powell Place  Brentwood, TN 37027  UPC 7-49394-01849-8","3454 cases","This recall has been initiated due to receiving a notification of a consumer complaint regarding foreign material in Drs Fosters and Smith Chicken and Brown Rice Dog Food.","02/01/2017","05/19/2017","02/14/2018","05/31/2017","UDC1S1"
"Veterinary","No","","77441","Terminated","Spectrum Brands Inc","3001 Commerce St","N/A","Blacksburg","VA","	24060-6671","United States","Voluntary: Firm initiated","Telephone","Multiple states nationwide and Canada. States include AL, AR, AZ, CA, CO, CT, DE, FL, GA, IA, ID, IL, IN, KS, KY, LA, MA, MD, ME, MI, MN, MO, MS, NC, NE, NJ, NV, NY, OH, OK, OR, PA, RI, SC, TN, TX, UT, VA, WA, WI, and WV","V-0198-2017","Class II","Dentahex, Oral Care Chews Small Dogs, Manufactured For Vetoquinol USA Inc. Ft. Worth, TX USA 76137, packaged in 30 count packages, UPC 17030030174;","Unknown","Investigation of complaints of an off odor on the product revealed that the product is potentially contaminated with an equipment sanitizer (quaternary ammonium).","06/05/2017","07/11/2017","02/02/2018","07/19/2017","All codes with expiration dates between 6/1/2021 and 5/31/2022"
"Veterinary","No","","77441","Terminated","Spectrum Brands Inc","3001 Commerce St","N/A","Blacksburg","VA","	24060-6671","United States","Voluntary: Firm initiated","Telephone","Multiple states nationwide and Canada. States include AL, AR, AZ, CA, CO, CT, DE, FL, GA, IA, ID, IL, IN, KS, KY, LA, MA, MD, ME, MI, MN, MO, MS, NC, NE, NJ, NV, NY, OH, OK, OR, PA, RI, SC, TN, TX, UT, VA, WA, WI, and WV","V-0199-2017","Class II","Dentahex, Oral Care Chews Medium Dogs, Manufactured For Vetoquinol USA Inc. Ft. Worth, TX USA 76137, packaged in 30 count packages, UPC 17030030181;","Unknown","Investigation of complaints of an off odor on the product revealed that the product is potentially contaminated with an equipment sanitizer (quaternary ammonium).","06/05/2017","07/11/2017","02/02/2018","07/19/2017","All codes with expiration dates between 6/1/2021 and 5/31/2022"
"Veterinary","No","","77441","Terminated","Spectrum Brands Inc","3001 Commerce St","N/A","Blacksburg","VA","	24060-6671","United States","Voluntary: Firm initiated","Telephone","Multiple states nationwide and Canada. States include AL, AR, AZ, CA, CO, CT, DE, FL, GA, IA, ID, IL, IN, KS, KY, LA, MA, MD, ME, MI, MN, MO, MS, NC, NE, NJ, NV, NY, OH, OK, OR, PA, RI, SC, TN, TX, UT, VA, WA, WI, and WV","V-0200-2017","Class II","Dentahex, Oral Care Chews Large Dogs, Manufactured For Vetoquinol USA Inc. Ft. Worth, TX USA 76137, packaged in 30 count packages, UPC 17030030198;","Unknown","Investigation of complaints of an off odor on the product revealed that the product is potentially contaminated with an equipment sanitizer (quaternary ammonium).","06/05/2017","07/11/2017","02/02/2018","07/19/2017","All codes with expiration dates between 6/1/2021 and 5/31/2022"
"Veterinary","No","","77441","Terminated","Spectrum Brands Inc","3001 Commerce St","N/A","Blacksburg","VA","	24060-6671","United States","Voluntary: Firm initiated","Telephone","Multiple states nationwide and Canada. States include AL, AR, AZ, CA, CO, CT, DE, FL, GA, IA, ID, IL, IN, KS, KY, LA, MA, MD, ME, MI, MN, MO, MS, NC, NE, NJ, NV, NY, OH, OK, OR, PA, RI, SC, TN, TX, UT, VA, WA, WI, and WV","V-0213-2017","Class II","Enzadent, Oral Care Chews Petite Dogs, Manufactured for Vetoquinol USA Inc. Ft. Worth, TX USA 76137, packaged in 30 count packages, UPC 17030030167;","Unknown","Investigation of complaints of an off odor on the product revealed that the product is potentially contaminated with an equipment sanitizer (quaternary ammonium).","06/05/2017","07/11/2017","02/02/2018","07/19/2017","All codes with expiration dates between 6/1/2021 and 5/31/2022"
"Veterinary","No","","77441","Terminated","Spectrum Brands Inc","3001 Commerce St","N/A","Blacksburg","VA","	24060-6671","United States","Voluntary: Firm initiated","Telephone","Multiple states nationwide and Canada. States include AL, AR, AZ, CA, CO, CT, DE, FL, GA, IA, ID, IL, IN, KS, KY, LA, MA, MD, ME, MI, MN, MO, MS, NC, NE, NJ, NV, NY, OH, OK, OR, PA, RI, SC, TN, TX, UT, VA, WA, WI, and WV","V-0214-2017","Class II","Enzadent, Oral Care Chews Small Dogs, Manufactured for Vetoquinol USA Inc. Ft. Worth, TX USA 76137, packaged in 30 count packages, UPC 17030030174;","Unknown","Investigation of complaints of an off odor on the product revealed that the product is potentially contaminated with an equipment sanitizer (quaternary ammonium).","06/05/2017","07/11/2017","02/02/2018","07/19/2017","All codes with expiration dates between 6/1/2021 and 5/31/2022"
"Veterinary","No","","77441","Terminated","Spectrum Brands Inc","3001 Commerce St","N/A","Blacksburg","VA","	24060-6671","United States","Voluntary: Firm initiated","Telephone","Multiple states nationwide and Canada. States include AL, AR, AZ, CA, CO, CT, DE, FL, GA, IA, ID, IL, IN, KS, KY, LA, MA, MD, ME, MI, MN, MO, MS, NC, NE, NJ, NV, NY, OH, OK, OR, PA, RI, SC, TN, TX, UT, VA, WA, WI, and WV","V-0215-2017","Class II","Enzadent, Oral Care Chews Medium Dogs, Manufactured for Vetoquinol USA Inc. Ft. Worth, TX USA 76137, packaged in 30 count packages, UPC 17030030181;","Unknown","Investigation of complaints of an off odor on the product revealed that the product is potentially contaminated with an equipment sanitizer (quaternary ammonium).","06/05/2017","07/11/2017","02/02/2018","07/19/2017","All codes with expiration dates between 6/1/2021 and 5/31/2022"
"Veterinary","No","","77441","Terminated","Spectrum Brands Inc","3001 Commerce St","N/A","Blacksburg","VA","	24060-6671","United States","Voluntary: Firm initiated","Telephone","Multiple states nationwide and Canada. States include AL, AR, AZ, CA, CO, CT, DE, FL, GA, IA, ID, IL, IN, KS, KY, LA, MA, MD, ME, MI, MN, MO, MS, NC, NE, NJ, NV, NY, OH, OK, OR, PA, RI, SC, TN, TX, UT, VA, WA, WI, and WV","V-0216-2017","Class II","Enzadent, Oral Care Chews Large Dogs, Manufactured for Vetoquinol USA Inc. Ft. Worth, TX USA 76137, packaged in 30 count packages, UPC 17030030198;","Unknown","Investigation of complaints of an off odor on the product revealed that the product is potentially contaminated with an equipment sanitizer (quaternary ammonium).","06/05/2017","07/11/2017","02/02/2018","07/19/2017","All codes with expiration dates between 6/1/2021 and 5/31/2022"
"Veterinary","No","","77441","Terminated","Spectrum Brands Inc","3001 Commerce St","N/A","Blacksburg","VA","	24060-6671","United States","Voluntary: Firm initiated","Telephone","Multiple states nationwide and Canada. States include AL, AR, AZ, CA, CO, CT, DE, FL, GA, IA, ID, IL, IN, KS, KY, LA, MA, MD, ME, MI, MN, MO, MS, NC, NE, NJ, NV, NY, OH, OK, OR, PA, RI, SC, TN, TX, UT, VA, WA, WI, and WV","V-0219-2017","Class II","Essential Everyday, Natural Rawhide Premium Dog Bones, Distributed by Supervalu Inc Eden Prairie, MN 55344 USA, packaged in 1) 4 count 4'' bone packages, UPC 41303043585; 2) 1 lb small bone packages, UPC 41303043615; 3) 2 count 6'' bone packages, UPC 41303043783; 4) 1 count 9'' bone packages, UPC 41303043578; 5) 1 count 11'' bone packages, UPC 41303043813;","Unknown","Investigation of complaints of an off odor on the product revealed that the product is potentially contaminated with an equipment sanitizer (quaternary ammonium).","06/05/2017","07/11/2017","02/02/2018","07/19/2017","All codes beginning with AH, AV A, AI, AO, or AB and expiration dates between 6/1/2019 and 5/31/2020"
"Veterinary","No","","77441","Terminated","Spectrum Brands Inc","3001 Commerce St","N/A","Blacksburg","VA","	24060-6671","United States","Voluntary: Firm initiated","Telephone","Multiple states nationwide and Canada. States include AL, AR, AZ, CA, CO, CT, DE, FL, GA, IA, ID, IL, IN, KS, KY, LA, MA, MD, ME, MI, MN, MO, MS, NC, NE, NJ, NV, NY, OH, OK, OR, PA, RI, SC, TN, TX, UT, VA, WA, WI, and WV","V-0224-2017","Class II","Essential Everyday, Natural Rawhide Flip Chip Premium Dog Chews, Distributed by Supervalu Inc Eden Prairie, MN 55344 USA, packaged in 1lb packages, UPC 41303043820;","Unknown","Investigation of complaints of an off odor on the product revealed that the product is potentially contaminated with an equipment sanitizer (quaternary ammonium).","06/05/2017","07/11/2017","02/02/2018","07/19/2017","All codes beginning with AH, AV A, AI, AO, or AB and expiration dates between 6/1/2019 and 5/31/2020"
"Veterinary","No","","77441","Terminated","Spectrum Brands Inc","3001 Commerce St","N/A","Blacksburg","VA","	24060-6671","United States","Voluntary: Firm initiated","Telephone","Multiple states nationwide and Canada. States include AL, AR, AZ, CA, CO, CT, DE, FL, GA, IA, ID, IL, IN, KS, KY, LA, MA, MD, ME, MI, MN, MO, MS, NC, NE, NJ, NV, NY, OH, OK, OR, PA, RI, SC, TN, TX, UT, VA, WA, WI, and WV","V-0225-2017","Class II","Essential Everyday, Beef Basted Rawhide Flip Chip Premium Dog Chews, Distributed by Supervalu Inc Eden Prairie, MN 55344 USA, packaged in 1 lb packages, UPC 41303043837;","Unknown","Investigation of complaints of an off odor on the product revealed that the product is potentially contaminated with an equipment sanitizer (quaternary ammonium).","06/05/2017","07/11/2017","02/02/2018","07/19/2017","All codes beginning with AH, AV A, AI, AO, or AB and expiration dates between 6/1/2019 and 5/31/2020"
"Veterinary","No","","77441","Terminated","Spectrum Brands Inc","3001 Commerce St","N/A","Blacksburg","VA","	24060-6671","United States","Voluntary: Firm initiated","Telephone","Multiple states nationwide and Canada. States include AL, AR, AZ, CA, CO, CT, DE, FL, GA, IA, ID, IL, IN, KS, KY, LA, MA, MD, ME, MI, MN, MO, MS, NC, NE, NJ, NV, NY, OH, OK, OR, PA, RI, SC, TN, TX, UT, VA, WA, WI, and WV","V-0230-2017","Class II","Hill Country Fare, Rawhide For Dogs, Distributed by: H-E-B  San Antonio, TX 78204, packaged in 1) 5 count 4'' bone packages, UPC 41220780280; 2) 1 lb 4'' bone packages, UPC 41220928873; 3) 3 count 4'' bone packages, UPC 41220780259; 4) 4 count 4'' bone packages, UPC 41220928859; 5) 1 count 9'' bone packages, UPC 41220780266; 6) 3 count 9'' bone packages, UPC 41220928866; 7) 2 count 8'' bone packages, UPC 41220985494; 8) 1 count 11'' bone packages, UPC 41220780273;","Unknown","Investigation of complaints of an off odor on the product revealed that the product is potentially contaminated with an equipment sanitizer (quaternary ammonium).","06/05/2017","07/11/2017","02/02/2018","07/19/2017","All codes beginning with AH, AV, A, AI, AO, or AB and expiration dates between 6/1/2019 and 5/31/2020"
"Veterinary","No","","77441","Terminated","Spectrum Brands Inc","3001 Commerce St","N/A","Blacksburg","VA","	24060-6671","United States","Voluntary: Firm initiated","Telephone","Multiple states nationwide and Canada. States include AL, AR, AZ, CA, CO, CT, DE, FL, GA, IA, ID, IL, IN, KS, KY, LA, MA, MD, ME, MI, MN, MO, MS, NC, NE, NJ, NV, NY, OH, OK, OR, PA, RI, SC, TN, TX, UT, VA, WA, WI, and WV","V-0231-2017","Class II","Hill Country Fare, Rawhide For Dogs Beef Basted Retriever Rolls, Distributed by: H-E-B  San Antonio, TX 78204, packaged in 1) 2 count 8'' roll packages, UPC 41220844449; 2) 4 count 4'' roll packages, UPC 41220905560","Unknown","Investigation of complaints of an off odor on the product revealed that the product is potentially contaminated with an equipment sanitizer (quaternary ammonium).","06/05/2017","07/11/2017","02/02/2018","07/19/2017","All codes beginning with AH, AV A, AI, AO, or AB and expiration dates between 6/1/2019 and 5/31/2020"
"Veterinary","No","","77441","Terminated","Spectrum Brands Inc","3001 Commerce St","N/A","Blacksburg","VA","	24060-6671","United States","Voluntary: Firm initiated","Telephone","Multiple states nationwide and Canada. States include AL, AR, AZ, CA, CO, CT, DE, FL, GA, IA, ID, IL, IN, KS, KY, LA, MA, MD, ME, MI, MN, MO, MS, NC, NE, NJ, NV, NY, OH, OK, OR, PA, RI, SC, TN, TX, UT, VA, WA, WI, and WV","V-0232-2017","Class II","Hill Country Fare, Rawhide For Dogs Chicken Basted Retriever Rolls, Distributed by: H-E-B  San Antonio, TX 78204, packaged in 2 count 8'' roll packages, UPC 41220844432;","N/A","Investigation of complaints of an off odor on the product revealed that the product is potentially contaminated with an equipment sanitizer (quaternary ammonium).","06/05/2017","07/11/2017","02/02/2018","07/19/2017","All codes beginning with AH, AV A, AI, AO, or AB and expiration dates between 6/1/2019 and 5/31/2020"
"Veterinary","No","","77441","Terminated","Spectrum Brands Inc","3001 Commerce St","N/A","Blacksburg","VA","	24060-6671","United States","Voluntary: Firm initiated","Telephone","Multiple states nationwide and Canada. States include AL, AR, AZ, CA, CO, CT, DE, FL, GA, IA, ID, IL, IN, KS, KY, LA, MA, MD, ME, MI, MN, MO, MS, NC, NE, NJ, NV, NY, OH, OK, OR, PA, RI, SC, TN, TX, UT, VA, WA, WI, and WV","V-0233-2017","Class II","Hill Country Fare, Rawhide For Dogs Beef Basted Bones, Distributed by: H-E-B  San Antonio, TX 78204, packaged in 4 count 4'' bone packages, UPC 41220905560","Unknown","Investigation of complaints of an off odor on the product revealed that the product is potentially contaminated with an equipment sanitizer (quaternary ammonium).","06/05/2017","07/11/2017","02/02/2018","07/19/2017","All codes beginning with AH, AV A, AI, AO, or AB and expiration dates between 6/1/2019 and 5/31/2020"
"Veterinary","No","","77441","Terminated","Spectrum Brands Inc","3001 Commerce St","N/A","Blacksburg","VA","	24060-6671","United States","Voluntary: Firm initiated","Telephone","Multiple states nationwide and Canada. States include AL, AR, AZ, CA, CO, CT, DE, FL, GA, IA, ID, IL, IN, KS, KY, LA, MA, MD, ME, MI, MN, MO, MS, NC, NE, NJ, NV, NY, OH, OK, OR, PA, RI, SC, TN, TX, UT, VA, WA, WI, and WV","V-0234-2017","Class II","Hill Country Fare, Rawhide For Dogs Chicken Basted Bones, Distributed by: H-E-B  San Antonio, TX 78204, packaged in 4 count 4'' bone packages, UPC 41220905577","Unknown","Investigation of complaints of an off odor on the product revealed that the product is potentially contaminated with an equipment sanitizer (quaternary ammonium).","06/05/2017","07/11/2017","02/02/2018","07/19/2017","All codes beginning with AH, AV A, AI, AO, or AB and expiration dates between 6/1/2019 and 5/31/2020"
"Veterinary","No","","77441","Terminated","Spectrum Brands Inc","3001 Commerce St","N/A","Blacksburg","VA","	24060-6671","United States","Voluntary: Firm initiated","Telephone","Multiple states nationwide and Canada. States include AL, AR, AZ, CA, CO, CT, DE, FL, GA, IA, ID, IL, IN, KS, KY, LA, MA, MD, ME, MI, MN, MO, MS, NC, NE, NJ, NV, NY, OH, OK, OR, PA, RI, SC, TN, TX, UT, VA, WA, WI, and WV","V-0235-2017","Class II","Hill Country Fare, Rawhide For Dogs All Natural Dog Chews, Distributed by: H-E-B  San Antonio, TX 78204, packaged in 1) 4 count 10'' roll packages, UPC 41220780211; 2) 4 count 10'' roll packages, UPC 41220928842;","Unknown","Investigation of complaints of an off odor on the product revealed that the product is potentially contaminated with an equipment sanitizer (quaternary ammonium).","06/05/2017","07/11/2017","02/02/2018","07/19/2017","All codes beginning with AH, AV A, AI, AO, or AB and expiration dates between 6/1/2019 and 5/31/2020"
"Veterinary","No","","77441","Terminated","Spectrum Brands Inc","3001 Commerce St","N/A","Blacksburg","VA","	24060-6671","United States","Voluntary: Firm initiated","Telephone","Multiple states nationwide and Canada. States include AL, AR, AZ, CA, CO, CT, DE, FL, GA, IA, ID, IL, IN, KS, KY, LA, MA, MD, ME, MI, MN, MO, MS, NC, NE, NJ, NV, NY, OH, OK, OR, PA, RI, SC, TN, TX, UT, VA, WA, WI, and WV","V-0236-2017","Class II","Hill Country Fare, Rawhide For Dogs Natural Chips, Distributed by: H-E-B  San Antonio, TX 78204, packaged in 1.5 lb packages, UPC 41220928897;","Unknown","Investigation of complaints of an off odor on the product revealed that the product is potentially contaminated with an equipment sanitizer (quaternary ammonium).","06/05/2017","07/11/2017","02/02/2018","07/19/2017","All codes beginning with AH, AV A, AI, AO, or AB and expiration dates between 6/1/2019 and 5/31/2020"
"Veterinary","No","","77441","Terminated","Spectrum Brands Inc","3001 Commerce St","N/A","Blacksburg","VA","	24060-6671","United States","Voluntary: Firm initiated","Telephone","Multiple states nationwide and Canada. States include AL, AR, AZ, CA, CO, CT, DE, FL, GA, IA, ID, IL, IN, KS, KY, LA, MA, MD, ME, MI, MN, MO, MS, NC, NE, NJ, NV, NY, OH, OK, OR, PA, RI, SC, TN, TX, UT, VA, WA, WI, and WV","V-0237-2017","Class II","Hill Country Fare, Rawhide For Dogs Chicken Chips, Distributed by: H-E-B  San Antonio, TX 78204, packaged in 1.5 lb packages, UPC 41220928903;","Unknown","Investigation of complaints of an off odor on the product revealed that the product is potentially contaminated with an equipment sanitizer (quaternary ammonium).","06/05/2017","07/11/2017","02/02/2018","07/19/2017","All codes beginning with AH, AV A, AI, AO, or AB and expiration dates between 6/1/2019 and 5/31/2020"
"Veterinary","No","","77441","Terminated","Spectrum Brands Inc","3001 Commerce St","N/A","Blacksburg","VA","	24060-6671","United States","Voluntary: Firm initiated","Telephone","Multiple states nationwide and Canada. States include AL, AR, AZ, CA, CO, CT, DE, FL, GA, IA, ID, IL, IN, KS, KY, LA, MA, MD, ME, MI, MN, MO, MS, NC, NE, NJ, NV, NY, OH, OK, OR, PA, RI, SC, TN, TX, UT, VA, WA, WI, and WV","V-0238-2017","Class II","Hill Country Fare, Rawhide For Dogs Beef Basted Ribs, Distributed by: H-E-B  San Antonio, TX 78204, packaged in 1.5 lb packages, UPC 41220928927;","Unknown","Investigation of complaints of an off odor on the product revealed that the product is potentially contaminated with an equipment sanitizer (quaternary ammonium).","06/05/2017","07/11/2017","02/02/2018","07/19/2017","All codes beginning with AH, AV A, AI, AO, or AB and expiration dates between 6/1/2019 and 5/31/2020"
"Veterinary","No","","77441","Terminated","Spectrum Brands Inc","3001 Commerce St","N/A","Blacksburg","VA","	24060-6671","United States","Voluntary: Firm initiated","Telephone","Multiple states nationwide and Canada. States include AL, AR, AZ, CA, CO, CT, DE, FL, GA, IA, ID, IL, IN, KS, KY, LA, MA, MD, ME, MI, MN, MO, MS, NC, NE, NJ, NV, NY, OH, OK, OR, PA, RI, SC, TN, TX, UT, VA, WA, WI, and WV","V-0239-2017","Class II","Hill Country Fare, Rawhide For Dogs Beef Chips, Distributed by: H-E-B  San Antonio, TX 78204, packaged in 1.5 lb packages, UPC 41220928910;","Unknown","Investigation of complaints of an off odor on the product revealed that the product is potentially contaminated with an equipment sanitizer (quaternary ammonium).","06/05/2017","07/11/2017","02/02/2018","07/19/2017","All codes beginning with AH, AV A, AI, AO, or AB and expiration dates between 6/1/2019 and 5/31/2020"
"Veterinary","No","","77441","Terminated","Spectrum Brands Inc","3001 Commerce St","N/A","Blacksburg","VA","	24060-6671","United States","Voluntary: Firm initiated","Telephone","Multiple states nationwide and Canada. States include AL, AR, AZ, CA, CO, CT, DE, FL, GA, IA, ID, IL, IN, KS, KY, LA, MA, MD, ME, MI, MN, MO, MS, NC, NE, NJ, NV, NY, OH, OK, OR, PA, RI, SC, TN, TX, UT, VA, WA, WI, and WV","V-0240-2017","Class II","PetCo, Granulated Rawhide, Ribs Natural Flavored Dog Chews Beef, Distributed by: International Pet Supplies and Distribution, Inc. San Diego, CA 92121, packaged in 1 lb packages, UPC 800443126219;","Unknown","Investigation of complaints of an off odor on the product revealed that the product is potentially contaminated with an equipment sanitizer (quaternary ammonium).","06/05/2017","07/11/2017","02/02/2018","07/19/2017","All codes beginning with AH, AV A, AI, AO, or AB and expiration dates between 6/1/2019 and 5/31/2020"
"Veterinary","No","","77441","Terminated","Spectrum Brands Inc","3001 Commerce St","N/A","Blacksburg","VA","	24060-6671","United States","Voluntary: Firm initiated","Telephone","Multiple states nationwide and Canada. States include AL, AR, AZ, CA, CO, CT, DE, FL, GA, IA, ID, IL, IN, KS, KY, LA, MA, MD, ME, MI, MN, MO, MS, NC, NE, NJ, NV, NY, OH, OK, OR, PA, RI, SC, TN, TX, UT, VA, WA, WI, and WV","V-0241-2017","Class II","PetCo, Classic Rawhide, Knot Bones, Natural Flavored Dog Chews Beef, Distributed by: International Pet Supplies and Distribution, Inc. San Diego, CA 92121, packaged in 2 count 7'' bone packages, UPC 800443065051;","Unknown","Investigation of complaints of an off odor on the product revealed that the product is potentially contaminated with an equipment sanitizer (quaternary ammonium).","06/05/2017","07/11/2017","02/02/2018","07/19/2017","All codes beginning with AH, AV A, AI, AO, or AB and expiration dates between 6/1/2019 and 5/31/2020"
"Veterinary","No","","77441","Terminated","Spectrum Brands Inc","3001 Commerce St","N/A","Blacksburg","VA","	24060-6671","United States","Voluntary: Firm initiated","Telephone","Multiple states nationwide and Canada. States include AL, AR, AZ, CA, CO, CT, DE, FL, GA, IA, ID, IL, IN, KS, KY, LA, MA, MD, ME, MI, MN, MO, MS, NC, NE, NJ, NV, NY, OH, OK, OR, PA, RI, SC, TN, TX, UT, VA, WA, WI, and WV","V-0258-2017","Class II","Pet Pride, Chicken Flavored Beefhide Small Bones for Dogs, Distributed by: The Kroger Company, Cincinnati, OH, packaged in 1) 7 OZ 4'' bone packages, UPC 11110884343; 2) 1 count 4'' bone packages, UPC 11110830647; 3) 2 count 7'' bone packages, UPC 11110824639; 4) 1 count 7'' bone packages, UPC 11110830654; 5) 2 count 9'' bone packages, UPC 11110824677;","Unknown","Investigation of complaints of an off odor on the product revealed that the product is potentially contaminated with an equipment sanitizer (quaternary ammonium).","06/05/2017","07/11/2017","02/02/2018","07/19/2017","All codes beginning with AH, AV A, AI, AO, or AB and expiration dates between 6/1/2019 and 5/31/2020"
"Veterinary","No","","77441","Terminated","Spectrum Brands Inc","3001 Commerce St","N/A","Blacksburg","VA","	24060-6671","United States","Voluntary: Firm initiated","Telephone","Multiple states nationwide and Canada. States include AL, AR, AZ, CA, CO, CT, DE, FL, GA, IA, ID, IL, IN, KS, KY, LA, MA, MD, ME, MI, MN, MO, MS, NC, NE, NJ, NV, NY, OH, OK, OR, PA, RI, SC, TN, TX, UT, VA, WA, WI, and WV","V-0259-2017","Class II","Pet Pride, Premium Beefhide Rolls for Dogs, Distributed by: The Kroger Company, Cincinnati, OH, packaged in 1) 2 count 8'' bone packages, UPC 11110824707; 2) 1 count 10'' bone packages, UPC 11110830623;","Unknown","Investigation of complaints of an off odor on the product revealed that the product is potentially contaminated with an equipment sanitizer (quaternary ammonium).","06/05/2017","07/11/2017","02/02/2018","07/19/2017","All codes beginning with AH, AV A, AI, AO, or AB and expiration dates between 6/1/2019 and 5/31/2020"
"Veterinary","No","","77441","Terminated","Spectrum Brands Inc","3001 Commerce St","N/A","Blacksburg","VA","	24060-6671","United States","Voluntary: Firm initiated","Telephone","Multiple states nationwide and Canada. States include AL, AR, AZ, CA, CO, CT, DE, FL, GA, IA, ID, IL, IN, KS, KY, LA, MA, MD, ME, MI, MN, MO, MS, NC, NE, NJ, NV, NY, OH, OK, OR, PA, RI, SC, TN, TX, UT, VA, WA, WI, and WV","V-0260-2017","Class II","Pet Pride, Chicken Beefhide Rolls for Dogs, Distributed by: The Kroger Company, Cincinnati, OH, packaged in 1) 2 count 8'' bone packages, UPC 11110824707; 2) 1 count 10'' bone packages, UPC 11110830623;","Unknown","Investigation of complaints of an off odor on the product revealed that the product is potentially contaminated with an equipment sanitizer (quaternary ammonium).","06/05/2017","07/11/2017","02/02/2018","07/19/2017","All codes beginning with AH, AV A, AI, AO, or AB and expiration dates between 6/1/2019 and 5/31/2020"
"Veterinary","No","","77441","Terminated","Spectrum Brands Inc","3001 Commerce St","N/A","Blacksburg","VA","	24060-6671","United States","Voluntary: Firm initiated","Telephone","Multiple states nationwide and Canada. States include AL, AR, AZ, CA, CO, CT, DE, FL, GA, IA, ID, IL, IN, KS, KY, LA, MA, MD, ME, MI, MN, MO, MS, NC, NE, NJ, NV, NY, OH, OK, OR, PA, RI, SC, TN, TX, UT, VA, WA, WI, and WV","V-0261-2017","Class II","Pet Pride, Premium Beefhide Mini Curls for Dogs, Distributed by: The Kroger Company, Cincinnati, OH, packaged in 10 count curls packages, UPC 11110854315;","Unknown","Investigation of complaints of an off odor on the product revealed that the product is potentially contaminated with an equipment sanitizer (quaternary ammonium).","06/05/2017","07/11/2017","02/02/2018","07/19/2017","All codes beginning with AH, AV A, AI, AO, or AB and expiration dates between 6/1/2019 and 5/31/2020"
"Veterinary","No","","77441","Terminated","Spectrum Brands Inc","3001 Commerce St","N/A","Blacksburg","VA","	24060-6671","United States","Voluntary: Firm initiated","Telephone","Multiple states nationwide and Canada. States include AL, AR, AZ, CA, CO, CT, DE, FL, GA, IA, ID, IL, IN, KS, KY, LA, MA, MD, ME, MI, MN, MO, MS, NC, NE, NJ, NV, NY, OH, OK, OR, PA, RI, SC, TN, TX, UT, VA, WA, WI, and WV","V-0262-2017","Class II","Pet Pride, Rawhide Ring for Dogs, Distributed by: The Kroger Company, Cincinnati, OH, packaged in 1) 1 count ring packages, UPC 11110830432; 2) 1 count ring packages, UPC 11110830609;","Unknown","Investigation of complaints of an off odor on the product revealed that the product is potentially contaminated with an equipment sanitizer (quaternary ammonium).","06/05/2017","07/11/2017","02/02/2018","07/19/2017","All codes beginning with AH, AV A, AI, AO, or AB and expiration dates between 6/1/2019 and 5/31/2020"
"Veterinary","No","","77441","Terminated","Spectrum Brands Inc","3001 Commerce St","N/A","Blacksburg","VA","	24060-6671","United States","Voluntary: Firm initiated","Telephone","Multiple states nationwide and Canada. States include AL, AR, AZ, CA, CO, CT, DE, FL, GA, IA, ID, IL, IN, KS, KY, LA, MA, MD, ME, MI, MN, MO, MS, NC, NE, NJ, NV, NY, OH, OK, OR, PA, RI, SC, TN, TX, UT, VA, WA, WI, and WV","V-0264-2017","Class II","Pet Pride, Rawhide Bone for Dog, Distributed by: The Kroger Company, Cincinnati, OH, packaged in   1) 7 oz 4'' bone packages, UPC 11110884350;   2) 1 count 4'' bone packages, UPC 11110830173;   3) 1 lb 4'' bone packages, UPC 11110880574;   4) 2 count 4'' bone packages, UPC 11110824585;   5) 1 lb 6'' bone packages, UPC 11110880543;   6) 2 count 7'' bone packages, UPC 11110824622;   7) 1 count 7'' bone packages, UPC 11110830180;   8) 2 count 9'' bone packages, UPC 11110824660;   9) 1 count 11'' bone packages, UPC 11110824691;   10) 1 count 15'' bone packages, UPC 11110830272;","Unknown","Investigation of complaints of an off odor on the product revealed that the product is potentially contaminated with an equipment sanitizer (quaternary ammonium).","06/05/2017","07/11/2017","02/02/2018","07/19/2017","All codes beginning with AH, AV A, AI, AO, or AB and expiration dates between 6/1/2019 and 5/31/2020"
"Veterinary","No","","77441","Terminated","Spectrum Brands Inc","3001 Commerce St","N/A","Blacksburg","VA","	24060-6671","United States","Voluntary: Firm initiated","Telephone","Multiple states nationwide and Canada. States include AL, AR, AZ, CA, CO, CT, DE, FL, GA, IA, ID, IL, IN, KS, KY, LA, MA, MD, ME, MI, MN, MO, MS, NC, NE, NJ, NV, NY, OH, OK, OR, PA, RI, SC, TN, TX, UT, VA, WA, WI, and WV","V-0265-2017","Class II","Pet Pride, Beef Flavored Basted Rawhide Bone for Dog, Distributed by: The Kroger Company, Cincinnati, OH, packaged in   1) 1 lb 4'' bone packages, UPC 11110880581;   2) 1 count 4'' bone packages, UPC 11110830579;   3) 2 count 7'' bone packages, UPC 11110824646;","Unknown","Investigation of complaints of an off odor on the product revealed that the product is potentially contaminated with an equipment sanitizer (quaternary ammonium).","06/05/2017","07/11/2017","02/02/2018","07/19/2017","All codes beginning with AH, AV A, AI, AO, or AB and expiration dates between 6/1/2019 and 5/31/2020"
"Veterinary","No","","77441","Terminated","Spectrum Brands Inc","3001 Commerce St","N/A","Blacksburg","VA","	24060-6671","United States","Voluntary: Firm initiated","Telephone","Multiple states nationwide and Canada. States include AL, AR, AZ, CA, CO, CT, DE, FL, GA, IA, ID, IL, IN, KS, KY, LA, MA, MD, ME, MI, MN, MO, MS, NC, NE, NJ, NV, NY, OH, OK, OR, PA, RI, SC, TN, TX, UT, VA, WA, WI, and WV","V-0266-2017","Class II","Pet Pride, Beef Flavored Beefhide Chips for Dog, Distributed by: The Kroger Company, Cincinnati, OH, packaged in 1 lb chip packages, UPC 11110882097;","Unknown","Investigation of complaints of an off odor on the product revealed that the product is potentially contaminated with an equipment sanitizer (quaternary ammonium).","06/05/2017","07/11/2017","02/02/2018","07/19/2017","All codes beginning with AH, AV A, AI, AO, or AB and expiration dates between 6/1/2019 and 5/31/2020"
"Veterinary","No","","77441","Terminated","Spectrum Brands Inc","3001 Commerce St","N/A","Blacksburg","VA","	24060-6671","United States","Voluntary: Firm initiated","Telephone","Multiple states nationwide and Canada. States include AL, AR, AZ, CA, CO, CT, DE, FL, GA, IA, ID, IL, IN, KS, KY, LA, MA, MD, ME, MI, MN, MO, MS, NC, NE, NJ, NV, NY, OH, OK, OR, PA, RI, SC, TN, TX, UT, VA, WA, WI, and WV","V-0267-2017","Class II","Pet Pride, Chicken Flavor Basted Chips for Dog, Distributed by: The Kroger Company, Cincinnati, OH, packaged in 1) 1 lb chip packages, UPC 11110882080;   2) 6 oz chip packages, UPC 11110884039;","Unknown","Investigation of complaints of an off odor on the product revealed that the product is potentially contaminated with an equipment sanitizer (quaternary ammonium).","06/05/2017","07/11/2017","02/02/2018","07/19/2017","All codes beginning with AH, AV A, AI, AO, or AB and expiration dates between 6/1/2019 and 5/31/2020"
"Veterinary","No","","77441","Terminated","Spectrum Brands Inc","3001 Commerce St","N/A","Blacksburg","VA","	24060-6671","United States","Voluntary: Firm initiated","Telephone","Multiple states nationwide and Canada. States include AL, AR, AZ, CA, CO, CT, DE, FL, GA, IA, ID, IL, IN, KS, KY, LA, MA, MD, ME, MI, MN, MO, MS, NC, NE, NJ, NV, NY, OH, OK, OR, PA, RI, SC, TN, TX, UT, VA, WA, WI, and WV","V-0268-2017","Class II","Pet Pride, Premium Beefhide Chips for Dog, Distributed by: The Kroger Company, Cincinnati, OH, packaged in 1 lb chip packages, UPC 11110882073;","Unknown","Investigation of complaints of an off odor on the product revealed that the product is potentially contaminated with an equipment sanitizer (quaternary ammonium).","06/05/2017","07/11/2017","02/02/2018","07/19/2017","All codes beginning with AH, AV A, AI, AO, or AB and expiration dates between 6/1/2019 and 5/31/2020"
"Veterinary","No","","77441","Terminated","Spectrum Brands Inc","3001 Commerce St","N/A","Blacksburg","VA","	24060-6671","United States","Voluntary: Firm initiated","Telephone","Multiple states nationwide and Canada. States include AL, AR, AZ, CA, CO, CT, DE, FL, GA, IA, ID, IL, IN, KS, KY, LA, MA, MD, ME, MI, MN, MO, MS, NC, NE, NJ, NV, NY, OH, OK, OR, PA, RI, SC, TN, TX, UT, VA, WA, WI, and WV","V-0269-2017","Class II","Luvsome, Premium Beefhide Chips for Dog, Distributed by: The Kroger Company, Cincinnati, OH, packaged in 1 lb chip packages, UPC 11110882073;","Unknown","Investigation of complaints of an off odor on the product revealed that the product is potentially contaminated with an equipment sanitizer (quaternary ammonium).","06/05/2017","07/11/2017","02/02/2018","07/19/2017","All codes beginning with AH, AV A, AI, AO, or AB and expiration dates between 6/1/2019 and 5/31/2020"
"Veterinary","No","02/22/2019","80273","Terminated","Dave'S Soda And Pet City","151 Springfield St","N/A","Agawam","MA","	01001-1553","United States","Voluntary: Firm initiated","Press Release","East coast of US.","V-0110-2019","Class II","dave's DOG FOOD 95% premium beef in a 13 oz. can, UPC # of 6 85038-11167 8","564 cases","Product contains elevated levels of thyroid hormones.","06/12/2018","02/22/2019","02/22/2019","02/06/2019","Lot Code:  P7SLBF81211A  BEST BY: 8/2020"
"Veterinary","No","05/16/2019","80962","Terminated","King Bio Inc.","3 Westside Dr","N/A","Asheville","NC","	28806-2846","United States","Voluntary: Firm initiated","Press Release","Nationwide.","V-0145-2019","Class II","Dr. King's Natural Pet Pharmaceuticals Homeopathic All Natural Dog Tomlyn Skin & Itch 4 fl. oz. (118 mL) NDC# 57955-4402-4 UPC 357955440246 King Bio, Inc. FDA Reg. #1053442 3 Westside Dr. Asheville, NC 28806 USA","26996 bottles","Possible microbial contamination.","08/27/2018","05/16/2019","01/19/2022","05/15/2019","Lots: 011916B Exp. 01/19; 031717C Exp. 03/20; 033016L Exp. 03/19; 051116B Exp. 05/19; 062016C Exp. 06/19; 071116M Exp. 07/19; 081016D Exp. 08/19; 081315H Exp. 08/18; 101016D Exp. 10/19; 020118E Exp. 02/20"
"Veterinary","No","05/16/2019","80962","Terminated","King Bio Inc.","3 Westside Dr","N/A","Asheville","NC","	28806-2846","United States","Voluntary: Firm initiated","Press Release","Nationwide.","V-0146-2019","Class II","Dr. King's Natural Pet Pharmaceuticals Homeopathic All Natural Dog Tomlyn Allergies 4 fl. oz. (118 mL) NDC# 57955-4409-4 UPC 357955440147 King Bio, Inc. FDA Reg. #1053442 3 Westside Dr. Asheville, NC 28806 USA","14246 bottles","Possible microbial contamination.","08/27/2018","05/16/2019","01/19/2022","05/15/2019","Lots: 033016M Exp. 03/19; 052516B Exp. 05/19; 071116K Exp. 07/19; 081715A Exp. 09/19; 090816G Exp. 09/19; 101016B Exp. 10/19; 041518B Exp. 04/20"
"Veterinary","No","05/16/2019","80962","Terminated","King Bio Inc.","3 Westside Dr","N/A","Asheville","NC","	28806-2846","United States","Voluntary: Firm initiated","Press Release","Nationwide.","V-0150-2019","Class II","Dr. King's Natural Pet Pharmaceuticals All Natural Dog Homeopathic Allergies 4 fl oz (118 mL) NDC# 57955-4409-4 UPC 357955440147 King Bio, Inc. FDA Reg. # 1053442 3 Westside Dr. Asheville, NC 28806 USA","2186 bottles","Possible microbial contamination.","08/27/2018","05/16/2019","01/19/2022","05/15/2019","Lot: 120217S Exp. 12/19"
"Veterinary","No","05/16/2019","80962","Terminated","King Bio Inc.","3 Westside Dr","N/A","Asheville","NC","	28806-2846","United States","Voluntary: Firm initiated","Press Release","Nationwide.","V-0158-2019","Class II","Natural Veterinary Pharmaceuticals Doggie Drool High Potency Homeopathic Medicine 4 fl oz (120 mL) NDC# 57955-6602-4 UPC 357955660248 King Bio, Inc. FDA Reg. #1053442 3 Westside Drive Asheville, NC 28806 USA","2 bottles","Possible microbial contamination.","08/27/2018","05/16/2019","01/19/2022","05/15/2019","Lot: 081015R Exp. 08/18"
"Veterinary","No","05/16/2019","80962","Terminated","King Bio Inc.","3 Westside Dr","N/A","Asheville","NC","	28806-2846","United States","Voluntary: Firm initiated","Press Release","Nationwide.","V-0161-2019","Class II","Natural Veterinary Pharmaceuticals Muscle, Joint & Arthritis Relief High Potency Homeopathic Medicine 4 fl oz (120 mL) NDC# 57955-6162-4 UPC 357955616245 King Bio, Inc. FDA Reg. #1053442 3 Westside Drive Asheville, NC 28806 USA; b) Natural Pet Pharmaceuticals Muscle, Joint & Arthritis Homeopathic Dog 4 fl. oz. (118 mL) NDC# 57955-4404-4 UPC357955440444","14367 bottles","Possible microbial contamination.","08/27/2018","05/16/2019","01/19/2022","05/15/2019","Lots: a) 041416G Exp. 01/20; 081315J Exp. 08/18; 090816E Exp. 09/19; 051116A Exp. 05/19 ;071116N Exp. 07/19; b) 010418A Exp. 01/20; 011617E Exp. 01/20; 081216A Exp. 08/16; 082015C Exp. 08/18; 062816H Exp. 06/19"
"Veterinary","No","05/16/2019","80962","Terminated","King Bio Inc.","3 Westside Dr","N/A","Asheville","NC","	28806-2846","United States","Voluntary: Firm initiated","Press Release","Nationwide.","V-0162-2019","Class II","Natural Pet Pharmaceuticals Teeth & Gums Homeopathic Dog 4 fl oz (118 mL) NDC# 57955-4406-4 UPC357955440642","4388 bottles","Possible microbial contamination.","08/27/2018","05/16/2019","01/19/2022","05/15/2019","Lots: 083116A Exp. 08/19; 041316A Exp. 04/19; 102215K Exp. 10/18; 052516AC Exp. 09/19"
"Veterinary","No","05/16/2019","80962","Terminated","King Bio Inc.","3 Westside Dr","N/A","Asheville","NC","	28806-2846","United States","Voluntary: Firm initiated","Press Release","Nationwide.","V-0163-2019","Class II","Dr. King's Natural Pet Pharmaceuticals Yeast Control Homeopathic Dog 4 fl oz (118 mL) NDC# 57955-4408-4 UPC357955440840","2779 bottles","Possible microbial contamination.","08/27/2018","05/16/2019","01/19/2022","05/15/2019","Lots: 110317F Exp. 11/19; 030916L Exp. 03/19; 020317D Exp. 02/20"
"Veterinary","No","05/16/2019","80962","Terminated","King Bio Inc.","3 Westside Dr","N/A","Asheville","NC","	28806-2846","United States","Voluntary: Firm initiated","Press Release","Nationwide.","V-0164-2019","Class II","Dr. King's Natural Pet Pharmaceuticals Digestive Upsets Homeopathic Dog 4 fl oz (118 mL) NDC# 57955-4403-4 UPC357955440345 King Bio, Inc. FDA Reg. #1053442 3 Westside Dr. Asheville, NC 28806 USA","2055 bottles","Possible microbial contamination.","08/27/2018","05/16/2019","01/19/2022","05/15/2019","Lots: 011918D Exp. 01/20; 020317C Exp. 02/20; 040616AA Exp. 04/19; 071116L Exp. 07/19"
"Veterinary","No","05/16/2019","80962","Terminated","King Bio Inc.","3 Westside Dr","N/A","Asheville","NC","	28806-2846","United States","Voluntary: Firm initiated","Press Release","Nationwide.","V-0165-2019","Class II","Natural Pet Pharmaceuticals Anxiety & Stress Homeopathic Dog 4 fl oz (118 mL) NDC# 57955-4407-4 UPC357955440741 King Bio, Inc. FDA Reg. #1053442 3 Westside Dr. Asheville, NC 28806 USA","10394 bottles","Possible microbial contamination.","08/27/2018","05/16/2019","01/19/2022","05/15/2019","Lots: 100716A Exp. 10/19; 092617D Exp. 09/19; 081715B Exp. 08/18; 072916C Exp. 07/19; 051716Q Exp. 05/19"
"Veterinary","No","05/16/2019","80962","Terminated","King Bio Inc.","3 Westside Dr","N/A","Asheville","NC","	28806-2846","United States","Voluntary: Firm initiated","Press Release","Nationwide.","V-0166-2019","Class II","Natural Pet Pharmaceuticals Appetite & Weight Homeopathic Dog 4 fl oz (118 mL) NDC# 57955-4405-4 UPC357955440543 King Bio, Inc. FDA Reg. #1053442 3 Westside Dr. Asheville, NC 28806 USA","853 bottles","Possible microbial contamination.","08/27/2018","05/16/2019","01/19/2022","05/15/2019","Lots: 071116J Exp. 07/19; 042717B Exp. 04/20; 033016N Exp. 03/19"
"Veterinary","No","06/26/2019","81822","Terminated","SUNSHINE MILLS INC","500 6th St Sw","N/A","Red Bay","AL","	35582-4084","United States","Voluntary: Firm initiated","N/A","Products were distributed in the following states:  AL, CA, GA, KY, MO, MS, OK, and TX.","V-0207-2019","Class II","Old Glory Dog Food Hearty Turkey & Cheese Flavor 12.75 lbs UPC 0-70155-14297-9","N/A","Possible elevated levels of vitamin D.","12/18/2018","06/26/2019","07/17/2020","06/05/2019","TC3 29 October 2018, TA1 30 October 2018, TA2 30 October 2018, TC1 30 October 2018, TC2 30 October 2018, TC3 30 October 2018"
"Veterinary","No","05/16/2019","80962","Terminated","King Bio Inc.","3 Westside Dr","N/A","Asheville","NC","	28806-2846","United States","Voluntary: Firm initiated","Press Release","Nationwide.","V-0168-2019","Class II","Dr. King's Natural Pet Pharmaceuticals Oral Health All Natural Dog Homeopathic 4 fl oz (118 mL) NDC# 57955-4420-4 UPC357955442042 King Bio, Inc. FDA Reg. #1053442 3 Westside Dr. Asheville, NC 28806 USA","1958 bottles","Possible microbial contamination.","08/27/2018","05/16/2019","01/19/2022","05/15/2019","Lot: 102717D Exp. 10/19"
"Veterinary","No","10/05/2019","82018","Terminated","Hill's Pet Nutrition Inc","320 Ne Crane St","N/A","Topeka","KS","	66603-3613","United States","Voluntary: Firm initiated","Telephone","Nationwide through retail pet food stores. Product was also distributed internationality to Antilles, Australia, Bahamas, Belgium, Bermuda, Bulgaria, Canada, Cayman Islands, Chile, Colombia, Costa Rica, Croatia, Curacao, Cyprus, Denmark, Dominican Republic, El Salvador, Estonia, Finland, France, Germany, Greece, Guatemala, Honduras, Hong Kong, Hungary, India, Indonesia, Ireland, Israel, Italy, Japan, Korea, Latvia, Lithuania, Luxembourg, Malaysia, Malta, Mexico, Netherlands, New Zealand, Norway, Panama, Paraguay, Peru, Philippines, Poland, Portugal, Puerto Rico, Romania, Russian Federation, Singapore, South Africa, Spain, St. George, St. Kitts, Sweden, Switzerland, Taiwan, Thailand, United Kingdom, Austria, Iceland,  Serbia and the United Arab Emirates.","V-0043-2020","Class II","Hill's Science Diet, Healthy Cuisine, Braised Beef, Carrots & Peas Stew, Adult 1 - 6, Premium Dog Food, 10451, Net Wt. 12.5 oz (354 g), Manufactured by: Hill's Pet Nutrition, packaged in cans, 12 cans per tray","N/A","Product may contain elevated levels of vitamin D","01/30/2019","10/05/2019","12/21/2021","07/24/2019","102020T28"
"Veterinary","No","10/05/2019","82018","Terminated","Hill's Pet Nutrition Inc","320 Ne Crane St","N/A","Topeka","KS","	66603-3613","United States","Voluntary: Firm initiated","Telephone","Nationwide through retail pet food stores. Product was also distributed internationality to Antilles, Australia, Bahamas, Belgium, Bermuda, Bulgaria, Canada, Cayman Islands, Chile, Colombia, Costa Rica, Croatia, Curacao, Cyprus, Denmark, Dominican Republic, El Salvador, Estonia, Finland, France, Germany, Greece, Guatemala, Honduras, Hong Kong, Hungary, India, Indonesia, Ireland, Israel, Italy, Japan, Korea, Latvia, Lithuania, Luxembourg, Malaysia, Malta, Mexico, Netherlands, New Zealand, Norway, Panama, Paraguay, Peru, Philippines, Poland, Portugal, Puerto Rico, Romania, Russian Federation, Singapore, South Africa, Spain, St. George, St. Kitts, Sweden, Switzerland, Taiwan, Thailand, United Kingdom, Austria, Iceland,  Serbia and the United Arab Emirates.","V-0044-2020","Class II","Hill's Science Diet, Healthy Cuisine, Roasted Chicken, Carrots & Spinach Stew, Adult 7+, Premium Dog Food, 10449, Net Wt. 12.5 oz (354 g), Manufactured by: Hill's Pet Nutrition, packaged in cans, 12 cans per tray","N/A","Product may contain elevated levels of vitamin D","01/30/2019","10/05/2019","12/21/2021","07/24/2019","092020T28"
"Veterinary","No","","81654","Terminated","Anf Pet Inc","1500 Whitehall Ln","N/A","Saint Helena","CA","	94574-9685","United States","Voluntary: Firm initiated","Letter","Puerto Rico and to Japan, Israel, Singapore, Dominican Republic, Guatemala, Hong Kong.","V-0008-2020","Class II","ANF Lamb and Rice Formula Adult Dry Dog Food:  3 Kilograms - UPC: 9097231622  and       Made in the USA","N/A","Firm was notified by contact manufacturer of potential high levels of Vitamin D due to formulation error in concentration of vitamin D.","11/20/2018","10/05/2019","11/15/2019","06/12/2019","Lot Code and Best By Date    TE1 23 Nov 2019 = 4 x 3kg package"
"Veterinary","No","11/23/2020","86729","Terminated","Cargill Meat Solutions Corp","702 E 13th St","N/A","Albert Lea","MN","	56007-3250","United States","Voluntary: Firm initiated","Telephone","NE, NJ, NV, TN","V-0030-2021","Class II","Frozen Food for Dogs Beef, 20 units per case packaged in the following sized individual bags:    1.  Beef 06, 13.50 oz., Case item 760308, Net Weight 16.87 lbs.  2.  Beef 07, 15.52 oz., Case item 760309, Net Weight 19.38 lbs.  3.  Beef 08, 17.83 oz., Case item 760303, Net Weight 22.29 lbs.","34,189.84 lbs.","Frozen Dog Food may contain plastic pieces","11/07/2020","11/23/2020","12/30/2020","11/25/2020","1.  Case Code 20200812, Individual bags BEEF-A-06 422503 2025 thru BEEF-A-06 422504 0042  2.  Case Code 20200813, Individual bags BEEF-A-07 422603 0750 thru BEEF-A-07 422603 0956, and BEEF-A-07 422603 2208 thru BEEF-A-07 422603 2239.  3.  Case Codes:  20200812 and 20200813.  Individual Bags BEEF-A-08 422504 2025 thru BEEF-A-08 422503 0044, BEEF-A-08 422602 0750 thru BEEF-A-08 422602 1025, BEEF-A-08 422604 0750 thru BEF-A-08 422604 1023, BEEF-A-08 422602 2155 thru BEEF-A-08 422602 2230, and BEEF-A-08 422604 2155 thru BEEF-A-08 422604 2230"
"Veterinary","No","03/05/2021","87355","Terminated","Virbac Corporation","13001 Saint Charles Rock Rd","N/A","Bridgeton","MO","	63044-2421","United States","Voluntary: Firm initiated","Letter","Nebraska","V-0089-2021","Class II","7 Way De-Wormer for Dogs, (114 mg pyrantel pamoate, 114 mg praziquantel), Greater than 25 lbs, 414 two-count blister cards per case, Distributed by: Sergeant's Pet Care Products, Inc., 10077 S. 134th St., Omaha, NE 68138 ANDA N -141261, NDC 21091-642-02","173,594 blister packs","Tablets failed hardness specification at the 3 month stability time point.","02/17/2021","03/05/2021","06/21/2023","03/10/2021","Lots: 200570A; 200574A"
"Veterinary","No","03/05/2021","87355","Terminated","Virbac Corporation","13001 Saint Charles Rock Rd","N/A","Bridgeton","MO","	63044-2421","United States","Voluntary: Firm initiated","Letter","Nebraska","V-0090-2021","Class II","7 Way De-Wormer for Dogs, (114 mg pyrantel pamoate, 114 mg praziquantel), Greater than 25 lbs, 336 six-count blister cards per case, Distributed by: Sergeant's Pet Care Products, Inc., 10077 S. 134th St., Omaha, NE 68138 ANDA N -141261, NDC 21091-642-02","38,976 blister packs","Tablets failed hardness specification at the 3 month stability time point.","02/17/2021","03/05/2021","06/21/2023","03/10/2021","Lots: 200575A"
"Veterinary","No","04/27/2021","87708","Terminated","Dechra Veterinary Products Inc","7015 College Blvd Ste 525","N/A","Overland Park","KS","	66211-1551","United States","Voluntary: Firm initiated","Letter","MO, NY, OH, PA","V-0105-2021","Class II","MiconaHex+Triz Spray Conditioner Formulated for dogs, cats and horses Antimicrobial, antifungal, antibiofilm, moisturizing 8 fl. oz. (236 mL) NDC 17033-180-08 Barcode: MHTCW Manufactured for: Dechra Veterinary Products 7015 College Blvd., Overland Park, KS 66211 866.933.2472","7656 bottles","Microbial contamination of non-sterile product: high TPC results; yeasts and mold growth.","04/09/2021","04/27/2021","02/22/2022","04/28/2021","Lot: 21046B Exp. 02/23"
"Veterinary","No","06/11/2021","87892","Terminated","Tejas Industries - Amarillo Distribution","101 Se 11th Ave","N/A","Amarillo","TX","	79101-3415","United States","Voluntary: Firm initiated","Telephone","Distributed to pet food distributors and retailers in AZ, CA, CO, CT, DE, FL, GA, ID, IL, IN, KS, KY, MA, MD, MI, MN, MO, MS, MT, NC, NE, NJ, NV, NY, OH, OR, PA, RI, SC, TN, TX, UT, VA, WA, WI, WV, WY and Canada.","V-0118-2021","Class II","Zuke's Mini Naturals Dog Treats Chicken Recipe Distributed by Zuke's LLC Amarillo, TX packaged in 6 oz (UPC 0 13423 33051 7) and 16 oz (UPC 0 13423 33021 0) bags","43,362 cases (16 oz); 19,224 case (6 oz)","Pet treat products show presence of mold.","04/30/2021","06/11/2021","10/03/2021","06/09/2021","16 oz: 3450, 3460, 0431, 0441, 0451, 0461, 0761, 0771, 0781  6 oz: 3370, 0121, 0131, 0371, 0711, 0721, 0731"
"Veterinary","No","06/11/2021","87892","Terminated","Tejas Industries - Amarillo Distribution","101 Se 11th Ave","N/A","Amarillo","TX","	79101-3415","United States","Voluntary: Firm initiated","Telephone","Distributed to pet food distributors and retailers in AZ, CA, CO, CT, DE, FL, GA, ID, IL, IN, KS, KY, MA, MD, MI, MN, MO, MS, MT, NC, NE, NJ, NV, NY, OH, OR, PA, RI, SC, TN, TX, UT, VA, WA, WI, WV, WY and Canada.","V-0119-2021","Class II","Zuke's Mini Naturals Dog Treats Peanut Butter & Oats Recipe Distributed by Zuke's LLC Amarillo, TX packaged in 6 oz (UPC 0 13423 33052 4) and 16 oz (UPC 0 13423 33022 7) bags","19,678 cases (16 oz); 16,713 cases (6 oz)","Pet treat products show presence of mold.","04/30/2021","06/11/2021","10/03/2021","06/09/2021","16 oz: 3450, 3460, 0431, 0441, 0451, 0461, 0761, 0771, 0781  6 oz: 0151, 0161, 0421, 0431, 0791, 0801"
"Veterinary","No","06/11/2021","87892","Terminated","Tejas Industries - Amarillo Distribution","101 Se 11th Ave","N/A","Amarillo","TX","	79101-3415","United States","Voluntary: Firm initiated","Telephone","Distributed to pet food distributors and retailers in AZ, CA, CO, CT, DE, FL, GA, ID, IL, IN, KS, KY, MA, MD, MI, MN, MO, MS, MT, NC, NE, NJ, NV, NY, OH, OR, PA, RI, SC, TN, TX, UT, VA, WA, WI, WV, WY and Canada.","V-0120-2021","Class II","Zuke's Mini Naturals Dog Treats Duck Recipe Distributed by Zuke's LLC Amarillo, TX packaged in 6 oz (UPC 6 13423 33053 3) and 16 oz (UPC 6 13423 33023 6) bags","2,196 cases (16 oz); 4,580 cases (6 oz)","Pet treat products show presence of mold.","04/30/2021","06/11/2021","10/03/2021","06/09/2021","16 oz: 0191, 0481, 0851, 0861  6 oz: 3150, 0481,0851, 0861"
"Veterinary","No","06/11/2021","87892","Terminated","Tejas Industries - Amarillo Distribution","101 Se 11th Ave","N/A","Amarillo","TX","	79101-3415","United States","Voluntary: Firm initiated","Telephone","Distributed to pet food distributors and retailers in AZ, CA, CO, CT, DE, FL, GA, ID, IL, IN, KS, KY, MA, MD, MI, MN, MO, MS, MT, NC, NE, NJ, NV, NY, OH, OR, PA, RI, SC, TN, TX, UT, VA, WA, WI, WV, WY and Canada.","V-0121-2021","Class II","Zuke's Mini Naturals Dog Treats Salmon Recipe Distributed by Zuke's LLC Amarillo, TX packaged in 6 oz (UPC 0 13423 33054 8) and 16 oz (UPC 0 13423 33024 1) bags","4,900 cases (16 oz); 6,896 cases (6 oz)","Pet treat products show presence of mold.","04/30/2021","06/11/2021","10/03/2021","06/09/2021","16 oz: 0521, 0531, 0541, 0881, 0891  6 oz: 0531, 0541, 0551, 0881, 0891"
"Veterinary","No","06/11/2021","87892","Terminated","Tejas Industries - Amarillo Distribution","101 Se 11th Ave","N/A","Amarillo","TX","	79101-3415","United States","Voluntary: Firm initiated","Telephone","Distributed to pet food distributors and retailers in AZ, CA, CO, CT, DE, FL, GA, ID, IL, IN, KS, KY, MA, MD, MI, MN, MO, MS, MT, NC, NE, NJ, NV, NY, OH, OR, PA, RI, SC, TN, TX, UT, VA, WA, WI, WV, WY and Canada.","V-0122-2021","Class II","Zuke's Mini Naturals Dog Treats Rabbit Recipe Distributed by Zuke's LLC Amarillo, TX packaged in 6 oz (UPC 6 13423 33056 4) and 16 oz (UPC 6 13423 33026 7) bags","1,655 cases (16 oz); 5,019 cases (6 oz)","Pet treat products show presence of mold.","04/30/2021","06/11/2021","10/03/2021","06/09/2021","16 oz: 0491, 0501, 0821  6 oz: 0201, 0491, 0821, 0831"
"Veterinary","No","06/11/2021","87892","Terminated","Tejas Industries - Amarillo Distribution","101 Se 11th Ave","N/A","Amarillo","TX","	79101-3415","United States","Voluntary: Firm initiated","Telephone","Distributed to pet food distributors and retailers in AZ, CA, CO, CT, DE, FL, GA, ID, IL, IN, KS, KY, MA, MD, MI, MN, MO, MS, MT, NC, NE, NJ, NV, NY, OH, OR, PA, RI, SC, TN, TX, UT, VA, WA, WI, WV, WY and Canada.","V-0123-2021","Class II","Zuke's Mini Naturals Dog Treats Pork Recipe Distributed by Zuke's LLC Amarillo, TX packaged in 6 oz (UPC 6 13423 33055 7) and 16 oz (UPC 6 13423 33025 0) bags","2,187 cases (16 oz); 743 cases (6 oz)","Pet treat products show presence of mold.","04/30/2021","06/11/2021","10/03/2021","06/09/2021","16 oz: 3140, 0211, 0511, 0871  6 oz: 0511, 0871"
"Veterinary","No","06/11/2021","87892","Terminated","Tejas Industries - Amarillo Distribution","101 Se 11th Ave","N/A","Amarillo","TX","	79101-3415","United States","Voluntary: Firm initiated","Telephone","Distributed to pet food distributors and retailers in AZ, CA, CO, CT, DE, FL, GA, ID, IL, IN, KS, KY, MA, MD, MI, MN, MO, MS, MT, NC, NE, NJ, NV, NY, OH, OR, PA, RI, SC, TN, TX, UT, VA, WA, WI, WV, WY and Canada.","V-0124-2021","Class II","Zuke's Mini Naturals Dog Treats Beef Recipe Distributed by Zuke's LLC Amarillo, TX packaged in 6 oz (UPC 6 13423 33058 8) and 16 oz (UPC 6 13423 33060 1) bags","3,571 cases (16 oz); 2,691 cases (6 oz)","Pet treat products show presence of mold.","04/30/2021","06/11/2021","10/03/2021","06/09/2021","16 oz: 3350, 3360, 0141, 0471, 0841  6 oz: 3350, 0141, 0471, 0841"
"Veterinary","No","11/05/2021","88842","Terminated","Tuffy's Pet Foods, Inc.","145 1st Ave N","N/A","Perham","MN","	56573-1299","United States","Voluntary: Firm initiated","Two or more of the following: Email, Fax, Letter, Press Release, Telephone, Visit","AZ, CA, CO, FL, MI, MN, NM, NY, PA, SC, TN, WI","V-0004-2022","Class II","Nutri Source Pure Vita limited Ingredient Salmon Entree.  Single Source Animal Protein.   Grain Free Pate-Style Dog Food.  Net Wt. 12.5 oz. (354g)  Refrigerate After Opening.  UPC 0 73893-96202 1.  Manufactured for Tuffy's Pet Foods Inc. A KLN Family Brands Company P.O. Box 190, Perham, MN  56573","5,394","Dog food may contain elevated levels of Vitamin D.","10/08/2021","11/05/2021","02/03/2022","10/20/2021","Best By 29 JUN 2023, Lot 0629101 N1 and  Best By  01 SEP 2023, Lot 0901101 N1"
"Veterinary","No","12/16/2021","89105","Terminated","Livia Global","7202 W Pershing Ct","N/A","Visalia","CA","	93291-7909","United States","Voluntary: Firm initiated","Letter","Nationwide","V-0046-2022","Class II","BioLifePet Liquid Probiotics for Dogs Organic, Gluten Free, Plant Based 4 oz. (120 ml) UPC: 0 30915 10703 7  Recommended use: Small dogs (3-15 lbs.) 3-7 drops per day; Large dogs(16-100 pls.) 7-30 drops per day. Add to daily liquid, food or directly in mouth  Bottles and Distributed by: Livia Global, Inc. Visalia, CA 93291 www.liviaglobal.com  Ingredients: Proprietary Blend of plant-based probiotics in an enzyme enriched substrate: Lactobacillus-Acidophilus, L. Rhamnosus, L. Casei, L-Plantarum, Bifidobacterium-Bifidum, B-Infantis, B-Longum.  Made with water and a proprietary blend of three organic grasses.","128 x 4 oz. bottles","Probiotic products contaminated with Pseudomonas aeruginosa","12/01/2021","12/16/2021","04/29/2022","12/15/2021","Lot #001005-1, Best by 4/2023"
"Veterinary","No","09/30/2022","90843","Terminated","Neogen Corporation","1847 Mercer Rd Ste A","N/A","Lexington","KY","	40511-1001","United States","Voluntary: Firm initiated","Letter","Nationwide USA and Guam","V-0220-2022","Class II","Thyrocryn (levothyroxine sodium tablets), USP, 0.1 mg, Net Contents: [180 or 1000] tablets per bottle, For oral use in dogs only, Manufactured for: Aspen Veterinary Resources, LTD, Liberty, MO 64068.  NDC 180 count bottle: 46066-090-38; NDC 1,000 count bottle:  46066-090-35.  NADA 141-539","3,501 bottles","Product is subpotent.","09/09/2022","09/30/2022","05/13/2024","09/28/2022","Count, Lot, Expiry:  [180 count bottles] Lot BM0120221T, exp 6/20/2023; Lot BM0526211T, exp 11/26/2022; Lot BM0808221T, exp 8/8/2023  [1,000 count bottles] Lot BM0120221Z, exp 6/20/2023; Lot BM0526211Z, exp 11/26/2022; Lot BM0808221Z, exp 8/8/2023"
"Veterinary","No","09/30/2022","90843","Terminated","Neogen Corporation","1847 Mercer Rd Ste A","N/A","Lexington","KY","	40511-1001","United States","Voluntary: Firm initiated","Letter","Nationwide USA and Guam","V-0221-2022","Class II","ThyroKare (levothyroxine sodium tablets), USP, 0.1 mg, Net Contents: [180 or 1000] tablets per bottle, For oral use in dogs only, Manufactured by: Neogen Corporation, 944 Nandino Blvd, Lexington, KY 40511.  NDC 180 count bottle: 59051-9100-0; NDC 1,000 count bottle:  59051-9100-8.  NADA 141-539","1,783 bottles","Product is subpotent.","09/09/2022","09/30/2022","05/13/2024","09/28/2022","Count, Lot, Expiry:  [180 count bottles] Lot BM0526211T, exp 11/26/2022; Lot BM0120221T, exp 6/20/2023; Lot BM0808221T, exp 8/8/2023   [1,000 count bottles] Lot BM0526211Z, exp 11/26/2022; Lot BM0120221Z, exp 6/20/2023; Lot BM0808221Z, exp 8/8/2023"
"Veterinary","No","12/19/2022","91233","Terminated","Nestle Purina PetCare Co","1 Checkerboard Sq","N/A","Saint Louis","MO","	63164-0001","United States","Voluntary: Firm initiated","Two or more of the following: Email, Fax, Letter, Press Release, Telephone, Visit","Nationwide.","V-0019-2023","Class II","Purina Pro Plan Veterinary Diets EN Gastroenteric Low Fat prescription wet dog food in 13.4 oz can, case of 12, UPC 38100 17599","62,436 cans","Cans of a complete adult wet dog food are mislabeled as a prescription diet low fat wet dog food.","11/30/2022","12/19/2022","01/30/2023","12/14/2022","Lot Code: 22581159 L4TR6 Best Before Sept 2024"
"Veterinary","No","05/03/2023","92126","Ongoing","Neogen Corporation","1847 Mercer Rd Ste A","N/A","Lexington","KY","	40511-1001","United States","Voluntary: Firm initiated","Letter","CO, MO, NY, OH, FL, TX, IL, WA and Puerto Rico","V-0055-2023","Class II","Thyrocryn (levothyroxine sodium tablets), USP, 0.2 mg, Net Contents: [180 or 1000] tablets per bottle, For oral use in dogs only, Manufactured for:Aspen Veterinary Resources, LTD, Liberty, MO 64068. NDC 180 count bottle: 46066-091-38; NDC 1,000 count bottle: 46066-091-35. NADA 141-539","N/A","Batch BN1209211 yielded subpotent Assay values as part of ongoing stability testing at the 15-month interval.  Batches BN0711221 and BN0907221 are being removed from the market as part of the ongoing out of specification investigation.","04/12/2023","05/03/2023","N/A","05/10/2023","Lot, expiry: BN1209211, exp.  06-09-23; BN0711221, exp.  01-11-24;  BN0907221, exp.  03-07-24"
"Veterinary","No","05/03/2023","92126","Ongoing","Neogen Corporation","1847 Mercer Rd Ste A","N/A","Lexington","KY","	40511-1001","United States","Voluntary: Firm initiated","Letter","CO, MO, NY, OH, FL, TX, IL, WA and Puerto Rico","V-0056-2023","Class II","ThyroKare (levothyroxine sodium tablets), USP, 0.2 mg, Net Contents: [180 or 1000] tablets per bottle, For oral use in dogs only, Manufactured by:Neogen Corporation, 944 Nandino Blvd, Lexington, KY 40511. NDC 180 count bottle: 59051-9102-0; NDC 1,000 count bottle: 59051-9102-8. NADA141-539","N/A","Batch BN1209211 yielded subpotent Assay values as part of ongoing stability testing at the 15-month interval.  Batches BN0711221 and BN0907221 are being removed from the market as part of the ongoing out of specification investigation.","04/12/2023","05/03/2023","N/A","05/10/2023","Lot, expiry: BN1209211, exp.  06-09-23; BN0711221, exp.  01-11-24;  BN0907221, exp.  03-07-24"
"Veterinary","No","05/05/2023","92197","Terminated","Dechra Veterinary Products Inc","7015 College Blvd Ste 525","N/A","Overland Park","KS","	66211-1551","United States","Voluntary: Firm initiated","Letter","KY, MO, TN","V-0057-2023","Class II","Clavacillin (amoxicillin trihydrate/clavulanate potassium) Veterinary Tablets, For use in dogs, 125 mg, 15 strips, 14 tablets each, 210 tablets per carton, Manufactured for: Dechra Veterinary Products, 7015 College Boulevard, Suite 525, Overland Park, KS 66211 USA; Made in Austria. ANADA 200-592; NDC: 17033-441-21","24 cartons","OOS for the clavulanic acid assay on stability at 9 months.","04/26/2023","05/05/2023","07/14/2024","05/10/2023","Lot # MH5789"
"Veterinary","No","06/05/2023","92330","Ongoing","Ark Naturals Company","609 E Jackson St Ste 100","N/A","Tampa","FL","	33602-4933","United States","Voluntary: Firm initiated","Letter","AL, AZ, CA, CO, CT, FL, GA, IA, IL, IN, KS, KY, MA, MD, MI, MO, MN, NC, NH, NJ, NV, NY, OH, OR, PA, SC, SD, TN, TX, UT, VA, WA, WI, Canada","V-0123-2023","Class II","Every Day Naturals No Brush Toothpaste Natural Dental Chew 4-in-1 Dental Chew Distributed by: Ark Naturals Company Tampa, Florida 33602 a) Medium Size 20-40 lbs. Net Weight 14 oz./397 g UPC 6 32634 81001 6; b) Medium Size 20-40 lbs. Net Weight 12 oz./340g UPC 6 32634 82001 5; c) Large Size 40+ lbs. Net Weight 14oz./397g UPC 6 32634 82003 9; d) Small Size 8-20 lbs. Net Weight 10 oz./283g UPC 6 32634 81000 9; e) Mini Size Up to 8 lbs. Net Weight 3 oz./85g UPC 6 32634 81002 3; f) Large Size 40+ lbs. Net Weight 14oz./ 397g UPC 6 32634 81003 0; g) Small For Dogs 8-20 lbs. Net Weight 15.5 oz./439g UPC 6 32634 83000 7; h) Large For Dogs 40+ lbs. Net Weight 15.5 oz./439g UPC 6 32634 83003 8; i) Medium For Dogs 20-40 lbs. Net Weight 15.5 oz./439g UPC 6 32634 83001 4; j) Small Size 8-20 lbs Net Weight 10 oz./283 g UPC 6 32634 82000 8; k) Mini Size Up To 8 lbs. Net Weight 3 oz./85 g UPC 6 32634 82002 2","Mini-18,114 cartons; Small-26,682 cartons; Medium-17,508 cartons; Large-32,475 cartons","Potential mold.","05/11/2023","06/05/2023","N/A","05/31/2023","Lots: a) AUG092022 Exp. 8/9/24, SEP302022 Exp. 9/30/24, DEC202022 Exp. 12/20/24; b) OCT112022 Exp. 10/11/24, DEC192022 Exp. 12/19/24; c) DEC162022 Exp. 12/16/24; d) AUG082022 Exp. 08/08/24, SEP292022 Exp. 09/29/24, DEC202022 Exp. 12/20/24, MAR162023 Exp. 03/16/25, MAR152023 Exp. 03/15/25; e) DEC202022 Exp. 12/20/24, MAR142023 Exp. 03/14/25, MAR152023 Exp. 03/15/25, MAR162023 Exp. 03/16/25; f) AUG112022 Exp. 08/11/24, AUG122022 Exp. 08/12/24, OCT032022 Exp. 10/03/24, OCT42022 Exp. 10/04/24, MAR172023 Exp. 03/17/25; g) MAR162023 Exp. 03/16/25; h) MAR172023 Exp. 03/17/25; i)MAR162023 Exp. 03/16/25; j) DEC120222 Exp. 12/12/24; k) DEC162022 Exp. 12/16/24"
"Veterinary","No","06/12/2023","92422","Terminated","Cargill, Inc         Corporate Headquarters","15407 McGinty Rd W","N/A","Wayzata","MN","	55391-2365","United States","Voluntary: Firm initiated","Two or more of the following: Email, Fax, Letter, Press Release, Telephone, Visit","Distributors in KS, LA, MO, MS, NE, OK","V-0125-2023","Class II","Best Choice Complete Puppy Formula Dog Food, 4.4 lb bags (UPC 0 70038 60378 8) and 16.5 lb bags (UPC 0 70038 60381 8)","4500 x 4.4 lb. bags; 2307 x 16.5 lb. bags","Elevated aflatoxin levels","05/30/2023","06/12/2023","08/03/2023","06/07/2023","Lot number EP2264 Best Before 09-21-23"
"Veterinary","No","07/13/2023","92522","Terminated","Pegasus Laboratories, Inc.","8809 Ely St","N/A","Pensacola","FL","	32514-7064","United States","Voluntary: Firm initiated","Letter","MO","V-0142-2023","Class II","Proin ER (phenylpropanolamine hydrochloride extended-release tablets) 38 mg for dogs 21-40 lbs. of body weight Manufactured by: Pegasus Laboratories, Inc. An Employee-Owned Company Pensacola, FL 32514, USA a) Net Contents 30 Tablets NDC #: 49427-345-57 UPC 6 85687 34557 8; b) Net Contents 90 Tablets NDC #: 49427-345-44 UPC 6 85687 34544 8","a) 12 bottles; b) 36 bottles","Product stored at extreme temperatures during storage.","06/09/2023","07/13/2023","07/05/2024","07/12/2023","Lots: a) 210937 Exp. 10/31/2024; b) 220129 Exp. 1/31/2024"
"Veterinary","No","07/13/2023","92522","Terminated","Pegasus Laboratories, Inc.","8809 Ely St","N/A","Pensacola","FL","	32514-7064","United States","Voluntary: Firm initiated","Letter","MO","V-0143-2023","Class II","Proin ER (phenylpropanolamine hydrochloride extended-release tablets) 18 mg for dogs 10-20 lbs. of body weight Net Contents 30 Tablets NDC #: 49427-344-57 UPC 6 85687 34457 1 Manufactured by: Pegasus Laboratories, Inc. An Employee-Owned Company Pensacola, FL 32514, USA","24 bottles","Product stored at extreme temperatures during storage.","06/09/2023","07/13/2023","07/05/2024","07/12/2023","Lot: 211027 Exp. 11/30/2023"
"Veterinary","No","07/13/2023","92522","Terminated","Pegasus Laboratories, Inc.","8809 Ely St","N/A","Pensacola","FL","	32514-7064","United States","Voluntary: Firm initiated","Letter","MO","V-0145-2023","Class II","Proin ER (phenylpropanolamine hydrochloride extended-release tablets) 145 mg for dogs 81-125 lbs. of body weight Manufactured by: Pegasus Laboratories, Inc. An Employee-Owned Company Pensacola, FL 32514, USA a) 30 tablets NDC #: 49427-347-57 UPC 6 85687 34757 2; b) 90 tablets NDC #: 49427-347-44 UPC 6 85687 34744 2","a) 24 bottles; b) 12 bottles","Product stored at extreme temperatures during storage.","06/09/2023","07/13/2023","07/05/2024","07/12/2023","Lots: a) 220131 Exp. 1/31/2024; b) 220104 Exp. 1/31/2024"
"Veterinary","No","08/04/2023","92686","Ongoing","Neogen Corporation","1847 Mercer Rd Ste A","N/A","Lexington","KY","	40511-1001","United States","Voluntary: Firm initiated","Letter","CO, MO, NY, TX, OH, AR, FL, IA, TN, DE and Puerto Rico","V-0152-2023","Class II","Thyrocryn (levothyroxine sodium tablets), USP, 1.0 mg, Net Contents: [180 or 1000] tablets per bottle, For oral use in dogs only, Manufactured for: Aspen Veterinary Resources, LTD, Liberty, MO 64068. NDC 180 count bottle: 46066-098-38; NDC 1,000 count bottle: 46066-098-35. NADA 141-539","1,950 bottles","Subpotent Assay values","07/11/2023","08/04/2023","N/A","08/09/2023","Batch, expiry:  BZ0317221, exp.  09/17/23;  BZ1024221, exp.  04/24/24"
"Veterinary","No","08/04/2023","92686","Ongoing","Neogen Corporation","1847 Mercer Rd Ste A","N/A","Lexington","KY","	40511-1001","United States","Voluntary: Firm initiated","Letter","CO, MO, NY, TX, OH, AR, FL, IA, TN, DE and Puerto Rico","V-0153-2023","Class II","ThyroKare (levothyroxine sodium tablets), USP, 1.0 mg, Net Contents: [180 or 1000] tablets per bottle, For oral use in dogs only, Manufactured by: Neogen Corporation, 944 Nandino Blvd, Lexington, KY 40511. NDC 180 count bottle: 59051-9126-0; NDC 1,000 count bottle: 59051-9126-8. NADA141-539","1,950 bottles","Subpotent Assay values","07/11/2023","08/04/2023","N/A","08/09/2023","Batch, expiry:  BZ0317221, exp.  09/17/23;  BZ1024221, exp.  04/24/24"
"Veterinary","No","08/21/2023","92716","Terminated","Ozona Organics LLC","3001 I10 East","N/A","Ozona","TX","	76943","United States","Voluntary: Firm initiated","Two or more of the following: Email, Fax, Letter, Press Release, Telephone, Visit","Nationwide","V-0154-2023","Class II","OZONA ORGANICS PROBIOTICS FOR DOGS Net Wt. 4 ounces OZONA ORGANICS PROBIOTICS FOR CATS Net Wt. 4 ounces OZONA ORGANICS EQUINE BEYOND PROBIOTICS METABOLITES Net Wt. 128 ounces OZONA ORGANICS SWINE PROBIOTICS Net Wt. 128 ounces","25,076 bottles","Acidified food product without an approved scheduled process.","07/14/2023","08/21/2023","04/10/2024","08/16/2023","No Code"
"Veterinary","No","11/21/2023","93400","Ongoing","Neogen Corporation","1847 Mercer Rd Ste A","N/A","Lexington","KY","	40511-1001","United States","Voluntary: Firm initiated","Letter","Nationwide in the USA","V-0019-2024","Class II","Thyrocryn (levothyroxine sodium tablets), USP, 0.4 mg, Net Contents: [180 or 1000] tablets per bottle, For oral use in dogs only, Manufactured for: Aspen Veterinary Resources, LTD, Liberty, MO 64068. NDC 180 count bottle: 46066-098-38; NDC 1,000 count bottle: 46066-093-35. NADA 141-539","3,861 bottles","Subpotent assay values","07/20/2023","11/21/2023","N/A","11/22/2023","Lot, expiry: BQ0323221, exp.  09/23/23;  BQ0627221, exp.  12/27/23;  BQ0119231, exp.  07/19/24;  BQ0510231, exp. 11/10/24"
"Veterinary","No","11/21/2023","93400","Ongoing","Neogen Corporation","1847 Mercer Rd Ste A","N/A","Lexington","KY","	40511-1001","United States","Voluntary: Firm initiated","Letter","Nationwide in the USA","V-0020-2024","Class II","ThyroKare (levothyroxine sodium tablets), USP, 1.0 mg, Net Contents: [180 or 1000] tablets per bottle, For oral use in dogs only, Manufactured by: Neogen Corporation, 944 Nandino Blvd, Lexington, KY 40511. NDC 180 count bottle: 59051-9106-0; NDC 1,000 count bottle: 59051-9126-8. NADA 141-539","3,861 bottles","Subpotent assay values","07/20/2023","11/21/2023","N/A","11/22/2023","Lot, expiry: BQ0323221, exp.  09/23/23;  BQ0627221, exp.  12/27/23;  BQ0119231, exp.  07/19/24;  BQ0510231, exp. 11/10/24"
"Veterinary","No","06/21/2024","94657","Terminated","MARS PETCARE U.S INC","2013 Ovation Parkway","N/A","Franklin","TN","	37067-1632","United States","Voluntary: Firm initiated","Telephone","Arkansas, Oklahoma, Texas and Louisiana.","V-0123-2024","Class II","44 lb. bag PEDIGREE¿ Adult Complete Nutrition Grilled Steak & Vegetable Flavor Dry Dog Food","N/A","Potential Metal Contamination","05/17/2024","06/21/2024","01/30/2025","06/19/2024","410B2TXT02 Best By March 4, 2025"
"Veterinary","No","07/02/2024","94362","Ongoing","Viva Raw","500 Valley Forge Rd","N/A","Hillsborough","NC","	27278-9502","United States","Voluntary: Firm initiated","Other","Product was shipped to distributors in the following states: CA, NC & NJ.","V-0127-2024","Class II","VIVA for dogs CHUNKED turkey net wt. 1lb (454g) Viva Raw, 500 Valley Forge Rd, Hillsborough, NC 27278","448/2/1lb units","After an inspection by the FDA, the firm was notified that their products test positive for Listeria monocytogenes.","06/12/2024","07/02/2024","N/A","07/10/2024","Lot #21244"
"Veterinary","No","07/02/2024","94362","Ongoing","Viva Raw","500 Valley Forge Rd","N/A","Hillsborough","NC","	27278-9502","United States","Voluntary: Firm initiated","Other","Product was shipped to distributors in the following states: CA, NC & NJ.","V-0128-2024","Class II","VIVA for dogs GROUND turkey net wt. 1lb (454g) Viva Raw, 500 Valley Forge Rd, Hillsborough, NC 27278","880/2/1lb units","After an inspection by the FDA, the firm was notified that their products test positive for Listeria monocytogenes.","06/12/2024","07/02/2024","N/A","07/10/2024","Lot #21244"
"Veterinary","No","07/02/2024","94362","Ongoing","Viva Raw","500 Valley Forge Rd","N/A","Hillsborough","NC","	27278-9502","United States","Voluntary: Firm initiated","Other","Product was shipped to distributors in the following states: CA, NC & NJ.","V-0130-2024","Class II","VIVA PURE turkey for cats & dogs net wt. 1lb (454g) Viva Raw, 500 Valley Forge Rd, Hillsborough, NC 27278","368/2/1lb units","After an inspection by the FDA, the firm was notified that their products test positive for Listeria monocytogenes.","06/12/2024","07/02/2024","N/A","07/10/2024","Lot #21244"
"Veterinary","No","10/17/2024","95328","Ongoing","ELANCO US INC","2500 Innovation Way N","N/A","Greenfield","IN","	46140-9163","United States","Voluntary: Firm initiated","Letter","Nationwide in the USA","V-0018-2025","Class II","CLARO (florfenicol, terbinafine, mometasone furoate), Otic Solution for use in dogs only, Net Contents: 10 x 1 mL single dose dropperettes, Manufactured for Elanco US INc., Shawnee, KS 66216; Made in Germany.  NADA # 141-440","42,168 boxes","Leaking and swollen packaging.","08/21/2024","10/17/2024","N/A","10/09/2024","Lot, expiry: Lots KV04VPA, KV04P84, exp 31/Oct/2024; Lot KV050FU, exp 31/Jan/2025"
"Veterinary","No","04/21/2025","96640","Ongoing","Virbac Corporation","13001 Saint Charles Rock Rd","N/A","Bridgeton","MO","	63044-2421","United States","Voluntary: Firm initiated","E-Mail","NE","V-0071-2025","Class II","Durvet Triple Wormer Flavored Chewables, 114 mg Pyrantel Pamoate, 114 mg Praziquantel, 2-count blister pack, Large Dog, Distributed by: Durvet, Inc., 100 S.E. Magellan Drive, Blue Springs, MO 64014.  NDC: 30798-186-61","19,872 blister packs","Failed to meet the hardness specification during stability testing.","04/03/2025","04/21/2025","N/A","04/16/2025","Lot 230574"
"Veterinary","No","04/21/2025","96640","Ongoing","Virbac Corporation","13001 Saint Charles Rock Rd","N/A","Bridgeton","MO","	63044-2421","United States","Voluntary: Firm initiated","E-Mail","NE","V-0072-2025","Class II","7 Way De-Wormer for Dogs, 114 mg Pyrantel Pamoate, 114 mg Praziquantel, 2-count blister pack, Large Dog, Distributed by: Sergeant's Pet Care Products, LLC., 10077 S. 134th St., Omaha, NE 68138.  NDC: 21091-642-01","52,578 blister packs","Failed to meet the hardness specification during stability testing.","04/03/2025","04/21/2025","N/A","04/16/2025","Lot 234003"
"Veterinary","No","02/19/2026","98309","Ongoing","Stratford Care USA, Inc.","4027 Tampa Rd Ste 3200","N/A","Oldsmar","FL","	34677-3221","United States","Voluntary: Firm initiated","Two or more of the following: Email, Fax, Letter, Press Release, Telephone, Visit","US Nationwide, including PR and Israel.","V-0063-2026","Class II","Animal Medical Clinic, Keto-C Wipes, Ketoconazole 2% Chlorhexidine 1%, For Dogs & Cats, 50 wipes, Manufactured for: Stratford Animal Care, 4027 Tampa Road, Oldsmar, FL 34677 877-498-2002 "" www.stratfordrx.com, www.Animal-Medical-Clinic.com 4020 South Babcock St. | Melbourne, Florida 32901, UPC 1 69682 51004 4.   ","N/A","The product labeled as medicated wipes was found to contain a non-medicated otic flush due to a product mix-up that occurred at the manufacturing level. As a result, the product is misbranded and does not contain the labeled active ingredient.","01/27/2026","02/19/2026","N/A","02/11/2026","Lot # 251086, Exp Date: 03/2027"
"Veterinary","No","02/19/2026","98309","Ongoing","Stratford Care USA, Inc.","4027 Tampa Rd Ste 3200","N/A","Oldsmar","FL","	34677-3221","United States","Voluntary: Firm initiated","Two or more of the following: Email, Fax, Letter, Press Release, Telephone, Visit","US Nationwide, including PR and Israel.","V-0064-2026","Class II","Curaseb, Chlorhexidine Antiseptic Pads, for dogs & cats, 50 Pads, Anti-Fungal, Anti-Bacterial, Anti-Yeast, Manufactured for: Bexley Labs, Los Angeles, CA, Tel: 888.935.4512, www.curaseb.com   ","N/A","The product labeled as medicated wipes was found to contain a non-medicated otic flush due to a product mix-up that occurred at the manufacturing level. As a result, the product is misbranded and does not contain the labeled active ingredient.","01/27/2026","02/19/2026","N/A","02/11/2026","Lot # 251086, Exp Date: 03/2027"
"Veterinary","No","02/19/2026","98309","Ongoing","Stratford Care USA, Inc.","4027 Tampa Rd Ste 3200","N/A","Oldsmar","FL","	34677-3221","United States","Voluntary: Firm initiated","Two or more of the following: Email, Fax, Letter, Press Release, Telephone, Visit","US Nationwide, including PR and Israel.","V-0065-2026","Class II","Boca Village Animal Hospital, Chlorhexidine 2%, Ketoconazole 1%, Antiseptic Wipes, 50 ct, For Dogs & Cats, Distributed by: Stratford Animal Care, 4027 Tampa Road, Oldsmar, FL 34677, 877-498-2002, www.stratfordrx.com","N/A","The product labeled as medicated wipes was found to contain a non-medicated otic flush due to a product mix-up that occurred at the manufacturing level. As a result, the product is misbranded and does not contain the labeled active ingredient.","01/27/2026","02/19/2026","N/A","02/11/2026","Lot # 251086, Exp Date: 03/2027"
"Veterinary","No","02/19/2026","98309","Ongoing","Stratford Care USA, Inc.","4027 Tampa Rd Ste 3200","N/A","Oldsmar","FL","	34677-3221","United States","Voluntary: Firm initiated","Two or more of the following: Email, Fax, Letter, Press Release, Telephone, Visit","US Nationwide, including PR and Israel.","V-0067-2026","Class II","Deer Park Animal Hospital, Keto-C Wipes, Formulated for Dogs, Cats, & Horses, 50 Wipes, Manufactured for: Stratford Animal Care, Odessa, FL 33556, 877-498-2002, www.stratfordrx.com","N/A","The product labeled as medicated wipes was found to contain a non-medicated otic flush due to a product mix-up that occurred at the manufacturing level. As a result, the product is misbranded and does not contain the labeled active ingredient.","01/27/2026","02/19/2026","N/A","02/11/2026","Lot # 251086, Exp Date: 03/2027"
"Veterinary","No","02/19/2026","98309","Ongoing","Stratford Care USA, Inc.","4027 Tampa Rd Ste 3200","N/A","Oldsmar","FL","	34677-3221","United States","Voluntary: Firm initiated","Two or more of the following: Email, Fax, Letter, Press Release, Telephone, Visit","US Nationwide, including PR and Israel.","V-0068-2026","Class II","Duke Animal Clinic, Medicated Ketoconazole & Chlorhexidine Wipes, For Dogs, Cats, & Horses, 50 Wipes- Cucumber Melon Scent, Duke Animal Clinic 1962 Schillinger Road South, Mobile, Alabama 36695.","N/A","The product labeled as medicated wipes was found to contain a non-medicated otic flush due to a product mix-up that occurred at the manufacturing level. As a result, the product is misbranded and does not contain the labeled active ingredient.","01/27/2026","02/19/2026","N/A","02/11/2026","Lot # 251086, Exp Date: 03/2027"
"Veterinary","No","02/19/2026","98309","Ongoing","Stratford Care USA, Inc.","4027 Tampa Rd Ste 3200","N/A","Oldsmar","FL","	34677-3221","United States","Voluntary: Firm initiated","Two or more of the following: Email, Fax, Letter, Press Release, Telephone, Visit","US Nationwide, including PR and Israel.","V-0069-2026","Class II","Eco Deco Pet Hospital, Keto-C Wipes, Net Contents: 50 Wipes, For Dogs & Cats, Manufactured for: Stratford Animal Care, 4027 Tampa Road, Oldsmar, FL 33556, Eco Deco Pet Hospital, 1539 Alton Road, Miami Beach, FL 33139.","N/A","The product labeled as medicated wipes was found to contain a non-medicated otic flush due to a product mix-up that occurred at the manufacturing level. As a result, the product is misbranded and does not contain the labeled active ingredient.","01/27/2026","02/19/2026","N/A","02/11/2026","Lot # 251086, Exp Date: 03/2027"
"Veterinary","No","02/19/2026","98309","Ongoing","Stratford Care USA, Inc.","4027 Tampa Rd Ste 3200","N/A","Oldsmar","FL","	34677-3221","United States","Voluntary: Firm initiated","Two or more of the following: Email, Fax, Letter, Press Release, Telephone, Visit","US Nationwide, including PR and Israel.","V-0070-2026","Class II","Emancipet, Ketoconazole & Chlorhexidine wipes, For Dogs & Cats, 50 Wipes, 1-866-441-9248, www.emancipet.org","N/A","The product labeled as medicated wipes was found to contain a non-medicated otic flush due to a product mix-up that occurred at the manufacturing level. As a result, the product is misbranded and does not contain the labeled active ingredient.","01/27/2026","02/19/2026","N/A","02/11/2026","Lot # 251086, Exp Date: 03/2027"
"Veterinary","No","02/19/2026","98309","Ongoing","Stratford Care USA, Inc.","4027 Tampa Rd Ste 3200","N/A","Oldsmar","FL","	34677-3221","United States","Voluntary: Firm initiated","Two or more of the following: Email, Fax, Letter, Press Release, Telephone, Visit","US Nationwide, including PR and Israel.","V-0071-2026","Class II","ChloraSeb, Antiseptic Wipes, Chlorhexidine 2% Ketoconazole 1%, With Soothing Aloe Vera, 50 Pledget Wipes, For Dogs & Cats, Distributed by: PHS Pet Health Solutions, 34485 7th St., Union City, CA 94587, pethealthsolutions.com, UPC 8 14087 00590 8.","N/A","The product labeled as medicated wipes was found to contain a non-medicated otic flush due to a product mix-up that occurred at the manufacturing level. As a result, the product is misbranded and does not contain the labeled active ingredient.","01/27/2026","02/19/2026","N/A","02/11/2026","Lot # 251086, Exp Date: 03/2027"
"Veterinary","No","02/19/2026","98309","Ongoing","Stratford Care USA, Inc.","4027 Tampa Rd Ste 3200","N/A","Oldsmar","FL","	34677-3221","United States","Voluntary: Firm initiated","Two or more of the following: Email, Fax, Letter, Press Release, Telephone, Visit","US Nationwide, including PR and Israel.","V-0072-2026","Class II","Island Animal Hospital, Keto-C Wipes, For Dogs, Cats, & Horses, Antiseptic Wipes, Chlorhexidine 2%, Ketoconazole 1%, 50ct Wipes, Visit: Island Animal Hospital at Viera, 5485 Lorkey Lane, Melbourne, FL 32940, Stratford Animal Care, 4027 Tampa Road, Oldsmar, FL 34677.","N/A","The product labeled as medicated wipes was found to contain a non-medicated otic flush due to a product mix-up that occurred at the manufacturing level. As a result, the product is misbranded and does not contain the labeled active ingredient.","01/27/2026","02/19/2026","N/A","02/11/2026","Lot # 251086, Exp Date: 03/2027"
"Veterinary","No","02/19/2026","98309","Ongoing","Stratford Care USA, Inc.","4027 Tampa Rd Ste 3200","N/A","Oldsmar","FL","	34677-3221","United States","Voluntary: Firm initiated","Two or more of the following: Email, Fax, Letter, Press Release, Telephone, Visit","US Nationwide, including PR and Israel.","V-0073-2026","Class II","King's Crossing Animal Hospital, Keto-C Wipes, 50 Wipes, Formulate for Dogs, Cats & Horses, For Veterinary Use Only, King s Crossing Animal Hospital, 7607 NC Hwy 68 N Suite E Oak Ridge, NC 27310, 336-644-7606, Manufactured for:  Stratford Animal Care, 4027 Tampa Road, Oldsmar, FL 34677.","N/A","The product labeled as medicated wipes was found to contain a non-medicated otic flush due to a product mix-up that occurred at the manufacturing level. As a result, the product is misbranded and does not contain the labeled active ingredient.","01/27/2026","02/19/2026","N/A","02/11/2026","Lot # 251086, Exp Date: 03/2027"
"Veterinary","No","02/19/2026","98309","Ongoing","Stratford Care USA, Inc.","4027 Tampa Rd Ste 3200","N/A","Oldsmar","FL","	34677-3221","United States","Voluntary: Firm initiated","Two or more of the following: Email, Fax, Letter, Press Release, Telephone, Visit","US Nationwide, including PR and Israel.","V-0074-2026","Class II","Lake Forest Animal Clinic, KC Medicated, Chlorhexidine 2%, Ketoconazole 1%, 50 Wipes, For Dogs, Cats & Horses, Distributed by: Stratford Animal Care, 4027 Tampa Road, Oldsmar, FL 34677.","N/A","The product labeled as medicated wipes was found to contain a non-medicated otic flush due to a product mix-up that occurred at the manufacturing level. As a result, the product is misbranded and does not contain the labeled active ingredient.","01/27/2026","02/19/2026","N/A","02/11/2026","Lot # 251086, Exp Date: 03/2027"
"Veterinary","No","02/19/2026","98309","Ongoing","Stratford Care USA, Inc.","4027 Tampa Rd Ste 3200","N/A","Oldsmar","FL","	34677-3221","United States","Voluntary: Firm initiated","Two or more of the following: Email, Fax, Letter, Press Release, Telephone, Visit","US Nationwide, including PR and Israel.","V-0075-2026","Class II","Lake Oconee Animal Hospital, Keto-C Wipes, 50 Wipes, For Dogs, Cats & Horses, For Veterinary Use Only, Lake Oconee Animal Hospital, 613 Old Phoenix Road, Eatonton, Georgia 31024, Distributed by: Stratford Animal Care, 4027 Tampa Road, Oldsmar, FL 34677.","N/A","The product labeled as medicated wipes was found to contain a non-medicated otic flush due to a product mix-up that occurred at the manufacturing level. As a result, the product is misbranded and does not contain the labeled active ingredient.","01/27/2026","02/19/2026","N/A","02/11/2026","Lot # 251086, Exp Date: 03/2027"
"Veterinary","No","02/19/2026","98309","Ongoing","Stratford Care USA, Inc.","4027 Tampa Rd Ste 3200","N/A","Oldsmar","FL","	34677-3221","United States","Voluntary: Firm initiated","Two or more of the following: Email, Fax, Letter, Press Release, Telephone, Visit","US Nationwide, including PR and Israel.","V-0076-2026","Class II","Mills Animal Hospital, Ketoconazole & Chlorhexidine Wipes, 50 Wipes, Cucumber Melon, For Dogs & Cats, Mills Animal Hospital, 4514 N. Cobb Pkwy NW, Suite 112, Acworth, GA 30101, 415 Villa Rica Way SW, Marietta, GA 30064, Distributed by: Stratford Animal Care, 4027 Tampa Road, Oldsmar, FL 34677.","N/A","The product labeled as medicated wipes was found to contain a non-medicated otic flush due to a product mix-up that occurred at the manufacturing level. As a result, the product is misbranded and does not contain the labeled active ingredient.","01/27/2026","02/19/2026","N/A","02/11/2026","Lot # 251086, Exp Date: 03/2027"
"Veterinary","No","02/19/2026","98309","Ongoing","Stratford Care USA, Inc.","4027 Tampa Rd Ste 3200","N/A","Oldsmar","FL","	34677-3221","United States","Voluntary: Firm initiated","Two or more of the following: Email, Fax, Letter, Press Release, Telephone, Visit","US Nationwide, including PR and Israel.","V-0078-2026","Class II","VetOne, KetoHex, Wipes, Chlorhexidine & Ketoconazole, Net Contents: 50 Wipes, Cucumber Melon, Antiseptic cleansing pads for use on dogs, cats, and horses, Distributed by: MWI, Boise, ID 83705, UPC 3 86136 01650 5, NDC 86136-016-50. ","N/A","The product labeled as medicated wipes was found to contain a non-medicated otic flush due to a product mix-up that occurred at the manufacturing level. As a result, the product is misbranded and does not contain the labeled active ingredient.","01/27/2026","02/19/2026","N/A","02/11/2026","Lot # 251086, Exp Date: 03/2027"
"Veterinary","No","02/19/2026","98309","Ongoing","Stratford Care USA, Inc.","4027 Tampa Rd Ste 3200","N/A","Oldsmar","FL","	34677-3221","United States","Voluntary: Firm initiated","Two or more of the following: Email, Fax, Letter, Press Release, Telephone, Visit","US Nationwide, including PR and Israel.","V-0079-2026","Class II","Noah's Animal Hospital, Keto-C Wipes, 50 Wipes, For Dogs, Cats & Horses, Manufactured for: Stratford Animal Care, 4027 Tampa Road, 4027 Tampa Road, Oldsmar, FL 34667.","N/A","The product labeled as medicated wipes was found to contain a non-medicated otic flush due to a product mix-up that occurred at the manufacturing level. As a result, the product is misbranded and does not contain the labeled active ingredient.","01/27/2026","02/19/2026","N/A","02/11/2026","Lot # 251086, Exp Date: 03/2027"
"Veterinary","No","02/19/2026","98309","Ongoing","Stratford Care USA, Inc.","4027 Tampa Rd Ste 3200","N/A","Oldsmar","FL","	34677-3221","United States","Voluntary: Firm initiated","Two or more of the following: Email, Fax, Letter, Press Release, Telephone, Visit","US Nationwide, including PR and Israel.","V-0081-2026","Class II","Old Shell Animal Hospital, Keto-C Antiseptic Wipes, 50 Wipes, For Dogs Cats, Distributed By: Stratford Animal Care, 4027 Tampa Road, Oldsmar, FL 34677, Old Shell Road Small Animal Hospital, 2658 Old Shell Road, Mobile, AL 36607.","N/A","The product labeled as medicated wipes was found to contain a non-medicated otic flush due to a product mix-up that occurred at the manufacturing level. As a result, the product is misbranded and does not contain the labeled active ingredient.","01/27/2026","02/19/2026","N/A","02/11/2026","Lot # 251086, Exp Date: 03/2027"
"Veterinary","No","02/19/2026","98309","Ongoing","Stratford Care USA, Inc.","4027 Tampa Rd Ste 3200","N/A","Oldsmar","FL","	34677-3221","United States","Voluntary: Firm initiated","Two or more of the following: Email, Fax, Letter, Press Release, Telephone, Visit","US Nationwide, including PR and Israel.","V-0082-2026","Class II","Oxford Animal Hospital, Ketoconazole & Chlorhexidine Wipes, 50 Wipes, Chlorhexidine 2% & Ketoconazole 1%, Made for Dogs, Cats & Horses, Oxford Animal Hospital, 3935 County Road 201, Oxford, FL 34484. ","N/A","The product labeled as medicated wipes was found to contain a non-medicated otic flush due to a product mix-up that occurred at the manufacturing level. As a result, the product is misbranded and does not contain the labeled active ingredient.","01/27/2026","02/19/2026","N/A","02/11/2026","Lot # 251086, Exp Date: 03/2027"
"Veterinary","No","02/19/2026","98309","Ongoing","Stratford Care USA, Inc.","4027 Tampa Rd Ste 3200","N/A","Oldsmar","FL","	34677-3221","United States","Voluntary: Firm initiated","Two or more of the following: Email, Fax, Letter, Press Release, Telephone, Visit","US Nationwide, including PR and Israel.","V-0083-2026","Class II","Pamlico Animal Hospital, Ketoconazole & Chlorhexidine, Antiseptic Wipes, 50 Wipes, For Dogs & Cats, Manufactured for: Pamlico Animal Hospital, 3005 John Small Ave., Washington, NC 27889.","N/A","The product labeled as medicated wipes was found to contain a non-medicated otic flush due to a product mix-up that occurred at the manufacturing level. As a result, the product is misbranded and does not contain the labeled active ingredient.","01/27/2026","02/19/2026","N/A","02/11/2026","Lot # 251086, Exp Date: 03/2027"
"Veterinary","No","02/19/2026","98309","Ongoing","Stratford Care USA, Inc.","4027 Tampa Rd Ste 3200","N/A","Oldsmar","FL","	34677-3221","United States","Voluntary: Firm initiated","Two or more of the following: Email, Fax, Letter, Press Release, Telephone, Visit","US Nationwide, including PR and Israel.","V-0084-2026","Class II","Pet Wellness Clinics, Keto-C Wipes, Formulated for Dogs, Cats & Horses, For Veterinary Use Only, 50 Wipes, Pet Wellness Clinics, 317-516-5921, www.PetWellnessClinics.com, Manufactured for: Stratford Animal Care, 4027 Tampa Road Suite 3200 Oldsmar, FL 34677.","N/A","The product labeled as medicated wipes was found to contain a non-medicated otic flush due to a product mix-up that occurred at the manufacturing level. As a result, the product is misbranded and does not contain the labeled active ingredient.","01/27/2026","02/19/2026","N/A","02/11/2026","Lot # 251086, Exp Date: 03/2027"
"Veterinary","No","02/19/2026","98309","Ongoing","Stratford Care USA, Inc.","4027 Tampa Rd Ste 3200","N/A","Oldsmar","FL","	34677-3221","United States","Voluntary: Firm initiated","Two or more of the following: Email, Fax, Letter, Press Release, Telephone, Visit","US Nationwide, including PR and Israel.","V-0085-2026","Class II","DermatoVet Professional Formula, Keto-C Wipes, For Dogs, Cats & Horses, 50 Wipes, For Veterinary Use Only, Distributed By: Pet-Vet Biomed, Petach Tikva, Israel, Made in the USA.","N/A","The product labeled as medicated wipes was found to contain a non-medicated otic flush due to a product mix-up that occurred at the manufacturing level. As a result, the product is misbranded and does not contain the labeled active ingredient.","01/27/2026","02/19/2026","N/A","02/11/2026","Lot # 251086, Exp Date: 03/2027"
"Veterinary","No","02/19/2026","98309","Ongoing","Stratford Care USA, Inc.","4027 Tampa Rd Ste 3200","N/A","Oldsmar","FL","	34677-3221","United States","Voluntary: Firm initiated","Two or more of the following: Email, Fax, Letter, Press Release, Telephone, Visit","US Nationwide, including PR and Israel.","V-0086-2026","Class II","PICCARDMEDS4PETS, Keto-Itch Antiseptic Wipes, Net Contents 50 Wipes, Cucumber Melon Scent, For Veterinary Use Only, Formulated for Dogs, Cats, & Horses, Distributed by: PiccardMeds4Pets, Stone Brook LLC - DBA PetPals Club, 1200 Riverplace Blvd, Suite 105-1394, Jacksonville, FL 32207, UPC 8 50053 06632 0.","N/A","The product labeled as medicated wipes was found to contain a non-medicated otic flush due to a product mix-up that occurred at the manufacturing level. As a result, the product is misbranded and does not contain the labeled active ingredient.","01/27/2026","02/19/2026","N/A","02/11/2026","Lot # 251086, Exp Date: 03/2027"
"Veterinary","No","02/19/2026","98309","Ongoing","Stratford Care USA, Inc.","4027 Tampa Rd Ste 3200","N/A","Oldsmar","FL","	34677-3221","United States","Voluntary: Firm initiated","Two or more of the following: Email, Fax, Letter, Press Release, Telephone, Visit","US Nationwide, including PR and Israel.","V-0087-2026","Class II","Sanum PR Inc, Chlorhexidine & Ketoconazole Medicated Wipes, 50 Ct Wipes, For Dogs & Cats, Solution for Topical Management of Skin Conditions, Chlorhexidine 2%, Ketoconazole 1%, Sanum PR INC, Trujillo Alto, 00976, Puerto Rico, 787-755-6225, Distributed by: Stratford Animal Care, 4027 Tampa Road, Oldsmar, FL 34677.","N/A","The product labeled as medicated wipes was found to contain a non-medicated otic flush due to a product mix-up that occurred at the manufacturing level. As a result, the product is misbranded and does not contain the labeled active ingredient.","01/27/2026","02/19/2026","N/A","02/11/2026","Lot # 251086, Exp Date: 03/2027"
"Veterinary","No","02/19/2026","98309","Ongoing","Stratford Care USA, Inc.","4027 Tampa Rd Ste 3200","N/A","Oldsmar","FL","	34677-3221","United States","Voluntary: Firm initiated","Two or more of the following: Email, Fax, Letter, Press Release, Telephone, Visit","US Nationwide, including PR and Israel.","V-0088-2026","Class II","Southport Animal Hospital, Antiseptic medicated wipes, Chlorhexidine 2%, Ketoconazole 1%, 50 CT, For Dogs, Cats & Horses, Distributed by: Stratford Animal Care, 4027 Tampa Road, Oldsmar, FL 34677, Southport Animal Hospital, 2200 S Andrews Ave West, Fort Lauderdale, FL 33316.","N/A","The product labeled as medicated wipes was found to contain a non-medicated otic flush due to a product mix-up that occurred at the manufacturing level. As a result, the product is misbranded and does not contain the labeled active ingredient.","01/27/2026","02/19/2026","N/A","02/11/2026","Lot # 251086, Exp Date: 03/2027"
"Veterinary","No","02/19/2026","98309","Ongoing","Stratford Care USA, Inc.","4027 Tampa Rd Ste 3200","N/A","Oldsmar","FL","	34677-3221","United States","Voluntary: Firm initiated","Two or more of the following: Email, Fax, Letter, Press Release, Telephone, Visit","US Nationwide, including PR and Israel.","V-0089-2026","Class II","Stratford, Keto-C, Antiseptic Wipes, Chlorhexidine 2%, Ketoconazole 1%, 50 CT, For Dogs, Cats & Horses, Distributed by: Stratford Animal Care, 4027 Tampa Road, Oldsmar, FL 34677, Southport Animal Hospital, 2200 S Andrews Ave West, Fort Lauderdale, FL 33316.","N/A","The product labeled as medicated wipes was found to contain a non-medicated otic flush due to a product mix-up that occurred at the manufacturing level. As a result, the product is misbranded and does not contain the labeled active ingredient.","01/27/2026","02/19/2026","N/A","02/11/2026","Lot # 251086, Exp Date: 03/2027"
"Veterinary","No","02/19/2026","98309","Ongoing","Stratford Care USA, Inc.","4027 Tampa Rd Ste 3200","N/A","Oldsmar","FL","	34677-3221","United States","Voluntary: Firm initiated","Two or more of the following: Email, Fax, Letter, Press Release, Telephone, Visit","US Nationwide, including PR and Israel.","V-0090-2026","Class II","Tavares Crossroads Veterinary Clinic, Antiseptic Wipes, Chlorhexidine 2%, Ketoconazole 1%, 50 CT, Formulated for Dogs & Cats, Cucumber Melon Scent, Tavares Crossroads Veterinary Clinic, 2030 State Road 19, Tavares, FL 32778.","N/A","The product labeled as medicated wipes was found to contain a non-medicated otic flush due to a product mix-up that occurred at the manufacturing level. As a result, the product is misbranded and does not contain the labeled active ingredient.","01/27/2026","02/19/2026","N/A","02/11/2026","Lot # 251086, Exp Date: 03/2027"
"Veterinary","No","02/19/2026","98309","Ongoing","Stratford Care USA, Inc.","4027 Tampa Rd Ste 3200","N/A","Oldsmar","FL","	34677-3221","United States","Voluntary: Firm initiated","Two or more of the following: Email, Fax, Letter, Press Release, Telephone, Visit","US Nationwide, including PR and Israel.","V-0091-2026","Class II","SensoVet, Animal Health & Wellness, Antiseptic, Chlorhexidine, Medicated Wipes, 50 Wipes, Veterinarian Developed, Chlorhexidine 2%, Ketoconazole 1%, For Dogs and Cats, Manufactured for: SensoVet, Jersey City, NJ 07307, UPC 5 060934 420171.","N/A","The product labeled as medicated wipes was found to contain a non-medicated otic flush due to a product mix-up that occurred at the manufacturing level. As a result, the product is misbranded and does not contain the labeled active ingredient.","01/27/2026","02/19/2026","N/A","02/11/2026","Lot # 251086, Exp Date: 03/2027"
"Veterinary","No","02/19/2026","98309","Ongoing","Stratford Care USA, Inc.","4027 Tampa Rd Ste 3200","N/A","Oldsmar","FL","	34677-3221","United States","Voluntary: Firm initiated","Two or more of the following: Email, Fax, Letter, Press Release, Telephone, Visit","US Nationwide, including PR and Israel.","V-0092-2026","Class II","PetScy, Keto Skin Wipes, 50 Wipes, For Dogs & Cats, Cucumber Melon Scent, Antibacterial/Antifungal, Medicated Wipes, Manufactured For: PetScy Inc, Po Box #2685, Oldsmar, FL 33556, UPC 199284989214.","N/A","The product labeled as medicated wipes was found to contain a non-medicated otic flush due to a product mix-up that occurred at the manufacturing level. As a result, the product is misbranded and does not contain the labeled active ingredient.","01/27/2026","02/19/2026","N/A","02/11/2026","Lot # 251086, Exp Date: 03/2027"
"Veterinary","No","02/19/2026","98309","Ongoing","Stratford Care USA, Inc.","4027 Tampa Rd Ste 3200","N/A","Oldsmar","FL","	34677-3221","United States","Voluntary: Firm initiated","Two or more of the following: Email, Fax, Letter, Press Release, Telephone, Visit","US Nationwide, including PR and Israel.","V-0093-2026","Class II","Warsaw Animal Hospital, Wipes for Dogs & Cats, Ketoconazole & Chlorhexidine, 50 Wipes, Manufactured for: Warsaw Animal Hospital, 1472 NC 24 50 HWY. Warsaw, NC 28398.","N/A","The product labeled as medicated wipes was found to contain a non-medicated otic flush due to a product mix-up that occurred at the manufacturing level. As a result, the product is misbranded and does not contain the labeled active ingredient.","01/27/2026","02/19/2026","N/A","02/11/2026","Lot # 251086, Exp Date: 03/2027"
"Veterinary","No","02/19/2026","98309","Ongoing","Stratford Care USA, Inc.","4027 Tampa Rd Ste 3200","N/A","Oldsmar","FL","	34677-3221","United States","Voluntary: Firm initiated","Two or more of the following: Email, Fax, Letter, Press Release, Telephone, Visit","US Nationwide, including PR and Israel.","V-0094-2026","Class II","Weakley County Animal Clinic, Keto-C Antiseptic Wipes, Net Contents: 50 Wipes, Formulated for Dogs, Cats & Horses, Distributed By: Stratford Animal Care, 4027 Tampa Road, Oldsmar, FL 34677, Weakley County Animal Clinic, 110 Weldon Dr., Martin, TN 38237.","N/A","The product labeled as medicated wipes was found to contain a non-medicated otic flush due to a product mix-up that occurred at the manufacturing level. As a result, the product is misbranded and does not contain the labeled active ingredient.","01/27/2026","02/19/2026","N/A","02/11/2026","Lot # 251086, Exp Date: 03/2027"
"Veterinary","No","02/19/2026","98309","Ongoing","Stratford Care USA, Inc.","4027 Tampa Rd Ste 3200","N/A","Oldsmar","FL","	34677-3221","United States","Voluntary: Firm initiated","Two or more of the following: Email, Fax, Letter, Press Release, Telephone, Visit","US Nationwide, including PR and Israel.","V-0096-2026","Class II","Wheatland Animal Hospital, Ketoconazole & Chlorhexidine Wipes, Cucumber Melon, 50 Wipes, Formulated for Dogs, Cats & Horses, Wheatland Animal Hospital, 24041 103rd St., Naperville, IL 60564.","N/A","The product labeled as medicated wipes was found to contain a non-medicated otic flush due to a product mix-up that occurred at the manufacturing level. As a result, the product is misbranded and does not contain the labeled active ingredient.","01/27/2026","02/19/2026","N/A","02/11/2026","Lot # 251086, Exp Date: 03/2027"
"Veterinary","No","02/19/2026","98309","Ongoing","Stratford Care USA, Inc.","4027 Tampa Rd Ste 3200","N/A","Oldsmar","FL","	34677-3221","United States","Voluntary: Firm initiated","Two or more of the following: Email, Fax, Letter, Press Release, Telephone, Visit","US Nationwide, including PR and Israel.","V-0097-2026","Class II","Wilson Veterinary Hospital, Medicated CK Antiseptic Wipes, Chlorhexidine 2%, Ketoconazole 1%, 50 CT, For Dogs, Cats & Horses, Distributed by: Stratford Animal Care, 4027 Tampa Road, Oldsmar, FL 34677, Wilson Veterinary Hospital, 12000 Durham St, Washington, MI 48095.","N/A","The product labeled as medicated wipes was found to contain a non-medicated otic flush due to a product mix-up that occurred at the manufacturing level. As a result, the product is misbranded and does not contain the labeled active ingredient.","01/27/2026","02/19/2026","N/A","02/11/2026","Lot # 251086, Exp Date: 03/2027"
"Veterinary","No","05/20/2026","98847","Ongoing","Cronus Pharma","2 Tower Center Blvd","N/A","East Brunswick","NJ","	08816-1100","United States","Voluntary: Firm initiated","E-Mail","US Nationwide.","V-0123-2026","Class II","covetrus, Amoxicillin and Clavulanate Potassium for Oral Suspension Drops, 62.5mg/mL, 15 mL, For use in dogs and cats, Distributed by: Covetrus Noth America, 400 Metro Place North, Dublin, OH 43017, Made in India, NDC 11695-7007-1","53400","This voluntary recall is due to market complaints pertaining to product discoloration following reconstitution.","04/25/2026","05/20/2026","N/A","05/13/2026","Lot# FZ6224017A, Exp Date: Nov 2026"
"Veterinary","No","05/20/2026","98847","Ongoing","Cronus Pharma","2 Tower Center Blvd","N/A","East Brunswick","NJ","	08816-1100","United States","Voluntary: Firm initiated","E-Mail","US Nationwide.","V-0124-2026","Class II","VETONE, Betacilin Clav Drops, Amoxicillin and Clavulanate Potassium for Oral Suspension Drops, 15 mL, For use in dogs and cats, Distributed by: MWI, Boise, ID 83705, Made in India, NDC 86136-011-15.","N/A","This voluntary recall is due to market complaints pertaining to product discoloration following reconstitution.","04/25/2026","05/20/2026","N/A","05/13/2026","Lot# FZ6224018A, Exp Date: Nov 2026"
"Veterinary","No","05/29/2026","98896","Ongoing","Dechra Veterinary Products Inc","7015 College Blvd Ste 525","N/A","Overland Park","KS","	66211-1551","United States","Voluntary: Firm initiated","Letter","US Nationwide.","V-0129-2026","Class II","Ophthavet Ophthalmic Solution, 0.18% Viscoadaptive Sodium Hyaluronate, 10 mL (0.33 fl oz), Manufactured for: Dechra Veterinary Products, 7015 College Boulevard, Suite 525, Overland Park, KS 66211 USA, NDC 17033-045-10. For use in dogs and cats.","N/A","Lack of sterility assurance: The recall of this lot is being initiated due a potential quality concern at the manufacturing site.","04/30/2026","05/29/2026","N/A","05/27/2026","Lot # 9T84, Exp 05/2027."
"Veterinary","No","05/27/2026","98950","Terminated","Allprovide Pet Foods LLC","1755 Young Ct","N/A","Norcross","GA","	30093-1218","United States","Voluntary: Firm initiated","E-Mail","Distributed nationwide.","V-0128-2026","Class II","AllProvide Holistic Pet Food Gently Cooked Chicken Recipe For Dogs 16 oz UPC: 859125005809. Frozen product, packaged in a plastic vacuum sealed package. 2 packages per box, 32 packages per case.","1,500lbs","Potential foreign material (plastic) contamination.","05/11/2026","05/27/2026","09/04/2026","05/27/2026","048-01, 048-2, 048-3, 048-4, 048-5, 048-6, 048-7, 048-8, 048-9, 048-10, 048-11, 048-12, 048-13, 048-14."
"Veterinary","No","08/06/2026","99455","Ongoing","Pegasus Laboratories, Inc.","8809 Ely St","N/A","Pensacola","FL","	32514-7064","United States","Voluntary: Firm initiated","Letter","Nationwide","V-0183-2026","Class II","Proin ER, phenylpropanolamine hydrochloride extended-release tablets, 145mg Tablets, Net Contents 30 Tablets, Manufactured by: Pegasus Laboratories, Inc., Employee-owned Pensacola, FL 32514, USA, NDC 49427-347-57, for use in dogs","7,248 bottles","Failed dissolution specifications","07/20/2026","08/06/2026","N/A","08/05/2026","Lot# 25108A1"
"Veterinary","No","09/01/2026","99522","Ongoing","American Regent, Inc.","5 Ramsay Rd","N/A","Shirley","NY","	11967-4701","United States","Voluntary: Firm initiated","Press Release","Nationwide within the U.S","V-0189-2026","Class II","Vial Label: Adequan Canine, polysulfated glycosaminoglycan, 100 mg/mL, 5mL Preserved Multiple Dose Vial, For intramuscular Use In Dogs, AMERICAN REGENT, INC., ANIMAL HEALTH, Shirley, NY 11967, NDC 10797-975-01.  Packer Labeling: Adequan Canine, polysulfated glycosaminoglycan, 100 mg/mL, (500mg/5mL), PSGAG Sterile Injection, Multiple Dose Vials, 2 Preserved Vials (5ml), AMERICAN REGENT, INC., ANIMAL HEALTH, Shirley, NY 11967, NDC 10797-975-02","153,818 units","Presence of particulate matter: products contaminated with particulate matter including glass.","07/31/2026","09/01/2026","N/A","08/26/2026","Lot #: 3369, Exp.: 10/31/2026; 25011, Exp.: 12/31/2027."
"Veterinary","No","09/09/2026","99567","Ongoing","Westwood Laboratories, LLC.","710 S Ayon Ave","N/A","Azusa","CA","	91702-5123","United States","Voluntary: Firm initiated","Letter","US Nationwide.","V-0194-2026","Class II","Remedy Recovery Dogswell, Pet Wormer, for dogs, cats, puppies, & kittens, Net Contents 236 ml (8 fl oz), Distributed by Whitebridge Pet Brands, St. Louis, MO 63141, NDC 86131-300-08.","N/A","Firm received complaints related to adverse events after administration of the product.","08/05/2026","09/09/2026","N/A","08/12/2026","Lot # 24I19C-5, Exp Date: 09/2026; Lot # 25B17A-5, Exp Date: 02/2027."
"Veterinary","No","","25053","Ongoing","Schering Corp","Galloping Hill Rd","N/A","Kenilworth","New Jersey","	07033","United States","N/A","N/A","No product was distributed to government accounts.  The product was distributed nationwide, with the exception of Alaska and West Virginia, to direct accounts including distributors as well as hopsitals, clinics, and veterinarians.  Recall letters were sent to 165 distributors and 1293 customers who received the recalled products.  Six international customers identified are:  Canada, Puerto Rico, Guam, Germany, Peru, and South Korea.    Garacin Piglet Injection (Durvet) was manufactured for Durvet, Inc.  FLU-NIX Injection was manufactured for Pro Labs Ltd. (Agri Labs).","V-035-3","Class II","Betasone Aqueous Suspension.  5mg/mL Betamethasone as diporpionate and 2mg/mL Betamethasone as sodium phosphate.  A 5mL vial is the unit of sale, packed in individual printed folded cartons.  Product should be administered aseptically by intramuscular injection in dogs only.","12630","Problems with sterility assurance","11/11/2002","N/A","N/A","","N/A"
"Veterinary","No","","26419","Ongoing","DDM Foods, Inc.","126-E Corporate Drive","N/A","Simpsonville","South Carolina","	29681","United States","N/A","N/A","The product distributed by one firm located in MO. The product is sold out of the firm''s 32 retail stores located in MO, to wholesalers,  directly to consumers via their website (www.threedog.com), and to Target store chains located nationwide.","V-276-3","Class II","Three Dog Bakery, The Bakery for Dogs, All Natural with Added Vitamins & Minerals, Entr¿e for Dogs, 100 Complete & Nutritious,  Chicken, Carrots, Green Beans and Rice Recipe, Ultra Premium, Net Wt. 12oz.(340G), Distributed by Three Dog Bakery, Kansas City, MO, 64108, Product of USA. The product is packed in laminated flexible pouches","N/A","Swollen and leaking pouches due to poor seals.","05/02/2003","N/A","N/A","","N/A"
"Veterinary","No","","26419","Ongoing","DDM Foods, Inc.","126-E Corporate Drive","N/A","Simpsonville","South Carolina","	29681","United States","N/A","N/A","The product distributed by one firm located in MO. The product is sold out of the firm''s 32 retail stores located in MO, to wholesalers,  directly to consumers via their website (www.threedog.com), and to Target store chains located nationwide.","V-277-3","Class II","Three Dog Bakery, The Bakery for Dogs, All Natural with Added Vitamins & Minerals, Entr¿e for Dogs, 100 Complete & Nutritious, Chicken, Potatoes, Carrots and Rice Recipe, Ultra Premium, Net Wt. 12oz.(340G), Distributed by Three Dog Bakery, Kansas City, MO, 64108, Product of USA. The product is packed in laminated flexible pouches.","N/A","Swollen and leaking pouches due to poor seals.","05/02/2003","N/A","N/A","","N/A"
"Veterinary","No","","26419","Ongoing","DDM Foods, Inc.","126-E Corporate Drive","N/A","Simpsonville","South Carolina","	29681","United States","N/A","N/A","The product distributed by one firm located in MO. The product is sold out of the firm''s 32 retail stores located in MO, to wholesalers,  directly to consumers via their website (www.threedog.com), and to Target store chains located nationwide.","V-278-3","Class II","Three Dog Bakery, The Bakery for Dogs, All Natural with Added Vitamins & Minerals, Entr¿e for Dogs, 100 Complete & Nutritious,  Chicken, Vegetables and Rice Recipe, Ultra Premium, Net Wt. 12oz.(340G), Distributed by Three Dog Bakery, Kansas City, MO, 64108, Product of USA. The product is packed in laminated flexible pouches.","N/A","Swollen and leaking pouches due to poor seals.","05/02/2003","N/A","N/A","","N/A"
"Veterinary","No","","26419","Ongoing","DDM Foods, Inc.","126-E Corporate Drive","N/A","Simpsonville","South Carolina","	29681","United States","N/A","N/A","The product distributed by one firm located in MO. The product is sold out of the firm''s 32 retail stores located in MO, to wholesalers,  directly to consumers via their website (www.threedog.com), and to Target store chains located nationwide.","V-279-3","Class II","Three Dog Bakery, The Bakery for Dogs, All Natural with Added Vitamins & Minerals, Entr¿e for Dogs, 100 Complete & Nutritious, Smoke Flavored Chicken, Vegetables & Rice Recipe, Ultra Premium, Net Wt. 12oz.(340G), Distributed by Three Dog Bakery, Kansas City, MO, 64108, Product of USA. The product is packed in laminated flexible pouches.","N/A","Swollen and leaking pouches due to poor seals.","05/02/2003","N/A","N/A","","N/A"
"Veterinary","No","","26824","Completed","Ameri-Pac Inc","751 S 4th PO Box 1088","N/A","St Joseph","Missouri","	64502","United States","N/A","N/A","Two own-label distributors in MO","V-295-3","Class II","Steamed bone meal under the following labels:  (1) Upco Steamed Bone Meal for Dogs, Cats,and Horses, packaged in 1-lb. laminated pouches.  The label shows Distributed by United Pharmacal Co., Inc., St. Joseph, MO, as the responsible firm; and (2) Benepet Steamed Bone Meal for Dogs, Cats, and Horses, packaged in a 1-lb. plastic jar.  The label shows Mfg. For:  Benepet Pet Care Products, St. Joseph, MO, as the responsible firm.","23.3 tons Upco brand and 6.7 tons Benepet brand","Label lacks the cautionary statement 'Do Not Feed to Cattle or Other Ruminants.'","06/27/2003","N/A","N/A","","N/A"
"Veterinary","No","","27151","Completed","The Leathercraft Company,Inc.","1101 E Hector St","N/A","Conshohocken","Pennsylvania","	194282311","United States","N/A","N/A","The product was sold to retail stores nationwide.","V-109-4","Class II","Smell Tamers. Rawhide dog chews. Item 68000 for dogs under 20 lbs. The product is sold in jars containing 100 pieces. The product is packaged as a display box containing 6 jars. The product is shipped as either a display box, as individual units, or as a 3 box combination display package (1 jar of each size - tem 68009).","4950 jars","contains microorganism","08/21/2003","N/A","N/A","","N/A"
"Veterinary","No","","27151","Completed","The Leathercraft Company,Inc.","1101 E Hector St","N/A","Conshohocken","Pennsylvania","	194282311","United States","N/A","N/A","The product was sold to retail stores nationwide.","V-110-4","Class II","Smell Tamers. Rawhide dog chews. Item 68020 for dogs 20-50 lbs. The product is sold in jars containing 40 pieces. The product is packaged as a display box containing 6 jars. The product is shipped as either a display box, as individual units, or as a 3 box combination display package (1 jar of each size - tem 68009).","4950 jars","contains microorganism","08/21/2003","N/A","N/A","","N/A"
"Veterinary","No","","27151","Completed","The Leathercraft Company,Inc.","1101 E Hector St","N/A","Conshohocken","Pennsylvania","	194282311","United States","N/A","N/A","The product was sold to retail stores nationwide.","V-111-4","Class II","Smell Tamers. Rawhide dog chews. Item 68040 for dogs over 50 lbs. The product is sold in jars containing 36 pieces. The product is packaged as a display box containing 6 jars. The product is shipped as either a display box, as individual units, or as a 3 box combination display package (1 jar of each size - tem 68009).","4950 jars","contains microorganism","08/21/2003","N/A","N/A","","N/A"
"Veterinary","No","","28875","Ongoing","Fort Dodge Laboratories Inc","800 5th Street NW","PO Box 518","Fort Dodge","Iowa","	50501-0518","United States","N/A","N/A","Distribution was made nationwide to retail and wholesale accounts.","V-130-4","Class II","Fort Dodge ProHeart 6 (moxidectin) Sustained Release Injectable for Dogs, Sterile Vehicle 17 ml. to be used to constitute moxidectin microspheres, 10% w/w moxidectin microspheres, packed in 5-unit packs of 20-ml. moxidectin microsphere and vehicle vials,  RX, NADA 141-189, NDC 0856-3670-20.  The responsible firm on the label is Fort Dodge Animal Health, Fort Dodge, IA.","7,390/5-unit packs","Failing dissolution results for the moxidectin microspheres at the 6-month stability time point","04/27/2004","N/A","N/A","","N/A"
"Veterinary","No","","28886","Terminated","Boehringer Ingelheim Vetmedica Inc","2621 N Belt Hwy","Elkan Estates","Saint Joseph","Missouri","	64506-2002","United States","N/A","N/A","Distribution was made to distributor''s warehouses located in TN, GA, and IA.","V-131-4","Class II","Metacam (meloxicam) 1.5 mg/mL Oral Suspension, Non-steroidal anti-inflammatory drug for oral use in dogs only, packaged in 10-ml bottles, RX, NADA #141-213.  The label shows the product is Manufactured by: Boehringer Ingelheim Vetmedica, Inc., St. Joseph, MO, and Distributed by: Merial Limited, Duluth, GA.","65,890 bottles","A kilogram dosing syringe was packaged with the product rather than a dosing syringe calibrated in pounds.","03/25/2004","N/A","06/03/2004","","N/A"
"Veterinary","No","","29043","Ongoing","Fort Dodge Laboratories Inc","800 5th Street NW","PO Box 518","Fort Dodge","Iowa","	50501-0518","United States","N/A","N/A","Distribution was nationwide to veterinarians and clinics, vet drug distributors, and to foreign accounts located in the Czech Republic, Denmark, England, Hong Kong, Israel, Korea,  Sweden,  Italy, Mexico, and Spain.","V-159-4","Class II","Fort Dodge ProHeart 6 (moxidectin) Sustained Release Injectable for Dogs, packaged in 5-packs (20/5-packs per case) and 10-packs (10/10 packs per case), RX, NADA 141-189, NDC 0856-3670-25 (5-pack), NDC 0856-3670-20 (10-pack).  The responsible firm on the label is Fort Dodge Animal Health, Fort Dodge, IA.    Foreign distribution is made to Canada under the Ayerst ProHeart 6 label.  The responsible firm on the label is Ayerst Veterinary Laboratories, Division of Wyeth-Ayerst Canada Inc., Guelph, Ontario, Canada.  Distribution is also made to Italy under the Fort Dodge Guardian SR label.","78,344 vials","GMP deviations cited during an inspection cause the sterility of the products to be questionable","05/13/2004","N/A","N/A","","N/A"
"Veterinary","No","","30334","Ongoing","Hartz Mountain Corp.","400 Plaza Dr","N/A","Secaucus","New Jersey","	07094-3605","United States","N/A","N/A","These products are distributed nationwide to all supermarkets, discount stores, pet stores, and large nationwide stores/pharmacies.    ","V-011-5","Class II","Hartz Advanced Care Once-A-Month Capsule Wormer Products.  Item Numbers:    32700-84346 -- Once-a-Month Wormer for Puppies  32700-84345 -- Once-A-Month Wormer for Dogs  32700-84348 -- Once-A-Month Wormer for Large Dogs  32700-84347 -- Once-A-Month Wormer for Kittens and Cats.    Caution:***, Directions:***, Active Ingredient:  Each capsule contains 80mg piperazine base. The Hartz Mountain Corporation, Secaucus, NJ  07094.","1399419","Products do not meet manufacturing GMP requirements.","10/26/2004","N/A","N/A","","N/A"
"Veterinary","No","","33299","Terminated","Boehringer Ingelheim Vetmedica Inc","2621 N Belt Hwy","N/A","Saint Joseph","MO","	64506-2002","United States","N/A","N/A","Distribution was made to three public warehouses located in IA, GA, and TN contracted by the own-label distributor, Merial Limited, Duluth, GA.    From there, the product is shipped to veterinary accounts.    The firm shipped the product to foreign locations in Australia, Austria, Belgiium, Canada, Czech Republic, Denmark, France, GErmany, Greece, Hungary, Italy, Japan, Mexico, The Netherlands, New Zealand, Poland, Spain, Denmark, Switzerland, United Kingdom, and South Korea.","V-005-6","Class II","Metacam (meloxicam) 1.5 mg/mL Oral Suspension, Non-steroidal anti-inflammatory drug for oral use in dogs only, packaged in 10-ml bottles, RX, NADA #141-213, NDC 00010-6015-1.     The majority of the labels show the product is Manufactured by: Boehringer Ingelheim Vetmedica, Inc., St. Joseph, MO, and Distributed by: Merial Limited, Duluth, GA.  A portion of Lot 0157M17 was labeled as stated above and some product labeled only as Manufactured by Boehringer Ingelheim Vetmedica, Inc., St. Joseph, MO.  Lot 0357M23 is all labeled with only the Boehringer Ingelheim name.","2,287,326 bottles (631,560 bottles in the U.S., 1,655,766 foreign)","Some of the units could be above or below specifications","09/05/2005","N/A","06/15/2007","","N/A"
"Veterinary","No","","34599","Terminated","Royal Canin Usa Inc","500 Fountain Lakes Blvd.","Suite 100","Saint Charles","MO","	63301","United States","N/A","N/A","Distribution of the product is direct to veterinarians nationwide.  There are reportedly no sales made to the wholesale or retail levels.","V-067-6","Class II","Royal Canin Veterinary Diet Canine Urinary SO, Food for Dogs, packaged in 13.6 oz. cans, 24 cans per case, Manufactured by Masterfoods USA, Vernon, CA, Manufactured for Royal Canin USA Inc., Rolla, MO, Royal Canin Canada, Inc., Toronto, ON, Canada.","12,993/24-can cases","The products contain excess levels of Vitamin D3","02/02/2006","N/A","01/16/2008","","N/A"
"Veterinary","No","","34599","Terminated","Royal Canin Usa Inc","500 Fountain Lakes Blvd.","Suite 100","Saint Charles","MO","	63301","United States","N/A","N/A","Distribution of the product is direct to veterinarians nationwide.  There are reportedly no sales made to the wholesale or retail levels.","V-068-6","Class II","Royal Canin Veterinary Diet Canine Low Fat LF, Food for Dogs, packaged in 13.6-oz. cans, 24 cans per case, Manufactured by Masterfoods USA, Vernon, CA, Manufactured for Royal Canin USA Inc., Rolla, MO, Royal Canin Canada, Inc., Toronto, ON, Canada.","N/A","The products contain excess levels of Vitamin D3","02/02/2006","N/A","01/16/2008","","N/A"
"Veterinary","No","","34599","Terminated","Royal Canin Usa Inc","500 Fountain Lakes Blvd.","Suite 100","Saint Charles","MO","	63301","United States","N/A","N/A","Distribution of the product is direct to veterinarians nationwide.  There are reportedly no sales made to the wholesale or retail levels.","V-069-6","Class II","Royal Canin Veterinary Diet Canine Calorie Control CC In Gel, Food for Dogs, packaged in 12.7-oz. cans,  24 cans per case, Manufactured by Masterfoods USA, Vernon, CA, Manufactured for Royal Canin USA Inc., Rolla, MO, Royal Canin Canada, Inc., Toronto, ON, Canada.","5,238/24-can cases","The products contain excess levels of Vitamin D3","02/02/2006","N/A","01/16/2008","","N/A"
"Veterinary","No","","35210","Terminated","Merrick Pet Care Ltd","101 S.E. 11th St.","N/A","Amarillo","TX","	79101","United States","N/A","N/A","Product distributed throughout the US and to the following countries: Canada, Hong Kong, Singapore, Trinidad and Tabago and Russia.","V-078-6","Class II","Merrick Five Star ''WINGALING'' dog food in 13.2oz. metal cans; manufactured by Blue Sky Petfoods, Hereford, TX.","192,667 cans.","Pet food may contain metal tags.","04/18/2006","N/A","10/02/2007","","N/A"
"Veterinary","No","","35624","Terminated","Simmons Pet Food, Inc.","316 N Hico St","N/A","Siloam Springs","AR","	72761-2806","United States","N/A","N/A","Product distributed to distribution centers in AL, AR, IL, OK, TN, and TX.  No foreign distribution.","V-095-6","Class II","Fred''s Canine Cuisine Dog Food Prime Entree Cuts with Beef,  22 oz. can; Item #10016 (UPC #0845729100163); manufactured by Simmons Pet Food, Inc., Siloam Springs, AR.","5,940 cans.","Inner enamel can lining flaking off into petfood.","05/23/2006","N/A","09/10/2010","","N/A"
"Veterinary","No","","35624","Terminated","Simmons Pet Food, Inc.","316 N Hico St","N/A","Siloam Springs","AR","	72761-2806","United States","N/A","N/A","Product distributed to distribution centers in AL, AR, IL, OK, TN, and TX.  No foreign distribution.","V-096-6","Class II","Twin Pet Beef Flavor Dog Food,  22 oz. can; Item #24123 (UPC #071682241234); manufactured by Simmons Pet Food, Inc., Siloam Springs, AR.","8,400 cans.","Inner enamel can lining flaking off into petfood.","05/23/2006","N/A","09/10/2010","","N/A"
"Veterinary","No","","35624","Terminated","Simmons Pet Food, Inc.","316 N Hico St","N/A","Siloam Springs","AR","	72761-2806","United States","N/A","N/A","Product distributed to distribution centers in AL, AR, IL, OK, TN, and TX.  No foreign distribution.","V-097-6","Class II","Twin Pet with Beef - Liver Flavor Dog & Puppy Food,  22 oz. can; Item #24133 (UPC #071682241333); manufactured by Simmons Pet Food, Inc., Siloam Springs, AR.","2,688 cans.","Inner enamel can lining flaking off into petfood.","05/23/2006","N/A","09/10/2010","","N/A"
"Veterinary","No","","35624","Terminated","Simmons Pet Food, Inc.","316 N Hico St","N/A","Siloam Springs","AR","	72761-2806","United States","N/A","N/A","Product distributed to distribution centers in AL, AR, IL, OK, TN, and TX.  No foreign distribution.","V-098-6","Class II","Strongheart Beef Flavor Dog Food,  22 oz. can; Item #64123 (UPC #071682641232); manufactured by Simmons Pet Food, Inc., Siloam Springs, AR.","1,344 cans.","Inner enamel can lining flaking off into petfood.","05/23/2006","N/A","09/10/2010","","N/A"
"Veterinary","No","","37840","Terminated","Natural Balance Pet Food Inc.","12924 Pierce St","N/A","Pacoima","CA","	91331-2526","United States","N/A","N/A","Nationwide and Internationally: Canada, Hong Kong, Singapore, Japan, Korea","V-1124-2007","Class II","Dick Van Patten's Natural Balance Venison & Brown Rice Formula Dog Treats, 14 oz. bags","4,744 cases/12 bags per case","Product has been manufactured with rice protein concentrate contaminated with melamine.","04/13/2007","N/A","11/04/2011","","N/A"
"Veterinary","No","","37840","Terminated","Natural Balance Pet Food Inc.","12924 Pierce St","N/A","Pacoima","CA","	91331-2526","United States","N/A","N/A","Nationwide and Internationally: Canada, Hong Kong, Singapore, Japan, Korea","V-1125-2007","Class II","Dick Van Patten's Natural Balance Venison & Brown Rice Canned Dog Food, 13 oz can","48,628 cases/24 cans per case","Product has been manufactured with rice protein concentrate contaminated with melamine.","04/13/2007","N/A","11/04/2011","","N/A"
"Veterinary","No","","37840","Terminated","Natural Balance Pet Food Inc.","12924 Pierce St","N/A","Pacoima","CA","	91331-2526","United States","N/A","N/A","Nationwide and Internationally: Canada, Hong Kong, Singapore, Japan, Korea","V-1126-2007","Class II","Dick Van Patten's Natural Balance Ultra Premium Dog Food Chicken Formula Canned Dog Food, 13oz  ","77,799 cases/24 cans per case","Product has been manufactured with rice protein concentrate contaminated with melamine.","04/13/2007","N/A","11/04/2011","","N/A"
"Veterinary","No","","37840","Terminated","Natural Balance Pet Food Inc.","12924 Pierce St","N/A","Pacoima","CA","	91331-2526","United States","N/A","N/A","Nationwide and Internationally: Canada, Hong Kong, Singapore, Japan, Korea","V-1127-2007","Class II","Dick Van Patten's Natural Balance Ultra Premium Dog Food Beef Formula Canned Dog Food, 13oz  ","58,276 cases/24 cans per case","Product has been manufactured with rice protein concentrate contaminated with melamine.","04/13/2007","N/A","11/04/2011","","N/A"
"Veterinary","No","","37840","Terminated","Natural Balance Pet Food Inc.","12924 Pierce St","N/A","Pacoima","CA","	91331-2526","United States","N/A","N/A","Nationwide and Internationally: Canada, Hong Kong, Singapore, Japan, Korea","V-1128-2007","Class II","Dick Van Patten's Natural Balance Ultra Premium Dog Food Lamb Formula Canned Dog Food, 13oz  ","47,416 cases/24 cans per case","Product has been manufactured with rice protein concentrate contaminated with melamine.","04/13/2007","N/A","11/04/2011","","N/A"
"Veterinary","No","","51010","Terminated","Petsmart Inc","19601 N 27th Ave","Attn:  Intl Transportation Dept","Phoenix","AZ","	85027","United States","N/A","N/A","Retail establishments nationwide and in Canada.","V-163-2009","Class II","Grreat Choice Dog Biscuits, Small Assorted 32 oz., UPC 73725702900","264,441 units distributed for all products","The product was manufactured using peanut butter recalled by Peanut Corporation of America because it has the potential to be contaminated with Salmonella.","01/20/2009","N/A","11/16/2011","","N/A"
"Veterinary","No","","51010","Terminated","Petsmart Inc","19601 N 27th Ave","Attn:  Intl Transportation Dept","Phoenix","AZ","	85027","United States","N/A","N/A","Retail establishments nationwide and in Canada.","V-164-2009","Class II","Grreat Choice Dog Biscuits, Small/Medium Assorted 4 lb., SKU 1411289, UPC 73725700601","264,441 units distributed for all products","The product was manufactured using peanut butter recalled by Peanut Corporation of America because it has the potential to be contaminated with Salmonella.","01/20/2009","N/A","11/16/2011","","N/A"
"Veterinary","No","","51010","Terminated","Petsmart Inc","19601 N 27th Ave","Attn:  Intl Transportation Dept","Phoenix","AZ","	85027","United States","N/A","N/A","Retail establishments nationwide and in Canada.","V-165-2009","Class II","Grreat Choice Dog Biscuits, Small/Medium Assorted 8 lb., SKU 1411288, UPC 73725700605","264,441 units distributed for all products","The product was manufactured using peanut butter recalled by Peanut Corporation of America because it has the potential to be contaminated with Salmonella.","01/20/2009","N/A","11/16/2011","","N/A"
"Veterinary","No","","51010","Terminated","Petsmart Inc","19601 N 27th Ave","Attn:  Intl Transportation Dept","Phoenix","AZ","	85027","United States","N/A","N/A","Retail establishments nationwide and in Canada.","V-166-2009","Class II","Grreat Choice Dog Biscuits, Small/Medium Assorted 10 lb., SKU 5102523, UPC 73725702755","264,441 units distributed for all products","The product was manufactured using peanut butter recalled by Peanut Corporation of America because it has the potential to be contaminated with Salmonella.","01/20/2009","N/A","11/16/2011","","N/A"
"Veterinary","No","","51010","Terminated","Petsmart Inc","19601 N 27th Ave","Attn:  Intl Transportation Dept","Phoenix","AZ","	85027","United States","N/A","N/A","Retail establishments nationwide and in Canada.","V-167-2009","Class II","Grreat Choice Dog Biscuits, Large Assorted 8 lb.,  SKU 1411399, UPC 73725700638","264,441 units distributed for all products","The product was manufactured using peanut butter recalled by Peanut Corporation of America because it has the potential to be contaminated with Salmonella.","01/20/2009","N/A","11/16/2011","","N/A"
"Veterinary","No","","51010","Terminated","Petsmart Inc","19601 N 27th Ave","Attn:  Intl Transportation Dept","Phoenix","AZ","	85027","United States","N/A","N/A","Retail establishments nationwide and in Canada.","V-168-2009","Class II","Grreat Choice Dog Biscuits, Extra Large Assorted 8 lb.,  SKU 1411988, UPC 73725700779","264,441 units distributed for all products","The product was manufactured using peanut butter recalled by Peanut Corporation of America because it has the potential to be contaminated with Salmonella.","01/20/2009","N/A","11/16/2011","","N/A"
"Veterinary","No","","51010","Terminated","Petsmart Inc","19601 N 27th Ave","Attn:  Intl Transportation Dept","Phoenix","AZ","	85027","United States","N/A","N/A","Retail establishments nationwide and in Canada.","V-169-2009","Class II","Grreat Choice Dog Biscuits, Peanut Butter 4 lb., SKU 1411986, UPC 73725700766","264,441 units distributed for all products","The product was manufactured using peanut butter recalled by Peanut Corporation of America because it has the potential to be contaminated with Salmonella.","01/20/2009","N/A","11/16/2011","","N/A"
"Veterinary","No","","51025","Terminated","Carolina Prime Pet","131 Regal St","N/A","Murphy","NC","	28906-2602","United States","N/A","N/A","AZ, FL, GA, IL, NV, NC, OH","V-172-2009","Class II","Peanut butter filled 6 inch beef shank bones sold under the Carolina Prime Pet brand name and Salix Healthy-Hide brand name.  The product is packaged in clar plastic bags with a cardboard label.  The catalog item number for the Carolina Prime brand is 42007, UPC 6372554200; and for Healthy Hide brand is 33479, UPC 09109333479.  The Carolina Prime product is labeled in part, ""***CAROLINA PRIME Peanut Butter STUFFED Natural Smoked Bone 6"" Meaty BEEF SHANK ***"".  the Healthy-Hide product is labeled in part,""*** PEANUT BUTTER FILLED Salix Healthy-Hide REAL BONE DOG TREATS * Peanut Butter Filled BEEF SHANK BONE ** SALIX LLC Deerfield Beach FL ***"".","N/A","The product was manufactured using peanut butter recalled by Peanut Corporation of America because it has the potential to be contaminated with Salmonella.","01/26/2009","N/A","12/11/2013","","N/A"
"Veterinary","No","","51192","Terminated","Supervalu, Inc.","11840 Valley View Rd","N/A","Eden Prairie","MN","	55344-3643","United States","N/A","N/A","Nationwide","V-190-2009","Class II","Happy Tails MULTI-FLAVOR DOG BISCUITS labeled in part ***For Small and Medium Dogs***Bacon Beef Chicken Vegetable Peanut Butter***.  NET WT 64 OZ (4 LBS), UPC#: 41163-42403; NET WT 26 OZ (1 LB 10 OZ) UPC #41163-42406.","N/A","The product was manufactured using peanut butter recalled by Peanut Corporation of America because it has the potential to be contaminated with Salmonella.","01/23/2009","N/A","05/31/2012","","N/A"
"Veterinary","No","","51192","Terminated","Supervalu, Inc.","11840 Valley View Rd","N/A","Eden Prairie","MN","	55344-3643","United States","N/A","N/A","Nationwide","V-191-2009","Class II","Shoppers Valu Multi-Flavored Dog Biscuits, 4-lb UPC#: 41130-30507.","N/A","The product was manufactured using peanut butter recalled by Peanut Corporation of America because it has the potential to be contaminated with Salmonella.","01/23/2009","N/A","05/31/2012","","N/A"
"Veterinary","No","","51337","Terminated","Alaska Wild Berry Products Inc","5225 Juneau St","N/A","Anchorage","AK","	99518-1483","United States","N/A","N/A","Product was distributed to 4 Alaska Wild Berry Product Inc. retail stores located in Alaska (2 stores in Anchorage, 1 store in Homer and 1 store in Wasilla) and 1 internet sale in Grand Marias, MN.","V-181-2009","Class II","Carrot Cake Dog Treats are sold under 3 different labels.  (1) Three large dog cookie treats in the shape of bones packaged in a blue, silver and clear cellophane bag that reads ""Filled With Fun - Carrot Cake Alaska Canine Cookies, Inc. A Division of Alaska Wild Berry Products, Inc. 5225 Juneau Street Anchorage, AK 99518 UPC 6 37231 00221 5"".  (2) Forty five medium sized dog cookie treats in the shape of bones Net Wt 15 oz (425 grams) packaged in a white, maroon, teal, and brown colored paper bag that reads ""ALASKA CANINE COOKIES Husk E. Dog ALASKAN ""WOOF"" PACK Alaska Canine Cookies, Inc. A Division of Alaska Wild Berry Products, Inc. 5225 Juneau Street Anchorage, AK 99518 ALASKA CANINE COOKIES TM, INC. P.O. Box 771574 Eagle River, Alaska 99577 UPC 6 37231 00221 5"".  (3) Twelve medium sized dog cookie treats in the shape of bones Net Wt. 5 oz (140 grams) packed in a clear, maroon, teal, and brown colored cellophane bag that reads ""YOU LUCKY DOG ALASKA CANINE COOKIES INC POLAR POOCH POUCH ALASKA CANINE COOKIES TM, INC. P.O. Box  771574 Eagle River, Alaska 99577 UPC 6 37231 00203 1"".","182 pieces","The product was manufactured using peanut products recalled by Peanut Corporation of America because it has the potential to be contaminated with Salmonella.","03/03/2009","N/A","05/22/2009","","N/A"
"Veterinary","No","","51337","Terminated","Alaska Wild Berry Products Inc","5225 Juneau St","N/A","Anchorage","AK","	99518-1483","United States","N/A","N/A","Product was distributed to 4 Alaska Wild Berry Product Inc. retail stores located in Alaska (2 stores in Anchorage, 1 store in Homer and 1 store in Wasilla) and 1 internet sale in Grand Marias, MN.","V-182-2009","Class II","Power dog treats are sold under 2 different labels.  (1) Three large dog cookie treats in the shape of bones packaged in a red, silver and clear cellophane bag that reads ""Filled With Fun-Power Bone Alaska Canine Cookies, Inc. A Division of Alaska Wild Berry Products, Inc. 5225 Juneau Street Anchorage, AK 99518 UPC 6 37231 00220 8"".  (2) Forty five medium sized dog cookie treats in the shape of bones Net Wt 15 oz (425 grams) packaged in a white, maroon, teal, and brown colored paper bag that reads ""ALASKA CANINE COOKIES Husk E. Dog ALASKAN ""WOOF"" PACK ALASKA CANINE COOKIES INC. 907 E. Dowling Rd., #10 Anchorage, Alaska 99518 ALASKA CANINE COOKIES TM, INC. P.O. Box 771574 Eagle River, Alaska 99577 UPC 6 37231 00200 0"".","98 pieces","The product was manufactured using peanut products recalled by Peanut Corporation of America because it has the potential to be contaminated with Salmonella.","03/03/2009","N/A","05/22/2009","","N/A"
"Veterinary","No","","51337","Terminated","Alaska Wild Berry Products Inc","5225 Juneau St","N/A","Anchorage","AK","	99518-1483","United States","N/A","N/A","Product was distributed to 4 Alaska Wild Berry Product Inc. retail stores located in Alaska (2 stores in Anchorage, 1 store in Homer and 1 store in Wasilla) and 1 internet sale in Grand Marias, MN.","V-183-2009","Class II","Peanut Butter dog treats are sold under 2 different labels.  (1) Three large dog cookie treats in the shape of bones packaged in a gold and clear cellophane bag that reads ""Filled With Fun - Peanut Butter Alaska Canine Cookies, Inc. A Division of Alaska Wild Berry Products, Inc. 5225 Juneau Street Anchorage, AK 99518 UPC 6 37231 00210 9"".  (2) Forty five medium sized dog cookie treats in the shape of bones Net Wt 15 oz (425 grams) packaged in a white, maroon, teal, and brown colored paper bag that reads ""ALASKA CANINE COOKIES Husk E. Dog ALASKAN ""WOOF"" PACK ALASKA CANINE COOKIES INC. 907 E. Dowling Rd., #10 Anchorage, Alaska 99518 ALASKA CANINE COOKIES TM, INC. P.O. Box 771574 Eagle River, Alaska 99577 UPC 6 37231 00200 0"".","156 pieces","The product was manufactured using peanut products recalled by Peanut Corporation of America because it has the potential to be contaminated with Salmonella.","03/03/2009","N/A","05/22/2009","","N/A"
"Veterinary","No","","51381","Terminated","American Nutrition Incorporated","2813 Wall Avenue","N/A","Ogden","UT","	84401-3529","United States","N/A","N/A","AZ, CA, CO, CT, FL, GA, IA, ID, IL, KS, ME, MO, MT, NM, NV, OH, OR, PA, TN, TX, UT, WA. No military or government distribution. Foreign distribution to Canada.","V-139-2009","Class II","American Nutrition Vita Bone Flavors Large Dog Treats, 48 oz box, UPC 012623 734804, American Nutrition, Inc., Ogden, UT.","12529 cases","Dog treats were made from peanut product being recalled by PCA because of possible Salmonella contamination.","02/10/2009","N/A","04/06/2012","","N/A"
"Veterinary","No","","51381","Terminated","American Nutrition Incorporated","2813 Wall Avenue","N/A","Ogden","UT","	84401-3529","United States","N/A","N/A","AZ, CA, CO, CT, FL, GA, IA, ID, IL, KS, ME, MO, MT, NM, NV, OH, OR, PA, TN, TX, UT, WA. No military or government distribution. Foreign distribution to Canada.","V-140-2009","Class II","American Nutrition Vita Bone Flavors Medium Dog Treats, 24 oz box, UPC 012623 732411, American Nutrition, Inc., Ogden, UT.","17472 cases","Dog treats were made from peanut product being recalled by PCA because of possible Salmonella contamination.","02/10/2009","N/A","04/06/2012","","N/A"
"Veterinary","No","","51381","Terminated","American Nutrition Incorporated","2813 Wall Avenue","N/A","Ogden","UT","	84401-3529","United States","N/A","N/A","AZ, CA, CO, CT, FL, GA, IA, ID, IL, KS, ME, MO, MT, NM, NV, OH, OR, PA, TN, TX, UT, WA. No military or government distribution. Foreign distribution to Canada.","V-141-2009","Class II","American Nutrition Vita Bone Flavors Small Dog Treats, 24 oz box, UPC 012623 732404, American Nutrition, Inc., Ogden, UT.","19032 cases","Dog treats were made from peanut product being recalled by PCA because of possible Salmonella contamination.","02/10/2009","N/A","04/06/2012","","N/A"
"Veterinary","No","","51381","Terminated","American Nutrition Incorporated","2813 Wall Avenue","N/A","Ogden","UT","	84401-3529","United States","N/A","N/A","AZ, CA, CO, CT, FL, GA, IA, ID, IL, KS, ME, MO, MT, NM, NV, OH, OR, PA, TN, TX, UT, WA. No military or government distribution. Foreign distribution to Canada.","V-143-2009","Class II","Farm Style Small Assorted Dog Biscuits, 5 lb plastic bag, UPC 078601 902054, American Nutrition, Inc., Ogden, UT.","2008 cases","Dog treats were made from peanut product being recalled by PCA because of possible Salmonella contamination.","02/10/2009","N/A","04/06/2012","","N/A"
"Veterinary","No","","51381","Terminated","American Nutrition Incorporated","2813 Wall Avenue","N/A","Ogden","UT","	84401-3529","United States","N/A","N/A","AZ, CA, CO, CT, FL, GA, IA, ID, IL, KS, ME, MO, MT, NM, NV, OH, OR, PA, TN, TX, UT, WA. No military or government distribution. Foreign distribution to Canada.","V-144-2009","Class II","Hill Country Fare Small 5 Flavor Dog Biscuits, 4 lb plastic bag, UPC 041220 520800.","16896 cases","Dog treats were made from peanut product being recalled by PCA because of possible Salmonella contamination.","02/10/2009","N/A","04/06/2012","","N/A"
"Veterinary","No","","51381","Terminated","American Nutrition Incorporated","2813 Wall Avenue","N/A","Ogden","UT","	84401-3529","United States","N/A","N/A","AZ, CA, CO, CT, FL, GA, IA, ID, IL, KS, ME, MO, MT, NM, NV, OH, OR, PA, TN, TX, UT, WA. No military or government distribution. Foreign distribution to Canada.","V-145-2009","Class II","Hill Country Fare Small Peanut Butter Dog Biscuits, 4 lb plastic bag, UPC 041220 175383.","4096 cases","Dog treats were made from peanut product being recalled by PCA because of possible Salmonella contamination.","02/10/2009","N/A","04/06/2012","","N/A"
"Veterinary","No","","51381","Terminated","American Nutrition Incorporated","2813 Wall Avenue","N/A","Ogden","UT","	84401-3529","United States","N/A","N/A","AZ, CA, CO, CT, FL, GA, IA, ID, IL, KS, ME, MO, MT, NM, NV, OH, OR, PA, TN, TX, UT, WA. No military or government distribution. Foreign distribution to Canada.","V-146-2009","Class II","Integrity Small Assorted Dog Biscuits, 4 lb plastic bag, UPC 064237 146398.","288 cases","Dog treats were made from peanut product being recalled by PCA because of possible Salmonella contamination.","02/10/2009","N/A","04/06/2012","","N/A"
"Veterinary","No","","51381","Terminated","American Nutrition Incorporated","2813 Wall Avenue","N/A","Ogden","UT","	84401-3529","United States","N/A","N/A","AZ, CA, CO, CT, FL, GA, IA, ID, IL, KS, ME, MO, MT, NM, NV, OH, OR, PA, TN, TX, UT, WA. No military or government distribution. Foreign distribution to Canada.","V-147-2009","Class II","Northwest Royal Small Dog Biscuits Assorted Flavors, 5 lb plastic bag, UPC 071357 003372.","7392 cases","Dog treats were made from peanut product being recalled by PCA because of possible Salmonella contamination.","02/10/2009","N/A","04/06/2012","","N/A"
"Veterinary","No","","51381","Terminated","American Nutrition Incorporated","2813 Wall Avenue","N/A","Ogden","UT","	84401-3529","United States","N/A","N/A","AZ, CA, CO, CT, FL, GA, IA, ID, IL, KS, ME, MO, MT, NM, NV, OH, OR, PA, TN, TX, UT, WA. No military or government distribution. Foreign distribution to Canada.","V-148-2009","Class II","Mill Creek Premium Large Assorted Dog Biscuits, 20 lb box, UPC 078601 951069.","1188 cases","Dog treats were made from peanut product being recalled by PCA because of possible Salmonella contamination.","02/10/2009","N/A","04/06/2012","","N/A"
"Veterinary","No","","51381","Terminated","American Nutrition Incorporated","2813 Wall Avenue","N/A","Ogden","UT","	84401-3529","United States","N/A","N/A","AZ, CA, CO, CT, FL, GA, IA, ID, IL, KS, ME, MO, MT, NM, NV, OH, OR, PA, TN, TX, UT, WA. No military or government distribution. Foreign distribution to Canada.","V-149-2009","Class II","Mill Creek Premium Small Assorted Dog Biscuits, 20 lb box, UPC 078601 951052.","1242 cases","Dog treats were made from peanut product being recalled by PCA because of possible Salmonella contamination.","02/10/2009","N/A","04/06/2012","","N/A"
"Veterinary","No","","51381","Terminated","American Nutrition Incorporated","2813 Wall Avenue","N/A","Ogden","UT","	84401-3529","United States","N/A","N/A","AZ, CA, CO, CT, FL, GA, IA, ID, IL, KS, ME, MO, MT, NM, NV, OH, OR, PA, TN, TX, UT, WA. No military or government distribution. Foreign distribution to Canada.","V-150-2009","Class II","Premium Smarty Dog Biscuits Assorted Flavors Small, 4 lb plastic bag, UPC 041512 046094.","2460 cases","Dog treats were made from peanut product being recalled by PCA because of possible Salmonella contamination.","02/10/2009","N/A","04/06/2012","","N/A"
"Veterinary","No","","51381","Terminated","American Nutrition Incorporated","2813 Wall Avenue","N/A","Ogden","UT","	84401-3529","United States","N/A","N/A","AZ, CA, CO, CT, FL, GA, IA, ID, IL, KS, ME, MO, MT, NM, NV, OH, OR, PA, TN, TX, UT, WA. No military or government distribution. Foreign distribution to Canada.","V-151-2009","Class II","Springfield Prize Multi-Flavor Dog Biscuits, 26 oz box, UPC 041380 141693.","2748 cases","Dog treats were made from peanut product being recalled by PCA because of possible Salmonella contamination.","02/10/2009","N/A","04/06/2012","","N/A"
"Veterinary","No","","51381","Terminated","American Nutrition Incorporated","2813 Wall Avenue","N/A","Ogden","UT","	84401-3529","United States","N/A","N/A","AZ, CA, CO, CT, FL, GA, IA, ID, IL, KS, ME, MO, MT, NM, NV, OH, OR, PA, TN, TX, UT, WA. No military or government distribution. Foreign distribution to Canada.","V-152-2009","Class II","Springfield Prize Multi-Flavor Dog Biscuits, 4 lb plastic bag, UPC 041380 139652.","2748 cases","Dog treats were made from peanut product being recalled by PCA because of possible Salmonella contamination.","02/10/2009","N/A","04/06/2012","","N/A"
"Veterinary","No","","51381","Terminated","American Nutrition Incorporated","2813 Wall Avenue","N/A","Ogden","UT","	84401-3529","United States","N/A","N/A","AZ, CA, CO, CT, FL, GA, IA, ID, IL, KS, ME, MO, MT, NM, NV, OH, OR, PA, TN, TX, UT, WA. No military or government distribution. Foreign distribution to Canada.","V-157-2009","Class II","Small Assorted Dog Biscuits-Bulk, 25 lb box.","Quantity not listed","Dog treats were made from peanut product being recalled by PCA because of possible Salmonella contamination.","02/10/2009","N/A","04/06/2012","","N/A"
"Veterinary","No","","51381","Terminated","American Nutrition Incorporated","2813 Wall Avenue","N/A","Ogden","UT","	84401-3529","United States","N/A","N/A","AZ, CA, CO, CT, FL, GA, IA, ID, IL, KS, ME, MO, MT, NM, NV, OH, OR, PA, TN, TX, UT, WA. No military or government distribution. Foreign distribution to Canada.","V-158-2009","Class II","Western Family (Canada only) Small Dog Biscuits 4 Assorted Flavors, 2 kg plastic bag, UPC 062639 295851.","872 cases ( 5232 / 2 kg bags)","Dog treats were made from peanut product being recalled by PCA because of possible Salmonella contamination.","02/10/2009","N/A","04/06/2012","","N/A"
"Veterinary","No","","51500","Terminated","American Health Kennels Inc","4351 Ne 11th Ave","N/A","Pompano Beach","FL","	33064-5951","United States","N/A","N/A","Distributed throughout the united states and to Canada.","V-162-2009","Class II","Bark Bars in a variety of sizes and flavors as listed below.    Creamy Peanut Butter UPC 725999522004;   PB & Carob Chips UPC 725999523001;   Lucious Carob UPC 725999521007;   4pack Cookiebar Assortment UPC 725999538005;    Peanut Butter Crunch:   12 oz UPC 725999001103;   16 oz UPC 725999161104;     Bark Bars Peanut Butter:    1.5oz Jumbo UPC 725999000168;   2.25 Pillow Pack UPC 725999333105;   2.5lb canister UPC 725999005064;   5 lb bulk UPC 725999001257;   6 oz Smiles UPC 725999530009;     Giggles UPC 725999530009;   Christmas Stocking 6 oz UPC 725999000175;   Christmas Card Mailer UPC 725999513003;   Birthday Mailer UPC 725999528006;   ""With Love"" Hearts UPC 725999512944;   Holiday Smiles UPC 725999222300;   100 Calorie 2 oz Pillow Pack UPC 725999539101;   100 Calorie 14 oz dispenser UPC 725999539200;   Gravity Trial 2 oz UPC 725999400166;   Bark Bars Minis UPC 72599953300;    Bark Bars Animal Snackers   3 oz UPC 725999512098;   12 oz UPC 725999512098;     Bark Bars Milk & Cookies UPC 725999333808;    Dog Ate My Homework  Jumbo UPC 725999531006;   2 oz Pillow Pack UPC 725999535004;     Bark Bars Naughty or Nice UPC 725999530092;     Bark Bars Carob & Peanut Butter:  2.5lb canister UPC 725999005071;   2.25oz Pillow Pack UPC 725999333402;   5 lb bulk UPC 725999003251;    Bark Bars Brownie Delight   12 oz UPC 725999003107;   5 lb bulk UPC 725999003251;    Products have best by dates of 3/2008 through 8/2009 and 10/2009 through 12/2009.      ","unknown","The products were manufactured using peanut butter recalled by Peanut Corporation of America because it has the potential to be contaminated with Salmonella.","02/13/2009","N/A","01/06/2012","","N/A"
"Veterinary","No","","51783","Terminated","R & R Distributors","2727 Clydo Rd","Bay 7, 8, & 9","Jacksonville","FL","	32207","United States","N/A","N/A","Products were distributed nationwide to a limited number of retail stores, individuals, and online through Amazon.com.","V-185-2009","Class II","Dog Treats: Bark Bars is a Registered Trademark of  American Health Kennels, Inc. Pompano Beach, FL 33064 954-781-0730.     Bark Bars Peanut Butter Crunch, 12 oz box UPC 725999001103.  Bark Bars Brownie Delight, 12 oz box UPC 725999003107.  Bark Bars Peanut Butter 2.5 lb Plastic Container UPC 725999005064.  Bark Bars Peanut Butter Bars Jumbo 20 Ct Tray UPC 725999000168.  Bark Bars Carbo & Peanut Butter 2.5 lb Plastic Container UPC 725999005071.  Bark Bars Milk & Cookies 4 oz carton UPC 725999333808.  Bark Bars Animal Snackers 3.5 oz box 725999512098.  Bark Bars Peanut Butter 6 oz Smiles UPC 725999530009.  Bark Bars Assortment 100 Count Peanut Butter/Carbo UPC 72599952590.      ","unknown","Bark Bars products distributed by R&R Distributors, Jacksonville, FL is being recalled because it has the potential to be contaminated with Salmonella.  The products were manufactured using peanut butter recalled by Peanut Corporation of America because it has the potential to be contaminated with Salmonella.","02/27/2009","N/A","05/24/2011","","N/A"
"Veterinary","No","","51337","Terminated","Alaska Wild Berry Products Inc","5225 Juneau St","N/A","Anchorage","AK","	99518-1483","United States","N/A","N/A","Product was distributed to 4 Alaska Wild Berry Product Inc. retail stores located in Alaska (2 stores in Anchorage, 1 store in Homer and 1 store in Wasilla) and 1 internet sale in Grand Marias, MN.","V-184-2009","Class II","White Carob Coated Peanut Butter Lollipup dog treats are packed in a clear plastic bag that reads ""ALASKA CANINE COOKIES TM MADE IN ALASKA Husk  E. Dog  Net wt. 1 ounce ALASKA CANINE COOKIES, INC 907 East Dowling Road Suite #10 Anchorage, AK 99518 UPC 6 37231 00202 6"".","602 pieces","The product was manufactured using peanut butter recalled by Peanut Corporation of America because it has the potential to be contaminated with Salmonella.","03/03/2009","N/A","05/22/2009","","N/A"
"Veterinary","No","","53786","Terminated","TEVA Animal Health Inc","3915 S 48th St Terr","N/A","Saint Joseph","MO","	64503","United States","N/A","N/A","Product was distributed to direct accounts nationwide and to the following foreign countries:  Israel, Hong Kong, Canada, Taiwan, and China.","V-085-2010","Class II","Double Strength D-Worm 120 (pyrantel pamoate) Dog Dewormer, Liquid for Puppies & Dogs, containing 4.54 mg of pyrantel base as pyrantel pamoate per mL, packaged in 60-ml bottles, OTC, ANDA #200-248, Manufactured for Farnam Pet Products, Phoenix, AZ.","122,265/2-fl.-oz. btls","The products were not manufactured in conformance with GMP's","09/04/2009","N/A","08/18/2011","","N/A"
"Veterinary","No","","53786","Terminated","TEVA Animal Health Inc","3915 S 48th St Terr","N/A","Saint Joseph","MO","	64503","United States","N/A","N/A","Product was distributed to direct accounts nationwide and to the following foreign countries:  Israel, Hong Kong, Canada, Taiwan, and China.","V-088-2010","Class II","D-Worm 60 (pyrantel pamoate) Dog Dewormer Liquid for Puppies & Dogs, containing 2.27 mg of pyrantel base as pyrantel pamoate per ml, packaged in 60-ml bottles, OTC, ANDA #200-248, Manufactured for Farnam Pet Products, Phoenix, AZ.","121,888/60-ml. btls","The products were not manufactured in conformance with GMP's","09/04/2009","N/A","08/18/2011","","N/A"
"Veterinary","No","","53786","Terminated","TEVA Animal Health Inc","3915 S 48th St Terr","N/A","Saint Joseph","MO","	64503","United States","N/A","N/A","Product was distributed to direct accounts nationwide and to the following foreign countries:  Israel, Hong Kong, Canada, Taiwan, and China.","V-094-2010","Class II","DVM Malaseb Shampoo, Medicated Shampoo Formulation for Dogs, Cats and Horses,  containing miconazole nitrate 2% and chlorhexidine gluconate 2%, packaged in 1-gal. bottles, RX, labeled as Teva Animal Health, Inc., St. Joseph, MO.; 8- and 12-fl. oz. bottles, OTC, labeled as IVX Animal Health, St. Joseph, MO.","559,761 btls","The products were not manufactured in conformance with GMP's","09/04/2009","N/A","08/18/2011","","N/A"
"Veterinary","No","","53786","Terminated","TEVA Animal Health Inc","3915 S 48th St Terr","N/A","Saint Joseph","MO","	64503","United States","N/A","N/A","Product was distributed to direct accounts nationwide and to the following foreign countries:  Israel, Hong Kong, Canada, Taiwan, and China.","V-111-2010","Class II","DVM OtiRinse Ear Cleansing/Drying Solution, Antiseptic Ear Solution for Dogs and Cats, packaged in 8-fl oz btls, OTC.  Distributed by Teva Animal Health, Inc., St. Joseph, MO.","186,551/8-fl oz btls","The products were not manufactured in conformance with GMP's","09/04/2009","N/A","08/18/2011","","N/A"
"Veterinary","No","","53786","Terminated","TEVA Animal Health Inc","3915 S 48th St Terr","N/A","Saint Joseph","MO","	64503","United States","N/A","N/A","Product was distributed to direct accounts nationwide and to the following foreign countries:  Israel, Hong Kong, Canada, Taiwan, and China.","V-166-2010","Class II","DVM Malaseb Pledgets, Medicated Pads for Dogs, Cats and Horses, each pledget applicator  (2.25 in. diameter 70% rayon, 30% polyester) contains approximately 17.4 mg Miconazole (equivalent to 20 mg Miconazole Nitrate) and 20 mg Chlorhexidine Gluconate, 60 pledgets per container.  Distributed by Teva Animal Health, Inc., St. Joseph, MO.","166,737/60-ct. containers","The products were not manufactured in conformance with GMP's","09/04/2009","N/A","08/18/2011","","N/A"
"Veterinary","No","","53786","Terminated","TEVA Animal Health Inc","3915 S 48th St Terr","N/A","Saint Joseph","MO","	64503","United States","N/A","N/A","Product was distributed to direct accounts nationwide and to the following foreign countries:  Israel, Hong Kong, Canada, Taiwan, and China.","V-167-2010","Class II","IVX Malaseb Towelettes, Medicated Pads for Dogs, Cats and Horses, each individually wrapped towelette applicator (6 inches x 6 inches, 60% polypropylene, 40% cellulose fibers) contains approximately 63 mg of miconazole (equivalent to 72 mg miconazole nitrate), 72 mg of chlorhexidine gluconate, packaged in 12- and 60-ct shelf packs, RX.  Distributed by IVX Animal Health, Inc., St. Joseph, MO.","13,015/60-ct. shelf packs and 161,047/12-ct. shelf packs","The products were not manufactured in conformance with GMP's","09/04/2009","N/A","08/18/2011","","N/A"
"Veterinary","No","","58151","Terminated","MAI / Genesis","605 Project Dr","N/A","Elmwood","WI","	54740-8716","United States","N/A","N/A","AL, AZ, AR, CA, CO, CT, FL, GA, ID, KS, LA, MA, MI, MN, MS, MO, MT, NE, NH, NY, NC, ND, OH, OK, PA, SC, SD, TX, UT, WI.    TAIWAN, AUSTRALIA, UNITED KINGDOM, COSTA RICA","V-124-2011","Class II","1) Creative Pet Products, Horse Aid, First Aid Kit for Horses,10140  2) Creative Pet Products, Sporting Doc, First Aid Kit For Dogs, Premium Kit, 10145.   3) Creative Pet Products, Sporting Dog II, First Aid Kit for Dogs, Portable Field Kit, 10148.   4) K9 First Aid Kit, Police & Military, 10151.","6631 kits","MAI/Genesis is voluntary recalling kits which  contain a sterile lubricant jelly pack and/or alcohol prep pad manufactured by TRIAD Group in Hartland, Wisconsin. The TRIAD Group has issued a recall of these items due to concerns about potential contamination with Bacillus cereus and concerns due to the validation of the gamma radiation sterilization cycle. This recall impact the kits produced by","03/09/2011","N/A","04/19/2012","","N/A"





