Product Type,Recently Updated Record,Last Modified Date,Event ID,Status,Recalling Firm,Address1,Address2,City,State/Province,Postal Code,Country,Voluntary/Mandated,Initial Firm Notification of Consignee or Public,Distribution Pattern,Recall Number,Classification,Product Description,Product Quantity,Reason for Recall,Recall Initiation Date,Center Classification Date,Termination Date,Report Date,Code Info
Veterinary,No,11/05/2021,88842,Terminated,"Tuffy's Pet Foods, Inc.",145 1st Ave N,N/A,Perham,MN,	56573-1299,United States,Voluntary: Firm initiated,"Two or more of the following: Email, Fax, Letter, Press Release, Telephone, Visit","AZ, CA, CO, FL, MI, MN, NM, NY, PA, SC, TN, WI",V-0004-2022,Class II,"Nutri Source Pure Vita limited Ingredient Salmon Entree.  Single Source Animal Protein.   Grain Free Pate-Style Dog Food.  Net Wt. 12.5 oz. (354g)  Refrigerate After Opening.  UPC 0 73893-96202 1.  Manufactured for Tuffy's Pet Foods Inc. A KLN Family Brands Company P.O. Box 190, Perham, MN  56573","5,394",Dog food may contain elevated levels of Vitamin D.,10/08/2021,11/05/2021,02/03/2022,10/20/2021,"Best By 29 JUN 2023, Lot 0629101 N1 and  Best By  01 SEP 2023, Lot 0901101 N1"
Veterinary,No,,95340,Terminated,Lystn LLC,356 Maidencreek Rd,N/A,Fleetwood,PA,	19522-8628,United States,Voluntary: Firm initiated,Press Release,Distributed nationwide.,V-0020-2025,Class II,Answers Pet Food Raw Beef Straight Formula  Net Wt. 4 lb (64 oz) (1.8 kg) UPC:856554002102. Packaged in 4-pound (half gallon) cartons. Frozen product. 10 cartons per case.,"73 Cases (2,920 lbs.)",Potential Listeria monocytogenes contamination,09/22/2024,10/21/2024,02/06/2025,10/30/2024,"BUBD: JAN 31, 2026"
Veterinary,No,01/15/2026,98224,Ongoing,GOLD STAR DISTRIBUTION INC,1000 Humboldt Ave N,N/A,Minneapolis,MN,	55411-3964,United States,Voluntary: Firm initiated,Press Release,"IN, MN, ND",V-0029-2026,Class II,"Pet food and treats purchased from this distributor August 1 thru November 24, 2025.",unknown,Potential exposure of rodents and rodent activity in the distribution center.,12/26/2025,01/14/2026,N/A,01/14/2026,All pet food and treats purchased from this firm between 8/1/2025 and 11/24/2025.
Veterinary,No,10/05/2019,82018,Terminated,Hill's Pet Nutrition Inc,320 Ne Crane St,N/A,Topeka,KS,	66603-3613,United States,Voluntary: Firm initiated,Telephone,"Nationwide through retail pet food stores. Product was also distributed internationality to Antilles, Australia, Bahamas, Belgium, Bermuda, Bulgaria, Canada, Cayman Islands, Chile, Colombia, Costa Rica, Croatia, Curacao, Cyprus, Denmark, Dominican Republic, El Salvador, Estonia, Finland, France, Germany, Greece, Guatemala, Honduras, Hong Kong, Hungary, India, Indonesia, Ireland, Israel, Italy, Japan, Korea, Latvia, Lithuania, Luxembourg, Malaysia, Malta, Mexico, Netherlands, New Zealand, Norway, Panama, Paraguay, Peru, Philippines, Poland, Portugal, Puerto Rico, Romania, Russian Federation, Singapore, South Africa, Spain, St. George, St. Kitts, Sweden, Switzerland, Taiwan, Thailand, United Kingdom, Austria, Iceland,  Serbia and the United Arab Emirates.",V-0036-2020,Class II,"Hill's Science Diet, Chicken & Barley Entr¿e, Adult 1 - 6, 7037, Net Wt. 13 oz (370 g), Manufactured by: Hill's Pet Nutrition, packaged in cans, 12 cans per tray",N/A,Product may contain elevated levels of vitamin D,01/30/2019,10/05/2019,12/21/2021,07/24/2019,"092020T22, 102020T13, 102020T14, 112020T23, 112020T24"
Veterinary,No,10/05/2019,82018,Terminated,Hill's Pet Nutrition Inc,320 Ne Crane St,N/A,Topeka,KS,	66603-3613,United States,Voluntary: Firm initiated,Telephone,"Nationwide through retail pet food stores. Product was also distributed internationality to Antilles, Australia, Bahamas, Belgium, Bermuda, Bulgaria, Canada, Cayman Islands, Chile, Colombia, Costa Rica, Croatia, Curacao, Cyprus, Denmark, Dominican Republic, El Salvador, Estonia, Finland, France, Germany, Greece, Guatemala, Honduras, Hong Kong, Hungary, India, Indonesia, Ireland, Israel, Italy, Japan, Korea, Latvia, Lithuania, Luxembourg, Malaysia, Malta, Mexico, Netherlands, New Zealand, Norway, Panama, Paraguay, Peru, Philippines, Poland, Portugal, Puerto Rico, Romania, Russian Federation, Singapore, South Africa, Spain, St. George, St. Kitts, Sweden, Switzerland, Taiwan, Thailand, United Kingdom, Austria, Iceland,  Serbia and the United Arab Emirates.",V-0037-2020,Class II,"Hill's Prescription Diet, Kidney Care, k/d, with Lamb, 2697, Net Wt. 13 oz (370 g), Manufactured by: Hill's Pet Nutrition, packaged in cans, 12 cans per tray",N/A,Product may contain elevated levels of vitamin D,01/30/2019,10/05/2019,12/21/2021,07/24/2019,102020T25
Veterinary,No,10/05/2019,82018,Terminated,Hill's Pet Nutrition Inc,320 Ne Crane St,N/A,Topeka,KS,	66603-3613,United States,Voluntary: Firm initiated,Telephone,"Nationwide through retail pet food stores. Product was also distributed internationality to Antilles, Australia, Bahamas, Belgium, Bermuda, Bulgaria, Canada, Cayman Islands, Chile, Colombia, Costa Rica, Croatia, Curacao, Cyprus, Denmark, Dominican Republic, El Salvador, Estonia, Finland, France, Germany, Greece, Guatemala, Honduras, Hong Kong, Hungary, India, Indonesia, Ireland, Israel, Italy, Japan, Korea, Latvia, Lithuania, Luxembourg, Malaysia, Malta, Mexico, Netherlands, New Zealand, Norway, Panama, Paraguay, Peru, Philippines, Poland, Portugal, Puerto Rico, Romania, Russian Federation, Singapore, South Africa, Spain, St. George, St. Kitts, Sweden, Switzerland, Taiwan, Thailand, United Kingdom, Austria, Iceland,  Serbia and the United Arab Emirates.",V-0038-2020,Class II,"Hill's Science Diet, Perfect Weight, Adult, Chicken & Vegetable Entr¿e, 2975, Net Wt. 12.8 oz (363 g), Manufactured by: Hill's Pet Nutrition, packaged in cans, 12 cans per tray",N/A,Product may contain elevated levels of vitamin D,01/30/2019,10/05/2019,12/21/2021,07/24/2019,092020T28
Veterinary,No,10/05/2019,82018,Terminated,Hill's Pet Nutrition Inc,320 Ne Crane St,N/A,Topeka,KS,	66603-3613,United States,Voluntary: Firm initiated,Telephone,"Nationwide through retail pet food stores. Product was also distributed internationality to Antilles, Australia, Bahamas, Belgium, Bermuda, Bulgaria, Canada, Cayman Islands, Chile, Colombia, Costa Rica, Croatia, Curacao, Cyprus, Denmark, Dominican Republic, El Salvador, Estonia, Finland, France, Germany, Greece, Guatemala, Honduras, Hong Kong, Hungary, India, Indonesia, Ireland, Israel, Italy, Japan, Korea, Latvia, Lithuania, Luxembourg, Malaysia, Malta, Mexico, Netherlands, New Zealand, Norway, Panama, Paraguay, Peru, Philippines, Poland, Portugal, Puerto Rico, Romania, Russian Federation, Singapore, South Africa, Spain, St. George, St. Kitts, Sweden, Switzerland, Taiwan, Thailand, United Kingdom, Austria, Iceland,  Serbia and the United Arab Emirates.",V-0039-2020,Class II,"Hill's Prescription Diet, Urinary Care, c/d, multicare, Chicken & Vegetable Stew, 3388, Net Wt. 5.5 oz (156 g), Manufactured by: Hill's Pet Nutrition, packaged in cans, 24 cans per tray",N/A,Product may contain elevated levels of vitamin D,01/30/2019,10/05/2019,12/21/2021,07/24/2019,102020T18
Veterinary,No,10/05/2019,82018,Terminated,Hill's Pet Nutrition Inc,320 Ne Crane St,N/A,Topeka,KS,	66603-3613,United States,Voluntary: Firm initiated,Telephone,"Nationwide through retail pet food stores. Product was also distributed internationality to Antilles, Australia, Bahamas, Belgium, Bermuda, Bulgaria, Canada, Cayman Islands, Chile, Colombia, Costa Rica, Croatia, Curacao, Cyprus, Denmark, Dominican Republic, El Salvador, Estonia, Finland, France, Germany, Greece, Guatemala, Honduras, Hong Kong, Hungary, India, Indonesia, Ireland, Israel, Italy, Japan, Korea, Latvia, Lithuania, Luxembourg, Malaysia, Malta, Mexico, Netherlands, New Zealand, Norway, Panama, Paraguay, Peru, Philippines, Poland, Portugal, Puerto Rico, Romania, Russian Federation, Singapore, South Africa, Spain, St. George, St. Kitts, Sweden, Switzerland, Taiwan, Thailand, United Kingdom, Austria, Iceland,  Serbia and the United Arab Emirates.",V-0040-2020,Class II,"Hill's Prescription Diet, Weight Reduction, r/d, Original, 7014, Net Wt. 12.3 oz (350 g), Manufactured by: Hill's Pet Nutrition, packaged in cans, 12 cans per tray",N/A,Product may contain elevated levels of vitamin D,01/30/2019,10/05/2019,12/21/2021,07/24/2019,"092020T28, 102020T27, 102020T28"
Veterinary,No,10/05/2019,82018,Terminated,Hill's Pet Nutrition Inc,320 Ne Crane St,N/A,Topeka,KS,	66603-3613,United States,Voluntary: Firm initiated,Telephone,"Nationwide through retail pet food stores. Product was also distributed internationality to Antilles, Australia, Bahamas, Belgium, Bermuda, Bulgaria, Canada, Cayman Islands, Chile, Colombia, Costa Rica, Croatia, Curacao, Cyprus, Denmark, Dominican Republic, El Salvador, Estonia, Finland, France, Germany, Greece, Guatemala, Honduras, Hong Kong, Hungary, India, Indonesia, Ireland, Israel, Italy, Japan, Korea, Latvia, Lithuania, Luxembourg, Malaysia, Malta, Mexico, Netherlands, New Zealand, Norway, Panama, Paraguay, Peru, Philippines, Poland, Portugal, Puerto Rico, Romania, Russian Federation, Singapore, South Africa, Spain, St. George, St. Kitts, Sweden, Switzerland, Taiwan, Thailand, United Kingdom, Austria, Iceland,  Serbia and the United Arab Emirates.",V-0041-2020,Class II,"Hill's Science Diet, Beef & Barley Entr¿e, Adult 1 - 6, 7039, Net Wt. 13 oz (370 g), Manufactured by: Hill's Pet Nutrition, packaged in cans, 12 cans per tray",N/A,Product may contain elevated levels of vitamin D,01/30/2019,10/05/2019,12/21/2021,07/24/2019,"092020T31, 102020T21"
Veterinary,No,10/05/2019,82018,Terminated,Hill's Pet Nutrition Inc,320 Ne Crane St,N/A,Topeka,KS,	66603-3613,United States,Voluntary: Firm initiated,Telephone,"Nationwide through retail pet food stores. Product was also distributed internationality to Antilles, Australia, Bahamas, Belgium, Bermuda, Bulgaria, Canada, Cayman Islands, Chile, Colombia, Costa Rica, Croatia, Curacao, Cyprus, Denmark, Dominican Republic, El Salvador, Estonia, Finland, France, Germany, Greece, Guatemala, Honduras, Hong Kong, Hungary, India, Indonesia, Ireland, Israel, Italy, Japan, Korea, Latvia, Lithuania, Luxembourg, Malaysia, Malta, Mexico, Netherlands, New Zealand, Norway, Panama, Paraguay, Peru, Philippines, Poland, Portugal, Puerto Rico, Romania, Russian Federation, Singapore, South Africa, Spain, St. George, St. Kitts, Sweden, Switzerland, Taiwan, Thailand, United Kingdom, Austria, Iceland,  Serbia and the United Arab Emirates.",V-0042-2020,Class II,"Hill's Prescription Diet, Digestive Care, i/d, Low Fat, Rice, Vegetable, & Chicken Stew, 3391, Net Wt. 5.5 oz (156 g), Manufactured by: Hill's Pet Nutrition, packaged in cans, 24 cans per tray",N/A,Product may contain elevated levels of vitamin D,01/30/2019,10/05/2019,12/21/2021,07/24/2019,092020T27
Veterinary,No,10/05/2019,82018,Terminated,Hill's Pet Nutrition Inc,320 Ne Crane St,N/A,Topeka,KS,	66603-3613,United States,Voluntary: Firm initiated,Telephone,"Nationwide through retail pet food stores. Product was also distributed internationality to Antilles, Australia, Bahamas, Belgium, Bermuda, Bulgaria, Canada, Cayman Islands, Chile, Colombia, Costa Rica, Croatia, Curacao, Cyprus, Denmark, Dominican Republic, El Salvador, Estonia, Finland, France, Germany, Greece, Guatemala, Honduras, Hong Kong, Hungary, India, Indonesia, Ireland, Israel, Italy, Japan, Korea, Latvia, Lithuania, Luxembourg, Malaysia, Malta, Mexico, Netherlands, New Zealand, Norway, Panama, Paraguay, Peru, Philippines, Poland, Portugal, Puerto Rico, Romania, Russian Federation, Singapore, South Africa, Spain, St. George, St. Kitts, Sweden, Switzerland, Taiwan, Thailand, United Kingdom, Austria, Iceland,  Serbia and the United Arab Emirates.",V-0043-2020,Class II,"Hill's Science Diet, Healthy Cuisine, Braised Beef, Carrots & Peas Stew, Adult 1 - 6, Premium Dog Food, 10451, Net Wt. 12.5 oz (354 g), Manufactured by: Hill's Pet Nutrition, packaged in cans, 12 cans per tray",N/A,Product may contain elevated levels of vitamin D,01/30/2019,10/05/2019,12/21/2021,07/24/2019,102020T28
Veterinary,No,10/05/2019,82018,Terminated,Hill's Pet Nutrition Inc,320 Ne Crane St,N/A,Topeka,KS,	66603-3613,United States,Voluntary: Firm initiated,Telephone,"Nationwide through retail pet food stores. Product was also distributed internationality to Antilles, Australia, Bahamas, Belgium, Bermuda, Bulgaria, Canada, Cayman Islands, Chile, Colombia, Costa Rica, Croatia, Curacao, Cyprus, Denmark, Dominican Republic, El Salvador, Estonia, Finland, France, Germany, Greece, Guatemala, Honduras, Hong Kong, Hungary, India, Indonesia, Ireland, Israel, Italy, Japan, Korea, Latvia, Lithuania, Luxembourg, Malaysia, Malta, Mexico, Netherlands, New Zealand, Norway, Panama, Paraguay, Peru, Philippines, Poland, Portugal, Puerto Rico, Romania, Russian Federation, Singapore, South Africa, Spain, St. George, St. Kitts, Sweden, Switzerland, Taiwan, Thailand, United Kingdom, Austria, Iceland,  Serbia and the United Arab Emirates.",V-0044-2020,Class II,"Hill's Science Diet, Healthy Cuisine, Roasted Chicken, Carrots & Spinach Stew, Adult 7+, Premium Dog Food, 10449, Net Wt. 12.5 oz (354 g), Manufactured by: Hill's Pet Nutrition, packaged in cans, 12 cans per tray",N/A,Product may contain elevated levels of vitamin D,01/30/2019,10/05/2019,12/21/2021,07/24/2019,092020T28
Veterinary,No,12/16/2021,89105,Terminated,Livia Global,7202 W Pershing Ct,N/A,Visalia,CA,	93291-7909,United States,Voluntary: Firm initiated,Letter,Nationwide,V-0045-2022,Class II,"BioLifePet Liquid Probiotics for Cats Organic, Gluten Free, Plant Based 4 oz. (120 ml) UPC: 0 30915 10704 4 Recommended use: Small Cats (3-15 lbs.) 3-7 drops per day; Large cats (16-100 pls.) 7-30 drops per day. Add to daily liquid, food or directly in mouth  Bottles and Distributed by: Livia Global, Inc. Visalia, CA 93291 www.liviaglobal.com  Ingredients: Proprietary Blend of plant-based probiotics in an enzyme enriched substrate: Lactobacillus-Acidophilus, L. Rhamnosus, L. Casei, L-Plantarum, Bifidobacterium-Bifidum, B-Infantis, B-Longum.  Made with water and a proprietary blend of three organic grasses.",128  x 4 oz. bottles,Probiotic products contaminated with Pseudomonas aeruginosa,12/01/2021,12/16/2021,04/29/2022,12/15/2021,"Lot #001005-1, Best by 4/2023"
Veterinary,No,12/16/2021,89105,Terminated,Livia Global,7202 W Pershing Ct,N/A,Visalia,CA,	93291-7909,United States,Voluntary: Firm initiated,Letter,Nationwide,V-0046-2022,Class II,"BioLifePet Liquid Probiotics for Dogs Organic, Gluten Free, Plant Based 4 oz. (120 ml) UPC: 0 30915 10703 7  Recommended use: Small dogs (3-15 lbs.) 3-7 drops per day; Large dogs(16-100 pls.) 7-30 drops per day. Add to daily liquid, food or directly in mouth  Bottles and Distributed by: Livia Global, Inc. Visalia, CA 93291 www.liviaglobal.com  Ingredients: Proprietary Blend of plant-based probiotics in an enzyme enriched substrate: Lactobacillus-Acidophilus, L. Rhamnosus, L. Casei, L-Plantarum, Bifidobacterium-Bifidum, B-Infantis, B-Longum.  Made with water and a proprietary blend of three organic grasses.",128 x 4 oz. bottles,Probiotic products contaminated with Pseudomonas aeruginosa,12/01/2021,12/16/2021,04/29/2022,12/15/2021,"Lot #001005-1, Best by 4/2023"
Veterinary,No,04/05/2022,89627,Terminated,"Dollar Tree Distribution, Inc.",500 Volvo Pkwy,N/A,Chesapeake,VA,	23320-1604,United States,Voluntary: Firm initiated,"Two or more of the following: Email, Fax, Letter, Press Release, Telephone, Visit","Alabama, Arkansas, Louisiana, Mississippi, Missouri and Tennessee",V-0063-2022,Class II,"Pet food and treats purchased from Family Dollar retail stores in Alabama, Arkansas, Louisiana, Mississippi, Missouri and Tennessee that are packaged in material other than glass or metal can",Unknown,Potential exposure to rodents and rodent activity in the distribution center.,02/18/2022,04/05/2022,06/24/2024,03/09/2022,"All food products purchased from Family Dollar retail stores located in AL, AR, LA, MS, MO, and TN from January 1, 2021 to present"
Veterinary,No,02/19/2026,98309,Ongoing,"Stratford Care USA, Inc.",4027 Tampa Rd Ste 3200,N/A,Oldsmar,FL,	34677-3221,United States,Voluntary: Firm initiated,"Two or more of the following: Email, Fax, Letter, Press Release, Telephone, Visit","US Nationwide, including PR and Israel.",V-0069-2026,Class II,"Eco Deco Pet Hospital, Keto-C Wipes, Net Contents: 50 Wipes, For Dogs & Cats, Manufactured for: Stratford Animal Care, 4027 Tampa Road, Oldsmar, FL 33556, Eco Deco Pet Hospital, 1539 Alton Road, Miami Beach, FL 33139.",N/A,"The product labeled as medicated wipes was found to contain a non-medicated otic flush due to a product mix-up that occurred at the manufacturing level. As a result, the product is misbranded and does not contain the labeled active ingredient.",01/27/2026,02/19/2026,N/A,02/11/2026,"Lot # 251086, Exp Date: 03/2027"
Veterinary,No,02/19/2026,98309,Ongoing,"Stratford Care USA, Inc.",4027 Tampa Rd Ste 3200,N/A,Oldsmar,FL,	34677-3221,United States,Voluntary: Firm initiated,"Two or more of the following: Email, Fax, Letter, Press Release, Telephone, Visit","US Nationwide, including PR and Israel.",V-0070-2026,Class II,"Emancipet, Ketoconazole & Chlorhexidine wipes, For Dogs & Cats, 50 Wipes, 1-866-441-9248, www.emancipet.org",N/A,"The product labeled as medicated wipes was found to contain a non-medicated otic flush due to a product mix-up that occurred at the manufacturing level. As a result, the product is misbranded and does not contain the labeled active ingredient.",01/27/2026,02/19/2026,N/A,02/11/2026,"Lot # 251086, Exp Date: 03/2027"
Veterinary,No,02/19/2026,98309,Ongoing,"Stratford Care USA, Inc.",4027 Tampa Rd Ste 3200,N/A,Oldsmar,FL,	34677-3221,United States,Voluntary: Firm initiated,"Two or more of the following: Email, Fax, Letter, Press Release, Telephone, Visit","US Nationwide, including PR and Israel.",V-0071-2026,Class II,"ChloraSeb, Antiseptic Wipes, Chlorhexidine 2% Ketoconazole 1%, With Soothing Aloe Vera, 50 Pledget Wipes, For Dogs & Cats, Distributed by: PHS Pet Health Solutions, 34485 7th St., Union City, CA 94587, pethealthsolutions.com, UPC 8 14087 00590 8.",N/A,"The product labeled as medicated wipes was found to contain a non-medicated otic flush due to a product mix-up that occurred at the manufacturing level. As a result, the product is misbranded and does not contain the labeled active ingredient.",01/27/2026,02/19/2026,N/A,02/11/2026,"Lot # 251086, Exp Date: 03/2027"
Veterinary,No,04/21/2025,96640,Ongoing,Virbac Corporation,13001 Saint Charles Rock Rd,N/A,Bridgeton,MO,	63044-2421,United States,Voluntary: Firm initiated,E-Mail,NE,V-0072-2025,Class II,"7 Way De-Wormer for Dogs, 114 mg Pyrantel Pamoate, 114 mg Praziquantel, 2-count blister pack, Large Dog, Distributed by: Sergeant's Pet Care Products, LLC., 10077 S. 134th St., Omaha, NE 68138.  NDC: 21091-642-01","52,578 blister packs",Failed to meet the hardness specification during stability testing.,04/03/2025,04/21/2025,N/A,04/16/2025,Lot 234003
Veterinary,No,02/11/2019,81368,Terminated,Pet Apothecary Llc,407 W Silver Spring Dr,N/A,Milwaukee,WI,	53217-5048,United States,Voluntary: Firm initiated,Letter,"IA, IL, MO, WI",V-0078-2019,Class II,"Tacrolimus MCT 0.03% Drops, Rx Only, The Pet Apothecary, 407 W. Silver Spring Dr., Milwaukee, WI 53217",139 bottles,Eye drops produced in non-sterile conditions.,10/19/2018,02/11/2019,08/07/2024,02/06/2019,All lots distributed from 10/06/2017 to 10/05/2018
Veterinary,No,02/11/2019,81368,Terminated,Pet Apothecary Llc,407 W Silver Spring Dr,N/A,Milwaukee,WI,	53217-5048,United States,Voluntary: Firm initiated,Letter,"IA, IL, MO, WI",V-0079-2019,Class II,"Tacrolimus MCT 0.1% Drops, Rx Only, The Pet Apothecary, 407 W. Silver Spring Dr., Milwaukee, WI 53217",4 bottles,Eye drops produced in non-sterile conditions.,10/19/2018,02/11/2019,08/07/2024,02/06/2019,All lots distributed from 10/06/2017 to 10/05/2018
Veterinary,No,02/11/2019,81368,Terminated,Pet Apothecary Llc,407 W Silver Spring Dr,N/A,Milwaukee,WI,	53217-5048,United States,Voluntary: Firm initiated,Letter,"IA, IL, MO, WI",V-0080-2019,Class II,"Tacrolimus MCT 0.05% Drops, Rx Only, The Pet Apothecary, 407 W. Silver Spring Dr., Milwaukee, WI 53217",4 bottles,Eye drops produced in non-sterile conditions.,10/19/2018,02/11/2019,08/07/2024,02/06/2019,All lots distributed from 10/06/2017 to 10/05/2018
Veterinary,No,02/19/2026,98309,Ongoing,"Stratford Care USA, Inc.",4027 Tampa Rd Ste 3200,N/A,Oldsmar,FL,	34677-3221,United States,Voluntary: Firm initiated,"Two or more of the following: Email, Fax, Letter, Press Release, Telephone, Visit","US Nationwide, including PR and Israel.",V-0080-2026,Class II,"OBT & Orange Ave Pet Doc Hospital, Keto-C, Antiseptic Wipes, 50 wipes, Distributed By: Stratford Animal Care, 4027 Tampa Road, 4027 Tampa Road, Oldsmar, FL 34667, OBT & Orange Ave, 737 W. Oak Ridge Rd., Orlando, FL 32809",N/A,"The product labeled as medicated wipes was found to contain a non-medicated otic flush due to a product mix-up that occurred at the manufacturing level. As a result, the product is misbranded and does not contain the labeled active ingredient.",01/27/2026,02/19/2026,N/A,02/11/2026,"Lot # 251086, Exp Date: 03/2027"
Veterinary,No,02/11/2019,81368,Terminated,Pet Apothecary Llc,407 W Silver Spring Dr,N/A,Milwaukee,WI,	53217-5048,United States,Voluntary: Firm initiated,Letter,"IA, IL, MO, WI",V-0081-2019,Class II,"Tacrolimus MCT 0.02% Drops, Rx Only, The Pet Apothecary, 407 W. Silver Spring Dr., Milwaukee, WI 53217",16 bottles,Eye drops produced in non-sterile conditions.,10/19/2018,02/11/2019,08/07/2024,02/06/2019,All lots distributed from 10/06/2017 to 10/05/2018
Veterinary,No,02/11/2019,81368,Terminated,Pet Apothecary Llc,407 W Silver Spring Dr,N/A,Milwaukee,WI,	53217-5048,United States,Voluntary: Firm initiated,Letter,"IA, IL, MO, WI",V-0082-2019,Class II,"Tacrolimus canola 0.03% Drops, Rx Only, The Pet Apothecary, 407 W. Silver Spring Dr., Milwaukee, WI 53217",94 bottles,Eye drops produced in non-sterile conditions.,10/19/2018,02/11/2019,08/07/2024,02/06/2019,All lots distributed from 10/06/2017 to 10/05/2018
Veterinary,No,02/11/2019,81368,Terminated,Pet Apothecary Llc,407 W Silver Spring Dr,N/A,Milwaukee,WI,	53217-5048,United States,Voluntary: Firm initiated,Letter,"IA, IL, MO, WI",V-0083-2019,Class II,"Tacrolimus canola 0.02% Drops, Rx Only, The Pet Apothecary, 407 W. Silver Spring Dr., Milwaukee, WI 53217",25 bottles,Eye drops produced in non-sterile conditions.,10/19/2018,02/11/2019,08/07/2024,02/06/2019,All lots distributed from 10/06/2017 to 10/05/2018
Veterinary,No,02/11/2019,81368,Terminated,Pet Apothecary Llc,407 W Silver Spring Dr,N/A,Milwaukee,WI,	53217-5048,United States,Voluntary: Firm initiated,Letter,"IA, IL, MO, WI",V-0084-2019,Class II,"Tacrolimus GTT 0.03% AQ Drops, Rx Only, The Pet Apothecary, 407 W. Silver Spring Dr., Milwaukee, WI 53217",155 bottles,Eye drops produced in non-sterile conditions.,10/19/2018,02/11/2019,08/07/2024,02/06/2019,All lots distributed from 10/06/2017 to 10/05/2018
Veterinary,No,02/19/2026,98309,Ongoing,"Stratford Care USA, Inc.",4027 Tampa Rd Ste 3200,N/A,Oldsmar,FL,	34677-3221,United States,Voluntary: Firm initiated,"Two or more of the following: Email, Fax, Letter, Press Release, Telephone, Visit","US Nationwide, including PR and Israel.",V-0084-2026,Class II,"Pet Wellness Clinics, Keto-C Wipes, Formulated for Dogs, Cats & Horses, For Veterinary Use Only, 50 Wipes, Pet Wellness Clinics, 317-516-5921, www.PetWellnessClinics.com, Manufactured for: Stratford Animal Care, 4027 Tampa Road Suite 3200 Oldsmar, FL 34677.",N/A,"The product labeled as medicated wipes was found to contain a non-medicated otic flush due to a product mix-up that occurred at the manufacturing level. As a result, the product is misbranded and does not contain the labeled active ingredient.",01/27/2026,02/19/2026,N/A,02/11/2026,"Lot # 251086, Exp Date: 03/2027"
Veterinary,No,02/11/2019,81368,Terminated,Pet Apothecary Llc,407 W Silver Spring Dr,N/A,Milwaukee,WI,	53217-5048,United States,Voluntary: Firm initiated,Letter,"IA, IL, MO, WI",V-0085-2019,Class II,"Tacrolimus GTT 1% AQ Drops, Rx Only, The Pet Apothecary, 407 W. Silver Spring Dr., Milwaukee, WI 53217",1 bottle,Eye drops produced in non-sterile conditions.,10/19/2018,02/11/2019,08/07/2024,02/06/2019,All lots distributed from 10/06/2017 to 10/05/2018
Veterinary,No,02/19/2026,98309,Ongoing,"Stratford Care USA, Inc.",4027 Tampa Rd Ste 3200,N/A,Oldsmar,FL,	34677-3221,United States,Voluntary: Firm initiated,"Two or more of the following: Email, Fax, Letter, Press Release, Telephone, Visit","US Nationwide, including PR and Israel.",V-0085-2026,Class II,"DermatoVet Professional Formula, Keto-C Wipes, For Dogs, Cats & Horses, 50 Wipes, For Veterinary Use Only, Distributed By: Pet-Vet Biomed, Petach Tikva, Israel, Made in the USA.",N/A,"The product labeled as medicated wipes was found to contain a non-medicated otic flush due to a product mix-up that occurred at the manufacturing level. As a result, the product is misbranded and does not contain the labeled active ingredient.",01/27/2026,02/19/2026,N/A,02/11/2026,"Lot # 251086, Exp Date: 03/2027"
Veterinary,No,02/11/2019,81368,Terminated,Pet Apothecary Llc,407 W Silver Spring Dr,N/A,Milwaukee,WI,	53217-5048,United States,Voluntary: Firm initiated,Letter,"IA, IL, MO, WI",V-0086-2019,Class II,"Tacrolimus GTT 0.03% AQ PF Drops, Rx Only, The Pet Apothecary, 407 W. Silver Spring Dr., Milwaukee, WI 53217",12 bottles,Eye drops produced in non-sterile conditions.,10/19/2018,02/11/2019,08/07/2024,02/06/2019,All lots distributed from 10/06/2017 to 10/05/2018
Veterinary,No,02/19/2026,98309,Ongoing,"Stratford Care USA, Inc.",4027 Tampa Rd Ste 3200,N/A,Oldsmar,FL,	34677-3221,United States,Voluntary: Firm initiated,"Two or more of the following: Email, Fax, Letter, Press Release, Telephone, Visit","US Nationwide, including PR and Israel.",V-0086-2026,Class II,"PICCARDMEDS4PETS, Keto-Itch Antiseptic Wipes, Net Contents 50 Wipes, Cucumber Melon Scent, For Veterinary Use Only, Formulated for Dogs, Cats, & Horses, Distributed by: PiccardMeds4Pets, Stone Brook LLC - DBA PetPals Club, 1200 Riverplace Blvd, Suite 105-1394, Jacksonville, FL 32207, UPC 8 50053 06632 0.",N/A,"The product labeled as medicated wipes was found to contain a non-medicated otic flush due to a product mix-up that occurred at the manufacturing level. As a result, the product is misbranded and does not contain the labeled active ingredient.",01/27/2026,02/19/2026,N/A,02/11/2026,"Lot # 251086, Exp Date: 03/2027"
Veterinary,No,02/11/2019,81368,Terminated,Pet Apothecary Llc,407 W Silver Spring Dr,N/A,Milwaukee,WI,	53217-5048,United States,Voluntary: Firm initiated,Letter,"IA, IL, MO, WI",V-0087-2019,Class II,"Tacrolimus OO (Ophthalmic Ointment) 0.03%, Rx Only, The Pet Apothecary, 407 W. Silver Spring Dr., Milwaukee, WI 53217",8 bottles,Eye drops produced in non-sterile conditions.,10/19/2018,02/11/2019,08/07/2024,02/06/2019,All lots distributed from 10/06/2017 to 10/05/2018
Veterinary,No,02/11/2019,81368,Terminated,Pet Apothecary Llc,407 W Silver Spring Dr,N/A,Milwaukee,WI,	53217-5048,United States,Voluntary: Firm initiated,Letter,"IA, IL, MO, WI",V-0088-2019,Class II,"Tacrolimus GTT 0.02% AQ Drops, Rx Only, The Pet Apothecary, 407 W. Silver Spring Dr., Milwaukee, WI 53217",3 bottles,Eye drops produced in non-sterile conditions.,10/19/2018,02/11/2019,08/07/2024,02/06/2019,All lots distributed from 10/06/2017 to 10/05/2018
Veterinary,No,02/11/2019,81368,Terminated,Pet Apothecary Llc,407 W Silver Spring Dr,N/A,Milwaukee,WI,	53217-5048,United States,Voluntary: Firm initiated,Letter,"IA, IL, MO, WI",V-0089-2019,Class II,"Tacrolimus GTT 0.3% AQ Drops, Rx Only, The Pet Apothecary, 407 W. Silver Spring Dr., Milwaukee, WI 53217",2 bottles,Eye drops produced in non-sterile conditions.,10/19/2018,02/11/2019,08/07/2024,02/06/2019,All lots distributed from 10/06/2017 to 10/05/2018
Veterinary,No,03/05/2021,87355,Terminated,Virbac Corporation,13001 Saint Charles Rock Rd,N/A,Bridgeton,MO,	63044-2421,United States,Voluntary: Firm initiated,Letter,Nebraska,V-0089-2021,Class II,"7 Way De-Wormer for Dogs, (114 mg pyrantel pamoate, 114 mg praziquantel), Greater than 25 lbs, 414 two-count blister cards per case, Distributed by: Sergeant's Pet Care Products, Inc., 10077 S. 134th St., Omaha, NE 68138 ANDA N -141261, NDC 21091-642-02","173,594 blister packs",Tablets failed hardness specification at the 3 month stability time point.,02/17/2021,03/05/2021,06/21/2023,03/10/2021,Lots: 200570A; 200574A
Veterinary,No,02/11/2019,81368,Terminated,Pet Apothecary Llc,407 W Silver Spring Dr,N/A,Milwaukee,WI,	53217-5048,United States,Voluntary: Firm initiated,Letter,"IA, IL, MO, WI",V-0090-2019,Class II,"Tacrolimus GTT 0.15% AQ PF Drops, Rx Only, The Pet Apothecary, 407 W. Silver Spring Dr., Milwaukee, WI 53217",1 bottle,Eye drops produced in non-sterile conditions.,10/19/2018,02/11/2019,08/07/2024,02/06/2019,All lots distributed from 10/06/2017 to 10/05/2018
Veterinary,No,03/05/2021,87355,Terminated,Virbac Corporation,13001 Saint Charles Rock Rd,N/A,Bridgeton,MO,	63044-2421,United States,Voluntary: Firm initiated,Letter,Nebraska,V-0090-2021,Class II,"7 Way De-Wormer for Dogs, (114 mg pyrantel pamoate, 114 mg praziquantel), Greater than 25 lbs, 336 six-count blister cards per case, Distributed by: Sergeant's Pet Care Products, Inc., 10077 S. 134th St., Omaha, NE 68138 ANDA N -141261, NDC 21091-642-02","38,976 blister packs",Tablets failed hardness specification at the 3 month stability time point.,02/17/2021,03/05/2021,06/21/2023,03/10/2021,Lots: 200575A
Veterinary,No,02/11/2019,81368,Terminated,Pet Apothecary Llc,407 W Silver Spring Dr,N/A,Milwaukee,WI,	53217-5048,United States,Voluntary: Firm initiated,Letter,"IA, IL, MO, WI",V-0091-2019,Class II,"Tacrolimus GTT 0.1% AQ Drops, Rx Only, The Pet Apothecary, 407 W. Silver Spring Dr., Milwaukee, WI 53217",5 bottles,Eye drops produced in non-sterile conditions.,10/19/2018,02/11/2019,08/07/2024,02/06/2019,All lots distributed from 10/06/2017 to 10/05/2018
Veterinary,No,02/11/2019,81368,Terminated,Pet Apothecary Llc,407 W Silver Spring Dr,N/A,Milwaukee,WI,	53217-5048,United States,Voluntary: Firm initiated,Letter,"IA, IL, MO, WI",V-0092-2019,Class II,"Tacrolimus GTT 0.05% AQ Drops, Rx Only, The Pet Apothecary, 407 W. Silver Spring Dr., Milwaukee, WI 53217",2 bottles,Eye drops produced in non-sterile conditions.,10/19/2018,02/11/2019,08/07/2024,02/06/2019,All lots distributed from 10/06/2017 to 10/05/2018
Veterinary,No,02/19/2026,98309,Ongoing,"Stratford Care USA, Inc.",4027 Tampa Rd Ste 3200,N/A,Oldsmar,FL,	34677-3221,United States,Voluntary: Firm initiated,"Two or more of the following: Email, Fax, Letter, Press Release, Telephone, Visit","US Nationwide, including PR and Israel.",V-0092-2026,Class II,"PetScy, Keto Skin Wipes, 50 Wipes, For Dogs & Cats, Cucumber Melon Scent, Antibacterial/Antifungal, Medicated Wipes, Manufactured For: PetScy Inc, Po Box #2685, Oldsmar, FL 33556, UPC 199284989214.",N/A,"The product labeled as medicated wipes was found to contain a non-medicated otic flush due to a product mix-up that occurred at the manufacturing level. As a result, the product is misbranded and does not contain the labeled active ingredient.",01/27/2026,02/19/2026,N/A,02/11/2026,"Lot # 251086, Exp Date: 03/2027"
Veterinary,No,02/11/2019,81368,Terminated,Pet Apothecary Llc,407 W Silver Spring Dr,N/A,Milwaukee,WI,	53217-5048,United States,Voluntary: Firm initiated,Letter,"IA, IL, MO, WI",V-0093-2019,Class II,"Tacrolimus Canola 0.10% Drops, Rx Only, The Pet Apothecary, 407 W. Silver Spring Dr., Milwaukee, WI 53217",1 bottle,Eye drops produced in non-sterile conditions.,10/19/2018,02/11/2019,08/07/2024,02/06/2019,All lots distributed from 10/06/2017 to 10/05/2018
Veterinary,No,02/11/2019,81368,Terminated,Pet Apothecary Llc,407 W Silver Spring Dr,N/A,Milwaukee,WI,	53217-5048,United States,Voluntary: Firm initiated,Letter,"IA, IL, MO, WI",V-0094-2019,Class II,"Cyclosporin OO (Ophthalmic Ointment) 1.0%, Rx Only, The Pet Apothecary, 407 W. Silver Spring Dr., Milwaukee, WI 53217",9 bottles,Eye drops produced in non-sterile conditions.,10/19/2018,02/11/2019,08/07/2024,02/06/2019,All lots distributed from 10/06/2017 to 10/05/2018
Veterinary,No,02/11/2019,81368,Terminated,Pet Apothecary Llc,407 W Silver Spring Dr,N/A,Milwaukee,WI,	53217-5048,United States,Voluntary: Firm initiated,Letter,"IA, IL, MO, WI",V-0095-2019,Class II,"Cyclosporin OO (Ophthalmic Ointment) 2.0%, Rx Only, The Pet Apothecary, 407 W. Silver Spring Dr., Milwaukee, WI 53217",3 bottles,Eye drops produced in non-sterile conditions.,10/19/2018,02/11/2019,08/07/2024,02/06/2019,All lots distributed from 10/06/2017 to 10/05/2018
Veterinary,No,02/11/2019,81368,Terminated,Pet Apothecary Llc,407 W Silver Spring Dr,N/A,Milwaukee,WI,	53217-5048,United States,Voluntary: Firm initiated,Letter,"IA, IL, MO, WI",V-0096-2019,Class II,"Cyclospo-Canol DRP 2%, Rx Only, The Pet Apothecary, 407 W. Silver Spring Dr., Milwaukee, WI 53217",39 bottles,Eye drops produced in non-sterile conditions.,10/19/2018,02/11/2019,08/07/2024,02/06/2019,All lots distributed from 10/06/2017 to 10/05/2018
Veterinary,No,02/11/2019,81368,Terminated,Pet Apothecary Llc,407 W Silver Spring Dr,N/A,Milwaukee,WI,	53217-5048,United States,Voluntary: Firm initiated,Letter,"IA, IL, MO, WI",V-0097-2019,Class II,"Cyclospo-Canol DRP 1%, Rx Only, The Pet Apothecary, 407 W. Silver Spring Dr., Milwaukee, WI 53217",84 bottles,Eye drops produced in non-sterile conditions.,10/19/2018,02/11/2019,08/07/2024,02/06/2019,All lots distributed from 10/06/2017 to 10/05/2018
Veterinary,No,02/11/2019,81368,Terminated,Pet Apothecary Llc,407 W Silver Spring Dr,N/A,Milwaukee,WI,	53217-5048,United States,Voluntary: Firm initiated,Letter,"IA, IL, MO, WI",V-0098-2019,Class II,"Cyclospo-Canol DRP 1.5%, Rx Only, The Pet Apothecary, 407 W. Silver Spring Dr., Milwaukee, WI 53217",1 bottle,Eye drops produced in non-sterile conditions.,10/19/2018,02/11/2019,08/07/2024,02/06/2019,All lots distributed from 10/06/2017 to 10/05/2018
Veterinary,No,02/11/2019,81368,Terminated,Pet Apothecary Llc,407 W Silver Spring Dr,N/A,Milwaukee,WI,	53217-5048,United States,Voluntary: Firm initiated,Letter,"IA, IL, MO, WI",V-0099-2019,Class II,"Cyclospo-Corn DRP 1%, Rx Only, The Pet Apothecary, 407 W. Silver Spring Dr., Milwaukee, WI 53217",5 bottles,Eye drops produced in non-sterile conditions.,10/19/2018,02/11/2019,08/07/2024,02/06/2019,All lots distributed from 10/06/2017 to 10/05/2018
Veterinary,No,02/11/2019,81368,Terminated,Pet Apothecary Llc,407 W Silver Spring Dr,N/A,Milwaukee,WI,	53217-5048,United States,Voluntary: Firm initiated,Letter,"IA, IL, MO, WI",V-0100-2019,Class II,"Cyclospo-Olive DRP 1%, Rx Only, The Pet Apothecary, 407 W. Silver Spring Dr., Milwaukee, WI 53217",1 bottle,Eye drops produced in non-sterile conditions.,10/19/2018,02/11/2019,08/07/2024,02/06/2019,All lots distributed from 10/06/2017 to 10/05/2018
Veterinary,No,02/11/2019,81368,Terminated,Pet Apothecary Llc,407 W Silver Spring Dr,N/A,Milwaukee,WI,	53217-5048,United States,Voluntary: Firm initiated,Letter,"IA, IL, MO, WI",V-0101-2019,Class II,"Cyclospo-MCT DRP 1%, Rx Only, The Pet Apothecary, 407 W. Silver Spring Dr., Milwaukee, WI 53217",1 bottle,Eye drops produced in non-sterile conditions.,10/19/2018,02/11/2019,08/07/2024,02/06/2019,All lots distributed from 10/06/2017 to 10/05/2018
Veterinary,No,02/11/2019,81368,Terminated,Pet Apothecary Llc,407 W Silver Spring Dr,N/A,Milwaukee,WI,	53217-5048,United States,Voluntary: Firm initiated,Letter,"IA, IL, MO, WI",V-0102-2019,Class II,"Cyclospo-MCT DRP 2%, Rx Only, The Pet Apothecary, 407 W. Silver Spring Dr., Milwaukee, WI 53217",3 bottles,Eye drops produced in non-sterile conditions.,10/19/2018,02/11/2019,08/07/2024,02/06/2019,All lots distributed from 10/06/2017 to 10/05/2018
Veterinary,No,,76403,Terminated,Simmons Foods Inc,601 N Hico St,N/A,Siloam Springs,AR,	72761,United States,Voluntary: Firm initiated,Letter,Nationwide,V-0119-2017,Class II,"Home 360 Pet    Dog Food with Turkey & Bacon     Net Wt. 13.2 oz     Proudly Distributed By:  DZA Brands LLC 2110 Executive Drive, Salisbury, NC 28147  UPC 7-25439-96016-8",1162 cases,This recall has been initiated due to receiving a notification of a consumer complaint regarding foreign material in Doctors Fosters and Smith Chicken and Brown Rice Dog Food.,02/01/2017,05/19/2017,02/14/2018,05/31/2017,PTB1S1
Veterinary,No,05/27/2026,98950,Terminated,Allprovide Pet Foods LLC,1755 Young Ct,N/A,Norcross,GA,	30093-1218,United States,Voluntary: Firm initiated,E-Mail,Distributed nationwide.,V-0128-2026,Class II,"AllProvide Holistic Pet Food Gently Cooked Chicken Recipe For Dogs 16 oz UPC: 859125005809. Frozen product, packaged in a plastic vacuum sealed package. 2 packages per box, 32 packages per case.","1,500lbs",Potential foreign material (plastic) contamination.,05/11/2026,05/27/2026,09/04/2026,05/27/2026,"048-01, 048-2, 048-3, 048-4, 048-5, 048-6, 048-7, 048-8, 048-9, 048-10, 048-11, 048-12, 048-13, 048-14."
Veterinary,No,05/16/2019,80962,Terminated,King Bio Inc.,3 Westside Dr,N/A,Asheville,NC,	28806-2846,United States,Voluntary: Firm initiated,Press Release,Nationwide.,V-0143-2019,Class II,"Dr. King's Natural Pet Pharmaceuticals Homeopathic All Natural Cat Tomlyn Anxiety & Stress 4 fl. oz. (118 mL) NDC# 57955-4304-4 UPC 357955430445 King Bio, Inc. FDA Reg. #1053442 3 Westside Dr. Asheville, NC 28806 USA",29567 bottles,Possible microbial contamination.,08/27/2018,05/16/2019,01/19/2022,05/15/2019,Lots: 112317B Exp. 11/19; 011817C Exp. 01/20; 012616C Exp. 01/19; 030816H Exp. 03/19; 072916B Exp. 07/19; 081715C Exp. 08/18; 101816A Exp. 10/19
Veterinary,No,05/16/2019,80962,Terminated,King Bio Inc.,3 Westside Dr,N/A,Asheville,NC,	28806-2846,United States,Voluntary: Firm initiated,Press Release,Nationwide.,V-0144-2019,Class II,"Dr. King's Natural Pet Pharmaceuticals Homeopathic All Natural Cat Tomlyn Urinary Tract Irritations 4 fl. oz. (118 mL) NDC# 57955-4302-4 UPC 357955430247 King Bio, Inc. FDA Reg. #1053442 3 Westside Dr. Asheville, NC 28806 USA",53010 bottles,Possible microbial contamination.,08/27/2018,05/16/2019,01/19/2022,05/15/2019,Lots: 010118BF Exp. 01/20; 090717B Exp. 09/19; 111617A Exp. 11/19; 102215J Exp. 10/18; 101016C Exp. 10/19; 090816C Exp. 09/19; 082015B Exp. 08/18; 072216E Exp. 07/19; 030816F Exp. 03/19; 010517D Exp. 01/20
Veterinary,No,05/16/2019,80962,Terminated,King Bio Inc.,3 Westside Dr,N/A,Asheville,NC,	28806-2846,United States,Voluntary: Firm initiated,Press Release,Nationwide.,V-0145-2019,Class II,"Dr. King's Natural Pet Pharmaceuticals Homeopathic All Natural Dog Tomlyn Skin & Itch 4 fl. oz. (118 mL) NDC# 57955-4402-4 UPC 357955440246 King Bio, Inc. FDA Reg. #1053442 3 Westside Dr. Asheville, NC 28806 USA",26996 bottles,Possible microbial contamination.,08/27/2018,05/16/2019,01/19/2022,05/15/2019,Lots: 011916B Exp. 01/19; 031717C Exp. 03/20; 033016L Exp. 03/19; 051116B Exp. 05/19; 062016C Exp. 06/19; 071116M Exp. 07/19; 081016D Exp. 08/19; 081315H Exp. 08/18; 101016D Exp. 10/19; 020118E Exp. 02/20
Veterinary,No,05/16/2019,80962,Terminated,King Bio Inc.,3 Westside Dr,N/A,Asheville,NC,	28806-2846,United States,Voluntary: Firm initiated,Press Release,Nationwide.,V-0146-2019,Class II,"Dr. King's Natural Pet Pharmaceuticals Homeopathic All Natural Dog Tomlyn Allergies 4 fl. oz. (118 mL) NDC# 57955-4409-4 UPC 357955440147 King Bio, Inc. FDA Reg. #1053442 3 Westside Dr. Asheville, NC 28806 USA",14246 bottles,Possible microbial contamination.,08/27/2018,05/16/2019,01/19/2022,05/15/2019,Lots: 033016M Exp. 03/19; 052516B Exp. 05/19; 071116K Exp. 07/19; 081715A Exp. 09/19; 090816G Exp. 09/19; 101016B Exp. 10/19; 041518B Exp. 04/20
Veterinary,No,05/16/2019,80962,Terminated,King Bio Inc.,3 Westside Dr,N/A,Asheville,NC,	28806-2846,United States,Voluntary: Firm initiated,Press Release,Nationwide.,V-0147-2019,Class II,"Dr. King's Natural Pet Pharmaceuticals Homeopathic All Natural Cat Tomlyn Skin & Itch 4 fl. oz. (118 mL) NDC# 57955-4301-4 UPC 357955430148 King Bio, Inc. FDA Reg. #1053442 3 Westside Dr. Asheville, NC 28806 USA",26977 bottles,Possible microbial contamination.,08/27/2018,05/16/2019,01/19/2022,05/15/2019,Lots: 030816G Exp. 03/19; 052516A Exp. 05/19; 062816J Exp. 06/19; 091416B Exp. 06/19; 123016C Exp. 12/19; 121417H Exp. 12/19
Veterinary,No,05/16/2019,80962,Terminated,King Bio Inc.,3 Westside Dr,N/A,Asheville,NC,	28806-2846,United States,Voluntary: Firm initiated,Press Release,Nationwide.,V-0149-2019,Class II,"Natural Veterinary Pharmaceuticals Appetite Control Advanced High Potency Homeopathic Medicine 4 fl oz (120 mL) NDC 57955-6156-4 UPC 357955615644 King Bio, Inc. FDA Reg. #1053442 3 Westside Drive Asheville, NC 28806 USA",41 bottles,Possible microbial contamination.,08/27/2018,05/16/2019,01/19/2022,05/15/2019,Lots: 120616D Exp. 12/19; 111516Q Exp. 11/19
Veterinary,No,05/16/2019,80962,Terminated,King Bio Inc.,3 Westside Dr,N/A,Asheville,NC,	28806-2846,United States,Voluntary: Firm initiated,Press Release,Nationwide.,V-0150-2019,Class II,"Dr. King's Natural Pet Pharmaceuticals All Natural Dog Homeopathic Allergies 4 fl oz (118 mL) NDC# 57955-4409-4 UPC 357955440147 King Bio, Inc. FDA Reg. # 1053442 3 Westside Dr. Asheville, NC 28806 USA",2186 bottles,Possible microbial contamination.,08/27/2018,05/16/2019,01/19/2022,05/15/2019,Lot: 120217S Exp. 12/19
Veterinary,No,09/15/2021,88537,Terminated,"Washington Homeopathic Products, Inc.",260 J R Hawvermale Way,N/A,Berkeley Springs,WV,	25411-6957,United States,Voluntary: Firm initiated,Letter,Product was distributed nationwide.,V-0152-2021,Class II,"Calm Stress Marketed by: Very Healthy Enterprise (Dr. Good Pet), liquid form, homeopathic, OTC Finished product packaged in an amber glass bottle, no outer packaging",N/A,Out-of-specification test results obtained for identification testing based on HPTLC analysis.,08/20/2021,09/15/2021,01/19/2024,09/08/2021,Lot # 27724 & 28703
Veterinary,No,09/15/2021,88537,Terminated,"Washington Homeopathic Products, Inc.",260 J R Hawvermale Way,N/A,Berkeley Springs,WV,	25411-6957,United States,Voluntary: Firm initiated,Letter,Product was distributed nationwide.,V-0153-2021,Class II,"Scratch Free Marketed by: Very Healthy Enterprise (Dr. Good Pet), liquid form, homeopathic, OTC Finished product packaged in an amber glass bottle, no outer packaging",N/A,Out-of-specification test results obtained for identification testing based on HPTLC analysis.,08/20/2021,09/15/2021,01/19/2024,09/08/2021,Lot # 28858 & 30076
Veterinary,No,,77441,Terminated,Spectrum Brands Inc,3001 Commerce St,N/A,Blacksburg,VA,	24060-6671,United States,Voluntary: Firm initiated,Telephone,"Multiple states nationwide and Canada. States include AL, AR, AZ, CA, CO, CT, DE, FL, GA, IA, ID, IL, IN, KS, KY, LA, MA, MD, ME, MI, MN, MO, MS, NC, NE, NJ, NV, NY, OH, OK, OR, PA, RI, SC, TN, TX, UT, VA, WA, WI, and WV",V-0158-2017,Class II,"Good 'n' Fun, Triple Flavor Chews, United Pet Group, a Division of Spectrum Brands, Blacksburg, VA, packaged in 2 count 7'' rolls, UPC 0 91093 82243 3;",Unknown,Investigation of complaints of an off odor on the product revealed that the product is potentially contaminated with an equipment sanitizer (quaternary ammonium).,06/05/2017,07/11/2017,02/02/2018,07/19/2017,"All codes beginning with AH, AV, A, AI, AO, AB and expiration dates between 6/1/2019 and 5/31/2020"
Veterinary,No,,77441,Terminated,Spectrum Brands Inc,3001 Commerce St,N/A,Blacksburg,VA,	24060-6671,United States,Voluntary: Firm initiated,Telephone,"Multiple states nationwide and Canada. States include AL, AR, AZ, CA, CO, CT, DE, FL, GA, IA, ID, IL, IN, KS, KY, LA, MA, MD, ME, MI, MN, MO, MS, NC, NE, NJ, NV, NY, OH, OK, OR, PA, RI, SC, TN, TX, UT, VA, WA, WI, and WV",V-0159-2017,Class II,"Good 'n' Fun, Beefhide Chicken Sticks, United Pet Group, a Division of Spectrum Brands, Blacksburg, VA, 10 count stick packages, UPC 0 91093 82247 1;",Unknown,Investigation of complaints of an off odor on the product revealed that the product is potentially contaminated with an equipment sanitizer (quaternary ammonium).,06/05/2017,07/11/2017,02/02/2018,07/19/2017,"All codes beginning with AH, AV, A, AI, AO, AB and expiration dates between 6/1/2019 and 5/31/2020"
Veterinary,No,,77441,Terminated,Spectrum Brands Inc,3001 Commerce St,N/A,Blacksburg,VA,	24060-6671,United States,Voluntary: Firm initiated,Telephone,"Multiple states nationwide and Canada. States include AL, AR, AZ, CA, CO, CT, DE, FL, GA, IA, ID, IL, IN, KS, KY, LA, MA, MD, ME, MI, MN, MO, MS, NC, NE, NJ, NV, NY, OH, OK, OR, PA, RI, SC, TN, TX, UT, VA, WA, WI, and WV",V-0160-2017,Class II,"Good 'n' Fun, Triple Flavor Chews, United Pet Group, a Division of Spectrum Brands, Blacksburg, VA, packaged in the following ways 1) 3 count 4'' bones, UPC 0 91093 82247 1; 2) 1 count 8'' bone, UPC 0 91093 82257 0;",Unknown,Investigation of complaints of an off odor on the product revealed that the product is potentially contaminated with an equipment sanitizer (quaternary ammonium).,06/05/2017,07/11/2017,02/02/2018,07/19/2017,"All codes beginning with AH, AV, A, AI, AO, AB and expiration dates between 6/1/2019 and 5/31/2020"
Veterinary,No,,77441,Terminated,Spectrum Brands Inc,3001 Commerce St,N/A,Blacksburg,VA,	24060-6671,United States,Voluntary: Firm initiated,Telephone,"Multiple states nationwide and Canada. States include AL, AR, AZ, CA, CO, CT, DE, FL, GA, IA, ID, IL, IN, KS, KY, LA, MA, MD, ME, MI, MN, MO, MS, NC, NE, NJ, NV, NY, OH, OK, OR, PA, RI, SC, TN, TX, UT, VA, WA, WI, and WV",V-0161-2017,Class II,"Good 'n' Fun, Pro Dips, Beef Flavored Liver Flavored, United Pet Group, a Division of Spectrum Brands, Blacksburg, VA, packaged in the following ways 1) 5 count 4'' bones, UPC 0 91093 55001 5; 2) 2 count 7'' bone, UPC 0 91093 55001 5;",Unknown,Investigation of complaints of an off odor on the product revealed that the product is potentially contaminated with an equipment sanitizer (quaternary ammonium).,06/05/2017,07/11/2017,02/02/2018,07/19/2017,"All codes beginning with AH, AV, A, AI, AO, AB and expiration dates between 6/1/2019 and 5/31/2020"
Veterinary,No,05/16/2019,80962,Terminated,King Bio Inc.,3 Westside Dr,N/A,Asheville,NC,	28806-2846,United States,Voluntary: Firm initiated,Press Release,Nationwide.,V-0161-2019,Class II,"Natural Veterinary Pharmaceuticals Muscle, Joint & Arthritis Relief High Potency Homeopathic Medicine 4 fl oz (120 mL) NDC# 57955-6162-4 UPC 357955616245 King Bio, Inc. FDA Reg. #1053442 3 Westside Drive Asheville, NC 28806 USA; b) Natural Pet Pharmaceuticals Muscle, Joint & Arthritis Homeopathic Dog 4 fl. oz. (118 mL) NDC# 57955-4404-4 UPC357955440444",14367 bottles,Possible microbial contamination.,08/27/2018,05/16/2019,01/19/2022,05/15/2019,Lots: a) 041416G Exp. 01/20; 081315J Exp. 08/18; 090816E Exp. 09/19; 051116A Exp. 05/19 ;071116N Exp. 07/19; b) 010418A Exp. 01/20; 011617E Exp. 01/20; 081216A Exp. 08/16; 082015C Exp. 08/18; 062816H Exp. 06/19
Veterinary,No,,77441,Terminated,Spectrum Brands Inc,3001 Commerce St,N/A,Blacksburg,VA,	24060-6671,United States,Voluntary: Firm initiated,Telephone,"Multiple states nationwide and Canada. States include AL, AR, AZ, CA, CO, CT, DE, FL, GA, IA, ID, IL, IN, KS, KY, LA, MA, MD, ME, MI, MN, MO, MS, NC, NE, NJ, NV, NY, OH, OK, OR, PA, RI, SC, TN, TX, UT, VA, WA, WI, and WV",V-0162-2017,Class II,"Good 'n' Fun, Pro Dips, Peanut Butter Flavored, United Pet Group, a Division of Spectrum Brands, Blacksburg, VA, packaged in the following ways 1) 5 count 4'' bones, UPC 0 91093 55007 7; 2) 2 count 7'' bone, UPC 0 91093 55008 4;",Unknown,Investigation of complaints of an off odor on the product revealed that the product is potentially contaminated with an equipment sanitizer (quaternary ammonium).,06/05/2017,07/11/2017,02/02/2018,07/19/2017,"All codes beginning with AH, AV, A, AI, AO, AB and expiration dates between 6/1/2019 and 5/31/2020"
Veterinary,No,05/16/2019,80962,Terminated,King Bio Inc.,3 Westside Dr,N/A,Asheville,NC,	28806-2846,United States,Voluntary: Firm initiated,Press Release,Nationwide.,V-0162-2019,Class II,Natural Pet Pharmaceuticals Teeth & Gums Homeopathic Dog 4 fl oz (118 mL) NDC# 57955-4406-4 UPC357955440642,4388 bottles,Possible microbial contamination.,08/27/2018,05/16/2019,01/19/2022,05/15/2019,Lots: 083116A Exp. 08/19; 041316A Exp. 04/19; 102215K Exp. 10/18; 052516AC Exp. 09/19
Veterinary,No,,77441,Terminated,Spectrum Brands Inc,3001 Commerce St,N/A,Blacksburg,VA,	24060-6671,United States,Voluntary: Firm initiated,Telephone,"Multiple states nationwide and Canada. States include AL, AR, AZ, CA, CO, CT, DE, FL, GA, IA, ID, IL, IN, KS, KY, LA, MA, MD, ME, MI, MN, MO, MS, NC, NE, NJ, NV, NY, OH, OK, OR, PA, RI, SC, TN, TX, UT, VA, WA, WI, and WV",V-0163-2017,Class II,"Good 'n' Fun, Beefy Ribs, Beef Flavored, United Pet Group, a Division of Spectrum Brands, Blacksburg, VA, packaged in the following ways 1) 5 count, UPC 0 91093 64208 6; 2) 24 count, UPC 0 91093 82365 2;",Unknown,Investigation of complaints of an off odor on the product revealed that the product is potentially contaminated with an equipment sanitizer (quaternary ammonium).,06/05/2017,07/11/2017,02/02/2018,07/19/2017,"All codes beginning with AH, AV, A, AI, AO, AB and expiration dates between 6/1/2019 and 5/31/2020"
Veterinary,No,05/16/2019,80962,Terminated,King Bio Inc.,3 Westside Dr,N/A,Asheville,NC,	28806-2846,United States,Voluntary: Firm initiated,Press Release,Nationwide.,V-0163-2019,Class II,Dr. King's Natural Pet Pharmaceuticals Yeast Control Homeopathic Dog 4 fl oz (118 mL) NDC# 57955-4408-4 UPC357955440840,2779 bottles,Possible microbial contamination.,08/27/2018,05/16/2019,01/19/2022,05/15/2019,Lots: 110317F Exp. 11/19; 030916L Exp. 03/19; 020317D Exp. 02/20
Veterinary,No,,77441,Terminated,Spectrum Brands Inc,3001 Commerce St,N/A,Blacksburg,VA,	24060-6671,United States,Voluntary: Firm initiated,Telephone,"Multiple states nationwide and Canada. States include AL, AR, AZ, CA, CO, CT, DE, FL, GA, IA, ID, IL, IN, KS, KY, LA, MA, MD, ME, MI, MN, MO, MS, NC, NE, NJ, NV, NY, OH, OK, OR, PA, RI, SC, TN, TX, UT, VA, WA, WI, and WV",V-0164-2017,Class II,"Good 'n' Fun, Beefy sticks, Beef Flavored, United Pet Group, a Division of Spectrum Brands, Blacksburg, VA, packaged in 100 count packages, UPC 0 91093 93924 7;",Unknown,Investigation of complaints of an off odor on the product revealed that the product is potentially contaminated with an equipment sanitizer (quaternary ammonium).,06/05/2017,07/11/2017,02/02/2018,07/19/2017,"All codes beginning with AH, AV, A, AI, AO, AB and expiration dates between 6/1/2019 and 5/31/2020"
Veterinary,No,05/16/2019,80962,Terminated,King Bio Inc.,3 Westside Dr,N/A,Asheville,NC,	28806-2846,United States,Voluntary: Firm initiated,Press Release,Nationwide.,V-0164-2019,Class II,"Dr. King's Natural Pet Pharmaceuticals Digestive Upsets Homeopathic Dog 4 fl oz (118 mL) NDC# 57955-4403-4 UPC357955440345 King Bio, Inc. FDA Reg. #1053442 3 Westside Dr. Asheville, NC 28806 USA",2055 bottles,Possible microbial contamination.,08/27/2018,05/16/2019,01/19/2022,05/15/2019,Lots: 011918D Exp. 01/20; 020317C Exp. 02/20; 040616AA Exp. 04/19; 071116L Exp. 07/19
Veterinary,No,,77441,Terminated,Spectrum Brands Inc,3001 Commerce St,N/A,Blacksburg,VA,	24060-6671,United States,Voluntary: Firm initiated,Telephone,"Multiple states nationwide and Canada. States include AL, AR, AZ, CA, CO, CT, DE, FL, GA, IA, ID, IL, IN, KS, KY, LA, MA, MD, ME, MI, MN, MO, MS, NC, NE, NJ, NV, NY, OH, OK, OR, PA, RI, SC, TN, TX, UT, VA, WA, WI, and WV",V-0165-2017,Class II,"Good 'n' Fun, Chew Bone, United Pet Group, a Division of Spectrum Brands, Blacksburg, VA, packaged in 1) 1 count 7'' packages, UPC 0 91093 14215 9; 2)  1 count 4'' packages, UPC 0 91093 14152 7; 3)  1 count 15'' packages, UPC 0 91093 14283 8;",Unknown,Investigation of complaints of an off odor on the product revealed that the product is potentially contaminated with an equipment sanitizer (quaternary ammonium).,06/05/2017,07/11/2017,02/02/2018,07/19/2017,"All codes beginning with AH, AV, A, AI, AO, AB and expiration dates between 6/1/2019 and 5/31/2020"
Veterinary,No,05/16/2019,80962,Terminated,King Bio Inc.,3 Westside Dr,N/A,Asheville,NC,	28806-2846,United States,Voluntary: Firm initiated,Press Release,Nationwide.,V-0165-2019,Class II,"Natural Pet Pharmaceuticals Anxiety & Stress Homeopathic Dog 4 fl oz (118 mL) NDC# 57955-4407-4 UPC357955440741 King Bio, Inc. FDA Reg. #1053442 3 Westside Dr. Asheville, NC 28806 USA",10394 bottles,Possible microbial contamination.,08/27/2018,05/16/2019,01/19/2022,05/15/2019,Lots: 100716A Exp. 10/19; 092617D Exp. 09/19; 081715B Exp. 08/18; 072916C Exp. 07/19; 051716Q Exp. 05/19
Veterinary,No,,77441,Terminated,Spectrum Brands Inc,3001 Commerce St,N/A,Blacksburg,VA,	24060-6671,United States,Voluntary: Firm initiated,Telephone,"Multiple states nationwide and Canada. States include AL, AR, AZ, CA, CO, CT, DE, FL, GA, IA, ID, IL, IN, KS, KY, LA, MA, MD, ME, MI, MN, MO, MS, NC, NE, NJ, NV, NY, OH, OK, OR, PA, RI, SC, TN, TX, UT, VA, WA, WI, and WV",V-0166-2017,Class II,"Good 'n' Fun, Beef Bone, United Pet Group, a Division of Spectrum Brands, Blacksburg, VA, packaged in 1) 1 count 9'' packages, UPC 0 91093 25288 9; 2)  1 count 4'' packages, UPC 0 91093 25162 2;",Unknown,Investigation of complaints of an off odor on the product revealed that the product is potentially contaminated with an equipment sanitizer (quaternary ammonium).,06/05/2017,07/11/2017,02/02/2018,07/19/2017,"All codes beginning with AH, AV, A, AI, AO, AB and expiration dates between 6/1/2019 and 5/31/2020"
Veterinary,No,05/16/2019,80962,Terminated,King Bio Inc.,3 Westside Dr,N/A,Asheville,NC,	28806-2846,United States,Voluntary: Firm initiated,Press Release,Nationwide.,V-0166-2019,Class II,"Natural Pet Pharmaceuticals Appetite & Weight Homeopathic Dog 4 fl oz (118 mL) NDC# 57955-4405-4 UPC357955440543 King Bio, Inc. FDA Reg. #1053442 3 Westside Dr. Asheville, NC 28806 USA",853 bottles,Possible microbial contamination.,08/27/2018,05/16/2019,01/19/2022,05/15/2019,Lots: 071116J Exp. 07/19; 042717B Exp. 04/20; 033016N Exp. 03/19
Veterinary,No,,77441,Terminated,Spectrum Brands Inc,3001 Commerce St,N/A,Blacksburg,VA,	24060-6671,United States,Voluntary: Firm initiated,Telephone,"Multiple states nationwide and Canada. States include AL, AR, AZ, CA, CO, CT, DE, FL, GA, IA, ID, IL, IN, KS, KY, LA, MA, MD, ME, MI, MN, MO, MS, NC, NE, NJ, NV, NY, OH, OK, OR, PA, RI, SC, TN, TX, UT, VA, WA, WI, and WV",V-0167-2017,Class II,"Good 'n' Fun, Chew Roll, United Pet Group, a Division of Spectrum Brands, Blacksburg, VA, packaged in 1 count 10'' packages, UPC 0 91093 14377 4;",Unknown,Investigation of complaints of an off odor on the product revealed that the product is potentially contaminated with an equipment sanitizer (quaternary ammonium).,06/05/2017,07/11/2017,02/02/2018,07/19/2017,"All codes beginning with AH, AV, A, AI, AO, AB and expiration dates between 6/1/2019 and 5/31/2020"
Veterinary,No,05/16/2019,80962,Terminated,King Bio Inc.,3 Westside Dr,N/A,Asheville,NC,	28806-2846,United States,Voluntary: Firm initiated,Press Release,Nationwide.,V-0167-2019,Class II,"Natural Pet Pharmaceuticals Teeth & Gums Homeopathic Cat 4 fl oz (118 mL) NDC# 57955-4303-4 UPC357955430346 King Bio, Inc. FDA Reg. #1053442 3 Westside Dr. Asheville, NC 28806 USA",7006 bottles,Possible microbial contamination.,08/27/2018,05/16/2019,01/19/2022,05/15/2019,Lots: 012716A Exp. 01/19; 072716A Exp. 07/19; 060116D Exp. 06/19; 021717D Exp. 02/20
Veterinary,No,,77441,Terminated,Spectrum Brands Inc,3001 Commerce St,N/A,Blacksburg,VA,	24060-6671,United States,Voluntary: Firm initiated,Telephone,"Multiple states nationwide and Canada. States include AL, AR, AZ, CA, CO, CT, DE, FL, GA, IA, ID, IL, IN, KS, KY, LA, MA, MD, ME, MI, MN, MO, MS, NC, NE, NJ, NV, NY, OH, OK, OR, PA, RI, SC, TN, TX, UT, VA, WA, WI, and WV",V-0168-2017,Class II,"Good 'n' Fun, Chicken Chew Roll, United Pet Group, a Division of Spectrum Brands, Blacksburg, VA, packaged in 1 count 10'' packages, UPC 0 91093 27150 7;",Unknown,Investigation of complaints of an off odor on the product revealed that the product is potentially contaminated with an equipment sanitizer (quaternary ammonium).,06/05/2017,07/11/2017,02/02/2018,07/19/2017,"All codes beginning with AH, AV, A, AI, AO, AB and expiration dates between 6/1/2019 and 5/31/2020"
Veterinary,No,05/16/2019,80962,Terminated,King Bio Inc.,3 Westside Dr,N/A,Asheville,NC,	28806-2846,United States,Voluntary: Firm initiated,Press Release,Nationwide.,V-0168-2019,Class II,"Dr. King's Natural Pet Pharmaceuticals Oral Health All Natural Dog Homeopathic 4 fl oz (118 mL) NDC# 57955-4420-4 UPC357955442042 King Bio, Inc. FDA Reg. #1053442 3 Westside Dr. Asheville, NC 28806 USA",1958 bottles,Possible microbial contamination.,08/27/2018,05/16/2019,01/19/2022,05/15/2019,Lot: 102717D Exp. 10/19
Veterinary,No,,77441,Terminated,Spectrum Brands Inc,3001 Commerce St,N/A,Blacksburg,VA,	24060-6671,United States,Voluntary: Firm initiated,Telephone,"Multiple states nationwide and Canada. States include AL, AR, AZ, CA, CO, CT, DE, FL, GA, IA, ID, IL, IN, KS, KY, LA, MA, MD, ME, MI, MN, MO, MS, NC, NE, NJ, NV, NY, OH, OK, OR, PA, RI, SC, TN, TX, UT, VA, WA, WI, and WV",V-0169-2017,Class II,"Good 'n' Fun, Natural Chew Ring, United Pet Group, a Division of Spectrum Brands, Blacksburg, VA, packaged in 1 count 6'' packages, UPC 0 91093 14359 0;",Unknown,Investigation of complaints of an off odor on the product revealed that the product is potentially contaminated with an equipment sanitizer (quaternary ammonium).,06/05/2017,07/11/2017,02/02/2018,07/19/2017,"All codes beginning with AH, AV, A, AI, AO, AB and expiration dates between 6/1/2019 and 5/31/2020"
Veterinary,No,05/16/2019,80962,Terminated,King Bio Inc.,3 Westside Dr,N/A,Asheville,NC,	28806-2846,United States,Voluntary: Firm initiated,Press Release,Nationwide.,V-0169-2019,Class II,"Dr. King's Natural Pet Pharmaceuticals Oral Health All Natural Cat Homeopathic 4 fl oz (118 mL) NDC# 57955-4310-4 UPC357955431046 King Bio, Inc. FDA Reg. #1053442 3 Westside Dr. Asheville, NC 28806 USA",1015 bottles,Possible microbial contamination.,08/27/2018,05/16/2019,01/19/2022,05/15/2019,Lot: 022318E Exp. 02/20
Veterinary,No,,77441,Terminated,Spectrum Brands Inc,3001 Commerce St,N/A,Blacksburg,VA,	24060-6671,United States,Voluntary: Firm initiated,Telephone,"Multiple states nationwide and Canada. States include AL, AR, AZ, CA, CO, CT, DE, FL, GA, IA, ID, IL, IN, KS, KY, LA, MA, MD, ME, MI, MN, MO, MS, NC, NE, NJ, NV, NY, OH, OK, OR, PA, RI, SC, TN, TX, UT, VA, WA, WI, and WV",V-0170-2017,Class II,"Good 'n' Fun, Chew Bones, United Pet Group, a Division of Spectrum Brands, Blacksburg, VA, packaged in 8 count 4'' bone packages, UPC 0 91093 80206 0;",Unknown,Investigation of complaints of an off odor on the product revealed that the product is potentially contaminated with an equipment sanitizer (quaternary ammonium).,06/05/2017,07/11/2017,02/02/2018,07/19/2017,"All codes beginning with AH, AV, A, AI, AO, AB and expiration dates between 6/1/2019 and 5/31/2020"
Veterinary,No,,77441,Terminated,Spectrum Brands Inc,3001 Commerce St,N/A,Blacksburg,VA,	24060-6671,United States,Voluntary: Firm initiated,Telephone,"Multiple states nationwide and Canada. States include AL, AR, AZ, CA, CO, CT, DE, FL, GA, IA, ID, IL, IN, KS, KY, LA, MA, MD, ME, MI, MN, MO, MS, NC, NE, NJ, NV, NY, OH, OK, OR, PA, RI, SC, TN, TX, UT, VA, WA, WI, and WV",V-0171-2017,Class II,"Good 'n' Fun, Beef bone, United Pet Group, a Division of Spectrum Brands, Blacksburg, VA, packaged in 1 count 10'' roll packages, UPC 0 91093 80206 0;",Unknown,Investigation of complaints of an off odor on the product revealed that the product is potentially contaminated with an equipment sanitizer (quaternary ammonium).,06/05/2017,07/11/2017,02/02/2018,07/19/2017,"All codes beginning with AH, AV, A, AI, AO, AB and expiration dates between 6/1/2019 and 5/31/2020"
Veterinary,No,05/22/2019,81280,Completed,Silver Star Brands,2155 S Oakwood Rd,N/A,Oshkosh,WI,	54904-6359,United States,Voluntary: Firm initiated,Press Release,Nationwide USA,V-0171-2019,Class II,"PetAlive Plump-Up Pet, Oral Spray, 2 fl oz (59 mL) per bottle, Homeopathic Formula, Distributed by:  Silver Star Brands, Oshkosh, WI 54906.  NDC: 68703-290-02",134 bottles,Potential for microbial contamination.,10/03/2018,05/22/2019,N/A,05/22/2019,Lot K011617E
Veterinary,No,,77441,Terminated,Spectrum Brands Inc,3001 Commerce St,N/A,Blacksburg,VA,	24060-6671,United States,Voluntary: Firm initiated,Telephone,"Multiple states nationwide and Canada. States include AL, AR, AZ, CA, CO, CT, DE, FL, GA, IA, ID, IL, IN, KS, KY, LA, MA, MD, ME, MI, MN, MO, MS, NC, NE, NJ, NV, NY, OH, OK, OR, PA, RI, SC, TN, TX, UT, VA, WA, WI, and WV",V-0172-2017,Class II,"Good 'n' Fun, Chew Chips, United Pet Group, a Division of Spectrum Brands, Blacksburg, VA, packaged in 1 lb packages, UPC 0 91093 96270 9;",Unknown,Investigation of complaints of an off odor on the product revealed that the product is potentially contaminated with an equipment sanitizer (quaternary ammonium).,06/05/2017,07/11/2017,02/02/2018,07/19/2017,"All codes beginning with AH, AV, A, AI, AO, AB and expiration dates between 6/1/2019 and 5/31/2020"
Veterinary,No,05/22/2019,81280,Completed,Silver Star Brands,2155 S Oakwood Rd,N/A,Oshkosh,WI,	54904-6359,United States,Voluntary: Firm initiated,Press Release,Nationwide USA,V-0172-2019,Class II,"PetAlive Allergy Itch Ease, Oral Spray, 2 fl oz (59 mL) per bottle, Homeopathic Formula, Distributed by:  Silver Star Brands, Oshkosh, WI 54906.  NDC: 68703-135-59",266 bottles,Potential for microbial contamination.,10/03/2018,05/22/2019,N/A,05/22/2019,Lot K111617B
Veterinary,No,,77441,Terminated,Spectrum Brands Inc,3001 Commerce St,N/A,Blacksburg,VA,	24060-6671,United States,Voluntary: Firm initiated,Telephone,"Multiple states nationwide and Canada. States include AL, AR, AZ, CA, CO, CT, DE, FL, GA, IA, ID, IL, IN, KS, KY, LA, MA, MD, ME, MI, MN, MO, MS, NC, NE, NJ, NV, NY, OH, OK, OR, PA, RI, SC, TN, TX, UT, VA, WA, WI, and WV",V-0173-2017,Class II,"Good 'n' Fit, Skin & Coat Chews Beef Flavored, United Pet Group, a Division of Spectrum Brands, Blacksburg, VA, packaged in 1) 5 count 4'' bone packages, UPC 0 91093 31224 8; 2) 1 count 7'' bone packages UPC 0 91093 31222 4; 3) 1 count 9'' bones UPC 0 91093 31223 1;",Unknown,Investigation of complaints of an off odor on the product revealed that the product is potentially contaminated with an equipment sanitizer (quaternary ammonium).,06/05/2017,07/11/2017,02/02/2018,07/19/2017,"All codes beginning with AH, AV, A, AI, AO, AB and expiration dates between 6/1/2019 and 5/31/2020"
Veterinary,No,,77441,Terminated,Spectrum Brands Inc,3001 Commerce St,N/A,Blacksburg,VA,	24060-6671,United States,Voluntary: Firm initiated,Telephone,"Multiple states nationwide and Canada. States include AL, AR, AZ, CA, CO, CT, DE, FL, GA, IA, ID, IL, IN, KS, KY, LA, MA, MD, ME, MI, MN, MO, MS, NC, NE, NJ, NV, NY, OH, OK, OR, PA, RI, SC, TN, TX, UT, VA, WA, WI, and WV",V-0174-2017,Class II,"Good 'n' Fit, Skin & Coat Beef Flavored Chips, United Pet Group, a Division of Spectrum Brands, Blacksburg, VA, packaged in 4 oz packages, UPC 0 91093 31227 9;",Unknown,Investigation of complaints of an off odor on the product revealed that the product is potentially contaminated with an equipment sanitizer (quaternary ammonium).,06/05/2017,07/11/2017,02/02/2018,07/19/2017,"All codes beginning with AH, AV, A, AI, AO, AB and expiration dates between 6/1/2019 and 5/31/2020"
Veterinary,No,,77441,Terminated,Spectrum Brands Inc,3001 Commerce St,N/A,Blacksburg,VA,	24060-6671,United States,Voluntary: Firm initiated,Telephone,"Multiple states nationwide and Canada. States include AL, AR, AZ, CA, CO, CT, DE, FL, GA, IA, ID, IL, IN, KS, KY, LA, MA, MD, ME, MI, MN, MO, MS, NC, NE, NJ, NV, NY, OH, OK, OR, PA, RI, SC, TN, TX, UT, VA, WA, WI, and WV",V-0175-2017,Class II,"Good 'n' Fit, Skin & Coat Beef Flavored Crunchy Sticks, United Pet Group, a Division of Spectrum Brands, Blacksburg, VA, packaged in 20 count packages, UPC 0 91093 31230 9;",Unknown,Investigation of complaints of an off odor on the product revealed that the product is potentially contaminated with an equipment sanitizer (quaternary ammonium).,06/05/2017,07/11/2017,02/02/2018,07/19/2017,"All codes beginning with AH, AV, A, AI, AO, AB and expiration dates between 6/1/2019 and 5/31/2020"
Veterinary,No,,77441,Terminated,Spectrum Brands Inc,3001 Commerce St,N/A,Blacksburg,VA,	24060-6671,United States,Voluntary: Firm initiated,Telephone,"Multiple states nationwide and Canada. States include AL, AR, AZ, CA, CO, CT, DE, FL, GA, IA, ID, IL, IN, KS, KY, LA, MA, MD, ME, MI, MN, MO, MS, NC, NE, NJ, NV, NY, OH, OK, OR, PA, RI, SC, TN, TX, UT, VA, WA, WI, and WV",V-0176-2017,Class II,"Good 'n' Fit, Skin & Coat Chews, United Pet Group, a Division of Spectrum Brands, Blacksburg, VA, packaged in 7 count 5'' roll packages, UPC 0 91093 31126 5;",Unknown,Investigation of complaints of an off odor on the product revealed that the product is potentially contaminated with an equipment sanitizer (quaternary ammonium).,06/05/2017,07/11/2017,02/02/2018,07/19/2017,"All codes beginning with AH, AV, A, AI, AO, AB and expiration dates between 6/1/2019 and 5/31/2020"
Veterinary,No,,77441,Terminated,Spectrum Brands Inc,3001 Commerce St,N/A,Blacksburg,VA,	24060-6671,United States,Voluntary: Firm initiated,Telephone,"Multiple states nationwide and Canada. States include AL, AR, AZ, CA, CO, CT, DE, FL, GA, IA, ID, IL, IN, KS, KY, LA, MA, MD, ME, MI, MN, MO, MS, NC, NE, NJ, NV, NY, OH, OK, OR, PA, RI, SC, TN, TX, UT, VA, WA, WI, and WV",V-0177-2017,Class II,"Good 'n' Fit, Skin & Coat Chews Chips, United Pet Group, a Division of Spectrum Brands, Blacksburg, VA, packaged in 4 oz packages, UPC 0 91093 31117 3;",Unknown,Investigation of complaints of an off odor on the product revealed that the product is potentially contaminated with an equipment sanitizer (quaternary ammonium).,06/05/2017,07/11/2017,02/02/2018,07/19/2017,"All codes beginning with AH, AV, A, AI, AO, AB and expiration dates between 6/1/2019 and 5/31/2020"
Veterinary,No,,77441,Terminated,Spectrum Brands Inc,3001 Commerce St,N/A,Blacksburg,VA,	24060-6671,United States,Voluntary: Firm initiated,Telephone,"Multiple states nationwide and Canada. States include AL, AR, AZ, CA, CO, CT, DE, FL, GA, IA, ID, IL, IN, KS, KY, LA, MA, MD, ME, MI, MN, MO, MS, NC, NE, NJ, NV, NY, OH, OK, OR, PA, RI, SC, TN, TX, UT, VA, WA, WI, and WV",V-0178-2017,Class II,"Healthy Hide, Skin & Coat Bone Artificial Chicken Flavor, United Pet Group, a Division of Spectrum Brands, Blacksburg, VA, packaged in 1 count 7'' bone packages, UPC 0 91093 31339 9;",Unknown,Investigation of complaints of an off odor on the product revealed that the product is potentially contaminated with an equipment sanitizer (quaternary ammonium).,06/05/2017,07/11/2017,02/02/2018,07/19/2017,"All codes beginning with AH, AV, A, AI, AO, AB and expiration dates between 6/1/2019 and 5/31/2020"
Veterinary,No,,77441,Terminated,Spectrum Brands Inc,3001 Commerce St,N/A,Blacksburg,VA,	24060-6671,United States,Voluntary: Firm initiated,Telephone,"Multiple states nationwide and Canada. States include AL, AR, AZ, CA, CO, CT, DE, FL, GA, IA, ID, IL, IN, KS, KY, LA, MA, MD, ME, MI, MN, MO, MS, NC, NE, NJ, NV, NY, OH, OK, OR, PA, RI, SC, TN, TX, UT, VA, WA, WI, and WV",V-0179-2017,Class II,"Healthy Hide, Dental Rolls, United Pet Group, a Division of Spectrum Brands, Blacksburg, VA, packaged in 2 count 5'' rolls packages, UPC 0 91093 31339 9;",Unknown,Investigation of complaints of an off odor on the product revealed that the product is potentially contaminated with an equipment sanitizer (quaternary ammonium).,06/05/2017,07/11/2017,02/02/2018,07/19/2017,"All codes beginning with AH, AV, A, AI, AO, AB and expiration dates between 6/1/2019 and 5/31/2020"
Veterinary,No,06/04/2019,82720,Terminated,"Hiers Enterprises, LLC dba Northwest Compounding Pharmacy",1350 Ne Stephens St Ste 42,N/A,Roseburg,OR,	97470-6410,United States,Voluntary: Firm initiated,Letter,Product was distributed exclusively in the state of Oregon to 3 medical facilities. 1 Physician's office and 80 consumers/patients. These are compounded products- labels vary for each compound- specific to each patient. Firm did not provide labeling.,V-0181-2019,Class II,"CYCLOSPORIN IN PETROLATUM 2%, 5 mLs",5 mL,Lack of sterility assurance.,01/02/2019,06/04/2019,03/28/2023,06/05/2019,Lot Number 09042018@16
Veterinary,No,09/09/2026,99567,Ongoing,"Westwood Laboratories, LLC.",710 S Ayon Ave,N/A,Azusa,CA,	91702-5123,United States,Voluntary: Firm initiated,Letter,US Nationwide.,V-0194-2026,Class II,"Remedy Recovery Dogswell, Pet Wormer, for dogs, cats, puppies, & kittens, Net Contents 236 ml (8 fl oz), Distributed by Whitebridge Pet Brands, St. Louis, MO 63141, NDC 86131-300-08.",N/A,Firm received complaints related to adverse events after administration of the product.,08/05/2026,09/09/2026,N/A,08/12/2026,"Lot # 24I19C-5, Exp Date: 09/2026; Lot # 25B17A-5, Exp Date: 02/2027."
Veterinary,No,,77441,Terminated,Spectrum Brands Inc,3001 Commerce St,N/A,Blacksburg,VA,	24060-6671,United States,Voluntary: Firm initiated,Telephone,"Multiple states nationwide and Canada. States include AL, AR, AZ, CA, CO, CT, DE, FL, GA, IA, ID, IL, IN, KS, KY, LA, MA, MD, ME, MI, MN, MO, MS, NC, NE, NJ, NV, NY, OH, OK, OR, PA, RI, SC, TN, TX, UT, VA, WA, WI, and WV",V-0197-2017,Class II,"Dentahex, Oral Care Chews Petite, Manufactured For Vetoquinol USA Inc. Ft. Worth, TX USA 76137, packaged in 30 count packages, UPC 17030030167;",Unknown,Investigation of complaints of an off odor on the product revealed that the product is potentially contaminated with an equipment sanitizer (quaternary ammonium).,06/05/2017,07/11/2017,02/02/2018,07/19/2017,All codes with expiration dates between 6/1/2021 and 5/31/2022
Veterinary,No,,77441,Terminated,Spectrum Brands Inc,3001 Commerce St,N/A,Blacksburg,VA,	24060-6671,United States,Voluntary: Firm initiated,Telephone,"Multiple states nationwide and Canada. States include AL, AR, AZ, CA, CO, CT, DE, FL, GA, IA, ID, IL, IN, KS, KY, LA, MA, MD, ME, MI, MN, MO, MS, NC, NE, NJ, NV, NY, OH, OK, OR, PA, RI, SC, TN, TX, UT, VA, WA, WI, and WV",V-0213-2017,Class II,"Enzadent, Oral Care Chews Petite Dogs, Manufactured for Vetoquinol USA Inc. Ft. Worth, TX USA 76137, packaged in 30 count packages, UPC 17030030167;",Unknown,Investigation of complaints of an off odor on the product revealed that the product is potentially contaminated with an equipment sanitizer (quaternary ammonium).,06/05/2017,07/11/2017,02/02/2018,07/19/2017,All codes with expiration dates between 6/1/2021 and 5/31/2022
Veterinary,No,,77441,Terminated,Spectrum Brands Inc,3001 Commerce St,N/A,Blacksburg,VA,	24060-6671,United States,Voluntary: Firm initiated,Telephone,"Multiple states nationwide and Canada. States include AL, AR, AZ, CA, CO, CT, DE, FL, GA, IA, ID, IL, IN, KS, KY, LA, MA, MD, ME, MI, MN, MO, MS, NC, NE, NJ, NV, NY, OH, OK, OR, PA, RI, SC, TN, TX, UT, VA, WA, WI, and WV",V-0227-2017,Class II,"Good Lovin', Beef Flavor Butcher's Block Rawhide Bone, Distributed by: International Pet Supplies and Distribution, Inc. San Diego, CA, packaged in 1) 3 count 5'' bone packages, UPC 800443969823; 2) 3 count 9'' bone packages, UPC 800443969809;",Unknown,Investigation of complaints of an off odor on the product revealed that the product is potentially contaminated with an equipment sanitizer (quaternary ammonium).,06/05/2017,07/11/2017,02/02/2018,07/19/2017,"All codes beginning with AH, AV A, AI, AO, or AB and expiration dates between 6/1/2019 and 5/31/2020"
Veterinary,No,,77441,Terminated,Spectrum Brands Inc,3001 Commerce St,N/A,Blacksburg,VA,	24060-6671,United States,Voluntary: Firm initiated,Telephone,"Multiple states nationwide and Canada. States include AL, AR, AZ, CA, CO, CT, DE, FL, GA, IA, ID, IL, IN, KS, KY, LA, MA, MD, ME, MI, MN, MO, MS, NC, NE, NJ, NV, NY, OH, OK, OR, PA, RI, SC, TN, TX, UT, VA, WA, WI, and WV",V-0228-2017,Class II,"Good Lovin', Chicken Flavor Rawhide Bone, Distributed by: International Pet Supplies and Distribution, Inc. San Diego, CA, packaged in 3 count 5'' bone packages, UPC 800443157213;",Unknown,Investigation of complaints of an off odor on the product revealed that the product is potentially contaminated with an equipment sanitizer (quaternary ammonium).,06/05/2017,07/11/2017,02/02/2018,07/19/2017,"All codes beginning with AH, AV A, AI, AO, or AB and expiration dates between 6/1/2019 and 5/31/2020"
Veterinary,No,,77441,Terminated,Spectrum Brands Inc,3001 Commerce St,N/A,Blacksburg,VA,	24060-6671,United States,Voluntary: Firm initiated,Telephone,"Multiple states nationwide and Canada. States include AL, AR, AZ, CA, CO, CT, DE, FL, GA, IA, ID, IL, IN, KS, KY, LA, MA, MD, ME, MI, MN, MO, MS, NC, NE, NJ, NV, NY, OH, OK, OR, PA, RI, SC, TN, TX, UT, VA, WA, WI, and WV",V-0229-2017,Class II,"Good Lovin', Hand Wrapped Jerky Rolls with Beef, Distributed by: International Pet Supplies and Distribution, Inc. San Diego, CA, packaged in 2 count 7'' wrap packages, UPC 800443969847;",Unknown,Investigation of complaints of an off odor on the product revealed that the product is potentially contaminated with an equipment sanitizer (quaternary ammonium).,06/05/2017,07/11/2017,02/02/2018,07/19/2017,"All codes beginning with AH, AV A, AI, AO, or AB and expiration dates between 6/1/2019 and 5/31/2020"
Veterinary,No,,77441,Terminated,Spectrum Brands Inc,3001 Commerce St,N/A,Blacksburg,VA,	24060-6671,United States,Voluntary: Firm initiated,Telephone,"Multiple states nationwide and Canada. States include AL, AR, AZ, CA, CO, CT, DE, FL, GA, IA, ID, IL, IN, KS, KY, LA, MA, MD, ME, MI, MN, MO, MS, NC, NE, NJ, NV, NY, OH, OK, OR, PA, RI, SC, TN, TX, UT, VA, WA, WI, and WV",V-0240-2017,Class II,"PetCo, Granulated Rawhide, Ribs Natural Flavored Dog Chews Beef, Distributed by: International Pet Supplies and Distribution, Inc. San Diego, CA 92121, packaged in 1 lb packages, UPC 800443126219;",Unknown,Investigation of complaints of an off odor on the product revealed that the product is potentially contaminated with an equipment sanitizer (quaternary ammonium).,06/05/2017,07/11/2017,02/02/2018,07/19/2017,"All codes beginning with AH, AV A, AI, AO, or AB and expiration dates between 6/1/2019 and 5/31/2020"
Veterinary,No,,77441,Terminated,Spectrum Brands Inc,3001 Commerce St,N/A,Blacksburg,VA,	24060-6671,United States,Voluntary: Firm initiated,Telephone,"Multiple states nationwide and Canada. States include AL, AR, AZ, CA, CO, CT, DE, FL, GA, IA, ID, IL, IN, KS, KY, LA, MA, MD, ME, MI, MN, MO, MS, NC, NE, NJ, NV, NY, OH, OK, OR, PA, RI, SC, TN, TX, UT, VA, WA, WI, and WV",V-0241-2017,Class II,"PetCo, Classic Rawhide, Knot Bones, Natural Flavored Dog Chews Beef, Distributed by: International Pet Supplies and Distribution, Inc. San Diego, CA 92121, packaged in 2 count 7'' bone packages, UPC 800443065051;",Unknown,Investigation of complaints of an off odor on the product revealed that the product is potentially contaminated with an equipment sanitizer (quaternary ammonium).,06/05/2017,07/11/2017,02/02/2018,07/19/2017,"All codes beginning with AH, AV A, AI, AO, or AB and expiration dates between 6/1/2019 and 5/31/2020"
Veterinary,No,,77441,Terminated,Spectrum Brands Inc,3001 Commerce St,N/A,Blacksburg,VA,	24060-6671,United States,Voluntary: Firm initiated,Telephone,"Multiple states nationwide and Canada. States include AL, AR, AZ, CA, CO, CT, DE, FL, GA, IA, ID, IL, IN, KS, KY, LA, MA, MD, ME, MI, MN, MO, MS, NC, NE, NJ, NV, NY, OH, OK, OR, PA, RI, SC, TN, TX, UT, VA, WA, WI, and WV",V-0250-2017,Class II,"yourpet, Beef Basted Beefhide Chips, Distributed by: Harris Teeter Matthews, NC, packaged in 1 lb packages, UPC 72036250407;",Unknown,Investigation of complaints of an off odor on the product revealed that the product is potentially contaminated with an equipment sanitizer (quaternary ammonium).,06/05/2017,07/11/2017,02/02/2018,07/19/2017,"All codes beginning with AH, AV A, AI, AO, or AB and expiration dates between 6/1/2019 and 5/31/2020"
Veterinary,No,,77441,Terminated,Spectrum Brands Inc,3001 Commerce St,N/A,Blacksburg,VA,	24060-6671,United States,Voluntary: Firm initiated,Telephone,"Multiple states nationwide and Canada. States include AL, AR, AZ, CA, CO, CT, DE, FL, GA, IA, ID, IL, IN, KS, KY, LA, MA, MD, ME, MI, MN, MO, MS, NC, NE, NJ, NV, NY, OH, OK, OR, PA, RI, SC, TN, TX, UT, VA, WA, WI, and WV",V-0251-2017,Class II,"yourpet, Beef Basted Beefhide Rolls, Distributed by: Harris Teeter Matthews, NC, packaged in 2 count 7'' roll packages, UPC 72036977175;",Unknown,Investigation of complaints of an off odor on the product revealed that the product is potentially contaminated with an equipment sanitizer (quaternary ammonium).,06/05/2017,07/11/2017,02/02/2018,07/19/2017,"All codes beginning with AH, AV A, AI, AO, or AB and expiration dates between 6/1/2019 and 5/31/2020"
Veterinary,No,,77441,Terminated,Spectrum Brands Inc,3001 Commerce St,N/A,Blacksburg,VA,	24060-6671,United States,Voluntary: Firm initiated,Telephone,"Multiple states nationwide and Canada. States include AL, AR, AZ, CA, CO, CT, DE, FL, GA, IA, ID, IL, IN, KS, KY, LA, MA, MD, ME, MI, MN, MO, MS, NC, NE, NJ, NV, NY, OH, OK, OR, PA, RI, SC, TN, TX, UT, VA, WA, WI, and WV",V-0252-2017,Class II,"yourpet, Natural Beefhide Chips, Distributed by: Harris Teeter Matthews, NC, packaged in 1) 1 lb packages, UPC 72036977964; 2) 2 lb packages, UPC 72036981318;",Unknown,Investigation of complaints of an off odor on the product revealed that the product is potentially contaminated with an equipment sanitizer (quaternary ammonium).,06/05/2017,07/11/2017,02/02/2018,07/19/2017,"All codes beginning with AH, AV A, AI, AO, or AB and expiration dates between 6/1/2019 and 5/31/2020"
Veterinary,No,,77441,Terminated,Spectrum Brands Inc,3001 Commerce St,N/A,Blacksburg,VA,	24060-6671,United States,Voluntary: Firm initiated,Telephone,"Multiple states nationwide and Canada. States include AL, AR, AZ, CA, CO, CT, DE, FL, GA, IA, ID, IL, IN, KS, KY, LA, MA, MD, ME, MI, MN, MO, MS, NC, NE, NJ, NV, NY, OH, OK, OR, PA, RI, SC, TN, TX, UT, VA, WA, WI, and WV",V-0253-2017,Class II,"yourpet, Natural Beefhide Bones, Distributed by: Harris Teeter Matthews, NC, packaged in 1) 1 count 4'' bone packages, UPC 72036977083; 2) 2 count 6'' bone packages, UPC 72036981356; 3) 1 count 7'' bone packages, UPC 72036977090; 4) 1 count 9'' bone packages, UPC 72036977106; 5) 4 count 9'' bone packages, UPC 72036981325; 7) 2 count 11'' bone packages, UPC 72036977182; 8) 6 count 4'' bone packages, UPC 72036977885; 9) 3 count 6'' bone packages, UPC 72036977908; 10) 1 count medium bone packages, UPC 72036977939;",Unknown,Investigation of complaints of an off odor on the product revealed that the product is potentially contaminated with an equipment sanitizer (quaternary ammonium).,06/05/2017,07/11/2017,02/02/2018,07/19/2017,"All codes beginning with AH, AV A, AI, AO, or AB and expiration dates between 6/1/2019 and 5/31/2020"
Veterinary,No,,77441,Terminated,Spectrum Brands Inc,3001 Commerce St,N/A,Blacksburg,VA,	24060-6671,United States,Voluntary: Firm initiated,Telephone,"Multiple states nationwide and Canada. States include AL, AR, AZ, CA, CO, CT, DE, FL, GA, IA, ID, IL, IN, KS, KY, LA, MA, MD, ME, MI, MN, MO, MS, NC, NE, NJ, NV, NY, OH, OK, OR, PA, RI, SC, TN, TX, UT, VA, WA, WI, and WV",V-0254-2017,Class II,"yourpet, Natural Beefhide Rolls, Distributed by: Harris Teeter Matthews, NC, packaged in 1) 3 count 5'' roll packages, UPC 72036981363; 2) 2 count 10'' roll packages, UPC 72036977151;",Unknown,Investigation of complaints of an off odor on the product revealed that the product is potentially contaminated with an equipment sanitizer (quaternary ammonium).,06/05/2017,07/11/2017,02/02/2018,07/19/2017,"All codes beginning with AH, AV A, AI, AO, or AB and expiration dates between 6/1/2019 and 5/31/2020"
Veterinary,No,,77441,Terminated,Spectrum Brands Inc,3001 Commerce St,N/A,Blacksburg,VA,	24060-6671,United States,Voluntary: Firm initiated,Telephone,"Multiple states nationwide and Canada. States include AL, AR, AZ, CA, CO, CT, DE, FL, GA, IA, ID, IL, IN, KS, KY, LA, MA, MD, ME, MI, MN, MO, MS, NC, NE, NJ, NV, NY, OH, OK, OR, PA, RI, SC, TN, TX, UT, VA, WA, WI, and WV",V-0255-2017,Class II,"yourpet, Beef Basted Beefhide Bones, Distributed by: Harris Teeter Matthews, NC, packaged in 1) 1 count 4'' bone packages, UPC 72036977120; 2) 6 count 4'' bone packages, UPC 72036977892; 3) 1 count 7'' bone packages, UPC 72036977137; 4) 1 count 9'' bone packages, UPC 72036977144;",Unknown,Investigation of complaints of an off odor on the product revealed that the product is potentially contaminated with an equipment sanitizer (quaternary ammonium).,06/05/2017,07/11/2017,02/02/2018,07/19/2017,"All codes beginning with AH, AV A, AI, AO, or AB and expiration dates between 6/1/2019 and 5/31/2020"
Veterinary,No,,77441,Terminated,Spectrum Brands Inc,3001 Commerce St,N/A,Blacksburg,VA,	24060-6671,United States,Voluntary: Firm initiated,Telephone,"Multiple states nationwide and Canada. States include AL, AR, AZ, CA, CO, CT, DE, FL, GA, IA, ID, IL, IN, KS, KY, LA, MA, MD, ME, MI, MN, MO, MS, NC, NE, NJ, NV, NY, OH, OK, OR, PA, RI, SC, TN, TX, UT, VA, WA, WI, and WV",V-0256-2017,Class II,"yourpet, Natural Beefhide Ring, Distributed by: Harris Teeter Matthews, NC, packaged in 1 count 5.5'' ring packages, UPC 72036977113;",Unknown,Investigation of complaints of an off odor on the product revealed that the product is potentially contaminated with an equipment sanitizer (quaternary ammonium).,06/05/2017,07/11/2017,02/02/2018,07/19/2017,"All codes beginning with AH, AV A, AI, AO, or AB and expiration dates between 6/1/2019 and 5/31/2020"
Veterinary,No,,77441,Terminated,Spectrum Brands Inc,3001 Commerce St,N/A,Blacksburg,VA,	24060-6671,United States,Voluntary: Firm initiated,Telephone,"Multiple states nationwide and Canada. States include AL, AR, AZ, CA, CO, CT, DE, FL, GA, IA, ID, IL, IN, KS, KY, LA, MA, MD, ME, MI, MN, MO, MS, NC, NE, NJ, NV, NY, OH, OK, OR, PA, RI, SC, TN, TX, UT, VA, WA, WI, and WV",V-0257-2017,Class II,"yourpet, Chicken Basted Beefhide Basted Chips, Distributed by: Harris Teeter Matthews, NC, packaged in 1 lb packages, UPC 72036977229;",Unknown,Investigation of complaints of an off odor on the product revealed that the product is potentially contaminated with an equipment sanitizer (quaternary ammonium).,06/05/2017,07/11/2017,02/02/2018,07/19/2017,"All codes beginning with AH, AV A, AI, AO, or AB and expiration dates between 6/1/2019 and 5/31/2020"
Veterinary,No,,77441,Terminated,Spectrum Brands Inc,3001 Commerce St,N/A,Blacksburg,VA,	24060-6671,United States,Voluntary: Firm initiated,Telephone,"Multiple states nationwide and Canada. States include AL, AR, AZ, CA, CO, CT, DE, FL, GA, IA, ID, IL, IN, KS, KY, LA, MA, MD, ME, MI, MN, MO, MS, NC, NE, NJ, NV, NY, OH, OK, OR, PA, RI, SC, TN, TX, UT, VA, WA, WI, and WV",V-0258-2017,Class II,"Pet Pride, Chicken Flavored Beefhide Small Bones for Dogs, Distributed by: The Kroger Company, Cincinnati, OH, packaged in 1) 7 OZ 4'' bone packages, UPC 11110884343; 2) 1 count 4'' bone packages, UPC 11110830647; 3) 2 count 7'' bone packages, UPC 11110824639; 4) 1 count 7'' bone packages, UPC 11110830654; 5) 2 count 9'' bone packages, UPC 11110824677;",Unknown,Investigation of complaints of an off odor on the product revealed that the product is potentially contaminated with an equipment sanitizer (quaternary ammonium).,06/05/2017,07/11/2017,02/02/2018,07/19/2017,"All codes beginning with AH, AV A, AI, AO, or AB and expiration dates between 6/1/2019 and 5/31/2020"
Veterinary,No,,77441,Terminated,Spectrum Brands Inc,3001 Commerce St,N/A,Blacksburg,VA,	24060-6671,United States,Voluntary: Firm initiated,Telephone,"Multiple states nationwide and Canada. States include AL, AR, AZ, CA, CO, CT, DE, FL, GA, IA, ID, IL, IN, KS, KY, LA, MA, MD, ME, MI, MN, MO, MS, NC, NE, NJ, NV, NY, OH, OK, OR, PA, RI, SC, TN, TX, UT, VA, WA, WI, and WV",V-0259-2017,Class II,"Pet Pride, Premium Beefhide Rolls for Dogs, Distributed by: The Kroger Company, Cincinnati, OH, packaged in 1) 2 count 8'' bone packages, UPC 11110824707; 2) 1 count 10'' bone packages, UPC 11110830623;",Unknown,Investigation of complaints of an off odor on the product revealed that the product is potentially contaminated with an equipment sanitizer (quaternary ammonium).,06/05/2017,07/11/2017,02/02/2018,07/19/2017,"All codes beginning with AH, AV A, AI, AO, or AB and expiration dates between 6/1/2019 and 5/31/2020"
Veterinary,No,,77441,Terminated,Spectrum Brands Inc,3001 Commerce St,N/A,Blacksburg,VA,	24060-6671,United States,Voluntary: Firm initiated,Telephone,"Multiple states nationwide and Canada. States include AL, AR, AZ, CA, CO, CT, DE, FL, GA, IA, ID, IL, IN, KS, KY, LA, MA, MD, ME, MI, MN, MO, MS, NC, NE, NJ, NV, NY, OH, OK, OR, PA, RI, SC, TN, TX, UT, VA, WA, WI, and WV",V-0260-2017,Class II,"Pet Pride, Chicken Beefhide Rolls for Dogs, Distributed by: The Kroger Company, Cincinnati, OH, packaged in 1) 2 count 8'' bone packages, UPC 11110824707; 2) 1 count 10'' bone packages, UPC 11110830623;",Unknown,Investigation of complaints of an off odor on the product revealed that the product is potentially contaminated with an equipment sanitizer (quaternary ammonium).,06/05/2017,07/11/2017,02/02/2018,07/19/2017,"All codes beginning with AH, AV A, AI, AO, or AB and expiration dates between 6/1/2019 and 5/31/2020"
Veterinary,No,,77441,Terminated,Spectrum Brands Inc,3001 Commerce St,N/A,Blacksburg,VA,	24060-6671,United States,Voluntary: Firm initiated,Telephone,"Multiple states nationwide and Canada. States include AL, AR, AZ, CA, CO, CT, DE, FL, GA, IA, ID, IL, IN, KS, KY, LA, MA, MD, ME, MI, MN, MO, MS, NC, NE, NJ, NV, NY, OH, OK, OR, PA, RI, SC, TN, TX, UT, VA, WA, WI, and WV",V-0261-2017,Class II,"Pet Pride, Premium Beefhide Mini Curls for Dogs, Distributed by: The Kroger Company, Cincinnati, OH, packaged in 10 count curls packages, UPC 11110854315;",Unknown,Investigation of complaints of an off odor on the product revealed that the product is potentially contaminated with an equipment sanitizer (quaternary ammonium).,06/05/2017,07/11/2017,02/02/2018,07/19/2017,"All codes beginning with AH, AV A, AI, AO, or AB and expiration dates between 6/1/2019 and 5/31/2020"
Veterinary,No,,77441,Terminated,Spectrum Brands Inc,3001 Commerce St,N/A,Blacksburg,VA,	24060-6671,United States,Voluntary: Firm initiated,Telephone,"Multiple states nationwide and Canada. States include AL, AR, AZ, CA, CO, CT, DE, FL, GA, IA, ID, IL, IN, KS, KY, LA, MA, MD, ME, MI, MN, MO, MS, NC, NE, NJ, NV, NY, OH, OK, OR, PA, RI, SC, TN, TX, UT, VA, WA, WI, and WV",V-0262-2017,Class II,"Pet Pride, Rawhide Ring for Dogs, Distributed by: The Kroger Company, Cincinnati, OH, packaged in 1) 1 count ring packages, UPC 11110830432; 2) 1 count ring packages, UPC 11110830609;",Unknown,Investigation of complaints of an off odor on the product revealed that the product is potentially contaminated with an equipment sanitizer (quaternary ammonium).,06/05/2017,07/11/2017,02/02/2018,07/19/2017,"All codes beginning with AH, AV A, AI, AO, or AB and expiration dates between 6/1/2019 and 5/31/2020"
Veterinary,No,,77441,Terminated,Spectrum Brands Inc,3001 Commerce St,N/A,Blacksburg,VA,	24060-6671,United States,Voluntary: Firm initiated,Telephone,"Multiple states nationwide and Canada. States include AL, AR, AZ, CA, CO, CT, DE, FL, GA, IA, ID, IL, IN, KS, KY, LA, MA, MD, ME, MI, MN, MO, MS, NC, NE, NJ, NV, NY, OH, OK, OR, PA, RI, SC, TN, TX, UT, VA, WA, WI, and WV",V-0263-2017,Class II,"Pet Pride, Dental Care Rolls, Distributed by: The Kroger Company, Cincinnati, OH, packaged in 1 lb 5'' roll packages, UPC 11110804099;",Unknown,Investigation of complaints of an off odor on the product revealed that the product is potentially contaminated with an equipment sanitizer (quaternary ammonium).,06/05/2017,07/11/2017,02/02/2018,07/19/2017,"All codes beginning with AH, AV A, AI, AO, or AB and expiration dates between 6/1/2019 and 5/31/2020"
Veterinary,No,,77441,Terminated,Spectrum Brands Inc,3001 Commerce St,N/A,Blacksburg,VA,	24060-6671,United States,Voluntary: Firm initiated,Telephone,"Multiple states nationwide and Canada. States include AL, AR, AZ, CA, CO, CT, DE, FL, GA, IA, ID, IL, IN, KS, KY, LA, MA, MD, ME, MI, MN, MO, MS, NC, NE, NJ, NV, NY, OH, OK, OR, PA, RI, SC, TN, TX, UT, VA, WA, WI, and WV",V-0264-2017,Class II,"Pet Pride, Rawhide Bone for Dog, Distributed by: The Kroger Company, Cincinnati, OH, packaged in   1) 7 oz 4'' bone packages, UPC 11110884350;   2) 1 count 4'' bone packages, UPC 11110830173;   3) 1 lb 4'' bone packages, UPC 11110880574;   4) 2 count 4'' bone packages, UPC 11110824585;   5) 1 lb 6'' bone packages, UPC 11110880543;   6) 2 count 7'' bone packages, UPC 11110824622;   7) 1 count 7'' bone packages, UPC 11110830180;   8) 2 count 9'' bone packages, UPC 11110824660;   9) 1 count 11'' bone packages, UPC 11110824691;   10) 1 count 15'' bone packages, UPC 11110830272;",Unknown,Investigation of complaints of an off odor on the product revealed that the product is potentially contaminated with an equipment sanitizer (quaternary ammonium).,06/05/2017,07/11/2017,02/02/2018,07/19/2017,"All codes beginning with AH, AV A, AI, AO, or AB and expiration dates between 6/1/2019 and 5/31/2020"
Veterinary,No,,77441,Terminated,Spectrum Brands Inc,3001 Commerce St,N/A,Blacksburg,VA,	24060-6671,United States,Voluntary: Firm initiated,Telephone,"Multiple states nationwide and Canada. States include AL, AR, AZ, CA, CO, CT, DE, FL, GA, IA, ID, IL, IN, KS, KY, LA, MA, MD, ME, MI, MN, MO, MS, NC, NE, NJ, NV, NY, OH, OK, OR, PA, RI, SC, TN, TX, UT, VA, WA, WI, and WV",V-0265-2017,Class II,"Pet Pride, Beef Flavored Basted Rawhide Bone for Dog, Distributed by: The Kroger Company, Cincinnati, OH, packaged in   1) 1 lb 4'' bone packages, UPC 11110880581;   2) 1 count 4'' bone packages, UPC 11110830579;   3) 2 count 7'' bone packages, UPC 11110824646;",Unknown,Investigation of complaints of an off odor on the product revealed that the product is potentially contaminated with an equipment sanitizer (quaternary ammonium).,06/05/2017,07/11/2017,02/02/2018,07/19/2017,"All codes beginning with AH, AV A, AI, AO, or AB and expiration dates between 6/1/2019 and 5/31/2020"
Veterinary,No,,77441,Terminated,Spectrum Brands Inc,3001 Commerce St,N/A,Blacksburg,VA,	24060-6671,United States,Voluntary: Firm initiated,Telephone,"Multiple states nationwide and Canada. States include AL, AR, AZ, CA, CO, CT, DE, FL, GA, IA, ID, IL, IN, KS, KY, LA, MA, MD, ME, MI, MN, MO, MS, NC, NE, NJ, NV, NY, OH, OK, OR, PA, RI, SC, TN, TX, UT, VA, WA, WI, and WV",V-0266-2017,Class II,"Pet Pride, Beef Flavored Beefhide Chips for Dog, Distributed by: The Kroger Company, Cincinnati, OH, packaged in 1 lb chip packages, UPC 11110882097;",Unknown,Investigation of complaints of an off odor on the product revealed that the product is potentially contaminated with an equipment sanitizer (quaternary ammonium).,06/05/2017,07/11/2017,02/02/2018,07/19/2017,"All codes beginning with AH, AV A, AI, AO, or AB and expiration dates between 6/1/2019 and 5/31/2020"
Veterinary,No,,77441,Terminated,Spectrum Brands Inc,3001 Commerce St,N/A,Blacksburg,VA,	24060-6671,United States,Voluntary: Firm initiated,Telephone,"Multiple states nationwide and Canada. States include AL, AR, AZ, CA, CO, CT, DE, FL, GA, IA, ID, IL, IN, KS, KY, LA, MA, MD, ME, MI, MN, MO, MS, NC, NE, NJ, NV, NY, OH, OK, OR, PA, RI, SC, TN, TX, UT, VA, WA, WI, and WV",V-0267-2017,Class II,"Pet Pride, Chicken Flavor Basted Chips for Dog, Distributed by: The Kroger Company, Cincinnati, OH, packaged in 1) 1 lb chip packages, UPC 11110882080;   2) 6 oz chip packages, UPC 11110884039;",Unknown,Investigation of complaints of an off odor on the product revealed that the product is potentially contaminated with an equipment sanitizer (quaternary ammonium).,06/05/2017,07/11/2017,02/02/2018,07/19/2017,"All codes beginning with AH, AV A, AI, AO, or AB and expiration dates between 6/1/2019 and 5/31/2020"
Veterinary,No,,77441,Terminated,Spectrum Brands Inc,3001 Commerce St,N/A,Blacksburg,VA,	24060-6671,United States,Voluntary: Firm initiated,Telephone,"Multiple states nationwide and Canada. States include AL, AR, AZ, CA, CO, CT, DE, FL, GA, IA, ID, IL, IN, KS, KY, LA, MA, MD, ME, MI, MN, MO, MS, NC, NE, NJ, NV, NY, OH, OK, OR, PA, RI, SC, TN, TX, UT, VA, WA, WI, and WV",V-0268-2017,Class II,"Pet Pride, Premium Beefhide Chips for Dog, Distributed by: The Kroger Company, Cincinnati, OH, packaged in 1 lb chip packages, UPC 11110882073;",Unknown,Investigation of complaints of an off odor on the product revealed that the product is potentially contaminated with an equipment sanitizer (quaternary ammonium).,06/05/2017,07/11/2017,02/02/2018,07/19/2017,"All codes beginning with AH, AV A, AI, AO, or AB and expiration dates between 6/1/2019 and 5/31/2020"
Veterinary,No,12/19/2019,84354,Terminated,"Washington Homeopathic Products, Inc.",260 J R Hawvermale Way,N/A,Berkeley Springs,WV,	25411-6957,United States,Voluntary: Firm initiated,Letter,Product was shipped to HomeoPet who may have further distribute the product.,V-0331-2020,Class II,HomeoPet K9 WRM Clear,"58,397 bottles",CGMP Deviations: products were not manufactured under current good manufacturing practices.,11/07/2019,12/19/2019,01/04/2023,12/25/2019,"Lot # 27510, 27943,28236, 28867, 28903, 29275, 29291, 29473, 29627, 29635, 29689"
Veterinary,No,12/19/2019,84354,Terminated,"Washington Homeopathic Products, Inc.",260 J R Hawvermale Way,N/A,Berkeley Springs,WV,	25411-6957,United States,Voluntary: Firm initiated,Letter,Product was shipped to HomeoPet who may have further distribute the product.,V-0332-2020,Class II,HomeoPet K9  Host No More,"20,849 bottles",CGMP Deviations: products were not manufactured under current good manufacturing practices.,11/07/2019,12/19/2019,01/04/2023,12/25/2019,"Lot # 27943, 29029, 29689, 27510, 27511"
Veterinary,No,12/19/2019,84354,Terminated,"Washington Homeopathic Products, Inc.",260 J R Hawvermale Way,N/A,Berkeley Springs,WV,	25411-6957,United States,Voluntary: Firm initiated,Letter,Product was shipped to HomeoPet who may have further distribute the product.,V-0333-2020,Class II,HomeoPet Feline WRM Clear,"91,509 bottles",CGMP Deviations: products were not manufactured under current good manufacturing practices.,11/07/2019,12/19/2019,01/04/2023,12/25/2019,"Lot # 27499, 27511, 27579, 28383,28867, 28903, 29022,29029, 29152, 29275, 29409, 29590, 29627, 29635"
Veterinary,No,12/19/2019,84354,Terminated,"Washington Homeopathic Products, Inc.",260 J R Hawvermale Way,N/A,Berkeley Springs,WV,	25411-6957,United States,Voluntary: Firm initiated,Letter,Product was shipped to HomeoPet who may have further distribute the product.,V-0334-2020,Class II,HomeoPet Feline Host No More,"10,698 bottles",CGMP Deviations: products were not manufactured under current good manufacturing practices.,11/07/2019,12/19/2019,01/04/2023,12/25/2019,"Lot # 28236, 29590"
Veterinary,No,12/19/2019,84354,Terminated,"Washington Homeopathic Products, Inc.",260 J R Hawvermale Way,N/A,Berkeley Springs,WV,	25411-6957,United States,Voluntary: Firm initiated,Letter,Product was shipped to HomeoPet who may have further distribute the product.,V-0335-2020,Class II,HomeoPet EquioPathics Wrm Clear,2531 bottles,CGMP Deviations: products were not manufactured under current good manufacturing practices.,11/07/2019,12/19/2019,01/04/2023,12/25/2019,"Lot # 28565, 29353"
Veterinary,No,,65569,Terminated,Pet Brands Inc,4338 Janitrol Road,N/A,Columbus,OH,	43228,United States,Voluntary: Firm initiated,E-Mail,"Product was shipped to the following states: AL, AR, AZ, CA, CO, DE, FL, GA, IA, IL, IN, KS, KY, LA, MD, MI, MO, MS, NC, NE, NJ, NM, NY, OH, OK, PA, SC, SD, TN, TX, UT, VA, VT, WI & WV.",V-036-2014,Class II,"Everpet Real Chicken Chicken Chips Dog Treats, packaged in flexible plastic bags, 3.5 oz. per bag, MADE IN CHINA  DISTRIBUTED BY DOLGENCORP, INC. 100 MISSION RIDGE GOODLETTSVILLE, TN 37072 UPC 8 10633 01177 5","377,628/3.5 oz bags",The New York State Department of Agriculture & Markets (NYSDAM) found trace amounts of non-approved antibiotic residue in some of the dog treat samples that they tested.,05/23/2013,12/17/2013,02/27/2014,12/25/2013,Lot #111108EVPRAW013 - Best Buy Date:  2/5/2013 and Lot #120752EVPRAW013 - Best Buy Date:  8/27/2014.
Veterinary,No,,71506,Terminated,Kent Pet Group,2905 N Highway 61,N/A,Muscatine,IA,	52761-5809,United States,Voluntary: Firm initiated,Telephone,"The recalled product was distributed to CA, GA, IL, MN, PA, NV and NY.",V-068-2016,Class II,"by Nature, Active Defense +, Grain Free, 95% Beef & Beef Liver, Made in New Zealand, Distributed By Kent Pet Group, Inc. 2905 N Hwy 61, Muscatine, IA 52761 USA, UPC 8-40673-10078-8",281 cases,"Analysis of product indicates it may contain more than the labeled amounts of vitamin A, calcium, and phosphorus.",06/26/2015,11/12/2015,03/28/2017,11/18/2015,7740
Veterinary,No,,71506,Terminated,Kent Pet Group,2905 N Highway 61,N/A,Muscatine,IA,	52761-5809,United States,Voluntary: Firm initiated,Telephone,"The recalled product was distributed to CA, GA, IL, MN, PA, NV and NY.",V-069-2016,Class II,"by Nature, Active Defense +, Grain Free, 95% Beef, Beef Liver & Chicken, Made in New Zealand, Distributed By Kent Pet Group, Inc. 2905 N Hwy 61, Muscatine, IA 52761 USA, UPC 8-40673-10081-8",219 cases,"Analysis of product indicates it may contain more than the labeled amounts of vitamin A, calcium, and phosphorus.",06/26/2015,11/12/2015,03/28/2017,11/18/2015,7758
Veterinary,No,,71506,Terminated,Kent Pet Group,2905 N Highway 61,N/A,Muscatine,IA,	52761-5809,United States,Voluntary: Firm initiated,Telephone,"The recalled product was distributed to CA, GA, IL, MN, PA, NV and NY.",V-070-2016,Class II,"by Nature, Active Defense +, Grain Free, 95% Chicken & Venison, Made in New Zealand, Distributed By Kent Pet Group, Inc. 2905 N Hwy 61, Muscatine, IA 52761 USA, UPC 8-40673-10084-9",109 cases,"Analysis of product indicates it may contain more than the labeled amounts of vitamin A, calcium, and phosphorus.",06/26/2015,11/12/2015,03/28/2017,11/18/2015,7594
Veterinary,No,,39387,Terminated,Nutra Blend LLC,3200 2nd St,N/A,Neosho,MO,	64850-7738,United States,N/A,N/A,"Distribution arrangements were made through a broker in KS for direct shipment to 3 locations of a pet food manufacturer located in MO, SC, and CA.",V-076-2007,Class II,"Diamond Pet SG PMX #1, NB-8244A, packaged in 50-lb. bags, For Manufacturing Purposes Only, Manufactured for Diamond Pet Foods, Meta, MO.","11,950 lbs. (239/50-lb. bags)",Some of the raw material dehydrated parsley powder used in the manufacture of the premixes was found to contain salmonella,08/24/2007,N/A,01/21/2010,,N/A
Veterinary,No,,39387,Terminated,Nutra Blend LLC,3200 2nd St,N/A,Neosho,MO,	64850-7738,United States,N/A,N/A,"Distribution arrangements were made through a broker in KS for direct shipment to 3 locations of a pet food manufacturer located in MO, SC, and CA.",V-077-2007,Class II,"Diamond Pet SG PMX #2, NB-8332A, packaged in 50-lb. bags, For Manufacturing Purposes Only, Manufactured for Diamond Pet Foods, Meta, MO.","3,950 lbs. (79/50-lb. bags)",Some of the raw material dehydrated parsley powder used in the manufacture of the premixes was found to contain salmonella,08/24/2007,N/A,01/21/2010,,N/A
Veterinary,No,,39387,Terminated,Nutra Blend LLC,3200 2nd St,N/A,Neosho,MO,	64850-7738,United States,N/A,N/A,"Distribution arrangements were made through a broker in KS for direct shipment to 3 locations of a pet food manufacturer located in MO, SC, and CA.",V-078-2007,Class II,"Diamond Holistic Premix, NB-8866B, packaged in 50-lb. bags, For Manufacturing Purposes Only, Manufactured For Diamond Pet Foods, Meta, MO.","41,750 lbs. (835/50-lb. bags)",Some of the raw material dehydrated parsley powder used in the manufacture of the premixes was found to contain salmonella,08/24/2007,N/A,01/21/2010,,N/A
Veterinary,No,,35210,Terminated,Merrick Pet Care Ltd,101 S.E. 11th St.,N/A,Amarillo,TX,	79101,United States,N/A,N/A,"Product distributed throughout the US and to the following countries: Canada, Hong Kong, Singapore, Trinidad and Tabago and Russia.",V-078-6,Class II,"Merrick Five Star ''WINGALING'' dog food in 13.2oz. metal cans; manufactured by Blue Sky Petfoods, Hereford, TX.","192,667 cans.",Pet food may contain metal tags.,04/18/2006,N/A,10/02/2007,,N/A
Veterinary,No,,39387,Terminated,Nutra Blend LLC,3200 2nd St,N/A,Neosho,MO,	64850-7738,United States,N/A,N/A,"Distribution arrangements were made through a broker in KS for direct shipment to 3 locations of a pet food manufacturer located in MO, SC, and CA.",V-079-2007,Class II,"Kirkland Signature Premix, NB8251A, packaged in 50-lb. bags, For Manufacturing Purposes Only, Manufactured For Diamond Pet Foods, Meta, MO.","29,050 lbs. (581/50-lb. bags)",Some of the raw material dehydrated parsley powder used in the manufacture of the premixes was found to contain salmonella,08/24/2007,N/A,01/21/2010,,N/A
Veterinary,No,,35624,Terminated,"Simmons Pet Food, Inc.",316 N Hico St,N/A,Siloam Springs,AR,	72761-2806,United States,N/A,N/A,"Product distributed to distribution centers in AL, AR, IL, OK, TN, and TX.  No foreign distribution.",V-084-6,Class II,"Ol'' Roy Chicken Flavor, 22 oz. can; Item #89762 (UPC #0068113189762) and #34923 (UPC #072562349231); manufactured by Simmons Pet Food, Inc., Siloam Springs, AR.","978,120 cans.",Inner enamel can lining flaking off into petfood.,05/23/2006,N/A,09/10/2010,,N/A
Veterinary,No,,53786,Terminated,TEVA Animal Health Inc,3915 S 48th St Terr,N/A,Saint Joseph,MO,	64503,United States,N/A,N/A,"Product was distributed to direct accounts nationwide and to the following foreign countries:  Israel, Hong Kong, Canada, Taiwan, and China.",V-085-2010,Class II,"Double Strength D-Worm 120 (pyrantel pamoate) Dog Dewormer, Liquid for Puppies & Dogs, containing 4.54 mg of pyrantel base as pyrantel pamoate per mL, packaged in 60-ml bottles, OTC, ANDA #200-248, Manufactured for Farnam Pet Products, Phoenix, AZ.","122,265/2-fl.-oz. btls",The products were not manufactured in conformance with GMP's,09/04/2009,N/A,08/18/2011,,N/A
Veterinary,No,,35624,Terminated,"Simmons Pet Food, Inc.",316 N Hico St,N/A,Siloam Springs,AR,	72761-2806,United States,N/A,N/A,"Product distributed to distribution centers in AL, AR, IL, OK, TN, and TX.  No foreign distribution.",V-085-6,Class II,"Ol'' Roy Beef Flavor, 22 oz. can; Item #89763 (UPC #0068113189763) and #35023 (UPC #072562350237); manufactured by Simmons Pet Food, Inc., Siloam Springs, AR.","1,177,356 cans.",Inner enamel can lining flaking off into petfood.,05/23/2006,N/A,09/10/2010,,N/A
Veterinary,No,,35624,Terminated,"Simmons Pet Food, Inc.",316 N Hico St,N/A,Siloam Springs,AR,	72761-2806,United States,N/A,N/A,"Product distributed to distribution centers in AL, AR, IL, OK, TN, and TX.  No foreign distribution.",V-086-6,Class II,"Ol'' Roy Hearty Loaf with Chopped Beef, 22 oz. can; Item #89770 (UPC #0068113189770); manufactured by Simmons Pet Food, Inc., Siloam Springs, AR.","860,112 cans.",Inner enamel can lining flaking off into petfood.,05/23/2006,N/A,09/10/2010,,N/A
Veterinary,No,,35624,Terminated,"Simmons Pet Food, Inc.",316 N Hico St,N/A,Siloam Springs,AR,	72761-2806,United States,N/A,N/A,"Product distributed to distribution centers in AL, AR, IL, OK, TN, and TX.  No foreign distribution.",V-087-6,Class II,"Ol'' Roy Hearty Loaf Chopped Meaty Combo, 22 oz. can; Item #89771 (UPC #0068113189771); manufactured by Simmons Pet Food, Inc., Siloam Springs, AR.","735,384 cans.",Inner enamel can lining flaking off into petfood.,05/23/2006,N/A,09/10/2010,,N/A
Veterinary,No,,53786,Terminated,TEVA Animal Health Inc,3915 S 48th St Terr,N/A,Saint Joseph,MO,	64503,United States,N/A,N/A,"Product was distributed to direct accounts nationwide and to the following foreign countries:  Israel, Hong Kong, Canada, Taiwan, and China.",V-088-2010,Class II,"D-Worm 60 (pyrantel pamoate) Dog Dewormer Liquid for Puppies & Dogs, containing 2.27 mg of pyrantel base as pyrantel pamoate per ml, packaged in 60-ml bottles, OTC, ANDA #200-248, Manufactured for Farnam Pet Products, Phoenix, AZ.","121,888/60-ml. btls",The products were not manufactured in conformance with GMP's,09/04/2009,N/A,08/18/2011,,N/A
Veterinary,No,,35624,Terminated,"Simmons Pet Food, Inc.",316 N Hico St,N/A,Siloam Springs,AR,	72761-2806,United States,N/A,N/A,"Product distributed to distribution centers in AL, AR, IL, OK, TN, and TX.  No foreign distribution.",V-088-6,Class II,"Fit and Active Hearty Loaf with Beef, 22 oz. can; Item #32822 (UPC #072562328229); manufactured by Simmons Pet Food, Inc., Siloam Springs, AR.","706,944 cans.",Inner enamel can lining flaking off into petfood.,05/23/2006,N/A,09/10/2010,,N/A
Veterinary,No,,35624,Terminated,"Simmons Pet Food, Inc.",316 N Hico St,N/A,Siloam Springs,AR,	72761-2806,United States,N/A,N/A,"Product distributed to distribution centers in AL, AR, IL, OK, TN, and TX.  No foreign distribution.",V-089-6,Class II,"Fit and Active Hearty Loaf with Chicken, 22 oz. can; Item #37822 (UPC #072562378224); manufactured by Simmons Pet Food, Inc., Siloam Springs, AR.","624,960 cans.",Inner enamel can lining flaking off into petfood.,05/23/2006,N/A,09/10/2010,,N/A
Veterinary,No,,35624,Terminated,"Simmons Pet Food, Inc.",316 N Hico St,N/A,Siloam Springs,AR,	72761-2806,United States,N/A,N/A,"Product distributed to distribution centers in AL, AR, IL, OK, TN, and TX.  No foreign distribution.",V-090-6,Class II,"American Fare Chunky Dinner with Beef, 22 oz. can; Item #19341 (UPC #7200019341); manufactured by Simmons Pet Food, Inc., Siloam Springs, AR.","1,344 cans.",Inner enamel can lining flaking off into petfood.,05/23/2006,N/A,09/10/2010,,N/A
Veterinary,No,,35624,Terminated,"Simmons Pet Food, Inc.",316 N Hico St,N/A,Siloam Springs,AR,	72761-2806,United States,N/A,N/A,"Product distributed to distribution centers in AL, AR, IL, OK, TN, and TX.  No foreign distribution.",V-091-6,Class II,"American Fare Dinner with Turkey and Bacon, 22 oz. can; Item #19342 (UPC #7200019342); manufactured by Simmons Pet Food, Inc., Siloam Springs, AR.","2,688 cans.",Inner enamel can lining flaking off into petfood.,05/23/2006,N/A,09/10/2010,,N/A
Veterinary,No,,35624,Terminated,"Simmons Pet Food, Inc.",316 N Hico St,N/A,Siloam Springs,AR,	72761-2806,United States,N/A,N/A,"Product distributed to distribution centers in AL, AR, IL, OK, TN, and TX.  No foreign distribution.",V-092-6,Class II,"American Fare Country Stew with Beef, 22 oz. can; Item #19343 (UPC #7200019343); manufactured by Simmons Pet Food, Inc., Siloam Springs, AR.","1,344 cans.",Inner enamel can lining flaking off into petfood.,05/23/2006,N/A,09/10/2010,,N/A
Veterinary,No,,35624,Terminated,"Simmons Pet Food, Inc.",316 N Hico St,N/A,Siloam Springs,AR,	72761-2806,United States,N/A,N/A,"Product distributed to distribution centers in AL, AR, IL, OK, TN, and TX.  No foreign distribution.",V-093-6,Class II,"American Fare Chunky Dinner with Beef and Bacon, 22 oz. can; Item #19344 (UPC #7200019344); manufactured by Simmons Pet Food, Inc., Siloam Springs, AR.","2,688 cans.",Inner enamel can lining flaking off into petfood.,05/23/2006,N/A,09/10/2010,,N/A
Veterinary,No,,35624,Terminated,"Simmons Pet Food, Inc.",316 N Hico St,N/A,Siloam Springs,AR,	72761-2806,United States,N/A,N/A,"Product distributed to distribution centers in AL, AR, IL, OK, TN, and TX.  No foreign distribution.",V-094-6,Class II,"Pot Luck Canned Pet Food, 22 oz. can; Item #32623 (UPC #72562326232); manufactured by Simmons Pet Food, Inc., Siloam Springs, AR.","26,880 cans.",Inner enamel can lining flaking off into petfood.,05/23/2006,N/A,09/10/2010,,N/A
Veterinary,No,,35624,Terminated,"Simmons Pet Food, Inc.",316 N Hico St,N/A,Siloam Springs,AR,	72761-2806,United States,N/A,N/A,"Product distributed to distribution centers in AL, AR, IL, OK, TN, and TX.  No foreign distribution.",V-095-6,Class II,"Fred''s Canine Cuisine Dog Food Prime Entree Cuts with Beef,  22 oz. can; Item #10016 (UPC #0845729100163); manufactured by Simmons Pet Food, Inc., Siloam Springs, AR.","5,940 cans.",Inner enamel can lining flaking off into petfood.,05/23/2006,N/A,09/10/2010,,N/A
Veterinary,No,,35624,Terminated,"Simmons Pet Food, Inc.",316 N Hico St,N/A,Siloam Springs,AR,	72761-2806,United States,N/A,N/A,"Product distributed to distribution centers in AL, AR, IL, OK, TN, and TX.  No foreign distribution.",V-096-6,Class II,"Twin Pet Beef Flavor Dog Food,  22 oz. can; Item #24123 (UPC #071682241234); manufactured by Simmons Pet Food, Inc., Siloam Springs, AR.","8,400 cans.",Inner enamel can lining flaking off into petfood.,05/23/2006,N/A,09/10/2010,,N/A
Veterinary,No,,35624,Terminated,"Simmons Pet Food, Inc.",316 N Hico St,N/A,Siloam Springs,AR,	72761-2806,United States,N/A,N/A,"Product distributed to distribution centers in AL, AR, IL, OK, TN, and TX.  No foreign distribution.",V-097-6,Class II,"Twin Pet with Beef - Liver Flavor Dog & Puppy Food,  22 oz. can; Item #24133 (UPC #071682241333); manufactured by Simmons Pet Food, Inc., Siloam Springs, AR.","2,688 cans.",Inner enamel can lining flaking off into petfood.,05/23/2006,N/A,09/10/2010,,N/A
Veterinary,No,,35624,Terminated,"Simmons Pet Food, Inc.",316 N Hico St,N/A,Siloam Springs,AR,	72761-2806,United States,N/A,N/A,"Product distributed to distribution centers in AL, AR, IL, OK, TN, and TX.  No foreign distribution.",V-098-6,Class II,"Strongheart Beef Flavor Dog Food,  22 oz. can; Item #64123 (UPC #071682641232); manufactured by Simmons Pet Food, Inc., Siloam Springs, AR.","1,344 cans.",Inner enamel can lining flaking off into petfood.,05/23/2006,N/A,09/10/2010,,N/A
Veterinary,No,,53786,Terminated,TEVA Animal Health Inc,3915 S 48th St Terr,N/A,Saint Joseph,MO,	64503,United States,N/A,N/A,"Product was distributed to direct accounts nationwide and to the following foreign countries:  Israel, Hong Kong, Canada, Taiwan, and China.",V-107-2010,Class II,"DVM LymDyp Pet Dip, containing Sulfurated Lime Solution 97.8%, packaged in 1 gallon and 16-fl oz btls, RX, DVM Pharmaceuticals, Inc., Miami, FL.","13,678 btls",The products were not manufactured in conformance with GMP's,09/04/2009,N/A,08/18/2011,,N/A
Veterinary,No,,35853,Completed,Alabama Farmers Cooperative Inc.,800-A Market Street,N/A,Decatur,Alabama,	35601,United States,N/A,N/A,AL& FL,V-108-6,Class II,"CO-OP LAYING PELLETS, COMPETE FEED FOR LAYING CHICKENS",unknown,Animal and fish feeds which were possibly contaminated with ruminant based protein not labeled as 'Do not feed to ruminants',06/09/2006,N/A,N/A,,N/A
Veterinary,No,,58151,Terminated,MAI / Genesis,605 Project Dr,N/A,Elmwood,WI,	54740-8716,United States,N/A,N/A,"AL, AZ, AR, CA, CO, CT, FL, GA, ID, KS, LA, MA, MI, MN, MS, MO, MT, NE, NH, NY, NC, ND, OH, OK, PA, SC, SD, TX, UT, WI.    TAIWAN, AUSTRALIA, UNITED KINGDOM, COSTA RICA",V-124-2011,Class II,"1) Creative Pet Products, Horse Aid, First Aid Kit for Horses,10140  2) Creative Pet Products, Sporting Doc, First Aid Kit For Dogs, Premium Kit, 10145.   3) Creative Pet Products, Sporting Dog II, First Aid Kit for Dogs, Portable Field Kit, 10148.   4) K9 First Aid Kit, Police & Military, 10151.",6631 kits,"MAI/Genesis is voluntary recalling kits which  contain a sterile lubricant jelly pack and/or alcohol prep pad manufactured by TRIAD Group in Hartland, Wisconsin. The TRIAD Group has issued a recall of these items due to concerns about potential contamination with Bacillus cereus and concerns due to the validation of the gamma radiation sterilization cycle. This recall impact the kits produced by",03/09/2011,N/A,04/19/2012,,N/A
Veterinary,No,,26062,Ongoing,"American Agco, Inc.",545 Hardman Ave.,N/A,South St. Paul,Minnesota,	55075,United States,N/A,N/A,"The products were shipped to consignees in Iowa, Michigan, Minnesota, Montana, North Dakota, South Dakota, Ohio and Wisconsin.",V-155-3,Class II,"PETE CHRISTIANSON CUSTOM MIX, PRODUCT NUMBER 634-005-08, Net Weight 50 lbs. (22.7 Kg.) or bulk",N/A,"The recalled products, made by American Agco, contain a premix recalled by Westmin Corporation because it contained elevated dioxins levels.",04/11/2003,N/A,N/A,,N/A
Veterinary,No,,51381,Terminated,American Nutrition Incorporated,2813 Wall Avenue,N/A,Ogden,UT,	84401-3529,United States,N/A,N/A,"AZ, CA, CO, CT, FL, GA, IA, ID, IL, KS, ME, MO, MT, NM, NV, OH, OR, PA, TN, TX, UT, WA. No military or government distribution. Foreign distribution to Canada.",V-156-2009,Class II,"Next Gen Pet Products Small Assorted Biscuits, 30 lb box,",540 / 30 lb boxes,Dog treats were made from peanut product being recalled by PCA because of possible Salmonella contamination.,02/10/2009,N/A,04/06/2012,,N/A
Veterinary,No,,26062,Ongoing,"American Agco, Inc.",545 Hardman Ave.,N/A,South St. Paul,Minnesota,	55075,United States,N/A,N/A,"The products were shipped to consignees in Iowa, Michigan, Minnesota, Montana, North Dakota, South Dakota, Ohio and Wisconsin.",V-160-3,Class II,"STEVE PETERSON CUSTOM MIX, PRODUCT NUMBER 634-062-08, Net Weight 50 lbs. (22.7 Kg.) or bulk",N/A,"The recalled products, made by American Agco, contain a premix recalled by Westmin Corporation because it contained elevated dioxins levels.",04/11/2003,N/A,N/A,,N/A
Veterinary,No,,51025,Terminated,Carolina Prime Pet,131 Regal St,N/A,Murphy,NC,	28906-2602,United States,N/A,N/A,"AZ, FL, GA, IL, NV, NC, OH",V-170-2009,Class II,"Peanut butter filled rawhide chew bones in 4 inch and 6 inch sizes sold under the Carolina Prime Pet brand name.  The product is packed in clear plastic bags with a cardboard label.  The catalog item numbers for 4"" is 42003, UPC 63725542003; and for 6"" is 42005, UPC 63725542005.  The products are labeled in part ""*** CAROLINA PRIME Peanut Butter STUFFED 6"" (OR 4"") RAWHIDE BONE ***"".",N/A,The product was manufactured using peanut butter recalled by Peanut Corporation of America because it has the potential to be contaminated with Salmonella.,01/26/2009,N/A,12/11/2013,,N/A
Veterinary,No,,51025,Terminated,Carolina Prime Pet,131 Regal St,N/A,Murphy,NC,	28906-2602,United States,N/A,N/A,"AZ, FL, GA, IL, NV, NC, OH",V-171-2009,Class II,"Peanut butter filled beef hooves sold 2 hooves per package under the Carolina Prime Pet brand name.  The product is packaged in clear plastic bags with a cardboard label.  The catalog item number is 42000, UPC 63725542000.  The product is labeled in part, ""*** CAROLINA PRIME Peanut Butter STUFFED Natural Hooves 2 BEEF HOOVES ***"".",N/A,The product was manufactured using peanut butter recalled by Peanut Corporation of America because it has the potential to be contaminated with Salmonella.,01/26/2009,N/A,12/11/2013,,N/A
Veterinary,No,,51025,Terminated,Carolina Prime Pet,131 Regal St,N/A,Murphy,NC,	28906-2602,United States,N/A,N/A,"AZ, FL, GA, IL, NV, NC, OH",V-172-2009,Class II,"Peanut butter filled 6 inch beef shank bones sold under the Carolina Prime Pet brand name and Salix Healthy-Hide brand name.  The product is packaged in clar plastic bags with a cardboard label.  The catalog item number for the Carolina Prime brand is 42007, UPC 6372554200; and for Healthy Hide brand is 33479, UPC 09109333479.  The Carolina Prime product is labeled in part, ""***CAROLINA PRIME Peanut Butter STUFFED Natural Smoked Bone 6"" Meaty BEEF SHANK ***"".  the Healthy-Hide product is labeled in part,""*** PEANUT BUTTER FILLED Salix Healthy-Hide REAL BONE DOG TREATS * Peanut Butter Filled BEEF SHANK BONE ** SALIX LLC Deerfield Beach FL ***"".",N/A,The product was manufactured using peanut butter recalled by Peanut Corporation of America because it has the potential to be contaminated with Salmonella.,01/26/2009,N/A,12/11/2013,,N/A
Veterinary,No,,26476,Ongoing,Pet Pantry Internl,3719 N Carson St,N/A,Carson City,Nevada,	89706-1934,United States,N/A,N/A,"The suspect dog food was produced between February 4, 2003, and March 12, 2003.   The Pet Pantry products were packaged in 50 lb bags, distributed to franchises around the country, and sold by home delivery only.  The firm indicated there was no retail distribution of the product.    ",V-175-3,Class II,"The Pet Pantry brand Canine: Maintenance Diet, Super Premium, Fortified with Vitamins and Minerals, best by date 17 FEB 04",N/A,Pet food may contain rendered material from a bovine spongiform encephalopathy (BSE) positive cow.,05/23/2003,N/A,N/A,,N/A
Veterinary,No,,26476,Ongoing,Pet Pantry Internl,3719 N Carson St,N/A,Carson City,Nevada,	89706-1934,United States,N/A,N/A,"The suspect dog food was produced between February 4, 2003, and March 12, 2003.   The Pet Pantry products were packaged in 50 lb bags, distributed to franchises around the country, and sold by home delivery only.  The firm indicated there was no retail distribution of the product.    ",V-176-3,Class II,"The Pet Pantry brand Canine: Beef with Barley, Super Premium, Fortified with Vitamins and Minerals, in 50 lb bag or plastic bucket, Best by 05 MAR 04 (may be repacked into smaller size buckets by Franchises Canine Maintenance Diet, Best by 17 FEB 04",N/A,Pet food may contain rendered material from a bovine spongiform encephalopathy (BSE) positive cow.,05/23/2003,N/A,N/A,,N/A
Veterinary,No,,51072,Terminated,Peanut Corp Of America,2121 Wigginton Road,N/A,Lynchburg,VA,	24502,United States,N/A,N/A,"Recalled products had been shipped to UT, FL, IL and MO.",V-187-2009,Class II,"Feed Grade Peanut Butter and Pet Food Peanut Paste, stock# 561000, packaged in 35 lb containers and 475 lb fiber drums, manufactured and distributed by Peanut Corporation of America, Blakely, GA.          ","81,825 pounds",Peanut products are potentially contaminated with Salmonella.,01/13/2009,N/A,11/23/2009,,N/A
Veterinary,No,,64212,Terminated,Hartz Mountain Corp.,400 Plaza Dr,N/A,Secaucus,NJ,	07094-3605,United States,Voluntary: Firm initiated,"Two or more of the following: Email, Fax, Letter, Press Release, Telephone, Visit",Nationwide,V-202-2013,Class II,"Pet Pride Chicken Breast Jerky Distributed by: The Kroger Co. Cincinnati OH, Made In China    Net Wt. 16 oz. - UPC 1111087994  Net Wt. 24 oz - UPC 1111079250  ","16 oz. - 34,704 units; 24 oz. - 50,364 units",Pet treats contain unapproved antibiotics,01/25/2013,06/12/2013,02/25/2015,06/19/2013,All codes
Veterinary,No,,64064,Terminated,IMS Trading Corp.,34 Passaic St,N/A,Wood Ridge,NJ,	07075-1004,United States,Voluntary: Firm initiated,"Two or more of the following: Email, Fax, Letter, Press Release, Telephone, Visit",Nationwide.,V-204-2013,Class II,"Cadet Gourmet Chicken Breast   a) Net Wt. 3.6 oz  UPC 768303074929    b) Net Wt. 8 oz.  UPC 768303074936    c) Net Wt. 1 Lb (454 g)  tub - UPC  768303014352  UPC 768303014703     d) Net Wt. 1.25 Lb (567 g)  UPC 768303014741    e)  Net Wt. 1.5 Lb (681 g)  UPC 768303014161    f) Net. Wt.  2.0 lb.  UPC 768303014727      Product of China Not for Human Consumption.  Distributed by: IMS Pet Industries, Inc., 34 Passaic Street, Wood-Ridge, NJ 07075  ","3.6 oz -  17,408 units; 8 oz. -  3,403 units;  1 lb. - 21540 units; 1.25 lb. -198 units; 1.5 lb -  300 units; 2.0 lb- 19,261 units",NYSDAM Analysis has revealed the presence of unapproved antibiotics in Cadet Gourmet Chicken Breast Pet Treats.,01/08/2013,06/12/2013,11/20/2013,06/19/2013,All codes
Veterinary,No,,64064,Terminated,IMS Trading Corp.,34 Passaic St,N/A,Wood Ridge,NJ,	07075-1004,United States,Voluntary: Firm initiated,"Two or more of the following: Email, Fax, Letter, Press Release, Telephone, Visit",Nationwide.,V-206-2013,Class II,"Home 360 Pet  Chicken Breast Fillets Oven Roasted   a) Net Wt. 3.5 oz (99g)   UPC 725439966429    b) Net Wt. 1 Lb (454 g)  UPC 725439966436       Product of China.   Not for Human Consumption.   Distributed by:  DZA Brands, LLC 2110 Executive Drive, Salisbury, NC 28147  Product of China",N/A,NYSDAM Analysis has revealed the presence of unapproved antibiotics in Cadet Gourmet Chicken Breast Pet Treats.,01/08/2013,06/12/2013,11/20/2013,06/19/2013,All codes
Veterinary,No,,65316,Terminated,RI Textile Company,211 Columbus Ave,N/A,Pawtucket,RI,	02861-3404,United States,Voluntary: Firm initiated,"Two or more of the following: Email, Fax, Letter, Press Release, Telephone, Visit",Nationwide,V-225-2013,Class II,"Pet Shoppe Chicken Jerky premium chicken dog treats, packaged in 20 ounce bags and 3.5 ounce bags.  Distributed by Walgreen Co. Deerfield , IL  Product Code: 7NPS420672 (3.5 ounce) and 7NPS420673 (20 ounce)      Made in China",20 oz -61348 bags and 3.2 oz -16031  bags,Pet treats contain trace amount of  antibiotics,05/24/2013,07/16/2013,08/20/2019,07/24/2013,"Lot Number/Best By Date:    Y101E28B12884 ,  3.5 oz (Best By: 06/26/2014)  Y101I16B15284  , 20 oz  (Best By: 10/03/2014)  Y101H29B15029 , 20 oz  (Best By: 09/19/2014)  Y101H16B12775, 20  oz. (Best By: 08/29/2014)"
Veterinary,No,,51930,Terminated,TEVA Animal Health Inc,3915 S 48th St Terr,N/A,Saint Joseph,MO,	64503,United States,N/A,N/A,"Distribution was made nationwide primarily to own-label distributors, vet drug distributors, and vet clinics.",V-265-2009,Class II,"Praziquantel Tablets, 34 mg., RX, packaged under the following labels:  (1) Trade Winds Tape Worm Tabs, packaged in 5-tab. btls, Manufactured for TradeWinds, Inc., an Agri Laboratories Ltd. company, St. Joseph, MO; (2) Farnam D-Worm Praziquantel Tablets, packaged in 5- and 10-tab. btls., Manufactured for Farnam Pet Products, Phoenix, AZ; (3) Phoenix Pharmaceutical Inc. CestaTabs, packaged in 50- and 150-tab. btls., Manufactured by IVX Animal Health Inc., St. Joseph, MO; (4) VEDCO Cestoved Tablets, packaged in 50- and 150-tab. btls, Distributed by VEDCO, Inc., St. Joseph, MO; (5) Butler Prazitabs D, packaged in 50- and 150-tab. btls, Distributed Exclusively by Butler Animal Health Supply, Dublin, OH; and (6) AmTech Group Inc. Praziquantel Tablets, packaged in 50- and 150-tab. btls., Manufactured by IVX Animal Health, Inc., St. Joseph, MO.","216,690/5-ct.; 125,430/10-ct.; 18,498/50-ct.; 10,617/150-ct.",Some of the tablets have physical characteristic defects,05/01/2009,N/A,07/15/2011,,N/A
Veterinary,No,,26824,Completed,Ameri-Pac Inc,751 S 4th PO Box 1088,N/A,St Joseph,Missouri,	64502,United States,N/A,N/A,Two own-label distributors in MO,V-295-3,Class II,"Steamed bone meal under the following labels:  (1) Upco Steamed Bone Meal for Dogs, Cats,and Horses, packaged in 1-lb. laminated pouches.  The label shows Distributed by United Pharmacal Co., Inc., St. Joseph, MO, as the responsible firm; and (2) Benepet Steamed Bone Meal for Dogs, Cats, and Horses, packaged in a 1-lb. plastic jar.  The label shows Mfg. For:  Benepet Pet Care Products, St. Joseph, MO, as the responsible firm.",23.3 tons Upco brand and 6.7 tons Benepet brand,Label lacks the cautionary statement 'Do Not Feed to Cattle or Other Ruminants.',06/27/2003,N/A,N/A,,N/A
Veterinary,No,,73463,Terminated,Nestle Purina PetCare Co,Checkerboard Square,Attn Christopher S Cowell,Saint Louis,MO,	63164-0001,United States,Voluntary: Firm initiated,"Two or more of the following: Email, Fax, Letter, Press Release, Telephone, Visit","Product was distributed nationwide and Puerto Rico.  Product was also distributed to Ontario, Canada.  There was no military or government distribution.",V-490-2016,Class II,"Beneful Prepared Meals Simmered Beef Entree' canned wet dog food packaged in 10 oz. plastic tubs with UPC 17800-10963.  Product is shipped 8 tubs per case.  Manufactured by Nestle Purina PetCare Company, St. Louis, MO 63164.","39,529 cases",Product may contain less vitamins and minerals than label purports.,03/09/2016,08/31/2016,11/29/2017,09/07/2016,5363 to 6054; Best Buy Jun 2017 to Aug 2017
Veterinary,No,,73463,Terminated,Nestle Purina PetCare Co,Checkerboard Square,Attn Christopher S Cowell,Saint Louis,MO,	63164-0001,United States,Voluntary: Firm initiated,"Two or more of the following: Email, Fax, Letter, Press Release, Telephone, Visit","Product was distributed nationwide and Puerto Rico.  Product was also distributed to Ontario, Canada.  There was no military or government distribution.",V-491-2016,Class II,"Beneful Prepared Meals Simmered Chicken Medley canned wet dog food packaged in 10 oz. plastic tubs with US UPC 17800-10964 and Canada UPC 55800-10549.  Product is shipped 8 tubs per case.  Manufactured by Nestle Purina PetCare Company, St. Louis, MO 63164.","67,850 cases",Product may contain less vitamins and minerals than label purports.,03/09/2016,08/31/2016,11/29/2017,09/07/2016,5363 to 6054; Best Buy Jun 2017 to Aug 2017
Veterinary,No,,73463,Terminated,Nestle Purina PetCare Co,Checkerboard Square,Attn Christopher S Cowell,Saint Louis,MO,	63164-0001,United States,Voluntary: Firm initiated,"Two or more of the following: Email, Fax, Letter, Press Release, Telephone, Visit","Product was distributed nationwide and Puerto Rico.  Product was also distributed to Ontario, Canada.  There was no military or government distribution.",V-492-2016,Class II,"Beneful Prepared Meals Chicken Stew canned wet dog food packaged in 10 oz. plastic tubs with US UPC 17800-12861 and Canada UPC 55800-11564.  Product is shipped 8 tubs per case.  Manufactured by Nestle Purina PetCare Company, St. Louis, MO 63164.","61,497 cases",Product may contain less vitamins and minerals than label purports.,03/09/2016,08/31/2016,11/29/2017,09/07/2016,5363 to 6054; Best Buy Jun 2017 to Aug 2017
Veterinary,No,,73463,Terminated,Nestle Purina PetCare Co,Checkerboard Square,Attn Christopher S Cowell,Saint Louis,MO,	63164-0001,United States,Voluntary: Firm initiated,"Two or more of the following: Email, Fax, Letter, Press Release, Telephone, Visit","Product was distributed nationwide and Puerto Rico.  Product was also distributed to Ontario, Canada.  There was no military or government distribution.",V-493-2016,Class II,"Beneful Prepared Meals Beef Stew canned wet dog food packaged in 10 oz. plastic tubs with US UPC 17800-10965.  Product is shipped 8 tubs per case.  Manufactured by Nestle Purina PetCare Company, St. Louis, MO 63164.","120,868 cases",Product may contain less vitamins and minerals than label purports.,03/09/2016,08/31/2016,11/29/2017,09/07/2016,5363 to 6054; Best Buy Jun 2017 to Aug 2017
Veterinary,No,,73463,Terminated,Nestle Purina PetCare Co,Checkerboard Square,Attn Christopher S Cowell,Saint Louis,MO,	63164-0001,United States,Voluntary: Firm initiated,"Two or more of the following: Email, Fax, Letter, Press Release, Telephone, Visit","Product was distributed nationwide and Puerto Rico.  Product was also distributed to Ontario, Canada.  There was no military or government distribution.",V-494-2016,Class II,"Beneful Prepared Meals Roasted Chicken Recipe canned wet dog food packaged in 10 oz. plastic tubs with US UPC 17800-10764 and Canada UPC 55800 10554.  Product is shipped 8 tubs per case.  Manufactured by Nestle Purina PetCare Company, St. Louis, MO 63164.","45,779 cases",Product may contain less vitamins and minerals than label purports.,03/09/2016,08/31/2016,11/29/2017,09/07/2016,5363 to 6054; Best Buy Jun 2017 to Aug 2017
Veterinary,No,,73463,Terminated,Nestle Purina PetCare Co,Checkerboard Square,Attn Christopher S Cowell,Saint Louis,MO,	63164-0001,United States,Voluntary: Firm initiated,"Two or more of the following: Email, Fax, Letter, Press Release, Telephone, Visit","Product was distributed nationwide and Puerto Rico.  Product was also distributed to Ontario, Canada.  There was no military or government distribution.",V-495-2016,Class II,"Beneful Prepared Meals Beef and Chicken Recipe canned wet dog food packaged in 10 oz. plastic tubs with US UPC 17800-12859.  Product is shipped 8 tubs per case.  Manufactured by Nestle Purina PetCare Company, St. Louis, MO 63164.","43,583 cases",Product may contain less vitamins and minerals than label purports.,03/09/2016,08/31/2016,11/29/2017,09/07/2016,5363 to 6054; Best Buy Jun 2017 to Aug 2017
Veterinary,No,,73463,Terminated,Nestle Purina PetCare Co,Checkerboard Square,Attn Christopher S Cowell,Saint Louis,MO,	63164-0001,United States,Voluntary: Firm initiated,"Two or more of the following: Email, Fax, Letter, Press Release, Telephone, Visit","Product was distributed nationwide and Puerto Rico.  Product was also distributed to Ontario, Canada.  There was no military or government distribution.",V-496-2016,Class II,"Beneful Prepared Meals Roasted Turkey Medley canned wet dog food packaged in 10 oz. plastic tubs with US UPC 17800-10968 and Canada UPC 55800-11562.  Product is shipped 8 tubs per case.  Manufactured by Nestle Purina PetCare Company, St. Louis, MO 63164.","231,885 cases",Product may contain less vitamins and minerals than label purports.,03/09/2016,08/31/2016,11/29/2017,09/07/2016,5363 to 6054; Best Buy Jun 2017 to Aug 2017
Veterinary,No,,73463,Terminated,Nestle Purina PetCare Co,Checkerboard Square,Attn Christopher S Cowell,Saint Louis,MO,	63164-0001,United States,Voluntary: Firm initiated,"Two or more of the following: Email, Fax, Letter, Press Release, Telephone, Visit","Product was distributed nationwide and Puerto Rico.  Product was also distributed to Ontario, Canada.  There was no military or government distribution.",V-497-2016,Class II,"Beneful Chopped Blends Beef canned wet dog food packaged in 10 oz. plastic tubs with US UPC 17800-15494.  Product is shipped 8 tubs per case.  Manufactured by Nestle Purina PetCare Company, St. Louis, MO 63164.","51,454 cases",Product may contain less vitamins and minerals than label purports.,03/09/2016,08/31/2016,11/29/2017,09/07/2016,5363 to 6054; Best Buy Jun 2017 to Aug 2017
Veterinary,No,,73463,Terminated,Nestle Purina PetCare Co,Checkerboard Square,Attn Christopher S Cowell,Saint Louis,MO,	63164-0001,United States,Voluntary: Firm initiated,"Two or more of the following: Email, Fax, Letter, Press Release, Telephone, Visit","Product was distributed nationwide and Puerto Rico.  Product was also distributed to Ontario, Canada.  There was no military or government distribution.",V-498-2016,Class II,"Beneful Chopped Blends Chicken canned wet dog food packaged in 10 oz. plastic tubs with US UPC 17800-15496 and Canada UPC 55800-21254.  Product is shipped 8 tubs per case.  Manufactured by Nestle Purina PetCare Company, St. Louis, MO 63164.","59,797 cases",Product may contain less vitamins and minerals than label purports.,03/09/2016,08/31/2016,11/29/2017,09/07/2016,5363 to 6054; Best Buy Jun 2017 to Aug 2017
Veterinary,No,,73463,Terminated,Nestle Purina PetCare Co,Checkerboard Square,Attn Christopher S Cowell,Saint Louis,MO,	63164-0001,United States,Voluntary: Firm initiated,"Two or more of the following: Email, Fax, Letter, Press Release, Telephone, Visit","Product was distributed nationwide and Puerto Rico.  Product was also distributed to Ontario, Canada.  There was no military or government distribution.",V-499-2016,Class II,"Beneful Chopped Blends Lamb canned wet dog food packaged in 10 oz. plastic tubs with US UPC 17800-15498 and Canada UPC 55800-21238.  Product is shipped 8 tubs per case.  Manufactured by Nestle Purina PetCare Company, St. Louis, MO 63164.","39,984 cases",Product may contain less vitamins and minerals than label purports.,03/09/2016,08/31/2016,11/29/2017,09/07/2016,5363 to 6054; Best Buy Jun 2017 to Aug 2017
Veterinary,No,,73463,Terminated,Nestle Purina PetCare Co,Checkerboard Square,Attn Christopher S Cowell,Saint Louis,MO,	63164-0001,United States,Voluntary: Firm initiated,"Two or more of the following: Email, Fax, Letter, Press Release, Telephone, Visit","Product was distributed nationwide and Puerto Rico.  Product was also distributed to Ontario, Canada.  There was no military or government distribution.",V-500-2016,Class II,"Beneful Chopped Blends Chicken and Liver canned wet dog food packaged in 10 oz. plastic tubs with US UPC 17800-16960.  Product is shipped 8 tubs per case.  Manufactured by Nestle Purina PetCare Company, St. Louis, MO 63164.","30,385 cases",Product may contain less vitamins and minerals than label purports.,03/09/2016,08/31/2016,11/29/2017,09/07/2016,5363 to 6054; Best Buy Jun 2017 to Aug 2017
Veterinary,No,,73463,Terminated,Nestle Purina PetCare Co,Checkerboard Square,Attn Christopher S Cowell,Saint Louis,MO,	63164-0001,United States,Voluntary: Firm initiated,"Two or more of the following: Email, Fax, Letter, Press Release, Telephone, Visit","Product was distributed nationwide and Puerto Rico.  Product was also distributed to Ontario, Canada.  There was no military or government distribution.",V-501-2016,Class II,"Beneful Chopped Blends Salmon canned wet dog food packaged in 10 oz. plastic tubs with US UPC 17800-16962.  Product is shipped 8 tubs per case.  Manufactured by Nestle Purina PetCare Company, St. Louis, MO 63164.","9,805 cases",Product may contain less vitamins and minerals than label purports.,03/09/2016,08/31/2016,11/29/2017,09/07/2016,5363 to 6054; Best Buy Jun 2017 to Aug 2017
Veterinary,No,,73463,Terminated,Nestle Purina PetCare Co,Checkerboard Square,Attn Christopher S Cowell,Saint Louis,MO,	63164-0001,United States,Voluntary: Firm initiated,"Two or more of the following: Email, Fax, Letter, Press Release, Telephone, Visit","Product was distributed nationwide and Puerto Rico.  Product was also distributed to Ontario, Canada.  There was no military or government distribution.",V-502-2016,Class II,"Beneful Chopped Blends Turkey canned wet dog food packaged in 10 oz. plastic tubs with US UPC 17800-16966.  Product is shipped 8 tubs per case.  Manufactured by Nestle Purina PetCare Company, St. Louis, MO 63164.","15,781 cases",Product may contain less vitamins and minerals than label purports.,03/09/2016,08/31/2016,11/29/2017,09/07/2016,5363 to 6054; Best Buy Jun 2017 to Aug 2017
Veterinary,No,,73463,Terminated,Nestle Purina PetCare Co,Checkerboard Square,Attn Christopher S Cowell,Saint Louis,MO,	63164-0001,United States,Voluntary: Firm initiated,"Two or more of the following: Email, Fax, Letter, Press Release, Telephone, Visit","Product was distributed nationwide and Puerto Rico.  Product was also distributed to Ontario, Canada.  There was no military or government distribution.",V-503-2016,Class II,"Beneful Prepared Meals Savory Rice and Lamb Stew canned wet dog food packaged in 10 oz. plastic tubs with US UPC 17800-10967 and Canada UPC 55800 10556.  Product is shipped 8 tubs per case.  Manufactured by Nestle Purina PetCare Company, St. Louis, MO 63164.","71,045 cases",Product may contain less vitamins and minerals than label purports.,03/09/2016,08/31/2016,11/29/2017,09/07/2016,5363 to 6054; Best Buy Jun 2017 to Aug 2017
Veterinary,No,,73463,Terminated,Nestle Purina PetCare Co,Checkerboard Square,Attn Christopher S Cowell,Saint Louis,MO,	63164-0001,United States,Voluntary: Firm initiated,"Two or more of the following: Email, Fax, Letter, Press Release, Telephone, Visit","Product was distributed nationwide and Puerto Rico.  Product was also distributed to Ontario, Canada.  There was no military or government distribution.",V-504-2016,Class II,"Beneful Prepared Meals Beef Stew canned wet dog food packaged in 10 oz. plastic tubs with Canada UPC 55800 11651.  Product is shipped 8 tubs per case.  Manufactured by Nestle Purina PetCare Company, St. Louis, MO 63164.",924 cases,Product may contain less vitamins and minerals than label purports.,03/09/2016,08/31/2016,11/29/2017,09/07/2016,5363 to 6054; Best Buy Jun 2017 to Aug 2017
Veterinary,No,,73463,Terminated,Nestle Purina PetCare Co,Checkerboard Square,Attn Christopher S Cowell,Saint Louis,MO,	63164-0001,United States,Voluntary: Firm initiated,"Two or more of the following: Email, Fax, Letter, Press Release, Telephone, Visit","Product was distributed nationwide and Puerto Rico.  Product was also distributed to Ontario, Canada.  There was no military or government distribution.",V-505-2016,Class II,"Beneful Prepared Meals Simmered Beef canned wet dog food packaged in 10 oz. plastic tubs with Canada UPC 55800 11649.  Product is shipped 8 tubs per case.  Manufactured by Nestle Purina PetCare Company, St. Louis, MO 63164.",8546 cases,Product may contain less vitamins and minerals than label purports.,03/09/2016,08/31/2016,11/29/2017,09/07/2016,5363 to 6054; Best Buy Jun 2017 to Aug 2017
Veterinary,No,,73463,Terminated,Nestle Purina PetCare Co,Checkerboard Square,Attn Christopher S Cowell,Saint Louis,MO,	63164-0001,United States,Voluntary: Firm initiated,"Two or more of the following: Email, Fax, Letter, Press Release, Telephone, Visit","Product was distributed nationwide and Puerto Rico.  Product was also distributed to Ontario, Canada.  There was no military or government distribution.",V-506-2016,Class II,"Beneful Prepared Meals 12-count variety pack containing wet dog food packaged in 10 oz. plastic tubs:  4 tubs savory rice and lamb stew, 4 tubs chicken stew, and 4 tubs beef stew with UPC 17800 - 16814.  Product is shipped in cases of 12 packs.  Manufactured by Nestle Purina PetCare Company, St. Louis, MO 63164.","13,104 cases",Product may contain less vitamins and minerals than label purports.,03/09/2016,08/31/2016,11/29/2017,09/07/2016,5363 to 6054; Best Buy Jun 2017 to Aug 2017
Veterinary,No,,73463,Terminated,Nestle Purina PetCare Co,Checkerboard Square,Attn Christopher S Cowell,Saint Louis,MO,	63164-0001,United States,Voluntary: Firm initiated,"Two or more of the following: Email, Fax, Letter, Press Release, Telephone, Visit","Product was distributed nationwide and Puerto Rico.  Product was also distributed to Ontario, Canada.  There was no military or government distribution.",V-507-2016,Class II,"Beneful Prepared Meals 6-count variety pack containing wet dog food packaged in 10 oz. plastic tubs:  2 tubs savory rice and lamb stew, 2 tubs chicken stew, and 2 tubs beef stew with UPC 17800 - 15030.  Product is shipped in cases of 6 packs.  Manufactured by Nestle Purina PetCare Company, St. Louis, MO 63164.",26130 cases,Product may contain less vitamins and minerals than label purports.,03/09/2016,08/31/2016,11/29/2017,09/07/2016,5363 to 6054; Best Buy Jun 2017 to Aug 2017
Veterinary,No,,73463,Terminated,Nestle Purina PetCare Co,Checkerboard Square,Attn Christopher S Cowell,Saint Louis,MO,	63164-0001,United States,Voluntary: Firm initiated,"Two or more of the following: Email, Fax, Letter, Press Release, Telephone, Visit","Product was distributed nationwide and Puerto Rico.  Product was also distributed to Ontario, Canada.  There was no military or government distribution.",V-508-2016,Class II,"Beneful Chopped Blends 6-count variety pack containing wet dog food packaged in 10 oz. plastic tubs:  2 tubs lamb, 2 tubs chicken, and 2 tubs beef  with UPC 17800 - 16627.  Product is shipped in cases of 6 packs.  Manufactured by Nestle Purina PetCare Company, St. Louis, MO 63164.",1480 cases,Product may contain less vitamins and minerals than label purports.,03/09/2016,08/31/2016,11/29/2017,09/07/2016,5363 to 6054; Best Buy Jun 2017 to Aug 2017
Veterinary,No,,73463,Terminated,Nestle Purina PetCare Co,Checkerboard Square,Attn Christopher S Cowell,Saint Louis,MO,	63164-0001,United States,Voluntary: Firm initiated,"Two or more of the following: Email, Fax, Letter, Press Release, Telephone, Visit","Product was distributed nationwide and Puerto Rico.  Product was also distributed to Ontario, Canada.  There was no military or government distribution.",V-509-2016,Class II,"Pro Plan Savory Meals braised chicken canned wet dog food packaged in 10 oz. plastic tubs with UPC 38100-16148.  Product is shipped 8 tubs per case.  Manufactured by Nestle Purina PetCare Company, St. Louis, MO 63164.",902 cases,Product may contain less vitamins and minerals than label purports.,03/09/2016,08/31/2016,11/29/2017,09/07/2016,5363 to 6054; Best Buy Jun 2017 to Aug 2017
Veterinary,No,,73463,Terminated,Nestle Purina PetCare Co,Checkerboard Square,Attn Christopher S Cowell,Saint Louis,MO,	63164-0001,United States,Voluntary: Firm initiated,"Two or more of the following: Email, Fax, Letter, Press Release, Telephone, Visit","Product was distributed nationwide and Puerto Rico.  Product was also distributed to Ontario, Canada.  There was no military or government distribution.",V-510-2016,Class II,"Pro Plan Savory Meals braised pork canned wet dog food packaged in 10 oz. plastic tubs with UPC 38100-16151.  Product is shipped 8 tubs per case.  Manufactured by Nestle Purina PetCare Company, St. Louis, MO 63164.",832 cases,Product may contain less vitamins and minerals than label purports.,03/09/2016,08/31/2016,11/29/2017,09/07/2016,5363 to 6054; Best Buy Jun 2017 to Aug 2017
Veterinary,No,,73463,Terminated,Nestle Purina PetCare Co,Checkerboard Square,Attn Christopher S Cowell,Saint Louis,MO,	63164-0001,United States,Voluntary: Firm initiated,"Two or more of the following: Email, Fax, Letter, Press Release, Telephone, Visit","Product was distributed nationwide and Puerto Rico.  Product was also distributed to Ontario, Canada.  There was no military or government distribution.",V-511-2016,Class II,"Pro Plan Savory Meals braised turkey canned wet dog food packaged in 10 oz. plastic tubs with UPC 38100-16147.  Product is shipped 8 tubs per case.  Manufactured by Nestle Purina PetCare Company, St. Louis, MO 63164.",2989 cases,Product may contain less vitamins and minerals than label purports.,03/09/2016,08/31/2016,11/29/2017,09/07/2016,5363 to 6054; Best Buy Jun 2017 to Aug 2017
Veterinary,No,,73463,Terminated,Nestle Purina PetCare Co,Checkerboard Square,Attn Christopher S Cowell,Saint Louis,MO,	63164-0001,United States,Voluntary: Firm initiated,"Two or more of the following: Email, Fax, Letter, Press Release, Telephone, Visit","Product was distributed nationwide and Puerto Rico.  Product was also distributed to Ontario, Canada.  There was no military or government distribution.",V-512-2016,Class II,"Pro Plan Savory Meals grilled salmon canned wet dog food packaged in 10 oz. plastic tubs with UPC 38100-16155.  Product is shipped 8 tubs per case.  Manufactured by Nestle Purina PetCare Company, St. Louis, MO 63164.",1536 cases,Product may contain less vitamins and minerals than label purports.,03/09/2016,08/31/2016,11/29/2017,09/07/2016,5363 to 6054; Best Buy Jun 2017 to Aug 2017
Veterinary,No,,73463,Terminated,Nestle Purina PetCare Co,Checkerboard Square,Attn Christopher S Cowell,Saint Louis,MO,	63164-0001,United States,Voluntary: Firm initiated,"Two or more of the following: Email, Fax, Letter, Press Release, Telephone, Visit","Product was distributed nationwide and Puerto Rico.  Product was also distributed to Ontario, Canada.  There was no military or government distribution.",V-513-2016,Class II,"Pro Plan Savory Meals braised beef canned wet dog food packaged in 10 oz. plastic tubs with UPC 38100-16143.  Product is shipped 8 tubs per case.  Manufactured by Nestle Purina PetCare Company, St. Louis, MO 63164.",640 cases,Product may contain less vitamins and minerals than label purports.,03/09/2016,08/31/2016,11/29/2017,09/07/2016,5363 to 6054; Best Buy Jun 2017 to Aug 2017
