Product Type,Recently Updated Record,Last Modified Date,Event ID,Status,Recalling Firm,Address1,Address2,City,State/Province,Postal Code,Country,Voluntary/Mandated,Initial Firm Notification of Consignee or Public,Distribution Pattern,Recall Number,Classification,Product Description,Product Quantity,Reason for Recall,Recall Initiation Date,Center Classification Date,Termination Date,Report Date,Code Info,More Code Info,More Code Info,More Code Info,More Code Info,More Code Info,More Code Info,More Code Info
Veterinary,No,01/15/2026,98224,Ongoing,GOLD STAR DISTRIBUTION INC,1000 Humboldt Ave N,N/A,Minneapolis,MN,	55411-3964,United States,Voluntary: Firm initiated,Press Release,"IN, MN, ND",V-0029-2026,Class II,"Pet food and treats purchased from this distributor August 1 thru November 24, 2025.",unknown,Potential exposure of rodents and rodent activity in the distribution center.,12/26/2025,01/14/2026,N/A,01/14/2026,All pet food and treats purchased from this firm between 8/1/2025 and 11/24/2025.,,,,,,,
Veterinary,No,,53521,Terminated,Western Stockmen's,223 Rodeo Ave,N/A,Caldwell,ID,	83605-6714,United States,N/A,N/A,"The product was distributed domestically to individuals, dairys, and from the firm's own retail locations (in OR and ID).  Product went to OR and ID.",V-005-2010,Class II,"This medicated feed is packaged in 50 lb (net weight) white poly bags with the product label stitched to the bag seam.   Labeling reads in part: ""Net Weight 50 lbs.***WST Pride PLUS AMPROLIUM CRUMBLE 1.25% For Beef and Dairy Calves***An aid in the prevention and treatment of coccidiosis***ACTIVE DRUG INGREDIENT Amprolium (Corid) 1.25%***LOT NO: 11639-033109***MANUFACTURED BY WESTERN STOCKMEN'S, CALDWELL, ID 83605***""  The firm's product number is printed to the right of the lot number and is ""35016601"".  The label does not have a best by or expiration date.",86 bags,Medicated feed was found to be sub-potent for Amprolium.,09/24/2009,N/A,07/21/2011,,N/A,,,,,,,
Veterinary,No,04/05/2022,89627,Terminated,"Dollar Tree Distribution, Inc.",500 Volvo Pkwy,N/A,Chesapeake,VA,	23320-1604,United States,Voluntary: Firm initiated,"Two or more of the following: Email, Fax, Letter, Press Release, Telephone, Visit","Alabama, Arkansas, Louisiana, Mississippi, Missouri and Tennessee",V-0063-2022,Class II,"Pet food and treats purchased from Family Dollar retail stores in Alabama, Arkansas, Louisiana, Mississippi, Missouri and Tennessee that are packaged in material other than glass or metal can",Unknown,Potential exposure to rodents and rodent activity in the distribution center.,02/18/2022,04/05/2022,06/24/2024,03/09/2022,"All food products purchased from Family Dollar retail stores located in AL, AR, LA, MS, MO, and TN from January 1, 2021 to present",,,,,,,
Veterinary,No,06/11/2021,87892,Terminated,Tejas Industries - Amarillo Distribution,101 Se 11th Ave,N/A,Amarillo,TX,	79101-3415,United States,Voluntary: Firm initiated,Telephone,"Distributed to pet food distributors and retailers in AZ, CA, CO, CT, DE, FL, GA, ID, IL, IN, KS, KY, MA, MD, MI, MN, MO, MS, MT, NC, NE, NJ, NV, NY, OH, OR, PA, RI, SC, TN, TX, UT, VA, WA, WI, WV, WY and Canada.",V-0118-2021,Class II,"Zuke's Mini Naturals Dog Treats Chicken Recipe Distributed by Zuke's LLC Amarillo, TX packaged in 6 oz (UPC 0 13423 33051 7) and 16 oz (UPC 0 13423 33021 0) bags","43,362 cases (16 oz); 19,224 case (6 oz)",Pet treat products show presence of mold.,04/30/2021,06/11/2021,10/03/2021,06/09/2021,"16 oz: 3450, 3460, 0431, 0441, 0451, 0461, 0761, 0771, 0781  6 oz: 3370, 0121, 0131, 0371, 0711, 0721, 0731",,,,,,,
Veterinary,No,06/11/2021,87892,Terminated,Tejas Industries - Amarillo Distribution,101 Se 11th Ave,N/A,Amarillo,TX,	79101-3415,United States,Voluntary: Firm initiated,Telephone,"Distributed to pet food distributors and retailers in AZ, CA, CO, CT, DE, FL, GA, ID, IL, IN, KS, KY, MA, MD, MI, MN, MO, MS, MT, NC, NE, NJ, NV, NY, OH, OR, PA, RI, SC, TN, TX, UT, VA, WA, WI, WV, WY and Canada.",V-0119-2021,Class II,"Zuke's Mini Naturals Dog Treats Peanut Butter & Oats Recipe Distributed by Zuke's LLC Amarillo, TX packaged in 6 oz (UPC 0 13423 33052 4) and 16 oz (UPC 0 13423 33022 7) bags","19,678 cases (16 oz); 16,713 cases (6 oz)",Pet treat products show presence of mold.,04/30/2021,06/11/2021,10/03/2021,06/09/2021,"16 oz: 3450, 3460, 0431, 0441, 0451, 0461, 0761, 0771, 0781  6 oz: 0151, 0161, 0421, 0431, 0791, 0801",,,,,,,
Veterinary,No,06/11/2021,87892,Terminated,Tejas Industries - Amarillo Distribution,101 Se 11th Ave,N/A,Amarillo,TX,	79101-3415,United States,Voluntary: Firm initiated,Telephone,"Distributed to pet food distributors and retailers in AZ, CA, CO, CT, DE, FL, GA, ID, IL, IN, KS, KY, MA, MD, MI, MN, MO, MS, MT, NC, NE, NJ, NV, NY, OH, OR, PA, RI, SC, TN, TX, UT, VA, WA, WI, WV, WY and Canada.",V-0120-2021,Class II,"Zuke's Mini Naturals Dog Treats Duck Recipe Distributed by Zuke's LLC Amarillo, TX packaged in 6 oz (UPC 6 13423 33053 3) and 16 oz (UPC 6 13423 33023 6) bags","2,196 cases (16 oz); 4,580 cases (6 oz)",Pet treat products show presence of mold.,04/30/2021,06/11/2021,10/03/2021,06/09/2021,"16 oz: 0191, 0481, 0851, 0861  6 oz: 3150, 0481,0851, 0861",,,,,,,
Veterinary,No,06/11/2021,87892,Terminated,Tejas Industries - Amarillo Distribution,101 Se 11th Ave,N/A,Amarillo,TX,	79101-3415,United States,Voluntary: Firm initiated,Telephone,"Distributed to pet food distributors and retailers in AZ, CA, CO, CT, DE, FL, GA, ID, IL, IN, KS, KY, MA, MD, MI, MN, MO, MS, MT, NC, NE, NJ, NV, NY, OH, OR, PA, RI, SC, TN, TX, UT, VA, WA, WI, WV, WY and Canada.",V-0121-2021,Class II,"Zuke's Mini Naturals Dog Treats Salmon Recipe Distributed by Zuke's LLC Amarillo, TX packaged in 6 oz (UPC 0 13423 33054 8) and 16 oz (UPC 0 13423 33024 1) bags","4,900 cases (16 oz); 6,896 cases (6 oz)",Pet treat products show presence of mold.,04/30/2021,06/11/2021,10/03/2021,06/09/2021,"16 oz: 0521, 0531, 0541, 0881, 0891  6 oz: 0531, 0541, 0551, 0881, 0891",,,,,,,
Veterinary,No,06/11/2021,87892,Terminated,Tejas Industries - Amarillo Distribution,101 Se 11th Ave,N/A,Amarillo,TX,	79101-3415,United States,Voluntary: Firm initiated,Telephone,"Distributed to pet food distributors and retailers in AZ, CA, CO, CT, DE, FL, GA, ID, IL, IN, KS, KY, MA, MD, MI, MN, MO, MS, MT, NC, NE, NJ, NV, NY, OH, OR, PA, RI, SC, TN, TX, UT, VA, WA, WI, WV, WY and Canada.",V-0122-2021,Class II,"Zuke's Mini Naturals Dog Treats Rabbit Recipe Distributed by Zuke's LLC Amarillo, TX packaged in 6 oz (UPC 6 13423 33056 4) and 16 oz (UPC 6 13423 33026 7) bags","1,655 cases (16 oz); 5,019 cases (6 oz)",Pet treat products show presence of mold.,04/30/2021,06/11/2021,10/03/2021,06/09/2021,"16 oz: 0491, 0501, 0821  6 oz: 0201, 0491, 0821, 0831",,,,,,,
Veterinary,No,06/11/2021,87892,Terminated,Tejas Industries - Amarillo Distribution,101 Se 11th Ave,N/A,Amarillo,TX,	79101-3415,United States,Voluntary: Firm initiated,Telephone,"Distributed to pet food distributors and retailers in AZ, CA, CO, CT, DE, FL, GA, ID, IL, IN, KS, KY, MA, MD, MI, MN, MO, MS, MT, NC, NE, NJ, NV, NY, OH, OR, PA, RI, SC, TN, TX, UT, VA, WA, WI, WV, WY and Canada.",V-0123-2021,Class II,"Zuke's Mini Naturals Dog Treats Pork Recipe Distributed by Zuke's LLC Amarillo, TX packaged in 6 oz (UPC 6 13423 33055 7) and 16 oz (UPC 6 13423 33025 0) bags","2,187 cases (16 oz); 743 cases (6 oz)",Pet treat products show presence of mold.,04/30/2021,06/11/2021,10/03/2021,06/09/2021,"16 oz: 3140, 0211, 0511, 0871  6 oz: 0511, 0871",,,,,,,
Veterinary,No,06/11/2021,87892,Terminated,Tejas Industries - Amarillo Distribution,101 Se 11th Ave,N/A,Amarillo,TX,	79101-3415,United States,Voluntary: Firm initiated,Telephone,"Distributed to pet food distributors and retailers in AZ, CA, CO, CT, DE, FL, GA, ID, IL, IN, KS, KY, MA, MD, MI, MN, MO, MS, MT, NC, NE, NJ, NV, NY, OH, OR, PA, RI, SC, TN, TX, UT, VA, WA, WI, WV, WY and Canada.",V-0124-2021,Class II,"Zuke's Mini Naturals Dog Treats Beef Recipe Distributed by Zuke's LLC Amarillo, TX packaged in 6 oz (UPC 6 13423 33058 8) and 16 oz (UPC 6 13423 33060 1) bags","3,571 cases (16 oz); 2,691 cases (6 oz)",Pet treat products show presence of mold.,04/30/2021,06/11/2021,10/03/2021,06/09/2021,"16 oz: 3350, 3360, 0141, 0471, 0841  6 oz: 3350, 0141, 0471, 0841",,,,,,,
Veterinary,No,08/03/2022,90404,Terminated,"Wedgewood Village Pharmacy, LLC",405 Heron Dr Ste 200,N/A,Swedesboro,NJ,	08085-1749,United States,Voluntary: Firm initiated,N/A,to be entered.,V-0172-2022,Class II,Chewable Treat (Chicken) Chew Treat CHEWAB-CHW002VC Chewable Treat (Beef) Chew Treat CHEWAB-CHW005VC      packaged in amber blister pack  Wedgewood Pharmacy 800-.331.8272         ,242 treats,Insanitary conditions.,07/05/2022,08/03/2022,04/22/2024,08/03/2022,000-03778459  08/12/2022 000-03668800  06/26/2022 000-03907732  09/28/2022,,,,,,,
Veterinary,No,08/03/2022,90404,Terminated,"Wedgewood Village Pharmacy, LLC",405 Heron Dr Ste 200,N/A,Swedesboro,NJ,	08085-1749,United States,Voluntary: Firm initiated,N/A,to be entered.,V-0177-2022,Class II,Cisapride Chicken Flavor 5mg Chew Treat CISAPR-CHW003VC Chew Treat Cisapride Chicken Flavor 2.5mg Chew Treat CISAPR-CHW006VC Chew Treat Cisapride Chicken Flavor 10mg/ml Oral Suspension 15ml Bottle CISAPRSUS0000VC Oral Suspension Cisapride Liver Flavor 5mg/ml Oral Suspension 30ml  Bottle CISAPRSUS0003VC Oral Suspension Cisapride Liver Flavor 5mg/ml Oral Suspension 60ml Bottle CISAPRSUS0004VC Oral Suspension Cisapride Liver Flavor 5mg/ml Oral Suspension 100ml Bottle CISAPRSUS0005VC Oral Suspension Cisapride Liver Flavor 5mg/ml Oral Suspension 240ml Bottle CISAPRSUS0006VC Oral Suspension Cisapride Liver Flavor 5mg/ml Oral Suspension 480ml Bottle CISAPRSUS0007VC Oral Suspension Cisapride Fish Flavor 10mg/ml Oral Suspension 30ml Bottle CISAPRSUS0038VC Oral Suspension Cisapride Fish Flavor 10mg/ml Oral Suspension 60ml Bottle CISAPRSUS0039VC Oral Suspension Cisapride Fish Flavor 10mg/ml Oral Suspension 100ml Bottle CISAPRSUS0041VC Oral Suspension Cisapride Fish Flavor 10mg/ml Oral Suspension 120ml Bottle CISAPRSUS0042VC Oral Suspension Cisapride Fish Flavor 10mg/ml Oral Suspension 240ml Bottle CISAPRSUS0043VC Oral Suspension Cisapride Fish Flavor 10mg/ml Oral Suspension 480ml Bottle CISAPRSUS0044VC Oral Suspension Cisapride Fish Flavor 5mg/ml Oral Suspension 30ml Bottle CISAPRSUS0046VC Oral Suspension Cisapride Fish Flavor 5mg/ml Oral Suspension 60ml Bottle CISAPRSUS0047VC Oral Suspension Cisapride Fish Flavor 5mg/ml Oral Suspension 90ml Bottle CISAPRSUS0048VC Oral Suspension Cisapride Fish Flavor 5mg/ml Oral Suspension 100ml Bottle CISAPRSUS0049VC Oral Suspension Cisapride Fish Flavor 5mg/ml Oral Suspension 120ml Bottle CISAPRSUS0050VC Oral Suspension Cisapride Fish Flavor 5mg/ml Oral Suspension 135ml Bottle CISAPRSUS0051VC Oral Suspension Cisapride Fish Flavor 5mg/ml Oral Suspension 180ml Bottle CISAPRSUS0053VC Oral Suspension Cisapride Fish Flavor 5mg/ml Oral Suspension 240ml Bottle CISAPRSUS0054VC Oral Suspension Cisapride Fish Flavor 5mg/ml Oral Suspension 250ml Bottle CISAPRSUS0055VC Oral Suspension Cisapride Fish Flavor 5mg/ml Oral Suspension 480ml Bottle CISAPRSUS0057VC Oral Suspension Cisapride Chicken Flavor 10mg/ml Oral Suspension 30ml Bottle CISAPRSUS0065VC Oral Suspension Cisapride Chicken Flavor 10mg/ml Oral Suspension 60ml Bottle CISAPRSUS0066VC Oral Suspension Cisapride Chicken Flavor 10mg/ml Oral Suspension 100ml Bottle CISAPRSUS0067VC Oral Suspension Cisapride Chicken Flavor 10mg/ml Oral Suspension 120ml Bottle CISAPRSUS0068VC Oral Suspension Cisapride Chicken Flavor 10mg/ml Oral Suspension 150ml Bottle CISAPRSUS0069VC Oral Suspension Cisapride Chicken Flavor 10mg/ml Oral Suspension 180ml Bottle CISAPRSUS0070VC Oral Suspension Cisapride Chicken Flavor 10mg/ml Oral Suspension 240ml Bottle CISAPRSUS0071VC Oral Suspension Cisapride Chicken Flavor 10mg/ml Oral Suspension 480ml Bottle CISAPRSUS0072VC Oral Suspension Cisapride Chicken Flavor 5mg/ml Oral Suspension 30ml Bottle CISAPRSUS0074VC Oral Suspension Cisapride Chicken Flavor 5mg/ml Oral Suspension 45ml Bottle CISAPRSUS0075VC Oral Suspension Cisapride Chicken Flavor 5mg/ml Oral Suspension 60ml Bottle CISAPRSUS0076VC Oral Suspension Cisapride Chicken Flavor 5mg/ml Oral Suspension 90ml Bottle CISAPRSUS0077VC Oral Suspension Cisapride Chicken Flavor 5mg/ml Oral Suspension 100ml Bottle CISAPRSUS0078VC Oral Suspension Cisapride Chicken Flavor 5mg/ml Oral Suspension 120ml Bottle CISAPRSUS0079VC Oral Suspension Cisapride Chicken Flavor 5mg/ml Oral Suspension 135ml Bottle CISAPRSUS0080VC Oral Suspension Cisapride Chicken Flavor 5mg/ml Oral Suspension 180ml Bottle CISAPRSUS0081VC Oral Suspension Cisapride Chicken Flavor 5mg/ml Oral Suspension 200ml Bottle CISAPRSUS0082VC Oral Suspension Cisapride Chicken Flavor 5mg/ml Oral Suspension 240ml Bottle CISAPRSUS0083VC Oral Suspension Cisapride Chicken Flavor 5mg/ml Oral Suspension 300ml Bottle CISAPRSUS0084VC Oral Suspension Cisapride Chicken Flavor 5mg/ml Oral Suspension 360ml Bottle CISAPRSUS0085VC Oral Suspension Cisapride Chic,9286 chews,Insanitary conditions.,07/05/2022,08/03/2022,04/22/2024,08/03/2022,000-03651911  06/18/2022 000-03665823  06/15/2022 000-03695812  06/18/2022 000-03710472  06/27/2022 000-03721654  06/27/2022 000-03754535  07/11/2022 000-03755402  07/11/2022 000-03814147  08/07/2022 000-03815366  08/07/2022 000-03888112  09/04/2022 000-03905943  09/04/2022 000-03905962  09/01/2022 000-03906550  09/04/2022 000-03912038  09/04/2022 000-03912050  09/04/2022 000-03646823  06/18/2022 000-03659354  06/18/2022 000-03668149  06/27/2022 000-03668173  06/27/2022 000-03818861  08/07/2022 000-03826823  08/07/2022 000-03905947  09/27/2022 000-03680618  06/18/2022 000-03740558  07/11/2022 000-03771238  08/07/2022 000-03648851  06/18/2022 000-03657384  06/18/2022 000-03674068  06/27/2022 000-03677743  06/27/2022 000-03704222  06/27/2022 000-03716226  06/27/2022 000-03740583  07/11/2022 000-03777269  08/07/2022 000-03793115  08/07/2022 000-03807924  08/07/2022 000-03815384  08/07/2022 000-03821953  08/07/2022 000-03825677  08/07/2022 000-03840611  08/20/2022 000-03845162  08/20/2022 000-03859689  08/20/2022 000-03878756  09/04/2022 000-03893264  09/04/2022 000-03688071  06/27/2022 000-03769223  07/02/2022 000-03911988  09/04/2022 000-03665827  06/27/2022 000-03892670  09/04/2022 000-03676080  06/27/2022 000-03866531  08/20/2022 000-03665051  06/27/2022 000-03792798  07/17/2022 000-03905939  09/27/2022 000-03680576  06/18/2022 000-03849276  08/20/2022 000-03886499  09/04/2022 000-03641035  06/18/2022 000-03676434  06/18/2022 000-03697056  06/27/2022 000-03740577  07/11/2022 000-03799543  08/07/2022 000-03821950  08/07/2022 000-03651978  06/18/2022 000-03720031  06/27/2022 000-03729570  06/27/2022 000-03810885  08/07/2022 000-03665123  06/27/2022 000-03680602  06/27/2022 000-03860752  08/20/2022 000-03731766  06/27/2022 000-03735358  06/27/2022 000-03743728  06/27/2022 000-03781952  06/27/2022 000-03784779  06/27/2022 000-03807533  06/27/2022 000-03810367  06/27/2022 000-03813908  06/27/2022 000-03815280  06/27/2022 000-03816782  06/27/2022 000-03831608  06/27/2022 000-03834102  06/27/2022 000-03841974  06/27/2022 000-03852793  08/20/2022 000-03855150  08/20/2022 000-03855155  08/20/2022 000-03866301  08/20/2022 000-03866306  08/20/2022 000-03869398  08/20/2022 000-03869404  08/20/2022 000-03875762  08/20/2022 000-03879545  08/20/2022 000-03900247  08/20/2022 000-03912315  08/20/2022 000-03912328  08/20/2022 000-03916235  08/20/2022 000-03930807  08/20/2022 000-03954650  08/20/2022 000-03955515  08/20/2022 000-03957409  08/20/2022 000-03765815  06/27/2022 000-03894143  08/20/2022 000-03932082  08/20/2022 000-03954999  08/20/2022 000-03743724  06/27/2022 000-03825050  06/27/2022 000-03956320  08/20/2022 000-03725331  06/27/2022 000-03728764  06/27/2022 000-03728784  06/27/2022 000-03757931  06/27/2022 000-03760333  06/27/2022 000-03762969  06/27/2022 000-03773579  06/27/2022 000-03784776  06/27/2022 000-03799527  06/27/2022 000-03813911  06/27/2022 000-03821375  06/27/2022 000-03834111  06/27/2022 000-03835121  06/27/2022 000-03841986  06/27/2022 000-03860168  08/20/2022 000-03862907  08/20/2022 000-03887776  08/20/2022 000-03891118  08/20/2022 000-03892879  08/20/2022 000-03900243  08/20/2022 000-03903247  08/20/2022 000-03909655  08/20/2022 000-03912314  08/20/2022 000-03916225  08/20/2022 000-03916238  08/20/2022 000-03927380  08/20/2022 000-03927877  08/20/2022 000-03938887  08/20/2022 000-03940021  08/20/2022 000-03963952  08/20/2022 000-03754802  06/27/2022 000-03772624  06/27/2022 000-03887784  08/20/2022 000-03900236  08/20/2022 000-03913427  08/20/2022 000-03728766  06/27/2022 000-03733079  06/27/2022 000-03772618  06/27/2022 000-03779549  06/27/2022 000-03784767  06/27/2022 000-03799515  06/27/2022 000-03823053  06/27/2022 000-03823892  06/27/2022 000-03838213  06/27/2022 000-03841977  06/27/2022 000-03855147  08/20/2022 000-03877268  08/20/2022 000-03877635  08/20/2022 000-03886074  08/20/2022 000-03900239  08/20/2022 000-03904817  08/20/2022 000-03933209  08/20/2022 000-03944259  08/20/2022 000-03747426  06/27/2022 000-03762967  06/27/2022 000-03802865  06/27/2022 000-03810773  06/27/2022 000-03813903  06/27/2022 000-03818913  06/27/2022 000-03834271  06/27/2022 000-03873407  08/20/2022 000-03875745  08/20/2022 000-03892878  08/20/2022 000-03897016  08/20/2022 000-03912316  08/20/2022 000-03923441  08/20/2022 000-03943202  08/20/2022 000-03944250  08/20/2022 000-03945591  08/20/2022 000-03731762  06/27/2022 000-03749301  06/27/2022 000-03751771  06/27/2022 000-03758633  06/27/2022 000-03786521  06/27/2022 000-03804340  06/27/2022 000-03806288  06/27/2022 000-03812155  06/27/2022 000-03832863  06/27/2022 000-03838216  06/27/2022 000-03876303  08/20/2022 000-03923095  08/20/2022 000-03932081  08/20/2022 000-03938885  08/20/2022 000-03940829  08/20/2022 000-03959944  08/20/2022 000-03961032  08/20/2022 000-03731761  06/27/2022 000-03740546  06/27/2022 000-03758643  06/27/2022 000-03788577  06/27/2022 000-03791496  06/27/2022 000-03792450  06/27/2022 000-03800875  06/27/2022 000-03801186  06/27/2022 000-03804517  06/27/2022 000-03807537  06/27/2022 000-03807978  06/27/2022 000-03815249  06/27/2022 000-03823056  06/27/2022 000-03852792  08/20/2022 000-03852797  08/20/2022 000-03869411  08/20/2022 000-03870549  08/20/2022 000-03874466  08/20/2022 000-03882424  08/20/2022 000-03908245  08/20/2022 000-03908248  08/20/2022 000-03916227  08/20/2022 000-03920909  08/20/2022 000-03923083  08/20/2022 000-03927187  08/20/2022 000-03930810  08/20/2022 000-03943027  08/20/2022 000-03949333  08/20/2022 000-03955003  08/20/2022 000-03959947  08/20/2022 000-03743729  06/27/2022 000-03754808  06/27/2022 000-03762968  06/27/2022 000-03766406  06/27/2022 000-03769664  06/27/2022 000-03798791  06/27/2022 000-03801736  06/27/2022 000-03829617  06/27/2022 000-03838212  06/27/2022 000-03838214  06/27/2022 000-03841973  06/27/2022 000-03860163  08/20/2022 000-03873399  08/20/2022 000-03874468  08/20/2022 000-03887779  08/20/2022 000-03933206  08/20/2022 000-03943192  08/20/2022 000-03943200  08/20/2022 000-03959941  08/20/2022 000-03732619  06/27/2022 000-03734622  06/27/2022 000-03752721  06/27/2022 000-03766113  06/27/2022 000-03788584  06/27/2022 000-03806287  06/27/2022 000-03821370  06/27/2022 000-03826321  06/27/2022 000-03841978  06/27/2022 000-03871937  08/20/2022 000-03878013  08/20/2022 000-03930800  08/20/2022 000-03940026  08/20/2022 000-03949328  08/20/2022 000-03952232  08/20/2022 000-03959946  08/20/2022 000-03749872  06/27/2022 000-03927884  08/20/2022 000-03724688  06/27/2022 000-03725329  06/27/2022 000-03732617  06/27/2022 000-03743723  06/27/2022 000-03743731  06/27/2022 000-03747422  06/27/2022 000-03751776  06/27/2022 000-03766114  06/27/2022 000-03766120  06/27/2022 000-03774064  06/27/2022 000-03774573  06/27/2022 000-03776657  06/27/2022 000-03776670  06/27/2022 000-03777195  06/27/2022 000-03777202  06/27/2022 000-03781592  06/27/2022 000-03802866  06/27/2022 000-03804343  06/27/2022 000-03808308  06/27/2022 000-03808696  06/27/2022 000-03810365  06/27/2022 000-03821365  06/27/2022 000-03822473  06/27/2022 000-03823069  06/27/2022 000-03823381  06/27/2022 000-03823382  06/27/2022 000-03826787  06/27/2022 000-03848866  08/20/2022 000-03852790  08/20/2022 000-03855149  08/20/2022 000-03860157  08/20/2022 000-03860171  08/20/2022 000-03862914  08/20/2022 000-03864550  06/27/2022 000-03867477  08/20/2022 000-03871944  08/20/2022 000-03878021  08/20/2022 000-03886072  08/20/2022 000-03889080  08/20/2022 000-03894145  08/20/2022 000-03898703  08/20/2022 000-03900186  08/20/2022 000-03916228  08/20/2022 000-03923096  08/20/2022 000-03943198  08/20/2022 000-03945587  08/20/2022 000-03945596  08/20/2022 000-03949323  08/20/2022 000-03952237  08/20/2022 000-03954653  08/20/2022 000-03955007  08/20/2022 000-03751773  06/27/2022 000-03781955  06/27/2022 000-03813900  06/27/2022 000-03871945  08/20/2022 000-03961315  08/20/2022 000-03728763  06/27/2022 000-03787350  06/27/2022 000-03799518  06/27/2022 000-03823905  06/27/2022 000-03832861  06/27/2022 000-03887778  08/20/2022 000-03900246  08/20/2022 000-03916239  08/20/2022 000-03932080  08/20/2022 000-03815281  06/27/2022 000-03912317  08/20/2022 000-03912322  08/20/2022 000-03751766  06/27/2022 000-03788573  06/27/2022 000-03798790  06/27/2022 000-03800873  06/27/2022 000-03825409  06/27/2022 000-03844181  06/27/2022 000-03866300  08/20/2022 000-03882963  08/20/2022 000-03912323  08/20/2022 000-03959948  08/20/2022 000-03722465  06/27/2022 000-03722466  06/27/2022 000-03725318  06/27/2022 000-03732621  06/27/2022 000-03732624  06/27/2022 000-03762973  06/27/2022 000-03769660  06/27/2022 000-03769673  06/27/2022 000-03778042  06/27/2022 000-03800744  06/27/2022 000-03806740  06/27/2022 000-03834103  06/27/2022 000-03838217  06/27/2022 000-03847223  08/20/2022 000-03852795  08/20/2022 000-03870163  08/20/2022 000-03908241  08/20/2022 000-03916240  08/20/2022 000-03923093  08/20/2022 000-03927882  08/20/2022 000-03943204  08/20/2022 000-03962371  08/20/2022 000-03725328  06/27/2022 000-03739700  06/27/2022 000-03749295  06/27/2022 000-03754807  06/27/2022 000-03775699  06/27/2022 000-03779564  06/27/2022 000-03847226  06/27/2022 000-03894002  08/20/2022 000-03894142  08/20/2022 000-03947989  08/20/2022 000-03952238  08/20/2022 000-03955000  08/20/2022 000-03964907  08/20/2022 000-03722458  06/27/2022 000-03736535  06/27/2022 000-03739490  06/27/2022 000-03747415  06/27/2022 000-03747419  06/27/2022 000-03758635  06/27/2022 000-03762528  06/27/2022 000-03773431  06/27/2022 000-03782953  06/27/2022 000-03795232  06/27/2022 000-03804497  06/27/2022 000-03815253  06/27/2022 000-03838218  06/27/2022 000-03848672  06/27/2022 000-03852789  08/20/2022 000-03860166  08/20/2022 000-03866906  08/20/2022 000-03870891  08/20/2022 000-03887783  08/20/2022 000-03908238  08/20/2022 000-03923696  08/20/2022 000-03936014  08/20/2022 000-03762530  06/27/2022 000-03883580  08/20/2022 000-03728765  06/27/2022 000-03728767  06/27/2022 000-03728789  06/27/2022 000-03729917  06/27/2022 000-03731764  06/27/2022 000-03731765  06/27/2022 000-03734624  06/27/2022 000-03737007  06/27/2022 000-03740553  06/27/2022 000-03740555  06/27/2022 000-03743726  06/27/2022 000-03747428  06/27/2022 000-03751768  06/27/2022 000-03751772  06/27/2022 000-03751777  06/27/2022 000-03752722  06/27/2022 000-03754813  06/27/2022 000-03758631  06/27/2022 000-03762525  06/27/2022 000-03766111  06/27/2022 000-03766112  06/27/2022 000-03766115  06/27/2022 000-03769668  06/27/2022 000-03774058  06/27/2022 000-03778033  06/27/2022 000-03779559  06/27/2022 000-03782944  06/27/2022 000-03788586  06/27/2022 000-03791493  06/27/2022 000-03792782  06/27/2022 000-03792785  06/27/2022 000-03804338  06/27/2022 000-03804341  06/27/2022 000-03804494  06/27/2022 000-03807972  06/27/2022 000-03810368  06/27/2022 000-03815250  06/27/2022 000-03815252  06/27/2022 000-03818915  06/27/2022 000-03821360  06/27/2022 000-03823066  06/27/2022 000-03827466  06/27/2022 000-03829612  06/27/2022 000-03832862  06/27/2022 000-03832866  06/27/2022 000-03834104  06/27/2022 000-03834270  06/27/2022 000-03838211  06/27/2022 000-03838223  06/27/2022 000-03841975  06/27/2022 000-03841982  06/27/2022 000-03841984  06/27/2022 000-03844184  06/27/2022 000-03844187  06/27/2022 000-03847212  08/20/2022 000-03847220  08/20/2022 000-03848665  06/27/2022 000-03852788  08/20/2022 000-03852794  08/20/2022 000-03852796  08/20/2022 000-03852801  08/20/2022 000-03855151  08/20/2022 000-03855158  08/20/2022 000-03860170  08/20/2022 000-03864546  06/27/2022 000-03870172  08/20/2022 000-03870551  08/20/2022 000-03875767  08/20/2022 000-03876299  08/20/2022 000-03878019  08/20/2022 000-03883330  08/20/2022 000-03886064  08/20/2022 000-03886076  08/20/2022 000-03887782  08/20/2022 000-03889067  08/20/2022 000-03889077  08/20/2022 000-03894156  08/20/2022 000-03894660  08/20/2022 000-03897656  08/20/2022 000-03900248  08/20/2022 000-03908247  08/20/2022 000-03909654  08/20/2022 000-03909656  08/20/2022 000-03912312  08/20/2022 000-03912318  08/20/2022 000-03912319  08/20/2022 000-03912321  08/20/2022 000-03923695  08/20/2022 000-03927376  08/20/2022 000-03927379  08/20/2022 000-03930809  08/20/2022 000-03930813  08/20/2022 000-03943194  08/20/2022 000-03943203  08/20/2022 000-03943205  08/20/2022 000-03945586  08/20/2022 000-03952233  08/20/2022 000-03952313  08/20/2022 000-03956322  08/20/2022 000-03957407  08/20/2022 000-03962118  08/20/2022 000-03962362  08/20/2022 000-03724846  06/27/2022 000-03725319  06/27/2022 000-03778037  06/27/2022 000-03825413  06/27/2022 000-03887781  08/20/2022 000-03949329  08/20/2022 000-03963951  08/20/2022 000-03725322  06/27/2022 000-03731763  06/27/2022 000-03758644  06/27/2022 000-03838210  06/27/2022 000-03844180  06/27/2022 000-03855157  08/20/2022 000-03955009  08/20/2022 000-03724847  06/27/2022 000-03728769  06/27/2022 000-03734618  06/27/2022 000-03743737  06/27/2022 000-03780897  06/27/2022 000-03798628  06/27/2022 000-03799526  06/27/2022 000-03804513  06/27/2022 000-03821392  06/27/2022 000-03831613  06/27/2022 000-03844185  06/27/2022 000-03852798  08/20/2022 000-03853505  06/27/2022 000-03869405  08/20/2022 000-03883589  08/20/2022 000-03886065  08/20/2022 000-03886069  08/20/2022 000-03894137  08/20/2022 000-03904827  08/20/2022 000-03916226  08/20/2022 000-03916234  08/20/2022 000-03923086  08/20/2022 000-03925516  08/20/2022 000-03927364  08/20/2022 000-03933210  08/20/2022 000-03936009  08/20/2022 000-03943195  08/20/2022 000-03956312  08/20/2022 000-03959940  08/20/2022 000-03959942  08/20/2022 000-03885113  09/04/2022 000-03721209  06/27/2022 000-03852524  08/20/2022 000-03674211  06/18/2022 000-03747820  07/11/2022 000-03777263  08/07/2022 000-03772323  07/11/2022 000-03859690  08/20/2022 000-03699052  06/27/2022 000-03747810  07/11/2022 000-03739762  07/11/2022 000-03757499  07/11/2022 000-03779412  08/07/2022 000-03861593  08/20/2022 000-03869987  08/20/2022 000-03891395  09/04/2022 000-03747757  07/11/2022 000-03694111  06/18/2022 000-03739517  06/18/2022 000-03796236  06/27/2022 000-03933533  09/04/2022 000-03938991  09/04/2022 000-03829614  06/27/2022 000-04000747  09/04/2022 000-03805967  06/27/2022 000-03725523  06/18/2022 000-03725531  06/18/2022 000-03926593  09/04/2022 000-03997457  09/04/2022 000-04015686  09/04/2022 000-03762664  06/27/2022 000-03938989  09/04/2022 000-03963968  09/04/2022 000-04013753  09/04/2022 000-03777232  06/27/2022 000-03856718  06/27/2022 000-03969614  09/04/2022 000-03728797  06/18/2022 000-03733075  06/18/2022 000-03755151  06/18/2022 000-03762655  06/27/2022 000-03762665  06/27/2022 000-03769698  06/27/2022 000-03798160  06/27/2022 000-03834262  06/27/2022 000-03834264  06/27/2022 000-03857871  06/27/2022 000-03863891  06/27/2022 000-03863894  06/27/2022 000-03875900  06/27/2022 000-03894653  09/04/2022 000-03904815  09/04/2022 000-03908246  09/04/2022 000-03933546  09/04/2022 000-03944257  09/04/2022 000-04003235  09/04/2022 000-03692590  06/09/2022 000-03744310  06/09/2022 000-03779086  06/09/2022 000-03802872  06/09/2022 000-03867321  07/19/2022 000-03875899  07/19/2022 000-03904653  07/19/2022 000-03912517  07/19/2022 000-03700751  06/09/2022 000-03841404  07/19/2022 000-03744313  06/09/2022 000-03744314  06/09/2022 000-03763172  06/09/2022 000-03776283  06/09/2022 000-03777774  06/09/2022 000-03797084  06/09/2022 000-03832879  07/19/2022 000-03858575  07/19/2022 000-03877276  07/19/2022 000-03885022  07/19/2022 000-03893137  07/19/2022 000-03897655  07/19/2022 000-03899261  07/19/2022 000-03935433  07/19/2022 000-03763171  06/09/2022 000-03862731  07/19/2022 000-03912523  07/19/2022 000-03904643  07/19/2022 000-03822480  06/09/2022 000-03946721  07/19/2022 000-03725710  06/09/2022 000-03763170  06/09/2022 000-03763767  06/09/2022 000-03777778  06/09/2022 000-03781601  06/09/2022 000-03796313  06/09/2022 000-03841379  07/19/2022 000-03858151  07/19/2022 000-03881182  07/19/2022 000-03912530  07/19/2022 000-03917139  07/19/2022 000-03941718  07/19/2022 000-03725700  06/09/2022 000-03727650  06/09/2022 000-03757638  06/09/2022 000-03779083  06/09/2022 000-03779089  06/09/2022 000-03822477  06/09/2022 000-03917134  07/19/2022 000-03692576  06/09/2022 000-03783275  06/09/2022 000-03827015  07/19/2022 000-03775697  06/09/2022 000-03820820  06/09/2022 000-03684736  06/09/2022 000-03720130  06/09/2022 000-03723208  06/09/2022 000-03733072  06/09/2022 000-03748792  06/09/2022 000-03748794  06/09/2022 000-03763169  06/09/2022 000-03790216  06/09/2022 000-03816273  06/09/2022 000-03819138  06/09/2022 000-03820798  06/09/2022 000-03862290  07/19/2022 000-03862296  07/19/2022 000-03873934  07/19/2022 000-03879432  07/19/2022 000-03880338  07/19/2022 000-03897648  07/19/2022 000-03914926  07/19/2022 000-03943179  07/19/2022 000-03720134  06/09/2022 000-03725717  06/09/2022 000-03741937  06/09/2022 000-03785945  06/09/2022 000-03879434  07/19/2022 000-03880147  07/19/2022 000-03887774  07/19/2022 000-03889057  07/19/2022 000-03711897  06/27/2022 000-03751767  06/27/2022 000-03765819  06/27/2022 000-03772595  06/27/2022 000-03808326  06/27/2022 000-03844769  07/19/2022 000-03875908  07/19/2022 000-03887785  07/19/2022 000-03894147  07/19/2022 000-03897255  07/19/2022 000-03908275  07/19/2022 000-03915364  07/19/2022 000-03713519  06/27/2022 000-03725702  06/27/2022 000-03725709  06/27/2022 000-03728751  06/27/2022 000-03731698  06/27/2022 000-03743716  06/27/2022 000-03747393  06/27/2022 000-03747598  06/27/2022 000-03758354  06/27/2022 000-03758361  06/27/2022 000-03761587  06/27/2022 000-03766717  06/27/2022 000-03772600  06/27/2022 000-03776669  06/27/2022 000-03784769  06/27/2022 000-03785754  06/27/2022 000-03790393  06/27/2022 000-03800041  06/27/2022 000-03812728  06/27/2022 000-03816789  06/27/2022 000-03816802  07/19/2022 000-03817853  07/19/2022 000-03823243  06/27/2022 000-03825047  06/27/2022 000-03837802  07/19/2022 000-03841323  07/19/2022 000-03841399  07/19/2022 000-03854482  07/19/2022 000-03871941  07/19/2022 000-03876966  07/19/2022 000-03877960  07/19/2022 000-03879433  07/19/2022 000-03879860  07/19/2022 000-03881376  07/19/2022 000-03885520  07/19/2022 000-03891403  07/19/2022 000-03893405  07/19/2022 000-03894637  07/19/2022 000-03915365  07/19/2022 000-03917140  07/19/2022 000-03919138  07/19/2022 000-03920805  07/19/2022 000-03945401  07/19/2022 000-03758366  06/27/2022 000-03781963  06/27/2022 000-03815159  06/27/2022 000-03920813  07/19/2022 000-03801130  06/27/2022 000-03716566  06/27/2022 000-03891415  07/19/2022 000-03725718  06/27/2022 000-03731707  06/27/2022 000-03743711  06/27/2022 000-03747603  06/27/2022 000-03792319  06/27/2022 000-03855163  07/19/2022 000-03855175  07/19/2022 000-03871946  07/19/2022 000-03879869  07/19/2022 000-03894633  07/19/2022 000-03915360  07/19/2022 000-03924282  07/19/2022 000-03924286  07/19/2022 000-03927770  07/19/2022 000-03747608  06/27/2022 000-03766721  06/27/2022 000-03788859  06/27/2022 000-03799557  06/27/2022 000-03837804  07/19/2022 000-03841938  07/19/2022 000-03861575  07/19/2022 000-03901110  07/19/2022 000-03927309  07/19/2022 000-03797111  06/27/2022 000-03839859  07/19/2022 000-03862905  07/19/2022 000-03832882  06/27/2022 000-03837797  07/19/2022 000-03949331  07/19/2022 000-03949330  07/19/2022 000-03711894  06/27/2022 000-03713518  06/27/2022 000-03747600  06/27/2022 000-03751764  06/27/2022 000-03758358  06/27/2022 000-03784772  06/27/2022 000-03790401  06/27/2022 000-03800047  06/27/2022 000-03800876  06/27/2022 000-03818014  07/19/2022 000-03844776  07/19/2022 000-03862911  07/19/2022 000-03872895  07/19/2022 000-03875760  07/19/2022 000-03875764  07/19/2022 000-03875765  07/19/2022 000-03891405  07/19/2022 000-03896987  07/19/2022 000-03902782  07/19/2022 000-03905719  07/19/2022 000-03909406  07/19/2022 000-03911511  07/19/2022 000-03920814  07/19/2022 000-03927773  07/19/2022 000-03931890  07/19/2022 000-03720136  06/27/2022 000-03799549  06/27/2022 000-03743715  06/27/2022 000-03790399  06/27/2022 000-03795548  06/27/2022 000-03727648  06/27/2022 000-03751765  06/27/2022 000-03784781  06/27/2022 000-03802260  06/27/2022 000-03862904  07/19/2022 000-03871931  07/19/2022 000-03879428  07/19/2022 000-03706548  06/27/2022 000-03709063  06/27/2022 000-03711409  06/27/2022 000-03711899  06/27/2022 000-03713515  06/27/2022 000-03716564  06/27/2022 000-03718493  06/27/2022 000-03721440  06/27/2022 000-03721442  06/27/2022 000-03725705  06/27/2022 000-03731697  06/27/2022 000-03731700  06/27/2022 000-03732953  06/27/2022 000-03732959  06/27/2022 000-03733083  06/27/2022 000-03735356  06/27/2022 000-03740315  06/27/2022 000-03754867  06/27/2022 000-03754868  06/27/2022 000-03758355  06/27/2022 000-03758356  06/27/2022 000-03758364  06/27/2022 000-03758365  06/27/2022 000-03761585  06/27/2022 000-03761596  06/27/2022 000-03766720  06/27/2022 000-03766724  06/27/2022 000-03769675  06/27/2022 000-03771412  06/27/2022 000-03772598  06/27/2022 000-03772786  06/27/2022 000-03775702  06/27/2022 000-03776661  06/27/2022 000-03776663  06/27/2022 000-03779889  06/27/2022 000-03780840  06/27/2022 000-03781971  06/27/2022 000-03783154  06/27/2022 000-03783156  06/27/2022 000-03784785  06/27/2022 000-03784788  06/27/2022 000-03788863  06/27/2022 000-03792784  06/27/2022 000-03792789  06/27/2022 000-03793132  06/27/2022 000-03795541  06/27/2022 000-03795547  06/27/2022 000-03800049  06/27/2022 000-03801188  06/27/2022 000-03804339  06/27/2022 000-03808988  06/27/2022 000-03811460  06/27/2022 000-03811466  06/27/2022 000-03815160  06/27/2022 000-03816796  07/19/2022 000-03818021  07/19/2022 000-03821372  06/27/2022 000-03828457  06/27/2022 000-03829601  06/27/2022 000-03829908  06/27/2022 000-03829912  06/27/2022 000-03834089  06/27/2022 000-03834092  07/19/2022 000-03834096  07/19/2022 000-03837793  07/19/2022 000-03837794  07/19/2022 000-03837795  07/19/2022 000-03840263  07/19/2022 000-03841387  07/19/2022 000-03841407  07/19/2022 000-03844766  07/19/2022 000-03844774  07/19/2022 000-03845451  07/19/2022 000-03845454  07/19/2022 000-03854479  07/19/2022 000-03854483  07/19/2022 000-03855174  07/19/2022 000-03861518  07/19/2022 000-03861519  07/19/2022 000-03861563  07/19/2022 000-03861583  07/19/2022 000-03862909  07/19/2022 000-03863808  07/19/2022 000-03868826  07/19/2022 000-03869519  07/19/2022 000-03871854  07/19/2022 000-03871932  07/19/2022 000-03879864  07/19/2022 000-03881375  07/19/2022 000-03882989  07/19/2022 000-03885518  07/19/2022 000-03885522  07/19/2022 000-03885523  07/19/2022 000-03891416  07/19/2022 000-03894150  07/19/2022 000-03894629  07/19/2022 000-03896990  07/19/2022 000-03901111  07/19/2022 000-03902780  07/19/2022 000-03905724  07/19/2022 000-03909397  07/19/2022 000-03909400  07/19/2022 000-03909404  07/19/2022 000-03909409  07/19/2022 000-03912641  07/19/2022 000-03915358  07/19/2022 000-03915362  07/19/2022 000-03915363  07/19/2022 000-03920799  07/19/2022 000-03920801  07/19/2022 000-03920804  07/19/2022 000-03920810  07/19/2022 000-03924283  07/19/2022 000-03927295  07/19/2022 000-03927311  07/19/2022 000-03927377  07/19/2022 000-03927764  07/19/2022 000-03927906  07/19/2022 000-03931877  07/19/2022 000-03931878  07/19/2022 000-03931880  07/19/2022 000-03931885  07/19/2022 000-03936006  07/19/2022 000-03936017  07/19/2022 000-03944253  07/19/2022 000-03949325  07/19/2022 000-03949332  07/19/2022 000-03711898  06/27/2022 000-03754869  06/27/2022 000-03758362  06/27/2022 000-03761598  06/27/2022 000-03785759  06/27/2022 000-03795550  06/27/2022 000-03796323  06/27/2022 000-03809836  06/27/2022 000-03848824  07/19/2022 000-03861560  07/19/2022 000-03882960  07/19/2022 000-03891407  07/19/2022 000-03896981  07/19/2022 000-03896986  07/19/2022 000-03927293  07/19/2022 000-03927762  07/19/2022 000-03781954  06/27/2022 000-03781957  06/27/2022 000-03812729  06/27/2022 000-03834094  07/19/2022 000-03870460  07/19/2022 000-03872911  07/19/2022 000-03873665  07/19/2022 000-03876963  07/19/2022 000-03936018  07/19/2022 000-03739486  06/27/2022 000-03766714  06/27/2022 000-03818017  07/19/2022 000-03818020  07/19/2022 000-03834085  07/19/2022 000-03850135  07/19/2022 000-03899259  07/19/2022 000-03709060  06/27/2022 000-03718488  06/27/2022 000-03731695  06/27/2022 000-03751774  06/27/2022 000-03757534  06/27/2022 000-03758357  06/27/2022 000-03769663  06/27/2022 000-03771411  06/27/2022 000-03795551  06/27/2022 000-03800870  06/27/2022 000-03828449  06/27/2022 000-03837799  07/19/2022 000-03841397  07/19/2022 000-03850139  07/19/2022 000-03854485  07/19/2022 000-03855160  07/19/2022 000-03880339  07/19/2022 000-03891409  07/19/2022 000-03896988  07/19/2022 000-03904644  07/19/2022 000-03904654  07/19/2022 000-03931879  07/19/2022 000-03931884  07/19/2022 000-03725713  06/27/2022 000-03697383  06/09/2022 000-03715325  06/09/2022 000-03745241  06/09/2022 000-03775722  06/09/2022 000-03817065  06/09/2022 000-03838233  06/09/2022 000-03850143  08/20/2022 000-03881380  08/20/2022 000-03888048  08/20/2022 000-03930803  08/20/2022 000-03930804  08/20/2022 000-03936251  08/20/2022 000-03961021  08/20/2022 000-03962368  08/20/2022 000-03969628  08/20/2022 000-03982157  08/20/2022 000-03742281  06/09/2022 000-03905363  08/20/2022 000-03973032  08/20/2022 000-03697089  06/09/2022 000-03758813  06/09/2022 000-03769665  06/09/2022 000-03777236  06/09/2022 000-03800581  06/09/2022 000-03832877  06/09/2022 000-03855154  08/20/2022 000-03920798  08/20/2022 000-03952227  08/20/2022 000-03720132  06/09/2022 000-03855148  08/20/2022 000-03706577  06/09/2022 000-03790769  06/09/2022 000-03866304  08/20/2022 000-03870546  08/20/2022 000-03887773  08/20/2022 000-03947710  08/20/2022 000-03952218  08/20/2022 000-03720472  06/09/2022 000-03728786  06/09/2022 000-03885697  08/20/2022 000-03889070  08/20/2022 000-04018798  08/20/2022 000-03769672  06/09/2022 000-03845450  06/09/2022 000-03911198  08/20/2022 000-03945585  08/20/2022 000-03677766  06/09/2022 000-03732615  06/09/2022 000-03742369  06/09/2022 000-03758815  06/09/2022 000-03793986  06/09/2022 000-03866298  08/20/2022 000-03898746  08/20/2022 000-03970185  08/20/2022 000-03801756  06/09/2022 000-03952725  08/20/2022 000-03705170  06/09/2022 000-03778035  06/09/2022 000-03797112  06/09/2022 000-03831714  06/09/2022 000-03936260  08/20/2022 000-03952211  08/20/2022 000-03697372  06/09/2022 000-03706576  06/09/2022 000-03715318  06/09/2022 000-03720139  06/09/2022 000-03732623  06/09/2022 000-03733078  06/09/2022 000-03739487  06/09/2022 000-03744346  06/09/2022 000-03788855  06/09/2022 000-03791485  06/09/2022 000-03794002  06/09/2022 000-03794246  06/09/2022 000-03795749  06/09/2022 000-03817084  06/09/2022 000-03832362  06/09/2022 000-03836224  06/09/2022 000-03845442  06/09/2022 000-03848670  08/20/2022 000-03850133  08/20/2022 000-03855153  08/20/2022 000-03877459  08/20/2022 000-03879861  08/20/2022 000-03894141  08/20/2022 000-03902781  08/20/2022 000-03909658  08/20/2022 000-03917122  08/20/2022 000-03923687  08/20/2022 000-03926592  08/20/2022 000-03926594  08/20/2022 000-03938222  08/20/2022 000-03940017  08/20/2022 000-03947712  08/20/2022 000-03952213  08/20/2022 000-03956307  08/20/2022 000-03956308  08/20/2022 000-03956321  08/20/2022 000-03963958  08/20/2022 000-03978019  08/20/2022 000-03982949  08/20/2022 000-03991361  08/20/2022 000-03996531  08/20/2022 000-03997403  08/20/2022 000-04001465  08/20/2022 000-04004226  08/20/2022 000-03849059  08/20/2022 000-03686211  06/09/2022 000-03720475  06/09/2022 000-03728780  06/09/2022 000-03747593  06/09/2022 000-03820924  06/09/2022 000-03826320  06/09/2022 000-03845443  06/09/2022 000-03891457  08/20/2022 000-03930801  08/20/2022 000-03983940  08/20/2022 000-03983955  08/20/2022 000-03705178  06/09/2022 000-03735360  06/09/2022 000-03728783  06/09/2022 000-03878012  08/20/2022 000-04001462  08/20/2022 000-03705172  06/09/2022 000-03706575  06/09/2022 000-03713269  06/09/2022 000-03725527  06/09/2022 000-03735357  06/09/2022 000-03742368  06/09/2022 000-03744349  06/09/2022 000-03747601  06/09/2022 000-03752247  06/09/2022 000-03754866  06/09/2022 000-03754872  06/09/2022 000-03758814  06/09/2022 000-03769657  06/09/2022 000-03791501  06/09/2022 000-03794917  06/09/2022 000-03800587  06/09/2022 000-03810197  06/09/2022 000-03838227  06/09/2022 000-03838232  06/09/2022 000-03863811  08/20/2022 000-03866297  08/20/2022 000-03869394  08/20/2022 000-03869407  08/20/2022 000-03879867  08/20/2022 000-03889071  08/20/2022 000-03894136  08/20/2022 000-03894151  08/20/2022 000-03898733  08/20/2022 000-03898740  08/20/2022 000-03902784  08/20/2022 000-03904822  08/20/2022 000-03911200  08/20/2022 000-03920800  08/20/2022 000-03923690  08/20/2022 000-03926585  08/20/2022 000-03930812  08/20/2022 000-03940030  08/20/2022 000-03946732  08/20/2022 000-03952219  08/20/2022 000-03963449  08/20/2022 000-03963956  08/20/2022 000-03974980  08/20/2022 000-03977398  08/20/2022 000-03991362  08/20/2022 000-03930798  08/20/2022 000-03794922  06/09/2022 000-03909653  08/20/2022 000-03972327  08/20/2022 000-04001459  08/20/2022 000-03907298  09/27/2022 000-03676128  06/18/2022 000-03705168  06/18/2022 000-03718028  06/27/2022 000-03809834  06/27/2022 000-03855689  08/07/2022 000-03875907  08/07/2022 000-03779890  06/27/2022 000-03779949  06/27/2022 000-03795559  06/27/2022 000-03819158  08/07/2022 000-03831717  08/07/2022 000-03997456  09/27/2022 000-03705167  06/18/2022 000-03797104  06/27/2022 000-03842397  08/07/2022 000-03879544  08/07/2022 000-03885707  08/07/2022 000-03936261  09/27/2022 000-03961160  09/27/2022 000-03973028  09/27/2022 000-03981104  09/27/2022 000-03737984  06/27/2022 000-03769694  06/27/2022 000-03886898  08/07/2022 000-03913413  08/07/2022 000-03932785  09/27/2022 000-03820375  08/07/2022 000-03709864  06/18/2022 000-03927035  09/27/2022 000-04015349  09/27/2022 000-03686219  06/18/2022 000-03863890  08/07/2022 000-03938644  09/27/2022 000-03948205  09/27/2022 000-03990333  09/27/2022 000-03675054  06/18/2022 000-03932789  08/07/2022 000-03943212  09/27/2022 000-03681217  06/18/2022 000-03720146  06/27/2022 000-03789482  06/27/2022 000-03932787  09/27/2022 000-03990336  09/27/2022 000-03826318  08/07/2022 000-04009567  09/27/2022 000-03759867  06/27/2022 000-03794460  06/27/2022 000-03848814  08/07/2022 000-03891742  08/07/2022 000-03891752  08/07/2022 000-03938648  09/27/2022 000-03945611  09/27/2022 000-03656625  06/09/2022 000-03693913  06/09/2022 000-03799587  06/27/2022 000-03806360  06/27/2022 000-03829618  06/27/2022 000-03842410  06/27/2022 000-04024788  09/04/2022 000-03649388  06/09/2022 000-03714454  06/09/2022 000-03725526  06/09/2022 000-03758809  06/27/2022 000-03780891  06/27/2022 000-03795756  06/27/2022 000-03837801  06/27/2022 000-03908239  09/04/2022 000-03940047  09/04/2022 000-03946737  09/04/2022 000-04007672  09/04/2022 000-04013773  09/04/2022 000-03656632  06/09/2022 000-03705174  06/09/2022 000-03739514  06/09/2022 000-03792431  06/27/2022 000-03797999  06/27/2022 000-03803601  06/27/2022 000-03842409  06/27/2022 000-03857675  06/27/2022 000-03891744  09/04/2022 000-03926583  09/04/2022 000-04065810  09/04/2022 000-03645390  06/09/2022 000-03675078  06/09/2022 000-03682649  06/09/2022 000-03697375  06/09/2022 000-03705165  06/09/2022 000-03714449  06/09/2022 000-03720148  06/09/2022 000-03728813  06/09/2022 000-03748654  06/09/2022 000-03748797  06/27/2022 000-03773057  06/09/2022 000-03779888  06/27/2022 000-03819157  06/27/2022 000-03841745  06/27/2022 000-03860175  06/27/2022 000-03881658  06/27/2022 000-03990338  09/04/2022 000-03990341  09/04/2022 000-04009570  09/04/2022 000-04021750  09/04/2022 000-04023316  09/04/2022 000-04046610  09/04/2022 000-03728793  06/09/2022 000-03875712  06/27/2022 000-04057014  09/04/2022 000-03725533  06/09/2022 000-03645385  06/09/2022 000-03645395  06/09/2022 000-03671317  06/09/2022 000-03671327  06/09/2022 000-03675075  06/09/2022 000-03678080  06/09/2022 000-03682635  06/09/2022 000-03697382  06/09/2022 000-03705177  06/09/2022 000-03748796  06/27/2022 000-03758817  06/27/2022 000-03769693  06/09/2022 000-03780893  06/09/2022 000-03799581  06/27/2022 000-03801252  06/27/2022 000-03802873  06/27/2022 000-03806735  06/27/2022 000-03806749  06/27/2022 000-03811688  06/27/2022 000-03811693  06/27/2022 000-03821674  06/27/2022 000-03832878  06/27/2022 000-03836921  06/27/2022 000-03837792  06/27/2022 000-03848812  06/27/2022 000-03875719  06/27/2022 000-03877208  09/04/2022 000-03885698  09/04/2022 000-03913414  09/04/2022 000-03932783  09/04/2022 000-03940032  09/04/2022 000-03965354  09/04/2022 ,,,,,,,
Veterinary,No,,54127,Terminated,"Milk Products, LLC",435 E Main St,N/A,Chilton,WI,	53014-1201,United States,N/A,N/A,"AL, AR, IA, ID, KS, KY, MN, MO, NE, PA, TX, WI",V-018-2010,Class II,"Sav-A-Caf Scours & Pneumonia Treatment, Medicated Calf Milk Replacer. Scours & Pneumonia Treatment is a nutritionally complete medicated milk replacer to be fed to pre-weaned herd replacement calves continuously for 7 to 14 days in place of normal calf milk replacer.  Active Drug Ingredients:  Neomycin Sulfate...1.25 g/lb, Oxytetracycline...1.25 g/lb (from Oxytetracycline Dihydrate) equivalent to Oxytetracycline Hydrochloride.   Net Weight 6 lbs (2.72 kg).  UPC 16368-53028.  Manufactured by:  Milk Products LLC, P.O. Box 150, Chilton, WI  53014.","13,865 lbs total",This recall has been initiated due to the use of Type A medication past its expiration date.,12/11/2009,N/A,12/17/2011,,N/A,,,,,,,
Veterinary,No,08/03/2022,90404,Terminated,"Wedgewood Village Pharmacy, LLC",405 Heron Dr Ste 200,N/A,Swedesboro,NJ,	08085-1749,United States,Voluntary: Firm initiated,N/A,to be entered.,V-0180-2022,Class II,Colchicine Chicken Flavor 0.6mg Chew Treat COLCHI-CHW002VC Colchicine Chicken Flavor 0.4mg Chew Treat COLCHI-CHW003VC Colchicine Beef Flavor 0.6mg Chew Treat COLCHI-CHW004VC Colchicine Chicken Flavor 0.5mg Chew Treat COLCHI-CHW005VC Colchicine Beef Flavor 0.3mg Chew Treat COLCHI-CHW011VC Colchicine Unflavored 0.6mg Chew Treat COLCHI-CHW018VC          oval plastic bottle    Wedgewood Pharmacy 800.331.8272 ,4171 treats,Insanitary conditions.,07/05/2022,08/03/2022,04/22/2024,08/03/2022,000-03837848  12/27/2022 000-03666854  10/20/2022 000-03720958  10/20/2022 000-03882863  12/27/2022 000-03813339  12/27/2022 000-03729914  09/09/2022 000-03735781  09/09/2022 000-03678605  09/09/2022 000-03702290  09/09/2022 000-03709376  09/09/2022 000-03842171  12/27/2022 000-03842578  12/27/2022 000-03843984  12/27/2022 000-03583307  10/13/2022,,,,,,,
Veterinary,No,08/03/2022,90404,Terminated,"Wedgewood Village Pharmacy, LLC",405 Heron Dr Ste 200,N/A,Swedesboro,NJ,	08085-1749,United States,Voluntary: Firm initiated,N/A,to be entered.,V-0183-2022,Class II,DES (Diethylstilbestrol) Chicken Flavor 1mg Chew Treat DIETHY-CHW002VC DES (Diethylstilbestrol) Chicken Flavor 5mg Chew Treat DIETHY-CHW022VC DES (Diethylstilbestrol) Chicken Flavor 0.5mg Chew Treat DIETHY-CHW033VC DES (Diethylstilbestrol) Liver Flavor 0.1mg Chew Treat DIETHY-CHW047VC DES (Diethylstilbestrol) Chicken Flavor  0.1mg Chew Treat DIETHY-CHW054VC DES (Diethylstilbestrol) Chicken Flavor 4mg Chew Treat DIETHY-CHW058VC DES (Diethylstilbestrol) Chicken Flavor 0.7mg Chew Treat DIETHY-CHW059VC DES (Diethylstilbestrol) Chicken Flavor 0.25mg Chew Treat DIETHY-CHW061VC DES (Diethylstilbestrol) Chicken Flavor 0.3mg Chew Treat DIETHY-CHW068VC DES (Diethylstilbestrol) Chicken Flavor 2mg Chew Treat DIETHY-CHW072VC DES (Diethylstilbestrol) Peanut Butter Flavor 1mg Chew Treat DIETHY-CHW073VC DES (Diethylstilbestrol) Chicken Flavor 0.8mg Chew Treat DIETHY-CHW074VC DES (Diethylstilbestrol) Chicken Flavor 0.2mg Chew Treat DIETHY-CHW076VC DES (Diethylstilbestrol) Chicken Flavor 0.06mg Chew Treat DIETHY-CHW114VC  packaged in amber blister pack    Wedgewood Pharmacy 800.331.8272 ,3685 treats,Insanitary conditions.,07/05/2022,08/03/2022,04/22/2024,08/03/2022,000-03792930  07/11/2022 000-03815633  07/11/2022 000-03833437  07/11/2022 000-03892474  07/11/2022 000-03758277  07/11/2022 000-03814502  07/11/2022 000-03836290  07/11/2022 000-03892468  07/11/2022 000-03900380  07/11/2022 000-03756583  07/11/2022 000-03763882  07/11/2022 000-03890721  07/11/2022 000-03894476  07/11/2022 000-03775643  07/11/2022 000-03866748  07/11/2022 000-03791935  07/11/2022 000-03801776  07/11/2022 000-03837829  07/11/2022 000-03616705  06/13/2022 000-03646863  06/27/2022 000-03838677  09/06/2022 000-03873742  09/19/2022 000-03741730  07/24/2022 000-03785040  08/11/2022 000-03835324  09/01/2022 000-03917011  09/28/2022 000-03616718  06/13/2022 000-03652322  06/27/2022 000-03801771  08/24/2022 000-03892467  09/27/2022 000-03674529  07/10/2022 000-03850640  09/10/2022 000-03606071  06/08/2022 000-03616728  06/13/2022 000-03631436  06/21/2022 000-03679034  07/06/2022 000-03818231  08/27/2022 000-03841352  09/06/2022 000-03905824  10/01/2022 000-03833852  07/11/2022 000-03633226  06/21/2022 000-03649436  06/27/2022 000-03774831  08/13/2022 000-03792898  08/21/2022 000-03827736  08/31/2022,,,,,,,
Veterinary,No,08/03/2022,90404,Terminated,"Wedgewood Village Pharmacy, LLC",405 Heron Dr Ste 200,N/A,Swedesboro,NJ,	08085-1749,United States,Voluntary: Firm initiated,N/A,to be entered.,V-0189-2022,Class II,Fluoxetine (as HCl) Chicken Flavor 3mg Chew Treat FLUOXE-CHW004VC Fluoxetine (as HCl) Chicken Flavor 5mg Chew Treat FLUOXE-CHW008VC Fluoxetine (as HCl) Chicken Flavor 2.5mg Chew Treat FLUOXE-CHW022VC Fluoxetine (as HCl) Chicken Flavor 10mg Chew Treat FLUOXE-CHW024VC Fluoxetine (as HCL) Chicken Flavor 4mg Chew Treat FLUOXE-CHW027VC Fluoxetine (as HCl) Chicken Flavor 2mg Chew Treat FLUOXE-CHW033VC Fluoxetine (as HCl) Beef Flavor 50mg Chew Treat FLUOXE-CHW219VC Fluoxetine (as HCl) 20mg/ml In Lipoderm 1ml Syringe FLUOXE-GEL244VC Fluoxetine (as HCl) 80mg/ml In Lipoderm 1ml Syringe FLUOXE-GEL272VC Fluoxetine (as HCl) 10mg/ml Oral Suspension 15ml Bottle FLUOXESUS0231VC Fluoxetine (as HCl) 10mg/ml Oral Suspension 60ml Bottle FLUOXESUS0233VC Fluoxetine (as HCl) 10mg/ml Oral Suspension 30ml Bottle FLUOXESUS0238VC Fluoxetine (as HCl) 10mg/ml Oral Suspension 35ml Bottle FLUOXESUS0239VC Fluoxetine (as HCl) 10mg/ml Oral Suspension 90ml Bottle FLUOXESUS0346VC Fluoxetine (as HCl) 10mg/ml Oral Suspension 10ml Bottle FLUOXESUS0400VC Fluoxetine (as HCl) 10mg/ml Oral Suspension 20ml Bottle FLUOXESUS0401VC Fluoxetine (as HCl) 10mg/ml Oral Suspension 25ml Bottle FLUOXESUS0402VC Fluoxetine (as HCl) 10mg/ml Oral Suspension 40ml Bottle FLUOXESUS0403VC Fluoxetine (as HCl) 10mg/ml Oral Suspension 45ml Bottle FLUOXESUS0404VC Fluoxetine (as HCl) 10mg/ml Oral Suspension 50ml Bottle FLUOXESUS0405VC Fluoxetine (as HCl) 10mg/ml Oral Suspension 75ml Bottle FLUOXESUS0406VC Fluoxetine (as HCl) 10mg/ml Oral Suspension 80ml Bottle FLUOXESUS0407VC Fluoxetine (as HCl) 10mg/ml Oral Suspension 100ml Bottle FLUOXESUS0408VC Fluoxetine (as HCl) 10mg/ml Oral Suspension 120ml Bottle FLUOXESUS0409VC Fluoxetine (as HCl) 10mg/ml Oral Suspension 240ml Bottle FLUOXESUS0410VC Fluoxetine (as HCl) 10mg/ml Oral Suspension 12ml Bottle FLUOXESUS0416VC Fluoxetine (as HCl) 10mg/ml Oral Suspension 8ml Bottle FLUOXESUS0434VC Fluoxetine (as HCl) 25mg/ml Transdermal Gel in Lipoderm 1ml Syringe FLUPLO-GEL018VC   packaged amber bottles  Wedgewood Pharmacy 800.331.8272 ,10750 bottles,Insanitary conditions.,07/05/2022,08/03/2022,04/22/2024,08/03/2022,000-03763483  07/10/2022 000-03766774  07/10/2022 000-03783150  08/07/2022 000-03786568  08/07/2022 000-03817807  08/07/2022 000-03720439  07/10/2022 000-03721477  07/10/2022 000-03721478  07/10/2022 000-03734126  07/10/2022 000-03734127  07/10/2022 000-03736592  07/10/2022 000-03739582  07/10/2022 000-03751322  07/10/2022 000-03756709  07/10/2022 000-03768962  07/10/2022 000-03773599  07/10/2022 000-03776721  07/10/2022 000-03776722  07/10/2022 000-03781961  07/10/2022 000-03786560  08/07/2022 000-03794660  08/07/2022 000-03800717  08/07/2022 000-03815314  08/07/2022 000-03820811  08/07/2022 000-03824571  08/07/2022 000-03847211  08/07/2022 000-03879878  09/11/2022 000-03881292  09/11/2022 000-03882671  09/11/2022 000-03886869  09/11/2022 000-03887905  09/11/2022 000-03901680  09/11/2022 000-03908562  09/11/2022 000-03916332  09/11/2022 000-03923738  09/11/2022 000-03713649  07/10/2022 000-03716424  07/10/2022 000-03725379  07/10/2022 000-03737534  07/10/2022 000-03748663  07/10/2022 000-03789158  08/07/2022 000-03818847  08/07/2022 000-03846912  08/07/2022 000-03859813  08/07/2022 000-03887908  09/11/2022 000-03903048  09/11/2022 000-03907499  09/11/2022 000-03712774  07/10/2022 000-03729661  07/10/2022 000-03756700  07/10/2022 000-03766781  07/10/2022 000-03792875  08/07/2022 000-03800697  08/07/2022 000-03800881  08/07/2022 000-03830264  08/07/2022 000-03837882  08/07/2022 000-03837884  08/07/2022 000-03880202  09/11/2022 000-03897338  09/11/2022 000-03900105  09/11/2022 000-03912464  09/11/2022 000-03921394  09/11/2022 000-03716199  07/10/2022 000-03716421  07/10/2022 000-03717206  07/10/2022 000-03719189  07/10/2022 000-03720442  07/10/2022 000-03725197  07/10/2022 000-03725227  07/10/2022 000-03726932  07/10/2022 000-03729654  07/10/2022 000-03729675  07/10/2022 000-03729677  07/10/2022 000-03731785  07/10/2022 000-03731786  07/10/2022 000-03731789  07/10/2022 000-03732574  07/10/2022 000-03732576  07/10/2022 000-03733420  07/10/2022 000-03737281  07/10/2022 000-03738768  07/10/2022 000-03738778  07/10/2022 000-03740336  07/10/2022 000-03741245  07/10/2022 000-03741246  07/10/2022 000-03741250  07/10/2022 000-03741260  07/10/2022 000-03744481  07/10/2022 000-03750393  07/10/2022 000-03750406  07/10/2022 000-03751319  07/10/2022 000-03751927  07/10/2022 000-03752056  07/10/2022 000-03755064  07/10/2022 000-03755070  07/10/2022 000-03757072  07/10/2022 000-03763479  07/10/2022 000-03766076  07/10/2022 000-03766084  07/10/2022 000-03768965  07/10/2022 000-03770438  07/10/2022 000-03772405  07/10/2022 000-03772407  07/10/2022 000-03774060  07/10/2022 000-03774465  07/10/2022 000-03775863  07/10/2022 000-03775865  07/10/2022 000-03775876  07/10/2022 000-03776723  07/10/2022 000-03777279  07/10/2022 000-03778523  07/10/2022 000-03778560  07/10/2022 000-03779589  07/10/2022 000-03781043  07/10/2022 000-03781049  07/10/2022 000-03781967  08/07/2022 000-03786564  08/07/2022 000-03787842  08/07/2022 000-03789171  08/07/2022 000-03789172  08/07/2022 000-03791550  08/07/2022 000-03793086  08/07/2022 000-03793968  08/07/2022 000-03795760  08/07/2022 000-03795764  08/07/2022 000-03797063  08/07/2022 000-03798183  08/07/2022 000-03800571  08/07/2022 000-03800577  08/07/2022 000-03804348  08/07/2022 000-03806701  08/07/2022 000-03808317  08/07/2022 000-03810915  08/07/2022 000-03812931  08/07/2022 000-03816526  08/07/2022 000-03817809  08/07/2022 000-03817810  08/07/2022 000-03817815  08/07/2022 000-03817819  08/07/2022 000-03818846  08/07/2022 000-03818849  08/07/2022 000-03818856  08/07/2022 000-03820430  08/07/2022 000-03821555  08/07/2022 000-03822926  08/07/2022 000-03824563  08/07/2022 000-03828892  08/07/2022 000-03830898  08/07/2022 000-03834302  08/07/2022 000-03845064  08/07/2022 000-03845069  08/07/2022 000-03845077  08/07/2022 000-03845083  08/07/2022 000-03848529  08/07/2022 000-03851089  08/07/2022 000-03854081  08/07/2022 000-03857530  08/07/2022 000-03857532  08/07/2022 000-03859819  08/07/2022 000-03860505  08/07/2022 000-03860508  08/07/2022 000-03860516  08/07/2022 000-03863453  08/07/2022 000-03863779  09/11/2022 000-03865913  09/11/2022 000-03865925  09/11/2022 000-03865932  09/11/2022 000-03865941  09/11/2022 000-03865944  09/11/2022 000-03867720  09/11/2022 000-03868828  09/11/2022 000-03868830  09/11/2022 000-03870218  09/11/2022 000-03870563  09/11/2022 000-03871732  09/11/2022 000-03871733  09/11/2022 000-03872574  09/11/2022 000-03872581  09/11/2022 000-03872585  09/11/2022 000-03873409  09/11/2022 000-03873601  09/11/2022 000-03878063  09/11/2022 000-03879170  09/11/2022 000-03879874  09/11/2022 000-03879881  09/11/2022 000-03881818  09/11/2022 000-03882066  09/11/2022 000-03882525  09/11/2022 000-03882979  09/11/2022 000-03887914  09/11/2022 000-03894821  09/11/2022 000-03894824  09/11/2022 000-03894834  09/11/2022 000-03894837  09/11/2022 000-03894928  09/11/2022 000-03897067  09/11/2022 000-03897080  09/11/2022 000-03900109  09/11/2022 000-03900118  09/11/2022 000-03905104  09/11/2022 000-03907493  09/11/2022 000-03907503  09/11/2022 000-03907506  09/11/2022 000-03912434  09/11/2022 000-03912437  09/11/2022 000-03912460  09/11/2022 000-03912466  09/11/2022 000-03912469  09/11/2022 000-03913443  09/11/2022 000-03918420  09/11/2022 000-03921407  09/11/2022 000-03923739  09/11/2022 000-03923742  09/11/2022 000-03925684  09/11/2022 000-03925696  09/11/2022 000-03928683  09/11/2022 000-03928685  09/11/2022 000-03725202  07/10/2022 000-03725224  07/10/2022 000-03729656  07/10/2022 000-03739588  07/10/2022 000-03751528  07/10/2022 000-03757066  07/10/2022 000-03758396  07/10/2022 000-03763469  07/10/2022 000-03763477  07/10/2022 000-03766777  07/10/2022 000-03768968  07/10/2022 000-03778878  07/10/2022 000-03787838  08/07/2022 000-03797037  08/07/2022 000-03797057  08/07/2022 000-03799674  08/07/2022 000-03810919  08/07/2022 000-03826468  08/07/2022 000-03845066  08/07/2022 000-03851082  08/07/2022 000-03860507  08/07/2022 000-03860522  08/07/2022 000-03865924  09/11/2022 000-03865935  09/11/2022 000-03868836  09/11/2022 000-03870559  09/11/2022 000-03874283  09/11/2022 000-03879171  09/11/2022 000-03887907  09/11/2022 000-03900114  09/11/2022 000-03900115  09/11/2022 000-03907500  09/11/2022 000-03912438  09/11/2022 000-03913441  09/11/2022 000-03918425  09/11/2022 000-03921398  09/11/2022 000-03928682  09/11/2022 000-03928684  09/11/2022 000-03725204  07/10/2022 000-03743791  07/10/2022 000-03758390  07/10/2022 000-03766773  07/10/2022 000-03770435  07/10/2022 000-03779582  07/10/2022 000-03794661  08/07/2022 000-03794955  08/07/2022 000-03795594  08/07/2022 000-03797038  08/07/2022 000-03863449  08/07/2022 000-03869558  09/11/2022 000-03875785  09/11/2022 000-03889114  09/11/2022 000-03889612  09/11/2022 000-03913435  09/11/2022 000-03923741  09/11/2022 000-03754002  07/10/2022 000-03766080  07/10/2022 000-03766769  07/10/2022 000-03766776  07/10/2022 000-03766786  07/10/2022 000-03795237  08/07/2022 000-03798370  08/07/2022 000-03800574  08/07/2022 000-03820434  08/07/2022 000-03822931  08/07/2022 000-03833280  08/07/2022 000-03851561  08/07/2022 000-03860510  08/07/2022 000-03863780  09/11/2022 000-03866441  09/11/2022 000-03868832  09/11/2022 000-03878064  09/11/2022 000-03879173  09/11/2022 000-03880279  09/11/2022 000-03883323  09/11/2022 000-03897070  09/11/2022 000-03901670  09/11/2022 000-03913437  09/11/2022 000-03923736  09/11/2022 000-03491188  10/28/2022 000-03712775  07/10/2022 000-03712778  07/10/2022 000-03712782  07/10/2022 000-03716201  07/10/2022 000-03716203  07/10/2022 000-03716209  07/10/2022 000-03716420  07/10/2022 000-03716422  07/10/2022 000-03716426  07/10/2022 000-03717195  07/10/2022 000-03717205  07/10/2022 000-03718281  07/10/2022 000-03718284  07/10/2022 000-03718289  07/10/2022 000-03719198  07/10/2022 000-03719201  07/10/2022 000-03720440  07/10/2022 000-03720441  07/10/2022 000-03721470  07/10/2022 000-03721473  07/10/2022 000-03721475  07/10/2022 000-03725203  07/10/2022 000-03725223  07/10/2022 000-03725225  07/10/2022 000-03725226  07/10/2022 000-03725229  07/10/2022 000-03725375  07/10/2022 000-03726933  07/10/2022 000-03726935  07/10/2022 000-03729659  07/10/2022 000-03729679  07/10/2022 000-03731562  07/10/2022 000-03731782  07/10/2022 000-03732573  07/10/2022 000-03732580  07/10/2022 000-03733177  07/10/2022 000-03733918  07/10/2022 000-03734133  07/10/2022 000-03734136  07/10/2022 000-03736181  07/10/2022 000-03736185  07/10/2022 000-03737786  07/10/2022 000-03738769  07/10/2022 000-03739581  07/10/2022 000-03739584  07/10/2022 000-03740331  07/10/2022 000-03743646  07/10/2022 000-03743782  07/10/2022 000-03743786  07/10/2022 000-03743789  07/10/2022 000-03743790  07/10/2022 000-03744482  07/10/2022 000-03744483  07/10/2022 000-03750394  07/10/2022 000-03750400  07/10/2022 000-03750403  07/10/2022 000-03750405  07/10/2022 000-03751316  07/10/2022 000-03751318  07/10/2022 000-03751926  07/10/2022 000-03752060  07/10/2022 000-03755056  07/10/2022 000-03755060  07/10/2022 000-03755061  07/10/2022 000-03755066  07/10/2022 000-03755067  07/10/2022 000-03756702  07/10/2022 000-03756706  07/10/2022 000-03756708  07/10/2022 000-03757070  07/10/2022 000-03758385  07/10/2022 000-03758386  07/10/2022 000-03758387  07/10/2022 000-03758388  07/10/2022 000-03758393  07/10/2022 000-03758397  07/10/2022 000-03763286  07/10/2022 000-03763470  07/10/2022 000-03763471  07/10/2022 000-03763472  07/10/2022 000-03763475  07/10/2022 000-03763482  07/10/2022 000-03763484  07/10/2022 000-03766082  07/10/2022 000-03766085  07/10/2022 000-03766087  07/10/2022 000-03766770  07/10/2022 000-03766771  07/10/2022 000-03766775  07/10/2022 000-03766778  07/10/2022 000-03766779  07/10/2022 000-03766780  07/10/2022 000-03766782  07/10/2022 000-03766784  07/10/2022 000-03766787  07/10/2022 000-03768961  07/10/2022 000-03768964  07/10/2022 000-03768969  07/10/2022 000-03770442  07/10/2022 000-03772408  07/10/2022 000-03772414  07/10/2022 000-03772416  07/10/2022 000-03772781  07/10/2022 000-03772783  07/10/2022 000-03774065  07/10/2022 000-03774186  07/10/2022 000-03774464  07/10/2022 000-03774650  07/10/2022 000-03775868  07/10/2022 000-03775872  07/10/2022 000-03776717  07/10/2022 000-03776719  07/10/2022 000-03776724  07/10/2022 000-03777266  07/10/2022 000-03777268  07/10/2022 000-03777273  07/10/2022 000-03778564  07/10/2022 000-03778565  07/10/2022 000-03778881  07/10/2022 000-03779581  07/10/2022 000-03779583  07/10/2022 000-03779586  07/10/2022 000-03779590  07/10/2022 000-03781040  07/10/2022 000-03781042  07/10/2022 000-03781044  07/10/2022 000-03781054  07/10/2022 000-03781964  07/10/2022 000-03783051  07/10/2022 000-03784518  08/07/2022 000-03784520  08/07/2022 000-03784521  08/07/2022 000-03786321  08/07/2022 000-03786323  08/07/2022 000-03786558  08/07/2022 000-03786559  08/07/2022 000-03786563  08/07/2022 000-03786567  08/07/2022 000-03787841  08/07/2022 000-03789161  08/07/2022 000-03789167  08/07/2022 000-03790447  08/07/2022 000-03790450  08/07/2022 000-03791552  08/07/2022 000-03792286  08/07/2022 000-03794481  08/07/2022 000-03794623  08/07/2022 000-03795013  08/07/2022 000-03795015  08/07/2022 000-03795599  08/07/2022 000-03796248  08/07/2022 000-03796253  08/07/2022 000-03797033  08/07/2022 000-03797058  08/07/2022 000-03797468  08/07/2022 000-03799666  08/07/2022 000-03800040  08/07/2022 000-03800583  08/07/2022 000-03800882  08/07/2022 000-03801303  08/07/2022 000-03802051  08/07/2022 000-03802955  08/07/2022 000-03803187  08/07/2022 000-03803645  08/07/2022 000-03803649  08/07/2022 000-03803654  08/07/2022 000-03804552  08/07/2022 000-03807323  08/07/2022 000-03807489  08/07/2022 000-03807763  08/07/2022 000-03807765  08/07/2022 000-03807768  08/07/2022 000-03808647  08/07/2022 000-03810008  08/07/2022 000-03810012  08/07/2022 000-03810348  08/07/2022 000-03810349  08/07/2022 000-03810394  08/07/2022 000-03810650  08/07/2022 000-03810916  08/07/2022 000-03812921  08/07/2022 000-03812924  08/07/2022 000-03812929  08/07/2022 000-03813963  08/07/2022 000-03813965  08/07/2022 000-03815157  08/07/2022 000-03815311  08/07/2022 000-03815315  08/07/2022 000-03815318  08/07/2022 000-03815322  08/07/2022 000-03815326  08/07/2022 000-03816515  08/07/2022 000-03816516  08/07/2022 000-03816521  08/07/2022 000-03817816  08/07/2022 000-03818837  08/07/2022 000-03819821  08/07/2022 000-03820432  08/07/2022 000-03820435  08/07/2022 000-03820436  08/07/2022 000-03820440  08/07/2022 000-03820443  08/07/2022 000-03820445  08/07/2022 000-03820815  08/07/2022 000-03821565  08/07/2022 000-03822927  08/07/2022 000-03822930  08/07/2022 000-03824560  08/07/2022 000-03824570  08/07/2022 000-03825266  08/07/2022 000-03826212  08/07/2022 000-03826213  08/07/2022 000-03826474  08/07/2022 000-03826642  08/07/2022 000-03828893  08/07/2022 000-03828896  08/07/2022 000-03828905  08/07/2022 000-03829626  08/07/2022 000-03829630  08/07/2022 000-03829966  08/07/2022 000-03829967  08/07/2022 000-03830893  08/07/2022 000-03830896  08/07/2022 000-03831368  08/07/2022 000-03832473  08/07/2022 000-03833281  08/07/2022 000-03833284  08/07/2022 000-03834301  08/07/2022 000-03834304  08/07/2022 000-03834306  08/07/2022 000-03834308  08/07/2022 000-03834311  08/07/2022 000-03834312  08/07/2022 000-03834313  08/07/2022 000-03837873  08/07/2022 000-03837874  08/07/2022 000-03837878  08/07/2022 000-03837879  08/07/2022 000-03837885  08/07/2022 000-03839864  08/07/2022 000-03839871  08/07/2022 000-03841152  08/07/2022 000-03841153  08/07/2022 000-03841154  08/07/2022 000-03841157  08/07/2022 000-03841160  08/07/2022 000-03841163  08/07/2022 000-03847024  08/07/2022 000-03847217  08/07/2022 000-03847221  08/07/2022 000-03847222  08/07/2022 000-03851083  08/07/2022 000-03851085  08/07/2022 000-03851087  08/07/2022 000-03851088  08/07/2022 000-03851560  08/07/2022 000-03851564  08/07/2022 000-03851565  08/07/2022 000-03854098  08/07/2022 000-03854388  08/07/2022 000-03854389  08/07/2022 000-03854392  08/07/2022 000-03854393  08/07/2022 000-03854394  08/07/2022 000-03856760  08/07/2022 000-03856761  08/07/2022 000-03857531  08/07/2022 000-03857534  08/07/2022 000-03857535  08/07/2022 000-03859811  08/07/2022 000-03859812  08/07/2022 000-03859815  08/07/2022 000-03859818  08/07/2022 000-03860513  08/07/2022 000-03860514  08/07/2022 000-03860515  08/07/2022 000-03860523  08/07/2022 000-03863452  08/07/2022 000-03863778  09/11/2022 000-03865914  09/11/2022 000-03865915  09/11/2022 000-03865916  09/11/2022 000-03865917  09/11/2022 000-03865918  09/11/2022 000-03865919  09/11/2022 000-03865920  09/11/2022 000-03865922  09/11/2022 000-03865923  09/11/2022 000-03865926  09/11/2022 000-03865927  09/11/2022 000-03865928  09/11/2022 000-03865929  09/11/2022 000-03865931  09/11/2022 000-03865933  09/11/2022 000-03865934  09/11/2022 000-03865936  09/11/2022 000-03865937  09/11/2022 000-03865938  09/11/2022 000-03865943  09/11/2022 000-03865945  09/11/2022 000-03865946  09/11/2022 000-03865947  09/11/2022 000-03865948  09/11/2022 000-03865950  09/11/2022 000-03866439  09/11/2022 000-03867717  09/11/2022 000-03867719  09/11/2022 000-03868831  09/11/2022 000-03868833  09/11/2022 000-03868839  09/11/2022 000-03868840  09/11/2022 000-03869559  09/11/2022 000-03870214  09/11/2022 000-03870467  09/11/2022 000-03870470  09/11/2022 000-03870472  09/11/2022 000-03870555  09/11/2022 000-03870560  09/11/2022 000-03871719  09/11/2022 000-03871728  09/11/2022 000-03871729  09/11/2022 000-03871731  09/11/2022 000-03872022  09/11/2022 000-03872587  09/11/2022 000-03873414  09/11/2022 000-03873415  09/11/2022 000-03873615  09/11/2022 000-03874286  09/11/2022 000-03874523  09/11/2022 000-03875445  09/11/2022 000-03875448  09/11/2022 000-03875781  09/11/2022 000-03876936  09/11/2022 000-03876942  09/11/2022 000-03876943  09/11/2022 000-03877193  09/11/2022 000-03878069  09/11/2022 000-03879172  09/11/2022 000-03879866  09/11/2022 000-03879880  09/11/2022 000-03880581  09/11/2022 000-03881812  09/11/2022 000-03881816  09/11/2022 000-03882668  09/11/2022 000-03884548  09/11/2022 000-03884551  09/11/2022 000-03889605  09/11/2022 000-03889606  09/11/2022 000-03889607  09/11/2022 000-03889608  09/11/2022 000-03889610  09/11/2022 000-03889613  09/11/2022 000-03889615  09/11/2022 000-03893141  09/11/2022 000-03894820  09/11/2022 000-03894823  09/11/2022 000-03894826  09/11/2022 000-03894827  09/11/2022 000-03894830  09/11/2022 000-03894832  09/11/2022 000-03894835  09/11/2022 000-03894836  09/11/2022 000-03894838  09/11/2022 000-03897073  09/11/2022 000-03897074  09/11/2022 000-03897075  09/11/2022 000-03897076  09/11/2022 000-03897335  09/11/2022 000-03898365  09/11/2022 000-03900099  09/11/2022 000-03900100  09/11/2022 000-03900111  09/11/2022 000-03900113  09/11/2022 000-03901666  09/11/2022 000-03901672  09/11/2022 000-03901675  09/11/2022 000-03901681  09/11/2022 000-03903037  09/11/2022 000-03905099  09/11/2022 000-03905111  09/11/2022 000-03907495  09/11/2022 000-03907497  09/11/2022 000-03907501  09/11/2022 000-03907502  09/11/2022 000-03907505  09/11/2022 000-03908555  09/11/2022 000-03908556  09/11/2022 000-03908559  09/11/2022 000-03910454  09/11/2022 000-03910455  09/11/2022 000-03910456  09/11/2022 000-03910457  09/11/2022 000-03910458  09/11/2022 000-03912431  09/11/2022 000-03912432  09/11/2022 000-03912433  09/11/2022 000-03912462  09/11/2022 000-03912463  09/11/2022 000-03912470  09/11/2022 000-03916333  09/11/2022 000-03916334  09/11/2022 000-03916335  09/11/2022 000-03916336  09/11/2022 000-03916340  09/11/2022 000-03916345  09/11/2022 000-03918412  09/11/2022 000-03918414  09/11/2022 000-03921395  09/11/2022 000-03921396  09/11/2022 000-03921397  09/11/2022 000-03921399  09/11/2022 000-03921400  09/11/2022 000-03921402  09/11/2022 000-03921406  09/11/2022 000-03921410  09/11/2022 000-03922869  09/11/2022 000-03922870  09/11/2022 000-03922873  09/11/2022 000-03923737  09/11/2022 000-03923740  09/11/2022 000-03925680  09/11/2022 000-03925682  09/11/2022 000-03925689  09/11/2022 000-03925692  09/11/2022 000-03925694  09/11/2022 000-03925698  09/11/2022 000-03925702  09/11/2022 000-03927270  09/11/2022 000-03928686  09/11/2022 000-03716198  07/10/2022 000-03739580  07/10/2022 000-03750397  07/10/2022 000-03808693  08/07/2022 000-03809006  08/07/2022 000-03810918  08/07/2022 000-03859840  08/07/2022 000-03887904  09/11/2022 000-03897068  09/11/2022 000-03718286  07/10/2022 000-03743641  07/10/2022 000-03743644  07/10/2022 000-03766081  07/10/2022 000-03772784  07/10/2022 000-03781956  07/10/2022 000-03793973  08/07/2022 000-03829969  08/07/2022 000-03829971  08/07/2022 000-03841158  08/07/2022 000-03859820  08/07/2022 000-03868822  09/11/2022 000-03886865  09/11/2022 000-03886866  09/11/2022 000-03894822  09/11/2022 000-03912467  09/11/2022 000-03713647  07/10/2022 000-03721480  07/10/2022 000-03743780  07/10/2022 000-03751935  07/10/2022 000-03752053  07/10/2022 000-03756697  07/10/2022 000-03757064  07/10/2022 000-03763473  07/10/2022 000-03763481  07/10/2022 000-03768963  07/10/2022 000-03770440  07/10/2022 000-03772782  07/10/2022 000-03799394  08/07/2022 000-03808636  08/07/2022 000-03810765  08/07/2022 000-03828900  08/07/2022 000-03845085  08/07/2022 000-03848526  08/07/2022 000-03860509  08/07/2022 000-03866443  09/11/2022 000-03867712  09/11/2022 000-03876938  09/11/2022 000-03879169  09/11/2022 000-03880284  09/11/2022 000-03883313  09/11/2022 000-03886421  09/11/2022 000-03889604  09/11/2022 000-03905101  09/11/2022 000-03910447  09/11/2022 000-03912436  09/11/2022 000-03925676  09/11/2022 000-03716207  07/10/2022 000-03720434  07/10/2022 000-03731787  07/10/2022 000-03739577  07/10/2022 000-03751526  07/10/2022 000-03755058  07/10/2022 000-03758389  07/10/2022 000-03766079  07/10/2022 000-03784524  08/07/2022 000-03792449  08/07/2022 000-03800691  08/07/2022 000-03808286  08/07/2022 000-03809313  08/07/2022 000-03810722  08/07/2022 000-03837880  08/07/2022 000-03845075  08/07/2022 000-03848527  08/07/2022 000-03860511  08/07/2022 000-03868835  09/11/2022 000-03870561  09/11/2022 000-03925700  09/11/2022 000-03712773  07/10/2022 000-03717202  07/10/2022 000-03717208  07/10/2022 000-03719191  07/10/2022 000-03720437  07/10/2022 000-03720438  07/10/2022 000-03720443  07/10/2022 000-03721469  07/10/2022 000-03721482  07/10/2022 000-03725222  07/10/2022 000-03725376  07/10/2022 000-03726936  07/10/2022 000-03731566  07/10/2022 000-03731569  07/10/2022 000-03731783  07/10/2022 000-03731784  07/10/2022 000-03733418  07/10/2022 000-03736182  07/10/2022 000-03736186  07/10/2022 000-03739576  07/10/2022 000-03739579  07/10/2022 000-03739583  07/10/2022 000-03739585  07/10/2022 000-03740332  07/10/2022 000-03743643  07/10/2022 000-03743785  07/10/2022 000-03743787  07/10/2022 000-03750391  07/10/2022 000-03750404  07/10/2022 000-03751317  07/10/2022 000-03751320  07/10/2022 000-03751321  07/10/2022 000-03751533  07/10/2022 000-03751936  07/10/2022 000-03754007  07/10/2022 000-03754010  07/10/2022 000-03755057  07/10/2022 000-03755069  07/10/2022 000-03756698  07/10/2022 000-03756701  07/10/2022 000-03757065  07/10/2022 000-03757067  07/10/2022 000-03758395  07/10/2022 000-03763480  07/10/2022 000-03766078  07/10/2022 000-03766083  07/10/2022 000-03768967  07/10/2022 000-03770439  07/10/2022 000-03770444  07/10/2022 000-03772406  07/10/2022 000-03772410  07/10/2022 000-03774468  07/10/2022 000-03774649  07/10/2022 000-03775873  07/10/2022 000-03779587  07/10/2022 000-03781052  07/10/2022 000-03785167  08/07/2022 000-03786324  08/07/2022 000-03790444  08/07/2022 000-03794470  08/07/2022 000-03794622  08/07/2022 000-03796251  08/07/2022 000-03798583  08/07/2022 000-03798689  08/07/2022 000-03800045  08/07/2022 000-03800046  08/07/2022 000-03800584  08/07/2022 000-03801659  08/07/2022 000-03801759  08/07/2022 000-03802001  08/07/2022 000-03802953  08/07/2022 000-03803648  08/07/2022 000-03805717  08/07/2022 000-03807762  08/07/2022 000-03808023  08/07/2022 000-03810022  08/07/2022 000-03815312  08/07/2022 000-03815323  08/07/2022 000-03817808  08/07/2022 000-03817818  08/07/2022 000-03818843  08/07/2022 000-03820438  08/07/2022 000-03821562  08/07/2022 000-03822923  08/07/2022 000-03825069  08/07/2022 000-03826214  08/07/2022 000-03827501  08/07/2022 000-03827843  08/07/2022 000-03827965  08/07/2022 000-03828891  08/07/2022 000-03828894  08/07/2022 000-03830902  08/07/2022 000-03832470  08/07/2022 000-03834299  08/07/2022 000-03834314  08/07/2022 000-03837881  08/07/2022 000-03839877  08/07/2022 000-03841155  08/07/2022 000-03845068  08/07/2022 000-03847225  08/07/2022 000-03848533  08/07/2022 000-03851562  08/07/2022 000-03851571  08/07/2022 000-03854390  08/07/2022 000-03854391  08/07/2022 000-03859810  08/07/2022 000-03859814  08/07/2022 000-03859816  08/07/2022 000-03859817  08/07/2022 000-03863451  08/07/2022 000-03865921  09/11/2022 000-03865930  09/11/2022 000-03865939  09/11/2022 000-03865940  09/11/2022 000-03865942  09/11/2022 000-03865949  09/11/2022 000-03865951  09/11/2022 000-03867464  09/11/2022 000-03867713  09/11/2022 000-03867715  09/11/2022 000-03869562  09/11/2022 000-03871730  09/11/2022 000-03872008  09/11/2022 000-03872012  09/11/2022 000-03872525  09/11/2022 000-03874285  09/11/2022 000-03874524  09/11/2022 000-03875449  09/11/2022 000-03877200  09/11/2022 000-03878067  09/11/2022 000-03880061  09/11/2022 000-03881291  09/11/2022 000-03881293  09/11/2022 000-03881297  09/11/2022 000-03881300  09/11/2022 000-03882519  09/11/2022 000-03884552  09/11/2022 000-03884553  09/11/2022 000-03884555  09/11/2022 000-03887913  09/11/2022 000-03887916  09/11/2022 000-03889107  09/11/2022 000-03893140  09/11/2022 000-03894828  09/11/2022 000-03894831  09/11/2022 000-03897079  09/11/2022 000-03897339  09/11/2022 000-03900103  09/11/2022 000-03900110  09/11/2022 000-03901539  09/11/2022 000-03903042  09/11/2022 000-03905107  09/11/2022 000-03905110  09/11/2022 000-03905112  09/11/2022 000-03907498  09/11/2022 000-03908554  09/11/2022 000-03908560  09/11/2022 000-03908565  09/11/2022 000-03912458  09/11/2022 000-03912468  09/11/2022 000-03916343  09/11/2022 000-03916344  09/11/2022 000-03918408  09/11/2022 000-03918415  09/11/2022 000-03918424  09/11/2022 000-03921403  09/11/2022 000-03921405  09/11/2022 000-03921409  09/11/2022 000-03922868  09/11/2022 000-03922871  09/11/2022 000-03922876  09/11/2022 000-03923743  09/11/2022 000-03925704  09/11/2022 000-03729684  07/10/2022 000-03756707  07/10/2022 000-03772409  07/10/2022 000-03796252  08/07/2022 000-03901673  09/11/2022 000-03916338  09/11/2022 000-03717210  07/10/2022 000-03725200  07/10/2022 000-03729668  07/10/2022 000-03805063  08/07/2022 000-03825267  08/07/2022 000-03851570  08/07/2022 000-03894825  09/11/2022 000-03897337  09/11/2022 000-03912459  09/11/2022 000-03720501  07/10/2022 000-03804360  08/07/2022 000-03831367  08/07/2022 000-03897072  09/11/2022 000-03897078  09/11/2022 000-03905106  09/11/2022 000-03733419  07/10/2022 000-03754006  07/10/2022 000-03763474  07/10/2022 000-03778571  07/10/2022 000-03800723  08/07/2022 000-03813891  08/07/2022 000-03818842  08/07/2022 000-03826216  08/07/2022 000-03828902  08/07/2022 000-03672536  07/04/2022 000-03681253  07/10/2022 000-03694904  07/13/2022 000-03695036  07/14/2022 000-03699493  07/16/2022 000-03707885  07/17/2022 000-03711635  07/23/2022 000-03717351  07/23/2022 000-03736189  07/30/2022 000-03743495  08/01/2022 000-03755023  08/07/2022 000-03766860  08/08/2022 000-03780586  08/15/2022 000-03782315  08/16/2022 000-03792944  08/21/2022 000-03802431  08/22/2022 000-03809972  08/27/2022 000-03815480  08/29/2022 000-03825596  08/31/2022 000-03853880  09/11/2022 000-03875812  09/18/2022 000-03902370  09/27/2022 000-03627461  06/15/2022 000-03690446  07/10/2022 000-03771198  08/08/2022 000-03843182  09/04/2022 000-03692390  07/11/2022 000-03694456  07/12/2022 000-03695370  07/16/2022 000-03716624  07/19/2022 000-03721653  07/24/2022 000-03723379  07/24/2022 000-03725934  07/24/2022 000-03728575  07/25/2022 000-03736797  07/30/2022 000-03739726  07/31/2022 000-03744714  08/01/2022 000-03758735  08/07/2022 000-03762676  08/08/2022 000-03773819  08/14/2022 000-03807874  08/25/2022 000-03814467  08/28/2022 000-03829440  09/03/2022 000-03837000  09/06/2022 000-03845860  09/06/2022 000-03848097  09/10/2022 000-03863137  09/13/2022 000-03878782  09/19/2022 000-03886482  09/24/2022 000-03895198  09/25/2022 000-03887656  08/30/2022 000-03655277  06/26/2022 000-03753222  08/01/2022 000-03771821  08/01/2022 000-03848656  09/03/2022 000-03876354  09/17/2022 000-03876355  09/17/2022 000-03678603  07/04/2022 000-03827190  08/28/2022 000-03848746  08/27/2022 000-03888372  09/07/2022 000-03888516  09/10/2022 000-03729886  07/23/2022 000-03839404  09/03/2022 000-03840352  09/03/2022 000-03848474  09/04/2022 000-03848680  09/04/2022 000-03693487  07/11/2022 000-03767492  08/07/2022 000-03798799  08/07/2022 000-03827042  08/30/2022 000-03827067  08/29/2022 000-03923841  09/26/2022 000-03923842  09/26/2022 000-03668752  07/02/2022 000-03763265  08/06/2022 000-03763266  08/06/2022 000-03798763  08/16/2022 000-03804362  08/16/2022 000-03923843  09/24/2022 000-03923844  09/24/2022 000-03642925  06/19/2022 000-03693488  07/11/2022 000-03706056  07/16/2022 000-03801882  08/20/2022 000-03804294  08/20/2022 000-03804295  08/20/2022 000-03804296  08/20/2022 000-03853330  09/05/2022 000-03868190  09/10/2022 000-03868285  09/07/2022 000-03868347  09/10/2022,,,,,,,
Veterinary,No,08/03/2022,90404,Terminated,"Wedgewood Village Pharmacy, LLC",405 Heron Dr Ste 200,N/A,Swedesboro,NJ,	08085-1749,United States,Voluntary: Firm initiated,N/A,to be entered.,V-0200-2022,Class II,Methimazole Liver Flavor 5mg Chew Treat METHIM-CHW001VC Methimazole Chicken Flavor 5mg Chew Treat METHIM-CHW003VC Methimazole Chicken Flavor 2.5mg Chew Treat METHIM-CHW008VC Methimazole Chicken Flavor 10mg Chew Treat METHIM-CHW009VC Methimazole Surf & Turf Flavor 5mg Chew Treat METHIM-CHW012VC Methimazole Surf & Turf Flavor 10mg Chew Treat METHIM-CHW013VC Methimazole Beef Flavor 10mg Chew Treat METHIM-CHW014VC Methimazole Chicken Flavor 7.5mg Chew Treat METHIM-CHW015VC Methimazole Beef Flavor 2.5mg Chew Treat METHIM-CHW016VC Methimazole Chicken Flavor 3.75mg Chew Treat METHIM-CHW020VC Methimazole Surf & Turf Flavor 2.5mg Chew Treat METHIM-CHW024VC Methimazole Chicken Flavor 3mg Chew Treat METHIM-CHW026VC Methimazole Chicken Flavor 1.5mg Chew Treat METHIM-CHW031VC Methimazole Chicken Flavor 2mg Chew Treat METHIM-CHW036VC Methimazole Chicken Flavor 1.25mg Chew Treat METHIM-CHW041VC Methimazole Chicken Flavor 1mg Chew Treat METHIM-CHW045VC Methimazole Chicken Flavor 4mg Chew Treat METHIM-CHW055VC Methimazole Chicken Flavor 3.5mg Chew Treat METHIM-CHW065VC Methimazole Chicken Flavor 6mg Chew Treat METHIM-CHW100VC Methimazole Chicken Flavor 1.875mg Chew Treat METHIM-CHW101VC Methimazole Chicken Flavor 15mg Chew Treat METHIM-CHW103VC Methimazole Duck Flavor 2.5mg Chew Treat METHIM-CHW104VC Methimazole Duck 5mg Chew Treat METHIM-CHW118VC Methimazole Chicken Marshmallow Flavor 2.5mg Chew Treat METHIM-CHW128VC Methimazole Chicken Flavor 4.5mg Chew Treat METHIM-CHW132VC Methimazole Chicken Flavored 2.3mg Chew Treat METHIM-CHW145VC Methimazole Cheddar Cheese Flavor 2.5mg Chew Treat METHIM-CHW166VC Methimazole Chicken Flavor 12.5mg Chew Treat METHIM-CHW167VC Methimazole Liver Flavor 3.5mg Chew Treat METHIM-CHW168VC Methimazole Chicken Flavored 1.75mg Chew Treat METHIM-CHW174VC Methimazole Cheddar Cheese Flavor 5mg Chew Treat METHIM-CHW179VC Methimazole in PLO 75mg/ml Transdermal Gel 1ml METHIM-GEL441VC Methimazole 10mg/ml Oral Suspension 10ml Bottle METHIMSOL0003VC Methimazole 10mg/ml Oral Suspension 20ml Bottle METHIMSOL0004VC Methimazole 10mg/ml Oral Suspension 25ml Bottle METHIMSOL0005VC Methimazole 10mg/ml Oral Suspension 35ml Bottle METHIMSOL0006VC Methimazole 10mg/ml Oral Suspension 40ml Bottle METHIMSOL0007VC Methimazole 10mg/ml Oral Suspension 50ml Bottle METHIMSOL0008VC Methimazole 10mg/ml Oral Suspension 70ml Bottle METHIMSOL0009VC Methimazole 10mg/ml Oral Suspension 75ml Bottle METHIMSOL0010VC Methimazole 10mg/ml Oral Suspension 95ml Bottle METHIMSOL0011VC Methimazole 10mg/ml Oral Suspension 130ml Bottle METHIMSOL0012VC Methimazole 10mg/ml Oral Suspension 200ml Bottle METHIMSOL0013VC Methimazole 10mg/ml Oral Suspension 300ml Bottle METHIMSOL0014VC Methimazole 10mg/ml Oral Suspension 500ml Bottle METHIMSOL0015VC Methimazole 12.5mg/ml Oral Suspension 10ml Bottle METHIMSOL0020VC Methimazole 12.5mg/ml Oral Suspension 15ml Bottle METHIMSOL0021VC Methimazole 15mg/ml Oral Suspension 15ml Bottle METHIMSOL0027VC Methimazole 15mg/ml Oral Suspension 40ml Bottle METHIMSOL0028VC Methimazole 15mg/ml Oral Suspension 45ml Bottle METHIMSOL0029VC Methimazole 15mg/ml Oral Suspension 120ml Bottle METHIMSOL0030VC Methimazole 2.5mg/ml Oral Suspension 20ml Bottle METHIMSOL0034VC Methimazole 2.5mg/ml Oral Suspension 40ml Bottle METHIMSOL0035VC Methimazole 20mg/ml Oral Suspension 10ml Bottle METHIMSOL0039VC Methimazole 20mg/ml Oral Suspension 20ml Bottle METHIMSOL0040VC Methimazole 20mg/ml Oral Suspension 45ml Bottle METHIMSOL0041VC Methimazole 20mg/ml Oral Suspension 50ml Bottle METHIMSOL0042VC Methimazole 20mg/ml Oral Suspension 90ml Bottle METHIMSOL0043VC Methimazole 25mg/ml Oral Suspension 10ml Bottle METHIMSOL0046VC Methimazole 25mg/ml Oral Suspension 40ml Bottle METHIMSOL0047VC Methimazole 25mg/ml Oral Suspension 50ml Bottle METHIMSOL0048VC Methimazole 25mg/ml Oral Suspension 90ml Bottle METHIMSOL0049VC Methimazole 3.5mg/ml Oral Suspension 90ml Bottle METHIMSOL0052VC Methimazole 4mg/ml Oral Suspension 120ml Bottle METHIMSOL0057VC Methimazole 40mg,86211 bottles,Insanitary conditions.,07/05/2022,08/03/2022,04/22/2024,08/03/2022,000-03649973  06/05/2022 000-03678649  06/05/2022 000-03700303  06/05/2022 000-03734026  07/14/2022 000-03739287  07/14/2022 000-03758087  07/14/2022 000-03807729  06/05/2022 000-03864169  07/14/2022 000-03886051  09/05/2022 000-03910827  09/05/2022 000-03646270  06/20/2022 000-03693384  06/20/2022 000-03719929  06/20/2022 000-03843265  07/18/2022 000-03888794  07/18/2022 000-03937958  09/24/2022 000-04013733  09/24/2022 000-03751063  06/06/2022 000-03753218  06/06/2022 000-03869292  07/30/2022 000-03907492  07/30/2022 000-03712048  07/08/2022 000-03714979  07/08/2022 000-03742890  07/08/2022 000-03751852  07/08/2022 000-03768103  07/08/2022 000-03818389  07/08/2022 000-03827817  07/08/2022 000-03867168  07/20/2022 000-03871914  07/20/2022 000-03881262  07/20/2022 000-03886052  07/20/2022 000-03935196  08/06/2022 000-03939824  08/06/2022 000-03943736  08/06/2022 000-03951419  08/23/2022 000-03951432  08/23/2022 000-03954198  08/23/2022 000-03971964  08/23/2022 000-03981570  08/23/2022 000-03994867  08/23/2022 000-04014096  08/23/2022 000-04019546  08/23/2022 000-03628913  06/11/2022 000-03641233  06/20/2022 000-03645766  06/20/2022 000-03656595  06/20/2022 000-03675851  07/03/2022 000-03691480  07/09/2022 000-03700943  07/12/2022 000-03713616  07/12/2022 000-03720616  07/12/2022 000-03733385  07/12/2022 000-03737220  07/12/2022 000-03745487  07/25/2022 000-03750002  07/25/2022 000-03751976  07/25/2022 000-03766203  08/06/2022 000-03781510  08/06/2022 000-03789653  08/06/2022 000-03818679  08/24/2022 000-03861180  09/06/2022 000-03875755  09/06/2022 000-03894577  09/18/2022 000-03616965  06/14/2022 000-03618058  06/14/2022 000-03623315  06/14/2022 000-03628986  06/11/2022 000-03631413  06/18/2022 000-03640475  06/20/2022 000-03643555  06/20/2022 000-03644466  06/18/2022 000-03670917  07/03/2022 000-03675884  07/03/2022 000-03685292  07/09/2022 000-03706809  07/12/2022 000-03710113  07/12/2022 000-03719381  07/12/2022 000-03722034  07/12/2022 000-03725951  07/12/2022 000-03747459  07/25/2022 000-03751974  07/25/2022 000-03756021  07/25/2022 000-03770615  08/06/2022 000-03780339  08/06/2022 000-03789435  08/06/2022 000-03813106  08/24/2022 000-03818628  08/24/2022 000-03826978  08/30/2022 000-03838207  08/30/2022 000-03843067  08/30/2022 000-03881159  09/06/2022 000-03894579  09/18/2022 000-03628982  06/11/2022 000-03629515  06/18/2022 000-03649521  06/20/2022 000-03679680  07/03/2022 000-03694081  07/12/2022 000-03744809  07/25/2022 000-03761045  08/06/2022 000-03819909  08/24/2022 000-03845271  09/06/2022 000-03897996  09/18/2022 000-03641196  06/20/2022 000-03671762  07/03/2022 000-03707405  07/12/2022 000-03773091  08/06/2022 000-03777386  08/06/2022 000-03831587  08/30/2022 000-03840215  08/30/2022 000-03615284  06/11/2022 000-03675490  07/03/2022 000-03720856  07/12/2022 000-03766204  08/06/2022 000-03791939  08/06/2022 000-03836071  08/30/2022 000-03894582  09/18/2022 000-03903937  09/18/2022 000-03615569  06/11/2022 000-03633260  06/18/2022 000-03670906  07/03/2022 000-03671776  07/03/2022 000-03683238  07/09/2022 000-03687837  07/09/2022 000-03697190  07/12/2022 000-03755094  07/25/2022 000-03801878  08/06/2022 000-03818429  08/24/2022 000-03819906  08/24/2022 000-03846730  08/30/2022 000-03613617  06/11/2022 000-03625086  06/11/2022 000-03628921  06/11/2022 000-03645877  06/20/2022 000-03661242  06/20/2022 000-03670916  07/03/2022 000-03682725  07/09/2022 000-03685284  07/09/2022 000-03687846  07/03/2022 000-03736655  07/12/2022 000-03749911  07/25/2022 000-03787122  08/06/2022 000-03797587  08/06/2022 000-03841866  08/30/2022 000-03854103  09/06/2022 000-03869711  09/06/2022 000-03890925  09/18/2022 000-03615259  06/15/2022 000-03658938  07/04/2022 000-03704591  07/17/2022 000-03748558  08/01/2022 000-03640592  06/20/2022 000-03644528  06/18/2022 000-03675850  07/03/2022 000-03678017  07/03/2022 000-03685307  07/03/2022 000-03706791  07/12/2022 000-03720858  07/12/2022 000-03729424  07/12/2022 000-03761047  08/06/2022 000-03775383  08/06/2022 000-03789655  08/06/2022 000-03800596  08/06/2022 000-03810806  08/24/2022 000-03848516  08/30/2022 000-03858515  09/06/2022 000-03875757  09/06/2022 000-03879451  09/18/2022 000-03895676  09/18/2022 000-03618059  06/14/2022 000-03631419  06/18/2022 000-03641189  06/20/2022 000-03656648  07/03/2022 000-03660293  07/03/2022 000-03675398  07/03/2022 000-03678006  07/03/2022 000-03685295  07/03/2022 000-03694783  07/12/2022 000-03702333  07/12/2022 000-03748609  07/25/2022 000-03762949  08/06/2022 000-03841393  08/30/2022 000-03881924  09/06/2022 000-03623377  06/14/2022 000-03631416  06/18/2022 000-03631444  06/18/2022 000-03655308  06/20/2022 000-03670911  07/03/2022 000-03683241  07/09/2022 000-03697193  07/12/2022 000-03704573  07/12/2022 000-03707403  07/12/2022 000-03708548  07/12/2022 000-03721242  07/12/2022 000-03754582  07/25/2022 000-03764123  08/06/2022 000-03772675  08/06/2022 000-03777404  08/06/2022 000-03815641  08/24/2022 000-03822082  08/24/2022 000-03873884  09/06/2022 000-03895682  09/18/2022 000-03674614  06/06/2022 000-03704624  06/06/2022 000-03713608  06/06/2022 000-03719351  06/06/2022 000-03786824  07/30/2022 000-03792922  07/30/2022 000-03837854  07/30/2022 000-03897983  07/30/2022 000-03897987  07/30/2022 000-03912541  07/30/2022 000-03912584  07/30/2022 000-03674591  06/06/2022 000-03701027  07/10/2022 000-03740162  07/10/2022 000-03710570  07/10/2022 000-03718909  07/10/2022 000-03725269  07/10/2022 000-03734046  07/10/2022 000-03616716  06/11/2022 000-03631430  06/18/2022 000-03670922  07/03/2022 000-03716260  07/10/2022 000-03731243  07/10/2022 000-03744234  07/10/2022 000-03785369  07/10/2022 000-03868434  09/07/2022 000-03871245  09/07/2022 000-03697495  07/10/2022 000-03697496  07/10/2022 000-03697513  07/10/2022 000-03697515  07/10/2022 000-03701002  07/10/2022 000-03706982  07/10/2022 000-03712124  07/10/2022 000-03724065  07/10/2022 000-03731234  07/10/2022 000-03733255  07/10/2022 000-03735173  07/10/2022 000-03740180  07/10/2022 000-03762792  07/10/2022 000-03766554  07/10/2022 000-03768113  07/10/2022 000-03807109  07/10/2022 000-03809068  07/10/2022 000-03810849  07/10/2022 000-03811660  07/10/2022 000-03813645  07/10/2022 000-03866973  09/07/2022 000-03868403  09/07/2022 000-03868414  09/07/2022 000-03868421  09/07/2022 000-03871244  09/07/2022 000-03887239  09/07/2022 000-03894101  09/07/2022 000-03908355  09/07/2022 000-03933561  09/07/2022 000-03939351  09/07/2022 000-03946792  09/07/2022 000-03971974  09/07/2022 000-03975224  09/07/2022 000-03697518  07/10/2022 000-03712128  07/10/2022 000-03724081  07/10/2022 000-03743068  07/10/2022 000-03748412  07/10/2022 000-03751839  07/10/2022 000-03766544  07/10/2022 000-03785367  07/10/2022 000-03792332  07/10/2022 000-03863122  09/07/2022 000-03867439  09/07/2022 000-03889352  09/07/2022 000-03895792  09/07/2022 000-03908361  09/07/2022 000-03913031  09/07/2022 000-03919810  09/07/2022 000-03921901  09/07/2022 000-03921902  09/07/2022 000-03926460  09/07/2022 000-03930735  09/07/2022 000-03939348  09/07/2022 000-03697494  07/10/2022 000-03697498  07/10/2022 000-03697505  07/10/2022 000-03697506  07/10/2022 000-03697508  07/10/2022 000-03697509  07/10/2022 000-03697517  07/10/2022 000-03697519  07/10/2022 000-03697520  07/10/2022 000-03698380  07/10/2022 000-03700339  07/10/2022 000-03700345  07/10/2022 000-03701000  07/10/2022 000-03701003  07/10/2022 000-03701006  07/10/2022 000-03703648  07/10/2022 000-03706078  07/10/2022 000-03706079  07/10/2022 000-03706475  07/10/2022 000-03707707  07/10/2022 000-03707709  07/10/2022 000-03709656  07/10/2022 000-03713407  07/10/2022 000-03714977  07/10/2022 000-03714980  07/10/2022 000-03716872  07/10/2022 000-03718906  07/10/2022 000-03719961  07/10/2022 000-03721051  07/10/2022 000-03721052  07/10/2022 000-03721056  07/10/2022 000-03721758  07/10/2022 000-03721760  07/10/2022 000-03724068  07/10/2022 000-03724073  07/10/2022 000-03728335  07/10/2022 000-03728342  07/10/2022 000-03731236  07/10/2022 000-03731238  07/10/2022 000-03733271  07/10/2022 000-03736761  07/10/2022 000-03737433  07/10/2022 000-03737436  07/10/2022 000-03737437  07/10/2022 000-03739300  07/10/2022 000-03739302  07/10/2022 000-03740179  07/10/2022 000-03741051  07/10/2022 000-03743058  07/10/2022 000-03744226  07/10/2022 000-03744244  07/10/2022 000-03746888  07/10/2022 000-03746897  07/10/2022 000-03749268  07/10/2022 000-03751825  07/10/2022 000-03751827  07/10/2022 000-03751831  07/10/2022 000-03753624  07/10/2022 000-03756452  07/10/2022 000-03756463  07/10/2022 000-03756465  07/10/2022 000-03758086  07/10/2022 000-03759683  07/10/2022 000-03766542  07/10/2022 000-03766546  07/10/2022 000-03766548  07/10/2022 000-03766549  07/10/2022 000-03766550  07/10/2022 000-03766551  07/10/2022 000-03766553  07/10/2022 000-03766555  07/10/2022 000-03770293  07/10/2022 000-03773792  07/10/2022 000-03776461  07/10/2022 000-03776465  07/10/2022 000-03776574  07/10/2022 000-03776584  07/10/2022 000-03777166  07/10/2022 000-03777169  07/10/2022 000-03777651  07/10/2022 000-03779823  07/10/2022 000-03779839  07/10/2022 000-03780311  07/10/2022 000-03781806  07/10/2022 000-03785376  07/10/2022 000-03785377  07/10/2022 000-03785399  07/10/2022 000-03787059  07/10/2022 000-03787063  07/10/2022 000-03787471  07/10/2022 000-03788446  07/10/2022 000-03788449  07/10/2022 000-03792330  07/10/2022 000-03792343  07/10/2022 000-03795444  07/10/2022 000-03795448  07/10/2022 000-03796145  07/10/2022 000-03797014  07/10/2022 000-03799236  07/10/2022 000-03799238  07/10/2022 000-03800566  07/10/2022 000-03800918  07/10/2022 000-03801461  07/10/2022 000-03802303  07/10/2022 000-03803550  07/10/2022 000-03804630  07/10/2022 000-03805467  07/10/2022 000-03807730  07/10/2022 000-03811665  07/10/2022 000-03812378  07/10/2022 000-03812620  07/10/2022 000-03812621  07/10/2022 000-03813641  07/10/2022 000-03862573  09/07/2022 000-03862574  09/07/2022 000-03862576  09/07/2022 000-03867442  09/07/2022 000-03867792  09/07/2022 000-03868368  09/07/2022 000-03868369  09/07/2022 000-03868390  09/07/2022 000-03868393  09/07/2022 000-03868394  09/07/2022 000-03868396  09/07/2022 000-03868397  09/07/2022 000-03868398  09/07/2022 000-03868400  09/07/2022 000-03868401  09/07/2022 000-03868402  09/07/2022 000-03868405  09/07/2022 000-03868410  09/07/2022 000-03868411  09/07/2022 000-03868413  09/07/2022 000-03868415  09/07/2022 000-03868418  09/07/2022 000-03868420  09/07/2022 000-03868422  09/07/2022 000-03868423  09/07/2022 000-03868424  09/07/2022 000-03868425  09/07/2022 000-03868426  09/07/2022 000-03868428  09/07/2022 000-03868429  09/07/2022 000-03868432  09/07/2022 000-03868433  09/07/2022 000-03868435  09/07/2022 000-03869453  09/07/2022 000-03869468  09/07/2022 000-03870432  09/07/2022 000-03871251  09/07/2022 000-03871899  09/07/2022 000-03872925  09/07/2022 000-03875068  09/07/2022 000-03876846  09/07/2022 000-03878146  09/07/2022 000-03878148  09/07/2022 000-03878156  09/07/2022 000-03878160  09/07/2022 000-03879714  09/07/2022 000-03879722  09/07/2022 000-03880332  09/07/2022 000-03881198  09/07/2022 000-03882778  09/07/2022 000-03882790  09/07/2022 000-03887227  09/07/2022 000-03887234  09/07/2022 000-03888730  09/07/2022 000-03888746  09/07/2022 000-03889561  09/07/2022 000-03891587  09/07/2022 000-03892143  09/07/2022 000-03894078  09/07/2022 000-03894104  09/07/2022 000-03897626  09/07/2022 000-03899890  09/07/2022 000-03899891  09/07/2022 000-03901555  09/07/2022 000-03901557  09/07/2022 000-03901558  09/07/2022 000-03901567  09/07/2022 000-03901568  09/07/2022 000-03901571  09/07/2022 000-03902896  09/07/2022 000-03903494  09/07/2022 000-03903509  09/07/2022 000-03903514  09/07/2022 000-03904580  09/07/2022 000-03905508  09/07/2022 000-03905512  09/07/2022 000-03908356  09/07/2022 000-03908362  09/07/2022 000-03908577  09/07/2022 000-03908580  09/07/2022 000-03908582  09/07/2022 000-03911694  09/07/2022 000-03913721  09/07/2022 000-03915803  09/07/2022 000-03916833  09/07/2022 000-03917433  09/07/2022 000-03919194  09/07/2022 000-03921897  09/07/2022 000-03921899  09/07/2022 000-03921900  09/07/2022 000-03921904  09/07/2022 000-03921906  09/07/2022 000-03923296  09/07/2022 000-03923299  09/07/2022 000-03926462  09/07/2022 000-03926463  09/07/2022 000-03926468  09/07/2022 000-03927268  09/07/2022 000-03927666  09/07/2022 000-03927670  09/07/2022 000-03930728  09/07/2022 000-03930734  09/07/2022 000-03933566  09/07/2022 000-03935565  09/07/2022 000-03935568  09/07/2022 000-03939344  09/07/2022 000-03939831  09/07/2022 000-03941255  09/07/2022 000-03941870  09/07/2022 000-03941871  09/07/2022 000-03943722  09/07/2022 000-03943730  09/07/2022 000-03943745  09/07/2022 000-03945947  09/07/2022 000-03946605  09/07/2022 000-03946799  09/07/2022 000-03951420  09/07/2022 000-03951444  09/07/2022 000-03953574  09/07/2022 000-03954891  09/07/2022 000-03957434  09/07/2022 000-03958396  09/07/2022 000-03961271  09/07/2022 000-03961278  09/07/2022 000-03961279  09/07/2022 000-03961289  09/07/2022 000-03962920  09/07/2022 000-03962931  09/07/2022 000-03962935  09/07/2022 000-03962954  09/07/2022 000-03963886  09/07/2022 000-03964707  09/07/2022 000-03965332  09/07/2022 000-03968658  09/07/2022 000-03968662  09/07/2022 000-03969889  09/07/2022 000-03969890  09/07/2022 000-03974461  09/07/2022 000-03974464  09/07/2022 000-03975202  09/07/2022 000-03975231  09/07/2022 000-03975727  09/07/2022 000-03978216  09/07/2022 000-03979297  09/07/2022 000-03979299  09/07/2022 000-03979762  09/07/2022 000-03979790  09/07/2022 000-03979792  09/07/2022 000-03981578  09/07/2022 000-03981580  09/07/2022 000-03982459  09/07/2022 000-03982461  09/07/2022 000-03982462  09/07/2022 000-03983076  09/07/2022 000-03986045  09/07/2022 000-03986120  09/07/2022 000-04022121  09/07/2022 000-03697484  07/10/2022 000-03697487  07/10/2022 000-03697489  07/10/2022 000-03697497  07/10/2022 000-03697499  07/10/2022 000-03697500  07/10/2022 000-03697502  07/10/2022 000-03697504  07/10/2022 000-03697510  07/10/2022 000-03697511  07/10/2022 000-03697512  07/10/2022 000-03697516  07/10/2022 000-03700337  07/10/2022 000-03703656  07/10/2022 000-03703659  07/10/2022 000-03706071  07/10/2022 000-03706072  07/10/2022 000-03706076  07/10/2022 000-03706981  07/10/2022 000-03709167  07/10/2022 000-03710579  07/10/2022 000-03714982  07/10/2022 000-03714983  07/10/2022 000-03714986  07/10/2022 000-03716883  07/10/2022 000-03717078  07/10/2022 000-03719276  07/10/2022 000-03719280  07/10/2022 000-03721049  07/10/2022 000-03721057  07/10/2022 000-03721731  07/10/2022 000-03724066  07/10/2022 000-03724074  07/10/2022 000-03725286  07/10/2022 000-03725292  07/10/2022 000-03731239  07/10/2022 000-03734814  07/10/2022 000-03735152  07/10/2022 000-03736687  07/10/2022 000-03738182  07/10/2022 000-03738185  07/10/2022 000-03738204  07/10/2022 000-03739293  07/10/2022 000-03739294  07/10/2022 000-03741052  07/10/2022 000-03744237  07/10/2022 000-03744240  07/10/2022 000-03751828  07/10/2022 000-03751833  07/10/2022 000-03756444  07/10/2022 000-03756466  07/10/2022 000-03756468  07/10/2022 000-03759673  07/10/2022 000-03764274  07/10/2022 000-03766545  07/10/2022 000-03766547  07/10/2022 000-03770289  07/10/2022 000-03775264  07/10/2022 000-03779832  07/10/2022 000-03779856  07/10/2022 000-03780667  07/10/2022 000-03785363  07/10/2022 000-03785379  07/10/2022 000-03787062  07/10/2022 000-03789132  07/10/2022 000-03789133  07/10/2022 000-03794871  07/10/2022 000-03796047  07/10/2022 000-03796048  07/10/2022 000-03796142  07/10/2022 000-03796985  07/10/2022 000-03797009  07/10/2022 000-03799237  07/10/2022 000-03801917  07/10/2022 000-03803549  07/10/2022 000-03803551  07/10/2022 000-03804622  07/10/2022 000-03806495  07/10/2022 000-03807116  07/10/2022 000-03807721  07/10/2022 000-03807738  07/10/2022 000-03810864  07/10/2022 000-03812626  07/10/2022 000-03813660  07/10/2022 000-03814405  07/10/2022 000-03864184  09/07/2022 000-03864191  09/07/2022 000-03866520  09/07/2022 000-03868370  09/07/2022 000-03868389  09/07/2022 000-03868391  09/07/2022 000-03868395  09/07/2022 000-03868399  09/07/2022 000-03868404  09/07/2022 000-03868406  09/07/2022 000-03868407  09/07/2022 000-03868408  09/07/2022 000-03868409  09/07/2022 000-03868412  09/07/2022 000-03868416  09/07/2022 000-03868417  09/07/2022 000-03868430  09/07/2022 000-03868431  09/07/2022 000-03870427  09/07/2022 000-03870921  09/07/2022 000-03871892  09/07/2022 000-03875062  09/07/2022 000-03875074  09/07/2022 000-03876782  09/07/2022 000-03876791  09/07/2022 000-03876805  09/07/2022 000-03876844  09/07/2022 000-03877468  09/07/2022 000-03877799  09/07/2022 000-03878161  09/07/2022 000-03880827  09/07/2022 000-03880838  09/07/2022 000-03881268  09/07/2022 000-03882761  09/07/2022 000-03885575  09/07/2022 000-03885584  09/07/2022 000-03889355  09/07/2022 000-03890371  09/07/2022 000-03894080  09/07/2022 000-03894098  09/07/2022 000-03897637  09/07/2022 000-03899894  09/07/2022 000-03899897  09/07/2022 000-03901561  09/07/2022 000-03901564  09/07/2022 000-03903487  09/07/2022 000-03903488  09/07/2022 000-03903505  09/07/2022 000-03904571  09/07/2022 000-03906235  09/07/2022 000-03906236  09/07/2022 000-03908363  09/07/2022 000-03908364  09/07/2022 000-03908572  09/07/2022 000-03915206  09/07/2022 000-03915823  09/07/2022 000-03918498  09/07/2022 000-03919350  09/07/2022 000-03921898  09/07/2022 000-03921903  09/07/2022 000-03926459  09/07/2022 000-03926472  09/07/2022 000-03930720  09/07/2022 000-03930721  09/07/2022 000-03930722  09/07/2022 000-03930725  09/07/2022 000-03930732  09/07/2022 000-03930733  09/07/2022 000-03933569  09/07/2022 000-03939343  09/07/2022 000-03943724  09/07/2022 000-03945943  09/07/2022 000-03945945  09/07/2022 000-03945954  09/07/2022 000-03947832  09/07/2022 000-03951421  09/07/2022 000-03951422  09/07/2022 000-03951424  09/07/2022 000-03951429  09/07/2022 000-03951435  09/07/2022 000-03952006  09/07/2022 000-03954189  09/07/2022 000-03956285  09/07/2022 000-03958066  09/07/2022 000-03959403  09/07/2022 000-03959405  09/07/2022 000-03961283  09/07/2022 000-03963889  09/07/2022 000-03964310  09/07/2022 000-03964928  09/07/2022 000-03965328  09/07/2022 000-03965917  09/07/2022 000-03965922  09/07/2022 000-03971967  09/07/2022 000-03971968  09/07/2022 000-03971971  09/07/2022 000-03974458  09/07/2022 000-03976572  09/07/2022 000-03976573  09/07/2022 000-03977018  09/07/2022 000-03979787  09/07/2022 000-03982448  09/07/2022 000-03984218  09/07/2022 000-03697514  07/10/2022 000-03709168  07/10/2022 000-03713414  07/10/2022 000-03716881  07/10/2022 000-03718162  07/10/2022 000-03724084  07/10/2022 000-03728332  07/10/2022 000-03728343  07/10/2022 000-03731113  07/10/2022 000-03731232  07/10/2022 000-03733242  07/10/2022 000-03735161  07/10/2022 000-03739301  07/10/2022 000-03746884  07/10/2022 000-03753618  07/10/2022 000-03756456  07/10/2022 000-03762789  07/10/2022 000-03762793  07/10/2022 000-03794173  07/10/2022 000-03794860  07/10/2022 000-03794864  07/10/2022 000-03801911  07/10/2022 000-03804482  07/10/2022 000-03806128  07/10/2022 000-03864193  09/07/2022 000-03864920  09/07/2022 000-03867163  09/07/2022 000-03868392  09/07/2022 000-03868427  09/07/2022 000-03878158  09/07/2022 000-03885572  09/07/2022 000-03885578  09/07/2022 000-03885582  09/07/2022 000-03894087  09/07/2022 000-03903490  09/07/2022 000-03904582  09/07/2022 000-03926464  09/07/2022 000-03930724  09/07/2022 000-03933559  09/07/2022 000-03939349  09/07/2022 000-03940614  09/07/2022 000-03945940  09/07/2022 000-03954187  09/07/2022 000-03964926  09/07/2022 000-03967881  09/07/2022 000-03971972  09/07/2022 000-03977019  09/07/2022 000-03671917  06/06/2022 000-03681377  06/06/2022 000-03687443  06/06/2022 000-03717067  06/06/2022 000-03736628  06/06/2022 000-03758057  06/06/2022 000-03775639  06/06/2022 000-03794726  06/06/2022 000-03800662  06/06/2022 000-03934080  09/04/2022 000-03940637  09/04/2022 000-03949204  09/04/2022 000-03669059  06/06/2022 000-03682486  06/06/2022 000-03705383  06/06/2022 000-03716388  06/06/2022 000-03740165  06/06/2022 000-03765946  06/06/2022 000-03765948  06/06/2022 000-03766576  06/06/2022 000-03771108  06/06/2022 000-03773795  06/06/2022 000-03779828  06/06/2022 000-03781582  06/06/2022 000-03792609  06/06/2022 000-03795462  06/06/2022 000-03795465  06/06/2022 000-03796068  06/06/2022 000-03849229  08/25/2022 000-03860337  08/25/2022 000-03885602  09/04/2022 000-03892151  09/04/2022 000-03901589  09/04/2022 000-03919804  09/04/2022 000-03934132  09/04/2022 000-03946172  09/04/2022 000-03951093  09/04/2022 000-03657088  06/06/2022 000-03671626  06/06/2022 000-03672111  06/06/2022 000-03676478  06/06/2022 000-03697152  06/06/2022 000-03698378  06/06/2022 000-03705387  06/06/2022 000-03716387  06/06/2022 000-03738786  06/06/2022 000-03764260  06/06/2022 000-03772653  06/06/2022 000-03775632  06/06/2022 000-03775637  06/06/2022 000-03776455  06/06/2022 000-03784026  06/06/2022 000-03790053  06/06/2022 000-03824028  08/25/2022 000-03824038  08/25/2022 000-03824042  08/25/2022 000-03824046  08/25/2022 000-03831833  08/25/2022 000-03836637  08/25/2022 000-03849740  08/25/2022 000-03862561  08/25/2022 000-03869460  08/25/2022 000-03877808  09/04/2022 000-03892153  09/04/2022 000-03894076  09/04/2022 000-03905539  09/04/2022 000-03911779  09/04/2022 000-03934079  09/04/2022 000-03934083  09/04/2022 000-03681382  06/06/2022 000-03698375  06/06/2022 000-03738798  06/06/2022 000-03828627  08/25/2022 000-03840510  08/25/2022 000-03840518  08/25/2022 000-03841206  08/25/2022 000-03878137  09/04/2022 000-03934073  09/04/2022 000-03669035  06/06/2022 000-03669047  06/06/2022 000-03669049  06/06/2022 000-03681811  06/06/2022 000-03687439  06/06/2022 000-03688279  06/06/2022 000-03688286  06/06/2022 000-03691222  06/06/2022 000-03693381  06/06/2022 000-03697116  06/06/2022 000-03715756  06/06/2022 000-03715759  06/06/2022 000-03721034  06/06/2022 000-03721046  06/06/2022 000-03721815  06/06/2022 000-03723675  06/06/2022 000-03725273  06/06/2022 000-03726441  06/06/2022 000-03730215  06/06/2022 000-03731101  06/06/2022 000-03742718  06/06/2022 000-03749260  06/06/2022 000-03749800  06/06/2022 000-03754103  06/06/2022 000-03758058  06/06/2022 000-03762809  06/06/2022 000-03766577  06/06/2022 000-03774363  06/06/2022 000-03774916  06/06/2022 000-03776575  06/06/2022 000-03779865  06/06/2022 000-03785400  06/06/2022 000-03792336  06/06/2022 000-03797013  06/06/2022 000-03799248  06/06/2022 000-03800914  06/06/2022 000-03800925  06/06/2022 000-03826853  08/25/2022 000-03828345  08/25/2022 000-03829880  08/25/2022 000-03831822  08/25/2022 000-03831831  08/25/2022 000-03832603  08/25/2022 000-03833466  08/25/2022 000-03840504  08/25/2022 000-03844273  08/25/2022 000-03848808  08/25/2022 000-03849204  08/25/2022 000-03855116  08/25/2022 000-03862555  08/25/2022 000-03868925  08/25/2022 000-03869464  08/25/2022 000-03874595  08/25/2022 000-03877470  09/04/2022 000-03882787  09/04/2022 000-03885622  09/04/2022 000-03895892  09/04/2022 000-03903497  09/04/2022 000-03905489  09/04/2022 000-03909121  09/04/2022 000-03909606  09/04/2022 000-03916822  09/04/2022 000-03923623  09/04/2022 000-03929101  09/04/2022 000-03929105  09/04/2022 000-03929113  09/04/2022 000-03934127  09/04/2022 000-03935571  09/04/2022 000-03940635  09/04/2022 000-03940646  09/04/2022 000-03946169  09/04/2022 000-03946789  09/04/2022 000-03693395  06/06/2022 000-03701017  06/06/2022 000-03769386  06/06/2022 000-03774369  06/06/2022 000-03836703  08/25/2022 000-03851218  08/25/2022 000-03855108  08/25/2022 000-03841009  08/25/2022 000-03899898  09/04/2022 000-03669031  06/06/2022 000-03669051  06/06/2022 000-03742909  06/06/2022 000-03765945  06/06/2022 000-03775280  06/06/2022 000-03777540  06/06/2022 000-03777543  06/06/2022 000-03802464  06/06/2022 000-03809344  06/06/2022 000-03825271  08/25/2022 000-03826592  08/25/2022 000-03828343  08/25/2022 000-03870934  08/25/2022 000-03882796  09/04/2022 000-03888776  08/25/2022 000-03902671  09/04/2022 000-03905482  09/04/2022 000-03905491  09/04/2022 000-03908382  09/04/2022 000-03920297  09/04/2022 000-03934144  09/04/2022 000-03673285  06/06/2022 000-03697163  06/06/2022 000-03705384  06/06/2022 000-03742917  06/06/2022 000-03746901  06/06/2022 000-03746909  06/06/2022 000-03748468  06/06/2022 000-03772178  06/06/2022 000-03774905  06/06/2022 000-03802712  06/06/2022 000-03824018  08/25/2022 000-03827811  08/25/2022 000-03831835  08/25/2022 000-03844933  08/25/2022 000-03874605  08/25/2022 000-03876789  09/04/2022 000-03878141  09/04/2022 000-03892784  09/04/2022 000-03920591  09/04/2022 000-03934071  09/04/2022 000-03934078  09/04/2022 000-03730193  06/06/2022 000-03730196  06/06/2022 000-03742918  06/06/2022 000-03780671  06/06/2022 000-03804477  06/06/2022 000-03804484  06/06/2022 000-03833467  08/25/2022 000-03888777  08/25/2022 000-03897616  09/04/2022 000-03669037  06/06/2022 000-03672125  06/06/2022 000-03675539  06/06/2022 000-03683390  06/06/2022 000-03721814  06/06/2022 000-03725268  06/06/2022 000-03730210  06/06/2022 000-03731453  06/06/2022 000-03746913  06/06/2022 000-03795870  06/06/2022 000-03824050  08/25/2022 000-03831830  08/25/2022 000-03832604  08/25/2022 000-03836635  08/25/2022 000-03885603  09/04/2022 000-03908593  09/04/2022 000-03913751  09/04/2022 000-03923634  09/04/2022 000-03943775  09/04/2022 000-03688289  06/06/2022 000-03824043  08/25/2022 000-03848040  08/25/2022 000-03669028  06/06/2022 000-03669041  06/06/2022 000-03671618  06/06/2022 000-03671912  06/06/2022 000-03672441  06/06/2022 000-03675528  06/06/2022 000-03675531  06/06/2022 000-03676480  06/06/2022 000-03678655  06/06/2022 000-03680957  06/06/2022 000-03684569  06/06/2022 000-03684932  06/06/2022 000-03687449  06/06/2022 000-03688285  06/06/2022 000-03691225  06/06/2022 000-03693374  06/06/2022 000-03693391  06/06/2022 000-03697126  06/06/2022 000-03701012  06/06/2022 000-03701013  06/06/2022 000-03701014  06/06/2022 000-03701018  06/06/2022 000-03701020  06/06/2022 000-03701022  06/06/2022 000-03705380  06/06/2022 000-03705381  06/06/2022 000-03707771  06/06/2022 000-03712054  06/06/2022 000-03713410  06/06/2022 000-03713416  06/06/2022 000-03715743  06/06/2022 000-03715745  06/06/2022 000-03719966  06/06/2022 000-03721036  06/06/2022 000-03721038  06/06/2022 000-03721047  06/06/2022 000-03726421  06/06/2022 000-03726430  06/06/2022 000-03726451  06/06/2022 000-03729294  06/06/2022 000-03730200  06/06/2022 000-03730204  06/06/2022 000-03730206  06/06/2022 000-03730213  06/06/2022 000-03730225  06/06/2022 000-03731080  06/06/2022 000-03731448  06/06/2022 000-03731457  06/06/2022 000-03733275  06/06/2022 000-03736693  06/06/2022 000-03736713  06/06/2022 000-03738795  06/06/2022 000-03740157  06/06/2022 000-03743835  06/06/2022 000-03743840  06/06/2022 000-03743841  06/06/2022 000-03744257  06/06/2022 000-03744264  06/06/2022 000-03748470  06/06/2022 000-03749807  06/06/2022 000-03750835  06/06/2022 000-03750836  06/06/2022 000-03750843  06/06/2022 000-03751851  06/06/2022 000-03751858  06/06/2022 000-03758029  06/06/2022 000-03758053  06/06/2022 000-03758054  06/06/2022 000-03758055  06/06/2022 000-03758060  06/06/2022 000-03759684  06/06/2022 000-03765812  06/06/2022 000-03765940  06/06/2022 000-03765947  06/06/2022 000-03766574  06/06/2022 000-03766575  06/06/2022 000-03766586  06/06/2022 000-03766589  06/06/2022 000-03766590  06/06/2022 000-03766600  06/06/2022 000-03768107  06/06/2022 000-03768572  06/06/2022 000-03768575  06/06/2022 000-03768582  06/06/2022 000-03768584  06/06/2022 000-03769378  06/06/2022 000-03770295  06/06/2022 000-03772181  06/06/2022 000-03775282  06/06/2022 000-03776572  06/06/2022 000-03776589  06/06/2022 000-03777182  06/06/2022 000-03777189  06/06/2022 000-03777538  06/06/2022 000-03777648  06/06/2022 000-03779817  06/06/2022 000-03779849  06/06/2022 000-03779852  06/06/2022 000-03781753  06/06/2022 000-03781909  06/06/2022 000-03781919  06/06/2022 000-03787247  06/06/2022 000-03789802  06/06/2022 000-03791146  06/06/2022 000-03791148  06/06/2022 000-03791155  06/06/2022 000-03792604  06/06/2022 000-03794156  06/06/2022 000-03795454  06/06/2022 000-03798655  06/06/2022 000-03799699  06/06/2022 000-03799701  06/06/2022 000-03802463  06/06/2022 000-03804483  06/06/2022 000-03808173  06/06/2022 000-03811669  06/06/2022 000-03812640  08/25/2022 000-03824014  08/25/2022 000-03824022  08/25/2022 000-03824025  08/25/2022 000-03824035  08/25/2022 000-03824039  08/25/2022 000-03824044  08/25/2022 000-03824045  08/25/2022 000-03824125  08/25/2022 000-03828233  08/25/2022 000-03828348  08/25/2022 000-03828352  08/25/2022 000-03828531  08/25/2022 000-03828551  08/25/2022 000-03831824  08/25/2022 000-03831827  08/25/2022 000-03831834  08/25/2022 000-03832606  08/25/2022 000-03832610  08/25/2022 000-03833462  08/25/2022 000-03833463  08/25/2022 000-03833473  08/25/2022 000-03833959  08/25/2022 000-03833971  08/25/2022 000-03833977  08/25/2022 000-03836639  08/25/2022 000-03836687  08/25/2022 000-03841015  08/25/2022 000-03842152  08/25/2022 000-03842168  08/25/2022 000-03842182  08/25/2022 000-03843270  08/25/2022 000-03843754  08/25/2022 000-03844292  08/25/2022 000-03844297  08/25/2022 000-03845610  08/25/2022 000-03845617  08/25/2022 000-03845628  08/25/2022 000-03845629  08/25/2022 000-03849257  08/25/2022 000-03850160  08/25/2022 000-03851595  08/25/2022 000-03851604  08/25/2022 000-03851732  08/25/2022 000-03851802  08/25/2022 000-03852026  08/25/2022 000-03852036  08/25/2022 000-03855110  08/25/2022 000-03855111  08/25/2022 000-03855112  08/25/2022 000-03857020  08/25/2022 000-03858368  08/25/2022 000-03858629  08/25/2022 000-03858631  08/25/2022 000-03859444  08/25/2022 000-03859450  08/25/2022 000-03860334  08/25/2022 000-03860335  08/25/2022 000-03862559  08/25/2022 000-03862563  08/25/2022 000-03866172  08/25/2022 000-03868930  08/25/2022 000-03869463  08/25/2022 000-03870940  08/25/2022 000-03871226  08/25/2022 000-03876348  08/25/2022 000-03876802  09/04/2022 000-03880825  08/25/2022 000-03882784  09/04/2022 000-03890373  09/04/2022 000-03894086  09/04/2022 000-03899556  09/04/2022 000-03900986  09/04/2022 000-03900988  09/04/2022 000-03901579  09/04/2022 000-03902669  09/04/2022 000-03904575  09/04/2022 000-03907154  09/04/2022 000-03908373  09/04/2022 000-03908598  09/04/2022 000-03909117  09/04/2022 000-03909122  09/04/2022 000-03909598  09/04/2022 000-03909611  09/04/2022 000-03909614  09/04/2022 000-03910828  09/04/2022 000-03913743  09/04/2022 000-03913756  09/04/2022 000-03913760  09/04/2022 000-03915813  09/04/2022 000-03916819  09/04/2022 000-03917417  09/04/2022 000-03919809  09/04/2022 000-03920300  09/04/2022 000-03920592  09/04/2022 000-03929092  09/04/2022 000-03929094  09/04/2022 000-03929098  09/04/2022 000-03929109  09/04/2022 000-03929112  09/04/2022 000-03929115  09/04/2022 000-03930693  09/04/2022 000-03930697  09/04/2022 000-03934074  09/04/2022 000-03934082  09/04/2022 000-03934137  09/04/2022 000-03934145  09/04/2022 000-03934148  09/04/2022 000-03940638  09/04/2022 000-03940641  09/04/2022 000-03940643  09/04/2022 000-03940644  09/04/2022 000-03941261  09/04/2022 000-03941874  09/04/2022 000-03943779  09/04/2022 000-03946180  09/04/2022 000-03946183  09/04/2022 000-03946184  09/04/2022 000-03946614  09/04/2022 000-03946785  09/04/2022 000-03947842  09/04/2022 000-03951984  09/04/2022 000-03951990  09/04/2022 000-03952351  09/04/2022 000-03961646  09/04/2022 000-03961647  09/04/2022 000-03725266  06/06/2022 000-03733256  06/06/2022 000-03784015  06/06/2022 000-03800913  06/06/2022 000-03865879  08/25/2022 000-03905486  09/04/2022 000-03926465  09/04/2022 000-03672451  06/06/2022 000-03707772  06/06/2022 000-03715774  06/06/2022 000-03742920  06/06/2022 000-03746911  06/06/2022 000-03762802  06/06/2022 000-03802301  06/06/2022 000-03806494  06/06/2022 000-03809766  06/06/2022 000-03846875  08/25/2022 000-03880720  09/04/2022 000-03940630  09/04/2022 000-03669039  06/06/2022 000-03672107  06/06/2022 000-03676481  06/06/2022 000-03682483  06/06/2022 000-03687440  06/06/2022 000-03701019  06/06/2022 000-03713412  06/06/2022 000-03740153  06/06/2022 000-03758059  06/06/2022 000-03765939  06/06/2022 000-03766587  06/06/2022 000-03776454  06/06/2022 000-03776591  06/06/2022 000-03787254  06/06/2022 000-03795693  06/06/2022 000-03824034  08/25/2022 000-03826594  08/25/2022 000-03829864  08/25/2022 000-03845634  08/25/2022 000-03858366  08/25/2022 000-03871910  08/25/2022 000-03876825  09/04/2022 000-03879259  09/04/2022 ,,,,,,,
Veterinary,No,08/03/2022,90404,Terminated,"Wedgewood Village Pharmacy, LLC",405 Heron Dr Ste 200,N/A,Swedesboro,NJ,	08085-1749,United States,Voluntary: Firm initiated,N/A,to be entered.,V-0205-2022,Class II,Prednisolone Liver Flavor 5mg Chew Treat PREDNI-CHW001VC Prednisolone Chicken Flavor 5mg Chew Treat PREDNI-CHW002VC Prednisolone Chicken  Flavor 2.5mg Chew Treat PREDNI-CHW008VC Prednisolone Beef Flavor 5mg Chew Treat PREDNI-CHW012VC Prednisolone Surf & Turf Flavor 5mg Chew Treat PREDNI-CHW013VC Prednisolone Chicken Flavor 10mg Chew Treat PREDNI-CHW025VC Prednisolone Chicken Flavor 7.5mg Chew Treat PREDNI-CHW038VC Prednisolone Chicken Flavor 1.5mg Chew Treat PREDNI-CHW046VC Prednisolone Chicken Flavor 1.25mg Chew Treat PREDNI-CHW050VC Prednisolone Chicken Flavor 3mg Chew Treat PREDNI-CHW055VC PrednisoLONE Chicken Flavor 3.75mg Chew Treat PREDNI-CHW061VC Prednisolone Chicken Flavor 6mg Chew Treat PREDNI-CHW071VC Prednisolone Chicken Flavor 20mg Chew Treat PREDNI-CHW079VC Prednisolone Anchovy Flavor 5mg Chew Treat PREDNI-CHW081VC Prednisolone Chicken Flavor 0.625mg Chew Treat PREDNI-CHW085VC Prednisolone Chicken Flavor 1mg Chew Treat PREDNI-CHW089VC Prednisolone Duck Flavor 5mg Chew Treat PREDNI-CHW090VC Prednisolone Chicken Flavor 4mg Chew Treat PREDNI-CHW103VC Prednisolone Venison Flavor 2.5mg Chew Treat PREDNI-CHW115VC PrednisoLONE Chicken Flavored 15mg Chew Treat PREDNI-CHW155VC PrednisoLONE Chicken Flavored 4.5mg Chew Treat PREDNI-CHW159VC PrednisoLONE Marshmallow Flavored 5mg Chew Treat PREDNI-CHW161VC PrednisoLONE in PLO 40mg/ml Transdermal Gel 1ml PREDNI-GEL278VC Prednisone in PLO 50mg/ml Transdermal Gel 1ml PREDNI-GEL282VC PrednisoLONE in PLO 30mg/ml Transdermal Gel 1ml PREDNI-GEL286VC Prednisolone (as SP) Liver Flavor 5mg/ml Oral Solution 45ml Bottle PREDNISOL0008VC Prednisolone (as SP) Liver Flavor 5mg/ml Oral Solution 60ml Bottle PREDNISOL0009VC Prednisolone (as SP) Liver Flavor 5mg/ml Oral Solution 120ml Bottle PREDNISOL0010VC Prednisolone (as SP) Liver Flavor 5mg/ml Oral Solution 240ml Bottle PREDNISOL0011VC Prednisolone (as Sodium Phosphate) 10mg/ml Oral Solution 15ml Bottle PREDNISOL0013VC Prednisolone (as Sodium Phosphate) 5mg/ml Oral Solution 15ml Bottle PREDNISOL0014VC Prednisolone (as SP) 1mg/ml Oral Solution 30ml Bottle PREDNISOL0016VC Prednisolone (as SP) 1mg/ml Oral Solution 60ml Bottle PREDNISOL0017VC Prednisolone (as SP) 1mg/ml Oral Solution 120ml Bottle PREDNISOL0018VC Prednisolone (as SP) 4mg/ml Oral Solution 30ml Bottle PREDNISOL0022VC Prednisolone (as SP) 4mg/ml Oral Solution 120ml Bottle PREDNISOL0024VC Prednisolone (as SP) 4mg/ml Oral Solution 240ml Bottle PREDNISOL0025VC Prednisolone (as SP) 5mg/ml Oral Solution 30ml Bottle PREDNISOL0028VC Prednisolone (as SP) 5mg/ml Oral Solution 40ml Bottle PREDNISOL0029VC Prednisolone (as SP) 5mg/ml Oral Solution 45ml Bottle PREDNISOL0030VC Prednisolone (as SP) 5mg/ml Oral Solution 60ml Bottle PREDNISOL0031VC Prednisolone (as SP) 5mg/ml Oral Solution 90ml Bottle PREDNISOL0033VC Prednisolone (as SP) 5mg/ml Oral Solution 100ml Bottle PREDNISOL0034VC Prednisolone (as SP) 5mg/ml Oral Solution 120ml Bottle PREDNISOL0035VC Prednisolone (as SP) 5mg/ml Oral Solution 240ml Bottle PREDNISOL0036VC Prednisolone (as SP) 5mg/ml Oral Solution 360ml Bottle PREDNISOL0037VC Prednisolone (as SP) 5mg/ml Oral Solution 480ml Bottle PREDNISOL0038VC Prednisolone (as SP) 5mg/ml Oral Solution 1000ml Bottle PREDNISOL0039VC Prednisolone (as SP) 7mg/ml Oral Solution 60ml Bottle PREDNISOL0042VC Prednisolone (as SP) 7.5mg/ml Oral Solution 30ml Bottle PREDNISOL0047VC Prednisolone (as SP) 10mg/ml Oral Solution 30ml Bottle PREDNISOL0053VC Prednisolone (as SP) 10mg/ml Oral Solution 35ml Bottle PREDNISOL0054VC Prednisolone (as SP) 10mg/ml Oral Solution 40ml Bottle PREDNISOL0055VC Prednisolone (as SP) 10mg/ml Oral Solution 45ml Bottle PREDNISOL0056VC Prednisolone (as SP) 10mg/ml Oral Solution 60ml Bottle PREDNISOL0057VC Prednisolone (as SP) 10mg/ml Oral Solution 90ml Bottle PREDNISOL0058VC Prednisolone (as SP) 10mg/ml Oral Solution 100ml Bottle PREDNISOL0059VC Prednisolone (as SP) 10mg/ml Oral Solution 120ml Bottle PREDNISOL0060VC Prednisolone (as SP) 10mg/ml Oral Solution 240ml Bottle PREDNISOL00,16186 bottles,Insanitary conditions.,07/05/2022,08/03/2022,04/22/2024,08/03/2022,000-03740444  06/02/2022 000-03940691  08/22/2022 000-03659749  06/17/2022 000-03707916  06/17/2022 000-03689884  06/06/2022 000-03692176  06/06/2022 000-03696511  06/06/2022 000-03704375  06/06/2022 000-03730443  07/10/2022 000-03756094  08/02/2022 000-03761193  08/02/2022 000-03828411  08/12/2022 000-03885217  08/12/2022 000-03891936  08/12/2022 000-03899692  09/19/2022 000-03952489  09/19/2022 000-03956397  09/19/2022 000-03644897  06/05/2022 000-03644903  06/05/2022 000-03683626  06/05/2022 000-03696582  06/05/2022 000-03696589  06/05/2022 000-03709177  06/05/2022 000-03759858  07/13/2022 000-03766313  07/13/2022 000-03789440  07/13/2022 000-03807364  07/13/2022 000-03826489  07/13/2022 000-03829521  07/13/2022 000-03876871  08/27/2022 000-03885763  08/27/2022 000-03904882  08/27/2022 000-03946494  08/27/2022 000-04031849  08/27/2022 000-03823159  06/11/2022 000-03648832  06/25/2022 000-03686709  07/10/2022 000-03781327  08/13/2022 000-03790175  08/16/2022 000-03673997  06/27/2022 000-03693627  06/27/2022 000-03705232  06/27/2022 000-03713074  06/27/2022 000-03729390  06/27/2022 000-03761274  06/27/2022 000-03761275  06/27/2022 000-03773867  08/03/2022 000-03785733  08/03/2022 000-03794360  08/03/2022 000-03807817  08/03/2022 000-03824544  08/03/2022 000-03825033  08/03/2022 000-03825209  08/03/2022 000-03829684  08/03/2022 000-03831337  08/03/2022 000-03831341  08/03/2022 000-03863824  09/06/2022 000-03866853  09/06/2022 000-03885301  09/06/2022 000-03895775  09/06/2022 000-03905582  09/06/2022 000-03910943  09/06/2022 000-03912875  09/06/2022 000-03919486  09/06/2022 000-03943502  09/06/2022 000-03953600  09/06/2022 000-03693628  06/27/2022 000-03696051  06/27/2022 000-03702097  06/27/2022 000-03702099  06/27/2022 000-03709226  06/27/2022 000-03709233  06/27/2022 000-03709378  06/27/2022 000-03722504  06/27/2022 000-03727893  06/27/2022 000-03740192  06/27/2022 000-03752082  06/27/2022 000-03761250  06/27/2022 000-03761251  06/27/2022 000-03770172  06/27/2022 000-03770177  06/27/2022 000-03770181  06/27/2022 000-03778006  08/03/2022 000-03786612  08/03/2022 000-03801294  08/03/2022 000-03802049  08/03/2022 000-03816076  08/03/2022 000-03824545  08/03/2022 000-03836905  08/03/2022 000-03849136  08/03/2022 000-03859589  09/06/2022 000-03859594  09/06/2022 000-03869252  09/06/2022 000-03871801  09/06/2022 000-03872811  09/06/2022 000-03891818  09/06/2022 000-03896797  09/06/2022 000-03902281  09/06/2022 000-03907223  09/06/2022 000-03911957  09/06/2022 000-03920242  09/06/2022 000-03920246  09/06/2022 000-03926087  09/06/2022 000-03927981  09/06/2022 000-03939541  09/06/2022 000-03944561  09/06/2022 000-03947773  09/06/2022 000-03953607  09/06/2022 000-03958408  09/06/2022 000-03676655  06/27/2022 000-03693612  06/27/2022 000-03702772  06/27/2022 000-03702900  06/27/2022 000-03705237  06/27/2022 000-03709380  06/27/2022 000-03718073  06/27/2022 000-03734304  06/27/2022 000-03743282  06/27/2022 000-03748860  06/27/2022 000-03755324  06/27/2022 000-03761246  06/27/2022 000-03761254  06/27/2022 000-03761270  06/27/2022 000-03778007  08/03/2022 000-03799798  08/03/2022 000-03810256  08/03/2022 000-03819522  08/03/2022 000-03830587  08/03/2022 000-03839542  08/03/2022 000-03840827  08/03/2022 000-03851346  08/03/2022 000-03872893  09/06/2022 000-03875256  09/06/2022 000-03895783  09/06/2022 000-03902276  09/06/2022 000-03912883  09/06/2022 000-03919488  09/06/2022 000-03926084  09/06/2022 000-03927984  09/06/2022 000-03932067  09/06/2022 000-03943500  09/06/2022 000-03958406  09/06/2022 000-03958412  09/06/2022 000-03834183  08/03/2022 000-03705216  06/21/2022 000-03795985  08/16/2022 000-03820914  06/21/2022 000-03987165  09/10/2022 000-04035896  09/10/2022 000-03696939  06/21/2022 000-03713243  06/21/2022 000-03740997  06/21/2022 000-03764304  06/21/2022 000-03827973  08/16/2022 000-03839526  08/16/2022 000-03862767  08/16/2022 000-03870604  08/16/2022 000-03914764  09/10/2022 000-03914765  09/10/2022 000-04000828  09/10/2022 000-04015856  09/10/2022 000-04021468  09/10/2022 000-03752886  06/21/2022 000-03782187  06/21/2022 000-03918279  09/10/2022 000-03725575  07/03/2022 000-03954437  09/20/2022 000-03964211  09/20/2022 000-04007726  09/20/2022 000-04050761  09/20/2022 000-03726876  06/26/2022 000-03599842  06/07/2022 000-03622696  06/07/2022 000-03793477  06/26/2022 000-03591728  06/03/2022 000-03722254  07/23/2022 000-03754546  08/02/2022 000-03760309  08/06/2022 000-03803745  08/21/2022 000-03835479  08/18/2022 000-03641061  06/11/2022 000-03644285  06/21/2022 000-03806806  08/22/2022 000-03885208  09/20/2022 000-03696918  06/21/2022 000-03711291  06/21/2022 000-03714722  06/21/2022 000-03722753  06/21/2022 000-03726738  06/21/2022 000-03726753  06/21/2022 000-03727898  06/21/2022 000-03736967  06/21/2022 000-03747235  06/21/2022 000-03755308  06/21/2022 000-03763287  06/21/2022 000-03764961  06/21/2022 000-03773402  06/21/2022 000-03776974  06/21/2022 000-03777365  06/21/2022 000-03794368  06/21/2022 000-03794431  06/21/2022 000-03807377  06/21/2022 000-03812100  06/21/2022 000-03812365  06/21/2022 000-03816084  08/16/2022 000-03821707  08/16/2022 000-03822847  06/21/2022 000-03827974  06/21/2022 000-03830580  08/16/2022 000-03844986  08/16/2022 000-03854332  08/16/2022 000-03858799  08/16/2022 000-03858802  08/16/2022 000-03858807  08/16/2022 000-03874471  08/16/2022 000-03877225  08/16/2022 000-03888295  08/16/2022 000-03888296  08/16/2022 000-03916664  08/16/2022 000-03916677  08/16/2022 000-03922001  08/16/2022 000-03923208  08/16/2022 000-03825201  08/16/2022 000-03700650  06/21/2022 000-03700652  06/21/2022 000-03704871  06/21/2022 000-03708004  06/21/2022 000-03708006  06/21/2022 000-03708007  06/21/2022 000-03714715  06/21/2022 000-03717975  06/21/2022 000-03718207  06/21/2022 000-03723096  06/21/2022 000-03734407  06/21/2022 000-03735804  06/21/2022 000-03758478  06/21/2022 000-03763190  06/21/2022 000-03764964  06/21/2022 000-03764967  06/21/2022 000-03782392  06/21/2022 000-03790378  06/21/2022 000-03790386  06/21/2022 000-03790390  06/21/2022 000-03812096  06/21/2022 000-03814222  06/21/2022 000-03815148  06/21/2022 000-03822857  08/16/2022 000-03829047  08/16/2022 000-03829941  08/16/2022 000-03830592  08/16/2022 000-03836876  08/16/2022 000-03840942  08/16/2022 000-03840952  08/16/2022 000-03848337  08/16/2022 000-03848342  08/16/2022 000-03854324  08/16/2022 000-03858804  08/16/2022 000-03858809  08/16/2022 000-03870699  08/16/2022 000-03870701  08/16/2022 000-03870703  08/16/2022 000-03874476  08/16/2022 000-03889954  08/16/2022 000-03894027  08/16/2022 000-03899196  08/16/2022 000-03902270  08/16/2022 000-03915207  08/16/2022 000-03930267  08/16/2022 000-03932066  08/16/2022 000-03935907  08/16/2022 000-03686533  06/21/2022 000-03708005  06/21/2022 000-03714720  06/21/2022 000-03722746  06/21/2022 000-03726737  06/21/2022 000-03747224  06/21/2022 000-03805545  06/21/2022 000-03819508  08/16/2022 000-03840944  08/16/2022 000-03844992  08/16/2022 000-03876879  08/16/2022 000-03885231  08/16/2022 000-03893117  08/16/2022 000-03923203  08/16/2022 000-03606779  06/07/2022 000-03791159  08/16/2022 000-03804905  08/22/2022 000-03852483  09/09/2022 000-03878707  09/18/2022 000-03591738  06/03/2022 000-03595753  06/04/2022 000-03598462  06/05/2022 000-03606769  06/07/2022 000-03607208  06/08/2022 000-03607225  06/08/2022 000-03608643  06/08/2022 000-03609824  06/09/2022 000-03611298  06/11/2022 000-03616675  06/12/2022 000-03648840  06/25/2022 000-03655593  06/27/2022 000-03659407  06/28/2022 000-03724870  07/23/2022 000-03737096  07/27/2022 000-03751147  08/01/2022 000-03764980  08/07/2022 000-03766639  08/08/2022 000-03776529  08/11/2022 000-03776617  08/11/2022 000-03776887  08/11/2022 000-03801967  08/21/2022 000-03806816  08/22/2022 000-03831128  08/31/2022 000-03832334  08/18/2022 000-03841556  09/04/2022 000-03876999  09/18/2022 000-03893194  09/24/2022 000-03898955  09/26/2022 000-03843591  09/05/2022 000-03855217  06/11/2022 000-03607191  06/08/2022 000-03676446  07/05/2022 000-03754556  08/02/2022 000-03848140  09/06/2022 000-03615128  06/12/2022 000-03648938  06/25/2022 000-03650239  06/25/2022 000-03657327  06/27/2022 000-03686714  07/10/2022 000-03696996  07/12/2022 000-03714340  07/19/2022 000-03714342  07/19/2022 000-03730985  07/25/2022 000-03743593  07/30/2022 000-03745624  07/18/2022 000-03764061  08/07/2022 000-03783762  08/14/2022 000-03787911  08/15/2022 000-03817982  08/27/2022 000-03822594  08/28/2022 000-03828163  08/30/2022 000-03828165  08/30/2022 000-03870053  09/14/2022 000-03599963  06/06/2022 000-03614661  06/11/2022 000-03634496  06/19/2022 000-03680616  07/06/2022 000-03723015  06/29/2022 000-03784853  08/14/2022 000-03898895  09/26/2022 000-03898899  09/26/2022 000-03736613  06/21/2022 000-03755333  06/21/2022 000-03773856  06/21/2022 000-03778849  06/21/2022 000-03785807  06/21/2022 000-03789930  06/21/2022 000-03789932  06/21/2022 000-03794893  06/21/2022 000-03819512  06/21/2022 000-03828409  08/18/2022 000-03839530  08/18/2022 000-03843783  08/18/2022 000-03844988  08/18/2022 000-03847025  08/18/2022 000-03860020  08/18/2022 000-03870643  08/18/2022 000-03905794  08/18/2022 000-03909756  08/18/2022 000-03923198  08/18/2022 000-03928909  08/18/2022 000-03932969  08/18/2022 000-03935679  08/18/2022 000-03937252  08/18/2022 000-03937258  08/18/2022 000-03938458  08/18/2022 000-03939485  08/18/2022 000-03959999  08/18/2022 000-03707962  06/21/2022 000-03771882  06/21/2022 000-03820524  06/21/2022 000-03860775  08/18/2022 000-03931959  08/18/2022 000-03961979  08/18/2022 000-03598434  06/05/2022 000-03627886  06/11/2022 000-03653757  06/26/2022 000-03665876  07/02/2022 000-03730986  07/25/2022 000-03732311  06/29/2022 000-03734655  07/26/2022 000-03756654  08/03/2022 000-03765017  08/07/2022 000-03797272  08/20/2022 000-03817926  08/27/2022 000-03885177  09/20/2022 000-03885191  09/20/2022 000-03900495  09/26/2022 000-03906252  09/28/2022 000-03657298  06/06/2022 000-03677745  06/11/2022 000-03744664  06/11/2022 000-03817938  06/11/2022 000-03819438  06/11/2022 000-03906298  08/29/2022 000-03710439  06/11/2022 000-03778397  06/11/2022 000-03826147  06/11/2022 000-03866274  08/29/2022 000-03695509  06/11/2022 000-03744654  06/11/2022 000-03686529  06/16/2022 000-03714056  06/16/2022 000-03802834  07/31/2022 000-03807380  07/31/2022 000-03821708  07/31/2022 000-03876253  07/31/2022 000-03881966  07/31/2022 000-03891124  09/11/2022 000-03975665  09/11/2022 000-03674912  06/16/2022 000-03677286  06/16/2022 000-03677288  06/16/2022 000-03708072  06/16/2022 000-03716845  06/16/2022 000-03716853  06/16/2022 000-03748594  06/16/2022 000-03764305  06/16/2022 000-03764316  06/16/2022 000-03772706  06/16/2022 000-03779736  06/16/2022 000-03782493  06/16/2022 000-03803059  07/31/2022 000-03818683  07/31/2022 000-03825447  07/31/2022 000-03848323  07/31/2022 000-03871791  07/31/2022 000-03876255  07/31/2022 000-03885628  09/11/2022 000-03896415  09/11/2022 000-03926412  09/11/2022 000-03926420  09/11/2022 000-03946462  09/11/2022 000-03979101  09/11/2022 000-03991884  09/11/2022 000-04015232  09/11/2022 000-03667201  06/16/2022 000-03708056  06/16/2022 000-03708070  06/16/2022 000-03726881  06/16/2022 000-03740273  06/16/2022 000-03762240  06/16/2022 000-03766279  06/16/2022 000-03785865  06/16/2022 000-03788211  06/16/2022 000-03788221  06/16/2022 000-03800763  07/31/2022 000-03820509  07/31/2022 000-03846751  07/31/2022 000-03859873  07/31/2022 000-03864704  07/31/2022 000-03866862  07/31/2022 000-03883815  09/11/2022 000-03914766  09/11/2022 000-03926408  09/11/2022 000-03946470  09/11/2022 000-04004609  09/11/2022 000-04024926  09/11/2022 000-04025374  09/11/2022 000-03666080  06/16/2022 000-03671867  06/16/2022 000-03671870  06/16/2022 000-03674916  06/16/2022 000-03682180  06/16/2022 000-03689387  06/16/2022 000-03702999  06/16/2022 000-03704556  06/16/2022 000-03729391  06/16/2022 000-03730497  06/16/2022 000-03757170  06/16/2022 000-03763885  06/16/2022 000-03764313  06/16/2022 000-03770575  06/16/2022 000-03773632  06/16/2022 000-03779729  06/16/2022 000-03790148  07/31/2022 000-03795839  07/31/2022 000-03809046  07/31/2022 000-03810372  07/31/2022 000-03814325  07/31/2022 000-03821647  07/31/2022 000-03825443  07/31/2022 000-03826450  07/31/2022 000-03832512  07/31/2022 000-03841829  07/31/2022 000-03848314  07/31/2022 000-03859865  07/31/2022 000-03859876  07/31/2022 000-03862241  07/31/2022 000-03915946  09/11/2022 000-03918296  09/11/2022 000-03918300  09/11/2022 000-03924232  09/11/2022 000-03934923  09/11/2022 000-03939467  09/11/2022 000-03953360  09/11/2022 000-03953362  09/11/2022 000-03973133  09/11/2022 000-04013101  09/11/2022 000-04025344  09/11/2022 000-03632519  06/16/2022 000-03749866  07/31/2022 000-03860723  09/11/2022 000-03986060  09/11/2022 000-03666079  06/16/2022 000-03677289  06/16/2022 000-03689381  06/16/2022 000-03689386  06/16/2022 000-03696586  06/16/2022 000-03713265  06/16/2022 000-03740272  06/16/2022 000-03742673  06/16/2022 000-03748621  06/16/2022 000-03762234  06/16/2022 000-03766287  06/16/2022 000-03786265  06/16/2022 000-03806100  07/31/2022 000-03818687  07/31/2022 000-03823027  07/31/2022 000-03832664  07/31/2022 000-03837353  07/31/2022 000-03873464  07/31/2022 000-03896407  09/11/2022 000-03914777  09/11/2022 000-03927968  09/11/2022 000-03927969  09/11/2022 000-03948041  09/11/2022 000-03962529  09/11/2022 000-03973130  09/11/2022 000-03994845  09/11/2022 000-03995394  09/11/2022 000-04002294  09/11/2022 000-04007495  09/11/2022 000-04014717  09/11/2022 000-03770343  06/16/2022 000-03841818  07/31/2022 000-03928552  09/11/2022 000-03704563  06/16/2022 000-03708058  06/16/2022 000-03713259  06/16/2022 000-03716846  06/16/2022 000-03720655  06/16/2022 000-03734235  06/16/2022 000-03735459  06/16/2022 000-03751453  06/16/2022 000-03751454  06/16/2022 000-03754046  06/16/2022 000-03766290  06/16/2022 000-03770577  06/16/2022 000-03772703  06/16/2022 000-03773635  06/16/2022 000-03777031  06/16/2022 000-03785867  06/16/2022 000-03790153  07/31/2022 000-03835545  07/31/2022 000-03835550  07/31/2022 000-03837995  07/31/2022 000-03849157  07/31/2022 000-03870660  07/31/2022 000-03870661  07/31/2022 000-03907201  09/11/2022 000-03909163  09/11/2022 000-03927970  09/11/2022 000-03937874  09/11/2022 000-03940743  09/11/2022 000-03944510  09/11/2022 000-03957533  09/11/2022 000-03958411  09/11/2022 000-03967040  09/11/2022 000-03991878  09/11/2022 000-04001359  09/11/2022 000-04010205  09/11/2022 000-04010213  09/11/2022 000-04013933  09/11/2022 000-04014712  09/11/2022 000-03666076  06/16/2022 000-03671863  06/16/2022 000-03674913  06/16/2022 000-03677285  06/16/2022 000-03677287  06/16/2022 000-03678194  06/16/2022 000-03687359  06/16/2022 000-03689384  06/16/2022 000-03704560  06/16/2022 000-03704561  06/16/2022 000-03708061  06/16/2022 000-03711759  06/16/2022 000-03726880  06/16/2022 000-03738133  06/16/2022 000-03748629  06/16/2022 000-03751457  06/16/2022 000-03762239  06/16/2022 000-03764309  06/16/2022 000-03764315  06/16/2022 000-03770579  06/16/2022 000-03777001  06/16/2022 000-03788223  06/16/2022 000-03789288  07/31/2022 000-03792029  07/31/2022 000-03799122  07/31/2022 000-03799842  07/31/2022 000-03802353  07/31/2022 000-03808608  07/31/2022 000-03809853  07/31/2022 000-03812138  07/31/2022 000-03818690  07/31/2022 000-03818692  07/31/2022 000-03820520  07/31/2022 000-03823935  07/31/2022 000-03824548  07/31/2022 000-03844974  07/31/2022 000-03847283  07/31/2022 000-03848322  07/31/2022 000-03859866  07/31/2022 000-03873462  07/31/2022 000-03876775  07/31/2022 000-03878738  07/31/2022 000-03878742  07/31/2022 000-03890413  09/11/2022 000-03896413  09/11/2022 000-03896416  09/11/2022 000-03900749  09/11/2022 000-03907209  09/11/2022 000-03918297  09/11/2022 000-03930276  09/11/2022 000-03936228  09/11/2022 000-03936230  09/11/2022 000-03942698  09/11/2022 000-03953356  09/11/2022 000-03953365  09/11/2022 000-03967029  09/11/2022 000-03969244  09/11/2022 000-03972649  09/11/2022 000-03981288  09/11/2022 000-03985302  09/11/2022 000-03990841  09/11/2022 000-04004613  09/11/2022 000-04007493  09/11/2022 000-04007497  09/11/2022 000-04015234  09/11/2022 000-03632517  06/16/2022 000-03726424  06/16/2022 000-03734075  06/16/2022 000-03749864  07/31/2022 000-03857935  07/31/2022 000-03860720  09/11/2022 000-03862539  07/31/2022 000-03961653  09/11/2022 000-03986033  09/11/2022 000-03689378  06/16/2022 000-03708066  06/16/2022 000-03722752  06/16/2022 000-03726883  06/16/2022 000-03740260  06/16/2022 000-03766277  06/16/2022 000-03782496  06/16/2022 000-03799841  07/31/2022 000-03870664  07/31/2022 000-03890493  09/11/2022 000-03970330  09/11/2022 000-04024927  09/11/2022 000-03663670  06/16/2022 000-03697334  06/16/2022 000-03714050  06/16/2022 000-03766280  06/16/2022 000-03792023  07/31/2022 000-03844971  07/31/2022 000-03848320  07/31/2022 000-03859867  07/31/2022 000-03871813  07/31/2022 000-04004607  09/11/2022 000-03663656  06/16/2022 000-03694166  06/16/2022 000-03704553  06/16/2022 000-03704559  06/16/2022 000-03714049  06/16/2022 000-03716842  06/16/2022 000-03722191  06/16/2022 000-03824546  07/31/2022 000-03849166  07/31/2022 000-03859861  07/31/2022 000-03859869  07/31/2022 000-03870668  07/31/2022 000-03890391  09/11/2022 000-03905799  09/11/2022 000-03930271  09/11/2022 000-03995392  09/11/2022 000-03995414  09/11/2022 000-04004604  09/11/2022 000-04013106  09/11/2022 000-03667203  06/16/2022 000-03667205  06/16/2022 000-03684114  06/16/2022 000-03703321  06/16/2022 000-03708073  06/16/2022 000-03714052  06/16/2022 000-03726875  06/16/2022 000-03733022  06/16/2022 000-03738021  06/16/2022 000-03762227  06/16/2022 000-03762230  06/16/2022 000-03762238  06/16/2022 000-03764312  06/16/2022 000-03766286  06/16/2022 000-03772707  06/16/2022 000-03779735  06/16/2022 000-03788215  06/16/2022 000-03798733  07/31/2022 000-03806094  07/31/2022 000-03813462  07/31/2022 000-03830549  07/31/2022 000-03836004  07/31/2022 000-03847284  07/31/2022 000-03859978  07/31/2022 000-03864705  07/31/2022 000-03866856  07/31/2022 000-03879670  07/31/2022 000-03882589  07/31/2022 000-03883825  09/11/2022 000-03896405  09/11/2022 000-03900753  09/11/2022 000-03918298  09/11/2022 000-03926413  09/11/2022 000-03946467  09/11/2022 000-03953352  09/11/2022 000-03958398  09/11/2022 000-03970844  09/11/2022 000-03971919  09/11/2022 000-03983378  09/11/2022 000-04000832  09/11/2022 000-04002291  09/11/2022 000-04007821  09/11/2022 000-04015230  09/11/2022 000-04023577  09/11/2022 000-04036244  09/11/2022 000-03682173  06/16/2022 000-03762226  06/16/2022 000-03766289  06/16/2022 000-03905782  09/11/2022 000-03968698  09/11/2022 000-04024638  09/11/2022 000-03726884  06/16/2022 000-03748642  06/16/2022 000-03802282  07/31/2022 000-03857661  07/31/2022 000-03866861  07/31/2022 000-03909165  09/11/2022 000-03918302  09/11/2022 000-03972644  09/11/2022 000-03632518  06/16/2022 000-03749865  07/31/2022 000-03843343  07/31/2022 000-03860722  09/11/2022 000-03754044  06/16/2022 000-03798599  07/31/2022 000-03807508  07/31/2022 000-03829495  07/31/2022 000-03953366  09/11/2022 000-04010192  09/11/2022 000-04010215  09/11/2022 000-03671864  06/16/2022 000-03714055  06/16/2022 000-03714057  06/16/2022 000-03714059  06/16/2022 000-03722750  06/16/2022 000-03733014  06/16/2022 000-03735469  06/16/2022 000-03751446  06/16/2022 000-03770585  06/16/2022 000-03788216  06/16/2022 000-03812135  07/31/2022 000-03864708  07/31/2022 000-03870659  07/31/2022 000-03871780  07/31/2022 000-03881360  07/31/2022 000-03926409  09/11/2022 000-03930403  09/11/2022 000-03953355  09/11/2022 000-03960574  09/11/2022 000-03971031  09/11/2022 000-03983381  09/11/2022 000-03983611  09/11/2022 000-04019119  09/11/2022 000-04023588  09/11/2022 000-03671980  06/12/2022 000-03713253  06/12/2022 000-03726744  06/12/2022 000-03748636  06/12/2022 000-03773625  06/12/2022 000-03805453  08/07/2022 000-03806060  06/12/2022 000-03815932  08/07/2022 000-03899183  08/07/2022 000-03925229  09/30/2022 000-03936233  09/30/2022 000-04013473  09/30/2022 000-04046298  09/30/2022 000-04049640  09/30/2022 000-03713213  06/12/2022 000-03748875  06/12/2022 000-03783364  06/12/2022 000-03896746  08/07/2022 000-03925230  09/30/2022 000-03942696  09/30/2022 000-03953364  09/30/2022 000-04035681  09/30/2022 000-04046049  09/30/2022 000-04046301  09/30/2022 000-03844965  08/07/2022 000-03844966  08/07/2022 000-03848316  08/07/2022 000-03874389  08/07/2022 000-03953357  09/30/2022 000-03970641  09/30/2022 000-04057996  09/30/2022 000-03619398  06/12/2022 000-03753219  06/12/2022 000-03768242  08/07/2022 000-03868696  08/07/2022 000-03921508  09/30/2022 000-03671983  06/12/2022 000-03702144  06/12/2022 000-03717611  06/12/2022 000-03725665  06/12/2022 000-03726745  06/12/2022 000-03729381  06/12/2022 000-03729383  06/12/2022 000-03733015  06/12/2022 000-03748857  06/12/2022 000-03754048  06/12/2022 000-03770180  06/12/2022 000-03777116  06/12/2022 000-03779731  06/12/2022 000-03789225  06/12/2022 000-03807772  08/07/2022 000-03807773  08/07/2022 000-03814328  08/07/2022 000-03816077  08/07/2022 000-03824151  08/07/2022 000-03838017  08/07/2022 000-03844975  08/07/2022 000-03885631  08/07/2022 000-03899194  08/07/2022 000-03902165  09/30/2022 000-03925227  09/30/2022 000-03936231  09/30/2022 000-03953359  09/30/2022 000-03987213  09/30/2022 000-03990827  09/30/2022 000-03990829  09/30/2022 000-03991879  09/30/2022 000-04001969  09/30/2022 000-04007489  09/30/2022 000-04007498  09/30/2022 000-04007499  09/30/2022 000-04016868  09/30/2022 000-03726757  06/12/2022 000-03733016  06/12/2022 000-03821145  08/07/2022 000-03821157  08/07/2022 000-03859981  08/07/2022 000-03925228  09/30/2022 000-04001972  09/30/2022 000-03819494  08/07/2022 000-03925231  09/30/2022 000-03976771  09/30/2022 000-03686297  06/12/2022 000-03696587  06/12/2022 000-03715191  06/12/2022 000-03798194  06/12/2022 000-03804383  08/07/2022 000-03829764  08/07/2022 000-03854305  08/07/2022 000-03880609  08/07/2022 000-03925223  09/30/2022 000-04046044  09/30/2022 000-03619397  06/12/2022 000-03768243  08/07/2022 000-03891004  08/07/2022 000-03921509  09/30/2022 000-03686314  06/12/2022 000-03789215  06/12/2022 000-03816083  08/07/2022 000-03902151  08/07/2022 000-03925222  09/30/2022 000-03925226  09/30/2022 000-04001980  09/30/2022 000-04024957  09/30/2022 000-03689379  06/12/2022 000-03696578  06/12/2022 000-03705221  06/12/2022 000-03740231  06/12/2022 000-03743280  06/12/2022 000-03748858  06/12/2022 000-03754055  06/12/2022 000-03777034  06/12/2022 000-03798011  06/12/2022 000-03800022  06/12/2022 000-03859971  08/07/2022 000-03874390  08/07/2022 000-03889944  08/07/2022 000-03889945  08/07/2022 000-03896749  08/07/2022 000-03925232  09/30/2022 000-03953354  09/30/2022 000-03987035  09/30/2022 000-04010772  09/30/2022 000-04038013  09/30/2022 000-04046043  09/30/2022 000-04059747  09/30/2022 000-03619399  06/12/2022 000-03768244  08/07/2022 000-03886491  08/07/2022 000-03921510  09/30/2022 000-03729384  06/12/2022 000-03778001  06/12/2022 000-03813457  08/07/2022 000-03816075  08/07/2022 000-03946474  09/30/2022 000-04001978  09/30/2022 000-03705213  06/12/2022 000-03748863  06/12/2022 000-03754045  06/12/2022 000-03778008  06/12/2022 000-03835554  08/07/2022 000-03857679  08/07/2022 000-03939470  09/30/2022 000-03953358  09/30/2022 000-03964212  09/30/2022 000-03979819  09/30/2022 000-03991891  09/30/2022 000-03677265  06/12/2022 000-03678190  06/12/2022 000-03686280  06/12/2022 000-03689382  06/12/2022 000-03689390  06/12/2022 000-03702143  06/12/2022 000-03702879  06/12/2022 000-03705224  06/12/2022 000-03713189  06/12/2022 000-03713218  06/12/2022 000-03717602  06/12/2022 000-03718485  06/12/2022 000-03722940  06/12/2022 000-03726739  06/12/2022 000-03726752  06/12/2022 000-03734627  06/12/2022 000-03743304  06/12/2022 000-03748859  06/12/2022 000-03748866  06/12/2022 000-03748871  06/12/2022 000-03758467  06/12/2022 000-03766673  06/12/2022 000-03770175  06/12/2022 000-03779440  06/12/2022 000-03779741  06/12/2022 000-03800502  08/07/2022 000-03800503  06/12/2022 000-03803058  08/07/2022 000-03807375  08/07/2022 000-03807383  08/07/2022 000-03835544  08/07/2022 000-03838020  08/07/2022 000-03838021  08/07/2022 000-03848321  08/07/2022 000-03855618  08/07/2022 000-03859844  08/07/2022 000-03859972  08/07/2022 000-03859979  08/07/2022 000-03862153  08/07/2022 000-03868547  08/07/2022 000-03868555  08/07/2022 000-03870713  08/07/2022 000-03882842  08/07/2022 000-03889939  08/07/2022 000-03895193  08/07/2022 000-03896750  08/07/2022 000-03897800  08/07/2022 000-03899444  08/07/2022 000-03902155  08/07/2022 000-03936226  09/30/2022 000-03953353  09/30/2022 000-03961074  09/30/2022 000-03963299  09/30/2022 000-03968687  09/30/2022 000-03969243  09/30/2022 000-03970649  09/30/2022 000-03976772  09/30/2022 000-03978279  09/30/2022 000-03987036  09/30/2022 000-03989721  09/30/2022 000-03991885  09/30/2022 000-03995390  09/30/2022 000-03995402  09/30/2022 000-04016915  09/30/2022 000-03722489  06/12/2022 000-03740232  06/12/2022 000-03743302  06/12/2022 000-03797106  06/12/2022 000-03807774  08/07/2022 000-03826748  08/07/2022 000-03883882  08/07/2022 000-03896754  08/07/2022 000-03925225  09/30/2022 000-04012157  09/30/2022 000-04013477  09/30/2022 000-04024443  09/30/2022 000-04046045  09/30/2022 000-03619400  06/12/2022 000-03749818  06/12/2022 000-03768245  08/07/2022 000-03886492  08/07/2022 000-03921511  09/30/2022 000-03671982  06/12/2022 000-03715184  06/12/2022 000-03740228  06/12/2022 000-03778000  06/12/2022 000-03789211  06/12/2022 000-03790787  06/12/2022 000-03794362  06/12/2022 000-03819498  08/07/2022 000-03823238  08/07/2022 000-03844977  08/07/2022 000-03854307  08/07/2022 000-03870914  08/07/2022 000-03876223  08/07/2022 000-03876475  08/07/2022 000-03947764  09/30/2022 000-03971920  09/30/2022 000-03995416  09/30/2022 000-04000829  09/30/2022 000-04007487  09/30/2022 000-04015231  09/30/2022 000-03688105  06/11/2022 000-03865062  08/29/2022 000-03906325  08/29/2022 000-03690272  06/27/2022 000-03711024  06/27/2022 000-03734302  06/27/2022 000-03736600  06/27/2022 000-03755307  06/27/2022 000-03782381  08/03/2022 000-03820523  08/03/2022 000-03835534  08/03/2022 000-03873950  09/06/2022 000-03930280  09/06/2022 000-03946975  09/06/2022 000-03690260  06/27/2022 000-03722503  06/27/2022 000-03777046  08/03/2022 000-03782391  08/03/2022 000-03823813  08/03/2022 000-03838192  08/03/2022 000-03851356  08/03/2022 000-03859592  08/03/2022 000-03896418  09/06/2022 000-03896431  09/06/2022 000-03926091  09/06/2022 000-03674002  06/27/2022 000-03692424  06/27/2022 000-03696048  06/27/2022 000-03726747  06/27/2022 000-03726748  06/27/2022 000-03727889  06/27/2022 000-03748864  06/27/2022 000-03770176  06/27/2022 000-03805524  08/03/2022 000-03838193  08/03/2022 000-03844983  08/03/2022 000-03848643  08/03/2022 000-03859593  08/03/2022 000-03862049  09/06/2022 000-03888298  09/06/2022 000-03905586  09/06/2022 000-03914774  09/06/2022 000-03919492  09/06/2022 000-03922011  09/06/2022 000-03938160  09/06/2022 000-03949449  09/06/2022 000-03955960  09/06/2022 000-03960004  09/06/2022 000-03747230  06/27/2022 000-03789521  08/03/2022 000-03798203  08/03/2022 000-03846603  08/03/2022 000-03859591  08/03/2022 000-03875254  09/06/2022 000-03909768  09/06/2022 000-03953610  09/06/2022 000-03681985  06/27/2022 000-03690281  06/27/2022 000-03693624  06/27/2022 000-03696042  06/27/2022 000-03699689  06/27/2022 000-03704598  06/27/2022 000-03704606  06/27/2022 000-03713078  06/27/2022 000-03713085  06/27/2022 000-03726741  06/27/2022 000-03734300  06/27/2022 000-03747233  06/27/2022 000-03748868  06/27/2022 000-03752077  06/27/2022 000-03761278  06/27/2022 000-03761280  06/27/2022 000-03764963  06/27/2022 000-03764971  06/27/2022 000-03772738  08/03/2022 000-03782382  08/03/2022 000-03782389  08/03/2022 000-03785731  08/03/2022 000-03792252  08/03/2022 000-03795643  08/03/2022 000-03799120  08/03/2022 000-03808030  08/03/2022 000-03821700  08/03/2022 000-03821706  08/03/2022 000-03829486  08/03/2022 000-03832143  08/03/2022 000-03836909  08/03/2022 000-03836910  08/03/2022 000-03840819  08/03/2022 000-03844987  08/03/2022 000-03862046  09/06/2022 000-03870721  09/06/2022 000-03873947  09/06/2022 000-03875253  09/06/2022 000-03876486  09/06/2022 000-03881333  09/06/2022 000-03896421  09/06/2022 000-03896807  09/06/2022 000-03905581  09/06/2022 000-03911950  09/06/2022 000-03911951  09/06/2022 000-03914465  09/06/2022 000-03914772  09/06/2022 000-03920249  09/06/2022 000-03932056  09/06/2022 000-03932061  09/06/2022 000-03935686  09/06/2022 000-03938158  09/06/2022 000-03944508  09/06/2022 000-03946464  09/06/2022 000-03949446  09/06/2022 000-03949448  09/06/2022 000-03949452  09/06/2022 000-03949456  09/06/2022 000-03952416  09/06/2022 000-03953605  09/06/2022 000-03676646  06/27/2022 000-03676648  06/27/2022 000-03676661  06/27/2022 000-03678219  06/27/2022 000-03681981  06/27/2022 000-03690249  06/27/2022 000-03693610  06/27/2022 000-03693623  06/27/2022 000-03693626  06/27/2022 000-03693630  06/27/2022 000-03696041  06/27/2022 000-03702885  06/27/2022 000-03704601  06/27/2022 000-03705235  06/27/2022 000-03705236  06/27/2022 000-03711292  06/27/2022 000-03718074  06/27/2022 000-03722743  06/27/2022 000-03722749  06/27/2022 000-03722754  06/27/2022 000-03726740  06/27/2022 000-03726750  06/27/2022 000-03727891  06/27/2022 000-03729369  06/27/2022 000-03731531  06/27/2022 000-03731537  06/27/2022 000-03732777  06/27/2022 000-03732779  06/27/2022 000-03735447  06/27/2022 000-03736865  06/27/2022 000-03736867  06/27/2022 000-03737265  06/27/2022 000-03738711  06/27/2022 000-03740188  06/27/2022 000-03740189  06/27/2022 000-03740191  06/27/2022 000-03740194  06/27/2022 000-03740196  06/27/2022 000-03743278  06/27/2022 000-03747226  06/27/2022 000-03747228  06/27/2022 000-03747231  06/27/2022 000-03748861  06/27/2022 000-03748862  06/27/2022 000-03748870  06/27/2022 000-03748872  06/27/2022 000-03752084  06/27/2022 000-03761247  06/27/2022 000-03761249  06/27/2022 000-03761255  06/27/2022 000-03761272  06/27/2022 000-03764966  06/27/2022 000-03770174  06/27/2022 000-03770179  06/27/2022 000-03770183  06/27/2022 000-03770186  06/27/2022 000-03771289  08/03/2022 000-03772739  08/03/2022 000-03773862  08/03/2022 000-03774928  08/03/2022 000-03777066  08/03/2022 000-03777114  08/03/2022 000-03777122  08/03/2022 000-03777359  08/03/2022 000-03777373  08/03/2022 000-03777378  08/03/2022 000-03782380  08/03/2022 000-03782383  08/03/2022 000-03785724  08/03/2022 000-03785727  08/03/2022 000-03785734  08/03/2022 000-03785735  08/03/2022 000-03786606  08/03/2022 000-03792462  08/03/2022 000-03793054  08/03/2022 000-03794366  08/03/2022 000-03798364  08/03/2022 000-03800685  08/03/2022 000-03805721  08/03/2022 000-03805957  08/03/2022 000-03806212  08/03/2022 000-03809059  08/03/2022 000-03809488  08/03/2022 000-03810246  08/03/2022 000-03810906  08/03/2022 000-03812762  08/03/2022 000-03816072  08/03/2022 000-03816081  08/03/2022 000-03819511  08/03/2022 000-03819515  08/03/2022 000-03819517  08/03/2022 000-03819518  08/03/2022 000-03819521  08/03/2022 000-03820513  08/03/2022 000-03820515  08/03/2022 000-03821124  08/03/2022 000-03822848  08/03/2022 000-03823811  08/03/2022 000-03825018  08/03/2022 000-03825836  08/03/2022 000-03826641  08/03/2022 000-03826643  08/03/2022 000-03827181  08/03/2022 000-03828676  08/03/2022 000-03835531  08/03/2022 000-03835540  08/03/2022 000-03836904  08/03/2022 000-03839536  08/03/2022 000-03839539  08/03/2022 000-03844978  08/03/2022 000-03844985  08/03/2022 000-03846604  08/03/2022 000-03848646  08/03/2022 000-03857145  08/03/2022 000-03857170  08/03/2022 000-03859588  09/06/2022 000-03859595  09/06/2022 000-03862047  09/06/2022 000-03862048  09/06/2022 000-03863822  09/06/2022 000-03866858  09/06/2022 000-03870718  09/06/2022 000-03870726  09/06/2022 000-03870728  09/06/2022 000-03871781  09/06/2022 000-03875246  09/06/2022 000-03877419  09/06/2022 000-03883002  09/06/2022 000-03888300  09/06/2022 000-03888302  09/06/2022 000-03895778  09/06/2022 000-03895784  09/06/2022 000-03896422  09/06/2022 000-03896429  09/06/2022 000-03896803  09/06/2022 000-03907230  09/06/2022 000-03907231  09/06/2022 000-03909764  09/06/2022 000-03909769  09/06/2022 000-03911952  09/06/2022 000-03912879  09/06/2022 000-03914775  09/06/2022 000-03914778  09/06/2022 000-03919487  09/06/2022 000-03919489  09/06/2022 ,000-03909741  09/15/2022 000-03977986  09/15/2022 000-03990820  09/15/2022 000-03866210  07/19/2022 000-03857090  07/14/2022 000-03607821  06/09/2022 000-03610005  06/09/2022 000-03614069  06/13/2022 000-03616678  06/12/2022 000-03622010  06/14/2022 000-03628770  06/19/2022 000-03629600  06/19/2022 000-03633553  06/19/2022 000-03643127  06/21/2022 000-03646464  06/25/2022 000-03652389  06/27/2022 000-03659872  06/29/2022 000-03661554  07/02/2022 000-03675168  07/05/2022 000-03676109  07/06/2022 000-03681027  07/09/2022 000-03685901  07/13/2022 000-03695004  07/13/2022 000-03697624  07/14/2022 000-03708002  07/18/2022 000-03719628  07/23/2022 000-03726306  07/24/2022 000-03726660  07/24/2022 000-03729554  07/26/2022 000-03735965  07/30/2022 000-03744857  08/02/2022 000-03751499  08/03/2022 000-03755046  08/06/2022 000-03758726  08/07/2022 000-03764244  08/08/2022 000-03774719  08/13/2022 000-03777110  08/11/2022 000-03777950  08/14/2022 000-03786573  08/16/2022 000-03791955  08/20/2022 000-03797276  08/21/2022 000-03811164  08/27/2022 000-03825865  08/31/2022 000-03841812  09/06/2022 000-03859659  09/12/2022 000-03863133  09/13/2022 000-03870322  09/15/2022 000-03871678  09/18/2022 000-03882986  09/24/2022 000-03902385  09/27/2022 000-03906675  09/29/2022 000-03697256  07/12/2022 000-03729888  07/23/2022 000-03766183  06/09/2022 000-03865670  07/18/2022 000-03776042  06/13/2022 000-03886146  07/26/2022 000-03680526  07/06/2022 000-03695252  06/29/2022 000-03710438  07/18/2022 000-03710449  07/18/2022 000-03814150  08/18/2022 000-03852499  09/09/2022 000-03875013  09/17/2022 000-03885009  09/20/2022 000-03885010  09/20/2022 000-03717270  06/11/2022 000-03764363  06/11/2022 000-03880518  07/19/2022 000-03880520  07/19/2022 000-03621021  06/13/2022 000-03743619  06/06/2022 000-03865265  09/13/2022 000-03806565  06/11/2022 000-03864345  07/19/2022 000-03870722  07/19/2022 000-03870719  07/19/2022 000-03694168  06/11/2022 000-03771174  06/11/2022 000-03810223  07/19/2022 000-03856132  07/19/2022 000-03877389  07/19/2022 000-03877391  07/19/2022 000-03881355  07/19/2022 000-03936685  07/19/2022 000-03702765  06/11/2022 000-03733442  06/11/2022 000-03842261  06/11/2022 000-03883981  07/19/2022 000-03789391  06/18/2022 000-03797362  06/23/2022 000-03887660  07/28/2022 000-03828699  07/03/2022 000-03868162  07/20/2022,000-03909741  09/15/2022 000-03977986  09/15/2022 000-03990820  09/15/2022 000-03866210  07/19/2022 000-03857090  07/14/2022 000-03607821  06/09/2022 000-03610005  06/09/2022 000-03614069  06/13/2022 000-03616678  06/12/2022 000-03622010  06/14/2022 000-03628770  06/19/2022 000-03629600  06/19/2022 000-03633553  06/19/2022 000-03643127  06/21/2022 000-03646464  06/25/2022 000-03652389  06/27/2022 000-03659872  06/29/2022 000-03661554  07/02/2022 000-03675168  07/05/2022 000-03676109  07/06/2022 000-03681027  07/09/2022 000-03685901  07/13/2022 000-03695004  07/13/2022 000-03697624  07/14/2022 000-03708002  07/18/2022 000-03719628  07/23/2022 000-03726306  07/24/2022 000-03726660  07/24/2022 000-03729554  07/26/2022 000-03735965  07/30/2022 000-03744857  08/02/2022 000-03751499  08/03/2022 000-03755046  08/06/2022 000-03758726  08/07/2022 000-03764244  08/08/2022 000-03774719  08/13/2022 000-03777110  08/11/2022 000-03777950  08/14/2022 000-03786573  08/16/2022 000-03791955  08/20/2022 000-03797276  08/21/2022 000-03811164  08/27/2022 000-03825865  08/31/2022 000-03841812  09/06/2022 000-03859659  09/12/2022 000-03863133  09/13/2022 000-03870322  09/15/2022 000-03871678  09/18/2022 000-03882986  09/24/2022 000-03902385  09/27/2022 000-03906675  09/29/2022 000-03697256  07/12/2022 000-03729888  07/23/2022 000-03766183  06/09/2022 000-03865670  07/18/2022 000-03776042  06/13/2022 000-03886146  07/26/2022 000-03680526  07/06/2022 000-03695252  06/29/2022 000-03710438  07/18/2022 000-03710449  07/18/2022 000-03814150  08/18/2022 000-03852499  09/09/2022 000-03875013  09/17/2022 000-03885009  09/20/2022 000-03885010  09/20/2022 000-03717270  06/11/2022 000-03764363  06/11/2022 000-03880518  07/19/2022 000-03880520  07/19/2022 000-03621021  06/13/2022 000-03743619  06/06/2022 000-03865265  09/13/2022 000-03806565  06/11/2022 000-03864345  07/19/2022 000-03870722  07/19/2022 000-03870719  07/19/2022 000-03694168  06/11/2022 000-03771174  06/11/2022 000-03810223  07/19/2022 000-03856132  07/19/2022 000-03877389  07/19/2022 000-03877391  07/19/2022 000-03881355  07/19/2022 000-03936685  07/19/2022 000-03702765  06/11/2022 000-03733442  06/11/2022 000-03842261  06/11/2022 000-03883981  07/19/2022 000-03789391  06/18/2022 000-03797362  06/23/2022 000-03887660  07/28/2022 000-03828699  07/03/2022 000-03868162  07/20/2022,000-03909741  09/15/2022 000-03977986  09/15/2022 000-03990820  09/15/2022 000-03866210  07/19/2022 000-03857090  07/14/2022 000-03607821  06/09/2022 000-03610005  06/09/2022 000-03614069  06/13/2022 000-03616678  06/12/2022 000-03622010  06/14/2022 000-03628770  06/19/2022 000-03629600  06/19/2022 000-03633553  06/19/2022 000-03643127  06/21/2022 000-03646464  06/25/2022 000-03652389  06/27/2022 000-03659872  06/29/2022 000-03661554  07/02/2022 000-03675168  07/05/2022 000-03676109  07/06/2022 000-03681027  07/09/2022 000-03685901  07/13/2022 000-03695004  07/13/2022 000-03697624  07/14/2022 000-03708002  07/18/2022 000-03719628  07/23/2022 000-03726306  07/24/2022 000-03726660  07/24/2022 000-03729554  07/26/2022 000-03735965  07/30/2022 000-03744857  08/02/2022 000-03751499  08/03/2022 000-03755046  08/06/2022 000-03758726  08/07/2022 000-03764244  08/08/2022 000-03774719  08/13/2022 000-03777110  08/11/2022 000-03777950  08/14/2022 000-03786573  08/16/2022 000-03791955  08/20/2022 000-03797276  08/21/2022 000-03811164  08/27/2022 000-03825865  08/31/2022 000-03841812  09/06/2022 000-03859659  09/12/2022 000-03863133  09/13/2022 000-03870322  09/15/2022 000-03871678  09/18/2022 000-03882986  09/24/2022 000-03902385  09/27/2022 000-03906675  09/29/2022 000-03697256  07/12/2022 000-03729888  07/23/2022 000-03766183  06/09/2022 000-03865670  07/18/2022 000-03776042  06/13/2022 000-03886146  07/26/2022 000-03680526  07/06/2022 000-03695252  06/29/2022 000-03710438  07/18/2022 000-03710449  07/18/2022 000-03814150  08/18/2022 000-03852499  09/09/2022 000-03875013  09/17/2022 000-03885009  09/20/2022 000-03885010  09/20/2022 000-03717270  06/11/2022 000-03764363  06/11/2022 000-03880518  07/19/2022 000-03880520  07/19/2022 000-03621021  06/13/2022 000-03743619  06/06/2022 000-03865265  09/13/2022 000-03806565  06/11/2022 000-03864345  07/19/2022 000-03870722  07/19/2022 000-03870719  07/19/2022 000-03694168  06/11/2022 000-03771174  06/11/2022 000-03810223  07/19/2022 000-03856132  07/19/2022 000-03877389  07/19/2022 000-03877391  07/19/2022 000-03881355  07/19/2022 000-03936685  07/19/2022 000-03702765  06/11/2022 000-03733442  06/11/2022 000-03842261  06/11/2022 000-03883981  07/19/2022 000-03789391  06/18/2022 000-03797362  06/23/2022 000-03887660  07/28/2022 000-03828699  07/03/2022 000-03868162  07/20/2022,000-03909741  09/15/2022 000-03977986  09/15/2022 000-03990820  09/15/2022 000-03866210  07/19/2022 000-03857090  07/14/2022 000-03607821  06/09/2022 000-03610005  06/09/2022 000-03614069  06/13/2022 000-03616678  06/12/2022 000-03622010  06/14/2022 000-03628770  06/19/2022 000-03629600  06/19/2022 000-03633553  06/19/2022 000-03643127  06/21/2022 000-03646464  06/25/2022 000-03652389  06/27/2022 000-03659872  06/29/2022 000-03661554  07/02/2022 000-03675168  07/05/2022 000-03676109  07/06/2022 000-03681027  07/09/2022 000-03685901  07/13/2022 000-03695004  07/13/2022 000-03697624  07/14/2022 000-03708002  07/18/2022 000-03719628  07/23/2022 000-03726306  07/24/2022 000-03726660  07/24/2022 000-03729554  07/26/2022 000-03735965  07/30/2022 000-03744857  08/02/2022 000-03751499  08/03/2022 000-03755046  08/06/2022 000-03758726  08/07/2022 000-03764244  08/08/2022 000-03774719  08/13/2022 000-03777110  08/11/2022 000-03777950  08/14/2022 000-03786573  08/16/2022 000-03791955  08/20/2022 000-03797276  08/21/2022 000-03811164  08/27/2022 000-03825865  08/31/2022 000-03841812  09/06/2022 000-03859659  09/12/2022 000-03863133  09/13/2022 000-03870322  09/15/2022 000-03871678  09/18/2022 000-03882986  09/24/2022 000-03902385  09/27/2022 000-03906675  09/29/2022 000-03697256  07/12/2022 000-03729888  07/23/2022 000-03766183  06/09/2022 000-03865670  07/18/2022 000-03776042  06/13/2022 000-03886146  07/26/2022 000-03680526  07/06/2022 000-03695252  06/29/2022 000-03710438  07/18/2022 000-03710449  07/18/2022 000-03814150  08/18/2022 000-03852499  09/09/2022 000-03875013  09/17/2022 000-03885009  09/20/2022 000-03885010  09/20/2022 000-03717270  06/11/2022 000-03764363  06/11/2022 000-03880518  07/19/2022 000-03880520  07/19/2022 000-03621021  06/13/2022 000-03743619  06/06/2022 000-03865265  09/13/2022 000-03806565  06/11/2022 000-03864345  07/19/2022 000-03870722  07/19/2022 000-03870719  07/19/2022 000-03694168  06/11/2022 000-03771174  06/11/2022 000-03810223  07/19/2022 000-03856132  07/19/2022 000-03877389  07/19/2022 000-03877391  07/19/2022 000-03881355  07/19/2022 000-03936685  07/19/2022 000-03702765  06/11/2022 000-03733442  06/11/2022 000-03842261  06/11/2022 000-03883981  07/19/2022 000-03789391  06/18/2022 000-03797362  06/23/2022 000-03887660  07/28/2022 000-03828699  07/03/2022 000-03868162  07/20/2022,000-03909741  09/15/2022 000-03977986  09/15/2022 000-03990820  09/15/2022 000-03866210  07/19/2022 000-03857090  07/14/2022 000-03607821  06/09/2022 000-03610005  06/09/2022 000-03614069  06/13/2022 000-03616678  06/12/2022 000-03622010  06/14/2022 000-03628770  06/19/2022 000-03629600  06/19/2022 000-03633553  06/19/2022 000-03643127  06/21/2022 000-03646464  06/25/2022 000-03652389  06/27/2022 000-03659872  06/29/2022 000-03661554  07/02/2022 000-03675168  07/05/2022 000-03676109  07/06/2022 000-03681027  07/09/2022 000-03685901  07/13/2022 000-03695004  07/13/2022 000-03697624  07/14/2022 000-03708002  07/18/2022 000-03719628  07/23/2022 000-03726306  07/24/2022 000-03726660  07/24/2022 000-03729554  07/26/2022 000-03735965  07/30/2022 000-03744857  08/02/2022 000-03751499  08/03/2022 000-03755046  08/06/2022 000-03758726  08/07/2022 000-03764244  08/08/2022 000-03774719  08/13/2022 000-03777110  08/11/2022 000-03777950  08/14/2022 000-03786573  08/16/2022 000-03791955  08/20/2022 000-03797276  08/21/2022 000-03811164  08/27/2022 000-03825865  08/31/2022 000-03841812  09/06/2022 000-03859659  09/12/2022 000-03863133  09/13/2022 000-03870322  09/15/2022 000-03871678  09/18/2022 000-03882986  09/24/2022 000-03902385  09/27/2022 000-03906675  09/29/2022 000-03697256  07/12/2022 000-03729888  07/23/2022 000-03766183  06/09/2022 000-03865670  07/18/2022 000-03776042  06/13/2022 000-03886146  07/26/2022 000-03680526  07/06/2022 000-03695252  06/29/2022 000-03710438  07/18/2022 000-03710449  07/18/2022 000-03814150  08/18/2022 000-03852499  09/09/2022 000-03875013  09/17/2022 000-03885009  09/20/2022 000-03885010  09/20/2022 000-03717270  06/11/2022 000-03764363  06/11/2022 000-03880518  07/19/2022 000-03880520  07/19/2022 000-03621021  06/13/2022 000-03743619  06/06/2022 000-03865265  09/13/2022 000-03806565  06/11/2022 000-03864345  07/19/2022 000-03870722  07/19/2022 000-03870719  07/19/2022 000-03694168  06/11/2022 000-03771174  06/11/2022 000-03810223  07/19/2022 000-03856132  07/19/2022 000-03877389  07/19/2022 000-03877391  07/19/2022 000-03881355  07/19/2022 000-03936685  07/19/2022 000-03702765  06/11/2022 000-03733442  06/11/2022 000-03842261  06/11/2022 000-03883981  07/19/2022 000-03789391  06/18/2022 000-03797362  06/23/2022 000-03887660  07/28/2022 000-03828699  07/03/2022 000-03868162  07/20/2022,000-03909741  09/15/2022 000-03977986  09/15/2022 000-03990820  09/15/2022 000-03866210  07/19/2022 000-03857090  07/14/2022 000-03607821  06/09/2022 000-03610005  06/09/2022 000-03614069  06/13/2022 000-03616678  06/12/2022 000-03622010  06/14/2022 000-03628770  06/19/2022 000-03629600  06/19/2022 000-03633553  06/19/2022 000-03643127  06/21/2022 000-03646464  06/25/2022 000-03652389  06/27/2022 000-03659872  06/29/2022 000-03661554  07/02/2022 000-03675168  07/05/2022 000-03676109  07/06/2022 000-03681027  07/09/2022 000-03685901  07/13/2022 000-03695004  07/13/2022 000-03697624  07/14/2022 000-03708002  07/18/2022 000-03719628  07/23/2022 000-03726306  07/24/2022 000-03726660  07/24/2022 000-03729554  07/26/2022 000-03735965  07/30/2022 000-03744857  08/02/2022 000-03751499  08/03/2022 000-03755046  08/06/2022 000-03758726  08/07/2022 000-03764244  08/08/2022 000-03774719  08/13/2022 000-03777110  08/11/2022 000-03777950  08/14/2022 000-03786573  08/16/2022 000-03791955  08/20/2022 000-03797276  08/21/2022 000-03811164  08/27/2022 000-03825865  08/31/2022 000-03841812  09/06/2022 000-03859659  09/12/2022 000-03863133  09/13/2022 000-03870322  09/15/2022 000-03871678  09/18/2022 000-03882986  09/24/2022 000-03902385  09/27/2022 000-03906675  09/29/2022 000-03697256  07/12/2022 000-03729888  07/23/2022 000-03766183  06/09/2022 000-03865670  07/18/2022 000-03776042  06/13/2022 000-03886146  07/26/2022 000-03680526  07/06/2022 000-03695252  06/29/2022 000-03710438  07/18/2022 000-03710449  07/18/2022 000-03814150  08/18/2022 000-03852499  09/09/2022 000-03875013  09/17/2022 000-03885009  09/20/2022 000-03885010  09/20/2022 000-03717270  06/11/2022 000-03764363  06/11/2022 000-03880518  07/19/2022 000-03880520  07/19/2022 000-03621021  06/13/2022 000-03743619  06/06/2022 000-03865265  09/13/2022 000-03806565  06/11/2022 000-03864345  07/19/2022 000-03870722  07/19/2022 000-03870719  07/19/2022 000-03694168  06/11/2022 000-03771174  06/11/2022 000-03810223  07/19/2022 000-03856132  07/19/2022 000-03877389  07/19/2022 000-03877391  07/19/2022 000-03881355  07/19/2022 000-03936685  07/19/2022 000-03702765  06/11/2022 000-03733442  06/11/2022 000-03842261  06/11/2022 000-03883981  07/19/2022 000-03789391  06/18/2022 000-03797362  06/23/2022 000-03887660  07/28/2022 000-03828699  07/03/2022 000-03868162  07/20/2022,000-03909741  09/15/2022 000-03977986  09/15/2022 000-03990820  09/15/2022 000-03866210  07/19/2022 000-03857090  07/14/2022 000-03607821  06/09/2022 000-03610005  06/09/2022 000-03614069  06/13/2022 000-03616678  06/12/2022 000-03622010  06/14/2022 000-03628770  06/19/2022 000-03629600  06/19/2022 000-03633553  06/19/2022 000-03643127  06/21/2022 000-03646464  06/25/2022 000-03652389  06/27/2022 000-03659872  06/29/2022 000-03661554  07/02/2022 000-03675168  07/05/2022 000-03676109  07/06/2022 000-03681027  07/09/2022 000-03685901  07/13/2022 000-03695004  07/13/2022 000-03697624  07/14/2022 000-03708002  07/18/2022 000-03719628  07/23/2022 000-03726306  07/24/2022 000-03726660  07/24/2022 000-03729554  07/26/2022 000-03735965  07/30/2022 000-03744857  08/02/2022 000-03751499  08/03/2022 000-03755046  08/06/2022 000-03758726  08/07/2022 000-03764244  08/08/2022 000-03774719  08/13/2022 000-03777110  08/11/2022 000-03777950  08/14/2022 000-03786573  08/16/2022 000-03791955  08/20/2022 000-03797276  08/21/2022 000-03811164  08/27/2022 000-03825865  08/31/2022 000-03841812  09/06/2022 000-03859659  09/12/2022 000-03863133  09/13/2022 000-03870322  09/15/2022 000-03871678  09/18/2022 000-03882986  09/24/2022 000-03902385  09/27/2022 000-03906675  09/29/2022 000-03697256  07/12/2022 000-03729888  07/23/2022 000-03766183  06/09/2022 000-03865670  07/18/2022 000-03776042  06/13/2022 000-03886146  07/26/2022 000-03680526  07/06/2022 000-03695252  06/29/2022 000-03710438  07/18/2022 000-03710449  07/18/2022 000-03814150  08/18/2022 000-03852499  09/09/2022 000-03875013  09/17/2022 000-03885009  09/20/2022 000-03885010  09/20/2022 000-03717270  06/11/2022 000-03764363  06/11/2022 000-03880518  07/19/2022 000-03880520  07/19/2022 000-03621021  06/13/2022 000-03743619  06/06/2022 000-03865265  09/13/2022 000-03806565  06/11/2022 000-03864345  07/19/2022 000-03870722  07/19/2022 000-03870719  07/19/2022 000-03694168  06/11/2022 000-03771174  06/11/2022 000-03810223  07/19/2022 000-03856132  07/19/2022 000-03877389  07/19/2022 000-03877391  07/19/2022 000-03881355  07/19/2022 000-03936685  07/19/2022 000-03702765  06/11/2022 000-03733442  06/11/2022 000-03842261  06/11/2022 000-03883981  07/19/2022 000-03789391  06/18/2022 000-03797362  06/23/2022 000-03887660  07/28/2022 000-03828699  07/03/2022 000-03868162  07/20/2022
Veterinary,No,08/03/2022,90404,Terminated,"Wedgewood Village Pharmacy, LLC",405 Heron Dr Ste 200,N/A,Swedesboro,NJ,	08085-1749,United States,Voluntary: Firm initiated,N/A,to be entered.,V-0210-2022,Class II,Ursodiol Chicken Flavor 50mg Chew Treat URSODI-CHW001VC Ursodiol Chicken Flavor 40mg Chew Treat URSODI-CHW008VC Ursodiol Chicken Flavor 30mg Chew Treat URSODI-CHW012VC Ursodiol Chicken Flavor 60mg Chew Treat URSODI-CHW017VC Ursodiol Chicken Flavor 150mg Chew Treat URSODI-CHW024VC Ursodiol Beef Flavor 80mg Chew Treat URSODI-CHW025VC Ursodiol Chicken Flavor 25mg Chew Treat URSODI-CHW027VC Ursodiol Chicken Flavor 20mg Chew Treat URSODI-CHW028VC Ursodiol Chicken Flavor 100mg Chew Treat URSODI-CHW029VC Ursodiol Chicken Flavor 75mg Chew Treat URSODI-CHW030VC Ursodiol Chicken Flavor 120mg Chew Treat URSODI-CHW039VC Ursodiol Chicken Flavor 250mg Chew Treat URSODI-CHW044VC Ursodiol Chicken Flavor 125mg Chew Treat URSODI-CHW046VC Ursodiol Chicken Flavor 35mg Chew Treat URSODI-CHW052VC Ursodiol Beef Flavor 250mg Chew Treat URSODI-CHW054VC Ursodiol Chicken Flavor 15mg Chew Treat URSODI-CHW056VC Ursodiol Chicken Flavor 80mg Chew Treat URSODI-CHW057VC Ursodiol Chicken Flavor 45mg Chew Treat URSODI-CHW059VC Ursodiol Bacon/Cheddar Flavor 40mg Chew Treat URSODI-CHW061VC Ursodiol Beef 125mg Chew Treat URSODI-CHW062VC Ursodiol Chicken Flavor 62.5mg Chew Treat URSODI-CHW064VC Ursodiol Beef Flavor 300mg Chew Treat URSODI-CHW065VC Ursodiol Chicken Flavor 55mg Chew Treat URSODI-CHW080VC Ursodiol Beef Flavored 25mg Chew Treat URSODI-CHW091VC Ursodiol Beef Flavored 285mg Chew Treat URSODI-CHW093VC Ursodiol Chicken Flavored 300mg Chew Treat URSODI-CHW094VC Ursodiol Chicken Flavored 350mg Chew Treat URSODI-CHW097VC Ursodiol Beef Flavored 400mg Chew Treat URSODI-CHW099VC Ursodiol Beef Flavored 65mg Chew Treat URSODI-CHW102VC Ursodiol Beef Flavored 70mg Chew Treat URSODI-CHW103VC Ursodiol Beef 90mg Chew Treat URSODI-CHW138VC Ursodiol Chicken Flavor 87mg Chew Treat URSODI-CHW142VC Ursodiol 100mg/ml Oral Suspension 15ml Bottle URSODISUS0005VC Ursodiol 300mg/ml Oral Suspension 15ml Bottle URSODISUS0006VC Ursodiol 30mg/ml Oral Suspension 30ml Bottle URSODISUS0008VC Ursodiol 30mg/ml Oral Suspension 60ml Bottle URSODISUS0009VC Ursodiol 30mg/ml Oral Suspension 90ml Bottle URSODISUS0010VC Ursodiol 30mg/ml Oral Suspension 240ml Bottle URSODISUS0012VC Ursodiol 40mg/ml Oral Suspension 30ml Bottle URSODISUS0014VC Ursodiol 40mg/ml Oral Suspension 60ml Bottle URSODISUS0015VC Ursodiol 40mg/ml Oral Suspension 100ml Bottle URSODISUS0016VC Ursodiol 40mg/ml Oral Suspension 240ml Bottle URSODISUS0017VC Ursodiol 45mg/ml Oral Suspension 60ml Bottle URSODISUS0020VC Ursodiol 50mg/ml Oral Suspension 30ml Bottle URSODISUS0025VC Ursodiol 50mg/ml Oral Suspension 60ml Bottle URSODISUS0026VC Ursodiol 50mg/ml Oral Suspension 100ml Bottle URSODISUS0027VC Ursodiol 50mg/ml Oral Suspension 120ml Bottle URSODISUS0028VC Ursodiol 50mg/ml Oral Suspension 180ml Bottle URSODISUS0029VC Ursodiol 50mg/ml Oral Suspension 240ml Bottle URSODISUS0030VC Ursodiol 55mg/ml Oral Suspension 30ml Bottle URSODISUS0032VC Ursodiol 60mg/ml Oral Suspension 30ml Bottle URSODISUS0037VC Ursodiol 60mg/ml Oral Suspension 45ml Bottle URSODISUS0038VC Ursodiol 60mg/ml Oral Suspension 60ml Bottle URSODISUS0039VC Ursodiol 60mg/ml Oral Suspension 90ml Bottle URSODISUS0040VC Ursodiol 60mg/ml Oral Suspension 100ml Bottle URSODISUS0041VC Ursodiol 60mg/ml Oral Suspension 240ml Bottle URSODISUS0042VC Ursodiol 65mg/ml Oral Suspension 30ml Bottle URSODISUS0045VC Ursodiol 65mg/ml Oral Suspension 60ml Bottle URSODISUS0046VC Ursodiol 65mg/ml Oral Suspension 100ml Bottle URSODISUS0047VC Ursodiol 75mg/ml Oral Suspension 30ml Bottle URSODISUS0050VC Ursodiol 75mg/ml Oral Suspension 60ml Bottle URSODISUS0051VC Ursodiol 75mg/ml Oral Suspension 100ml Bottle URSODISUS0052VC Ursodiol 75mg/ml Oral Suspension 240ml Bottle URSODISUS0053VC Ursodiol 100mg/ml Oral Suspension 30ml Bottle URSODISUS0055VC Ursodiol 100mg/ml Oral Suspension 40ml Bottle URSODISUS0056VC Ursodiol 100mg/ml Oral Suspension 60ml Bottle URSODISUS0057VC Ursodiol 100mg/ml Oral Suspension 100ml Bottle URSODISUS0058VC Ursodiol 100mg/ml Oral Suspension 120ml Bottle URSODISUS0059VC U,18119 units,Insanitary conditions.,07/05/2022,08/03/2022,04/22/2024,08/03/2022,000-03779427  07/26/2022 000-03786665  07/26/2022 000-03893243  07/26/2022 000-03718006  06/14/2022 000-03803848  08/05/2022 000-03933101  08/05/2022 000-03677717  06/10/2022 000-03744667  06/10/2022 000-03833414  07/26/2022 000-03822105  08/14/2022 000-03897798  08/14/2022 000-03983445  09/28/2022 000-03768335  06/12/2022 000-03864349  08/14/2022 000-03940731  08/14/2022 000-03885200  07/26/2022 000-03650325  06/12/2022 000-03655013  06/12/2022 000-03658553  06/12/2022 000-03664994  06/12/2022 000-03668727  06/12/2022 000-03668732  06/12/2022 000-03682495  06/12/2022 000-03682502  06/12/2022 000-03687481  06/12/2022 000-03689137  06/12/2022 000-03699153  06/12/2022 000-03711230  06/12/2022 000-03712312  06/12/2022 000-03721887  06/12/2022 000-03730721  06/12/2022 000-03731281  06/12/2022 000-03742731  06/12/2022 000-03754655  06/12/2022 000-03760623  06/12/2022 000-03763157  06/12/2022 000-03764799  07/25/2022 000-03765848  07/25/2022 000-03777499  07/25/2022 000-03781929  07/25/2022 000-03783771  07/25/2022 000-03783779  07/25/2022 000-03783780  07/25/2022 000-03803845  07/25/2022 000-03804391  07/25/2022 000-03805178  07/25/2022 000-03817478  07/25/2022 000-03834002  07/25/2022 000-03834005  07/25/2022 000-03842139  07/25/2022 000-03845757  07/25/2022 000-03850857  07/25/2022 000-03852840  07/25/2022 000-03858753  07/25/2022 000-03858755  07/25/2022 000-03859951  07/25/2022 000-03862392  07/25/2022 000-03862404  07/25/2022 000-03870885  07/25/2022 000-03878334  07/25/2022 000-03879737  07/25/2022 000-03881174  07/25/2022 000-03884429  09/16/2022 000-03889397  09/16/2022 000-03891629  09/16/2022 000-03902755  09/16/2022 000-03906682  09/16/2022 000-03908760  09/16/2022 000-03913773  09/16/2022 000-03918218  09/16/2022 000-03927931  09/16/2022 000-03930324  09/16/2022 000-03937556  09/16/2022 000-03947981  09/16/2022 000-03956424  09/16/2022 000-03958351  09/16/2022 000-03960335  09/16/2022 000-03977405  09/16/2022 000-03987018  09/16/2022 000-03731287  06/12/2022 000-03733910  06/12/2022 000-03770727  07/25/2022 000-03797375  07/25/2022 000-03844060  07/25/2022 000-03847688  07/25/2022 000-03882826  07/25/2022 000-03964342  09/16/2022 000-03966712  09/16/2022 000-03655879  06/12/2022 000-03657712  06/12/2022 000-03664988  06/12/2022 000-03669656  06/12/2022 000-03673077  06/12/2022 000-03679983  06/12/2022 000-03692259  06/12/2022 000-03692273  06/12/2022 000-03693467  06/12/2022 000-03699145  06/12/2022 000-03703702  06/12/2022 000-03707825  06/12/2022 000-03721886  06/12/2022 000-03732540  06/12/2022 000-03744297  06/12/2022 000-03750881  06/12/2022 000-03752065  06/12/2022 000-03760575  06/12/2022 000-03760576  06/12/2022 000-03760627  06/12/2022 000-03777070  07/25/2022 000-03781933  07/25/2022 000-03781946  07/25/2022 000-03787524  07/25/2022 000-03795928  07/25/2022 000-03800696  07/25/2022 000-03806697  07/25/2022 000-03820957  07/25/2022 000-03823068  07/25/2022 000-03824583  07/25/2022 000-03839491  07/25/2022 000-03844058  07/25/2022 000-03858762  07/25/2022 000-03870888  07/25/2022 000-03881696  07/25/2022 000-03883982  09/16/2022 000-03884431  09/16/2022 000-03889372  09/16/2022 000-03891624  09/16/2022 000-03891628  09/16/2022 000-03903177  09/16/2022 000-03908754  09/16/2022 000-03918217  09/16/2022 000-03918225  09/16/2022 000-03932389  09/16/2022 000-03932390  09/16/2022 000-03945272  09/16/2022 000-03947983  09/16/2022 000-03948968  09/16/2022 000-03951215  09/16/2022 000-03959236  09/16/2022 000-03964954  09/16/2022 000-03983435  09/16/2022 000-03800578  07/25/2022 000-03664955  06/12/2022 000-03735556  06/12/2022 000-03764788  07/25/2022 000-03770723  07/25/2022 000-03802380  07/25/2022 000-03825244  07/25/2022 000-03851188  07/25/2022 000-03872563  07/25/2022 000-03915984  09/16/2022 000-03918224  09/16/2022 000-03938706  09/16/2022 000-03647561  06/12/2022 000-03650562  06/12/2022 000-03651049  06/12/2022 000-03657710  06/12/2022 000-03658547  06/12/2022 000-03661988  06/12/2022 000-03664987  06/12/2022 000-03675802  06/12/2022 000-03696935  06/12/2022 000-03699142  06/12/2022 000-03703699  06/12/2022 000-03719589  06/12/2022 000-03719591  06/12/2022 000-03727372  06/12/2022 000-03727689  06/12/2022 000-03732545  06/12/2022 000-03733398  06/12/2022 000-03733403  06/12/2022 000-03733404  06/12/2022 000-03747045  06/12/2022 000-03754652  06/12/2022 000-03760585  06/12/2022 000-03760621  06/12/2022 000-03763459  06/12/2022 000-03765856  07/25/2022 000-03770872  07/25/2022 000-03775181  07/25/2022 000-03777502  07/25/2022 000-03778875  07/25/2022 000-03781941  07/25/2022 000-03781944  07/25/2022 000-03785844  07/25/2022 000-03797021  07/25/2022 000-03798709  07/25/2022 000-03800759  07/25/2022 000-03807746  07/25/2022 000-03812156  07/25/2022 000-03815086  07/25/2022 000-03815088  07/25/2022 000-03815102  07/25/2022 000-03826614  07/25/2022 000-03831677  07/25/2022 000-03842144  07/25/2022 000-03844056  07/25/2022 000-03845755  07/25/2022 000-03852839  07/25/2022 000-03860356  07/25/2022 000-03869198  07/25/2022 000-03874376  07/25/2022 000-03878332  07/25/2022 000-03882823  07/25/2022 000-03891626  09/16/2022 000-03895675  09/16/2022 000-03913782  09/16/2022 000-03922723  09/16/2022 000-03927923  09/16/2022 000-03927924  09/16/2022 000-03927928  09/16/2022 000-03934303  09/16/2022 000-03947035  09/16/2022 000-03951624  09/16/2022 000-03954910  09/16/2022 000-03962696  09/16/2022 000-03964953  09/16/2022 000-03964957  09/16/2022 000-03973505  09/16/2022 000-03987020  09/16/2022 000-04008254  09/16/2022 000-03669655  06/12/2022 000-03735052  06/12/2022 000-03798715  07/25/2022 000-03798820  07/25/2022 000-03855444  07/25/2022 000-03857504  07/25/2022 000-03857505  07/25/2022 000-03906019  09/16/2022 000-03911561  09/16/2022 000-03942402  09/16/2022 000-03969992  09/16/2022 000-03680076  06/12/2022 000-03889395  07/25/2022 000-03692272  06/12/2022 000-03711229  06/12/2022 000-03717684  06/12/2022 000-03735056  06/12/2022 000-03763160  06/12/2022 000-03775186  07/25/2022 000-03790492  07/25/2022 000-03867657  07/25/2022 000-03895687  09/16/2022 000-03942404  09/16/2022 000-03986431  09/16/2022 000-03651052  06/12/2022 000-03673088  06/12/2022 000-03682500  06/12/2022 000-03712316  06/12/2022 000-03733406  06/12/2022 000-03740540  06/12/2022 000-03744294  06/12/2022 000-03747050  06/12/2022 000-03767894  06/12/2022 000-03797755  07/25/2022 000-03798396  07/25/2022 000-03826615  07/25/2022 000-03826616  07/25/2022 000-03834008  07/25/2022 000-03840492  07/25/2022 000-03840496  07/25/2022 000-03852843  07/25/2022 000-03876248  07/25/2022 000-03881173  07/25/2022 000-03888705  07/25/2022 000-03900180  09/16/2022 000-03907002  09/16/2022 000-03911556  09/16/2022 000-03969977  09/16/2022 000-03986606  09/16/2022 000-03660567  06/12/2022 000-03717683  06/12/2022 000-03797026  07/25/2022 000-03857502  07/25/2022 000-03913785  09/16/2022 000-03943689  09/16/2022 000-03669660  06/12/2022 000-03673090  06/12/2022 000-03689136  06/12/2022 000-03699152  06/12/2022 000-03713428  06/12/2022 000-03731282  06/12/2022 000-03731286  06/12/2022 000-03741178  06/12/2022 000-03754656  06/12/2022 000-03790485  07/25/2022 000-03792002  07/25/2022 000-03802454  07/25/2022 000-03806276  07/25/2022 000-03815085  07/25/2022 000-03826608  07/25/2022 000-03830873  07/25/2022 000-03831678  07/25/2022 000-03844960  07/25/2022 000-03847689  07/25/2022 000-03858756  07/25/2022 000-03879733  07/25/2022 000-03882821  07/25/2022 000-03886921  07/25/2022 000-03889390  09/16/2022 000-03891627  09/16/2022 000-03906686  09/16/2022 000-03911554  09/16/2022 000-03920886  09/16/2022 000-03920890  09/16/2022 000-03941580  09/16/2022 000-03942405  09/16/2022 000-03945284  09/16/2022 000-03954911  09/16/2022 000-03960338  09/16/2022 000-03973500  09/16/2022 000-03993537  09/16/2022 000-03691724  06/12/2022 000-03805221  07/25/2022 000-03806694  07/25/2022 000-03819039  07/25/2022 000-03889568  07/25/2022 000-03911550  09/16/2022 000-03948966  09/16/2022 000-03664996  06/12/2022 000-03668728  06/12/2022 000-03687487  06/12/2022 000-03735558  06/12/2022 000-03764286  06/12/2022 000-03773308  07/25/2022 000-03790766  07/25/2022 000-03790767  07/25/2022 000-03825241  07/25/2022 000-03839496  07/25/2022 000-03839766  07/25/2022 000-03895677  09/16/2022 000-03902762  09/16/2022 000-03932394  09/16/2022 000-03658544  06/12/2022 000-03686189  06/12/2022 000-03689138  06/12/2022 000-03727718  06/12/2022 000-03752071  06/12/2022 000-03760049  06/12/2022 000-03768415  07/25/2022 000-03777613  07/25/2022 000-03849423  07/25/2022 000-03906009  09/16/2022 000-03962689  09/16/2022 000-03647562  06/12/2022 000-03650565  06/12/2022 000-03651043  06/12/2022 000-03651044  06/12/2022 000-03655016  06/12/2022 000-03656531  06/12/2022 000-03658548  06/12/2022 000-03658549  06/12/2022 000-03658550  06/12/2022 000-03658968  06/12/2022 000-03661183  06/12/2022 000-03664786  06/12/2022 000-03664984  06/12/2022 000-03664989  06/12/2022 000-03668731  06/12/2022 000-03669661  06/12/2022 000-03671816  06/12/2022 000-03673081  06/12/2022 000-03675798  06/12/2022 000-03679315  06/12/2022 000-03679671  06/12/2022 000-03682505  06/12/2022 000-03682510  06/12/2022 000-03682518  06/12/2022 000-03687480  06/12/2022 000-03687484  06/12/2022 000-03689134  06/12/2022 000-03689135  06/12/2022 000-03689140  06/12/2022 000-03689141  06/12/2022 000-03692253  06/12/2022 000-03692257  06/12/2022 000-03692267  06/12/2022 000-03699137  06/12/2022 000-03699139  06/12/2022 000-03699144  06/12/2022 000-03699147  06/12/2022 000-03702899  06/12/2022 000-03703703  06/12/2022 000-03707822  06/12/2022 000-03707829  06/12/2022 000-03709284  06/12/2022 000-03712324  06/12/2022 000-03713426  06/12/2022 000-03717682  06/12/2022 000-03719600  06/12/2022 000-03720654  06/12/2022 000-03721431  06/12/2022 000-03721695  06/12/2022 000-03723225  06/12/2022 000-03725071  06/12/2022 000-03727375  06/12/2022 000-03727686  06/12/2022 000-03727690  06/12/2022 000-03727712  06/12/2022 000-03730718  06/12/2022 000-03733405  06/12/2022 000-03734312  06/12/2022 000-03735548  06/12/2022 000-03735552  06/12/2022 000-03736573  06/12/2022 000-03740402  06/12/2022 000-03740447  06/12/2022 000-03740541  06/12/2022 000-03741644  06/12/2022 000-03743682  06/12/2022 000-03744291  06/12/2022 000-03744301  06/12/2022 000-03747046  06/12/2022 000-03747052  06/12/2022 000-03747054  06/12/2022 000-03747057  06/12/2022 000-03747394  06/12/2022 000-03749522  06/12/2022 000-03749531  06/12/2022 000-03750878  06/12/2022 000-03750883  06/12/2022 000-03752068  06/12/2022 000-03752070  06/12/2022 000-03752073  06/12/2022 000-03754167  06/12/2022 000-03754426  06/12/2022 000-03760046  06/12/2022 000-03760331  06/12/2022 000-03760579  06/12/2022 000-03760582  06/12/2022 000-03760584  06/12/2022 000-03760618  06/12/2022 000-03764798  07/25/2022 000-03765839  07/25/2022 000-03765846  07/25/2022 000-03766708  07/25/2022 000-03766710  07/25/2022 000-03767495  07/25/2022 000-03768410  07/25/2022 000-03768413  06/12/2022 000-03770733  07/25/2022 000-03770868  07/25/2022 000-03770870  07/25/2022 000-03771000  07/25/2022 000-03773319  07/25/2022 000-03773863  07/25/2022 000-03773864  07/25/2022 000-03774931  07/25/2022 000-03775185  07/25/2022 000-03776970  07/25/2022 000-03777504  07/25/2022 000-03781379  07/25/2022 000-03785841  07/25/2022 000-03786764  07/25/2022 000-03788396  07/25/2022 000-03788399  07/25/2022 000-03788986  07/25/2022 000-03792481  07/25/2022 000-03794255  07/25/2022 000-03795682  07/25/2022 000-03796261  07/25/2022 000-03796980  07/25/2022 000-03799408  07/25/2022 000-03800054  07/25/2022 000-03800570  07/25/2022 000-03802272  07/25/2022 000-03804504  07/25/2022 000-03809058  07/25/2022 000-03810340  07/25/2022 000-03810345  07/25/2022 000-03814384  07/25/2022 000-03815082  07/25/2022 000-03815095  07/25/2022 000-03815098  07/25/2022 000-03815099  07/25/2022 000-03815100  07/25/2022 000-03817479  07/25/2022 000-03817486  07/25/2022 000-03817487  07/25/2022 000-03819482  07/25/2022 000-03819485  07/25/2022 000-03819489  07/25/2022 000-03819490  07/25/2022 000-03823025  07/25/2022 000-03827012  07/25/2022 000-03828392  07/25/2022 000-03828397  07/25/2022 000-03828961  07/25/2022 000-03829918  07/25/2022 000-03830265  07/25/2022 000-03834003  07/25/2022 000-03834011  07/25/2022 000-03834014  07/25/2022 000-03834025  07/25/2022 000-03836514  07/25/2022 000-03836517  07/25/2022 000-03836520  07/25/2022 000-03836522  07/25/2022 000-03836917  07/25/2022 000-03839495  07/25/2022 000-03840499  07/25/2022 000-03842141  07/25/2022 000-03844961  07/25/2022 000-03844963  07/25/2022 000-03845756  07/25/2022 000-03845759  07/25/2022 000-03847693  07/25/2022 000-03849425  07/25/2022 000-03850852  07/25/2022 000-03852842  07/25/2022 000-03855435  07/25/2022 000-03855436  07/25/2022 000-03855437  07/25/2022 000-03855969  07/25/2022 000-03855971  07/25/2022 000-03855972  07/25/2022 000-03855974  07/25/2022 000-03858750  07/25/2022 000-03858759  07/25/2022 000-03860355  07/25/2022 000-03860358  07/25/2022 000-03860361  07/25/2022 000-03860362  07/25/2022 000-03860363  07/25/2022 000-03860364  07/25/2022 000-03862398  07/25/2022 000-03862401  07/25/2022 000-03862403  07/25/2022 000-03864445  07/25/2022 000-03866179  07/25/2022 000-03867647  07/25/2022 000-03867653  07/25/2022 000-03867655  07/25/2022 000-03867669  07/25/2022 000-03867673  07/25/2022 000-03869191  07/25/2022 000-03869196  07/25/2022 000-03870887  07/25/2022 000-03870906  07/25/2022 000-03870907  07/25/2022 000-03870909  07/25/2022 000-03871300  07/25/2022 000-03873247  07/25/2022 000-03873256  07/25/2022 000-03873645  07/25/2022 000-03874373  07/25/2022 000-03879735  07/25/2022 000-03880322  07/25/2022 000-03881167  07/25/2022 000-03881698  07/25/2022 000-03882818  07/25/2022 000-03882820  07/25/2022 000-03882947  09/16/2022 000-03886062  09/16/2022 000-03887178  07/25/2022 000-03889385  09/16/2022 000-03889396  07/25/2022 000-03889400  09/16/2022 000-03891621  09/16/2022 000-03891622  09/16/2022 000-03891623  09/16/2022 000-03891625  09/16/2022 000-03895671  09/16/2022 000-03895673  09/16/2022 000-03895683  09/16/2022 000-03899679  09/16/2022 000-03899684  09/16/2022 000-03902759  09/16/2022 000-03903171  09/16/2022 000-03903175  09/16/2022 000-03906012  09/16/2022 000-03906026  09/16/2022 000-03906687  09/16/2022 000-03911560  09/16/2022 000-03913768  09/16/2022 000-03913772  09/16/2022 000-03913777  09/16/2022 000-03913786  09/16/2022 000-03914737  09/16/2022 000-03915972  09/16/2022 000-03915975  09/16/2022 000-03915980  09/16/2022 000-03915986  09/16/2022 000-03918215  09/16/2022 000-03918221  09/16/2022 000-03918222  09/16/2022 000-03920885  09/16/2022 000-03920889  09/16/2022 000-03922732  09/16/2022 000-03925538  09/16/2022 000-03927128  09/16/2022 000-03927133  09/16/2022 000-03927559  09/16/2022 000-03927922  09/16/2022 000-03927929  09/16/2022 000-03927932  09/16/2022 000-03927933  09/16/2022 000-03928804  09/16/2022 000-03930316  09/16/2022 000-03932395  09/16/2022 000-03932396  09/16/2022 000-03933180  09/16/2022 000-03933181  09/16/2022 000-03933183  09/16/2022 000-03933184  09/16/2022 000-03934309  09/16/2022 000-03936152  09/16/2022 000-03936157  09/16/2022 000-03937558  09/16/2022 000-03940729  09/16/2022 000-03942114  09/16/2022 000-03942401  09/16/2022 000-03942403  09/16/2022 000-03942406  09/16/2022 000-03942597  09/16/2022 000-03943808  09/16/2022 000-03945274  09/16/2022 000-03945277  09/16/2022 000-03945281  09/16/2022 000-03945285  09/16/2022 000-03946684  09/16/2022 000-03947030  09/16/2022 000-03947036  09/16/2022 000-03948755  09/16/2022 000-03949550  09/16/2022 000-03951226  09/16/2022 000-03954923  09/16/2022 000-03955671  09/16/2022 000-03956422  09/16/2022 000-03956423  09/16/2022 000-03956431  09/16/2022 000-03958348  09/16/2022 000-03958349  09/16/2022 000-03958359  09/16/2022 000-03958365  09/16/2022 000-03960334  09/16/2022 000-03960339  09/16/2022 000-03960340  09/16/2022 000-03962692  09/16/2022 000-03962701  09/16/2022 000-03964346  09/16/2022 000-03965313  09/16/2022 000-03965436  09/16/2022 000-03969985  09/16/2022 000-03973496  09/16/2022 000-03973499  09/16/2022 000-03973501  09/16/2022 000-03973615  09/16/2022 000-03975667  09/16/2022 000-03976964  09/16/2022 000-03977273  09/16/2022 000-03977431  09/16/2022 000-03977433  09/16/2022 000-03977441  09/16/2022 000-03981323  09/16/2022 000-03981324  09/16/2022 000-03983440  09/16/2022 000-03983908  09/16/2022 000-03983909  09/16/2022 000-03983912  09/16/2022 000-03983919  09/16/2022 000-03984986  09/16/2022 000-03987015  09/16/2022 000-03987021  09/16/2022 000-04008253  09/16/2022 000-04008263  09/16/2022 000-04009758  09/16/2022 000-04014390  09/16/2022 000-04014591  09/16/2022 000-04015871  09/16/2022 000-03647569  06/12/2022 000-03650799  06/12/2022 000-03651047  06/12/2022 000-03658551  06/12/2022 000-03727691  06/12/2022 000-03740533  06/12/2022 000-03742721  06/12/2022 000-03764115  06/12/2022 000-03777492  07/25/2022 000-03779626  07/25/2022 000-03783777  07/25/2022 000-03802470  07/25/2022 000-03802471  07/25/2022 000-03828394  07/25/2022 000-03828963  07/25/2022 000-03845760  07/25/2022 000-03866187  07/25/2022 000-03899683  09/16/2022 000-03932398  09/16/2022 000-03933992  09/16/2022 000-03983921  09/16/2022 000-03658557  06/12/2022 000-03703704  06/12/2022 000-03737289  06/12/2022 000-03797015  07/25/2022 000-03802047  07/25/2022 000-03804507  07/25/2022 000-03943800  09/16/2022 000-03653050  06/12/2022 000-03669657  06/12/2022 000-03682517  06/12/2022 000-03703705  06/12/2022 000-03707826  06/12/2022 000-03742730  06/12/2022 000-03764794  07/25/2022 000-03787084  07/25/2022 000-03789761  07/25/2022 000-03790199  07/25/2022 000-03804392  07/25/2022 000-03809706  07/25/2022 000-03827789  07/25/2022 000-03834012  07/25/2022 000-03855439  07/25/2022 000-03876243  07/25/2022 000-03876245  07/25/2022 000-03889364  09/16/2022 000-03889370  09/16/2022 000-03889389  09/16/2022 000-03895674  09/16/2022 000-03918223  09/16/2022 000-03930325  09/16/2022 000-03942400  09/16/2022 000-03958354  09/16/2022 000-03962693  09/16/2022 000-03976806  09/16/2022 000-03983911  09/16/2022 000-03795926  07/25/2022 000-03652318  06/12/2022 000-03671129  06/12/2022 000-03671814  06/12/2022 000-03675799  06/12/2022 000-03682516  06/12/2022 000-03692274  06/12/2022 000-03703706  06/12/2022 000-03703707  06/12/2022 000-03711228  06/12/2022 000-03721707  06/12/2022 000-03736606  06/12/2022 000-03740532  06/12/2022 000-03744298  06/12/2022 000-03752072  06/12/2022 000-03760577  06/12/2022 000-03766711  07/25/2022 000-03766712  07/25/2022 000-03788402  07/25/2022 000-03795931  07/25/2022 000-03802073  07/25/2022 000-03810346  07/25/2022 000-03814377  07/25/2022 000-03842138  07/25/2022 000-03844958  07/25/2022 000-03850851  07/25/2022 000-03852841  07/25/2022 000-03855440  07/25/2022 000-03858751  07/25/2022 000-03858754  07/25/2022 000-03869187  07/25/2022 000-03870886  07/25/2022 000-03874370  07/25/2022 000-03877110  07/25/2022 000-03879739  07/25/2022 000-03882948  07/25/2022 000-03895679  09/16/2022 000-03895689  09/16/2022 000-03911547  09/16/2022 000-03913776  09/16/2022 000-03933182  09/16/2022 000-03940705  09/16/2022 000-03947033  09/16/2022 000-03957417  09/16/2022 000-03958356  09/16/2022 000-03965440  09/16/2022 000-03978246  09/16/2022 000-03983906  09/16/2022 000-03673079  06/12/2022 000-03682494  06/12/2022 000-03691493  06/12/2022 000-03700866  06/12/2022 000-03719596  06/12/2022 000-03730720  06/12/2022 000-03735057  06/12/2022 000-03744295  06/12/2022 000-03752066  06/12/2022 000-03764792  07/25/2022 000-03783776  07/25/2022 000-03785842  07/25/2022 000-03810344  07/25/2022 000-03828402  07/25/2022 000-03845641  07/25/2022 000-03847695  07/25/2022 000-03847913  07/25/2022 000-03854441  07/25/2022 000-03867656  07/25/2022 000-03877111  07/25/2022 000-03889386  09/16/2022 000-03891620  09/16/2022 000-03895681  09/16/2022 000-03906684  09/16/2022 000-03906685  09/16/2022 000-03918937  09/16/2022 000-03925540  09/16/2022 000-03927136  09/16/2022 000-03927925  09/16/2022 000-03927927  09/16/2022 000-03938704  09/16/2022 000-03975034  09/16/2022 000-03976815  09/16/2022 000-03650797  06/12/2022 000-03653141  06/12/2022 000-03660978  06/12/2022 000-03668734  06/12/2022 000-03680074  06/12/2022 000-03687486  06/12/2022 000-03689139  06/12/2022 000-03693469  06/12/2022 000-03712314  06/12/2022 000-03721703  06/12/2022 000-03732544  06/12/2022 000-03732547  06/12/2022 000-03740403  06/12/2022 000-03754649  06/12/2022 000-03754657  06/12/2022 000-03763161  06/12/2022 000-03768416  06/12/2022 000-03792864  07/25/2022 000-03800757  07/25/2022 000-03815097  07/25/2022 000-03834024  07/25/2022 000-03842143  07/25/2022 000-03845642  07/25/2022 000-03849426  07/25/2022 000-03873250  07/25/2022 000-03895670  09/16/2022 000-03898021  09/16/2022 000-03902754  09/16/2022 000-03918219  09/16/2022 000-03930315  09/16/2022 000-03932392  09/16/2022 000-03940701  09/16/2022 000-03964345  09/16/2022 000-03981319  09/16/2022 000-03983910  09/16/2022 000-03987019  09/16/2022 000-04008266  09/16/2022 000-04015870  09/16/2022 000-03647555  06/12/2022 000-03647558  06/12/2022 000-03647564  06/12/2022 000-03653131  06/12/2022 000-03654388  06/12/2022 000-03655063  06/12/2022 000-03658545  06/12/2022 000-03658554  06/12/2022 000-03660072  06/12/2022 000-03660074  06/12/2022 000-03660414  06/12/2022 000-03664991  06/12/2022 000-03664995  06/12/2022 000-03666167  06/12/2022 000-03673084  06/12/2022 000-03673086  06/12/2022 000-03673092  06/12/2022 000-03679320  06/12/2022 000-03680059  06/12/2022 000-03680070  06/12/2022 000-03680085  06/12/2022 000-03682493  06/12/2022 000-03682501  06/12/2022 000-03682506  06/12/2022 000-03687479  06/12/2022 000-03689143  06/12/2022 000-03689147  06/12/2022 000-03691723  06/12/2022 000-03692255  06/12/2022 000-03692269  06/12/2022 000-03700987  06/12/2022 000-03703377  06/12/2022 000-03703698  06/12/2022 000-03703700  06/12/2022 000-03703701  06/12/2022 000-03705837  06/12/2022 000-03707824  06/12/2022 000-03707827  06/12/2022 000-03711231  06/12/2022 000-03712318  06/12/2022 000-03713425  06/12/2022 000-03713430  06/12/2022 000-03716923  06/12/2022 000-03717685  06/12/2022 000-03717686  06/12/2022 000-03719575  06/12/2022 000-03719592  06/12/2022 000-03721701  06/12/2022 000-03721704  06/12/2022 000-03723227  06/12/2022 000-03730719  06/12/2022 000-03730724  06/12/2022 000-03730729  06/12/2022 000-03733397  06/12/2022 000-03733399  06/12/2022 000-03734315  06/12/2022 000-03735551  06/12/2022 000-03738114  06/12/2022 000-03742989  06/12/2022 000-03744299  06/12/2022 000-03749514  06/12/2022 000-03749518  06/12/2022 000-03750882  06/12/2022 000-03754647  06/12/2022 000-03754650  06/12/2022 000-03754651  06/12/2022 000-03760047  06/12/2022 000-03760048  06/12/2022 000-03760619  06/12/2022 000-03760622  06/12/2022 000-03760628  06/12/2022 000-03763155  06/12/2022 000-03763159  06/12/2022 000-03764415  07/25/2022 000-03764791  07/25/2022 000-03765420  06/12/2022 000-03765843  07/25/2022 000-03765851  07/25/2022 000-03770724  07/25/2022 000-03774924  07/25/2022 000-03777490  07/25/2022 000-03777495  07/25/2022 000-03778872  07/25/2022 000-03781932  07/25/2022 000-03783783  07/25/2022 000-03786651  07/25/2022 000-03786766  07/25/2022 000-03787089  07/25/2022 000-03787521  07/25/2022 000-03788398  07/25/2022 000-03788988  07/25/2022 000-03789762  07/25/2022 000-03792000  07/25/2022 000-03792862  07/25/2022 000-03792865  07/25/2022 000-03795684  07/25/2022 000-03800737  07/25/2022 000-03800755  07/25/2022 000-03800761  07/25/2022 000-03804401  07/25/2022 000-03806279  07/25/2022 000-03806280  07/25/2022 000-03806283  07/25/2022 000-03807353  07/25/2022 000-03807354  07/25/2022 000-03808311  07/25/2022 000-03809057  07/25/2022 000-03812149  07/25/2022 000-03815093  07/25/2022 000-03817475  07/25/2022 000-03819487  07/25/2022 000-03819488  07/25/2022 000-03820804  07/25/2022 000-03820825  07/25/2022 000-03823023  07/25/2022 000-03824581  07/25/2022 000-03825242  07/25/2022 000-03826527  07/25/2022 000-03827142  07/25/2022 000-03828958  07/25/2022 000-03829919  07/25/2022 000-03830263  07/25/2022 000-03831679  07/25/2022 000-03831683  07/25/2022 000-03833999  07/25/2022 000-03834001  07/25/2022 000-03840493  07/25/2022 000-03840494  07/25/2022 000-03840495  07/25/2022 000-03842140  07/25/2022 000-03842142  07/25/2022 000-03844053  07/25/2022 000-03844624  07/25/2022 000-03844957  07/25/2022 000-03847685  07/25/2022 000-03847686  07/25/2022 000-03849422  07/25/2022 000-03850856  07/25/2022 000-03854085  07/25/2022 000-03855438  07/25/2022 000-03855446  07/25/2022 000-03855977  07/25/2022 000-03864449  07/25/2022 000-03867671  07/25/2022 000-03871305  07/25/2022 000-03872554  07/25/2022 000-03877105  07/25/2022 000-03878328  07/25/2022 000-03879732  07/25/2022 000-03881176  07/25/2022 000-03882827  07/25/2022 000-03889388  09/16/2022 000-03889391  09/16/2022 000-03889394  09/16/2022 000-03891630  09/16/2022 000-03892400  09/16/2022 000-03895668  09/16/2022 000-03895680  09/16/2022 000-03895684  09/16/2022 000-03895686  09/16/2022 000-03895688  09/16/2022 000-03895691  09/16/2022 000-03899682  09/16/2022 000-03899687  09/16/2022 000-03902753  09/16/2022 000-03903178  09/16/2022 000-03903180  09/16/2022 000-03903181  09/16/2022 000-03905780  09/16/2022 000-03908756  09/16/2022 000-03908763  09/16/2022 000-03908764  09/16/2022 000-03908765  09/16/2022 000-03911549  09/16/2022 000-03911551  09/16/2022 000-03911558  09/16/2022 000-03913765  09/16/2022 000-03913770  09/16/2022 000-03913784  09/16/2022 000-03915978  09/16/2022 000-03915987  09/16/2022 000-03918216  09/16/2022 000-03918220  09/16/2022 000-03922735  09/16/2022 000-03925539  09/16/2022 000-03927920  09/16/2022 000-03927921  09/16/2022 000-03927926  09/16/2022 000-03927930  09/16/2022 000-03930321  09/16/2022 000-03932386  09/16/2022 000-03932387  09/16/2022 000-03932388  09/16/2022 000-03932397  09/16/2022 000-03934307  09/16/2022 000-03940736  09/16/2022 000-03942397  09/16/2022 000-03943827  09/16/2022 000-03945282  09/16/2022 000-03946690  09/16/2022 000-03947031  09/16/2022 000-03947032  09/16/2022 000-03951218  09/16/2022 000-03951224  09/16/2022 000-03954924  09/16/2022 000-03954926  09/16/2022 000-03954928  09/16/2022 000-03956426  09/16/2022 000-03957871  09/16/2022 000-03958360  09/16/2022 000-03958362  09/16/2022 000-03959237  09/16/2022 000-03962690  09/16/2022 000-03964955  09/16/2022 000-03965441  09/16/2022 000-03969994  09/16/2022 000-03970852  09/16/2022 000-03975671  09/16/2022 000-03977394  09/16/2022 000-03983905  09/16/2022 000-03983917  09/16/2022 000-03987016  09/16/2022 000-03987017  09/16/2022 000-03987022  09/16/2022 000-03987023  09/16/2022 000-04008259  09/16/2022 000-04015867  09/16/2022 000-03670164  06/12/2022 000-03723226  06/12/2022 000-03730723  06/12/2022 000-03741646  06/12/2022 000-03747047  06/12/2022 000-03844962  07/25/2022 000-03889365  09/16/2022 000-03906683  09/16/2022 000-03911548  09/16/2022 000-03705891  06/12/2022 000-03727368  06/12/2022 000-03932393  09/16/2022 000-03962699  09/16/2022 000-03691721  06/12/2022 000-03721700  06/12/2022 000-03732546  06/12/2022 000-03770732  07/25/2022 000-03836513  07/25/2022 000-03647554  06/12/2022 000-03660077  06/12/2022 000-03713423  06/12/2022 000-03727721  06/12/2022 000-03755782  06/12/2022 000-03781931  07/25/2022 000-03805183  07/25/2022 000-03807743  07/25/2022 000-03819491  07/25/2022 000-03974655  09/16/2022 000-03983914  09/16/2022 000-03653134  06/12/2022 000-03658546  06/12/2022 000-03664794  06/12/2022 000-03675800  06/12/2022 000-03679313  06/12/2022 000-03705890  06/12/2022 000-03712327  06/12/2022 000-03715374  06/12/2022 000-03727719  06/12/2022 000-03727974  06/12/2022 000-03735555  06/12/2022 000-03736604  06/12/2022 000-03740529  06/12/2022 000-03760043  06/12/2022 000-03760578  06/12/2022 000-03760580  06/12/2022 000-03773304  07/25/2022 000-03785845  07/25/2022 000-03786652  07/25/2022 000-03787529  07/25/2022 000-03790481  07/25/2022 000-03819493  07/25/2022 000-03823956  07/25/2022 000-03829916  07/25/2022 000-03864441  07/25/2022 000-03869197  07/25/2022 000-03872560  07/25/2022 000-03889368  09/16/2022 000-03891619  09/16/2022 000-03895667  09/16/2022 000-03932391  09/16/2022 000-03946541  09/16/2022 000-03954925  09/16/2022 000-03959234  09/16/2022 000-03962700  09/16/2022 000-03964339  09/16/2022 000-03965443  09/16/2022 000-03983907  09/16/2022 000-03903580  09/26/2022 000-03627860  06/10/2022 000-03686592  06/10/2022 000-03774791  06/10/2022 000-03789998  06/10/2022 000-03796011  06/10/2022 000-03833125  07/26/2022 000-03704196  06/10/2022 000-03716221  06/10/2022 000-03724933  06/10/2022 000-03810087  06/10/2022 000-03820895  07/26/2022 000-03904378  09/26/2022 000-03906594  09/26/2022 000-03906608  09/26/2022 000-03651873  06/10/2022 000-03785508  07/26/2022 000-03883045  07/26/2022 000-03723008  06/10/2022 000-03736098  06/10/2022 000-03638935  06/10/2022 000-03651947  06/10/2022 000-03688142  06/10/2022 000-03703658  06/10/2022 000-03729557  06/10/2022 000-03736773  06/10/2022 000-03748546  06/10/2022 000-03755819  06/10/2022 000-03797329  07/26/2022 000-03808035  07/26/2022 000-03819853  07/26/2022 000-03844548  07/26/2022 000-03845866  07/26/2022 000-03875032  07/26/2022 000-03893232  07/26/2022 000-03627836  06/10/2022 000-03683596  06/19/2022 000-03707834  06/19/2022 000-03707840  06/19/2022 000-03693456  06/19/2022 000-03693455  06/19/2022 000-03693465  06/19/2022 000-03725936  06/19/2022 000-03725941  06/19/2022 000-03678331  06/19/2022 000-03687474  06/19/2022 000-03690553  06/19/2022 000-03730732  07/24/2022 000-03768035  06/10/2022 000-03668246  06/10/2022 000-03796039  07/26/2022 000-03819393  07/26/2022 000-03840624  07/26/2022 000-03865273  07/26/2022 000-03729561  06/10/2022 000-03830011  07/26/2022 000-03685994  06/10/2022 000-03697067  06/10/2022 000-03703664  06/10/2022 000-03749781  06/10/2022 000-03685975  06/10/2022 000-03695256  06/10/2022 000-03824718  07/26/2022 000-03823740  07/26/2022 000-03885203  07/26/2022 000-03740685  07/10/2022 000-03748488  07/10/2022 000-03752257  07/10/2022 000-03826618  08/23/2022 000-03827799  07/10/2022 000-03870881  08/23/2022 000-03913779  08/23/2022 000-03933215  08/23/2022 000-03973495  08/23/2022 000-03845746  08/23/2022 000-03945305  08/23/2022 000-03763197  07/10/2022 000-03763200  07/10/2022 000-03779536  07/10/2022 000-03798821  07/10/2022 000-03839802  08/23/2022 000-03895692  08/23/2022 000-03899688  08/23/2022 000-03792936  07/10/2022 000-03852833  08/23/2022 000-03905987  08/23/2022 000-03910769  08/23/2022 000-03920731  08/23/2022 000-03967074  08/23/2022 000-03978348  08/23/2022 000-03730179  07/10/2022 000-03779526  07/10/2022 000-03794256  07/10/2022 000-03820358  07/10/2022 000-03823952  07/10/2022 000-03855340  08/23/2022 000-03906022  08/23/2022 000-03953136  08/23/2022 000-03956428  08/23/2022 000-03717787  07/10/2022 000-03723908  07/10/2022 000-03727302  07/10/2022 000-03740673  07/10/2022 000-03740676  07/10/2022 000-03740683  07/10/2022 000-03740684  07/10/2022 000-03748477  07/10/2022 000-03763201  07/10/2022 000-03770383  07/10/2022 000-03771812  07/10/2022 000-03785688  07/10/2022 000-03791998  07/10/2022 000-03800778  07/10/2022 000-03823014  07/10/2022 000-03871999  08/23/2022 000-03873635  08/23/2022 000-03895685  08/23/2022 000-03908745  08/23/2022 000-03908752  08/23/2022 000-03911210  08/23/2022 000-03921339  08/23/2022 000-03930318  08/23/2022 000-03940666  08/23/2022 000-03945296  08/23/2022 000-03953620  08/23/2022 000-03956432  08/23/2022 000-03962819  08/23/2022 000-03966159  08/23/2022 000-03975677  08/23/2022 000-03980075  08/23/2022 000-03983443  08/23/2022 000-03721874  07/10/2022 000-03762511  07/10/2022 000-03826525  07/10/2022 000-03906028  08/23/2022 000-03953129  08/23/2022 000-03977890  08/23/2022 000-03748490  07/10/2022 000-03762566  07/10/2022 000-03806092  07/10/2022 000-03827919  07/10/2022 000-03893123  08/23/2022 000-03962818  08/23/2022 000-03713433  07/10/2022 000-03717788  07/10/2022 000-03727301  07/10/2022 000-03727321  07/10/2022 000-03770869  07/10/2022 000-03771814  07/10/2022 000-03785686  07/10/2022 000-03785689  07/10/2022 000-03794249  07/10/2022 000-03807692  07/10/2022 000-03814389  08/23/2022 000-03839813  07/10/2022 000-03839815  07/10/2022 000-03857500  08/23/2022 000-03860368  08/23/2022 000-03870883  08/23/2022 000-03879730  08/23/2022 000-03895695  08/23/2022 000-03899678  08/23/2022 000-03913767  08/23/2022 000-03930317  08/23/2022 000-03932594  08/23/2022 ,,,,,,,
Veterinary,No,,70669,Terminated,"Health Innovations Pharmacy, Inc",295 Pinehurst Ave Bldg 2,N/A,Southern Pines,NC,	28387-7051,United States,Voluntary: Firm initiated,Telephone,NC,V-031-2016,Class II,Itraconazole  35mg Vet Treats (Tuna Flavor),N/A,The products were produced under conditions that create a high potential for contamination for compounding/compounded veterinary products.,02/12/2015,10/09/2015,07/20/2017,10/21/2015,All lots,,,,,,,
Veterinary,No,,65569,Terminated,Pet Brands Inc,4338 Janitrol Road,N/A,Columbus,OH,	43228,United States,Voluntary: Firm initiated,E-Mail,"Product was shipped to the following states: AL, AR, AZ, CA, CO, DE, FL, GA, IA, IL, IN, KS, KY, LA, MD, MI, MO, MS, NC, NE, NJ, NM, NY, OH, OK, PA, SC, SD, TN, TX, UT, VA, VT, WI & WV.",V-036-2014,Class II,"Everpet Real Chicken Chicken Chips Dog Treats, packaged in flexible plastic bags, 3.5 oz. per bag, MADE IN CHINA  DISTRIBUTED BY DOLGENCORP, INC. 100 MISSION RIDGE GOODLETTSVILLE, TN 37072 UPC 8 10633 01177 5","377,628/3.5 oz bags",The New York State Department of Agriculture & Markets (NYSDAM) found trace amounts of non-approved antibiotic residue in some of the dog treat samples that they tested.,05/23/2013,12/17/2013,02/27/2014,12/25/2013,Lot #111108EVPRAW013 - Best Buy Date:  2/5/2013 and Lot #120752EVPRAW013 - Best Buy Date:  8/27/2014.,,,,,,,
Veterinary,No,,60905,Terminated,"Wixon, Inc.",1390 East Bolivar Ave.,N/A,St Francis,WI,	53207,United States,N/A,N/A,"AL, AZ, CA, DE, FL, GA, IL, MA, MN, NJ, NV, OH, PA, VA, WA, WI and OUS to include Canada",V-050-2012,Class II,"Charlee Bear Dog Treats With Cheese and Egg, Net WT 16 oz (453g), Best Before Sep. 30 13, 11HA0909, Visit Our Web Site www.charleebear.com",1400 cases (12 -16 oz packages/case),"Wixon, Inc is recalling Charlee Bear Dog Treats (Cheese & Egg Flavor), due to reports of an odor associated with a limited number of packages of lot Number 11 HA0909. Product came into contact with a solution used in the packaging cleaning process when the product was packaged by a third party contractor, Apak Inc. An initial toxicology assessment of the affected product revealed no health hazard.",12/19/2011,N/A,09/11/2012,,N/A,,,,,,,
Veterinary,No,,37840,Terminated,Natural Balance Pet Food Inc.,12924 Pierce St,N/A,Pacoima,CA,	91331-2526,United States,N/A,N/A,"Nationwide and Internationally: Canada, Hong Kong, Singapore, Japan, Korea",V-1124-2007,Class II,"Dick Van Patten's Natural Balance Venison & Brown Rice Formula Dog Treats, 14 oz. bags","4,744 cases/12 bags per case",Product has been manufactured with rice protein concentrate contaminated with melamine.,04/13/2007,N/A,11/04/2011,,N/A,,,,,,,
Veterinary,No,,63905,Terminated,Western Stockmen's,223 Rodeo Ave,N/A,Caldwell,ID,	83605-6714,United States,Voluntary: Firm initiated,"Two or more of the following: Email, Fax, Letter, Press Release, Telephone, Visit",Product was distributed in Idaho and Oregon,V-135-2013,Class II,"WSI Pride Plus Amprolium Crumble 1.25%, packaged in a 50 lb. bag.  The Product code/number is 104636.  Tag is tan in color; with the lot number and product number located at the bottom of the tag just above the tag sew line.      The product is labeled in parts: ""***WSI Pride Plus Amprolium Crumble 1.25%***For Beef and Dairy Calves***MEDICATED An aid in the prevention and treatment of coccidiosis caused by Eimeria bovis and E. zurnii in calves***ACTIVE DRUG INGREDIENT***Amprolium (Corid) 1.25%***MANUFACTURED BY WESTERN STOCKMEN'S, CALDWELL, ID 83605*** 208-459-0777***"".",200 bags (50 lbs. per bag),WSI Pride-Plus Amprolium Crumble 1.25% was found to be sub-potent for Amprolium.   The sample was detected of 0.9758% instead of 1.25% concentration of Amprolium.,12/11/2012,02/05/2013,02/11/2013,02/13/2013,"Lot No. 340209114-090712           The lot number consists of the first 9 digits, i.e., 340209114 and is a unique identifier.   The Product code is the unique code assigned in the firm's database for this named finished feed product.    The number 090712 is September 7, 2012.  The tag was made on Sept. 7. This date does not reflect the actual date of manufacture necessarily, as tags are produced at the time an order is placed. In this case, the order was placed on Sept. 7th and at that time the tags were made.",,,,,,,
Veterinary,No,,51289,Terminated,Fort Dodge Laboratories Inc,800 5th St NW,PO Box 518,Fort Dodge,IA,	50501-0518,United States,N/A,N/A,Product was distributed nationwide.,V-136-2009,Class II,"Factrel¿ (gonadorelin injectable) for the treatment of cystic ovaries in cattle.  Each milliliter sterile aqueous solution contains 50 micrograms of gonadorelin (as hydrochloride).  NADA 139-237.  20 mL vial, Lots 431413 and 431414.   NDC 0856-4311-02.  The responsible firm listed on the product label is Fort Dodge Animal Health, Fort Dodge, Iowa.","32,596 vials",The manufacturing site encountered an equipment malfunction with could have affected the sterility assurance of the glass vial of the drug product.,02/06/2009,N/A,08/25/2011,,N/A,,,,,,,
Veterinary,No,,51381,Terminated,American Nutrition Incorporated,2813 Wall Avenue,N/A,Ogden,UT,	84401-3529,United States,N/A,N/A,"AZ, CA, CO, CT, FL, GA, IA, ID, IL, KS, ME, MO, MT, NM, NV, OH, OR, PA, TN, TX, UT, WA. No military or government distribution. Foreign distribution to Canada.",V-139-2009,Class II,"American Nutrition Vita Bone Flavors Large Dog Treats, 48 oz box, UPC 012623 734804, American Nutrition, Inc., Ogden, UT.",12529 cases,Dog treats were made from peanut product being recalled by PCA because of possible Salmonella contamination.,02/10/2009,N/A,04/06/2012,,N/A,,,,,,,
Veterinary,No,,51381,Terminated,American Nutrition Incorporated,2813 Wall Avenue,N/A,Ogden,UT,	84401-3529,United States,N/A,N/A,"AZ, CA, CO, CT, FL, GA, IA, ID, IL, KS, ME, MO, MT, NM, NV, OH, OR, PA, TN, TX, UT, WA. No military or government distribution. Foreign distribution to Canada.",V-140-2009,Class II,"American Nutrition Vita Bone Flavors Medium Dog Treats, 24 oz box, UPC 012623 732411, American Nutrition, Inc., Ogden, UT.",17472 cases,Dog treats were made from peanut product being recalled by PCA because of possible Salmonella contamination.,02/10/2009,N/A,04/06/2012,,N/A,,,,,,,
Veterinary,No,,51381,Terminated,American Nutrition Incorporated,2813 Wall Avenue,N/A,Ogden,UT,	84401-3529,United States,N/A,N/A,"AZ, CA, CO, CT, FL, GA, IA, ID, IL, KS, ME, MO, MT, NM, NV, OH, OR, PA, TN, TX, UT, WA. No military or government distribution. Foreign distribution to Canada.",V-141-2009,Class II,"American Nutrition Vita Bone Flavors Small Dog Treats, 24 oz box, UPC 012623 732404, American Nutrition, Inc., Ogden, UT.",19032 cases,Dog treats were made from peanut product being recalled by PCA because of possible Salmonella contamination.,02/10/2009,N/A,04/06/2012,,N/A,,,,,,,
Veterinary,No,,69164,Terminated,Bimeda MTC Animal Health Inc.,420 Beaverdale Rd.,N/A,Cambridge,N/A,	N/A,Canada,Voluntary: Firm initiated,Letter,"US: IA, MN",V-166-2014,Class II,Ivermax (Ivermectin) 1% sterile solution is provided in a 500 mL plastic bottle suitable for use with automatic syringe equipment. Each bottle contains sufficient solution to treat 100 head of 550 lb (250 kg) cattle or 1000 head of 38 lb (17.3 kg) swine.,"1,022 bottles",This recall has been initiated due to incorrect information printed on the bottle carton.  Specifically the carton indicates that the manufacturing date was May 2014 where as the correct information (as indicated on the bottle) is that the expiry date is May 2014.  There is a chance that customers may use the product after the expiration date based on the carton label.  The bottle inside the carto,08/14/2014,09/29/2014,04/17/2018,10/08/2014,"Item Number: 1IVE038, Lot Number: 2E055",,,,,,,
Veterinary,No,,51025,Terminated,Carolina Prime Pet,131 Regal St,N/A,Murphy,NC,	28906-2602,United States,N/A,N/A,"AZ, FL, GA, IL, NV, NC, OH",V-172-2009,Class II,"Peanut butter filled 6 inch beef shank bones sold under the Carolina Prime Pet brand name and Salix Healthy-Hide brand name.  The product is packaged in clar plastic bags with a cardboard label.  The catalog item number for the Carolina Prime brand is 42007, UPC 6372554200; and for Healthy Hide brand is 33479, UPC 09109333479.  The Carolina Prime product is labeled in part, ""***CAROLINA PRIME Peanut Butter STUFFED Natural Smoked Bone 6"" Meaty BEEF SHANK ***"".  the Healthy-Hide product is labeled in part,""*** PEANUT BUTTER FILLED Salix Healthy-Hide REAL BONE DOG TREATS * Peanut Butter Filled BEEF SHANK BONE ** SALIX LLC Deerfield Beach FL ***"".",N/A,The product was manufactured using peanut butter recalled by Peanut Corporation of America because it has the potential to be contaminated with Salmonella.,01/26/2009,N/A,12/11/2013,,N/A,,,,,,,
Veterinary,No,,51337,Terminated,Alaska Wild Berry Products Inc,5225 Juneau St,N/A,Anchorage,AK,	99518-1483,United States,N/A,N/A,"Product was distributed to 4 Alaska Wild Berry Product Inc. retail stores located in Alaska (2 stores in Anchorage, 1 store in Homer and 1 store in Wasilla) and 1 internet sale in Grand Marias, MN.",V-181-2009,Class II,"Carrot Cake Dog Treats are sold under 3 different labels.  (1) Three large dog cookie treats in the shape of bones packaged in a blue, silver and clear cellophane bag that reads ""Filled With Fun - Carrot Cake Alaska Canine Cookies, Inc. A Division of Alaska Wild Berry Products, Inc. 5225 Juneau Street Anchorage, AK 99518 UPC 6 37231 00221 5"".  (2) Forty five medium sized dog cookie treats in the shape of bones Net Wt 15 oz (425 grams) packaged in a white, maroon, teal, and brown colored paper bag that reads ""ALASKA CANINE COOKIES Husk E. Dog ALASKAN ""WOOF"" PACK Alaska Canine Cookies, Inc. A Division of Alaska Wild Berry Products, Inc. 5225 Juneau Street Anchorage, AK 99518 ALASKA CANINE COOKIES TM, INC. P.O. Box 771574 Eagle River, Alaska 99577 UPC 6 37231 00221 5"".  (3) Twelve medium sized dog cookie treats in the shape of bones Net Wt. 5 oz (140 grams) packed in a clear, maroon, teal, and brown colored cellophane bag that reads ""YOU LUCKY DOG ALASKA CANINE COOKIES INC POLAR POOCH POUCH ALASKA CANINE COOKIES TM, INC. P.O. Box  771574 Eagle River, Alaska 99577 UPC 6 37231 00203 1"".",182 pieces,The product was manufactured using peanut products recalled by Peanut Corporation of America because it has the potential to be contaminated with Salmonella.,03/03/2009,N/A,05/22/2009,,N/A,,,,,,,
Veterinary,No,,51337,Terminated,Alaska Wild Berry Products Inc,5225 Juneau St,N/A,Anchorage,AK,	99518-1483,United States,N/A,N/A,"Product was distributed to 4 Alaska Wild Berry Product Inc. retail stores located in Alaska (2 stores in Anchorage, 1 store in Homer and 1 store in Wasilla) and 1 internet sale in Grand Marias, MN.",V-182-2009,Class II,"Power dog treats are sold under 2 different labels.  (1) Three large dog cookie treats in the shape of bones packaged in a red, silver and clear cellophane bag that reads ""Filled With Fun-Power Bone Alaska Canine Cookies, Inc. A Division of Alaska Wild Berry Products, Inc. 5225 Juneau Street Anchorage, AK 99518 UPC 6 37231 00220 8"".  (2) Forty five medium sized dog cookie treats in the shape of bones Net Wt 15 oz (425 grams) packaged in a white, maroon, teal, and brown colored paper bag that reads ""ALASKA CANINE COOKIES Husk E. Dog ALASKAN ""WOOF"" PACK ALASKA CANINE COOKIES INC. 907 E. Dowling Rd., #10 Anchorage, Alaska 99518 ALASKA CANINE COOKIES TM, INC. P.O. Box 771574 Eagle River, Alaska 99577 UPC 6 37231 00200 0"".",98 pieces,The product was manufactured using peanut products recalled by Peanut Corporation of America because it has the potential to be contaminated with Salmonella.,03/03/2009,N/A,05/22/2009,,N/A,,,,,,,
Veterinary,No,,51337,Terminated,Alaska Wild Berry Products Inc,5225 Juneau St,N/A,Anchorage,AK,	99518-1483,United States,N/A,N/A,"Product was distributed to 4 Alaska Wild Berry Product Inc. retail stores located in Alaska (2 stores in Anchorage, 1 store in Homer and 1 store in Wasilla) and 1 internet sale in Grand Marias, MN.",V-183-2009,Class II,"Peanut Butter dog treats are sold under 2 different labels.  (1) Three large dog cookie treats in the shape of bones packaged in a gold and clear cellophane bag that reads ""Filled With Fun - Peanut Butter Alaska Canine Cookies, Inc. A Division of Alaska Wild Berry Products, Inc. 5225 Juneau Street Anchorage, AK 99518 UPC 6 37231 00210 9"".  (2) Forty five medium sized dog cookie treats in the shape of bones Net Wt 15 oz (425 grams) packaged in a white, maroon, teal, and brown colored paper bag that reads ""ALASKA CANINE COOKIES Husk E. Dog ALASKAN ""WOOF"" PACK ALASKA CANINE COOKIES INC. 907 E. Dowling Rd., #10 Anchorage, Alaska 99518 ALASKA CANINE COOKIES TM, INC. P.O. Box 771574 Eagle River, Alaska 99577 UPC 6 37231 00200 0"".",156 pieces,The product was manufactured using peanut products recalled by Peanut Corporation of America because it has the potential to be contaminated with Salmonella.,03/03/2009,N/A,05/22/2009,,N/A,,,,,,,
Veterinary,No,,51337,Terminated,Alaska Wild Berry Products Inc,5225 Juneau St,N/A,Anchorage,AK,	99518-1483,United States,N/A,N/A,"Product was distributed to 4 Alaska Wild Berry Product Inc. retail stores located in Alaska (2 stores in Anchorage, 1 store in Homer and 1 store in Wasilla) and 1 internet sale in Grand Marias, MN.",V-184-2009,Class II,"White Carob Coated Peanut Butter Lollipup dog treats are packed in a clear plastic bag that reads ""ALASKA CANINE COOKIES TM MADE IN ALASKA Husk  E. Dog  Net wt. 1 ounce ALASKA CANINE COOKIES, INC 907 East Dowling Road Suite #10 Anchorage, AK 99518 UPC 6 37231 00202 6"".",602 pieces,The product was manufactured using peanut butter recalled by Peanut Corporation of America because it has the potential to be contaminated with Salmonella.,03/03/2009,N/A,05/22/2009,,N/A,,,,,,,
Veterinary,No,,51783,Terminated,R & R Distributors,2727 Clydo Rd,"Bay 7, 8, & 9",Jacksonville,FL,	32207,United States,N/A,N/A,"Products were distributed nationwide to a limited number of retail stores, individuals, and online through Amazon.com.",V-185-2009,Class II,"Dog Treats: Bark Bars is a Registered Trademark of  American Health Kennels, Inc. Pompano Beach, FL 33064 954-781-0730.     Bark Bars Peanut Butter Crunch, 12 oz box UPC 725999001103.  Bark Bars Brownie Delight, 12 oz box UPC 725999003107.  Bark Bars Peanut Butter 2.5 lb Plastic Container UPC 725999005064.  Bark Bars Peanut Butter Bars Jumbo 20 Ct Tray UPC 725999000168.  Bark Bars Carbo & Peanut Butter 2.5 lb Plastic Container UPC 725999005071.  Bark Bars Milk & Cookies 4 oz carton UPC 725999333808.  Bark Bars Animal Snackers 3.5 oz box 725999512098.  Bark Bars Peanut Butter 6 oz Smiles UPC 725999530009.  Bark Bars Assortment 100 Count Peanut Butter/Carbo UPC 72599952590.      ",unknown,"Bark Bars products distributed by R&R Distributors, Jacksonville, FL is being recalled because it has the potential to be contaminated with Salmonella.  The products were manufactured using peanut butter recalled by Peanut Corporation of America because it has the potential to be contaminated with Salmonella.",02/27/2009,N/A,05/24/2011,,N/A,,,,,,,
Veterinary,No,,64061,Terminated,Del Monte Foods Corp,300 Clay St,N/A,San Francisco,CA,	94111-3403,United States,Voluntary: Firm initiated,E-Mail,Nationally to >200 consignees,V-196-2013,Class II,"All Sizes Milo's Kitchen home style dog treats - Chicken Jerky 3.3 oz UPC 079100504718, 14 oz. UPC 079100510771, 20 oz. UPC 079100504688",1.97 MM,"On 01/07/2013, New York State's Department of Agriculture informed the U.S. Food and Drug Administration (FDA) and the Company that trace amounts of residual antibiotics had been found in several lots of MiIo's Kitchen Chicken Jerky and Chicken Grillers. After consultation with the New York Department of Agriculture and FDA, the company decided to voluntarily recall Milos Kitchen Chicken Jerky and",01/09/2013,06/12/2013,04/19/2019,06/19/2013,UPC:079100504718; UPC:079100510771; UPC:079100504688,,,,,,,
Veterinary,No,,64061,Terminated,Del Monte Foods Corp,300 Clay St,N/A,San Francisco,CA,	94111-3403,United States,Voluntary: Firm initiated,E-Mail,Nationally to >200 consignees,V-197-2013,Class II,All Sizes: Milo's Kitchen brand Chicken Grillers home style dog treats; Chicken Recipe with natural smoked flavor.  3.3 oz UPC 079100513109; 14 oz. UPC 079100513123; 20 oz UPC 079100513130.,.43 MM cases,"On 01/07/2013, New York State's Department of Agriculture informed the U.S. Food and Drug Administration (FDA) and the Company that trace amounts of residual antibiotics had been found in several lots of MiIo's Kitchen Chicken Jerky and Chicken Grillers. After consultation with the New York Department of Agriculture and FDA, the company decided to voluntarily recall Milo's Kitchen Chicken Jerky an",01/09/2013,06/12/2013,04/19/2019,06/19/2013,UPC ITEM CODES: UPC 079100513109; UPC 079100513123; UPC 079100513130,,,,,,,
Veterinary,No,,64064,Terminated,IMS Trading Corp.,34 Passaic St,N/A,Wood Ridge,NJ,	07075-1004,United States,Voluntary: Firm initiated,"Two or more of the following: Email, Fax, Letter, Press Release, Telephone, Visit",Nationwide.,V-207-2013,Class II,"Companion Chicken Breast Fillet Jerky Strips Dog Treats   a) Net Wt 3.3 oz (94 g) .  UPC 688267076862    b) Net Wt 14 oz (397g)   UPC 688267077449      Distributed by Foodhold USA, LLC Landover, MD 20785  Product of China","3.3 oz - 17,280 units; 14 oz. - 13,260 units",NYSDAM Analysis has revealed the presence of unapproved antibiotics in Cadet Gourmet Chicken Breast Pet Treats.,01/08/2013,06/12/2013,11/20/2013,06/19/2013,All codes,,,,,,,
Veterinary,No,,62922,Terminated,Breadfarm,5766 Cain's Ct,N/A,Bow,WA,	98232-9200,United States,Voluntary: Firm initiated,Telephone,Retail sales at firm only.,V-208-2012,Class II,"""Sirius Dog Treats"". Bone-shaped treats packaged 10 each in a cellophane package",144 packages each containing 10 treats,The wheat germ used by the firm to make their products was recalled by the wheat germ manufacturer because it was potentially contaminated with metal fragments approximately 0.5mm in diameter and 3-15mm in length.  The contamination occurred at the raw ingredient manufacturer.,06/26/2012,09/07/2012,09/07/2012,09/19/2012,"""126"", ""136"", ""143"" and ""150"". These are the julian dates that the dough was made, baked and packaged.",,,,,,,
Veterinary,No,,51435,Terminated,Des Moines Feed Co,2010 Hubbell Avenue,N/A,Des Moines,IA,	50317-5209,United States,N/A,N/A,"Product was distributed to retail stores in the states of IA, AZ, OK.",V-219-2009,Class II,"Parkview Bushy Tail Treat wild animal feed, packaged in 8 lb, 20 lb and 40 lb bags.  Manufactured by Des Moines Feed Company, Des Moines, IA.",undeterminable - records not available,The animal food was made with peanuts from Peanut Corporation of America (PCA) that have the potential to be contaminated with Salmonella.,03/09/2009,N/A,06/11/2009,,N/A,,,,,,,
Veterinary,No,,65316,Terminated,RI Textile Company,211 Columbus Ave,N/A,Pawtucket,RI,	02861-3404,United States,Voluntary: Firm initiated,"Two or more of the following: Email, Fax, Letter, Press Release, Telephone, Visit",Nationwide,V-225-2013,Class II,"Pet Shoppe Chicken Jerky premium chicken dog treats, packaged in 20 ounce bags and 3.5 ounce bags.  Distributed by Walgreen Co. Deerfield , IL  Product Code: 7NPS420672 (3.5 ounce) and 7NPS420673 (20 ounce)      Made in China",20 oz -61348 bags and 3.2 oz -16031  bags,Pet treats contain trace amount of  antibiotics,05/24/2013,07/16/2013,08/20/2019,07/24/2013,"Lot Number/Best By Date:    Y101E28B12884 ,  3.5 oz (Best By: 06/26/2014)  Y101I16B15284  , 20 oz  (Best By: 10/03/2014)  Y101H29B15029 , 20 oz  (Best By: 09/19/2014)  Y101H16B12775, 20  oz. (Best By: 08/29/2014)",,,,,,,
Veterinary,No,,72680,Terminated,"Fritz Industries, Inc",2950 Executive Blvd,N/A,Mesquite,TX,	75149-2802,United States,Voluntary: Firm initiated,"Two or more of the following: Email, Fax, Letter, Press Release, Telephone, Visit","IL, TX, CA, WA, NJ, FL, IN, NY, KY, OH, PA, SC, OK",V-406-2016,Class II,Fritz Aquatics Mardel Coppersafe Provides Relief From Unwelcome Parasites Net 1 Gallon (3.8L)  Treats 3024 Gallons; Fritz Aquatics Mardel Coppersafe Provides Relief From Unwelcome Parasites Net 16 FL OZ (473mL) Treats 378 Gallons; NDC: 53745-013-38; OTC,368 gallons,"Incorrect dosage instructions were printed on the labels. Upon use, the incorrect instructions would result in a 217% increase in active ingredient concentration.",12/15/2014,03/09/2016,08/02/2016,03/16/2016,Lot Number: 2824FID101 Expiration: 10/9/2016 and 3244FID101 Expiration: 11/20/2016,,,,,,,
