Product Type,Recently Updated Record,Last Modified Date,Event ID,Status,Recalling Firm,Address1,Address2,City,State/Province,Postal Code,Country,Voluntary/Mandated,Initial Firm Notification of Consignee or Public,Distribution Pattern,Recall Number,Classification,Product Description,Product Quantity,Reason for Recall,Recall Initiation Date,Center Classification Date,Termination Date,Report Date,Code Info
Veterinary,No,,63185,Terminated,Kelly Foods Corporation,10313 Old Ocean City Blvd,N/A,Berlin,MD,	21811-1132,United States,Voluntary: Firm initiated,Telephone,"Product distributed to AR, DC, DE, IA, IL, IN, KS, KY, MA, MD, ME, MI, MN, MO, ND, NE, NH, NJ, NY, OH, OK, PA, RI, SD, TX, VA, WI, WV.",V-001-2013,Class II,"Bil-Jac brand Adult Select Formula Dog Food, 6 lb bags, 4bags/case, bags labled in part ***Manufactured by Kelly Foods Corp, Berlin, MD 21811***UPC 731794001095***",1024 bags,Dry dog food may contain mold.,08/23/2012,10/02/2012,11/19/2012,10/10/2012,1792-02 (exp 27 Dec 2013)
Veterinary,No,,61820,Terminated,Diamond Pet Foods,103 N Olive St,PO Box 156,Meta,MO,	65058-0156,United States,Voluntary: Firm initiated,"Two or more of the following: Email, Fax, Letter, Press Release, Telephone, Visit",US/Nationwide; Canada; Belize; Costa Rica; Domincan Republic; Guatemala; Hong Kong; Jamaica; Jordan; Japan; Kuwait; Kazakhstan; Lebanon; Sri Lanka; Malasia; Nigeria; Philippines; Pakistan; Russia; Singapore; El Salvadore; Thailand; Trinidad and Tobago; Taiwan,V-002-2013,Class I,"Country Value Dog Adult, Net Wt. 50 lbs, Made by Schell and Kampeter, Meta, Missouri 65058","Approx. 1,153,000 lbs (for all Country Value products)",Product was found to be contaminated with Salmonella.,05/04/2012,10/19/2012,05/27/2014,10/31/2012,Products (all sizes) with Best Before dates between 9-DEC-2012 and 7-APR-2013; Lot codes with a number '2' or '3' in the 9th position AND an 'X' in the 10th or 11th position.
Veterinary,No,,61820,Terminated,Diamond Pet Foods,103 N Olive St,PO Box 156,Meta,MO,	65058-0156,United States,Voluntary: Firm initiated,"Two or more of the following: Email, Fax, Letter, Press Release, Telephone, Visit",US/Nationwide; Canada; Belize; Costa Rica; Domincan Republic; Guatemala; Hong Kong; Jamaica; Jordan; Japan; Kuwait; Kazakhstan; Lebanon; Sri Lanka; Malasia; Nigeria; Philippines; Pakistan; Russia; Singapore; El Salvadore; Thailand; Trinidad and Tobago; Taiwan,V-003-2013,Class I,"Country Value Hi Energy Dog Formula, Net Wt. 50 lbs, Made by Schell and Kampeter, Meta, Missouri 65058.","Approx. 1,153,000 lbs (for all Country Value products)",Product was found to be contaminated with Salmonella.,05/04/2012,10/19/2012,05/27/2014,10/31/2012,Products (all sizes) with Best Before dates between 9-DEC-2012 and 7-APR-2013; Lot codes with a number '2' or '3' in the 9th position AND an 'X' in the 10th or 11th position.
Veterinary,No,,61820,Terminated,Diamond Pet Foods,103 N Olive St,PO Box 156,Meta,MO,	65058-0156,United States,Voluntary: Firm initiated,"Two or more of the following: Email, Fax, Letter, Press Release, Telephone, Visit",US/Nationwide; Canada; Belize; Costa Rica; Domincan Republic; Guatemala; Hong Kong; Jamaica; Jordan; Japan; Kuwait; Kazakhstan; Lebanon; Sri Lanka; Malasia; Nigeria; Philippines; Pakistan; Russia; Singapore; El Salvadore; Thailand; Trinidad and Tobago; Taiwan,V-004-2013,Class I,"Country Value Puppy Formula, Net Wt. 50 lbs, Made by Schell and Kampeter, Meta, Missouri 65058.","Approx. 1,153,000 lbs (for all Country Value products)",Product was found to be contaminated with Salmonella.,05/04/2012,10/19/2012,05/27/2014,10/31/2012,Products (all sizes) with Best Before dates between 9-DEC-2012 and 7-APR-2013; Lot codes with a number '2' or '3' in the 9th position AND an 'X' in the 10th or 11th position.
Veterinary,No,,61820,Terminated,Diamond Pet Foods,103 N Olive St,PO Box 156,Meta,MO,	65058-0156,United States,Voluntary: Firm initiated,"Two or more of the following: Email, Fax, Letter, Press Release, Telephone, Visit",US/Nationwide; Canada; Belize; Costa Rica; Domincan Republic; Guatemala; Hong Kong; Jamaica; Jordan; Japan; Kuwait; Kazakhstan; Lebanon; Sri Lanka; Malasia; Nigeria; Philippines; Pakistan; Russia; Singapore; El Salvadore; Thailand; Trinidad and Tobago; Taiwan,V-005-2013,Class I,"Country Value Cat Formula, Net Wt. 40 lbs, Made by Schell and Kampeter, Meta, Missouri 65058.","Approx. 1,153,000 lbs (for all Country Value products)",Product was found to be contaminated with Salmonella.,05/04/2012,10/19/2012,05/27/2014,10/31/2012,Products (all sizes) with Best Before dates between 9-DEC-2012 and 7-APR-2013; Lot codes with a number '2' or '3' in the 9th position AND an 'X' in the 10th or 11th position.
Veterinary,No,,61820,Terminated,Diamond Pet Foods,103 N Olive St,PO Box 156,Meta,MO,	65058-0156,United States,Voluntary: Firm initiated,"Two or more of the following: Email, Fax, Letter, Press Release, Telephone, Visit",US/Nationwide; Canada; Belize; Costa Rica; Domincan Republic; Guatemala; Hong Kong; Jamaica; Jordan; Japan; Kuwait; Kazakhstan; Lebanon; Sri Lanka; Malasia; Nigeria; Philippines; Pakistan; Russia; Singapore; El Salvadore; Thailand; Trinidad and Tobago; Taiwan,V-006-2013,Class I,"Diamond Pet Foods Maintenance Dog, Net Wt. 50 lbs., Made by Diamond Pet Food, Meta, Missouri 65058.",unknown,Product was found to be contaminated with Salmonella.,05/04/2012,10/19/2012,05/27/2014,10/31/2012,Products (all sizes) with Best Before dates between 9-DEC-2012 and 7-APR-2013; Lot codes with a number '2' or '3' in the 9th position AND an 'X' in the 10th or 11th position.
Veterinary,No,,61820,Terminated,Diamond Pet Foods,103 N Olive St,PO Box 156,Meta,MO,	65058-0156,United States,Voluntary: Firm initiated,"Two or more of the following: Email, Fax, Letter, Press Release, Telephone, Visit",US/Nationwide; Canada; Belize; Costa Rica; Domincan Republic; Guatemala; Hong Kong; Jamaica; Jordan; Japan; Kuwait; Kazakhstan; Lebanon; Sri Lanka; Malasia; Nigeria; Philippines; Pakistan; Russia; Singapore; El Salvadore; Thailand; Trinidad and Tobago; Taiwan,V-007-2013,Class I,"Diamond Pet Foods Puppy, Net Wt. 40 lbs., Made by Diamond Pet Food, Meta, Missouri 65058.",unknown,Product was found to be contaminated with Salmonella.,05/04/2012,10/19/2012,05/27/2014,10/31/2012,Products (all sizes) with Best Before dates between 9-DEC-2012 and 7-APR-2013; Lot codes with a number '2' or '3' in the 9th position AND an 'X' in the 10th or 11th position.
Veterinary,No,,61820,Terminated,Diamond Pet Foods,103 N Olive St,PO Box 156,Meta,MO,	65058-0156,United States,Voluntary: Firm initiated,"Two or more of the following: Email, Fax, Letter, Press Release, Telephone, Visit",US/Nationwide; Canada; Belize; Costa Rica; Domincan Republic; Guatemala; Hong Kong; Jamaica; Jordan; Japan; Kuwait; Kazakhstan; Lebanon; Sri Lanka; Malasia; Nigeria; Philippines; Pakistan; Russia; Singapore; El Salvadore; Thailand; Trinidad and Tobago; Taiwan,V-008-2013,Class I,"Diamond Pet Foods Premium Adult Dog, Net Wt. 50 lbs., Made by Diamond Pet Food, Meta, Missouri 65058.",unknown,Product was found to be contaminated with Salmonella.,05/04/2012,10/19/2012,05/27/2014,10/31/2012,Products (all sizes) with Best Before dates between 9-DEC-2012 and 7-APR-2013; Lot codes with a number '2' or '3' in the 9th position AND an 'X' in the 10th or 11th position.
Veterinary,No,,61820,Terminated,Diamond Pet Foods,103 N Olive St,PO Box 156,Meta,MO,	65058-0156,United States,Voluntary: Firm initiated,"Two or more of the following: Email, Fax, Letter, Press Release, Telephone, Visit",US/Nationwide; Canada; Belize; Costa Rica; Domincan Republic; Guatemala; Hong Kong; Jamaica; Jordan; Japan; Kuwait; Kazakhstan; Lebanon; Sri Lanka; Malasia; Nigeria; Philippines; Pakistan; Russia; Singapore; El Salvadore; Thailand; Trinidad and Tobago; Taiwan,V-009-2013,Class I,"Diamond Pet Foods Senior 8+, Chicken, Egg & Oatmeal Dog Formula,  Net Wt. 35 lbs., Made by Diamond Pet Food, Meta, Missouri 65058.",unknown,Product was found to be contaminated with Salmonella.,05/04/2012,10/19/2012,05/27/2014,10/31/2012,Products (all sizes) with Best Before dates between 9-DEC-2012 and 7-APR-2013; Lot codes with a number '2' or '3' in the 9th position AND an 'X' in the 10th or 11th position.
Veterinary,No,,61820,Terminated,Diamond Pet Foods,103 N Olive St,PO Box 156,Meta,MO,	65058-0156,United States,Voluntary: Firm initiated,"Two or more of the following: Email, Fax, Letter, Press Release, Telephone, Visit",US/Nationwide; Canada; Belize; Costa Rica; Domincan Republic; Guatemala; Hong Kong; Jamaica; Jordan; Japan; Kuwait; Kazakhstan; Lebanon; Sri Lanka; Malasia; Nigeria; Philippines; Pakistan; Russia; Singapore; El Salvadore; Thailand; Trinidad and Tobago; Taiwan,V-010-2013,Class I,"Diamond Pet Foods Original Dog, Net Wt. 50 lbs., Made by Diamond Pet Food, Meta, Missouri 65058.",unknown,Product was found to be contaminated with Salmonella.,05/04/2012,10/19/2012,05/27/2014,10/31/2012,Products (all sizes) with Best Before dates between 9-DEC-2012 and 7-APR-2013; Lot codes with a number '2' or '3' in the 9th position AND an 'X' in the 10th or 11th position.
Veterinary,No,,61820,Terminated,Diamond Pet Foods,103 N Olive St,PO Box 156,Meta,MO,	65058-0156,United States,Voluntary: Firm initiated,"Two or more of the following: Email, Fax, Letter, Press Release, Telephone, Visit",US/Nationwide; Canada; Belize; Costa Rica; Domincan Republic; Guatemala; Hong Kong; Jamaica; Jordan; Japan; Kuwait; Kazakhstan; Lebanon; Sri Lanka; Malasia; Nigeria; Philippines; Pakistan; Russia; Singapore; El Salvadore; Thailand; Trinidad and Tobago; Taiwan,V-011-2013,Class I,"Diamond Pet Foods Hi Energy Sporting, Net Wt. 50 lbs., Made by Diamond Pet Food, Meta, Missouri 65058.",unknown,Product was found to be contaminated with Salmonella.,05/04/2012,10/19/2012,05/27/2014,10/31/2012,Products (all sizes) with Best Before dates between 9-DEC-2012 and 7-APR-2013; Lot codes with a number '2' or '3' in the 9th position AND an 'X' in the 10th or 11th position.
Veterinary,No,,61820,Terminated,Diamond Pet Foods,103 N Olive St,PO Box 156,Meta,MO,	65058-0156,United States,Voluntary: Firm initiated,"Two or more of the following: Email, Fax, Letter, Press Release, Telephone, Visit",US/Nationwide; Canada; Belize; Costa Rica; Domincan Republic; Guatemala; Hong Kong; Jamaica; Jordan; Japan; Kuwait; Kazakhstan; Lebanon; Sri Lanka; Malasia; Nigeria; Philippines; Pakistan; Russia; Singapore; El Salvadore; Thailand; Trinidad and Tobago; Taiwan,V-012-2013,Class I,"Diamond Pet Foods Performance Dog, Net Wt. 40 lbs., Made by Diamond Pet Food, Meta, Missouri 65058.",unknown,Product was found to be contaminated with Salmonella.,05/04/2012,10/19/2012,05/27/2014,10/31/2012,Products (all sizes) with Best Before dates between 9-DEC-2012 and 7-APR-2013; Lot codes with a number '2' or '3' in the 9th position AND an 'X' in the 10th or 11th position.
Veterinary,No,,61820,Terminated,Diamond Pet Foods,103 N Olive St,PO Box 156,Meta,MO,	65058-0156,United States,Voluntary: Firm initiated,"Two or more of the following: Email, Fax, Letter, Press Release, Telephone, Visit",US/Nationwide; Canada; Belize; Costa Rica; Domincan Republic; Guatemala; Hong Kong; Jamaica; Jordan; Japan; Kuwait; Kazakhstan; Lebanon; Sri Lanka; Malasia; Nigeria; Philippines; Pakistan; Russia; Singapore; El Salvadore; Thailand; Trinidad and Tobago; Taiwan,V-013-2013,Class I,"Diamond Pet Foods Indoor Cat Formula, Net Wt. 18 lbs., Made by Diamond Pet Food, Meta, Missouri 65058.",unknown,Product was found to be contaminated with Salmonella.,05/04/2012,10/19/2012,05/27/2014,10/31/2012,Products (all sizes) with Best Before dates between 9-DEC-2012 and 7-APR-2013; Lot codes with a number '2' or '3' in the 9th position AND an 'X' in the 10th or 11th position.
Veterinary,No,,61820,Terminated,Diamond Pet Foods,103 N Olive St,PO Box 156,Meta,MO,	65058-0156,United States,Voluntary: Firm initiated,"Two or more of the following: Email, Fax, Letter, Press Release, Telephone, Visit",US/Nationwide; Canada; Belize; Costa Rica; Domincan Republic; Guatemala; Hong Kong; Jamaica; Jordan; Japan; Kuwait; Kazakhstan; Lebanon; Sri Lanka; Malasia; Nigeria; Philippines; Pakistan; Russia; Singapore; El Salvadore; Thailand; Trinidad and Tobago; Taiwan,V-014-2013,Class I,"Diamond Pet Foods Maintenance Cat, Net Wt. 40 lbs., Made by Diamond Pet Food, Meta, Missouri 65058.",unknown,Product was found to be contaminated with Salmonella.,05/04/2012,10/19/2012,05/27/2014,10/31/2012,Products (all sizes) with Best Before dates between 9-DEC-2012 and 7-APR-2013; Lot codes with a number '2' or '3' in the 9th position AND an 'X' in the 10th or 11th position.
Veterinary,No,,61820,Terminated,Diamond Pet Foods,103 N Olive St,PO Box 156,Meta,MO,	65058-0156,United States,Voluntary: Firm initiated,"Two or more of the following: Email, Fax, Letter, Press Release, Telephone, Visit",US/Nationwide; Canada; Belize; Costa Rica; Domincan Republic; Guatemala; Hong Kong; Jamaica; Jordan; Japan; Kuwait; Kazakhstan; Lebanon; Sri Lanka; Malasia; Nigeria; Philippines; Pakistan; Russia; Singapore; El Salvadore; Thailand; Trinidad and Tobago; Taiwan,V-015-2013,Class I,"Diamond Pet Foods Naturals Small Breed Puppy, Net Wt. 40 lbs., Made by Diamond Pet Food, Meta, Missouri 65058.",unknown,Product was found to be contaminated with Salmonella.,05/04/2012,10/19/2012,05/27/2014,10/31/2012,Products (all sizes) with Best Before dates between 9-DEC-2012 and 7-APR-2013; Lot codes with a number '2' or '3' in the 9th position AND an 'X' in the 10th or 11th position.
Veterinary,No,,61820,Terminated,Diamond Pet Foods,103 N Olive St,PO Box 156,Meta,MO,	65058-0156,United States,Voluntary: Firm initiated,"Two or more of the following: Email, Fax, Letter, Press Release, Telephone, Visit",US/Nationwide; Canada; Belize; Costa Rica; Domincan Republic; Guatemala; Hong Kong; Jamaica; Jordan; Japan; Kuwait; Kazakhstan; Lebanon; Sri Lanka; Malasia; Nigeria; Philippines; Pakistan; Russia; Singapore; El Salvadore; Thailand; Trinidad and Tobago; Taiwan,V-016-2013,Class I,"Diamond Pet Foods Naturals Large Breed Puppy Lamb & Rice, Net Wt. 140 lbs. Made by Diamond Pet Food, Meta, Missouri 65058.",unknown,Product was found to be contaminated with Salmonella.,05/04/2012,10/19/2012,05/27/2014,10/31/2012,Products (all sizes) with Best Before dates between 9-DEC-2012 and 7-APR-2013; Lot codes with a number '2' or '3' in the 9th position AND an 'X' in the 10th or 11th position.
Veterinary,No,,61820,Terminated,Diamond Pet Foods,103 N Olive St,PO Box 156,Meta,MO,	65058-0156,United States,Voluntary: Firm initiated,"Two or more of the following: Email, Fax, Letter, Press Release, Telephone, Visit",US/Nationwide; Canada; Belize; Costa Rica; Domincan Republic; Guatemala; Hong Kong; Jamaica; Jordan; Japan; Kuwait; Kazakhstan; Lebanon; Sri Lanka; Malasia; Nigeria; Philippines; Pakistan; Russia; Singapore; El Salvadore; Thailand; Trinidad and Tobago; Taiwan,V-017-2013,Class I,"Diamond Pet Foods Naturals Lamb Meal & Rice Adult Dog, Net Wt. 40 lbs, Made by Diamond Pet Food, Meta, Missouri 65058.",unknown,Product was found to be contaminated with Salmonella.,05/04/2012,10/19/2012,05/27/2014,10/31/2012,Products (all sizes) with Best Before dates between 9-DEC-2012 and 7-APR-2013; Lot codes with a number '2' or '3' in the 9th position AND an 'X' in the 10th or 11th position.
Veterinary,No,,61820,Terminated,Diamond Pet Foods,103 N Olive St,PO Box 156,Meta,MO,	65058-0156,United States,Voluntary: Firm initiated,"Two or more of the following: Email, Fax, Letter, Press Release, Telephone, Visit",US/Nationwide; Canada; Belize; Costa Rica; Domincan Republic; Guatemala; Hong Kong; Jamaica; Jordan; Japan; Kuwait; Kazakhstan; Lebanon; Sri Lanka; Malasia; Nigeria; Philippines; Pakistan; Russia; Singapore; El Salvadore; Thailand; Trinidad and Tobago; Taiwan,V-018-2013,Class I,"Diamond Pet Foods Naturals Beef Meal & Rice Adult Dog, Net Wt. 40 lbs., Made by Diamond Pet Food, Meta, Missouri 65058",unknown,Product was found to be contaminated with Salmonella.,05/04/2012,10/19/2012,05/27/2014,10/31/2012,Products (all sizes) with Best Before dates between 9-DEC-2012 and 7-APR-2013; Lot codes with a number '2' or '3' in the 9th position AND an 'X' in the 10th or 11th position.
Veterinary,No,,61820,Terminated,Diamond Pet Foods,103 N Olive St,PO Box 156,Meta,MO,	65058-0156,United States,Voluntary: Firm initiated,"Two or more of the following: Email, Fax, Letter, Press Release, Telephone, Visit",US/Nationwide; Canada; Belize; Costa Rica; Domincan Republic; Guatemala; Hong Kong; Jamaica; Jordan; Japan; Kuwait; Kazakhstan; Lebanon; Sri Lanka; Malasia; Nigeria; Philippines; Pakistan; Russia; Singapore; El Salvadore; Thailand; Trinidad and Tobago; Taiwan,V-019-2013,Class I,"Diamond Pet Foods Naturals Large Breed Adult Dog Lamb & Rice, Net Wt. 40 lbs. Made by Diamond Pet Food, Meta, Missouri 65058.",unknown,Product was found to be contaminated with Salmonella.,05/04/2012,10/19/2012,05/27/2014,10/31/2012,Products (all sizes) with Best Before dates between 9-DEC-2012 and 7-APR-2013; Lot codes with a number '2' or '3' in the 9th position AND an 'X' in the 10th or 11th position.
Veterinary,No,,61820,Terminated,Diamond Pet Foods,103 N Olive St,PO Box 156,Meta,MO,	65058-0156,United States,Voluntary: Firm initiated,"Two or more of the following: Email, Fax, Letter, Press Release, Telephone, Visit",US/Nationwide; Canada; Belize; Costa Rica; Domincan Republic; Guatemala; Hong Kong; Jamaica; Jordan; Japan; Kuwait; Kazakhstan; Lebanon; Sri Lanka; Malasia; Nigeria; Philippines; Pakistan; Russia; Singapore; El Salvadore; Thailand; Trinidad and Tobago; Taiwan,V-020-2013,Class I,"Diamond Pet Foods Naturals Large Breed 60+ Adult Dog, Net Wt. 40 lbs., Made by Diamond Pet Food, Meta, Missouri 65058.",unknown,Product was found to be contaminated with Salmonella.,05/04/2012,10/19/2012,05/27/2014,10/31/2012,Products (all sizes) with Best Before dates between 9-DEC-2012 and 7-APR-2013; Lot codes with a number '2' or '3' in the 9th position AND an 'X' in the 10th or 11th position.
Veterinary,No,,61820,Terminated,Diamond Pet Foods,103 N Olive St,PO Box 156,Meta,MO,	65058-0156,United States,Voluntary: Firm initiated,"Two or more of the following: Email, Fax, Letter, Press Release, Telephone, Visit",US/Nationwide; Canada; Belize; Costa Rica; Domincan Republic; Guatemala; Hong Kong; Jamaica; Jordan; Japan; Kuwait; Kazakhstan; Lebanon; Sri Lanka; Malasia; Nigeria; Philippines; Pakistan; Russia; Singapore; El Salvadore; Thailand; Trinidad and Tobago; Taiwan,V-021-2013,Class I,"Diamond Pet Foods Naturals Chicken & Rice Adult Dog, Net Wt. 40 lbs, Made by Diamond Pet Food, Meta, Missouri 65058.",unknown,Product was found to be contaminated with Salmonella.,05/04/2012,10/19/2012,05/27/2014,10/31/2012,Products (all sizes) with Best Before dates between 9-DEC-2012 and 7-APR-2013; Lot codes with a number '2' or '3' in the 9th position AND an 'X' in the 10th or 11th position.
Veterinary,No,,61820,Terminated,Diamond Pet Foods,103 N Olive St,PO Box 156,Meta,MO,	65058-0156,United States,Voluntary: Firm initiated,"Two or more of the following: Email, Fax, Letter, Press Release, Telephone, Visit",US/Nationwide; Canada; Belize; Costa Rica; Domincan Republic; Guatemala; Hong Kong; Jamaica; Jordan; Japan; Kuwait; Kazakhstan; Lebanon; Sri Lanka; Malasia; Nigeria; Philippines; Pakistan; Russia; Singapore; El Salvadore; Thailand; Trinidad and Tobago; Taiwan,V-022-2013,Class I,"Diamond Pet Foods Naturals Small Breed Adult Dog Chicken & Rice, Net Wt. 18 lbs. Made by Diamond Pet Food, Meta, Missouri 65058.",unknown,Product was found to be contaminated with Salmonella.,05/04/2012,10/19/2012,05/27/2014,10/31/2012,Products (all sizes) with Best Before dates between 9-DEC-2012 and 7-APR-2013; Lot codes with a number '2' or '3' in the 9th position AND an 'X' in the 10th or 11th position.
Veterinary,No,,61820,Terminated,Diamond Pet Foods,103 N Olive St,PO Box 156,Meta,MO,	65058-0156,United States,Voluntary: Firm initiated,"Two or more of the following: Email, Fax, Letter, Press Release, Telephone, Visit",US/Nationwide; Canada; Belize; Costa Rica; Domincan Republic; Guatemala; Hong Kong; Jamaica; Jordan; Japan; Kuwait; Kazakhstan; Lebanon; Sri Lanka; Malasia; Nigeria; Philippines; Pakistan; Russia; Singapore; El Salvadore; Thailand; Trinidad and Tobago; Taiwan,V-023-2013,Class I,"Diamond Pet Foods Naturals Small Breed Adult Dog Lamb & Rice, Net Wt. 18 lbs. Made by Diamond Pet Food, Meta, Missouri 65058.",unknown,Product was found to be contaminated with Salmonella.,05/04/2012,10/19/2012,05/27/2014,10/31/2012,Products (all sizes) with Best Before dates between 9-DEC-2012 and 7-APR-2013; Lot codes with a number '2' or '3' in the 9th position AND an 'X' in the 10th or 11th position.
Veterinary,No,,61820,Terminated,Diamond Pet Foods,103 N Olive St,PO Box 156,Meta,MO,	65058-0156,United States,Voluntary: Firm initiated,"Two or more of the following: Email, Fax, Letter, Press Release, Telephone, Visit",US/Nationwide; Canada; Belize; Costa Rica; Domincan Republic; Guatemala; Hong Kong; Jamaica; Jordan; Japan; Kuwait; Kazakhstan; Lebanon; Sri Lanka; Malasia; Nigeria; Philippines; Pakistan; Russia; Singapore; El Salvadore; Thailand; Trinidad and Tobago; Taiwan,V-024-2013,Class I,"Diamond Pet Foods Naturals Extreme Athlete Chicken & Rice, Net Wt. 40 lbs., Made by Diamond Pet Food, Meta, Missouri 65058.",unknown,Product was found to be contaminated with Salmonella.,05/04/2012,10/19/2012,05/27/2014,10/31/2012,Products (all sizes) with Best Before dates between 9-DEC-2012 and 7-APR-2013; Lot codes with a number '2' or '3' in the 9th position AND an 'X' in the 10th or 11th position.
Veterinary,No,,61820,Terminated,Diamond Pet Foods,103 N Olive St,PO Box 156,Meta,MO,	65058-0156,United States,Voluntary: Firm initiated,"Two or more of the following: Email, Fax, Letter, Press Release, Telephone, Visit",US/Nationwide; Canada; Belize; Costa Rica; Domincan Republic; Guatemala; Hong Kong; Jamaica; Jordan; Japan; Kuwait; Kazakhstan; Lebanon; Sri Lanka; Malasia; Nigeria; Philippines; Pakistan; Russia; Singapore; El Salvadore; Thailand; Trinidad and Tobago; Taiwan,V-025-2013,Class I,"Diamond Pet Foods Naturals Lite Lamb Meal & Rice Dog, Net Wt. 30 lbs. Made by Diamond Pet Food, Meta, Missouri 65058.",unknown,Product was found to be contaminated with Salmonella.,05/04/2012,10/19/2012,05/27/2014,10/31/2012,Products (all sizes) with Best Before dates between 9-DEC-2012 and 7-APR-2013; Lot codes with a number '2' or '3' in the 9th position AND an 'X' in the 10th or 11th position.
Veterinary,No,,61820,Terminated,Diamond Pet Foods,103 N Olive St,PO Box 156,Meta,MO,	65058-0156,United States,Voluntary: Firm initiated,"Two or more of the following: Email, Fax, Letter, Press Release, Telephone, Visit",US/Nationwide; Canada; Belize; Costa Rica; Domincan Republic; Guatemala; Hong Kong; Jamaica; Jordan; Japan; Kuwait; Kazakhstan; Lebanon; Sri Lanka; Malasia; Nigeria; Philippines; Pakistan; Russia; Singapore; El Salvadore; Thailand; Trinidad and Tobago; Taiwan,V-026-2013,Class I,"Diamond Pet Foods Naturals Active Cat Chicken & Rice, Net Wt. 18 lbs., Made by Diamond Pet Food, Meta, Missouri 65058.",unknown,Product was found to be contaminated with Salmonella.,05/04/2012,10/19/2012,05/27/2014,10/31/2012,Products (all sizes) with Best Before dates between 9-DEC-2012 and 7-APR-2013; Lot codes with a number '2' or '3' in the 9th position AND an 'X' in the 10th or 11th position.
Veterinary,No,,61820,Terminated,Diamond Pet Foods,103 N Olive St,PO Box 156,Meta,MO,	65058-0156,United States,Voluntary: Firm initiated,"Two or more of the following: Email, Fax, Letter, Press Release, Telephone, Visit",US/Nationwide; Canada; Belize; Costa Rica; Domincan Republic; Guatemala; Hong Kong; Jamaica; Jordan; Japan; Kuwait; Kazakhstan; Lebanon; Sri Lanka; Malasia; Nigeria; Philippines; Pakistan; Russia; Singapore; El Salvadore; Thailand; Trinidad and Tobago; Taiwan,V-027-2013,Class I,"Diamond Pet Foods Naturals Kitten, Net Wt. 6 lbs. Made by Diamond Pet Food, Meta, Missouri 65058.",unknown,Product was found to be contaminated with Salmonella.,05/04/2012,10/19/2012,05/27/2014,10/31/2012,Products (all sizes) with Best Before dates between 9-DEC-2012 and 7-APR-2013; Lot codes with a number '2' or '3' in the 9th position AND an 'X' in the 10th or 11th position.
Veterinary,No,,61820,Terminated,Diamond Pet Foods,103 N Olive St,PO Box 156,Meta,MO,	65058-0156,United States,Voluntary: Firm initiated,"Two or more of the following: Email, Fax, Letter, Press Release, Telephone, Visit",US/Nationwide; Canada; Belize; Costa Rica; Domincan Republic; Guatemala; Hong Kong; Jamaica; Jordan; Japan; Kuwait; Kazakhstan; Lebanon; Sri Lanka; Malasia; Nigeria; Philippines; Pakistan; Russia; Singapore; El Salvadore; Thailand; Trinidad and Tobago; Taiwan,V-028-2013,Class I,"Professional Adult Dog Chicken & Barley, Net Wt. 35 lbs., Professional Pet Foods, Meta Missouri, 65058.","Approx. 332,300 lbs (total for all Professional brand products).",Product was found to be contaminated with Salmonella.,05/04/2012,10/19/2012,05/27/2014,10/31/2012,Products (all sizes) with Best Before dates between 9-DEC-2012 and 7-APR-2013; Lot codes with a number '2' or '3' in the 9th position AND an 'X' in the 10th or 11th position.
Veterinary,No,,61820,Terminated,Diamond Pet Foods,103 N Olive St,PO Box 156,Meta,MO,	65058-0156,United States,Voluntary: Firm initiated,"Two or more of the following: Email, Fax, Letter, Press Release, Telephone, Visit",US/Nationwide; Canada; Belize; Costa Rica; Domincan Republic; Guatemala; Hong Kong; Jamaica; Jordan; Japan; Kuwait; Kazakhstan; Lebanon; Sri Lanka; Malasia; Nigeria; Philippines; Pakistan; Russia; Singapore; El Salvadore; Thailand; Trinidad and Tobago; Taiwan,V-029-2013,Class I,"Professional Adult Dog Lamb & Rice, Net Wt. 35 lbs., Professional Pet Foods, Meta Missouri, 65058.","Approx. 332,300 lbs (total for all Professional brand products).",Product was found to be contaminated with Salmonella.,05/04/2012,10/19/2012,05/27/2014,10/31/2012,Products (all sizes) with Best Before dates between 9-DEC-2012 and 7-APR-2013; Lot codes with a number '2' or '3' in the 9th position AND an 'X' in the 10th or 11th position.
Veterinary,No,,61820,Terminated,Diamond Pet Foods,103 N Olive St,PO Box 156,Meta,MO,	65058-0156,United States,Voluntary: Firm initiated,"Two or more of the following: Email, Fax, Letter, Press Release, Telephone, Visit",US/Nationwide; Canada; Belize; Costa Rica; Domincan Republic; Guatemala; Hong Kong; Jamaica; Jordan; Japan; Kuwait; Kazakhstan; Lebanon; Sri Lanka; Malasia; Nigeria; Philippines; Pakistan; Russia; Singapore; El Salvadore; Thailand; Trinidad and Tobago; Taiwan,V-030-2013,Class I,"Professional Adult Dog Low Fat Chicken & Rice, Net Wt. 35 lbs., Professional Pet Foods, Meta Missouri, 65058.","Approx. 332,300 lbs (total for all Professional brand products).",Product was found to be contaminated with Salmonella.,05/04/2012,10/19/2012,05/27/2014,10/31/2012,Products (all sizes) with Best Before dates between 9-DEC-2012 and 7-APR-2013; Lot codes with a number '2' or '3' in the 9th position AND an 'X' in the 10th or 11th position.
Veterinary,No,,61820,Terminated,Diamond Pet Foods,103 N Olive St,PO Box 156,Meta,MO,	65058-0156,United States,Voluntary: Firm initiated,"Two or more of the following: Email, Fax, Letter, Press Release, Telephone, Visit",US/Nationwide; Canada; Belize; Costa Rica; Domincan Republic; Guatemala; Hong Kong; Jamaica; Jordan; Japan; Kuwait; Kazakhstan; Lebanon; Sri Lanka; Malasia; Nigeria; Philippines; Pakistan; Russia; Singapore; El Salvadore; Thailand; Trinidad and Tobago; Taiwan,V-031-2013,Class I,"Professional Adult Dog Chicken & Rice Active, Net Wt. 35 lbs., Professional Pet Foods, Meta Missouri, 65058.","Approx. 332,300 lbs (total for all Professional brand products).",Product was found to be contaminated with Salmonella.,05/04/2012,10/19/2012,05/27/2014,10/31/2012,Products (all sizes) with Best Before dates between 9-DEC-2012 and 7-APR-2013; Lot codes with a number '2' or '3' in the 9th position AND an 'X' in the 10th or 11th position.
Veterinary,No,,61820,Terminated,Diamond Pet Foods,103 N Olive St,PO Box 156,Meta,MO,	65058-0156,United States,Voluntary: Firm initiated,"Two or more of the following: Email, Fax, Letter, Press Release, Telephone, Visit",US/Nationwide; Canada; Belize; Costa Rica; Domincan Republic; Guatemala; Hong Kong; Jamaica; Jordan; Japan; Kuwait; Kazakhstan; Lebanon; Sri Lanka; Malasia; Nigeria; Philippines; Pakistan; Russia; Singapore; El Salvadore; Thailand; Trinidad and Tobago; Taiwan,V-032-2013,Class I,"Professional Senior Dog Chicken & Barley; Net Wt. 35 lbs., Professional Pet Foods, Meta Missouri, 65058.","Approx. 332,300 lbs (total for all Professional brand products).",Product was found to be contaminated with Salmonella.,05/04/2012,10/19/2012,05/27/2014,10/31/2012,Products (all sizes) with Best Before dates between 9-DEC-2012 and 7-APR-2013; Lot codes with a number '2' or '3' in the 9th position AND an 'X' in the 10th or 11th position.
Veterinary,No,,61820,Terminated,Diamond Pet Foods,103 N Olive St,PO Box 156,Meta,MO,	65058-0156,United States,Voluntary: Firm initiated,"Two or more of the following: Email, Fax, Letter, Press Release, Telephone, Visit",US/Nationwide; Canada; Belize; Costa Rica; Domincan Republic; Guatemala; Hong Kong; Jamaica; Jordan; Japan; Kuwait; Kazakhstan; Lebanon; Sri Lanka; Malasia; Nigeria; Philippines; Pakistan; Russia; Singapore; El Salvadore; Thailand; Trinidad and Tobago; Taiwan,V-033-2013,Class I,"Professional Large Breed Puppy Chicken & Barley, Net Wt. 35 lbs., Professional Pet Foods, Meta Missouri, 65058.","Approx. 332,300 lbs (total for all Professional brand products).",Product was found to be contaminated with Salmonella.,05/04/2012,10/19/2012,05/27/2014,10/31/2012,Products (all sizes) with Best Before dates between 9-DEC-2012 and 7-APR-2013; Lot codes with a number '2' or '3' in the 9th position AND an 'X' in the 10th or 11th position.
Veterinary,No,,61820,Terminated,Diamond Pet Foods,103 N Olive St,PO Box 156,Meta,MO,	65058-0156,United States,Voluntary: Firm initiated,"Two or more of the following: Email, Fax, Letter, Press Release, Telephone, Visit",US/Nationwide; Canada; Belize; Costa Rica; Domincan Republic; Guatemala; Hong Kong; Jamaica; Jordan; Japan; Kuwait; Kazakhstan; Lebanon; Sri Lanka; Malasia; Nigeria; Philippines; Pakistan; Russia; Singapore; El Salvadore; Thailand; Trinidad and Tobago; Taiwan,V-034-2013,Class I,"Professional Chicken & Barley, Net Wt. 35 lbs., Professional Pet Foods, Meta Missouri, 65058.","Approx. 332,300 lbs (total for all Professional brand products).",Product was found to be contaminated with Salmonella.,05/04/2012,10/19/2012,05/27/2014,10/31/2012,Products (all sizes) with Best Before dates between 9-DEC-2012 and 7-APR-2013; Lot codes with a number '2' or '3' in the 9th position AND an 'X' in the 10th or 11th position.
Veterinary,No,,61820,Terminated,Diamond Pet Foods,103 N Olive St,PO Box 156,Meta,MO,	65058-0156,United States,Voluntary: Firm initiated,"Two or more of the following: Email, Fax, Letter, Press Release, Telephone, Visit",US/Nationwide; Canada; Belize; Costa Rica; Domincan Republic; Guatemala; Hong Kong; Jamaica; Jordan; Japan; Kuwait; Kazakhstan; Lebanon; Sri Lanka; Malasia; Nigeria; Philippines; Pakistan; Russia; Singapore; El Salvadore; Thailand; Trinidad and Tobago; Taiwan,V-035-2013,Class I,"Professional Kitten Chicken & Rice, Net Wt. 6 lbs., Professional Pet Foods, Meta Missouri, 65058.","Approx. 332,300 lbs (total for all Professional brand products).",Product was found to be contaminated with Salmonella.,05/04/2012,10/19/2012,05/27/2014,10/31/2012,Products (all sizes) with Best Before dates between 9-DEC-2012 and 7-APR-2013; Lot codes with a number '2' or '3' in the 9th position AND an 'X' in the 10th or 11th position.
Veterinary,No,,61820,Terminated,Diamond Pet Foods,103 N Olive St,PO Box 156,Meta,MO,	65058-0156,United States,Voluntary: Firm initiated,"Two or more of the following: Email, Fax, Letter, Press Release, Telephone, Visit",US/Nationwide; Canada; Belize; Costa Rica; Domincan Republic; Guatemala; Hong Kong; Jamaica; Jordan; Japan; Kuwait; Kazakhstan; Lebanon; Sri Lanka; Malasia; Nigeria; Philippines; Pakistan; Russia; Singapore; El Salvadore; Thailand; Trinidad and Tobago; Taiwan,V-036-2013,Class I,"Professional Adult Cat Complete Formula, Net Wt. 18 lbs., Professional Pet Foods, Meta Missouri, 65058.","Approx. 332,300 lbs (total for all Professional brand products).",Product was found to be contaminated with Salmonella.,05/04/2012,10/19/2012,05/27/2014,10/31/2012,Products (all sizes) with Best Before dates between 9-DEC-2012 and 7-APR-2013; Lot codes with a number '2' or '3' in the 9th position AND an 'X' in the 10th or 11th position.
Veterinary,No,,61820,Terminated,Diamond Pet Foods,103 N Olive St,PO Box 156,Meta,MO,	65058-0156,United States,Voluntary: Firm initiated,"Two or more of the following: Email, Fax, Letter, Press Release, Telephone, Visit",US/Nationwide; Canada; Belize; Costa Rica; Domincan Republic; Guatemala; Hong Kong; Jamaica; Jordan; Japan; Kuwait; Kazakhstan; Lebanon; Sri Lanka; Malasia; Nigeria; Philippines; Pakistan; Russia; Singapore; El Salvadore; Thailand; Trinidad and Tobago; Taiwan,V-037-2013,Class I,"Professional Light Cat Hairball Control, Net Wt. 18 lbs., Professional Pet Foods, Meta Missouri, 65058.","Approx. 332,300 lbs (total for all Professional brand products).",Product was found to be contaminated with Salmonella.,05/04/2012,10/19/2012,05/27/2014,10/31/2012,Products (all sizes) with Best Before dates between 9-DEC-2012 and 7-APR-2013; Lot codes with a number '2' or '3' in the 9th position AND an 'X' in the 10th or 11th position.
Veterinary,No,,61820,Terminated,Diamond Pet Foods,103 N Olive St,PO Box 156,Meta,MO,	65058-0156,United States,Voluntary: Firm initiated,"Two or more of the following: Email, Fax, Letter, Press Release, Telephone, Visit",US/Nationwide; Canada; Belize; Costa Rica; Domincan Republic; Guatemala; Hong Kong; Jamaica; Jordan; Japan; Kuwait; Kazakhstan; Lebanon; Sri Lanka; Malasia; Nigeria; Philippines; Pakistan; Russia; Singapore; El Salvadore; Thailand; Trinidad and Tobago; Taiwan,V-038-2013,Class I,"4 Health Chicken and Rice for Adult Dogs, Net Wt. 18 lbs, Distributed by Tractor Supply Company, 200 Powell Place, Brentwood, TN 37027.","Approx. 2,476,000 lbs (total for all 4 Health brand products).",Product was found to be contaminated with Salmonella.,05/04/2012,10/19/2012,05/27/2014,10/31/2012,Products (all sizes) with Best Before dates between 9-DEC-2012 and 7-APR-2013; Lot codes with a number '2' or '3' in the 9th position AND an 'X' in the 10th or 11th position.
Veterinary,No,,61820,Terminated,Diamond Pet Foods,103 N Olive St,PO Box 156,Meta,MO,	65058-0156,United States,Voluntary: Firm initiated,"Two or more of the following: Email, Fax, Letter, Press Release, Telephone, Visit",US/Nationwide; Canada; Belize; Costa Rica; Domincan Republic; Guatemala; Hong Kong; Jamaica; Jordan; Japan; Kuwait; Kazakhstan; Lebanon; Sri Lanka; Malasia; Nigeria; Philippines; Pakistan; Russia; Singapore; El Salvadore; Thailand; Trinidad and Tobago; Taiwan,V-039-2013,Class I,"4 Health Healthy Weight for Adult Dogs, Net Wt. 35 lbs, Distributed by Tractor Supply Company, 200 Powell Place, Brentwood, TN 37027","Approx. 2,476,000 lbs (total for all 4 Health brand products).",Product was found to be contaminated with Salmonella.,05/04/2012,10/19/2012,05/27/2014,10/31/2012,Products (all sizes) with Best Before dates between 9-DEC-2012 and 7-APR-2013; Lot codes with a number '2' or '3' in the 9th position AND an 'X' in the 10th or 11th position.
Veterinary,No,,61820,Terminated,Diamond Pet Foods,103 N Olive St,PO Box 156,Meta,MO,	65058-0156,United States,Voluntary: Firm initiated,"Two or more of the following: Email, Fax, Letter, Press Release, Telephone, Visit",US/Nationwide; Canada; Belize; Costa Rica; Domincan Republic; Guatemala; Hong Kong; Jamaica; Jordan; Japan; Kuwait; Kazakhstan; Lebanon; Sri Lanka; Malasia; Nigeria; Philippines; Pakistan; Russia; Singapore; El Salvadore; Thailand; Trinidad and Tobago; Taiwan,V-040-2013,Class I,"4 Health Lamb & Rice for Adult Dogs, Net Wt. 35 lbs, Distributed by Tractor Supply Company, 200 Powell Place, Brentwood, TN 37027.","Approx. 2,476,000 lbs (total for all 4 Health brand products).",Product was found to be contaminated with Salmonella.,05/04/2012,10/19/2012,05/27/2014,10/31/2012,Products (all sizes) with Best Before dates between 9-DEC-2012 and 7-APR-2013; Lot codes with a number '2' or '3' in the 9th position AND an 'X' in the 10th or 11th position.
Veterinary,No,,61820,Terminated,Diamond Pet Foods,103 N Olive St,PO Box 156,Meta,MO,	65058-0156,United States,Voluntary: Firm initiated,"Two or more of the following: Email, Fax, Letter, Press Release, Telephone, Visit",US/Nationwide; Canada; Belize; Costa Rica; Domincan Republic; Guatemala; Hong Kong; Jamaica; Jordan; Japan; Kuwait; Kazakhstan; Lebanon; Sri Lanka; Malasia; Nigeria; Philippines; Pakistan; Russia; Singapore; El Salvadore; Thailand; Trinidad and Tobago; Taiwan,V-041-2013,Class I,"4 Health Mature Adult Dog, Net Wt. 35 lbs, Distributed by Tractor Supply Company, 200 Powell Place, Brentwood, TN 37027.","Approx. 2,476,000 lbs (total for all 4 Health brand products).",Product was found to be contaminated with Salmonella.,05/04/2012,10/19/2012,05/27/2014,10/31/2012,Products (all sizes) with Best Before dates between 9-DEC-2012 and 7-APR-2013; Lot codes with a number '2' or '3' in the 9th position AND an 'X' in the 10th or 11th position.
Veterinary,No,,61820,Terminated,Diamond Pet Foods,103 N Olive St,PO Box 156,Meta,MO,	65058-0156,United States,Voluntary: Firm initiated,"Two or more of the following: Email, Fax, Letter, Press Release, Telephone, Visit",US/Nationwide; Canada; Belize; Costa Rica; Domincan Republic; Guatemala; Hong Kong; Jamaica; Jordan; Japan; Kuwait; Kazakhstan; Lebanon; Sri Lanka; Malasia; Nigeria; Philippines; Pakistan; Russia; Singapore; El Salvadore; Thailand; Trinidad and Tobago; Taiwan,V-042-2013,Class I,"4 Health Puppy, Net Wt. 18 & 35 lbs, Distributed by Tractor Supply Company, 200 Powell Place, Brentwood, TN 37027.","Approx. 2,476,000 lbs (total for all 4 Health brand products).",Product was found to be contaminated with Salmonella.,05/04/2012,10/19/2012,05/27/2014,10/31/2012,Products (all sizes) with Best Before dates between 9-DEC-2012 and 7-APR-2013; Lot codes with a number '2' or '3' in the 9th position AND an 'X' in the 10th or 11th position.
Veterinary,No,,61820,Terminated,Diamond Pet Foods,103 N Olive St,PO Box 156,Meta,MO,	65058-0156,United States,Voluntary: Firm initiated,"Two or more of the following: Email, Fax, Letter, Press Release, Telephone, Visit",US/Nationwide; Canada; Belize; Costa Rica; Domincan Republic; Guatemala; Hong Kong; Jamaica; Jordan; Japan; Kuwait; Kazakhstan; Lebanon; Sri Lanka; Malasia; Nigeria; Philippines; Pakistan; Russia; Singapore; El Salvadore; Thailand; Trinidad and Tobago; Taiwan,V-043-2013,Class I,"4 Health Salmon & Potato for Adult Dogs, Net Wt. 35 lbs, Distributed by Tractor Supply Company, 200 Powell Place, Brentwood, TN 37027.","Approx. 2,476,000 lbs (total for all 4 Health brand products).",Product was found to be contaminated with Salmonella.,05/04/2012,10/19/2012,05/27/2014,10/31/2012,Products (all sizes) with Best Before dates between 9-DEC-2012 and 7-APR-2013; Lot codes with a number '2' or '3' in the 9th position AND an 'X' in the 10th or 11th position.
Veterinary,No,,61820,Terminated,Diamond Pet Foods,103 N Olive St,PO Box 156,Meta,MO,	65058-0156,United States,Voluntary: Firm initiated,"Two or more of the following: Email, Fax, Letter, Press Release, Telephone, Visit",US/Nationwide; Canada; Belize; Costa Rica; Domincan Republic; Guatemala; Hong Kong; Jamaica; Jordan; Japan; Kuwait; Kazakhstan; Lebanon; Sri Lanka; Malasia; Nigeria; Philippines; Pakistan; Russia; Singapore; El Salvadore; Thailand; Trinidad and Tobago; Taiwan,V-044-2013,Class I,"4 Health Large Breed Adult, Net Wt. 35 lbs, Distributed by Tractor Supply Company, 200 Powell Place, Brentwood, TN 37027.","Approx. 2,476,000 lbs (total for all 4 Health brand products).",Product was found to be contaminated with Salmonella.,05/04/2012,10/19/2012,05/27/2014,10/31/2012,Products (all sizes) with Best Before dates between 9-DEC-2012 and 7-APR-2013; Lot codes with a number '2' or '3' in the 9th position AND an 'X' in the 10th or 11th position.
Veterinary,No,,61820,Terminated,Diamond Pet Foods,103 N Olive St,PO Box 156,Meta,MO,	65058-0156,United States,Voluntary: Firm initiated,"Two or more of the following: Email, Fax, Letter, Press Release, Telephone, Visit",US/Nationwide; Canada; Belize; Costa Rica; Domincan Republic; Guatemala; Hong Kong; Jamaica; Jordan; Japan; Kuwait; Kazakhstan; Lebanon; Sri Lanka; Malasia; Nigeria; Philippines; Pakistan; Russia; Singapore; El Salvadore; Thailand; Trinidad and Tobago; Taiwan,V-045-2013,Class I,"4 Health Indoor Cat, Net Wt. 18 lbs, Distributed by Tractor Supply Company, 200 Powell Place, Brentwood, TN 37027.","Approx. 2,476,000 lbs (total for all 4 Health brand products).",Product was found to be contaminated with Salmonella.,05/04/2012,10/19/2012,05/27/2014,10/31/2012,Products (all sizes) with Best Before dates between 9-DEC-2012 and 7-APR-2013; Lot codes with a number '2' or '3' in the 9th position AND an 'X' in the 10th or 11th position.
Veterinary,No,,61820,Terminated,Diamond Pet Foods,103 N Olive St,PO Box 156,Meta,MO,	65058-0156,United States,Voluntary: Firm initiated,"Two or more of the following: Email, Fax, Letter, Press Release, Telephone, Visit",US/Nationwide; Canada; Belize; Costa Rica; Domincan Republic; Guatemala; Hong Kong; Jamaica; Jordan; Japan; Kuwait; Kazakhstan; Lebanon; Sri Lanka; Malasia; Nigeria; Philippines; Pakistan; Russia; Singapore; El Salvadore; Thailand; Trinidad and Tobago; Taiwan,V-046-2013,Class I,"4 Health Small Bites Adult Dog, Net Wt. 35 lbs, Distributed by Tractor Supply Company, 200 Powell Place, Brentwood, TN 37027.","Approx. 2,476,000 lbs (total for all 4 Health brand products).",Product was found to be contaminated with Salmonella.,05/04/2012,10/19/2012,05/27/2014,10/31/2012,Products (all sizes) with Best Before dates between 9-DEC-2012 and 7-APR-2013; Lot codes with a number '2' or '3' in the 9th position AND an 'X' in the 10th or 11th position.
Veterinary,No,,61820,Terminated,Diamond Pet Foods,103 N Olive St,PO Box 156,Meta,MO,	65058-0156,United States,Voluntary: Firm initiated,"Two or more of the following: Email, Fax, Letter, Press Release, Telephone, Visit",US/Nationwide; Canada; Belize; Costa Rica; Domincan Republic; Guatemala; Hong Kong; Jamaica; Jordan; Japan; Kuwait; Kazakhstan; Lebanon; Sri Lanka; Malasia; Nigeria; Philippines; Pakistan; Russia; Singapore; El Salvadore; Thailand; Trinidad and Tobago; Taiwan,V-047-2013,Class I,"4 Health, Performance Adult Dog, Net Wt. 35 lbs, Distributed by Tractor Supply Company, 200 Powell Place, Brentwood, TN 37027.","Approx. 2,476,000 lbs (total for all 4 Health brand products).",Product was found to be contaminated with Salmonella.,05/04/2012,10/19/2012,05/27/2014,10/31/2012,Products (all sizes) with Best Before dates between 9-DEC-2012 and 7-APR-2013; Lot codes with a number '2' or '3' in the 9th position AND an 'X' in the 10th or 11th position.
Veterinary,No,,61820,Terminated,Diamond Pet Foods,103 N Olive St,PO Box 156,Meta,MO,	65058-0156,United States,Voluntary: Firm initiated,"Two or more of the following: Email, Fax, Letter, Press Release, Telephone, Visit",US/Nationwide; Canada; Belize; Costa Rica; Domincan Republic; Guatemala; Hong Kong; Jamaica; Jordan; Japan; Kuwait; Kazakhstan; Lebanon; Sri Lanka; Malasia; Nigeria; Philippines; Pakistan; Russia; Singapore; El Salvadore; Thailand; Trinidad and Tobago; Taiwan,V-048-2013,Class I,"4 Health, All Life Stages for Adult Cats & Kittens, Net Wt. 18 lbs, Distributed by Tractor Supply Company, 200 Powell Place, Brentwood, TN 37027.","Approx. 2,476,000 lbs (total for all 4 Health brand products).",Product was found to be contaminated with Salmonella.,05/04/2012,10/19/2012,05/27/2014,10/31/2012,Products (all sizes) with Best Before dates between 9-DEC-2012 and 7-APR-2013; Lot codes with a number '2' or '3' in the 9th position AND an 'X' in the 10th or 11th position.
Veterinary,No,,61820,Terminated,Diamond Pet Foods,103 N Olive St,PO Box 156,Meta,MO,	65058-0156,United States,Voluntary: Firm initiated,"Two or more of the following: Email, Fax, Letter, Press Release, Telephone, Visit",US/Nationwide; Canada; Belize; Costa Rica; Domincan Republic; Guatemala; Hong Kong; Jamaica; Jordan; Japan; Kuwait; Kazakhstan; Lebanon; Sri Lanka; Malasia; Nigeria; Philippines; Pakistan; Russia; Singapore; El Salvadore; Thailand; Trinidad and Tobago; Taiwan,V-049-2013,Class I,"Taste of the Wild Canyon River Feline with Trout & Smoked Salmon, Net Wt. 15 lbs, Taste of the Wild Pet Food, Rt B, Meta, Missouri 65058.","Approx. 10,275,000 lbs total (for all Taste of the Wild brand products).",Product was found to be contaminated with Salmonella.,05/04/2012,10/19/2012,05/27/2014,10/31/2012,Products (all sizes) with Best Before dates between 9-DEC-2012 and 7-APR-2013; Lot codes with a number '2' or '3' in the 9th position AND an 'X' in the 10th or 11th position.
Veterinary,No,,61820,Terminated,Diamond Pet Foods,103 N Olive St,PO Box 156,Meta,MO,	65058-0156,United States,Voluntary: Firm initiated,"Two or more of the following: Email, Fax, Letter, Press Release, Telephone, Visit",US/Nationwide; Canada; Belize; Costa Rica; Domincan Republic; Guatemala; Hong Kong; Jamaica; Jordan; Japan; Kuwait; Kazakhstan; Lebanon; Sri Lanka; Malasia; Nigeria; Philippines; Pakistan; Russia; Singapore; El Salvadore; Thailand; Trinidad and Tobago; Taiwan,V-050-2013,Class I,"Taste of the Wild High Prairie Canine with Roasted Bison & Roasted Venison, Net Wt. 30 lbs, Taste of the Wild Pet Food, Rt B, Meta, Missouri 65058.","Approx. 10,275,000 lbs total (for all Taste of the Wild brand products).",Product was found to be contaminated with Salmonella.,05/04/2012,10/19/2012,05/27/2014,10/31/2012,Products (all sizes) with Best Before dates between 9-DEC-2012 and 7-APR-2013; Lot codes with a number '2' or '3' in the 9th position AND an 'X' in the 10th or 11th position.
Veterinary,No,,61820,Terminated,Diamond Pet Foods,103 N Olive St,PO Box 156,Meta,MO,	65058-0156,United States,Voluntary: Firm initiated,"Two or more of the following: Email, Fax, Letter, Press Release, Telephone, Visit",US/Nationwide; Canada; Belize; Costa Rica; Domincan Republic; Guatemala; Hong Kong; Jamaica; Jordan; Japan; Kuwait; Kazakhstan; Lebanon; Sri Lanka; Malasia; Nigeria; Philippines; Pakistan; Russia; Singapore; El Salvadore; Thailand; Trinidad and Tobago; Taiwan,V-051-2013,Class I,"Taste of the Wild High Prairie Puppy with Roasted Venison & Bison, Net Wt. 30 lbs, Taste of the Wild Pet Food, Rt B, Meta, Missouri 65058.","Approx. 10,275,000 lbs total (for all Taste of the Wild brand products).",Product was found to be contaminated with Salmonella.,05/04/2012,10/19/2012,05/27/2014,10/31/2012,Products (all sizes) with Best Before dates between 9-DEC-2012 and 7-APR-2013; Lot codes with a number '2' or '3' in the 9th position AND an 'X' in the 10th or 11th position.
Veterinary,No,,61820,Terminated,Diamond Pet Foods,103 N Olive St,PO Box 156,Meta,MO,	65058-0156,United States,Voluntary: Firm initiated,"Two or more of the following: Email, Fax, Letter, Press Release, Telephone, Visit",US/Nationwide; Canada; Belize; Costa Rica; Domincan Republic; Guatemala; Hong Kong; Jamaica; Jordan; Japan; Kuwait; Kazakhstan; Lebanon; Sri Lanka; Malasia; Nigeria; Philippines; Pakistan; Russia; Singapore; El Salvadore; Thailand; Trinidad and Tobago; Taiwan,V-052-2013,Class I,"Taste of the Wild Pacific Stream Canine with Smoked Salmon, Net Wt. 30 lbs, Taste of the Wild Pet Food, Rt B, Meta, Missouri 65058.","Approx. 10,275,000 lbs total (for all Taste of the Wild brand products).",Product was found to be contaminated with Salmonella.,05/04/2012,10/19/2012,05/27/2014,10/31/2012,Products (all sizes) with Best Before dates between 9-DEC-2012 and 7-APR-2013; Lot codes with a number '2' or '3' in the 9th position AND an 'X' in the 10th or 11th position.
Veterinary,No,,61820,Terminated,Diamond Pet Foods,103 N Olive St,PO Box 156,Meta,MO,	65058-0156,United States,Voluntary: Firm initiated,"Two or more of the following: Email, Fax, Letter, Press Release, Telephone, Visit",US/Nationwide; Canada; Belize; Costa Rica; Domincan Republic; Guatemala; Hong Kong; Jamaica; Jordan; Japan; Kuwait; Kazakhstan; Lebanon; Sri Lanka; Malasia; Nigeria; Philippines; Pakistan; Russia; Singapore; El Salvadore; Thailand; Trinidad and Tobago; Taiwan,V-053-2013,Class I,"Taste of the Wild Pacific Stream Puppy with Smoked Salmon, Net Wt. 15 lbs, Taste of the Wild Pet Food, Rt B, Meta, Missouri 65058.","Approx. 10,275,000 lbs total (for all Taste of the Wild brand products).",Product was found to be contaminated with Salmonella.,05/04/2012,10/19/2012,05/27/2014,10/31/2012,Products (all sizes) with Best Before dates between 9-DEC-2012 and 7-APR-2013; Lot codes with a number '2' or '3' in the 9th position AND an 'X' in the 10th or 11th position.
Veterinary,No,,61820,Terminated,Diamond Pet Foods,103 N Olive St,PO Box 156,Meta,MO,	65058-0156,United States,Voluntary: Firm initiated,"Two or more of the following: Email, Fax, Letter, Press Release, Telephone, Visit",US/Nationwide; Canada; Belize; Costa Rica; Domincan Republic; Guatemala; Hong Kong; Jamaica; Jordan; Japan; Kuwait; Kazakhstan; Lebanon; Sri Lanka; Malasia; Nigeria; Philippines; Pakistan; Russia; Singapore; El Salvadore; Thailand; Trinidad and Tobago; Taiwan,V-054-2013,Class I,"Taste of the Wild Rocky Mountain Feline with Roasted Venison & Smoked Salmon, Net Wt. 15 lbs, Taste of the Wild Pet Food, Rt B, Meta, Missouri 65058.","Approx. 10,275,000 lbs total (for all Taste of the Wild brand products).",Product was found to be contaminated with Salmonella.,05/04/2012,10/19/2012,05/27/2014,10/31/2012,Products (all sizes) with Best Before dates between 9-DEC-2012 and 7-APR-2013; Lot codes with a number '2' or '3' in the 9th position AND an 'X' in the 10th or 11th position.
Veterinary,No,,61820,Terminated,Diamond Pet Foods,103 N Olive St,PO Box 156,Meta,MO,	65058-0156,United States,Voluntary: Firm initiated,"Two or more of the following: Email, Fax, Letter, Press Release, Telephone, Visit",US/Nationwide; Canada; Belize; Costa Rica; Domincan Republic; Guatemala; Hong Kong; Jamaica; Jordan; Japan; Kuwait; Kazakhstan; Lebanon; Sri Lanka; Malasia; Nigeria; Philippines; Pakistan; Russia; Singapore; El Salvadore; Thailand; Trinidad and Tobago; Taiwan,V-055-2013,Class I,"Taste of the Wild Sierra Mountain Canine with Roasted Lamb, Net Wt. 30 lbs, Taste of the Wild Pet Food, Rt B, Meta, Missouri 65058.","Approx. 10,275,000 lbs total (for all Taste of the Wild brand products).",Product was found to be contaminated with Salmonella.,05/04/2012,10/19/2012,05/27/2014,10/31/2012,Products (all sizes) with Best Before dates between 9-DEC-2012 and 7-APR-2013; Lot codes with a number '2' or '3' in the 9th position AND an 'X' in the 10th or 11th position.
Veterinary,No,,61820,Terminated,Diamond Pet Foods,103 N Olive St,PO Box 156,Meta,MO,	65058-0156,United States,Voluntary: Firm initiated,"Two or more of the following: Email, Fax, Letter, Press Release, Telephone, Visit",US/Nationwide; Canada; Belize; Costa Rica; Domincan Republic; Guatemala; Hong Kong; Jamaica; Jordan; Japan; Kuwait; Kazakhstan; Lebanon; Sri Lanka; Malasia; Nigeria; Philippines; Pakistan; Russia; Singapore; El Salvadore; Thailand; Trinidad and Tobago; Taiwan,V-056-2013,Class I,"Taste of the Wild Wetlands Canine with Roasted Fowl, Net Wt. 30 lbs, Taste of the Wild Pet Food, Rt B, Meta, Missouri 65058.","Approx. 10,275,000 lbs total (for all Taste of the Wild brand products).",Product was found to be contaminated with Salmonella.,05/04/2012,10/19/2012,05/27/2014,10/31/2012,Products (all sizes) with Best Before dates between 9-DEC-2012 and 7-APR-2013; Lot codes with a number '2' or '3' in the 9th position AND an 'X' in the 10th or 11th position.
Veterinary,No,,61820,Terminated,Diamond Pet Foods,103 N Olive St,PO Box 156,Meta,MO,	65058-0156,United States,Voluntary: Firm initiated,"Two or more of the following: Email, Fax, Letter, Press Release, Telephone, Visit",US/Nationwide; Canada; Belize; Costa Rica; Domincan Republic; Guatemala; Hong Kong; Jamaica; Jordan; Japan; Kuwait; Kazakhstan; Lebanon; Sri Lanka; Malasia; Nigeria; Philippines; Pakistan; Russia; Singapore; El Salvadore; Thailand; Trinidad and Tobago; Taiwan,V-057-2013,Class I,"Apex Chicken & Rice Adult Dog Food (20 lb & 40 lb bags), Manufactured for Apex Pet Foods, 1680 Lake Murray Blvd, SC 29212.","47,600 lbs total",Product was found to be contaminated with Salmonella.,05/04/2012,10/19/2012,05/27/2014,10/31/2012,Best By 24-Jan-2013; Production Code: ACD0101B32 (Code and Best by date for both sizes).
Veterinary,No,,61820,Terminated,Diamond Pet Foods,103 N Olive St,PO Box 156,Meta,MO,	65058-0156,United States,Voluntary: Firm initiated,"Two or more of the following: Email, Fax, Letter, Press Release, Telephone, Visit",US/Nationwide; Canada; Belize; Costa Rica; Domincan Republic; Guatemala; Hong Kong; Jamaica; Jordan; Japan; Kuwait; Kazakhstan; Lebanon; Sri Lanka; Malasia; Nigeria; Philippines; Pakistan; Russia; Singapore; El Salvadore; Thailand; Trinidad and Tobago; Taiwan,V-058-2013,Class I,"Canidae Dog Food, Lamb Meal and Rice, Net Wt. 30 lbs, Guaranteed by: Canidae Corporation, San Luis Ohispo, CA 91401.    ",unknown,Product was found to be contaminated with Salmonella.,05/04/2012,10/19/2012,05/27/2014,10/31/2012,Best Before dates between 9-DEC-2012 and 31-JAN-2013; Lot codes with a number '3' in the 9th position AND an 'X' in the 10th or 11th position.
Veterinary,No,,61820,Terminated,Diamond Pet Foods,103 N Olive St,PO Box 156,Meta,MO,	65058-0156,United States,Voluntary: Firm initiated,"Two or more of the following: Email, Fax, Letter, Press Release, Telephone, Visit",US/Nationwide; Canada; Belize; Costa Rica; Domincan Republic; Guatemala; Hong Kong; Jamaica; Jordan; Japan; Kuwait; Kazakhstan; Lebanon; Sri Lanka; Malasia; Nigeria; Philippines; Pakistan; Russia; Singapore; El Salvadore; Thailand; Trinidad and Tobago; Taiwan,V-059-2013,Class I,"Canidae Dog Food, All Life Stages Formula, Net Wt. 30 lbs, Guaranteed by: Canidae Corporation, San Luis Ohispo, CA 91401.",Unknown,Product was found to be contaminated with Salmonella.,05/04/2012,10/19/2012,05/27/2014,10/31/2012,Best Before dates between 9-DEC-2012 and 31-JAN-2013; Lot codes with a number '3' in the 9th position AND an 'X' in the 10th or 11th position.
Veterinary,No,,61820,Terminated,Diamond Pet Foods,103 N Olive St,PO Box 156,Meta,MO,	65058-0156,United States,Voluntary: Firm initiated,"Two or more of the following: Email, Fax, Letter, Press Release, Telephone, Visit",US/Nationwide; Canada; Belize; Costa Rica; Domincan Republic; Guatemala; Hong Kong; Jamaica; Jordan; Japan; Kuwait; Kazakhstan; Lebanon; Sri Lanka; Malasia; Nigeria; Philippines; Pakistan; Russia; Singapore; El Salvadore; Thailand; Trinidad and Tobago; Taiwan,V-060-2013,Class I,"Canidae Dog Food, Chicken Meal and Rice, Net Wt. 30 lbs, Guaranteed by: Canidae Corporation, San Luis Ohispo, CA 91401.",Unknown,Product was found to be contaminated with Salmonella.,05/04/2012,10/19/2012,05/27/2014,10/31/2012,Best Before dates between 9-DEC-2012 and 31-JAN-2013; Lot codes with a number '3' in the 9th position AND an 'X' in the 10th or 11th position.
Veterinary,No,,61820,Terminated,Diamond Pet Foods,103 N Olive St,PO Box 156,Meta,MO,	65058-0156,United States,Voluntary: Firm initiated,"Two or more of the following: Email, Fax, Letter, Press Release, Telephone, Visit",US/Nationwide; Canada; Belize; Costa Rica; Domincan Republic; Guatemala; Hong Kong; Jamaica; Jordan; Japan; Kuwait; Kazakhstan; Lebanon; Sri Lanka; Malasia; Nigeria; Philippines; Pakistan; Russia; Singapore; El Salvadore; Thailand; Trinidad and Tobago; Taiwan,V-061-2013,Class I,"Canidae Platinum Senior & Overweight, Net Wt. 30 lbs, Guaranteed by: Canidae Corporation, San Luis Ohispo, CA 91401.",Unknown,Product was found to be contaminated with Salmonella.,05/04/2012,10/19/2012,05/27/2014,10/31/2012,Best Before dates between 9-DEC-2012 and 31-JAN-2013; Lot codes with a number '3' in the 9th position AND an 'X' in the 10th or 11th position.
Veterinary,No,,61820,Terminated,Diamond Pet Foods,103 N Olive St,PO Box 156,Meta,MO,	65058-0156,United States,Voluntary: Firm initiated,"Two or more of the following: Email, Fax, Letter, Press Release, Telephone, Visit",US/Nationwide; Canada; Belize; Costa Rica; Domincan Republic; Guatemala; Hong Kong; Jamaica; Jordan; Japan; Kuwait; Kazakhstan; Lebanon; Sri Lanka; Malasia; Nigeria; Philippines; Pakistan; Russia; Singapore; El Salvadore; Thailand; Trinidad and Tobago; Taiwan,V-062-2013,Class I,"Premium Edge Adult Dog Chicken, Rice & Vegetables; Net Wt. 35 lbs., Premium Edge Pet Food, Rt B, Meta Missouri, 65058.","Approx. 842,000 lbs total (for all Premium Edge brand products).",Product was found to be contaminated with Salmonella.,05/04/2012,10/19/2012,05/27/2014,10/31/2012,Products (all sizes) with Best Before dates between 9-DEC-2012 and 7-APR-2013; Lot codes with a number '2' or '3' in the 9th position AND an 'X' in the 10th or 11th position.
Veterinary,No,,61820,Terminated,Diamond Pet Foods,103 N Olive St,PO Box 156,Meta,MO,	65058-0156,United States,Voluntary: Firm initiated,"Two or more of the following: Email, Fax, Letter, Press Release, Telephone, Visit",US/Nationwide; Canada; Belize; Costa Rica; Domincan Republic; Guatemala; Hong Kong; Jamaica; Jordan; Japan; Kuwait; Kazakhstan; Lebanon; Sri Lanka; Malasia; Nigeria; Philippines; Pakistan; Russia; Singapore; El Salvadore; Thailand; Trinidad and Tobago; Taiwan,V-063-2013,Class I,"Premium Edge Adult Dog Lamb, Rice, and Vegetables; Net Wt. 35 lbs., Premium Edge Pet Food, Rt B, Meta Missouri, 65058.","Approx. 842,000 lbs total (for all Premium Edge brand products).",Product was found to be contaminated with Salmonella.,05/04/2012,10/19/2012,05/27/2014,10/31/2012,Products (all sizes) with Best Before dates between 9-DEC-2012 and 7-APR-2013; Lot codes with a number '2' or '3' in the 9th position AND an 'X' in the 10th or 11th position.
Veterinary,No,,61820,Terminated,Diamond Pet Foods,103 N Olive St,PO Box 156,Meta,MO,	65058-0156,United States,Voluntary: Firm initiated,"Two or more of the following: Email, Fax, Letter, Press Release, Telephone, Visit",US/Nationwide; Canada; Belize; Costa Rica; Domincan Republic; Guatemala; Hong Kong; Jamaica; Jordan; Japan; Kuwait; Kazakhstan; Lebanon; Sri Lanka; Malasia; Nigeria; Philippines; Pakistan; Russia; Singapore; El Salvadore; Thailand; Trinidad and Tobago; Taiwan,V-064-2013,Class I,"Premium Edge Skin & Coat for Adult Dogs, Net Wt. 35 lbs., Premium Edge Pet Food, Rt B, Meta Missouri, 65058.","Approx. 842,000 lbs total (for all Premium Edge brand products).",Product was found to be contaminated with Salmonella.,05/04/2012,10/19/2012,05/27/2014,10/31/2012,Products (all sizes) with Best Before dates between 9-DEC-2012 and 7-APR-2013; Lot codes with a number '2' or '3' in the 9th position AND an 'X' in the 10th or 11th position.
Veterinary,No,,61820,Terminated,Diamond Pet Foods,103 N Olive St,PO Box 156,Meta,MO,	65058-0156,United States,Voluntary: Firm initiated,"Two or more of the following: Email, Fax, Letter, Press Release, Telephone, Visit",US/Nationwide; Canada; Belize; Costa Rica; Domincan Republic; Guatemala; Hong Kong; Jamaica; Jordan; Japan; Kuwait; Kazakhstan; Lebanon; Sri Lanka; Malasia; Nigeria; Philippines; Pakistan; Russia; Singapore; El Salvadore; Thailand; Trinidad and Tobago; Taiwan,V-065-2013,Class I,"Premium Edge Large Breed Puppy, Net Wt. 35 lbs., Premium Edge Pet Food, Rt B, Meta Missouri, 65058.","Approx. 842,000 lbs total (for all Premium Edge brand products).",Product was found to be contaminated with Salmonella.,05/04/2012,10/19/2012,05/27/2014,10/31/2012,Products (all sizes) with Best Before dates between 9-DEC-2012 and 7-APR-2013; Lot codes with a number '2' or '3' in the 9th position AND an 'X' in the 10th or 11th position.
Veterinary,No,,61820,Terminated,Diamond Pet Foods,103 N Olive St,PO Box 156,Meta,MO,	65058-0156,United States,Voluntary: Firm initiated,"Two or more of the following: Email, Fax, Letter, Press Release, Telephone, Visit",US/Nationwide; Canada; Belize; Costa Rica; Domincan Republic; Guatemala; Hong Kong; Jamaica; Jordan; Japan; Kuwait; Kazakhstan; Lebanon; Sri Lanka; Malasia; Nigeria; Philippines; Pakistan; Russia; Singapore; El Salvadore; Thailand; Trinidad and Tobago; Taiwan,V-066-2013,Class I,"Premium Edge Senior Dog, Net Wt. 35 lbs., Premium Edge Pet Food, Rt B, Meta Missouri, 65058.","Approx. 842,000 lbs total (for all Premium Edge brand products).",Product was found to be contaminated with Salmonella.,05/04/2012,10/19/2012,05/27/2014,10/31/2012,Products (all sizes) with Best Before dates between 9-DEC-2012 and 7-APR-2013; Lot codes with a number '2' or '3' in the 9th position AND an 'X' in the 10th or 11th position.
Veterinary,No,,61820,Terminated,Diamond Pet Foods,103 N Olive St,PO Box 156,Meta,MO,	65058-0156,United States,Voluntary: Firm initiated,"Two or more of the following: Email, Fax, Letter, Press Release, Telephone, Visit",US/Nationwide; Canada; Belize; Costa Rica; Domincan Republic; Guatemala; Hong Kong; Jamaica; Jordan; Japan; Kuwait; Kazakhstan; Lebanon; Sri Lanka; Malasia; Nigeria; Philippines; Pakistan; Russia; Singapore; El Salvadore; Thailand; Trinidad and Tobago; Taiwan,V-067-2013,Class I,"Premium Edge Puppy for Small & Medium Breeds; Net Wt. 18 lbs., Premium Edge Pet Food, Rt B, Meta Missouri, 65058.    ","Approx. 842,000 lbs total (for all Premium Edge brand products).",Product was found to be contaminated with Salmonella.,05/04/2012,10/19/2012,05/27/2014,10/31/2012,Products (all sizes) with Best Before dates between 9-DEC-2012 and 7-APR-2013; Lot codes with a number '2' or '3' in the 9th position AND an 'X' in the 10th or 11th position.
Veterinary,No,,61820,Terminated,Diamond Pet Foods,103 N Olive St,PO Box 156,Meta,MO,	65058-0156,United States,Voluntary: Firm initiated,"Two or more of the following: Email, Fax, Letter, Press Release, Telephone, Visit",US/Nationwide; Canada; Belize; Costa Rica; Domincan Republic; Guatemala; Hong Kong; Jamaica; Jordan; Japan; Kuwait; Kazakhstan; Lebanon; Sri Lanka; Malasia; Nigeria; Philippines; Pakistan; Russia; Singapore; El Salvadore; Thailand; Trinidad and Tobago; Taiwan,V-068-2013,Class I,"Premium Edge Healthy Weight for Ideal Body Weight Control;   Healthy Weight for Overweight Dogs, Net Wt. 35 lbs., Premium Edge Pet Food, Rt B, Meta Missouri, 65058.    ","Approx. 842,000 lbs total (for all Premium Edge brand products).",Product was found to be contaminated with Salmonella.,05/04/2012,10/19/2012,05/27/2014,10/31/2012,Products (all sizes) with Best Before dates between 9-DEC-2012 and 7-APR-2013; Lot codes with a number '2' or '3' in the 9th position AND an 'X' in the 10th or 11th position.
Veterinary,No,,61820,Terminated,Diamond Pet Foods,103 N Olive St,PO Box 156,Meta,MO,	65058-0156,United States,Voluntary: Firm initiated,"Two or more of the following: Email, Fax, Letter, Press Release, Telephone, Visit",US/Nationwide; Canada; Belize; Costa Rica; Domincan Republic; Guatemala; Hong Kong; Jamaica; Jordan; Japan; Kuwait; Kazakhstan; Lebanon; Sri Lanka; Malasia; Nigeria; Philippines; Pakistan; Russia; Singapore; El Salvadore; Thailand; Trinidad and Tobago; Taiwan,V-069-2013,Class I,"Premium Edge Senior Cat Hairball, Net Wt. 18 lbs., Premium Edge Pet Food, Rt B, Meta Missouri, 65058.","Approx. 842,000 lbs total (for all Premium Edge brand products).",Product was found to be contaminated with Salmonella.,05/04/2012,10/19/2012,05/27/2014,10/31/2012,Products (all sizes) with Best Before dates between 9-DEC-2012 and 7-APR-2013; Lot codes with a number '2' or '3' in the 9th position AND an 'X' in the 10th or 11th position.
Veterinary,No,,61820,Terminated,Diamond Pet Foods,103 N Olive St,PO Box 156,Meta,MO,	65058-0156,United States,Voluntary: Firm initiated,"Two or more of the following: Email, Fax, Letter, Press Release, Telephone, Visit",US/Nationwide; Canada; Belize; Costa Rica; Domincan Republic; Guatemala; Hong Kong; Jamaica; Jordan; Japan; Kuwait; Kazakhstan; Lebanon; Sri Lanka; Malasia; Nigeria; Philippines; Pakistan; Russia; Singapore; El Salvadore; Thailand; Trinidad and Tobago; Taiwan,V-070-2013,Class I,"Premium Edge Healthy Weight for Adult Cats, Chicken, Salmon & Vegetables Formula, Net Wt. 18 lbs., Premium Edge Pet Food, Rt B, Meta Missouri, 65058.","Approx. 842,000 lbs total (for all Premium Edge brand products).",Product was found to be contaminated with Salmonella.,05/04/2012,10/19/2012,05/27/2014,10/31/2012,Products (all sizes) with Best Before dates between 9-DEC-2012 and 7-APR-2013; Lot codes with a number '2' or '3' in the 9th position AND an 'X' in the 10th or 11th position.
Veterinary,No,,61820,Terminated,Diamond Pet Foods,103 N Olive St,PO Box 156,Meta,MO,	65058-0156,United States,Voluntary: Firm initiated,"Two or more of the following: Email, Fax, Letter, Press Release, Telephone, Visit",US/Nationwide; Canada; Belize; Costa Rica; Domincan Republic; Guatemala; Hong Kong; Jamaica; Jordan; Japan; Kuwait; Kazakhstan; Lebanon; Sri Lanka; Malasia; Nigeria; Philippines; Pakistan; Russia; Singapore; El Salvadore; Thailand; Trinidad and Tobago; Taiwan,V-071-2013,Class I,"Premium Edge Kitten, Net Wt. 18 lbs., Premium Edge Pet Food, Rt B, Meta Missouri, 65058.","Approx. 842,000 lbs total (for all Premium Edge brand products).",Product was found to be contaminated with Salmonella.,05/04/2012,10/19/2012,05/27/2014,10/31/2012,Products (all sizes) with Best Before dates between 9-DEC-2012 and 7-APR-2013; Lot codes with a number '2' or '3' in the 9th position AND an 'X' in the 10th or 11th position.
Veterinary,No,,61820,Terminated,Diamond Pet Foods,103 N Olive St,PO Box 156,Meta,MO,	65058-0156,United States,Voluntary: Firm initiated,"Two or more of the following: Email, Fax, Letter, Press Release, Telephone, Visit",US/Nationwide; Canada; Belize; Costa Rica; Domincan Republic; Guatemala; Hong Kong; Jamaica; Jordan; Japan; Kuwait; Kazakhstan; Lebanon; Sri Lanka; Malasia; Nigeria; Philippines; Pakistan; Russia; Singapore; El Salvadore; Thailand; Trinidad and Tobago; Taiwan,V-072-2013,Class I,"Premium Edge Adult Cat, Net Wt. 18 lbs., Premium Edge Pet Food, Rt B, Meta Missouri, 65058.","Approx. 842,000 lbs total (for all Premium Edge brand products).",Product was found to be contaminated with Salmonella.,05/04/2012,10/19/2012,05/27/2014,10/31/2012,Products (all sizes) with Best Before dates between 9-DEC-2012 and 7-APR-2013; Lot codes with a number '2' or '3' in the 9th position AND an 'X' in the 10th or 11th position.
Veterinary,No,,61820,Terminated,Diamond Pet Foods,103 N Olive St,PO Box 156,Meta,MO,	65058-0156,United States,Voluntary: Firm initiated,"Two or more of the following: Email, Fax, Letter, Press Release, Telephone, Visit",US/Nationwide; Canada; Belize; Costa Rica; Domincan Republic; Guatemala; Hong Kong; Jamaica; Jordan; Japan; Kuwait; Kazakhstan; Lebanon; Sri Lanka; Malasia; Nigeria; Philippines; Pakistan; Russia; Singapore; El Salvadore; Thailand; Trinidad and Tobago; Taiwan,V-073-2013,Class I,"Premium Edge Finicky Adult Cat, Net Wt. 18 lbs., Premium Edge Pet Food, Rt B, Meta Missouri, 65058.","Approx. 842,000 lbs total (for all Premium Edge brand products).",Product was found to be contaminated with Salmonella.,05/04/2012,10/19/2012,05/27/2014,10/31/2012,Products (all sizes) with Best Before dates between 9-DEC-2012 and 7-APR-2013; Lot codes with a number '2' or '3' in the 9th position AND an 'X' in the 10th or 11th position.
Veterinary,No,,61820,Terminated,Diamond Pet Foods,103 N Olive St,PO Box 156,Meta,MO,	65058-0156,United States,Voluntary: Firm initiated,"Two or more of the following: Email, Fax, Letter, Press Release, Telephone, Visit",US/Nationwide; Canada; Belize; Costa Rica; Domincan Republic; Guatemala; Hong Kong; Jamaica; Jordan; Japan; Kuwait; Kazakhstan; Lebanon; Sri Lanka; Malasia; Nigeria; Philippines; Pakistan; Russia; Singapore; El Salvadore; Thailand; Trinidad and Tobago; Taiwan,V-074-2013,Class I,"Kirkland Signature Adult Dog Chicken, Rice and Vegetables, Net Wt. 40 lbs, Distributed by: Costco, Wholesale Corporation, P.O. Box 35355, Seattle, WA 98124-1535.","Approx. 4,033,000 lbs total (for all Kirkland brand products).",Product was found to be contaminated with Salmonella.,05/04/2012,10/19/2012,05/27/2014,10/31/2012,Products (all sizes) with Best Before dates between 9-DEC-2012 and 7-APR-2013; Lot codes with a number '2' or '3' in the 9th position AND an 'X' in the 10th or 11th position.
Veterinary,No,,61820,Terminated,Diamond Pet Foods,103 N Olive St,PO Box 156,Meta,MO,	65058-0156,United States,Voluntary: Firm initiated,"Two or more of the following: Email, Fax, Letter, Press Release, Telephone, Visit",US/Nationwide; Canada; Belize; Costa Rica; Domincan Republic; Guatemala; Hong Kong; Jamaica; Jordan; Japan; Kuwait; Kazakhstan; Lebanon; Sri Lanka; Malasia; Nigeria; Philippines; Pakistan; Russia; Singapore; El Salvadore; Thailand; Trinidad and Tobago; Taiwan,V-075-2013,Class I,"Kirkland Signature Mature Dog, Net Wt. 1.5 lbs, Distributed by: Costco, Wholesale Corporation, P.O. Box 35355, Seattle, WA 98124-1535.","Approx. 4,033,000 lbs total (for all Kirkland brand products).",Product was found to be contaminated with Salmonella.,05/04/2012,10/19/2012,05/27/2014,10/31/2012,Products (all sizes) with Best Before dates between 9-DEC-2012 and 7-APR-2013; Lot codes with a number '2' or '3' in the 9th position AND an 'X' in the 10th or 11th position.
Veterinary,No,,61820,Terminated,Diamond Pet Foods,103 N Olive St,PO Box 156,Meta,MO,	65058-0156,United States,Voluntary: Firm initiated,"Two or more of the following: Email, Fax, Letter, Press Release, Telephone, Visit",US/Nationwide; Canada; Belize; Costa Rica; Domincan Republic; Guatemala; Hong Kong; Jamaica; Jordan; Japan; Kuwait; Kazakhstan; Lebanon; Sri Lanka; Malasia; Nigeria; Philippines; Pakistan; Russia; Singapore; El Salvadore; Thailand; Trinidad and Tobago; Taiwan,V-076-2013,Class I,"Kirkland Signature Adult Dog Lamb, Rice, and Vegetable, Net Wt. 40 lbs, Distributed by: Costco, Wholesale Corporation, P.O. Box 35355, Seattle, WA 98124-1535.","Approx. 4,033,000 lbs total (for all Kirkland brand products).",Product was found to be contaminated with Salmonella.,05/04/2012,10/19/2012,05/27/2014,10/31/2012,Products (all sizes) with Best Before dates between 9-DEC-2012 and 7-APR-2013; Lot codes with a number '2' or '3' in the 9th position AND an 'X' in the 10th or 11th position.
Veterinary,No,,61820,Terminated,Diamond Pet Foods,103 N Olive St,PO Box 156,Meta,MO,	65058-0156,United States,Voluntary: Firm initiated,"Two or more of the following: Email, Fax, Letter, Press Release, Telephone, Visit",US/Nationwide; Canada; Belize; Costa Rica; Domincan Republic; Guatemala; Hong Kong; Jamaica; Jordan; Japan; Kuwait; Kazakhstan; Lebanon; Sri Lanka; Malasia; Nigeria; Philippines; Pakistan; Russia; Singapore; El Salvadore; Thailand; Trinidad and Tobago; Taiwan,V-077-2013,Class I,"Kirkland Signature Healthy Weight Dog, Net Wt. 40 lbs, Distributed by: Costco, Wholesale Corporation, P.O. Box 35355, Seattle, WA 98124-1535.","Approx. 4,033,000 lbs total (for all Kirkland brand products).",Product was found to be contaminated with Salmonella.,05/04/2012,10/19/2012,05/27/2014,10/31/2012,Products (all sizes) with Best Before dates between 9-DEC-2012 and 7-APR-2013; Lot codes with a number '2' or '3' in the 9th position AND an 'X' in the 10th or 11th position.
Veterinary,No,,61307,Terminated,Western Feed LLC,206 Adams,PO Box 462,Morrill,NE,	69358-0462,United States,Voluntary: Firm initiated,Telephone,Distribution was made to feed dealers located in NE and WY.,V-078-2012,Class I,"Payback Kountry Buffet 14% Text, packaged in 50-lb. bags.  The firm name on the label says the product is Manufactured by CHS Nutrition, Sioux Falls, SD.",260/50-lb. bags,The nonmedicated feed is contaminated with monensin,02/20/2012,06/13/2012,09/26/2013,06/20/2012,Lot #M718430 and  Lot  #M720280
Veterinary,No,,61820,Terminated,Diamond Pet Foods,103 N Olive St,PO Box 156,Meta,MO,	65058-0156,United States,Voluntary: Firm initiated,"Two or more of the following: Email, Fax, Letter, Press Release, Telephone, Visit",US/Nationwide; Canada; Belize; Costa Rica; Domincan Republic; Guatemala; Hong Kong; Jamaica; Jordan; Japan; Kuwait; Kazakhstan; Lebanon; Sri Lanka; Malasia; Nigeria; Philippines; Pakistan; Russia; Singapore; El Salvadore; Thailand; Trinidad and Tobago; Taiwan,V-078-2013,Class I,"Kirkland Signature Small Dog, Net Wt. 20 lbs, Distributed by: Costco, Wholesale Corporation, P.O. Box 35355, Seattle, WA 98124-1535.","Approx. 4,033,000 lbs total (for all Kirkland brand products).",Product was found to be contaminated with Salmonella.,05/04/2012,10/19/2012,05/27/2014,10/31/2012,Products (all sizes) with Best Before dates between 9-DEC-2012 and 7-APR-2013; Lot codes with a number '2' or '3' in the 9th position AND an 'X' in the 10th or 11th position.
Veterinary,No,,62008,Terminated,"Franck's Lab Inc., d.b.a. Franck's Compounding Lab",1210 SW 33rd Avenue,N/A,Ocala,FL,	34474-5138,United States,Voluntary: Firm initiated,Letter,"Distributed to Veterinary Clinics and Veterinarians by perscription Nationwide and Internationally to Hong Kong, Trinidad, Grand Cayman Islands, and Columbia.",V-079-2012,Class II,"OPHTHALMIC PRODUCTS:   (No labeling available)                CHLORAMPHENICOL  0.5% OPHTHALMIC 10 ML.                    CIPROFLOXACIN HCL 0.4% OPHTHALMIC 10 ML.                    CYCLOSPORINE (A) (CANNOLA OIL) 1% OPHTHALMIC  10 ML, 15 ML.                CYCLOSPORINE (A) (CORN OIL) 1% OPHTHALMIC  5 ML, 10 ML, 15 ML, 20 ML, 30 ML, 40 ML, 60 ML.                CYCLOSPORINE (A) /TACROLIMUS OIL SOLUTION 1%/0.01% OPHTHALMIC  10 ML.                  CYCLOSPORINE (A) /TACROLIMUS OIL SOLUTION 1%/0.02% OPHTHALMIC  15 ML.                  CYCLOSPORINE (A) /TACROLIMUS OIL SOLUTION 2%/0.01% OPHTHALMIC  15 ML.               CYCLOSPORINE (A) /TACROLIMUS OIL SOLUTION 2%/0.02% OPHTHALMIC  10 ML, 15 ML.               CYCLOSPORINE (A) AQUEOUS 2% OPHTHALMIC  15 ML.              CYCLOSPORINE (A) AQUEOUS PF (HUMAN)  1% OPHTHALMIC  10 ML.               CYCLOSPORINE (A) CORN OIL SOLUTION 2% OPHTHALMIC  10 ML, 15 ML, 20 ML, 30 ML.                  CYCLOSPORINE (A) OIL SOLUTION 0.05% OPHTHALMIC  15 ML.              CYCLOSPORINE (A) OIL SOLUTION 0.2% OPHTHALMIC 5 ML, 10 ML, 15 ML, 20 ML, 30 ML, 60 ML.              CYCLOSPORINE (A) OIL SOLUTION 0.5% OPHTHALMIC 10 ML, 15 ML.              CYCLOSPORINE (A) OIL SOLUTION 1% OPHTHALMIC  5 ML, 10 ML, 15 ML, 20 ML, 30 ML, 40 ML, 45 ML, 50 ML, 60 ML, 100 ML, 105 ML, 120 ML.               CYCLOSPORINE (A) OIL SOLUTION 2% OPHTHALMIC  5 ML, 7.5 ML, 10 ML, 15 ML, 20 ML, 30 ML, 40 ML, 60 ML, 80 ML, 90 ML, 100 ML .               CYCLOSPORINE (A) OLIVE OIL SOLUTION 1% OPHTHALMIC  15 ML.                CYCLOSPORINE (A) OLIVE OIL SOLUTION 2% OPHTHALMIC  5 ML, 10 ML.        DESMOPRESSIN ACETATE, OPHTHALMIC 0.1MG/ML (10MCG/0.1ML) SOLUTION  5 ML, 7 ML, 10 ML,15 ML.                     DICLOFENAC SODIUM DROP ** 0.1% OPHTHALMIC 5 ML.               DICLOFENAC SODIUM SOLUTION 0.1% OPHTHALMIC 60 ML.              DICLOFENAC SODIUM/ DMSO SOLUTION 1%/1% OPHTHALMIC  30 ML.            DMSO/VITAMIN C/GLUTATHIONE SOLUTION 6.25%/1.25%/1.25% OPHTHALMIC  10 ML.              FLUOROURACIL (5-FU) SOLUTION   5% OPHTHALMIC  15 ML, 30 ML.                FLURBIPROFEN SOLUTION  50ML 0.03% OPHTHALMIC 50 ML.                FLURBIPROFEN SOLUTION** 0.03% OPHTHALMIC 2.5 ML.           GENTAMICIN/ACETYLCYSTEINE/PILOCARPINE 2.5MG/60MG/6MG/ML OPHTHALMIC  20 ML, 30 ML, 40 ML, 60 ML.                  IDOXURIDINE SOLUTION  0.5% OPHTHALMIC  5 ML, 15 ML, 45 ML.                   IDOXURIDINE SOLUTION 0.1% OPHTHALMIC 5 ML, 10 ML, 15 ML, 20 ML, 30 ML, 45 ML.                ITRACONAZOLE SUSPENSION 1% OPHTHALMIC 30 ML.              ITRACONAZOLE/DMSO SOLUTION 1%/15% OPHTHALMIC  15 ML.                ITRACONAZOLE/DMSO SOLUTION 1%/30% OPHTHALMIC  15 ML, 30 ML.                ITRACONAZOLE/DMSO/GENT SOLUTION 1%/30%/0.5MG/ML OPHTHALMIC  45 ML.                 KCS OPHTHALMIC 0.3%/6.67%/0.67% SOLUTION 75 ML.               MICONAZOLE SOLUTION 1% OPHTHALMIC 15 ML, 20 ML, 30 ML, 40 ML, 60 ML, 90 ML, 100 ML, 180 ML.                 MICONAZOLE SOLUTION 2% OPHTHALMIC  5 ML, 10 ML, 15 ML, 30 ML.            MICONAZOLE/DMSO, SOLUTION 2%/30% OPHTHALMIC 30 ML.                MICONAZOLE/TOBRAMYCIN SOLUTION 1%/0.3% OPHTHALMIC 30 ML.                 MITOMYCIN SOLUTION, STERILE 0.02% (200MCG/ML) OPHTHALMIC 7 ML.                  NALBUPHINE HCL 1.2% OPHTHALMIC  12 ML.                NATAMYCIN  SUSPENSION 3.3% OPHTHALMIC  5 ML, 10 ML, 15 ML.                 NATAMYCIN SUSPENSION, (STERILE VIAL-LAVAGE) 5% OPHTHALMIC  15 ML.                NATAMYCIN SUSPENSION, 15ML*** 5% OPHTHALMIC 15 ML, 30 ML, 45 ML, 90 ML.                NEOMYCIN/BACITRACIN/POLYMYXIN-B/DEXAMETHASONE, OPHTHALMIC 5MG/400IU/10000U/1% OI  50 GM, 60 GM.              NEOMYCIN/BACITRACIN/POLYMYXIN-B/HYDROCORT OPHTHALMIC 3.5MG/400U/10,000U/GM/1% OI 4 GM.                  NEOMYCIN/BACITRACIN/POLYMYXIN-B/HYDROCORT OPHTHALMIC 7.5MG/600U/10,000U/GM/1% OI  4 MG, 8MG, 16 GM, 24 GM, 48 GM.                 NEOMYCIN/POLYMYXIN/BACIT SOLUTION 3.5MG/10,000U/500U/ML OPHTHALMIC  15 ML, 30 ML.              POLYMYXIN B SULFATE  10000 UNITS/ML O",1186,Franck's Lab Inc. d.b.a. Franck's initiated a recall of all Sterile  Veterinary Drugs distributed between 11/21/2011 and 05/21/2012.  FDA environmental sampling revealed the presence of microorganisms and fungal growth in the clean room where sterile  compounding/compounded veterinary products were prepared.,05/21/2012,06/25/2012,11/07/2013,07/04/2012,RX #'s:      0387911    0381431    0389075    0389075    0389075    0389075    0401548    0403475    0408637    0394895    0394895    0388625    0397986    0360644    0403535    0401573    0387993    0387993    0387993    0387993    0387993    0365237    0408756    0361363    0394368    0394368    0394368    0373042    0373042    0356454    0404511    0404511    0408900    0394807    0403180    0387393    0387393    0377302    0377302    0377302    0365012    0405621    0394283    0393012    0393012    0362963    0362917    0405988    0354948    0397499    0397499    0401483    0405649    0356336    0401019    0387353    0398771    0391281    0391281    0394295    0394295    0395169    0395169    0398870    0356129    0354840    0399180    0397548    0395611    0395611    0395611    0395611    0357661    0357661    0399247    0399247    0366881    0360858    0403618    0398841    0398841    0407291    0361825    0407112    0392747    0407420    0402013    0375679    0397848    0388181    0388181    0388181    0388181    0409156    0364106    0384485    0400210    0393970    0393970    0360109    0358198    0358198    0389128    0389128    0357664    0357664    0388655    0388655    0370771    0370771    0377049    0373276    0379276    0379276    0394821    0410042    0410061    0387798    0402854    0361070    0404469    0360494    0388455    0398788    0370182    0389530    0386451    0386451    0368872    0406150    0362358    0362358    0410007    0387379    0387379    0387379    0387379    0357101    0370185    0370185    0391144    0402261    0405118    0394058    0394058    0369426    0359414    0401701    0401701    0394865    0394865    0394865    0389203    0371605    0407947    0409833    0405984    0385740    0367679    0367679    0392712    0397971    0404950    0394880    0385726    0373543    0373543    0394886    0395838    0388465    0388465    0388465    0388465    0388465    0400739    0400739    0366123    0380386    0380386    0396523    0404106    0404106    0396008    0388548    0388548    0388548    0402056    0394279    0394279    0394279    0394597    0394597    0379260    0394955    0391971    0391971    0395667    0353403    0402658    0395819    0393264    0382505    0382505    0404482    0398712    0368999    0387793    0387793    0387793    0387793    0404553    0364214    0364214    0404853    0382915    0394274    0394274    0395007    0395007    0395007    0398642    0377898    0407194    0349838    0391893    0391893    0391893    0410241    0389915    0372033    0395469    0395469    0382053    0366872    0366872    0395871    0403861    0403861    0388452    0388452    0388452    0401415    0363969    0371588    0394400    0387283    0387283    0407052    0363490    0363490    0408974    0374242    0402313    0402313    0403769    0388864    0391354    0392856    0392856    0363390    0363390    0363390    0408150    0403457    0403457    0408336    0383100    0398333    0404158    0375455    0392752    0392752    0391889    0373850    0373850    0393691    0393691    0393185    0403145    0403145    0403145    0389353    0389353    0389353    0382616    0372915    0372915    0372915    0372915    0385759    0387700    0394588    0394592    0394244    0391749    0396958    0375811    0408357    0394286    0377024    0395497    0398971    0398004    0398004    0366248    0393340    0374390    0352282    0401722    0394632    0401807    0406045    0390222    0393923    0365176    0378739    0372066    0402738    0403112    0394825    0406219    0373923    0372687    0377485    0377485    0377485    0354612    0354612    0374539    0387850    0387850    0382424    0365064    0365064    0359761    0387079    0387079    0387974    0387974    0387974    0386960    0406157    0377949    0377949    0377377    0396209    0396209    0404312    0390820    0390820    0409391    0393194    0389642    0392033    0403692    0405509    0373512    0373512    0394809    0394809    0394809    0355486    0400644    0400644    0400109    0392055    0370313    0407960    0383822    0369519    0369519    0385144    0385144    0385144    0393116    0396696    0396696    0390824    0407813    0396073    0396073    0403374    0403374    0397198    0389363    0380969    0380969    0387050    0387050    0384809    0400405    0391814    0391814    0407720    0404574    0355296    0407724    0388898    0407632    0355676    0397165    0400249    0403190    0408173    0401654    0399449    0396507    0396507    0380321    0395462    0375043    0375043    0375043    0375043    0375043    0396371    0380447    0380447    0395069    0394264    0404512    0395524    0392139    0392139    0405973    0401321    0396317    0399221    0406834    0391433    0408649    0393575    0370909    0395779    0395587    0395587    0392467    0389737    0367512    0404100    0395971    0395971    0400002    0389665    0389665    0389665    0389665    0390138    0395957    0395957    0370650    0365552    0361815    0361815    0406531    0400857    0363575    0409783    0406587    0387400    0400015    0392634    0408076    0392923    0365718    0365718    0392963    0392963    0409220    0361926    0409565    0395910    0395910    0403102    0361626    0407577    0402600    0365712    0407576    0379389    0379389    0379389    0352025    0379387    0379387    0393624    0393624    0393624    0409174    0384319    0401892    0389611    0384429    0384429    0384429    0384429    0384429    0384429    0406133    0409629    0401837    0402032    0364454    0403627    0403627    0400914    0395477    0409788    0404653    0394492    0394492    0394492    0399896    0377912    0406122    0397358    0397358    0397970    0407070    0405447    0396103    0396103    0398402    0398402    0398402    0406943    0403174    0365642    0408317    0393626    0395174    0395174    0402751    0406564    0397516    0386157    0394166    0384094    0384094    0406968    0407846    0390140    0390140    0390140    0390140    0400056    0400056    0399818    0399818    0393327    0407306    0372261    0389176    0389176    0395744    0393329    0393329    0392915    0394201    0394201    0394249    0394249    0388051    0388051    0400667    0399904    0385688    0385688    0370019    0410346    0366884    0397553    0397553    0366071    0407998    0377909    0377909    0377909    0407286    0392857    0392857    0386546    0386546    0390054    0390054    0390054    0364556    0364556    0408525    0396911    0396911    0396911    0396964    0406548    0387665    0348652    0399049    0393338    0393338    0393338    0396142    0396142    0396218    0401310    0365620    0402087    0377601    0406693    0393590    0387898    0387898    0387898    0405437    0391196    0393633    0405360    0402477    0383470    0395711    0395710    0395710    0395710    0400976    0369971    0396275    0393786    0393786    0393786    0379959    0391888    0391888    0354320    0402933    0375075    0393983    0393983    0393983    0384669    0384669    0361450    0388555    0391078    0391078    0391078    0372315    0386248    0356487    0374067    0374067    0401577    0394266    0372412    0372412    0404670    0389542    0393477    0390021    0387552    0387553    0396978    0387697    0396982    0398638    0395052    0376647    0395336    0363523    0393237    0393237    0390167    0390167    0386982    0386982    0388134    0388134    0388134    0391015    0391015    0391015    0388374    0388374    0357845    0400738    0386739    0376123    0376123    0376123    0396590    0396590    0396590    0387027    0398105    0361515    0375900    0375900    0375900    0375900    0375900    0397964    0384769    0388110    0396883    0388617    0382458    0388752    0401923    0394475    0383206    0391276    0368066    0405106    0396090    0378406    0391191    0409593    0365056    0407247    0361122    0361122    0395505    0395505    0395505    0388430    0388430    0388430    0369526    0369526    0395191    0408550    0399412    0397779    0397779    0388537    0370725    0370725    0370725    0349213    0399906    0384013    0396011    0396011    0358092    0400404    0364547    0393190    0407408    0364803    0364803    0372479    0372479    0372479    0372479    0390975    0369012    0369012    0373381    0373381    0373381    0373381    0407492    0355993    0391248    0397483    0369840    0390965    0396585    0396585    0399712    0389856    0389856    0389856    0397668    0397668    0397668    0400706    0387837    0387837    0387837    0387837    0394730    0394730    0394730    0388129    0388129    0388129    0388129    0388129    0388129    0409179    0352491    0399652    0399652    0401089    0399977    0385385    0394523    0368979    0368979    0398711    0402949    0402949    0396689    0379035    0379035    0391916    0395186    0395186    0394014    0387988    0387988    0387988    0387988    0387988    0394259    0378857    0378857    0403020    0403020    0394991    0392983    0393903    0356593    0402472    0384842    0394759    0402839    0368170    0394851    0394851    0409814    0406924    0399448    0353783    0353783    0353783    0393579    0404897    0392447    0389146    0406194    0390697    0386142    0386142    0386142    0386142    0392638    0398835    0402091    0402091    0355746    0404468    0388711    0394089    0398578    0388999    0388999    0388999    0388999    0400445    0372469    0362910    0355547    0401627    0402426    0402426    0401971    0401969    0390181    0389726    0389726    0401734    0372755    0396660    0388600    0406586    0388584    0388584    0399726    0378267    0378267    0378267    0395066    0383028    0383028    0383028    0383028    0383028    0383028    0383028    0383028    0383028    0383028    0383028    0383028    0383028    0383028    0397868    0402519    0397911    0395986    0360225    0397624    0387722    0387570    0364330    0393767    0401981    0400987    0400814    0397703    0397703    0402845    0402845    0401337    0405071    0395398    0395398    0395398    0398575    0402834    0405737    0393013    0393013    0393014    0393014    0393016    0393016    0393017    0393017    0393019    0393019    0374166    0374166    0374166    0374166    0391914    0396512    0367520    0367520    0390519    0398890    0389412    0389412    0389412    0389412    0389412    0387726    0367949    0367949    0400895    0387227    0387997    0387997    0387997    0376853    0400094    0392342    0403233    0361407    0405165    0401335    0388723    0388723    0388723    0390043    0390043    0390043    0394441    0396547    0405002    0393888    0393888    0384241    0389298    0377263    0377263    0377263    0401909    0369007    0369007    0391050    0400174    0387962    0387962    0387962    0387962    0393513    0384255    0384255    0387533    0387533    0387533    0387533    0387533    0402944    0391913    0403835    0356511    0356511    0403354    0359858    0401258    0401258    0392918    0396914    0362206    0401770    0401770    0391643    0391643    0388001    0388001    0388001    0388001    0389489    0389489    0404748    0388106    0401184    0387931    0360894    0360894    0360894    0389765    0389765    0402503    0398550    0377041    0377041    0396970    0353935    0398793    0398793    0405750    0403736    0401361    0377117    0378620    0401871    0371403    0371403    0373128    0390883    0365834    0365834    0407762    0374795    0374795    0374795    0374795    0406720    0406720    0407348    0358492    0407202    0392975    0391648    0373499    0397517    0361580    0406031    0380510    0380510    0378936    0378936    0369970    0394290    0394290    0394290    0396446    0389760    0405379    0399275    0399275    0406123    0374041    0374041    0374041    0357139    0357139    0399599    0399599    0405726    0404218    0377656    0392077    0402142    0402142    0404838    0394820    0394820    0370652    0370652    0370652    0370652    0390309    0390309    0404607    0390493    0390493    0390493    0396979    0397361    0389910    0389910    0408134    0379091    0379091    0395863    0376149    0390280    0390280    0390280    0389601    0389979    0364215    0364215    0404851    0393395    0393395    0404193    0396126    0392352    0394285    0394285    0404986    0354351    0354351    0399561    0399561    0378948    0378948    0363126    0403431    0352586    0405309    0405309    0386124    0386124    0386124    0393876    0393876    0393876    0375461    0375461    0375461    0390052    0399709    0392037    0392037    0398222    0398222    0395171    0395171    0385996    0385996    0404995    0404185    0388690    0368658    0372944    0408015    0409559    0397157    0405763    0399680    0396677    0406951    0391216    0372558    0372558    0403724    0373891    0389314    0399771    0399771    0399771    0400556    0404603    0404603    0385617    0385617    0402366    0396586    0387762    0397158
Veterinary,No,,61820,Terminated,Diamond Pet Foods,103 N Olive St,PO Box 156,Meta,MO,	65058-0156,United States,Voluntary: Firm initiated,"Two or more of the following: Email, Fax, Letter, Press Release, Telephone, Visit",US/Nationwide; Canada; Belize; Costa Rica; Domincan Republic; Guatemala; Hong Kong; Jamaica; Jordan; Japan; Kuwait; Kazakhstan; Lebanon; Sri Lanka; Malasia; Nigeria; Philippines; Pakistan; Russia; Singapore; El Salvadore; Thailand; Trinidad and Tobago; Taiwan,V-079-2013,Class I,"Kirkland Signature Healthy Weight Cat, Net Wt. 20 lbs, Distributed by: Costco, Wholesale Corporation, P.O. Box 35355, Seattle, WA 98124-1535.","Approx. 4,033,000 lbs total (for all Kirkland brand products).",Product was found to be contaminated with Salmonella.,05/04/2012,10/19/2012,05/27/2014,10/31/2012,Products (all sizes) with Best Before dates between 9-DEC-2012 and 7-APR-2013; Lot codes with a number '2' or '3' in the 9th position AND an 'X' in the 10th or 11th position.
Veterinary,No,,62008,Terminated,"Franck's Lab Inc., d.b.a. Franck's Compounding Lab",1210 SW 33rd Avenue,N/A,Ocala,FL,	34474-5138,United States,Voluntary: Firm initiated,Letter,"Distributed to Veterinary Clinics and Veterinarians by perscription Nationwide and Internationally to Hong Kong, Trinidad, Grand Cayman Islands, and Columbia.",V-080-2012,Class II,"OPHTHALMIC OINTMENT PRODUCTS:  (No labeling available)                   ACYCLOVIR OPHTHALMIC 3% OINTMENT 6 ML.                   ACYCLOVIR OPHTHALMIC 3% OINTMENT 5 GM.                   CHLORAMPHENICOL OINTMENT 1% OPHTHALMIC  5 GM, 8 GM, 12 GM, 20 GM, 24 GM, 30 GM, 40 GM, 120 GM, 10ML AND 30 ML.                  CHLORAMPHENICOL/MICONAZOLE/DMSO OINTMENT 2%/2%/1% OPHTHALMIC  30 GM.                   CIPROFLOXACIN OPHTHALMIC 0.5% OINTMENT  24 GM.                   CYCLOSPORINE OINTMENT 0.1% OPHTHALMIC 4GM, 5 GM, 10 GM, 15 GM, 20 GM, 30 GM, 90 GM, AND 10 ML.                   DEXAMETHASONE OINTMENT 0.1% OPHTHALMIC  3.5 GM AND 10 GM.                  DICLOFENAC SODIUM OINTMENT 0.1% OPHTHALMIC  5 GM, 7GM, 8 GM,  10 GM, 10.5 GM,  14 GM, 15 GM, 16 GM, 30 GM, 32 GM, 50 GM.                   DMSO OPHTHALMIC 2% OINTMENT 5 GM.                 EDTA OPHTHALMIC 1% OINTMENT  5 GM AND 15 GM.              FLUOROURACIL (5-FU) OINTMENT 0.5% OPHTHALMIC 60 GM    FLUOROURACIL (5-FU) OINTMENT 1% OPHTHALMIC  4 GM, 5 GM, 10 GM, 15, GM, 20 GM, 30 GM, 36 GM, 40 GM.                   FLUOROURACIL (5-FU) OINTMENT 2% OPHTHALMIC  10 GM AND 15 GM.                    FLUOROURACIL (5-FU) OINTMENT 3% OPHTHALMIC  5 GM, 20 GM, AND 30 GM.                   FLUOROURACIL (5-FU) OINTMENT-VET ONLY 5% OPHTHALMIC  15 GM, AND 30 GM.                   FLURBIPROFEN  PF (V/V) OINTMENT 0.03% OPHTHALMIC  15 GM AND 20 GM.                   GENTAMICIN OINTMENT 0.5% OPHTHALMIC 25 GM.              IDOXURIDINE OINTMENT 0.1% OPHTHALMIC 15 GM.               INTERFERON ALFA-2B, OINTMENT 30 IU/GM OPHTHALMIC  5 GM.                  ITRACONAZOLE OINTMENT 1% OPHTHALMIC  4 ML, 30 ML, 4GM, 30 GM.                  ITRACONAZOLE/DMSO OINTMENT 1%/15% OPHTHALMIC  4 GM, 8 GM, 10 GM, AND 24 GM.                   ITRACONAZOLE/DMSO OINTMENT 1%/30% OPHTHALMIC  10GM, 16 GM, AND 40 GM.                   ITRACONAZOLE/DMSO/NEOMYCIN OINTMENT 0.5%/10%/2% OPHTHALMIC  10 GM.                 ITRACONAZOLE/DMSO/OFLOXACIN OINTMENT 0.5%/10%/0.03% OPHTHALMIC  30 GM.                 IVERMECTIN OINTMENT 1% OPHTHALMIC 3MG, 4 GM, 5 GM, 10 GM, 15 GM, 45 GM.                 MICONAZOLE OINTMENT 1% OPHTHALMIC 4 GMS, 5 GMS, 8 GMS, 10 GMS, 12 GMS, 16 GMS, 20 GMS, 24 GMS, 32 GMS, 52.5 GMS 70 GMS, 87.5 GMS, 105 GMS,  122.5 GMS, 140 GMS.                   MICONAZOLE OINTMENT 2% OPHTHALMIC 4 GM, 8 GM, 30 GM, 40 GM, 48 GM, 80 GM.               MICONAZOLE/DMSO OINTMENT 1%/5% OPHTHALMIC 20 GM.                  MICONAZOLE/DMSO OINTMENT 2%/5% OPHTHALMIC 3.5 GMS.                  MITOMYCIN OPHTHALMIC OINTMENT 0.04% (400MCG/ML) OPHTHALMIC  5 GM.               NEOMYCIN/BACITRACIN/POLYMYXIN-B  OPHTHALMIC 3.5MG/400U/15,000U/GM OINTMENT  4 GM and 24 GM.                  NEOMYCIN/BACITRACIN/POLYMYXIN-B OPHTHALMIC 7.5MG/600U/10000U/GM OINTMENT  4 GM, 8 GM, 12 GM, 16 GM, 20 GM, 24 GM, 30 GM, 32 GM, 40 GM, 48 GM, 50 GM, 52 GM, 92 GM, 96 GM, 144 GM.                  NYSTATIN OINTMENT 1% OPHTHALMIC 3.5 GM.                 OPTIMMUNE**OPHTHALMIC 0.2% OINTMENT 3.5 GMS.                  OXYTETRACYCLINE HCL/POLYMYXIN B (PF) OPHTHALMIC 0.5%/10,000 IU/GM OINTMENT  5 GM, 8 GM, 12 GM, 15 GM, 20 GM, 24 GM, 30 GM, 32 GM, 50 GM.                    OXYTETRACYCLINE OINTMENT 1% OPHTHALMIC  3.5 GM, 4 GM, 8 GM, 10.5 GM, 22 GM.                 PREDNISOLONE ACETATE OINTMENT 1% OPHTHALMIC 15 GRAM.                TACROLIMUS OINTMENT 0.02% OPHTHALMIC  4 GM, 5 GM, 8 GM, 10 GM, 15 GM.             TACROLIMUS OINTMENT 0.03% OPHTHALMIC  3 GM, 4 GM, 5 GM, 8 GM, 15 GM, 16 GM.                   TACROLIMUS OINTMENT 0.05% OPHTHALMIC  8 GM.               TACROLIMUS OINTMENT 0.1% OPHTHALMIC 5 GMS.                TACROLIMUS OINTMENT 0.3% OPHTHALMIC 5 GMS.                VORICONAZOLE OPHTHALMIC 1% (10MG/ML) OINTMENT 3.5 GM, 5 GM,  15 GM.                                                                      ",377,Franck's Lab Inc. d.b.a. Franck's initiated a recall of all Sterile  Veterinary Drugs distributed between 11/21/2011 and 05/21/2012.  FDA environmental sampling revealed the presence of microorganisms and fungal growth in the clean room where sterile  compounding/compounded veterinary products were prepared.,05/21/2012,06/25/2012,11/07/2013,07/04/2012,REX #'s:       0399876    0406303    0369646    0369646    0369646    0369646    0374463    0374463    0374463    0374463    0374463    0389926    0389926    0389926    0400266    0370082    0370082    0370082    0370082    0389688    0389688    0388384    0388384    0388384    0404678    0394310    0387718    0387718    0391476    0402038    0361990    0377727    0377727    0397981    0356342    0393409    0381097    0403636    0368797    0368797    0410154    0382649    0382649    0396930    0386183    0396066    0397879    0397879    0404517    0366567    0366567    0363856    0363856    0407628    0404481    0358269    0402749    0402749    0391242    0391242    0391242    0391242    0403564    0403564    0399026    0398049    0398049    0398049    0398049    0397141    0395731    0395731    0394992    0399187    0399187    0397584    0408781    0394593    0397045    0391549    0394563    0381995    0381995    0381995    0394857    0390465    0388962    0388962    0388962    0388962    0388962    0398220    0402508    0397409    0408130    0393464    0393464    0405894    0402533    0386184    0386184    0389823    0389823    0390626    0353269    0353269    0402237    0409377    0390299    0390299    0396589    0401570    0392834    0381878    0381878    0381878    0369912    0369912    0394664    0394664    0379681    0379681    0394196    0394300    0394300    0373949    0373949    0402928    0405950    0405953    0394116    0394116    0388862    0405912    0408861    0402254    0356630    0404809    0406377    0404113    0404113    0400927    0395616    0395919    0395168    0384188    0384188    0374343    0379487    0409951    0390648    0407534    0360857    0360857    0374053    0394039    0400792    0396070    0396070    0395230    0388255    0356654    0390301    0390301    0390301    0390301    0403811    0403811    0386057    0386057    0401489    0401489    0401489    0370642    0370642    0370642    0370642    0370642    0393451    0409231    0399777    0396707    0369973    0404109    0404109    0394695    0403774    0400322    0374197    0404716    0404716    0402571    0366901    0366901    0398063    0390618    0407338    0407338    0394814    0408176    0403844    0395204    0395204    0403446    0403446    0389270    0404919    0404919    0404919    0381688    0381688    0381688    0381688    0381688    0381688    0381688    0381688    0381688    0389692    0389692    0389692    0389692    0389692    0391003    0391003    0391003    0391003    0391003    0391003    0406396    0356992    0356992    0389546    0394582    0390349    0390349    0390349    0366482    0366482    0366482    0409933    0356655    0389012    0389012    0389012    0359806    0359806    0386019    0409269    0404938    0394101    0404484    0405529    0389210    0389210    0408346    0356956    0356956    0387999    0387999    0387999    0378028    0378028    0378028    0378028    0393531    0360570    0360570    0397166    0386123    0361695    0361695    0400091    0367948    0387518    0368069    0368069    0368069    0368069    0368069    0368069    0391376    0376820    0376820    0376820    0376820    0376820    0376820    0376820    0376820    0376820    0364196    0364196    0364196    0368813    0368813    0368813    0368813    0378597    0371235    0389358    0403088    0403231    0389144    0390495    0393077    0393077    0389657    0392726    0392726    0382204    0382204    0389597    0389597    0389597    0389597    0389597    0389597    0389597    0389727    0388424    0397610    0397610    0385837    0385837    0388852    0388852    0391404    0405067    0405067    0398124    0404543    0408082    0395948    0404132    0388934    0401765    0406431    0405922    0385683    0402549    0407228    0397603    0393977    0393977    0393977    0393977    0376503    0407490    0365316    0382737    0382737    0384320    0388966    0388966    0388966    0388966    0388966    0402432    0382716    0382716    0401085    0407451    0399041    0399041    0398381    0381939    0381939    0381939    0381939    0381939    0381939    0381939    0402528    0406967    0406967    0401712
Veterinary,No,,61820,Terminated,Diamond Pet Foods,103 N Olive St,PO Box 156,Meta,MO,	65058-0156,United States,Voluntary: Firm initiated,"Two or more of the following: Email, Fax, Letter, Press Release, Telephone, Visit",US/Nationwide; Canada; Belize; Costa Rica; Domincan Republic; Guatemala; Hong Kong; Jamaica; Jordan; Japan; Kuwait; Kazakhstan; Lebanon; Sri Lanka; Malasia; Nigeria; Philippines; Pakistan; Russia; Singapore; El Salvadore; Thailand; Trinidad and Tobago; Taiwan,V-080-2013,Class I,"Kirkland Signature Maintenance Cat, Net Wt. 25 lbs, Distributed by: Costco, Wholesale Corporation, P.O. Box 35355, Seattle, WA 98124-1535.","Approx. 4,033,000 lbs total (for all Kirkland brand products).",Product was found to be contaminated with Salmonella.,05/04/2012,10/19/2012,05/27/2014,10/31/2012,Products (all sizes) with Best Before dates between 9-DEC-2012 and 7-APR-2013; Lot codes with a number '2' or '3' in the 9th position AND an 'X' in the 10th or 11th position.
Veterinary,No,,62008,Terminated,"Franck's Lab Inc., d.b.a. Franck's Compounding Lab",1210 SW 33rd Avenue,N/A,Ocala,FL,	34474-5138,United States,Voluntary: Firm initiated,Letter,"Distributed to Veterinary Clinics and Veterinarians by perscription Nationwide and Internationally to Hong Kong, Trinidad, Grand Cayman Islands, and Columbia.",V-081-2012,Class II,"TOPICAL OPHTHALMIC PRODUCTS / ARTIFICAL TEARS:  (No labeling available)                   ACETYLCYSTEINE, OPHTHALMIC IN ARTIFICIAL TEARS - 2.5% 15 ML, 5%, 15ML, AND 10% IN 5ML,  SOLUTION.               CEFAZOLIN OPHTHALMIC IN ARTIFICIAL TEARS 66MG/ML OPHTHALMIC 15 ML.                   CEFAZOLIN SOLUTION IN ARTIFICIAL TEARS 55MG/ML OPHTHALMIC  5 ML,10 ML, 15ML AND 20ML.                   CEFTAZIDIME OPHTHALMIC IN ARTIFICIAL TEARS 50MG/ML (5%) OPHTHALMIC  5 ML.                   DEMECARIUM BROMIDE  OPHTHALMIC IN ARTIFICIAL TEARS 0.25% OPHTHALMIC 10ML AND 15 ML.                   EDTA CALCIUM DISODIUM SOLUTION IN ARTIFICIAL TEARS 0.5% OPHTHALMIC  15 ML.                  EDTA DISODIUM IN NATURAL TEARS  1% OPHTHALMIC 10ML AND 15 ML.                   FLUCONAZOLE SOLUTION IN ARTIFICIAL TEARS 1% OPHTHALMIC 15 ML  AND 30 ML.                 FLUOROURACIL (5-FU) SOLUTION IN ARTIFICIAL TEARS  2% OPHTHALMIC  10 ML AND 15 ML.                        GENTAMICIN/ACETYLCYSTEINE/ATROPINE IN ARTIFICIAL TEARS 0.25%/2.5%/0.25% OPHTHALM 30 ML.                   IVERMECTIN/DEXAMETHASONE/DMSO IN ARTIFICIAL TEARS 1%/1%/15% OPHTHALMIC  15 ML.                   MICONAZOLE IN ARTIFICIAL TEARS SOLUTION 1% OPHTHALMIC  30 ML.                                                    ",50,Franck's Lab Inc. d.b.a. Franck's initiated a recall of all Sterile  Veterinary Drugs distributed between 11/21/2011 and 05/21/2012.  FDA environmental sampling revealed the presence of microorganisms and fungal growth in the clean room where sterile  compounding/compounded veterinary products were prepared.,05/21/2012,06/25/2012,11/07/2013,07/04/2012,REX #'S:         0392042    0392042    0396445    0405722    0404274    0388995    0389316    0389316    0389316    0389316    0389316    0391240    0393461    0388057    0388057    0388057    0388057    0388057    0388057    0388057    0381667    0381667    0381667    0381667    0368803    0400485    0387763    0387763    0387763    0387763    0401511    0401511    0398728    0398728    0388724    0388724    0404803    0389669    0393532    0380503    0386380    0406901    0395425    0395425    0402583    0402583    0404765    0397451    0387755    0391791
Veterinary,No,,61820,Terminated,Diamond Pet Foods,103 N Olive St,PO Box 156,Meta,MO,	65058-0156,United States,Voluntary: Firm initiated,"Two or more of the following: Email, Fax, Letter, Press Release, Telephone, Visit",US/Nationwide; Canada; Belize; Costa Rica; Domincan Republic; Guatemala; Hong Kong; Jamaica; Jordan; Japan; Kuwait; Kazakhstan; Lebanon; Sri Lanka; Malasia; Nigeria; Philippines; Pakistan; Russia; Singapore; El Salvadore; Thailand; Trinidad and Tobago; Taiwan,V-081-2013,Class I,"Kirkland Signature Nature's Domain Salmon Meal & Sweet Potato, Net Wt. 35 lbs, Distributed by: Costco, Wholesale Corporation, P.O. Box 35355, Seattle, WA 98124-1535.","Approx. 4,033,000 lbs total (for all Kirkland brand products).",Product was found to be contaminated with Salmonella.,05/04/2012,10/19/2012,05/27/2014,10/31/2012,Products (all sizes) with Best Before dates between 9-DEC-2012 and 7-APR-2013; Lot codes with a number '2' or '3' in the 9th position AND an 'X' in the 10th or 11th position.
Veterinary,No,,62008,Terminated,"Franck's Lab Inc., d.b.a. Franck's Compounding Lab",1210 SW 33rd Avenue,N/A,Ocala,FL,	34474-5138,United States,Voluntary: Firm initiated,Letter,"Distributed to Veterinary Clinics and Veterinarians by perscription Nationwide and Internationally to Hong Kong, Trinidad, Grand Cayman Islands, and Columbia.",V-082-2012,Class II,"TOPICAL IRRIGATION:  (No labeling available).                   CLOTRIMAZOLE UTERINE FLUSH, STERILE 500MG/60ML (8.33MG/ML) SOLUTION  300 ML, 500 ML.             CLOTRIMAZOLE UTERINE FLUSH, STERILE 500MG/20ML (25MG/ML) SOLUTION  140 ML, 168 ML.                 ",5,Franck's Lab Inc. d.b.a. Franck's initiated a recall of all Sterile  Veterinary Drugs distributed between 11/21/2011 and 05/21/2012.  FDA environmental sampling revealed the presence of microorganisms and fungal growth in the clean room where sterile  compounding/compounded veterinary products were prepared.,05/21/2012,06/25/2012,11/07/2013,07/04/2012,REX #'S:          0357765    0357765    0357765    0401780    0400714
Veterinary,No,,61820,Terminated,Diamond Pet Foods,103 N Olive St,PO Box 156,Meta,MO,	65058-0156,United States,Voluntary: Firm initiated,"Two or more of the following: Email, Fax, Letter, Press Release, Telephone, Visit",US/Nationwide; Canada; Belize; Costa Rica; Domincan Republic; Guatemala; Hong Kong; Jamaica; Jordan; Japan; Kuwait; Kazakhstan; Lebanon; Sri Lanka; Malasia; Nigeria; Philippines; Pakistan; Russia; Singapore; El Salvadore; Thailand; Trinidad and Tobago; Taiwan,V-082-2013,Class I,"Chicken Soup for the Cat Lover's Soul Adult Cat Light, Net Wt. 18 lbs. Made by Diamond Pet Food, Meta, Missouri 65058.","Approx. 2,809,000 lbs total (for all Chicken Soup brand products).",Product was found to be contaminated with Salmonella.,05/04/2012,10/19/2012,05/27/2014,10/31/2012,Products (all sizes) with Best Before dates between 9-DEC-2012 and 7-APR-2013; Lot codes with a number '2' or '3' in the 9th position AND an 'X' in the 10th or 11th position.
Veterinary,No,,62008,Terminated,"Franck's Lab Inc., d.b.a. Franck's Compounding Lab",1210 SW 33rd Avenue,N/A,Ocala,FL,	34474-5138,United States,Voluntary: Firm initiated,Letter,"Distributed to Veterinary Clinics and Veterinarians by perscription Nationwide and Internationally to Hong Kong, Trinidad, Grand Cayman Islands, and Columbia.",V-083-2012,Class II,"TOPICAL:  (No labeling available).                   AMIKACIN SULFATE, OTIC 2% SOLUTION  90 ML.                  AMIKACIN / TOBRAMYCIN  OTIC 250MG / 10MG / ML DROP  30 ML.                    ",2,Franck's Lab Inc. d.b.a. Franck's initiated a recall of all Sterile  Veterinary Drugs distributed between 11/21/2011 and 05/21/2012.  FDA environmental sampling revealed the presence of microorganisms and fungal growth in the clean room where sterile  compounding/compounded veterinary products were prepared.,05/21/2012,06/25/2012,11/07/2013,07/04/2012,REX #'S:          0390908    0406310
Veterinary,No,,61820,Terminated,Diamond Pet Foods,103 N Olive St,PO Box 156,Meta,MO,	65058-0156,United States,Voluntary: Firm initiated,"Two or more of the following: Email, Fax, Letter, Press Release, Telephone, Visit",US/Nationwide; Canada; Belize; Costa Rica; Domincan Republic; Guatemala; Hong Kong; Jamaica; Jordan; Japan; Kuwait; Kazakhstan; Lebanon; Sri Lanka; Malasia; Nigeria; Philippines; Pakistan; Russia; Singapore; El Salvadore; Thailand; Trinidad and Tobago; Taiwan,V-083-2013,Class I,"Chicken Soup for the Cat Lover's Soul Senior Cat Hairball, Net Wt. 18 lbs. Made by Diamond Pet Food, Meta, Missouri 65058.","Approx. 2,809,000 lbs total (for all Chicken Soup brand products).",Product was found to be contaminated with Salmonella.,05/04/2012,10/19/2012,05/27/2014,10/31/2012,Products (all sizes) with Best Before dates between 9-DEC-2012 and 7-APR-2013; Lot codes with a number '2' or '3' in the 9th position AND an 'X' in the 10th or 11th position.
Veterinary,No,,62008,Terminated,"Franck's Lab Inc., d.b.a. Franck's Compounding Lab",1210 SW 33rd Avenue,N/A,Ocala,FL,	34474-5138,United States,Voluntary: Firm initiated,Letter,"Distributed to Veterinary Clinics and Veterinarians by perscription Nationwide and Internationally to Hong Kong, Trinidad, Grand Cayman Islands, and Columbia.",V-084-2012,Class II,"ORAL:  (No labeling available).                   CYPROHEPTADINE 100MG/ML SUSPENSION  60 ML,  90 ML, 100 ML 180 ML, 240 ML, 360 ML, 480 ML.                  CIMETIDINE 1.5GM/LEVEL SCOOP SCOOP 120 SCOOP.              CYCLOSPORINE 15MG CAPSULE  60 CAPS.               LACTULOSE, FLAVORED 10GM/15ML SYRUP  90 ML, 480 ML.                          ",45,Franck's Lab Inc. d.b.a. Franck's initiated a recall of all Sterile  Veterinary Drugs distributed between 11/21/2011 and 05/21/2012.  FDA environmental sampling revealed the presence of microorganisms and fungal growth in the clean room where sterile  compounding/compounded veterinary products were prepared.,05/21/2012,06/25/2012,11/07/2013,07/04/2012,REX #'S:          0403923    0408603    0387967    0387967    0387967    0387967    0387967    0387967    0387967    0387967    0387967    0387967    0410446    0406448    0394139    0404077    0354257    0354257    0354257    0397364    0397364    0397364    0397364    0397364    0397364    0397364    0397982    0397982    0397982    0408059    0363809    0400105    0408064    0410356    0383051    0383051    0383051    0383051    0383051    0383051    0383051    0369505    0365163    0365163    0365163
Veterinary,No,,61820,Terminated,Diamond Pet Foods,103 N Olive St,PO Box 156,Meta,MO,	65058-0156,United States,Voluntary: Firm initiated,"Two or more of the following: Email, Fax, Letter, Press Release, Telephone, Visit",US/Nationwide; Canada; Belize; Costa Rica; Domincan Republic; Guatemala; Hong Kong; Jamaica; Jordan; Japan; Kuwait; Kazakhstan; Lebanon; Sri Lanka; Malasia; Nigeria; Philippines; Pakistan; Russia; Singapore; El Salvadore; Thailand; Trinidad and Tobago; Taiwan,V-084-2013,Class I,"Chicken Soup for the Cat Lover's Soul Adult Cat, Net Wt. 18 lbs. Made by Diamond Pet Food, Meta, Missouri 65058.","Approx. 2,809,000 lbs total (for all Chicken Soup brand products).",Product was found to be contaminated with Salmonella.,05/04/2012,10/19/2012,05/27/2014,10/31/2012,Products (all sizes) with Best Before dates between 9-DEC-2012 and 7-APR-2013; Lot codes with a number '2' or '3' in the 9th position AND an 'X' in the 10th or 11th position.
Veterinary,No,,62008,Terminated,"Franck's Lab Inc., d.b.a. Franck's Compounding Lab",1210 SW 33rd Avenue,N/A,Ocala,FL,	34474-5138,United States,Voluntary: Firm initiated,Letter,"Distributed to Veterinary Clinics and Veterinarians by perscription Nationwide and Internationally to Hong Kong, Trinidad, Grand Cayman Islands, and Columbia.",V-085-2012,Class II,"INJECTIBLE OPHTHALMIC  (No labeling available).                   MITOMYCIN (OPHTHALMIC) SOLUTION, P.F. 5MG/ML INJECTABLE  4ML.                    ",2,Franck's Lab Inc. d.b.a. Franck's initiated a recall of all Sterile  Veterinary Drugs distributed between 11/21/2011 and 05/21/2012.  FDA environmental sampling revealed the presence of microorganisms and fungal growth in the clean room where sterile  compounding/compounded veterinary products were prepared.,05/21/2012,06/25/2012,11/07/2013,07/04/2012,REX #'S:           0398948    0398948
Veterinary,No,,61820,Terminated,Diamond Pet Foods,103 N Olive St,PO Box 156,Meta,MO,	65058-0156,United States,Voluntary: Firm initiated,"Two or more of the following: Email, Fax, Letter, Press Release, Telephone, Visit",US/Nationwide; Canada; Belize; Costa Rica; Domincan Republic; Guatemala; Hong Kong; Jamaica; Jordan; Japan; Kuwait; Kazakhstan; Lebanon; Sri Lanka; Malasia; Nigeria; Philippines; Pakistan; Russia; Singapore; El Salvadore; Thailand; Trinidad and Tobago; Taiwan,V-085-2013,Class I,"Chicken Soup for the Puppy Lover's Soul Puppy Formula, Net Wt. 35 lbs. Made by Diamond Pet Food, Meta, Missouri 65058.     ","Approx. 2,809,000 lbs total (for all Chicken Soup brand products).",Product was found to be contaminated with Salmonella.,05/04/2012,10/19/2012,05/27/2014,10/31/2012,Products (all sizes) with Best Before dates between 9-DEC-2012 and 7-APR-2013; Lot codes with a number '2' or '3' in the 9th position AND an 'X' in the 10th or 11th position.
Veterinary,No,,62008,Terminated,"Franck's Lab Inc., d.b.a. Franck's Compounding Lab",1210 SW 33rd Avenue,N/A,Ocala,FL,	34474-5138,United States,Voluntary: Firm initiated,Letter,"Distributed to Veterinary Clinics and Veterinarians by perscription Nationwide and Internationally to Hong Kong, Trinidad, Grand Cayman Islands, and Columbia.",V-086-2012,Class II,"INJECTIBLE INTRAPERITONEAL:   (No labeling available).                   CARBOXYMETHYLCELLULOSE (STERILE) 1% LIQUID 500 ML, 1000 ML, 2000 ML, 3000 ML.                    CARBOXYMETHYLCELLULOSE (STERILE) P&S 1% LIQUID  4000 ML.                            ",13,Franck's Lab Inc. d.b.a. Franck's initiated a recall of all Sterile  Veterinary Drugs distributed between 11/21/2011 and 05/21/2012.  FDA environmental sampling revealed the presence of microorganisms and fungal growth in the clean room where sterile  compounding/compounded veterinary products were prepared.,05/21/2012,06/25/2012,11/07/2013,07/04/2012,REX #'S:         0363639    0363639    0363639    0363639    0406218    0359530    0353354    0390217    0390217    0390217    0359380    0359380    0359380
Veterinary,No,,61820,Terminated,Diamond Pet Foods,103 N Olive St,PO Box 156,Meta,MO,	65058-0156,United States,Voluntary: Firm initiated,"Two or more of the following: Email, Fax, Letter, Press Release, Telephone, Visit",US/Nationwide; Canada; Belize; Costa Rica; Domincan Republic; Guatemala; Hong Kong; Jamaica; Jordan; Japan; Kuwait; Kazakhstan; Lebanon; Sri Lanka; Malasia; Nigeria; Philippines; Pakistan; Russia; Singapore; El Salvadore; Thailand; Trinidad and Tobago; Taiwan,V-086-2013,Class I,"Chicken Soup for the Puppy Lover's Soul Large Breed Puppy, Net Wt. 35 lbs. Made by Diamond Pet Food, Meta, Missouri 65058.","Approx. 2,809,000 lbs total (for all Chicken Soup brand products).",Product was found to be contaminated with Salmonella.,05/04/2012,10/19/2012,05/27/2014,10/31/2012,Products (all sizes) with Best Before dates between 9-DEC-2012 and 7-APR-2013; Lot codes with a number '2' or '3' in the 9th position AND an 'X' in the 10th or 11th position.
Veterinary,No,,62008,Terminated,"Franck's Lab Inc., d.b.a. Franck's Compounding Lab",1210 SW 33rd Avenue,N/A,Ocala,FL,	34474-5138,United States,Voluntary: Firm initiated,Letter,"Distributed to Veterinary Clinics and Veterinarians by perscription Nationwide and Internationally to Hong Kong, Trinidad, Grand Cayman Islands, and Columbia.",V-087-2012,Class II,"DEVICE:   (No labeling available).                   NEEDLE BD PRECISIONGLIDE** 18GX1"" DEVICE  (100 EA).                              INJECT- EASE***  DEVICE (1 EA).              SYRINGE BD ULTRA-FINE II** 1ML (31G, 8MM) SYRINGE (20 SYRINGES).                      ",4,Franck's Lab Inc. d.b.a. Franck's initiated a recall of all Sterile  Veterinary Drugs distributed between 11/21/2011 and 05/21/2012.  FDA environmental sampling revealed the presence of microorganisms and fungal growth in the clean room where sterile  compounding/compounded veterinary products were prepared.,05/21/2012,06/25/2012,11/07/2013,07/04/2012,REX #'S:           0372951    0406960    0406808    0407647
Veterinary,No,,61820,Terminated,Diamond Pet Foods,103 N Olive St,PO Box 156,Meta,MO,	65058-0156,United States,Voluntary: Firm initiated,"Two or more of the following: Email, Fax, Letter, Press Release, Telephone, Visit",US/Nationwide; Canada; Belize; Costa Rica; Domincan Republic; Guatemala; Hong Kong; Jamaica; Jordan; Japan; Kuwait; Kazakhstan; Lebanon; Sri Lanka; Malasia; Nigeria; Philippines; Pakistan; Russia; Singapore; El Salvadore; Thailand; Trinidad and Tobago; Taiwan,V-087-2013,Class I,"Chicken Soup for the Dog Lover's Soul Senior Dog, Net Wt. 35 lbs. Made by Diamond Pet Food, Meta, Missouri 65058.","Approx. 2,809,000 lbs total (for all Chicken Soup brand products).",Product was found to be contaminated with Salmonella.,05/04/2012,10/19/2012,05/27/2014,10/31/2012,Products (all sizes) with Best Before dates between 9-DEC-2012 and 7-APR-2013; Lot codes with a number '2' or '3' in the 9th position AND an 'X' in the 10th or 11th position.
Veterinary,No,,61441,Terminated,Virbac Inc,13001 Saint Charles Rock Rd,N/A,Bridgeton,MO,	63044-2421,United States,Voluntary: Firm initiated,Letter,"Distribution was made to TX, MO, OR, CA, HI, MN, WI, NJ, MI, FL, MS, MD, and PR.",V-088-2012,Class III,"Virbac IVERHART MAX (ivermectin/pyrantel pamoate/praziquantel), Chewable Tablets for Dogs 50.1 to 100 lbs., packaged in 6-tablet boxes, 10 boxes/display case, each chewable tablet contains 272 mcg ivermectin, 228 mg pyrantel as pamoate salt and 228 mg praziquantel, RX, NADA 141-257.  Manufactured by Virbac AH, Inc., Fort Worth, TX.","2,350/10/6-tablet box displays",Stability failure (low) at 9-month test interval,03/26/2012,06/25/2012,06/25/2014,07/04/2012,"Lot #110482, Exp. date 11:2013"
Veterinary,No,,61820,Terminated,Diamond Pet Foods,103 N Olive St,PO Box 156,Meta,MO,	65058-0156,United States,Voluntary: Firm initiated,"Two or more of the following: Email, Fax, Letter, Press Release, Telephone, Visit",US/Nationwide; Canada; Belize; Costa Rica; Domincan Republic; Guatemala; Hong Kong; Jamaica; Jordan; Japan; Kuwait; Kazakhstan; Lebanon; Sri Lanka; Malasia; Nigeria; Philippines; Pakistan; Russia; Singapore; El Salvadore; Thailand; Trinidad and Tobago; Taiwan,V-088-2013,Class I,"Chicken Soup for the Dog Lover's Soul Adult Dog Light, Net Wt. 35 lbs. Made by Diamond Pet Food, Meta, Missouri 65058.","Approx. 2,809,000 lbs total (for all Chicken Soup brand products).",Product was found to be contaminated with Salmonella.,05/04/2012,10/19/2012,05/27/2014,10/31/2012,Products (all sizes) with Best Before dates between 9-DEC-2012 and 7-APR-2013; Lot codes with a number '2' or '3' in the 9th position AND an 'X' in the 10th or 11th position.
Veterinary,No,,61017,Terminated,Cargill Inc Animal Nutrition Division,16 Feed Mill Rd,N/A,Lecompte,LA,	71346-9518,United States,Voluntary: Firm initiated,Telephone,"AL, AR, AZ, CA, GUAM, HI, IA, ID, IL, IN, KS, LA, MI, MO, MS, NC, NV, OH, OK, OR, TN, TX, WA, and WI",V-089-2012,Class I,"Sportsman's Choice, RECORD RACK, DEER CORN (LL), 10263 LL, NET WEIGHT 40 LB (18.14 kg), CARGILL ANIMAL NUTRITION, GENERAL OFFICE, MINNEAPOLIS, MN  55440, UPC 722304239992","56,750 units",Animal feed may have elevated levels of Aflatoxin,12/15/2011,06/26/2012,01/17/2013,07/04/2012,4K1213 - 4K1335
Veterinary,No,,61820,Terminated,Diamond Pet Foods,103 N Olive St,PO Box 156,Meta,MO,	65058-0156,United States,Voluntary: Firm initiated,"Two or more of the following: Email, Fax, Letter, Press Release, Telephone, Visit",US/Nationwide; Canada; Belize; Costa Rica; Domincan Republic; Guatemala; Hong Kong; Jamaica; Jordan; Japan; Kuwait; Kazakhstan; Lebanon; Sri Lanka; Malasia; Nigeria; Philippines; Pakistan; Russia; Singapore; El Salvadore; Thailand; Trinidad and Tobago; Taiwan,V-089-2013,Class I,"Chicken Soup for the Dog Lover's Soul Adult Dog, Net Wt. 35 lbs. Made by Diamond Pet Food, Meta, Missouri 65058.","Approx. 2,809,000 lbs total (for all Chicken Soup brand products).",Product was found to be contaminated with Salmonella.,05/04/2012,10/19/2012,05/27/2014,10/31/2012,Products (all sizes) with Best Before dates between 9-DEC-2012 and 7-APR-2013; Lot codes with a number '2' or '3' in the 9th position AND an 'X' in the 10th or 11th position.
Veterinary,No,,61017,Terminated,Cargill Inc Animal Nutrition Division,16 Feed Mill Rd,N/A,Lecompte,LA,	71346-9518,United States,Voluntary: Firm initiated,Telephone,"AL, AR, AZ, CA, GUAM, HI, IA, ID, IL, IN, KS, LA, MI, MO, MS, NC, NV, OH, OK, OR, TN, TX, WA, and WI",V-090-2012,Class I,"DEER CORN (LL), 5692 LL, NET WEIGHT 50 LB (22.67 kg), CARGILL ANIMAL NUTRITION, GENERAL OFFICE, MINNEAPOLIS, MN  55440, UPC 722304009519",7011 units,Animal feed may have elevated levels of Aflatoxin,12/15/2011,06/26/2012,01/17/2013,07/04/2012,4K1213 - 4K1335
Veterinary,No,,61820,Terminated,Diamond Pet Foods,103 N Olive St,PO Box 156,Meta,MO,	65058-0156,United States,Voluntary: Firm initiated,"Two or more of the following: Email, Fax, Letter, Press Release, Telephone, Visit",US/Nationwide; Canada; Belize; Costa Rica; Domincan Republic; Guatemala; Hong Kong; Jamaica; Jordan; Japan; Kuwait; Kazakhstan; Lebanon; Sri Lanka; Malasia; Nigeria; Philippines; Pakistan; Russia; Singapore; El Salvadore; Thailand; Trinidad and Tobago; Taiwan,V-090-2013,Class I,"Chicken Soup for the Dog Lover's Soul Large Breed Adult Dog, Net Wt. 35 lbs. Made by Diamond Pet Food, Meta, Missouri 65058.","Approx. 2,809,000 lbs total (for all Chicken Soup brand products).",Product was found to be contaminated with Salmonella.,05/04/2012,10/19/2012,05/27/2014,10/31/2012,Products (all sizes) with Best Before dates between 9-DEC-2012 and 7-APR-2013; Lot codes with a number '2' or '3' in the 9th position AND an 'X' in the 10th or 11th position.
Veterinary,No,,61017,Terminated,Cargill Inc Animal Nutrition Division,16 Feed Mill Rd,N/A,Lecompte,LA,	71346-9518,United States,Voluntary: Firm initiated,Telephone,"AL, AR, AZ, CA, GUAM, HI, IA, ID, IL, IN, KS, LA, MI, MO, MS, NC, NV, OH, OK, OR, TN, TX, WA, and WI",V-091-2012,Class I,"Sportsman's Choice, RECORD RACK, 20% DEER PELLET (LL), 3573 LL, NET WEIGHT 40 LB (18.14 kg), CARGILL ANIMAL NUTRITION, GENERAL OFFICE, MINNEAPOLIS, MN  55440, UPC 722304200176","222,510 lbs",Animal feed may have elevated levels of Aflatoxin,12/15/2011,06/26/2012,01/17/2013,07/04/2012,4K1213 - 4K1335
Veterinary,No,,61820,Terminated,Diamond Pet Foods,103 N Olive St,PO Box 156,Meta,MO,	65058-0156,United States,Voluntary: Firm initiated,"Two or more of the following: Email, Fax, Letter, Press Release, Telephone, Visit",US/Nationwide; Canada; Belize; Costa Rica; Domincan Republic; Guatemala; Hong Kong; Jamaica; Jordan; Japan; Kuwait; Kazakhstan; Lebanon; Sri Lanka; Malasia; Nigeria; Philippines; Pakistan; Russia; Singapore; El Salvadore; Thailand; Trinidad and Tobago; Taiwan,V-091-2013,Class I,"Chicken Soup for the Kitten Lover's Soul Kitten, Net Wt. 15 lbs. Made by Diamond Pet Food, Meta, Missouri 65058.","Approx. 2,809,000 lbs total (for all Chicken Soup brand products).",Product was found to be contaminated with Salmonella.,05/04/2012,10/19/2012,05/27/2014,10/31/2012,Products (all sizes) with Best Before dates between 9-DEC-2012 and 7-APR-2013; Lot codes with a number '2' or '3' in the 9th position AND an 'X' in the 10th or 11th position.
Veterinary,No,,61017,Terminated,Cargill Inc Animal Nutrition Division,16 Feed Mill Rd,N/A,Lecompte,LA,	71346-9518,United States,Voluntary: Firm initiated,Telephone,"AL, AR, AZ, CA, GUAM, HI, IA, ID, IL, IN, KS, LA, MI, MO, MS, NC, NV, OH, OK, OR, TN, TX, WA, and WI",V-092-2012,Class I,"Sportsman's Choice, RECORD RACK, TEXTURED BREEDER 18 (MN), 45044 MN, NET WEIGHT 50 LB (22.67 kg) BAG, CARGILL ANIMAL NUTRITION, GENERAL OFFICE, MINNEAPOLIS, MN  55440, UPC 722304245078","52,853 lbs",Animal feed may have elevated levels of Aflatoxin,12/15/2011,06/26/2012,01/17/2013,07/04/2012,4K1213 - 4K1335
Veterinary,No,,62597,Terminated,Land O Lakes Purina LLC,1080 County Road F W,N/A,Shoreview,MN,	55126-2910,United States,Voluntary: Firm initiated,Other,"WI    Expanded Recall:  AL, AR, CA, CO,FL, GA,  IA, IL,  IN, KY, KS,  MS, MI, MN, MO, NC, NE, NY, NM, OR, OH, OK, PA , SC, SD, TN, TX, WI.",V-092-2013,Class I,"Land O Lakes, Pheasant Starter A Medicated, Type C Medicated Feed.  Item # 1125000-301","23,824 lbs",Land O Lakes Purina LLC is recalling two batches of Pheasants Starter A Medicated feed produced on 6/13/12 and 7/2/12 because there was a formulation error and Vitamin D was omitted.,07/18/2012,11/05/2012,12/18/2012,11/14/2012,L633
Veterinary,No,,61017,Terminated,Cargill Inc Animal Nutrition Division,16 Feed Mill Rd,N/A,Lecompte,LA,	71346-9518,United States,Voluntary: Firm initiated,Telephone,"AL, AR, AZ, CA, GUAM, HI, IA, ID, IL, IN, KS, LA, MI, MO, MS, NC, NV, OH, OK, OR, TN, TX, WA, and WI",V-093-2012,Class III,"Nutrena (R), Stock & Stable,  ALL GRAIN 12% (LL), 7507-A LL, NET WEIGHT ON BAG OR BULK, NUTRENA, GENERAL OFFICE, MINNEAPOLIS, MN  55440, UPC 722304259693","13,152 units (50 lbs per bag)",Animal feed may have elevated levels of Aflatoxin,12/15/2011,06/26/2012,01/17/2013,07/04/2012,4K1213 - 4K1335
Veterinary,No,,62597,Terminated,Land O Lakes Purina LLC,1080 County Road F W,N/A,Shoreview,MN,	55126-2910,United States,Voluntary: Firm initiated,Other,"WI    Expanded Recall:  AL, AR, CA, CO,FL, GA,  IA, IL,  IN, KY, KS,  MS, MI, MN, MO, NC, NE, NY, NM, OR, OH, OK, PA , SC, SD, TN, TX, WI.",V-093-2013,Class I,"EXPANDED RECALL:  PURINA HONOR SHOW CHOW BROILER COMP AMP 0.0125% BMD50 MEDICATED, NET WEIGHT 50 LBS (22.67 KG), PURINA MILLS, LLC, PO BOX 66812, ST. LOUIS, MO 63166-6812, UPC 8 83576 01124 9, 0016637, 781B.",2882 bags,Land O Lakes Purina LLC is recalling two batches of Pheasants Starter A Medicated feed produced on 6/13/12 and 7/2/12 because there was a formulation error and Vitamin D was omitted.    Recall expanded 7-26-12 to include other products due to the lack of added vitamin D.,07/18/2012,11/05/2012,12/18/2012,11/14/2012,"Lot Codes:  , 2MAY23MFI1, 2JUN11MFI3, 2JUN12MFI1, 2JUN14MFI3, 2JUN20MFI3, 2JUN28MFI3, 2JUL06MFI1, 2JUL16MFI3"
Veterinary,No,,61017,Terminated,Cargill Inc Animal Nutrition Division,16 Feed Mill Rd,N/A,Lecompte,LA,	71346-9518,United States,Voluntary: Firm initiated,Telephone,"AL, AR, AZ, CA, GUAM, HI, IA, ID, IL, IN, KS, LA, MI, MO, MS, NC, NV, OH, OK, OR, TN, TX, WA, and WI",V-094-2012,Class III,"DUMOR (R) EQUISTAGES (TM) HORSE FEED (LL), 93925 LL, NET WEIGHT ON BAG OR BULK, DISTRIBUTED BY:  TRACTOR SUPPLY COMPANY, BRENTWOOD, TN  37027 UPC 749394003883",2920 units (50 lbs per bag),Animal feed may have elevated levels of Aflatoxin,12/15/2011,06/26/2012,01/17/2013,07/04/2012,4K1213 - 4K1335
Veterinary,No,,62597,Terminated,Land O Lakes Purina LLC,1080 County Road F W,N/A,Shoreview,MN,	55126-2910,United States,Voluntary: Firm initiated,Other,"WI    Expanded Recall:  AL, AR, CA, CO,FL, GA,  IA, IL,  IN, KY, KS,  MS, MI, MN, MO, NC, NE, NY, NM, OR, OH, OK, PA , SC, SD, TN, TX, WI.",V-094-2013,Class I,"EXPANDED RECALL:  PURINA HONOR SHOW CHOW TURKEY GROW/FINISH BMD50 PELLET MEDICATED,  NET WEIGHT 50 LBS (22.67 KG), PURINA MILLS, LLC, PO BOX 66812, ST. LOUIS, MO 63166-6812,  UPC 8 83576 01182 9, 801R,0017095.",353 bags,Land O Lakes Purina LLC is recalling two batches of Pheasants Starter A Medicated feed produced on 6/13/12 and 7/2/12 because there was a formulation error and Vitamin D was omitted.    Recall expanded 7-26-12 to include other products due to the lack of added vitamin D.,07/18/2012,11/05/2012,12/18/2012,11/14/2012,"Lot Codes:  2MAY23MFI1, 2MAY31MFI1, 2JUN12MFI3, 2JUN20MFI3, 2JUN27MFI1, 2JUL06MFI1, 2JUL11MF13, 2JUL18MFI1"
Veterinary,No,,61017,Terminated,Cargill Inc Animal Nutrition Division,16 Feed Mill Rd,N/A,Lecompte,LA,	71346-9518,United States,Voluntary: Firm initiated,Telephone,"AL, AR, AZ, CA, GUAM, HI, IA, ID, IL, IN, KS, LA, MI, MO, MS, NC, NV, OH, OK, OR, TN, TX, WA, and WI",V-095-2012,Class III,"DUMOR (R) PLEASURE HORSE 12% TEXTURED (LL), 93917 LL, NET WEIGHT ON BAG OR BULK, DISTRIBUTED BY:  TRACTOR SUPPLY COMPANY, BRENTWOOD, TN  37027 UPC 749394057428",1156 units (50 lbs per bag),Animal feed may have elevated levels of Aflatoxin,12/15/2011,06/26/2012,01/17/2013,07/04/2012,4K1213 - 4K1335
Veterinary,No,,62597,Terminated,Land O Lakes Purina LLC,1080 County Road F W,N/A,Shoreview,MN,	55126-2910,United States,Voluntary: Firm initiated,Other,"WI    Expanded Recall:  AL, AR, CA, CO,FL, GA,  IA, IL,  IN, KY, KS,  MS, MI, MN, MO, NC, NE, NY, NM, OR, OH, OK, PA , SC, SD, TN, TX, WI.",V-095-2013,Class I,"EXPANDED RECALL:  PURINA HONOR SHOW CHOW TURKEY STARTER AMP .0125% BMD50 MEDICATED,  NET WEIGHT 50 LBS (22.67 KG), PURINA MILLS, LLC, PO BOX 66812, ST. LOUIS, MO 63166-6812,  UPC 8 83576 01183 6, 801T, 0017096.",936 bags,Land O Lakes Purina LLC is recalling two batches of Pheasants Starter A Medicated feed produced on 6/13/12 and 7/2/12 because there was a formulation error and Vitamin D was omitted.    Recall expanded 7-26-12 to include other products due to the lack of added vitamin D.,07/18/2012,11/05/2012,12/18/2012,11/14/2012,"Lot Codes:  2MAY31MFI1, 2JUN06MFI3, 2JUN11MF13, 2JUN19MFI3, 2JUN22MFI3, 2JUL03MFI1, 2JUL11MF13, 2JUL13MFI1"
Veterinary,No,,61017,Terminated,Cargill Inc Animal Nutrition Division,16 Feed Mill Rd,N/A,Lecompte,LA,	71346-9518,United States,Voluntary: Firm initiated,Telephone,"AL, AR, AZ, CA, GUAM, HI, IA, ID, IL, IN, KS, LA, MI, MO, MS, NC, NV, OH, OK, OR, TN, TX, WA, and WI",V-096-2012,Class III,"FRIENDS EQUINE 12 (LL), 2859 LL, NET WEIGHT ON BAG OR BULK, CARGILL ANIMAL NUTRITION, GENERAL OFFICE, MINNEAPOLIS, MN  55440, UPC 722304221799",669 units (50 lbs per bag),Animal feed may have elevated levels of Aflatoxin,12/15/2011,06/26/2012,01/17/2013,07/04/2012,4K1213 - 4K1335
Veterinary,No,,62597,Terminated,Land O Lakes Purina LLC,1080 County Road F W,N/A,Shoreview,MN,	55126-2910,United States,Voluntary: Firm initiated,Other,"WI    Expanded Recall:  AL, AR, CA, CO,FL, GA,  IA, IL,  IN, KY, KS,  MS, MI, MN, MO, NC, NE, NY, NM, OR, OH, OK, PA , SC, SD, TN, TX, WI.",V-096-2013,Class I,"EXPANDED RECALL:  DUMOR SHOW POULTRY AMP .0125% BMD 50 MEDICATED, TRACTOR SUPPLY COMPANY, 200 POWELL PLACE, BRENTWOOD, TN 37027-6812, NET WEIGHT 40 LB (18.14 KG), UPC 7 49394 01890 0, 60VA, 0045400.",20 bags,Land O Lakes Purina LLC is recalling two batches of Pheasants Starter A Medicated feed produced on 6/13/12 and 7/2/12 because there was a formulation error and Vitamin D was omitted.  Recall expanded 7-26-12 to include other products due to the lack of added vitamin D.  ,07/18/2012,11/05/2012,12/18/2012,11/14/2012,"Lot Codes:  2JUN11MFI3, 2JUL11MFI3, 2JUL18MFI1"
Veterinary,No,,61017,Terminated,Cargill Inc Animal Nutrition Division,16 Feed Mill Rd,N/A,Lecompte,LA,	71346-9518,United States,Voluntary: Firm initiated,Telephone,"AL, AR, AZ, CA, GUAM, HI, IA, ID, IL, IN, KS, LA, MI, MO, MS, NC, NV, OH, OK, OR, TN, TX, WA, and WI",V-097-2012,Class III,"FRIENDS 12-5 PELLETS (LL), 5995 LL, NET WEIGHT ON BAG OR BULK, CARGILL ANIMAL NUTRITION, GENERAL OFFICE, MINNEAPOLIS, MN  55440, UPC 722304237745",5332 units (50 lbs per bag),Animal feed may have elevated levels of Aflatoxin,12/15/2011,06/26/2012,01/17/2013,07/04/2012,4K1213 - 4K1335
Veterinary,No,,62597,Terminated,Land O Lakes Purina LLC,1080 County Road F W,N/A,Shoreview,MN,	55126-2910,United States,Voluntary: Firm initiated,Other,"WI    Expanded Recall:  AL, AR, CA, CO,FL, GA,  IA, IL,  IN, KY, KS,  MS, MI, MN, MO, NC, NE, NY, NM, OR, OH, OK, PA , SC, SD, TN, TX, WI.",V-097-2013,Class I,"EXPANDED RECALL:  DUMOR CHICK STARTER 24%, TRACTOR SUPPLY COMPANY, 200 POWELL PLACE, BRENTWOOD, TN 37027-6812, NET WEIGHT 50 LB (22.67 KG), UPC 7 49394 05739 8, 60X7 ,  0046443.","4,491 bags",Land O Lakes Purina LLC is recalling two batches of Pheasants Starter A Medicated feed produced on 6/13/12 and 7/2/12 because there was a formulation error and Vitamin D was omitted.    Recall expanded 7-26-12 to include other products due to the lack of added vitamin D.,07/18/2012,11/05/2012,12/18/2012,11/14/2012,"Lot Codes:  2MAY30MFI1, 2JUN13NST1A1, 2MAY31STJ1, 2JUN13MFI1, 2JUN14NST1A1, 2MAY31STJ3, 2JUN22MFI1, 2JUN19NST2A1, 2JUN05STJ2, 2JUL11MFI3, 2JUN20NST2A1, 2JUN20STJ1, 2JUL02NST2A1, 2JUN26STJ2, 2JUL16NST2A1, 2JUL03STJ2, 2JUL16STJ2"
Veterinary,No,,61017,Terminated,Cargill Inc Animal Nutrition Division,16 Feed Mill Rd,N/A,Lecompte,LA,	71346-9518,United States,Voluntary: Firm initiated,Telephone,"AL, AR, AZ, CA, GUAM, HI, IA, ID, IL, IN, KS, LA, MI, MO, MS, NC, NV, OH, OK, OR, TN, TX, WA, and WI",V-098-2012,Class III,"Nutrena (R), LIFE DESIGN MARE & FOAL (LL), 1307 LL, NET WEIGHT ON BAG OR BULK, and 1307-BK LL, (BULK),  NUTRENA, GENERAL OFFICE, MINNEAPOLIS, MN  55440, UPC 722304004279 (BULK HAS NO UPC)","2153 units (107,653 lbs) + 47,000 lbs bulk",Animal feed may have elevated levels of Aflatoxin,12/15/2011,06/26/2012,01/17/2013,07/04/2012,4K1213 - 4K1335
Veterinary,No,,62597,Terminated,Land O Lakes Purina LLC,1080 County Road F W,N/A,Shoreview,MN,	55126-2910,United States,Voluntary: Firm initiated,Other,"WI    Expanded Recall:  AL, AR, CA, CO,FL, GA,  IA, IL,  IN, KY, KS,  MS, MI, MN, MO, NC, NE, NY, NM, OR, OH, OK, PA , SC, SD, TN, TX, WI.",V-098-2013,Class I,"EXPANDED RECALL:  DUMOR POULTRY GROWER/FINISHER 15%, TRACTOR SUPPLY COMPANY, 200 POWELL PLACE, BRENTWOOD, TN 37027-6812, NET WEIGHT 50 LB (22.67 KG), UPC 7 49394 05737 4, 60Y7,  0046444.","18,588 bags",Land O Lakes Purina LLC is recalling two batches of Pheasants Starter A Medicated feed produced on 6/13/12 and 7/2/12 because there was a formulation error and Vitamin D was omitted.    Recall expanded 7-26-12 to include other products due to the lack of added vitamin D.,07/18/2012,11/05/2012,12/18/2012,11/14/2012,"Lot Codes:  2MAY23MFI1, 2JUN07NST1A1, 2MAY25STJ1, 2MAY29MFI1, 2JUN12NST1A1, 2MAY25STJ3, 2MAY31MFI1, 2JUN13NST2A1, 2JUN05STJ2, 2JUN01MFI1, 2JUN18NST1A1, 2JUN18STJ2, 2JUN05MFI1, 2JUN20NST1A1, 2JUN21STJ2, 2JUN08MFI1, 2JUN21NST2A1, 2JUL03STJ2, 2JUN13MFI1, 2JUN27NST1A1, 2JUN14MFI1, 2JUN28NST2A1, 2JUN18MFI3, 2JUL05NST2A1, 2JUN20MFI3, 2JUL06NST2A1, 2JUN22MFI1, 2JUL13NST2A1, 2JUN29MFI1, 2JUL18NST1A1, 2JUN29MFI3, 2JUL09MFI3, 2JUL09MFI1, 2JUL17MFI3, 2JUL20MFI3"
Veterinary,No,,61017,Terminated,Cargill Inc Animal Nutrition Division,16 Feed Mill Rd,N/A,Lecompte,LA,	71346-9518,United States,Voluntary: Firm initiated,Telephone,"AL, AR, AZ, CA, GUAM, HI, IA, ID, IL, IN, KS, LA, MI, MO, MS, NC, NV, OH, OK, OR, TN, TX, WA, and WI",V-099-2012,Class III,"Prime Quality MATTHEWS 14% HORSE PELLET (LL), 338018 LL, NET WEIGHT ON BAG OR BULK, PRIME QUALITY FEEDS, GENERAL OFFICE, MINNEAPOLIS, MN  55440, UPC 722304243180","89,160 lbs",Animal feed may have elevated levels of Aflatoxin,12/15/2011,06/26/2012,01/17/2013,07/04/2012,4K1213 - 4K1335
Veterinary,No,,62597,Terminated,Land O Lakes Purina LLC,1080 County Road F W,N/A,Shoreview,MN,	55126-2910,United States,Voluntary: Firm initiated,Other,"WI    Expanded Recall:  AL, AR, CA, CO,FL, GA,  IA, IL,  IN, KY, KS,  MS, MI, MN, MO, NC, NE, NY, NM, OR, OH, OK, PA , SC, SD, TN, TX, WI.",V-099-2013,Class I,"EXPANDED RECALL:  PURINA DIAMOND MILLING 15% LAYER FEED 1.5 FLAX,  0041731,  60BQ, BULK NET WEIGHT, PURINA MILLS, LLC, PO BOX 66812, ST. LOUIS, MO 63166-6812.","11,820 lb",Land O Lakes Purina LLC is recalling two batches of Pheasants Starter A Medicated feed produced on 6/13/12 and 7/2/12 because there was a formulation error and Vitamin D was omitted.    Recall expanded 7-26-12 to include other products due to the lack of added vitamin D.,07/18/2012,11/05/2012,12/18/2012,11/14/2012,60BQ
Veterinary,No,,61017,Terminated,Cargill Inc Animal Nutrition Division,16 Feed Mill Rd,N/A,Lecompte,LA,	71346-9518,United States,Voluntary: Firm initiated,Telephone,"AL, AR, AZ, CA, GUAM, HI, IA, ID, IL, IN, KS, LA, MI, MO, MS, NC, NV, OH, OK, OR, TN, TX, WA, and WI",V-100-2012,Class III,"Producer's PRIDE (R) 10% DRY TEXTURE HORSE FEED (LL), 93921 LL, NET WEIGHT ON BAG OR BULK, DISTRIBUTED BY:  TRACTOR SUPPLY COMPANY, BRENTWOOD, TN  37027 UPC 749394017026",1912 units (50 lb bags),Animal feed may have elevated levels of Aflatoxin,12/15/2011,06/26/2012,01/17/2013,07/04/2012,4K1213 - 4K1335
Veterinary,No,,62597,Terminated,Land O Lakes Purina LLC,1080 County Road F W,N/A,Shoreview,MN,	55126-2910,United States,Voluntary: Firm initiated,Other,"WI    Expanded Recall:  AL, AR, CA, CO,FL, GA,  IA, IL,  IN, KY, KS,  MS, MI, MN, MO, NC, NE, NY, NM, OR, OH, OK, PA , SC, SD, TN, TX, WI.",V-100-2013,Class I,"EXPANDED RECALL:  PURINA CU PRIVETT BREEDER STARTER 60KK, 0044485, BULK NET WEIGHT AND     PURINA CU PRIVETT BREEDER GROWER, 60KL,  0044484,   BULK NET WEIGHT    PURINA MILLS, LLC, PO BOX 66812, ST. LOUIS, MO 63166-6812  ","147,760 lb + 97,700 lb",Land O Lakes Purina LLC is recalling two batches of Pheasants Starter A Medicated feed produced on 6/13/12 and 7/2/12 because there was a formulation error and Vitamin D was omitted.    Recall expanded 7-26-12 to include other products due to the lack of added vitamin D.,07/18/2012,11/05/2012,12/18/2012,11/14/2012,"60KK, 60KL"
Veterinary,No,,61017,Terminated,Cargill Inc Animal Nutrition Division,16 Feed Mill Rd,N/A,Lecompte,LA,	71346-9518,United States,Voluntary: Firm initiated,Telephone,"AL, AR, AZ, CA, GUAM, HI, IA, ID, IL, IN, KS, LA, MI, MO, MS, NC, NV, OH, OK, OR, TN, TX, WA, and WI",V-101-2012,Class III,"Nutrena (R), Stock & Stable, 12% HORSE SWEET (LL), 7512 LL, NET WEIGHT ON BAG OR BULK, NUTRENA, GENERAL OFFICE, MINNEAPOLIS, MN  55440, UPC 722304253189",580 units (50 lb bags),Animal feed may have elevated levels of Aflatoxin,12/15/2011,06/26/2012,01/17/2013,07/04/2012,4K1213 - 4K1335
Veterinary,No,,62597,Terminated,Land O Lakes Purina LLC,1080 County Road F W,N/A,Shoreview,MN,	55126-2910,United States,Voluntary: Firm initiated,Other,"WI    Expanded Recall:  AL, AR, CA, CO,FL, GA,  IA, IL,  IN, KY, KS,  MS, MI, MN, MO, NC, NE, NY, NM, OR, OH, OK, PA , SC, SD, TN, TX, WI.",V-101-2013,Class I,"EXPANDED RECALL:  PURINA TURKEYMAX FINISHER 3  VMY 10 MEDICATED, 806G,  0045481, BULK NET WEIGHT, PURINA MILLS, LLC, PO BOX 66812, ST. LOUIS, MO 63166-6812  ","48,000 lb",Land O Lakes Purina LLC is recalling two batches of Pheasants Starter A Medicated feed produced on 6/13/12 and 7/2/12 because there was a formulation error and Vitamin D was omitted.    Recall expanded 7-26-12 to include other products due to the lack of added vitamin D.,07/18/2012,11/05/2012,12/18/2012,11/14/2012,806G
Veterinary,No,,61017,Terminated,Cargill Inc Animal Nutrition Division,16 Feed Mill Rd,N/A,Lecompte,LA,	71346-9518,United States,Voluntary: Firm initiated,Telephone,"AL, AR, AZ, CA, GUAM, HI, IA, ID, IL, IN, KS, LA, MI, MO, MS, NC, NV, OH, OK, OR, TN, TX, WA, and WI",V-102-2012,Class III,"Nutrena (R), VITALITY (R) MARE & FOAL, 7139 LL, NET WEIGHT ON BAG OR BULK, NUTRENA, GENERAL OFFICE, MINNEAPOLIS, MN  55440, UPC 722304235796",57 units (50 lb bags),Animal feed may have elevated levels of Aflatoxin,12/15/2011,06/26/2012,01/17/2013,07/04/2012,4K1213 - 4K1335
Veterinary,No,,62597,Terminated,Land O Lakes Purina LLC,1080 County Road F W,N/A,Shoreview,MN,	55126-2910,United States,Voluntary: Firm initiated,Other,"WI    Expanded Recall:  AL, AR, CA, CO,FL, GA,  IA, IL,  IN, KY, KS,  MS, MI, MN, MO, NC, NE, NY, NM, OR, OH, OK, PA , SC, SD, TN, TX, WI.",V-102-2013,Class I,"EXPANDED RECALL:  PURINA CS PHEASANT GROWER AMP 0.0175% MEDICATED, 804A,  0038560, BULK NET WEIGHT, PURINA MILLS, LLC, PO BOX 66812, ST. LOUIS, MO 63166-6812  ","254,040 lb",Land O Lakes Purina LLC is recalling two batches of Pheasants Starter A Medicated feed produced on 6/13/12 and 7/2/12 because there was a formulation error and Vitamin D was omitted.    Recall expanded 7-26-12 to include other products due to the lack of added vitamin D.,07/18/2012,11/05/2012,12/18/2012,11/14/2012,804A
Veterinary,No,,61017,Terminated,Cargill Inc Animal Nutrition Division,16 Feed Mill Rd,N/A,Lecompte,LA,	71346-9518,United States,Voluntary: Firm initiated,Telephone,"AL, AR, AZ, CA, GUAM, HI, IA, ID, IL, IN, KS, LA, MI, MO, MS, NC, NV, OH, OK, OR, TN, TX, WA, and WI",V-103-2012,Class III,"Nutrena (R), VITALITY (R) PERFORM 12% (LL), 7133 LL, NET WEIGHT ON BAG OR BULK, NUTRENA, GENERAL OFFICE, MINNEAPOLIS, MN  55440, UPC 722304235772",903 units (50 lb bags),Animal feed may have elevated levels of Aflatoxin,12/15/2011,06/26/2012,01/17/2013,07/04/2012,4K1213 - 4K1335
Veterinary,No,,62597,Terminated,Land O Lakes Purina LLC,1080 County Road F W,N/A,Shoreview,MN,	55126-2910,United States,Voluntary: Firm initiated,Other,"WI    Expanded Recall:  AL, AR, CA, CO,FL, GA,  IA, IL,  IN, KY, KS,  MS, MI, MN, MO, NC, NE, NY, NM, OR, OH, OK, PA , SC, SD, TN, TX, WI.",V-103-2013,Class I,"EXPANDED RECALL:  PURINA CU LATHROP AN LAY 16 FLAX,  61XU,  0058755, BULK NET WEIGHT,   PURINA MILLS, LLC, PO BOX 66812, ST. LOUIS, MO 63166-6812.","19,882 lb",Land O Lakes Purina LLC is recalling two batches of Pheasants Starter A Medicated feed produced on 6/13/12 and 7/2/12 because there was a formulation error and Vitamin D was omitted.    Recall expanded 7-26-12 to include other products due to the lack of added vitamin D.,07/18/2012,11/05/2012,12/18/2012,11/14/2012,61XU
Veterinary,No,,61017,Terminated,Cargill Inc Animal Nutrition Division,16 Feed Mill Rd,N/A,Lecompte,LA,	71346-9518,United States,Voluntary: Firm initiated,Telephone,"AL, AR, AZ, CA, GUAM, HI, IA, ID, IL, IN, KS, LA, MI, MO, MS, NC, NV, OH, OK, OR, TN, TX, WA, and WI",V-104-2012,Class III,"Nutrena (R), VITALITY (R) PERFORM 14% (LL), 7136 LL, NET WEIGHT ON BAG OR BULK, NUTRENA, GENERAL OFFICE, MINNEAPOLIS, MN  55440, UPC 722304253826",7885 units (50 lb bags),Animal feed may have elevated levels of Aflatoxin,12/15/2011,06/26/2012,01/17/2013,07/04/2012,4K1213 - 4K1335
Veterinary,No,,62597,Terminated,Land O Lakes Purina LLC,1080 County Road F W,N/A,Shoreview,MN,	55126-2910,United States,Voluntary: Firm initiated,Other,"WI    Expanded Recall:  AL, AR, CA, CO,FL, GA,  IA, IL,  IN, KY, KS,  MS, MI, MN, MO, NC, NE, NY, NM, OR, OH, OK, PA , SC, SD, TN, TX, WI.",V-104-2013,Class I,"EXPANDED RECALL:  PURINA LATHROP BROILER FINISHER, 783Z,  3000846-201, BULK NET WEIGHT, PURINA MILLS, LLC, PO BOX 66812, ST. LOUIS, MO 63166-6812  ","85,518 lb",Land O Lakes Purina LLC is recalling two batches of Pheasants Starter A Medicated feed produced on 6/13/12 and 7/2/12 because there was a formulation error and Vitamin D was omitted.    Recall expanded 7-26-12 to include other products due to the lack of added vitamin D.,07/18/2012,11/05/2012,12/18/2012,11/14/2012,783Z
Veterinary,No,,61017,Terminated,Cargill Inc Animal Nutrition Division,16 Feed Mill Rd,N/A,Lecompte,LA,	71346-9518,United States,Voluntary: Firm initiated,Telephone,"AL, AR, AZ, CA, GUAM, HI, IA, ID, IL, IN, KS, LA, MI, MO, MS, NC, NV, OH, OK, OR, TN, TX, WA, and WI",V-105-2012,Class III,"Nutrena (R), TRIUMPH (R) 12 PELLETS (LL), 7189 LL, NET WEIGHT ON BAG OR BULK, NUTRENA, GENERAL OFFICE, MINNEAPOLIS, MN  55440, UPC 722304251079","66,534 units, (50 lb bags)",Animal feed may have elevated levels of Aflatoxin,12/15/2011,06/26/2012,01/17/2013,07/04/2012,4K1213 - 4K1335
Veterinary,No,,63135,Terminated,"Quality Feed, Inc",151 S Main St (Plant),N/A,Dousman,WI,	53118-9579,United States,Voluntary: Firm initiated,Telephone,"IL, MN, IN, NY, OH, PA, WI",V-105-2013,Class I,"PEACHEY'S 20/20 AM NM MILK REPLACER,""ALL MILK"",  Manufactured for: Peachey's 638 Bunker Hill Road, Belleville, PA #122, NET WEIGHT 50 LBS (22.7Kg).  ",3 TONS,"Quality Feed. Inc. is recalling milk replacer that was shipped between January 31, 2012 and March 31, 2012 because it has the potential to be contaminated with Salmonella.",08/30/2012,11/19/2012,01/09/2013,11/28/2012,100222
Veterinary,No,,61017,Terminated,Cargill Inc Animal Nutrition Division,16 Feed Mill Rd,N/A,Lecompte,LA,	71346-9518,United States,Voluntary: Firm initiated,Telephone,"AL, AR, AZ, CA, GUAM, HI, IA, ID, IL, IN, KS, LA, MI, MO, MS, NC, NV, OH, OK, OR, TN, TX, WA, and WI",V-106-2012,Class III,"Nutrena (R), TRIUMPH (R) COMPLETE (LL), 7192 LL, NET WEIGHT ON BAG OR BULK, NUTRENA, GENERAL OFFICE, MINNEAPOLIS, MN  55440, UPC 722304251109",1412 units (50 lb bags),Animal feed may have elevated levels of Aflatoxin,12/15/2011,06/26/2012,01/17/2013,07/04/2012,4K1213 - 4K1335
Veterinary,No,,63135,Terminated,"Quality Feed, Inc",151 S Main St (Plant),N/A,Dousman,WI,	53118-9579,United States,Voluntary: Firm initiated,Telephone,"IL, MN, IN, NY, OH, PA, WI",V-106-2013,Class I,"YO-MOMMA 26/24 AM NM MILK REPLACER., Manufactured for Agri Support Inc., 8137 Royal Oaks Road, Rockford, IL 61107 #126, NET WEIGHT 50 LBS (22.7 Kg).",6 TONS,"Quality Feed. Inc. is recalling milk replacer that was shipped between January 31, 2012 and March 31, 2012 because it has the potential to be contaminated with Salmonella.",08/30/2012,11/19/2012,01/09/2013,11/28/2012,070307-080308
Veterinary,No,,61017,Terminated,Cargill Inc Animal Nutrition Division,16 Feed Mill Rd,N/A,Lecompte,LA,	71346-9518,United States,Voluntary: Firm initiated,Telephone,"AL, AR, AZ, CA, GUAM, HI, IA, ID, IL, IN, KS, LA, MI, MO, MS, NC, NV, OH, OK, OR, TN, TX, WA, and WI",V-107-2012,Class III,"Nutrena (R), TRIUMPH (R) 14 SWEET HORSE FEED (LL), 7193 LL, NET WEIGHT ON BAG OR BULK, NUTRENA, GENERAL OFFICE, MINNEAPOLIS, MN  55440, UPC 722304252199",1799 units (50 lb bags),Animal feed may have elevated levels of Aflatoxin,12/15/2011,06/26/2012,01/17/2013,07/04/2012,4K1213 - 4K1335
Veterinary,No,,63135,Terminated,"Quality Feed, Inc",151 S Main St (Plant),N/A,Dousman,WI,	53118-9579,United States,Voluntary: Firm initiated,Telephone,"IL, MN, IN, NY, OH, PA, WI",V-107-2013,Class I,"QUALITY FEEDS INCORPORATED 20/20 AM, ., Manufactured for Quality Feed, Inc., 151 S. Main Street, Dousman, WI 53118 Pin #2021, NET WEIGHT 50 LBS (22.7 Kg).",72 TONS,"Quality Feed. Inc. is recalling milk replacer that was shipped between January 31, 2012 and March 31, 2012 because it has the potential to be contaminated with Salmonella.",08/30/2012,11/19/2012,01/09/2013,11/28/2012,070124-080124; 010127-030127; 010131-020131; 100207; 020216; 120220-130220; 100220-110220; 050227-070227; 040308-070308; 060314-070314; and 070321-080321
Veterinary,No,,61017,Terminated,Cargill Inc Animal Nutrition Division,16 Feed Mill Rd,N/A,Lecompte,LA,	71346-9518,United States,Voluntary: Firm initiated,Telephone,"AL, AR, AZ, CA, GUAM, HI, IA, ID, IL, IN, KS, LA, MI, MO, MS, NC, NV, OH, OK, OR, TN, TX, WA, and WI",V-108-2012,Class III,"Nutrena (R), TRIUMPH (R) 14 PELLETED HORSE FEED (LL), 7198 LL, NET WEIGHT ON BAG OR BULK, NUTRENA, GENERAL OFFICE, MINNEAPOLIS, MN  55440, UPC 722304252175",725 units (50 lb bags),Animal feed may have elevated levels of Aflatoxin,12/15/2011,06/26/2012,01/17/2013,07/04/2012,4K1213 - 4K1335
Veterinary,No,,63135,Terminated,"Quality Feed, Inc",151 S Main St (Plant),N/A,Dousman,WI,	53118-9579,United States,Voluntary: Firm initiated,Telephone,"IL, MN, IN, NY, OH, PA, WI",V-108-2013,Class I,"DAIRY PRINCESS ""ACCELERATED"" ,  23/18 AM MILK REPLACER MEDICATED, Manufactured for Nelson Dairy Consultants, Inc., Holtz Nelson Dairy Consultants, LLC., 115 Washington Street, Decorah, IA 52101 #208,  NET WEIGHT 50 LBS (22.7 Kg).",15 TONS,"Quality Feed. Inc. is recalling milk replacer that was shipped between January 31, 2012 and March 31, 2012 because it has the potential to be contaminated with Salmonella.",08/30/2012,11/19/2012,01/09/2013,11/28/2012,010307-040307 and 010309
Veterinary,No,,61017,Terminated,Cargill Inc Animal Nutrition Division,16 Feed Mill Rd,N/A,Lecompte,LA,	71346-9518,United States,Voluntary: Firm initiated,Telephone,"AL, AR, AZ, CA, GUAM, HI, IA, ID, IL, IN, KS, LA, MI, MO, MS, NC, NV, OH, OK, OR, TN, TX, WA, and WI",V-109-2012,Class III,"Nutrena (R), Life Design PRIME 10 (LL), 1310 LL, NET WEIGHT ON BAG OR BULK, NUTRENA, GENERAL OFFICE, MINNEAPOLIS, MN  55440, UPC 722304004293",580 units (50 lb bags),Animal feed may have elevated levels of Aflatoxin,12/15/2011,06/26/2012,01/17/2013,07/04/2012,4K1213 - 4K1335
Veterinary,No,,63135,Terminated,"Quality Feed, Inc",151 S Main St (Plant),N/A,Dousman,WI,	53118-9579,United States,Voluntary: Firm initiated,Telephone,"IL, MN, IN, NY, OH, PA, WI",V-109-2013,Class I,"QUALITY FEED INC.,  STARTER PLUS, 20/17 , MILK REPLACER, Manufactured by Quality Feed, Inc., 151 S. Main Street, Dousman, WI 53118, NET WEIGHT 50 LBS (22.7 Kg).",39 TONS,"Quality Feed. Inc. is recalling milk replacer that was shipped between January 31, 2012 and March 31, 2012 because it has the potential to be contaminated with Salmonella.",08/30/2012,11/19/2012,01/09/2013,11/28/2012,040127-060127; 030206-040206; 040220-060220; 050302; and 010227-040227
Veterinary,No,,61017,Terminated,Cargill Inc Animal Nutrition Division,16 Feed Mill Rd,N/A,Lecompte,LA,	71346-9518,United States,Voluntary: Firm initiated,Telephone,"AL, AR, AZ, CA, GUAM, HI, IA, ID, IL, IN, KS, LA, MI, MO, MS, NC, NV, OH, OK, OR, TN, TX, WA, and WI",V-110-2012,Class III,"Nutrena (R), Life Design PRIME 12 (LL), 1312 LL, NET WEIGHT ON BAG OR BULK, NUTRENA, GENERAL OFFICE, MINNEAPOLIS, MN  55440, UPC 722304004309",3593 units (50 lb bags),Animal feed may have elevated levels of Aflatoxin,12/15/2011,06/26/2012,01/17/2013,07/04/2012,4K1213 - 4K1335
Veterinary,No,,63135,Terminated,"Quality Feed, Inc",151 S Main St (Plant),N/A,Dousman,WI,	53118-9579,United States,Voluntary: Firm initiated,Telephone,"IL, MN, IN, NY, OH, PA, WI",V-110-2013,Class I,"QUALITY FEED INC.,  FINISHER PLUS 16/18 , MILK REPLACER , Manufactured by Quality Feed, Inc., 151 S. Main Street, Dousman, WI 53118, NET WEIGHT 50 LBS (22.7 Kg).",303 TONS,"Quality Feed. Inc. is recalling milk replacer that was shipped between January 31, 2012 and March 31, 2012 because it has the potential to be contaminated with Salmonella.",08/30/2012,11/19/2012,01/09/2013,11/28/2012,030201-060201; 010202-020202; 050206-080206; 010221-040221; 060223-110223; 010224-100224; 010228-100228; 050229-090229; 010301-050301; 060301-150301; 010313-080313; 010315-080315; 010321-040321; 090321-120321; 010322-100322; 010229-040229; and 050222-080222
Veterinary,No,,61017,Terminated,Cargill Inc Animal Nutrition Division,16 Feed Mill Rd,N/A,Lecompte,LA,	71346-9518,United States,Voluntary: Firm initiated,Telephone,"AL, AR, AZ, CA, GUAM, HI, IA, ID, IL, IN, KS, LA, MI, MO, MS, NC, NV, OH, OK, OR, TN, TX, WA, and WI",V-111-2012,Class III,"Nutrena (R), Life Design COMPLETE 10% (LL), 1309 LL, NET WEIGHT ON BAG OR BULK, NUTRENA, GENERAL OFFICE, MINNEAPOLIS, MN  55440, UPC 722304041397",30 units (50 lb bags),Animal feed may have elevated levels of Aflatoxin,12/15/2011,06/26/2012,01/17/2013,07/04/2012,4K1213 - 4K1335
Veterinary,No,,63041,Terminated,"Dairy Farmers Of America, Inc.",1110 S 9th St,N/A,Goshen,IN,	46526-4316,United States,Voluntary: Firm initiated,"Two or more of the following: Email, Fax, Letter, Press Release, Telephone, Visit","Goshen, IN, Washington, MO, and Reedsburg, WI.",V-111-2013,Class I,"DFA (Dairy Farmers of America), non-fat dry milk intended and labeled as animal feed 50 lb bags","24,415 lbs",The product may be contaminated with Salmonella.,08/28/2012,11/19/2012,01/09/2013,11/28/2012,"Lot Numbers: 1970, 1980, 2000, 2010"
Veterinary,No,,61017,Terminated,Cargill Inc Animal Nutrition Division,16 Feed Mill Rd,N/A,Lecompte,LA,	71346-9518,United States,Voluntary: Firm initiated,Telephone,"AL, AR, AZ, CA, GUAM, HI, IA, ID, IL, IN, KS, LA, MI, MO, MS, NC, NV, OH, OK, OR, TN, TX, WA, and WI",V-112-2012,Class III,"Nutrena (R), Life Design COMPLETE (LL), 1308 LL and 1308-BK LL, (BULK), NET WEIGHT ON BAG OR BULK, NUTRENA, GENERAL OFFICE, MINNEAPOLIS, MN  55440, UPC 722304004286 and UPC 722304282059 (BULK)","3759 units (50 lb bags) + 99,500 lbs bulk",Animal feed may have elevated levels of Aflatoxin,12/15/2011,06/26/2012,01/17/2013,07/04/2012,4K1213 - 4K1335
Veterinary,No,,62550,Terminated,Lloyd Inc. of Iowa,604 W Thomas Ave,N/A,Shenandoah,IA,	51601-1744,United States,Voluntary: Firm initiated,"Two or more of the following: Email, Fax, Letter, Press Release, Telephone, Visit","Distribution was nationwide.  There was no foreign, military, or government distribution.",V-112-2013,Class III,"LLOYD Thyro-Tabs (Levothyroxine sodium tablets, USP), 0.2 mg., packaged in 120-ct. (NDC 11789-252-10) and 1,000-ct. bottles (NDC 11789-252-20), RX, LLOYD, Inc., Shenandoah, IA..","2,535/120-ct. and 648/1,000-ct. bottles",Product lot KA16611 did not meet finished product release specifications,07/27/2012,12/03/2012,03/26/2014,12/12/2012,"KA16611, exp. SEP 2012"
Veterinary,No,,61017,Terminated,Cargill Inc Animal Nutrition Division,16 Feed Mill Rd,N/A,Lecompte,LA,	71346-9518,United States,Voluntary: Firm initiated,Telephone,"AL, AR, AZ, CA, GUAM, HI, IA, ID, IL, IN, KS, LA, MI, MO, MS, NC, NV, OH, OK, OR, TN, TX, WA, and WI",V-113-2012,Class III,"Nutrena (R), Life Design SENIOR HORSE FEED (LL), 7550 LL, NET WEIGHT ON BAG OR BULK, NUTRENA, GENERAL OFFICE, MINNEAPOLIS, MN  55440, UPC 722304007140",7388 units (50 lb bags),Animal feed may have elevated levels of Aflatoxin,12/15/2011,06/26/2012,01/17/2013,07/04/2012,4K1213 - 4K1335
Veterinary,No,,62550,Terminated,Lloyd Inc. of Iowa,604 W Thomas Ave,N/A,Shenandoah,IA,	51601-1744,United States,Voluntary: Firm initiated,"Two or more of the following: Email, Fax, Letter, Press Release, Telephone, Visit","Distribution was nationwide.  There was no foreign, military, or government distribution.",V-113-2013,Class III,"Levothyroxine sodium tablets, USP, 0.3 mg., RX, packaged under the following labels:    (1) LLOYD Thyro-Tabs, packaged in 120-ct. (NDC 11789-253-10) and 1,000-ct. bottles (NDC 11789-253-20), LLOYD, Inc., Shenandoah, IA;    (2) Butler Schein Animal Health Thyroxine L, packaged in 180-ct. (NDC 11695-4463-1) and 1,000-ct. bottles (NDC 11695-4463-2), Distributed Exclusively by Butler Schein Animal Health, Dublin, OH;    (3) Phoenix Thyrozine 0.3 mg., packaged in 180-ct. (NDC 57319-333-31) and 1,000-ct. bottles (NDC 57319-333-16), Manufactured for Clipper Distributing Company, LLC, St. Joseph, MO;    (4) VEDCO Thyrosyn .3 mg Tablets, packaged in 180-ct. (NDC 50989-201-86) and 1,000-ct. bottles (NDC 50989-201-53), Manufactured by LLOYD, Inc., Shenandoah, IA, Distributed by VEDCO, INC., St. Joseph, MO.","1,210/120-ct., 1,941/180-ct., and 3,176/1,000-ct. bottles",Product did not meet in-process specification,07/27/2012,12/03/2012,03/26/2014,12/12/2012,"Thyro-Tabs - KB15711, exp. SEP 2012;    Thyroxine L - KB13611 and KB13611A, exp. AUG 2012; and KB15711 and KB15711A, exp. SEP 2012;     Thyrozine - KB15711 and KB15711F, exp. SEP 2012; and KB13611 and KB13611A, Exp. AUG 2012; and    Thyrosyn - KB13611 and KB13611A, exp. AUG 2012."
Veterinary,No,,61017,Terminated,Cargill Inc Animal Nutrition Division,16 Feed Mill Rd,N/A,Lecompte,LA,	71346-9518,United States,Voluntary: Firm initiated,Telephone,"AL, AR, AZ, CA, GUAM, HI, IA, ID, IL, IN, KS, LA, MI, MO, MS, NC, NV, OH, OK, OR, TN, TX, WA, and WI",V-114-2012,Class III,"Nutrena (R), LEGACY COMMERCIAL (LL), 60103-C LL, NET WEIGHT ON BAG OR BULK, NUTRENA, GENERAL OFFICE, MINNEAPOLIS, MN  55440, UPC 722304275334",162 units (50 lb bags),Animal feed may have elevated levels of Aflatoxin,12/15/2011,06/26/2012,01/17/2013,07/04/2012,4K1213 - 4K1335
Veterinary,No,,62550,Terminated,Lloyd Inc. of Iowa,604 W Thomas Ave,N/A,Shenandoah,IA,	51601-1744,United States,Voluntary: Firm initiated,"Two or more of the following: Email, Fax, Letter, Press Release, Telephone, Visit","Distribution was nationwide.  There was no foreign, military, or government distribution.",V-114-2013,Class III,"Levothyroxine sodium tablets, USP, 0.7 mg.,RX, packaged under the following labels:    (1) LLOYD Thyro-Tabs, packaged in 120-ct. (NDC 11789-257-10), and 1,000-ct. bottles (NDC 11789-257-20), LLOYD, Inc., Shenandoah, IA;    (2) Butler Schein Animal Health Thyroxine L, packaged in 180-ct. (NDC 11695-4463-1) and 1,000-ct. bottles (NDC 11695-4463-2) , Distributed Exclusively by Butler Schein Animal Health, Dublin, OH;    (3) Phoenix Thyrozine 0.7 mg, packaged in 180-ct. (NDC 57319-337-31) and 1,000-ct. bottles (NDC 57319-337-16), Manufactured for Clipper distributing Company, LLC, St. Joseph, MO;    (4) VEDCO Thyrosyn .7 mg Tablets, packaged in 180-ct. bottles (NDC 50989-283-86), Manufactured by LLOYD, Inc., Shenandoah, IA, Distributed By VEDCO, INC., St. Joseph, MO.","2,300/120-ct., 1,517/180-ct., and 1,286/1,000-ct. bottles",Product did not meet in-process specification,07/27/2012,12/03/2012,03/26/2014,12/12/2012,"Thyro-Tabs - Lot KB18011, exp. OCT 2012;     Thyroxine L - Lot KB18011 and KB18011A, exp. OCT 2012;     Thyrozine - Lot KB18011, KB18011F, and KB18011FA, exp. OCT 2012; and    Thyrosyn - Lot KB18011 and KB18011A, exp. OCT 2012."
Veterinary,No,,61017,Terminated,Cargill Inc Animal Nutrition Division,16 Feed Mill Rd,N/A,Lecompte,LA,	71346-9518,United States,Voluntary: Firm initiated,Telephone,"AL, AR, AZ, CA, GUAM, HI, IA, ID, IL, IN, KS, LA, MI, MO, MS, NC, NV, OH, OK, OR, TN, TX, WA, and WI",V-115-2012,Class III,"FEED PRO 10-10-10 (LL), 9542 LL, NET WEIGHT ON BAG OR BULK, CARGILL ANIMAL NUTRITION, GENERAL OFFICE, MINNEAPOLIS, MN  55440, UPC 722304247386",358 units (50 lb bags),Animal feed may have elevated levels of Aflatoxin,12/15/2011,06/26/2012,01/17/2013,07/04/2012,4K1213 - 4K1335
Veterinary,No,,62550,Terminated,Lloyd Inc. of Iowa,604 W Thomas Ave,N/A,Shenandoah,IA,	51601-1744,United States,Voluntary: Firm initiated,"Two or more of the following: Email, Fax, Letter, Press Release, Telephone, Visit","Distribution was nationwide.  There was no foreign, military, or government distribution.",V-115-2013,Class III,"Levothyroxine sodium tablets, USP, 0.8 mg., packaged in 1,000-ct. bottles, RX, under the following private labels:    (1) Butler Schein Animal Health Thyroxine L, NDC 11695-4468-2, Distributed Exclusively by Butler Schein Animal Health, Dublin. OH; and    (2) VEDCO Thyrosyn .8 mg Tablets, NDC 50989-204-53, Manufactured by LLOYD, Inc., Shenandoah, IA,  Distributed by VEDCO, INC., St.  Joseph, MO.","1,891/1,000-ct. bottles",Product did not meet in-process specification,07/27/2012,12/03/2012,03/26/2014,12/12/2012,"Thyroxine L - KD11711, exp. AUG 2012; and    Thyrosyn - KD11711 and KD11711A, exp. AUG 2012."
Veterinary,No,,61017,Terminated,Cargill Inc Animal Nutrition Division,16 Feed Mill Rd,N/A,Lecompte,LA,	71346-9518,United States,Voluntary: Firm initiated,Telephone,"AL, AR, AZ, CA, GUAM, HI, IA, ID, IL, IN, KS, LA, MI, MO, MS, NC, NV, OH, OK, OR, TN, TX, WA, and WI",V-116-2012,Class III,"HIGH FAT PERFORMANCE PELLET (LB) 205736 LB (22.67 kg) OR BULK, CARGILL ANIMAL NUTRITION, GENERAL OFFICE, MINNEAPOLIS, MN  55440, UPC 722304269364","20,035 units (50 lb bags)",Animal feed may have elevated levels of Aflatoxin,12/15/2011,06/26/2012,01/17/2013,07/04/2012,4K1213 - 4K1335
Veterinary,No,,62550,Terminated,Lloyd Inc. of Iowa,604 W Thomas Ave,N/A,Shenandoah,IA,	51601-1744,United States,Voluntary: Firm initiated,"Two or more of the following: Email, Fax, Letter, Press Release, Telephone, Visit","Distribution was nationwide.  There was no foreign, military, or government distribution.",V-116-2013,Class III,"LLOYD Thyro-Tabs (Levothyroxine sodium tablets, USP), 1.0 mg., packaged in 120-ct. (NDC 11789-268-10) and 1,000-ct. bottles (NDC 11789-268-20), RX.  The firm name on the label is LLOYD, Inc., Shenandoah, IA.","4,232/120-ct. and 811/1,000-ct. bottles",Product did not meet in-process specification,07/27/2012,12/03/2012,03/26/2014,12/12/2012,"Lot KB17311, exp. OCT 2012"
Veterinary,No,,61017,Terminated,Cargill Inc Animal Nutrition Division,16 Feed Mill Rd,N/A,Lecompte,LA,	71346-9518,United States,Voluntary: Firm initiated,Telephone,"AL, AR, AZ, CA, GUAM, HI, IA, ID, IL, IN, KS, LA, MI, MO, MS, NC, NV, OH, OK, OR, TN, TX, WA, and WI",V-117-2012,Class II,"Nutrena (R), COUNTRY FEEDS (R) LAYER 16% CRUMBLES (LL), 95172 LL, NET WEIGHT 50 LB (22.67 kg), NUTRENA, GENERAL OFFICE, MINNEAPOLIS, MN  55440, No UPC",3302 units (50 lb bags),Animal feed may have elevated levels of Aflatoxin,12/15/2011,06/26/2012,01/17/2013,07/04/2012,4K1213 - 4K1335
Veterinary,No,,62133,Terminated,Lloyd Inc,604 W Thomas Ave,Po Box 130,Shenandoah,IA,	51601-1744,United States,Voluntary: Firm initiated,Letter,"Distribution was made nationwide.  There was no foreign, military, or government distribution.",V-117-2013,Class II,"PrednisTab (Prednisolone, USP) 5 mg, packaged in 1,000-tablet bottles, For Oral Use in Dogs Only, RX, NADA #140-921, packaged under the following labels:    (1) Lloyd, Inc., Shenandoah, IA;  (2) Butler Schein Animal Health, Dublin, OH; and  (3) Phoenix, Manufactured for Clipper Distributing Company, LLC, St. Joseph, MO.","18.074/1,000-tablet bottles",Some of the bottles may contain broken tablets,06/13/2012,12/03/2012,03/26/2014,12/12/2012,"Lot numbers KM01310, exp. Jan-13; KN01310, exp. Jan-13; KG07010, exp. Mar-13; KG20710, exp. Aug-13; KH20710, exp. Aug-13; KA26410, exp. Sep-13; KB26410, exp. Sep-13; KC26410, exp. Sep-13; KC29910, exp. Nov-13; KD33710, Exp. Dec-13; KE33710, exp. Dec-13; KF33710, exp. Dec-13; and KJ33710, exp. Dec-13."
Veterinary,No,,61017,Terminated,Cargill Inc Animal Nutrition Division,16 Feed Mill Rd,N/A,Lecompte,LA,	71346-9518,United States,Voluntary: Firm initiated,Telephone,"AL, AR, AZ, CA, GUAM, HI, IA, ID, IL, IN, KS, LA, MI, MO, MS, NC, NV, OH, OK, OR, TN, TX, WA, and WI",V-118-2012,Class II,"Nutrena (R), COUNTRY FEEDS (R) LAYER 16% PL (LL), 95180 LL, NET WEIGHT 50 LB (22.67 kg), NUTRENA, GENERAL OFFICE, MINNEAPOLIS, MN  55440, No UPC","16,006 units (50 lb bags)",Animal feed may have elevated levels of Aflatoxin,12/15/2011,06/26/2012,01/17/2013,07/04/2012,4K1213 - 4K1335
Veterinary,No,,62800,Terminated,PECO Foods Inc.,318 S Locust St,N/A,Newark,AR,	72562-9317,United States,Voluntary: Firm initiated,Visit,Arkansas,V-118-2013,Class III,Bulk Broiler Feed labeled as WD-2,"242,420 pounds",The feed contains undeclared Larvadex.,08/09/2012,12/10/2012,05/23/2013,12/19/2012,All feed distributed from source bin 860 on 08/02/12.
Veterinary,No,,61017,Terminated,Cargill Inc Animal Nutrition Division,16 Feed Mill Rd,N/A,Lecompte,LA,	71346-9518,United States,Voluntary: Firm initiated,Telephone,"AL, AR, AZ, CA, GUAM, HI, IA, ID, IL, IN, KS, LA, MI, MO, MS, NC, NV, OH, OK, OR, TN, TX, WA, and WI",V-119-2012,Class II,"Nutrena (R), COUNTRY FEEDS (R) SCRATCH GRAINS (LL), 95174 LL, NET WEIGHT 50 LB (22.67 kg), NUTRENA, GENERAL OFFICE, MINNEAPOLIS, MN  55440, UPC 722304275860",6057 units (50 lb bags),Animal feed may have elevated levels of Aflatoxin,12/15/2011,06/26/2012,01/17/2013,07/04/2012,4K1213 - 4K1335
Veterinary,No,,61017,Terminated,Cargill Inc Animal Nutrition Division,16 Feed Mill Rd,N/A,Lecompte,LA,	71346-9518,United States,Voluntary: Firm initiated,Telephone,"AL, AR, AZ, CA, GUAM, HI, IA, ID, IL, IN, KS, LA, MI, MO, MS, NC, NV, OH, OK, OR, TN, TX, WA, and WI",V-120-2012,Class II,"DUMOR (R) POULTRY LAYER 16% PL (LL), 93973 LL, NET WEIGHT ON BAG OR BULK, DISTRIBUTED BY:  TRACTOR SUPPLY COMPANY, BRENTWOOD, TN  37027 UPC 749694951136","14,280 units (50 lb bags)",Animal feed may have elevated levels of Aflatoxin,12/15/2011,06/26/2012,01/17/2013,07/04/2012,4K1213 - 4K1335
Veterinary,No,,61017,Terminated,Cargill Inc Animal Nutrition Division,16 Feed Mill Rd,N/A,Lecompte,LA,	71346-9518,United States,Voluntary: Firm initiated,Telephone,"AL, AR, AZ, CA, GUAM, HI, IA, ID, IL, IN, KS, LA, MI, MO, MS, NC, NV, OH, OK, OR, TN, TX, WA, and WI",V-121-2012,Class II,"DUMOR (R) POULTRY LAYER 16% CR (LL), 93976 LL, NET WEIGHT ON BAG OR BULK, DISTRIBUTED BY:  TRACTOR SUPPLY COMPANY, BRENTWOOD, TN  37027 UPC 749394057381",8576 units (50 lb bags),Animal feed may have elevated levels of Aflatoxin,12/15/2011,06/26/2012,01/17/2013,07/04/2012,4K1213 - 4K1335
Veterinary,No,,61017,Terminated,Cargill Inc Animal Nutrition Division,16 Feed Mill Rd,N/A,Lecompte,LA,	71346-9518,United States,Voluntary: Firm initiated,Telephone,"AL, AR, AZ, CA, GUAM, HI, IA, ID, IL, IN, KS, LA, MI, MO, MS, NC, NV, OH, OK, OR, TN, TX, WA, and WI",V-122-2012,Class II,"JORDAN LAYER 190 (LL), 2672 LL, NET WEIGHT ON BAG OR BULK, CARGILL ANIMAL NUTRITION, GENERAL OFFICE, MINNEAPOLIS, MN  55440, UPC 722304220532","136,580 lbs",Animal feed may have elevated levels of Aflatoxin,12/15/2011,06/26/2012,01/17/2013,07/04/2012,4K1213 - 4K1335
Veterinary,No,,61017,Terminated,Cargill Inc Animal Nutrition Division,16 Feed Mill Rd,N/A,Lecompte,LA,	71346-9518,United States,Voluntary: Firm initiated,Telephone,"AL, AR, AZ, CA, GUAM, HI, IA, ID, IL, IN, KS, LA, MI, MO, MS, NC, NV, OH, OK, OR, TN, TX, WA, and WI",V-123-2012,Class II,"JORDAN LAYER 200 W/SHELL PACK (LL), 4055-SH LL, NET WEIGHT ON BAG OR BULK, CARGILL ANIMAL NUTRITION, GENERAL OFFICE, MINNEAPOLIS, MN  55440, UPC 72230422045","558,380 lbs",Animal feed may have elevated levels of Aflatoxin,12/15/2011,06/26/2012,01/17/2013,07/04/2012,4K1213 - 4K1335
Veterinary,No,,61017,Terminated,Cargill Inc Animal Nutrition Division,16 Feed Mill Rd,N/A,Lecompte,LA,	71346-9518,United States,Voluntary: Firm initiated,Telephone,"AL, AR, AZ, CA, GUAM, HI, IA, ID, IL, IN, KS, LA, MI, MO, MS, NC, NV, OH, OK, OR, TN, TX, WA, and WI",V-124-2012,Class II,"JORDAN LAYER 220 (SHELL PACK) (LL), 2359-SH LL, NET WEIGHT ON BAG OR BULK, CARGILL ANIMAL NUTRITION, GENERAL OFFICE, MINNEAPOLIS, MN  55440, UPC 722304220501","830,140 lbs",Animal feed may have elevated levels of Aflatoxin,12/15/2011,06/26/2012,01/17/2013,07/04/2012,4K1213 - 4K1335
Veterinary,No,,61017,Terminated,Cargill Inc Animal Nutrition Division,16 Feed Mill Rd,N/A,Lecompte,LA,	71346-9518,United States,Voluntary: Firm initiated,Telephone,"AL, AR, AZ, CA, GUAM, HI, IA, ID, IL, IN, KS, LA, MI, MO, MS, NC, NV, OH, OK, OR, TN, TX, WA, and WI",V-125-2012,Class II,"JORDAN LAYER REFRESH PHASE 1 (LL), 6714 LL, NET WEIGHT ON BAG OR BULK, CARGILL ANIMAL NUTRITION, GENERAL OFFICE, MINNEAPOLIS, MN  55440, UPC 722304249182","46,220 lbs",Animal feed may have elevated levels of Aflatoxin,12/15/2011,06/26/2012,01/17/2013,07/04/2012,4K1213 - 4K1335
Veterinary,No,,61017,Terminated,Cargill Inc Animal Nutrition Division,16 Feed Mill Rd,N/A,Lecompte,LA,	71346-9518,United States,Voluntary: Firm initiated,Telephone,"AL, AR, AZ, CA, GUAM, HI, IA, ID, IL, IN, KS, LA, MI, MO, MS, NC, NV, OH, OK, OR, TN, TX, WA, and WI",V-126-2012,Class II,"ACCO FEEDS (R) Showmaster (R) BROILER/TURKEY FINISHER EXTRUDED (LL), 11044 LL, NET WEIGHT ON BAG OR BULK, ACCO FEEDS, GENERAL OFFICE, MINNEAPOLIS, MN  55440, UPC 722304261511",4433 units (50 lb bags),Animal feed may have elevated levels of Aflatoxin,12/15/2011,06/26/2012,01/17/2013,07/04/2012,4K1213 - 4K1335
Veterinary,No,,61017,Terminated,Cargill Inc Animal Nutrition Division,16 Feed Mill Rd,N/A,Lecompte,LA,	71346-9518,United States,Voluntary: Firm initiated,Telephone,"AL, AR, AZ, CA, GUAM, HI, IA, ID, IL, IN, KS, LA, MI, MO, MS, NC, NV, OH, OK, OR, TN, TX, WA, and WI",V-127-2012,Class II,"Producer's PRIDE HOG FEED PL (LL), 93962 LL, NET WEIGHT ON BAG OR BULK, DISTRIBUTED BY:  TRACTOR SUPPLY COMPANY, BRENTWOOD, TN  37027 UPC 749394950163",1840 units (50 lb bags),Animal feed may have elevated levels of Aflatoxin,12/15/2011,06/26/2012,01/17/2013,07/04/2012,4K1213 - 4K1335
Veterinary,No,,61017,Terminated,Cargill Inc Animal Nutrition Division,16 Feed Mill Rd,N/A,Lecompte,LA,	71346-9518,United States,Voluntary: Firm initiated,Telephone,"AL, AR, AZ, CA, GUAM, HI, IA, ID, IL, IN, KS, LA, MI, MO, MS, NC, NV, OH, OK, OR, TN, TX, WA, and WI",V-128-2012,Class II,"Nutrena (R), Stock & Stable,  10% MULTI SPECIES SWEET (LL), 7504 LL, NET WEIGHT ON BAG OR BULK, NUTRENA, GENERAL OFFICE, MINNEAPOLIS, MN  55440, UPC 722304252120","84,043 units (50 lb bags)",Animal feed may have elevated levels of Aflatoxin,12/15/2011,06/26/2012,01/17/2013,07/04/2012,4K1213 - 4K1335
Veterinary,No,,61017,Terminated,Cargill Inc Animal Nutrition Division,16 Feed Mill Rd,N/A,Lecompte,LA,	71346-9518,United States,Voluntary: Firm initiated,Telephone,"AL, AR, AZ, CA, GUAM, HI, IA, ID, IL, IN, KS, LA, MI, MO, MS, NC, NV, OH, OK, OR, TN, TX, WA, and WI",V-129-2012,Class III,"Nutrena (R), NATUREWISE(R) CRICKET & EARTHWORM FEED (HI CAL) (LL), 91823 LL, NET WEIGHT ON BAG OR BULK, NUTRENA, GENERAL OFFICE, MINNEAPOLIS, MN  55440, UPC 722304217846",825 units (50 lb bags),Animal feed may have elevated levels of Aflatoxin,12/15/2011,06/26/2012,01/17/2013,07/04/2012,4K1213 - 4K1335
Veterinary,No,,61017,Terminated,Cargill Inc Animal Nutrition Division,16 Feed Mill Rd,N/A,Lecompte,LA,	71346-9518,United States,Voluntary: Firm initiated,Telephone,"AL, AR, AZ, CA, GUAM, HI, IA, ID, IL, IN, KS, LA, MI, MO, MS, NC, NV, OH, OK, OR, TN, TX, WA, and WI",V-130-2012,Class III,"Nutrena (R), NATUREWISE(R) RABBIT PELLETS 16 (25#) (LL), 91972 LL, WEIGHT 25 LB (11.33 kg), UPC:  722304029210 and (50#) (LL) 91974 LL, NET WEIGHT 50 LB (22.67 kg), UPC:  722304029074, NUTRENA, GENERAL OFFICE, MINNEAPOLIS, MN  55440","2171 units (25 lbs), 31,775 lbs; 4204 units (50 lb bags)",Animal feed may have elevated levels of Aflatoxin,12/15/2011,06/26/2012,01/17/2013,07/04/2012,4K1213 - 4K1335
Veterinary,No,,61017,Terminated,Cargill Inc Animal Nutrition Division,16 Feed Mill Rd,N/A,Lecompte,LA,	71346-9518,United States,Voluntary: Firm initiated,Telephone,"AL, AR, AZ, CA, GUAM, HI, IA, ID, IL, IN, KS, LA, MI, MO, MS, NC, NV, OH, OK, OR, TN, TX, WA, and WI",V-131-2012,Class I,"Nutrena (R), NATUREWISE(R) CRACKED CORN (25#) (LL) 91868-25 LL1006, NET WEIGHT 25 LB (11.33 kg), UPC:  722304029036 and 91868 LL1006 NET WEIGHT 50 LB (22.67 kg), UPC:  72230429036, NUTRENA, GENERAL OFFICE, MINNEAPOLIS, MN  55440","1949 units (25 lbs), 48,725 lbs; 6035 units (50 lb bags)",Animal feed may have elevated levels of Aflatoxin,12/15/2011,06/26/2012,01/17/2013,07/04/2012,4K1213 - 4K1335
Veterinary,No,,61017,Terminated,Cargill Inc Animal Nutrition Division,16 Feed Mill Rd,N/A,Lecompte,LA,	71346-9518,United States,Voluntary: Firm initiated,Telephone,"AL, AR, AZ, CA, GUAM, HI, IA, ID, IL, IN, KS, LA, MI, MO, MS, NC, NV, OH, OK, OR, TN, TX, WA, and WI",V-132-2012,Class II,"Nutrena (R), Stock & Stable, 12% MULTI-SPECIES SWEET (LL), 7502 LL, NET WEIGHT ON BAG OR BULK, NUTRENA, GENERAL OFFICE, MINNEAPOLIS, MN  55440, UPC 722304252106","75,352 units (50 lb bags)",Animal feed may have elevated levels of Aflatoxin,12/15/2011,06/26/2012,01/17/2013,07/04/2012,4K1213 - 4K1335
Veterinary,No,,61017,Terminated,Cargill Inc Animal Nutrition Division,16 Feed Mill Rd,N/A,Lecompte,LA,	71346-9518,United States,Voluntary: Firm initiated,Telephone,"AL, AR, AZ, CA, GUAM, HI, IA, ID, IL, IN, KS, LA, MI, MO, MS, NC, NV, OH, OK, OR, TN, TX, WA, and WI",V-133-2012,Class II,"Nutrena (R), Stock & Stable, 10% MULTI-SPECIES SWEET (LL), 7504 LL, NET WEIGHT ON BAG OR BULK, NUTRENA, GENERAL OFFICE, MINNEAPOLIS, MN  55440, UPC 722304252120","84,043 units (50 lb bags)",Animal feed may have elevated levels of Aflatoxin,12/15/2011,06/26/2012,01/17/2013,07/04/2012,4K1213 - 4K1335
Veterinary,No,,61017,Terminated,Cargill Inc Animal Nutrition Division,16 Feed Mill Rd,N/A,Lecompte,LA,	71346-9518,United States,Voluntary: Firm initiated,Telephone,"AL, AR, AZ, CA, GUAM, HI, IA, ID, IL, IN, KS, LA, MI, MO, MS, NC, NV, OH, OK, OR, TN, TX, WA, and WI",V-134-2012,Class II,"12% HI FAT ALL STOCK (LL), 9541 LL, NET WEIGHT ON BAG OR BULK and 9541-BK, BULK, CARGILL ANIMAL NUTRITION, GENERAL OFFICE, MINNEAPOLIS, MN  55440, UPC 722304247362 and UPC 722304247386 (BULK)","44,301 units (50 lb bags), 2,215,050 lbs (bulk)",Animal feed may have elevated levels of Aflatoxin,12/15/2011,06/26/2012,01/17/2013,07/04/2012,4K1213 - 4K1335
Veterinary,No,,61017,Terminated,Cargill Inc Animal Nutrition Division,16 Feed Mill Rd,N/A,Lecompte,LA,	71346-9518,United States,Voluntary: Firm initiated,Telephone,"AL, AR, AZ, CA, GUAM, HI, IA, ID, IL, IN, KS, LA, MI, MO, MS, NC, NV, OH, OK, OR, TN, TX, WA, and WI",V-135-2012,Class II,"12% PREMIX PELLET (LL), 7137 LL, NET WEIGHT ON BAG OR BULK, CARGILL ANIMAL NUTRITION, GENERAL OFFICE, MINNEAPOLIS, MN  55440, UPC 722304251796","586,920 lbs",Animal feed may have elevated levels of Aflatoxin,12/15/2011,06/26/2012,01/17/2013,07/04/2012,4K1213 - 4K1335
Veterinary,No,,61017,Terminated,Cargill Inc Animal Nutrition Division,16 Feed Mill Rd,N/A,Lecompte,LA,	71346-9518,United States,Voluntary: Firm initiated,Telephone,"AL, AR, AZ, CA, GUAM, HI, IA, ID, IL, IN, KS, LA, MI, MO, MS, NC, NV, OH, OK, OR, TN, TX, WA, and WI",V-136-2012,Class II,"WRANGLER 10 SWEET (LL), 95300 LL, NET WEIGHT 50 LB (22.67 kg) OR BULK, CARGILL ANIMAL NUTRITION, GENERAL OFFICE, MINNEAPOLIS, MN  55440, UPC 722304283995",3805 units (50 lb bags),Animal feed may have elevated levels of Aflatoxin,12/15/2011,06/26/2012,01/17/2013,07/04/2012,4K1213 - 4K1335
Veterinary,No,,61017,Terminated,Cargill Inc Animal Nutrition Division,16 Feed Mill Rd,N/A,Lecompte,LA,	71346-9518,United States,Voluntary: Firm initiated,Telephone,"AL, AR, AZ, CA, GUAM, HI, IA, ID, IL, IN, KS, LA, MI, MO, MS, NC, NV, OH, OK, OR, TN, TX, WA, and WI",V-137-2012,Class II,"Producer's PRIDE (R) 10% SWEET FEED TXT (LL), 93916 LL, NET WEIGHT ON BAG OR BULK, DISTRIBUTED BY:  TRACTOR SUPPLY COMPANY, BRENTWOOD, TN  37027 UPC 749394950583",881 units (50 lb bags),Animal feed may have elevated levels of Aflatoxin,12/15/2011,06/26/2012,01/17/2013,07/04/2012,4K1213 - 4K1335
Veterinary,No,,61017,Terminated,Cargill Inc Animal Nutrition Division,16 Feed Mill Rd,N/A,Lecompte,LA,	71346-9518,United States,Voluntary: Firm initiated,Telephone,"AL, AR, AZ, CA, GUAM, HI, IA, ID, IL, IN, KS, LA, MI, MO, MS, NC, NV, OH, OK, OR, TN, TX, WA, and WI",V-138-2012,Class II,"Producer's PRIDE (R) 12% SWEET FEED TXT (LL), 93922 LL, NET WEIGHT ON BAG OR BULK, DISTRIBUTED BY:  TRACTOR SUPPLY COMPANY, BRENTWOOD, TN  37027 UPC 749394950583","53,360 units (50 lb bags)",Animal feed may have elevated levels of Aflatoxin,12/15/2011,06/26/2012,01/17/2013,07/04/2012,4K1213 - 4K1335
Veterinary,No,,61017,Terminated,Cargill Inc Animal Nutrition Division,16 Feed Mill Rd,N/A,Lecompte,LA,	71346-9518,United States,Voluntary: Firm initiated,Telephone,"AL, AR, AZ, CA, GUAM, HI, IA, ID, IL, IN, KS, LA, MI, MO, MS, NC, NV, OH, OK, OR, TN, TX, WA, and WI",V-139-2012,Class II,"Producer's PRIDE (R) ALL STOCK SWEET FEED (LL), 93933 LL, NET WEIGHT ON BAG OR BULK, DISTRIBUTED BY:  TRACTOR SUPPLY COMPANY, BRENTWOOD, TN  37027 UPC 749394016340","80,360 units (50 lb bags)",Animal feed may have elevated levels of Aflatoxin,12/15/2011,06/26/2012,01/17/2013,07/04/2012,4K1213 - 4K1335
Veterinary,No,,61017,Terminated,Cargill Inc Animal Nutrition Division,16 Feed Mill Rd,N/A,Lecompte,LA,	71346-9518,United States,Voluntary: Firm initiated,Telephone,"AL, AR, AZ, CA, GUAM, HI, IA, ID, IL, IN, KS, LA, MI, MO, MS, NC, NV, OH, OK, OR, TN, TX, WA, and WI",V-140-2012,Class II,"Nutrena (R), NutreBeef (R), 14% AN CREEP PELLET (LL), 93912 LL, NET WEIGHT ON BAG OR BULK, NUTRENA, GENERAL OFFICE, MINNEAPOLIS, MN  55440, UPC 722304271077",368 units (50 lb bags),Animal feed may have elevated levels of Aflatoxin,12/15/2011,06/26/2012,01/17/2013,07/04/2012,4K1213 - 4K1335
Veterinary,No,,61017,Terminated,Cargill Inc Animal Nutrition Division,16 Feed Mill Rd,N/A,Lecompte,LA,	71346-9518,United States,Voluntary: Firm initiated,Telephone,"AL, AR, AZ, CA, GUAM, HI, IA, ID, IL, IN, KS, LA, MI, MO, MS, NC, NV, OH, OK, OR, TN, TX, WA, and WI",V-141-2012,Class II,"Nutrena (R), NutreBeef (R), SUPER BEEF (LL), 92102 LL, NET WEIGHT ON BAG OR BULK, NUTRENA, GENERAL OFFICE, MINNEAPOLIS, MN  55440, UPC 722304261412",1230 units (50 lb bags),Animal feed may have elevated levels of Aflatoxin,12/15/2011,06/26/2012,01/17/2013,07/04/2012,4K1213 - 4K1335
Veterinary,No,,61017,Terminated,Cargill Inc Animal Nutrition Division,16 Feed Mill Rd,N/A,Lecompte,LA,	71346-9518,United States,Voluntary: Firm initiated,Telephone,"AL, AR, AZ, CA, GUAM, HI, IA, ID, IL, IN, KS, LA, MI, MO, MS, NC, NV, OH, OK, OR, TN, TX, WA, and WI",V-142-2012,Class II,"Nutrena (R), Stock & Stable, 12 PMP (LL), 7502_P LL, NET WEIGHT 50 LB (22.67 kg) OR BULK, NUTRENA, GENERAL OFFICE, MINNEAPOLIS, MN  55440, UPC 722304282226","44,700 lbs",Animal feed may have elevated levels of Aflatoxin,12/15/2011,06/26/2012,01/17/2013,07/04/2012,4K1213 - 4K1335
Veterinary,No,,61017,Terminated,Cargill Inc Animal Nutrition Division,16 Feed Mill Rd,N/A,Lecompte,LA,	71346-9518,United States,Voluntary: Firm initiated,Telephone,"AL, AR, AZ, CA, GUAM, HI, IA, ID, IL, IN, KS, LA, MI, MO, MS, NC, NV, OH, OK, OR, TN, TX, WA, and WI",V-143-2012,Class II,"SKLAR RANGE MEAL (LL), 4442 LL, NET WEIGHT ON BAG OR BULK, CARGILL ANIMAL NUTRITION, GENERAL OFFICE, MINNEAPOLIS, MN  55440, UPC 722304075675","3333 units (50 lb bags) + 73,200 lbs (bulk)",Animal feed may have elevated levels of Aflatoxin,12/15/2011,06/26/2012,01/17/2013,07/04/2012,4K1213 - 4K1335
Veterinary,No,,61017,Terminated,Cargill Inc Animal Nutrition Division,16 Feed Mill Rd,N/A,Lecompte,LA,	71346-9518,United States,Voluntary: Firm initiated,Telephone,"AL, AR, AZ, CA, GUAM, HI, IA, ID, IL, IN, KS, LA, MI, MO, MS, NC, NV, OH, OK, OR, TN, TX, WA, and WI",V-144-2012,Class II,"JR. SKLAR BULL RATION (LL), 4445 LL, CARGILL ANIMAL NUTRITION, GENERAL OFFICE, MINNEAPOLIS, MN  55440, UPC 722304075668",1412 units (50 lb bags),Animal feed may have elevated levels of Aflatoxin,12/15/2011,06/26/2012,01/17/2013,07/04/2012,4K1213 - 4K1335
Veterinary,No,,61017,Terminated,Cargill Inc Animal Nutrition Division,16 Feed Mill Rd,N/A,Lecompte,LA,	71346-9518,United States,Voluntary: Firm initiated,Telephone,"AL, AR, AZ, CA, GUAM, HI, IA, ID, IL, IN, KS, LA, MI, MO, MS, NC, NV, OH, OK, OR, TN, TX, WA, and WI",V-145-2012,Class II,"COMMODITY 14 (LL), 151016-A LL, NET WEIGHT ON BAG OR BULK, CARGILL ANIMAL NUTRITION, GENERAL OFFICE, MINNEAPOLIS, MN  55440, UPC 722304254384","576,420 lbs",Animal feed may have elevated levels of Aflatoxin,12/15/2011,06/26/2012,01/17/2013,07/04/2012,4K1213 - 4K1335
Veterinary,No,,61017,Terminated,Cargill Inc Animal Nutrition Division,16 Feed Mill Rd,N/A,Lecompte,LA,	71346-9518,United States,Voluntary: Firm initiated,Telephone,"AL, AR, AZ, CA, GUAM, HI, IA, ID, IL, IN, KS, LA, MI, MO, MS, NC, NV, OH, OK, OR, TN, TX, WA, and WI",V-146-2012,Class II,"Nutrena (R), COUNTRY FEEDS (R) CHICK STARTER GROWER 18% CRUMBLES (AMP) (LL) MEDICATED, 95171-A LL, NET WEIGHT 50 LB (22.67 kg), NUTRENA, GENERAL OFFICE, MINNEAPOLIS, MN  55440, UPC None",3026 units (50 lb bags),Animal feed may have elevated levels of Aflatoxin,12/15/2011,06/26/2012,01/17/2013,07/04/2012,4K1213 - 4K1335
Veterinary,No,,61017,Terminated,Cargill Inc Animal Nutrition Division,16 Feed Mill Rd,N/A,Lecompte,LA,	71346-9518,United States,Voluntary: Firm initiated,Telephone,"AL, AR, AZ, CA, GUAM, HI, IA, ID, IL, IN, KS, LA, MI, MO, MS, NC, NV, OH, OK, OR, TN, TX, WA, and WI",V-147-2012,Class II,"Nutrena (R), NutreBeef (R), RANGE MEAL (C70) (LL) MEDICATED, 93908LL, NET WEIGHT ON BAG OR BULK, NUTRENA, GENERAL OFFICE, MINNEAPOLIS, MN  55440, UPC 722304273767",1021 units (50 lb bags),Animal feed may have elevated levels of Aflatoxin,12/15/2011,06/26/2012,01/17/2013,07/04/2012,4K1213 - 4K1335
Veterinary,No,,61017,Terminated,Cargill Inc Animal Nutrition Division,16 Feed Mill Rd,N/A,Lecompte,LA,	71346-9518,United States,Voluntary: Firm initiated,Telephone,"AL, AR, AZ, CA, GUAM, HI, IA, ID, IL, IN, KS, LA, MI, MO, MS, NC, NV, OH, OK, OR, TN, TX, WA, and WI",V-148-2012,Class III,"Nutrena (R), NATUREWISE GOAT PELLETS 16 (DQ) (LL), 91705-D LL,  MEDICATED, NET WEIGHT ON BAG OR BULK, NUTRENA, GENERAL OFFICE, MINNEAPOLIS, MN  55440, UPC 722304031640",1455 units (50 lb bags),Animal feed may have elevated levels of Aflatoxin,12/15/2011,06/26/2012,01/17/2013,07/04/2012,4K1213 - 4K1335
Veterinary,No,,61017,Terminated,Cargill Inc Animal Nutrition Division,16 Feed Mill Rd,N/A,Lecompte,LA,	71346-9518,United States,Voluntary: Firm initiated,Telephone,"AL, AR, AZ, CA, GUAM, HI, IA, ID, IL, IN, KS, LA, MI, MO, MS, NC, NV, OH, OK, OR, TN, TX, WA, and WI",V-149-2012,Class II,"Nutrena (R), PORKTRACK(R) SOW/PIG COMPLETE PL 16 (C50) (LL) MEDICATED, 90679-C LL, NET WEIGHT ON BAG OR BULK, NUTRENA, GENERAL OFFICE, MINNEAPOLIS, MN  55440, UPC 722304017200",1015 units (50 lb bags),Animal feed may have elevated levels of Aflatoxin,12/15/2011,06/26/2012,01/17/2013,07/04/2012,4K1213 - 4K1335
Veterinary,No,,61017,Terminated,Cargill Inc Animal Nutrition Division,16 Feed Mill Rd,N/A,Lecompte,LA,	71346-9518,United States,Voluntary: Firm initiated,Telephone,"AL, AR, AZ, CA, GUAM, HI, IA, ID, IL, IN, KS, LA, MI, MO, MS, NC, NV, OH, OK, OR, TN, TX, WA, and WI",V-150-2012,Class III,"ACCO FEEDS (R) SHOWMASTER (R) GOAT DEVELOPER (DCX) (LL) MEDICATED, 10601-D LL, NET WEIGHT 50 LB (22.67 kg) OR BULK, ACCO FEEDS, GENERAL OFFICE, MINNEAPOLIS, MN 55440, UPC 722304235536",565 units (50 lb bags),Animal feed may have elevated levels of Aflatoxin,12/15/2011,06/26/2012,01/17/2013,07/04/2012,4K1213 - 4K1335
Veterinary,No,,61017,Terminated,Cargill Inc Animal Nutrition Division,16 Feed Mill Rd,N/A,Lecompte,LA,	71346-9518,United States,Voluntary: Firm initiated,Telephone,"AL, AR, AZ, CA, GUAM, HI, IA, ID, IL, IN, KS, LA, MI, MO, MS, NC, NV, OH, OK, OR, TN, TX, WA, and WI",V-151-2012,Class II,"14% HI-E RANGE MEAL (AN) (C100) (LL) MEDICATED, 4685-N LL, NET WEIGHT ON BAG OR BULK, NUTRENA, GENERAL OFFICE, MINNEAPOLIS, MN  55440, UPC 722304073985",916 units (50 lb bags),Animal feed may have elevated levels of Aflatoxin,12/15/2011,06/26/2012,01/17/2013,07/04/2012,4K1213 - 4K1335
Veterinary,No,,61017,Terminated,Cargill Inc Animal Nutrition Division,16 Feed Mill Rd,N/A,Lecompte,LA,	71346-9518,United States,Voluntary: Firm initiated,Telephone,"AL, AR, AZ, CA, GUAM, HI, IA, ID, IL, IN, KS, LA, MI, MO, MS, NC, NV, OH, OK, OR, TN, TX, WA, and WI",V-152-2012,Class II,"CALF CREEP FEED (B45) (LL) MEDICATED, 4078-B LL, NET WEIGHT ON BAG OR BULK, NUTRENA, GENERAL OFFICE, MINNEAPOLIS, MN  55440, UPC 722304073848",1563 units (50 lb bags),Animal feed may have elevated levels of Aflatoxin,12/15/2011,06/26/2012,01/17/2013,07/04/2012,4K1213 - 4K1335
Veterinary,No,,61017,Terminated,Cargill Inc Animal Nutrition Division,16 Feed Mill Rd,N/A,Lecompte,LA,	71346-9518,United States,Voluntary: Firm initiated,Telephone,"AL, AR, AZ, CA, GUAM, HI, IA, ID, IL, IN, KS, LA, MI, MO, MS, NC, NV, OH, OK, OR, TN, TX, WA, and WI",V-153-2012,Class II,"Nutrena (R), NutreBeef (R), CATTLE GROWER/FINISHER TEXTURED (LL), 93913 LL, NET WEIGHT ON BAG OR BULK, NUTRENA, GENERAL OFFICE, MINNEAPOLIS, MN  55440, UPC 722304271084",1992 units (50 lb bags),Animal feed may have elevated levels of Aflatoxin,12/15/2011,06/26/2012,01/17/2013,07/04/2012,4K1213 - 4K1335
Veterinary,No,,61017,Terminated,Cargill Inc Animal Nutrition Division,16 Feed Mill Rd,N/A,Lecompte,LA,	71346-9518,United States,Voluntary: Firm initiated,Telephone,"AL, AR, AZ, CA, GUAM, HI, IA, ID, IL, IN, KS, LA, MI, MO, MS, NC, NV, OH, OK, OR, TN, TX, WA, and WI",V-154-2012,Class II,"COMMODITY 12 (LL), 151013 LL, NET WEIGHT ON BAG OR BULK, CARGILL ANIMAL NUTRITION, GENERAL OFFICE, MINNEAPOLIS, MN  55440, UPC 722304273286","1,401,060 lbs",Animal feed may have elevated levels of Aflatoxin,12/15/2011,06/26/2012,01/17/2013,07/04/2012,4K1213 - 4K1335
Veterinary,No,,61017,Terminated,Cargill Inc Animal Nutrition Division,16 Feed Mill Rd,N/A,Lecompte,LA,	71346-9518,United States,Voluntary: Firm initiated,Telephone,"AL, AR, AZ, CA, GUAM, HI, IA, ID, IL, IN, KS, LA, MI, MO, MS, NC, NV, OH, OK, OR, TN, TX, WA, and WI",V-155-2012,Class III,"EQUINE ONE (LL), 9510 LL, NET WEIGHT ON BAG OR BULK, CARGILL ANIMAL NUTRITION, GENERAL OFFICE, MINNEAPOLIS, MN  55440, UPC 722304209810",13063 units (50 lb bags),Animal feed may have elevated levels of Aflatoxin,12/15/2011,06/26/2012,01/17/2013,07/04/2012,"Lot Codes: 4K0335 - 0K0365, LL0335 - LL0365, 4K1001 - 4K1335, and LL1001 - LL1335"
Veterinary,No,,61017,Terminated,Cargill Inc Animal Nutrition Division,16 Feed Mill Rd,N/A,Lecompte,LA,	71346-9518,United States,Voluntary: Firm initiated,Telephone,"AL, AR, AZ, CA, GUAM, HI, IA, ID, IL, IN, KS, LA, MI, MO, MS, NC, NV, OH, OK, OR, TN, TX, WA, and WI",V-156-2012,Class III,"WENDLAND'S One 'N Only FREE CHOICE COMPLETE HORSE FEED, 151165, Net Weight 50 LBS.  (22.68 Kgs.), Manufactured for WENDLAND'S FARM PRODUCTS, A DIVISION OF JUPE FOODS, INC. TEMPLE, TEXAS 76504","50,913 units (50 lb bags)",Animal feed may have elevated levels of Aflatoxin,12/15/2011,06/26/2012,01/17/2013,07/04/2012,"Lot Codes: 4K0335 - 0K0365, LL0335 - LL0365, 4K1001 - 4K1335, and LL1001 - LL1335"
Veterinary,No,,61017,Terminated,Cargill Inc Animal Nutrition Division,16 Feed Mill Rd,N/A,Lecompte,LA,	71346-9518,United States,Voluntary: Firm initiated,Telephone,"AL, AR, AZ, CA, GUAM, HI, IA, ID, IL, IN, KS, LA, MI, MO, MS, NC, NV, OH, OK, OR, TN, TX, WA, and WI",V-157-2012,Class II,"Nutrena (R), EMPOWER (R) BOOST, 7613 LL, NET WEIGHT ON BAG OR BULK, and 1316-BK LL, (BULK), NUTRENA, GENERAL OFFICE, MINNEAPOLIS, MN  55440, UPC 722304261406",57756 units (40 lb bags),Animal feed may have elevated levels of Aflatoxin,12/15/2011,06/26/2012,01/17/2013,07/04/2012,"Lot Codes: 4K0335 - 0K0365, LL0335 - LL0365, 4K1001 - 4K1335, and LL1001 - LL1335"
Veterinary,No,,61017,Terminated,Cargill Inc Animal Nutrition Division,16 Feed Mill Rd,N/A,Lecompte,LA,	71346-9518,United States,Voluntary: Firm initiated,Telephone,"AL, AR, AZ, CA, GUAM, HI, IA, ID, IL, IN, KS, LA, MI, MO, MS, NC, NV, OH, OK, OR, TN, TX, WA, and WI",V-158-2012,Class III,"RURAL KING 32% FARM POND FLOATING CATFISH FOOD (LL), 960-R4 LL,  NET WEIGHT 40 LB (18.14 kg), MANUFACTURED FOR: RURAL KING, MATTOON, IL 61938, MANUFACTURED BY:  CARGILL ANIMAL NUTRITION, GENERAL OFFICE, MINNEAPOLIS, MN  55440, UPC 722304253240","27,152 units (40 lb bags)",Animal feed may have elevated levels of Aflatoxin,12/15/2011,06/26/2012,01/17/2013,07/04/2012,"Lot Codes: 4K0335 - 0K0365, LL0335 - LL0365, 4K1001 - 4K1335, and LL1001 - LL1335"
Veterinary,No,,61017,Terminated,Cargill Inc Animal Nutrition Division,16 Feed Mill Rd,N/A,Lecompte,LA,	71346-9518,United States,Voluntary: Firm initiated,Telephone,"AL, AR, AZ, CA, GUAM, HI, IA, ID, IL, IN, KS, LA, MI, MO, MS, NC, NV, OH, OK, OR, TN, TX, WA, and WI",V-159-2012,Class III,"Sportsman's Choice, CATFISH FEED (LL), 45050 LL, NET WEIGHT 50 LB (22.67 kg) BAG, CARGILL ANIMAL NUTRITION, GENERAL OFFICE, MINNEAPOLIS, MN  55440, UPC 72230425932","166,521 units (50 lb bags)",Animal feed may have elevated levels of Aflatoxin,12/15/2011,06/26/2012,01/17/2013,07/04/2012,"Lot Codes: 4K0335 - 0K0365, LL0335 - LL0365, 4K1001 - 4K1335, and LL1001 - LL1335"
Veterinary,No,,61017,Terminated,Cargill Inc Animal Nutrition Division,16 Feed Mill Rd,N/A,Lecompte,LA,	71346-9518,United States,Voluntary: Firm initiated,Telephone,"AL, AR, AZ, CA, GUAM, HI, IA, ID, IL, IN, KS, LA, MI, MO, MS, NC, NV, OH, OK, OR, TN, TX, WA, and WI",V-160-2012,Class III,"WENDLAND'S 32% FLOATING FISH FEED (LL), 151194 LL, Net Weight 50 LBS.  (22.68 Kg) BAG, MANUFACTURED FOR WENDLAND'S FARM PRODUCTS, A DIV. OF JUPE FOODS, INC., TEMPLE, TEXAS 76504",418 units (50 lb bags),Animal feed may have elevated levels of Aflatoxin,12/15/2011,06/26/2012,01/17/2013,07/04/2012,"Lot Codes: 4K0335 - 0K0365, LL0335 - LL0365, 4K1001 - 4K1335, and LL1001 - LL1335"
Veterinary,No,,61017,Terminated,Cargill Inc Animal Nutrition Division,16 Feed Mill Rd,N/A,Lecompte,LA,	71346-9518,United States,Voluntary: Firm initiated,Telephone,"AL, AR, AZ, CA, GUAM, HI, IA, ID, IL, IN, KS, LA, MI, MO, MS, NC, NV, OH, OK, OR, TN, TX, WA, and WI",V-161-2012,Class II,"ACCO FEEDS (R) Showmaster (R) POWER PHAT (TM) (LL), 10739-25 LL, NET WEIGHT 25 LB (11.33 kg), ACCO FEEDS, GENERAL OFFICE, MINNEAPOLIS, MN  55440, UPC 722304239107",2840 units (25 lb bags),Animal feed may have elevated levels of Aflatoxin,12/15/2011,06/26/2012,01/17/2013,07/04/2012,"Lot Codes: 4K0335 - 0K0365, LL0335 - LL0365, 4K1001 - 4K1335, and LL1001 - LL1335"
Veterinary,No,,61017,Terminated,Cargill Inc Animal Nutrition Division,16 Feed Mill Rd,N/A,Lecompte,LA,	71346-9518,United States,Voluntary: Firm initiated,Telephone,"AL, AR, AZ, CA, GUAM, HI, IA, ID, IL, IN, KS, LA, MI, MO, MS, NC, NV, OH, OK, OR, TN, TX, WA, and WI",V-162-2012,Class I,"WENDLAND'S DEER-LICIOUS NUGGETS (LL), 151195 LL, NET WEIGHT 40 LB (18.14kg), MANUFACTURED FOR WENDLAND'S FARM PRODUCTS, A DIV. OF JUPE FOODS, INC., TEMPLE, TEXAS 76504",493 units (40 lb bags),Animal feed may have elevated levels of Aflatoxin,12/15/2011,06/26/2012,01/17/2013,07/04/2012,"Lot Codes: 4K0335 - 0K0365, LL0335 - LL0365, 4K1001 - 4K1335, and LL1001 - LL1335"
Veterinary,No,,61017,Terminated,Cargill Inc Animal Nutrition Division,16 Feed Mill Rd,N/A,Lecompte,LA,	71346-9518,United States,Voluntary: Firm initiated,Telephone,"AL, AR, AZ, CA, GUAM, HI, IA, ID, IL, IN, KS, LA, MI, MO, MS, NC, NV, OH, OK, OR, TN, TX, WA, and WI",V-163-2012,Class I,"Sportsman's Choice, RECORD RACK, GOLDEN DEER NUGGET (TM) (LL), 45011 LL, NET WEIGHT 40 LB (18.14 kg), CARGILL ANIMAL NUTRITION, GENERAL OFFICE, MINNEAPOLIS, MN  55440, UPC 722304504402","199,521 units (40 lb bags)",Animal feed may have elevated levels of Aflatoxin,12/15/2011,06/26/2012,01/17/2013,07/04/2012,"Lot Codes: 4K0335 - 0K0365, LL0335 - LL0365, 4K1001 - 4K1335, and LL1001 - LL1335"
Veterinary,No,,62279,Terminated,Manna Pro Corp,707 Spirit 40 Park Dr Ste 150,N/A,Chesterfield,MO,	63005-1137,United States,Voluntary: Firm initiated,Letter,"AZ, CO, MT, UT, CA, NV, OR, MO, WI, IL, MN, TX, AR, FL, PA, NY, VA",V-164-2012,Class III,"MannaPro Chick Stick, Net Wt 15-oz (0.43 kg).  Each Stick is individually packaged in a plastic wrapper.  Each case contains 8/15oz-Stix. The firm name on the label is Manna Pro Products, LLC, St. Louis, MO.",461/15-oz stick cases,Routine sampling of product tested positive for Salmonella.,06/11/2012,07/09/2012,09/12/2012,07/18/2012,"Lot # 031414H1, BEST IF SOLD BY 03/14/14"
Veterinary,No,,61857,Terminated,"Yachere Feed, Inc.",200 West Main St,N/A,Rockwood,PA,	15557-1045,United States,Voluntary: Firm initiated,Letter,"Direct sales to farms in Fayette and Somerset Counties in PA, 1 direct account located in MD.",V-165-2012,Class II,"19% Calf Starter Medicated  Active Ingredient Lasatocid  Yachere 19% Calf Starter Medicated  50 Lb. Net Wt.  Active Drug Ingredient   Lasatocid 47.4 g/ton  Yachere Feed, Inc.  415 Somerset Ave., Rockwood, PA 15557  ",268 50-Lb. bags,Feed was labeled as containing Lasalocid medication. Inspection revealed product did not contain Lasalocid.,05/02/2012,07/11/2012,02/04/2014,07/18/2012,None
Veterinary,No,,61817,Terminated,"Solid Gold Hlth Prods For Pets, Inc.",900 Vernon Way Ste 101,N/A,El Cajon,CA,	92020-1833,United States,Voluntary: Firm initiated,"Two or more of the following: Email, Fax, Letter, Press Release, Telephone, Visit","Distributed to Canada and following US States CA, IL, NY, OH, MI, WA, NV, FL, GA, NJ, PA, AZ, WI, HI, LA, OK, and TX.  Canada:  1. Lucid, 5888 Trapp Ave, Burnaby  B.C. V3N 5G4  2. 11 Edvac Dr. Units 8 & 9, Brampton, Ontario L6S 5W5  No Mexico.  One Foreign: 56 Tannery Ln. Singapore 347801",V-166-2012,Class I,"Solid Gold WolfCub Large Breed Puppy Food, 4lb, 15lb, and 33lb, with a best before date of December 30, 2012 and batch code starting with SGB1201A31X.    Product labeling reads in part:""***LARGE-BREED PUPPY DOG FOOD***SOLID GOLD WOLFCUB***MANUFACTURED FOR: SOLID GOLD HEALTH PRODUCTS FOR PETS, INC. EL CAJON, CA 92020 NET WT 4 LBS./1.81 KG***"".",6258,Products were produced at the facility that has been linked to recent recalls of Diamond brand pet foods due to potential Salmonella contamination.,05/08/2012,07/11/2012,01/15/2013,07/18/2012,"with a best before date of December 30, 2012 and batch code starting with SGB1201A31X.    4lb UPC 093766750005  15lb UPC 093766750012  33lb UPC 093766750029"
Veterinary,No,,61817,Terminated,"Solid Gold Hlth Prods For Pets, Inc.",900 Vernon Way Ste 101,N/A,El Cajon,CA,	92020-1833,United States,Voluntary: Firm initiated,"Two or more of the following: Email, Fax, Letter, Press Release, Telephone, Visit","Distributed to Canada and following US States CA, IL, NY, OH, MI, WA, NV, FL, GA, NJ, PA, AZ, WI, HI, LA, OK, and TX.  Canada:  1. Lucid, 5888 Trapp Ave, Burnaby  B.C. V3N 5G4  2. 11 Edvac Dr. Units 8 & 9, Brampton, Ontario L6S 5W5  No Mexico.  One Foreign: 56 Tannery Ln. Singapore 347801",V-167-2012,Class I,"Solid Gold WolfKing Large Breed Adult Dog Food, 4lb, 15lb, and 28.5lb, with a best before date of December 30, 2012 and batch code starting with SGL1201A32X.    Product labeling reads in part:""***LARGE-BREED ADULT DOG FOOD***SOLID GOLD WOLFKING***MANUFACTURED FOR: SOLID GOLD HEALTH PRODUCTS FOR PETS, INC. EL CAJON, CA 92020 NET WT 15 LBS./6.8 KG***"".",1789,Products were produced at the facility that has been linked to recent recalls of Diamond brand pet foods due to potential Salmonella contamination.,05/08/2012,07/11/2012,01/15/2013,07/18/2012,"with a best before date of December 30, 2012 and batch code starting with SGB1201A31X.    4lb UPC 093766750005  15lb UPC 093766750012  33lb UPC 093766750029"
Veterinary,No,,61940,Terminated,"Pegasus Laboratories, Inc.",8809 Ely St,N/A,Pensacola,FL,	32514-7064,United States,Voluntary: Firm initiated,Telephone,"Product was distributed to FL, OR, OH, PA, CA, TX, MO, NY, MN, IA, NE, NJ.",V-168-2012,Class II,"PROIN 75MG COUNT BOTTLES HAVE THE CORRECT BASE LABEL OF:  ""***PROIN 75 mg (phenylpropanolamine hydrochloride) CHEWABLE TABLETS 75 mg per tablet***For oral use in dogs only***60 tablets***CAUTION: Federal law restricts this drug to use by or on the order of a licensed veterinarian.***Sympathomimetic amine drug***NADA #141-324, Approved by FDA***PRN PHARMACAL Pegasus Laboratories, Inc.***Each scored tablet contains 75 mg phenylpropanolamine, as hydrochloride.***Indications:  PROIN is indicated for the control of urinary incontinence due to urethral sphincter hypotonus in dogs.***Dosage:  The total recommended dosage for oral administration is 2mg/kg (0.91 mg/lb) of body weight twice daily.  Tablets are scored and dosage should be calculated in half-tablet increments.***Warnings:  Keep out of reach of children.  Not for human use.  Consult a physician in case of accidental ingestion by humans.  For use in dogs only.***Precautions:  PROIN Chewable Tablets should be stored out of reach of dogs in a secured area.***Manufactured by:  Pegasus Laboratories, Inc. An Employee-Owned Company Pensacola, FL 32514, USA***Made in USA***""                   INCORRECT BOOKLET TOP LABEL IS A PROIN 25MG LABEL.  INSERT/BOOKLET LABELING THAT MAY BE ON PROIN 75 mg 60 COUNT BOTTLES:  ""***PROIN 25 mg (phenylpropanolamine hydrochloride) CHEWABLE TABLETS 25 mg per tablet***For oral use in dogs only***60 tablets***CAUTION: Federal law restricts this drug to use by or on the order of a licensed veterinarian.***Sympathomimetic amine drug***NADA #141-324, Approved by FDA***PRN PHARMACAL Pegasus Laboratories, Inc.***Warnings:  Keep out of reach of children.  Not for human use.  Consult a physician in case of accidental ingestion by humans.  For use in dogs only.***Precautions:  PROIN Chewable Tablets should be stored out of reach of dogs in a secured area.***Manufactured by:  Pegasus Laboratories, Inc. An Employee-Owned Company Pensacola, FL 32514, USA***Made in USA***""    CORRECT BOOKLET TOP LABEL IS A PROIN 75 MG LABEL.  INSERT/BOOKLET LABELING THAT SHOULD BE ON PROIN 75 mg 60 COUNT BOTTLES:  ""***PROIN 75 mg (phenylpropanolamine hydrochloride) CHEWABLE TABLETS 75 mg per tablet***For oral use in dogs only***60 tablets***CAUTION: Federal law restricts this drug to use by or on the order of a licensed veterinarian.***Sympathomimetic amine drug***NADA #141-324, Approved by FDA***PRN PHARMACAL Pegasus Laboratories, Inc.***Warnings:  Keep out of reach of children.  Not for human use.  Consult a physician in case of accidental ingestion by humans.  For use in dogs only.***Precautions:  PROIN Chewable Tablets should be stored out of reach of dogs in a secured area.***Manufactured by:  Pegasus Laboratories, Inc. An Employee-Owned Company Pensacola, FL 32514, USA***Made in USA***""  ","34,685","Pegasus Laboratories, Inc. is recalling 75 mg, 60 count bottles of Proin Lots 120416 and 120213 for misbranding.  The affected product has the potential to have a 75mg base label with a 25mg Insert attached to the label.  Proin is a veterinary drug used to treat incontinence in dogs.",05/24/2012,07/17/2012,12/11/2012,07/25/2012,Lots:  120213 and 120416
Veterinary,No,,62111,Terminated,"Franck's Lab Inc., d.b.a. Franck's Compounding Lab",1210 SW 33rd Avenue,N/A,Ocala,FL,	34474-5138,United States,Voluntary: Firm initiated,Letter,"Distributed to Veterinary Clinics and Veterinarians by perscription Nationwide and Internationally to Hong Kong, Trinidad, Grand Cayman Islands, and Columbia.",V-169-2012,Class II,"INJECTABLES:  (No product labeling available)    ACEPROMAZINE MALEATE 2MG/ML INJECTABLE  50 ML.                     ACEPROMAZINE MALEATE** 10 MG/ML INJECTABLE  50 ML.                ACETYLCYSTEINE 10% INJECTABLE  100 ML.     ACETYLCYSTEINE 20% INJECTABLE  30 ML, 50 ML, 90 ML, 100 ML, 120 ML,   120 ML, 180 ML, 200 ML, 300 ML, 400 ML, 600 ML.            ACETYL-D-GLUCOSAMINE 10% INJECTABLE 10 ML, 20 ML, 25 ML, 60 ML, 90 ML, 100 ML, 300 ML, 400 ML, 500 ML, 600 ML, 1000 ML, 1200 ML, 1800 ML,   2000 ML, 2400 ML.                ACETYL-D-GLUCOSAMINE 20% INJECTABLE 50 ML  100 ML  200 ML  300 ML  400 ML  600 ML  2000 ML.      ACETYL-D-GLUCOSAMINE 25% INJECTABLE  50 ML 100 ML   400 ML    500 ML 1500 ML.      ACTH GEL 10UNITS/ML INJECTABLE  2 ML.    ACTH GEL 12.2UNITS/ML INJECTABLE  5 ML.    ACTH GEL 20UNITS/ML INJECTABLE 3 ML, 5 ML, 10 ML.                ACTH GEL 25UNITS/ML INJECTABLE  1 ML  3 ML  6 ML  ACTH GEL 40UNITS/ML INJECTABLE  1 ML  2.5 ML  3 ML 4 ML  5 ML  10 ML  15 ML  40 ML.                             ACTH GEL 50UNITS/ML INJECTABLE  1.28 ML.       ACTH GEL 80UNITS/ML INJECTABLE  1.2 ML  2 ML  5 ML  6 ML  10 ML  20 ML    30 ML  40 ML  100 ML.                ADENOSINE MONOPHOSPHATE 200MG/ML INJECTABLE   30 ML  50 ML    100 ML  150 ML  180 MLS  250 ML  400 ML.                ALTRENOGEST (DUO-RELEASE VEHICLE) 150 MG/ML INJECTABLE 10 ML  11 ML  25 ML  30 ML.       AMIKACIN (VET)  IM/IV 100MG/ML INJECTABLE 20 ML.           AMIKACIN (VET)  IM/IV 50MG/ML INJECTABLE 20 ML  50 ML.              AMIKACIN P. F. 250MG/ML INJECTABLE 10 ML  12 ML.            AMIKACIN SULFATE (VET) 250MG/ML INJECTABLE  2 ML  4 ML  6 ML  8 ML  10 ML  12 ML  16 ML  20 ML  24 ML  30 ML  32 ML  34 ML  36 ML  40 ML  42 ML  48 ML  50 ML  60 ML  80 ML  100 ML  120 ML  150 ML 160 ML. 200 ML 250 ML   300 ML  400 ML  2400 ML.              AMIKACIN SULFATE****  4ML SDV 250MG/ML INJECTABLE  40 ML  400 MLS.                AMINO ACID WITH VIT. B12   INJECTABLE  100 ML.            AMINOPENTAMIDE, P.F. 0.5MG/ML INJECTABLE  10 ML  20 ML  30 ML.            AMINOSYN II** (12X500ML) 8.5% INJECTABLE 18000 ML.           AMMONIUM CHLORIDE 2% INJECTABLE  200 ML.        AMMONIUM SULFATE 0.75% INJECTABLE  100 ML  200 ML.            AMMONIUM SULFATE 10% INJECTABLE  30 MLS  60 MLS  100 MLS  200 MLS  800 MLS.            AMMONIUM SULFATE 5% INJECTABLE  100 ML.           ANTICOAGULANT CITRATE DEXTROSE (NO CLOT)  INJECTABLE  50 ML.      APOMORPHINE 1MG/ML INJECTABLE  10 ML  30 ML  250 ML.         APOMORPHINE 2MG/ML INJECTABLE    5 ML   10 ML  30 ML.         APOMORPHINE 3MG/ML INJECTABLE  5 ML  10 ML  15 ML  30 ML.            APOMORPHINE 4MG/ML INJECTABLE  10 ML.            APOMORPHINE 5MG/ML INJECTABLE  5 ML  10 ML.            APOMORPHINE 6MG/ML INJECTABLE  5 ML  10 ML.           ARANESP (4X1ML SDV)** 25MCG/ML INJECTABLE  4 VIALS.        ASCORBIC ACID 100MG/ML INJECTABLE  250 ML  750 ML  1500 ML.          ASPIRIN 100MG/ML INJECTABLE 50 MLS.         ATROPINE SULFATE  0.4MG/ML INJECTABLE 25 ML  40 ML  60 ML  200 ML.        ATROPINE SULFATE  0.54MG/ML INJECTABLE  100 ML  200 ML.      ATROPINE SULFATE***MDV  0.4MG/ML INJECTABLE  200 ML.         AZI CMPND (PCN-G-PROCAINE/STREPTOMYCIN) 125,000U/245MG/ML INJECTABLE  100 ML.    BETAMETHASONE ACETATE 6MG/ML INJECTABLE 300 ML.  BETHANECHOL 5MG/ML INJECTABLE 60 ML  180 ML.  BIMIX   30MG / 5MG INJECTABLE 20 ML.  BIMIX  30MG/1MG INJECTABLE 5 ML.  BUPIVACAINE HCL 0.25% INJECTABLE 5 ML.  BUPRENEX AMPULES** 0.3MG/ML INJECTABLE 5 ML  10 ML.  BUPRENORPHINE HCL  MDV 0.4MG/ML INJECTABLE 10 ML  20 ML  50 ML.  BUPRENORPHINE HCL 0.5MG/ML INJECTABLE 10 ML  20 ML  30 ML  50 ML.  BUPRENORPHINE HCL 0.6MG/ML INJECTABLE 10 ML  20 ML  30 ML  60 ML  100 ML  200ML.  BUPRENORPHINE HCL MDV 0.3MG/ML INJECTABLE 30 ML  60 ML.  BUPRENORPHINE HCL P.F. 0.3MG/ML INJECTABLE 10 ML  30 ML.  CACODYLATE COMPOUND (32MG/5ML) 6.4MG/1MG/0.2MG/ML INJECTABLE 100 ML  200 ML  300 ML  400 ML  500 ML  600 ML  1000 ML  1200 ML  3600 ML  4800 ML.  CACODYLATE COMPOUND 100MG/ML INJECTABLE 200 ML.  C",4155,Franck's Lab Inc. d.b.a. Franck's initiated a recall of all Sterile  Veterinary Drugs distributed between 11/21/2011 and 05/21/2012.  FDA environmental sampling revealed the presence of microorganisms and fungal growth in the clean room where sterile products were prepared for compounding/compounded veterinary products.,05/22/2012,07/17/2012,11/07/2013,07/25/2012,"Rx Numbers: 0321930, 0348432, 0349124, 0349236, 0349403, 0349678, 0350142, 0350284, 0350469, 0350940, 0351072, 0351523, 0351964, 0352014, 0352066, 0352181, 0352329, 0352444, 0352676, 0352683, 0352814, 0352861, 0352870, 0352871, 0352872, 0352873, 0353003, 0353058, 0353273, 0353368, 0353408, 0353479,0353551, 0353601, 0353617, 0353695, 0353800, 0353808, 0353895, 0353897, 0353940, 0354276, 0354474, 0354662, 0355167, 0355288, 0355450, 0355477, 0355540, 0355577, 0355580, 0355640, 0355656, 0355672, 0355747, 0355848, 0355990, 0356090, 0356312, 0356345, 0356390, 0356418, 0356453, 0356526, 0356680, 0356729, 0356901, 0357010, 0357192, 0357203, 0357404, 0357418, 0357728, 0357846, 0358013, 0358014, 0358109, 0358181, 0358668, 0358670, 0358848, 0358903, 0358916, 0359073, 0359086, 0359094, 0359307, 0359369, 0359370, 0359372, 0359375, 0359383, 0359469, 0359540, 0359549, 0359661, 0359662, 0359667, 0359683, 0359830, 0360031, 0360032, 0360035, 0360075, 0360088, 0360100, 0360186, 0360240, 0360275, 0360408, 0360550, 0360954, 0360956, 0361184, 0361298, 0361326, 0361328, 0361330, 0361362, 0361375, 0361425, 0361556, 0361559, 0361681, 0361720, 0361744, 0361848, 0361877, 0361897, 0362049, 0362084, 0362086, 0362101, 0362171, 0362246, 0362299, 0362301, 0362444, 0362454, 0362456, 0362546, 0362550, 0362561, 0362604, 0362633, 0362634, 0362705, 0362712, 0362741, 0362752, 0362820, 0362874, 0362895, 0363006, 0363033, 0363144, 0363156, 0363271, 0363345, 0363402, 0363538, 0363645, 0363647, 0363751, 0363803, 0363910, 0363959, 0363968, 0363986, 0363991, 0364048, 0364086, 0364121, 0364199, 0364321, 0364353, 0364358, 0364369, 0364371, 0364505, 0364639, 0364737, 0364745, 0364815, 0364837, 0364882, 0364997, 0365055, 0365110, 0365273, 0365280, 0365295, 0365361, 0365496, 0365497, 0365534, 0365561, 0365597, 0365606, 0365699, 0365739, 0365856, 0365859, 0365995, 0366049, 0366050, 0366064, 0366066, 0366078, 0366143, 0366191, 0366200, 0366229, 0366230, 0366240, 0366252, 0366350, 0366378, 0366396, 0366566, 0366653, 0366704, 0366786, 0366825, 0366843, 0366852, 0367101, 0367120, 0367161, 0367178, 0367216, 0367380, 0367461, 0367504, 0367616, 0367618, 0367650, 0367665, 0367710, 0367711, 0367731, 0367773, 0367803, 0368048, 0368126, 0368187, 0368232, 0368287, 0368291, 0368380, 0368383, 0368402, 0368427, 0368549, 0368789, 0368810, 0368837, 0368978, 0368980, 0368994, 0369074, 0369106, 0369158, 0369356, 0369478, 0369494, 0369537, 0369547, 0369622, 0370031, 0370034, 0370097, 0370134, 0370150, 0370162, 0370217, 0370227, 0370272, 0370346, 0370396, 0370421, 0370458, 0370535, 0370544, 0370567, 0370587, 0370592, 0370703, 0370753, 0370777, 0370796, 0370875, 0371037, 0371080, 0371088, 0371120, 0371321, 0371358, 0371360, 0371395, 0371396, 0371421, 0371426, 0371459, 0371565, 0371580, 0371631, 0371751, 0371787, 0371946, 0371999, 0372098, 0372128, 0372190, 0372286, 0372286, 0372317, 0372320, 0372531, 0372559, 0372567, 0372571, 0372575, 0372580, 0372620, 0372697, 0372712, 0372738, 0372924, 0372976, 0372996, 0373006, 0373121, 0373142, 0373199, 0373326, 0373378, 0373594, 0373622, 0373645, 0373751, 0373758, 0373759, 0373856, 0373873, 0373908, 0374052, 0374063, 0374188, 0374398, 0374404, 0374421, 0374422, 0374423, 0374424, 0374534, 0374630, 0374637, 0374671, 0374746, 0374750, 0374805, 0374989, 0375003, 0375032, 0375120, 0375207, 0375213, 0375449, 0375494, 0375573, 0375684, 0375694, 0375733, 0375741, 0375747, 0375751, 0375801, 0375974, 0376003, 0376027, 0376041, 0376071, 0376131, 0376333, 0376414, 0376423, 0376425, 0376492, 0376512, 0376543, 0376731, 0376789, 0377008, 0377050, 0377121, 0377205, 0377266, 0377317, 0377352, 0377499, 0377628, 0377649, 0377896, 0378000, 0378124, 0378126, 0378137, 0378273, 0378357, 0378396, 0378414, 0378499, 0378506, 0378556, 0378590, 0378594, 0378596, 0378816, 0378842, 0378845, 0378983, 0379081, 0379088, 0379242, 0379272, 0379306, 0379424, 0379670, 0379764, 0379827, 0379843, 0379867, 0379868, 0379901, 0379922, 0379923, 0379929, 0380109, 0380216, 0380313, 0380354, 0380606, 0380673, 0380691, 0380742, 0380966, 0380967, 0380975, 0381024, 0381045, 0381138, 0381226, 0381251, 0381298, 0381328, 0381411, 0381425, 0381484, 0381505, 0381643, 0381673, 0381784, 0382260, 0382296, 0382407, 0382445, 0382468, 0382495, 0382537, 0382618, 0382636, 0382675, 0382677, 0382678, 0382745, 0382757, 0382794, 0382922, 0382939, 0382972, 0382985, 0383208, 0383240, 0383250, 0383262, 0383363, 0383390, 0383446, 0383603, 0383649, 0383697, 0383755, 0383786, 0383840, 0383870, 0383936, 0383988, 0384053, 0384083, 0384130, 0384152, 0384182, 0384198, 0384215, 0384287, 0384338, 0384458, 0384490, 0384543, 0384840, 0384844, 0384846, 0384857, 0384866, 0385022, 0385027, 0385034, 0385132, 0385134, 0385137, 0385147, 0385158, 0385182, 0385316, 0385477, 0385536, 0385684, 0385702, 0385823, 0385925, 0386014, 0386054, 0386058, 0386060, 0386122, 0386138, 0386250, 0386418, 0386458, 0386490, 0386547, 0386654, 0386812, 0386913, 0387041, 0387048, 0387070, 0387098, 0387103, 0387161, 0387166, 0387197, 0387359, 0387360, 0387372, 0387384, 0387385, 0387386, 0387387, 0387388, 0387396, 0387406, 0387474, 0387479, 0387502, 0387505, 0387507, 0387597, 0387629, 0387630, 0387643, 0387646, 0387658, 0387662, 0387668, 0387671, 0387681, 0387682, 0387703, 0387746, 0387747, 0387792, 0387797, 0387800, 0387801, 0387823, 0387845, 0387869, 0387903, 0387942, 0387943, 0387995, 0388004, 0388005, 0388030, 0388037, 0388046, 0388049, 0388052, 0388053, 0388071, 0388072, 0388092, 0388150, 0388168, 0388172, 0388174, 0388178, 0388197, 0388198, 0388204, 0388213, 0388234, 0388281, 0388284, 0388284, 0388308, 0388342, 0388351, 0388359, 0388393, 0388396, 0388400, 0388405, 0388414, 0388416, 0388460, 0388461, 0388479, 0388485, 0388503, 0388520, 0388552, 0388590, 0388592, 0388620, 0388647, 0388685, 0388694, 0388695, 0388697, 0388698, 0388725, 0388729, 0388731, 0388797, 0388812, 0388816, 0388819, 0388827, 0388831, 0388833, 0388838, 0388869, 0388870, 0388882, 0388899, 0388924, 0388936, 0389009, 0389023, 0389067, 0389071, 0389117, 0389142, 0389162, 0389183, 0389209, 0389220, 0389222, 0389250, 0389261, 0389275, 0389288, 0389290, 0389294, 0389318, 0389355, 0389356, 0389389, 0389397, 0389402, 0389487, 0389518, 0389519, 0389522, 0389599, 0389608, 0389630, 0389638, 0389645, 0389652, 0389654, 0389655, 0389668, 0389670, 0389671, 0389679, 0389680, 0389694, 0389695, 0389698, 0389773, 0389775, 0389821, 0389838, 0389840, 0389851, 0389863, 0389873, 0389947, 0389953, 0389955, 0389999, 0390002, 0390011, 0390026, 0390056, 0390075, 0390115, 0390116, 0390117, 0390126, 0390150, 0390179, 0390191, 0390196, 0390208, 0390211, 0390226, 0390230, 0390231, 0390233, 0390236, 0390242, 0390248, 0390317, 0390321, 0390352, 0390376, 0390392, 0390397, 0390398, 0390410, 0390419, 0390427, 0390428, 0390457, 0390469, 0390473, 0390497, 0390502, 0390506, 0390511, 0390512, 0390517, 0390550, 0390551, 0390552, 0390558, 0390565, 0390578, 0390586, 0390593, 0390600, 0390608, 0390610, 0390636, 0390637, 0390679, 0390686, 0390693, 0390715, 0390739, 0390763, 0390811, 0390914, 0390967, 0390971, 0390980, 0390981, 0390982, 0390984, 0390998, 0391035, 0391046, 0391049, 0391068, 0391091, 0391099, 0391122, 0391164, 0391184, 0391250, 0391253, 0391275, 0391298, 0391356, 0391417, 0391447, 0391496, 0391501, 0391563, 0391565, 0391570, 0391573, 0391575, 0391653, 0391656, 0391681, 0391684, 0391687, 0391694, 0391706, 0391739, 0391741, 0391762, 0391765, 0391800, 0391801, 0391806, 0391813, 0391815, 0391822, 0391827, 0391873, 0391884, 0391900, 0391902, 0391917, 0391919, 0391947, 0392024, 0392030, 0392032, 0392035, 0392044, 0392086, 0392129, 0392137, 0392168, 0392170, 0392251, 0392269, 0392284, 0392310, 0392348, 0392358, 0392379, 0392381, 0392509, 0392513, 0392516, 0392518, 0392519, 0392523, 0392526, 0392528, 0392530, 0392531, 0392544, 0392548, 0392561, 0392571, 0392582, 0392591, 0392601, 0392603, 0392624, 0392630, 0392643, 0392647, 0392656, 0392660, 0392661, 0392675, 0392691, 0392694, 0392710, 0392740, 0392766, 0392776, 0392780, 0392815, 0392850, 0392851, 0392855, 0392862, 0392891, 0392896, 0392929, 0392935, 0392944, 0392955, 0392982, 0393088, 0393102, 0393104, 0393164, 0393180, 0393224, 0393235, 0393240, 0393242, 0393271, 0393281, 0393323, 0393324, 0393331, 0393333, 0393343, 0393376, 0393393, 0393434, 0393437, 0393438, 0393475, 0393493, 0393497, 0393519, 0393537, 0393550, 0393568, 0393597, 0393598, 0393629, 0393635, 0393637, 0393666, 0393678, 0393694, 0393697, 0393700, 0393701, 0393702, 0393706, 0393755, 0393774, 0393812, 0393817, 0393818, 0393937, 0393942, 0393975, 0393981, 0393994, 0394000, 0394027, 0394030, 0394032, 0394034, 0394040, 0394042, 0394070, 0394072, 0394083, 0394084, 0394087, 0394106, 0394114, 0394146, 0394149, 0394152, 0394160, 0394187, 0394190, 0394199, 0394202, 0394213, 0394222, 0394232, 0394233, 0394248, 0394263, 0394296, 0394338, 0394342, 0394374, 0394425, 0394431, 0394433, 0394435, 0394460, 0394490, 0394510, 0394524, 0394525, 0394529, 0394580, 0394590, 0394591, 0394596, 0394601, 0394612, 0394615, 0394616, 0394650, 0394684, 0394706, 0394717, 0394719, 0394725, 0394732, 0394742, 0394744, 0394745, 0394750, 0394768, 0394771, 0394774, 0394801, 0394804, 0394811, 0394834, 0394850, 0394855, 0394879, 0394901, 0394916, 0394927, 0394951, 0394957, 0394965, 0395025, 0395046, 0395087, 0395091, 0395092, 0395096, 0395111, 0395120, 0395146, 0395150, 0395152, 0395153, 0395155, 0395178, 0395183, 0395185, 0395188, 0395190, 0395194, 0395195, 0395196, 0395239, 0395242, 0395244, 0395245, 0395267, 0395271, 0395272, 0395275, 0395278, 0395290, 0395310, 0395313, 0395329, 0395330, 0395332, 0395344, 0395345, 0395355, 0395361, 0395394, 0395401, 0395402, 0395437, 0395456, 0395459, 0395461, 0395463, 0395467, 0395472, 0395474, 0395488, 0395489, 0395498, 0395518, 0395540, 0395541, 0395544, 0395544, 0395550, 0395556, 0395596, 0395600, 0395601, 0395603, 0395604, 0395644, 0395660, 0395681, 0395684, 0395698, 0395706, 0395733, 0395738, 0395741, 0395760, 0395767, 0395813, 0395814, 0395815, 0395848, 0395849, 0395851, 0395856, 0395857, 0395894, 0395928, 0395933, 0395936, 0395938, 0395977, 0395995, 0396018, 0396028, 0396042, 0396044, 0396054, 0396055, 0396056, 0396057, 0396075, 0396091, 0396092, 0396110, 0396113, 0396114, 0396118, 0396150, 0396154, 0396155, 0396166, 0396167, 0396168, 0396176, 0396185, 0396189, 0396205, 0396206, 0396208, 0396220, 0396224, 0396241, 0396260, 0396263, 0396298, 0396301, 0396313, 0396314, 0396315, 0396326, 0396354, 0396361, 0396367, 0396373, 0396375, 0396385, 0396390, 0396424, 0396427, 0396440, 0396444, 0396448, 0396451, 0396453, 0396473, 0396474, 0396483, 0396490, 0396498, 0396505, 0396516, 0396521, 0396527, 0396528, 0396529, 0396531, 0396536, 0396555, 0396558, 0396564, 0396568, 0396587, 0396651, 0396655, 0396670, 0396676, 0396703, 0396739, 0396740, 0396747, 0396767, 0396771, 0396774, 0396779, 0396794, 0396797, 0396806, 0396808, 0396830, 0396852, 0396871, 0396874, 0396881, 0396882, 0396884, 0396891, 0396892, 0396893, 0396897, 0396898, 0396901, 0396902, 0396907, 0396909, 0396917, 0396918, 0396946, 0396948, 0396957, 0396959, 0396962, 0396975, 0396986, 0396992, 0396993, 0396994, 0396995, 0396996, 0397007, 0397008, 0397037, 0397041, 0397061, 0397086, 0397098, 0397101, 0397103, 0397123, 0397126, 0397153, 0397184, 0397187, 0397266, 0397268, 0397285, 0397296, 0397301, 0397335, 0397339, 0397340, 0397342, 0397370, 0397378, 0397381, 0397382, 0397384, 0397390, 0397398, 0397402, 0397408, 0397445, 0397456, 0397469, 0397470, 0397507, 0397526, 0397561, 0397565, 0397573, 0397581, 0397593, 0397596, 0397599, 0397613, 0397625, 0397628, 0397631, 0397636, 0397661, 0397671, 0397672, 0397673, 0397680, 0397684, 0397686, 0397726, 0397727, 0397731, 0397745, 0397748, 0397753, 0397758, 0397759, 0397808, 0397817, 0397830, 0397831, 0397859, 0397862, 0397864, 0397875, 0397876, 0397877, 0397882, 0397892, 0397903, 0397913, 0397921, 0397924, 0397939, 0397940, 0397958, 0397962, 0397969, 0397973, 0397974, 0397987, 0398037, 0398042, 0398064, 0398077, 0398080, 0398085, 0398137, 0398145, 0398147, 0398166, 0398170, 0398178, 0398185, 0398193, 0398223, 0398225, 0398268, 0398283, 0398285, 0398324, 0398325, 0398346, 0398351, 0398361, 0398365, 0398391, 0398400, 0398430, 0398514, 0398519, 0398521, 0398543, 0398556, 0398567, 0398580, 0398581, 0398591, 0398608, 0398609, 0398610, 0398620, 0398648, 0398649, 0398652, 0398653, 0398660, 0398670, 0398703, 0398704, 0398753, 0398760, 0398768, 0398799, 0398800, 0398801, 0398816, 0398829, 0398842, 0398861, 0398874, 0398880, 0398882, 0398883, 0398927, 0398934, 0398951, 0398952, 0398962, 0398979, 0398984, 0399011, 0399053, 0399074, 0399085, 0399099, 0399104, 0399157, 0399160, 0399162, 0399163, 0399166, 0399167, 0399174, 0399185, 0399206, 0399215, 0399234, 0399259, 0399274, 0399282, 0399283, 0399285, 0399286, 0399296, 0399335, 0399342, 0399344, 0399350, 0399357, 0399363, 0399366, 0399383, 0399384, 0399398, 0399401, 0399422, 0399457, 0399463, 0399465, 0399494, 0399495, 0399503, 0399504, 0399509, 0399510, 0399533, 0399536, 0399543, 0399548, 0399551, 0399556, 0399610, 0399620, 0399626, 0399684, 0399694, 0399699, 0399701, 0399704, 0399705, 0399727, 0399729, 0399743, 0399767, 0399809, 0399887, 0399914, 0399925, 0399941, 0399985, 0400006, 0400044, 0400045, 0400099, 0400101, 0400107, 0400134, 0400167, 0400189, 0400206, 0400214, 0400283, 0400334, 0400347, 0400349, 0400350, 0400367, 0400384, 0400385, 0400388, 0400401, 0400413, 0400414, 0400418, 0400425, 0400428, 0400439, 0400440, 0400454, 0400462, 0400463, 0400471, 0400473, 0400474, 0400480, 0400488, 0400505, 0400514, 0400515, 0400526, 0400536, 0400537, 0400540, 0400543, 0400573, 0400603, 0400647, 0400671, 0400674, 0400678, 0400680, 0400681, 0400705, 0400731, 0400743, 0400748, 0400750, 0400751, 0400752, 0400754, 0400758, 0400765, 0400767, 0400784, 0400807, 0400808, 0400832, 0400835, 0400836, 0400867, 0400877, 0400885, 0400912, 0400928, 0400932, 0400935, 0400939, 0400940, 0400945, 0400967, 0400979, 0400991, 0400993, 0401014, 0401023, 0401026, 0401028, 0401029, 0401030, 0401034, 0401044, 0401047, 0401049, 0401051, 0401052, 0401073, 0401076, 0401087, 0401099, 0401100, 0401106, 0401108, 0401120, 0401123, 0401130, 0401137, 0401145, 0401147, 0401152, 0401158, 0401187, 0401207, 0401224, 0401227, 0401238, 0401254, 0401259, 0401265, 0401267, 0401271, 0401272, 0401336, 0401340, 0401349, 0401384, 0401389, 0401405, 0401407, 0401409, 0401424, 0401438, 0401443, 0401444, 0401466, 0401468, 0401475, 0401478, 0401507, 0401523, 0401525, 0401530, 0401538, 0401568, 0401584, 0401593, 0401596, 0401597, 0401599, 0401601, 0401602, 0401606, 0401612, 0401613, 0401623, 0401625, 0401633, 0401643, 0401645, 0401649, 0401655, 0401660, 0401696, 0401705, 0401707, 0401723, 0401735, 0401763, 0401797, 0401822, 0401875, 0401876, 0402001, 0402010, 0402011, 0402012, 0402015, 0402018, 0402019, 0402021, 0402023, 0402028, 0402045, 0402058, 0402067, 0402078, 0402083, 0402085, 0402092, 0402097, 0402113, 0402117, 0402118, 0402119, 0402147, 0402161, 0402162, 0402178, 0402180, 0402181, 0402189, 0402194, 0402199, 0402201, 0402205, 0402218, 0402220, 0402248, 0402262, 0402267, 0402276, 0402283, 0402298, 0402317, 0402323, 0402365, 0402418, 0402427, 0402436, 0402460, 0402474, 0402490, 0402495, 0402497, 0402509, 0402522, 0402546, 0402558, 0402561, 0402585, 0402589, 0402593, 0402597, 0402603, 0402615, 0402654, 0402659, 0402707, 0402729, 0402744, 0402755, 0402759, 0402774, 0402787, 0402823, 0402829, 0402860, 0402865, 0402894, 0402899, 0402947, 0402990, 0403029, 0403030, 0403067, 0403070, 0403078, 0403099, 0403105, 0403118, 0403148, 0403176, 0403191, 0403204, 0403206, 0403208, 0403227, 0403247, 0403248, 0403252, 0403254, 0403275, 0403304, 0403315, 0403327, 0403333, 0403336, 0403363, 0403364, 0403367, 0403370, 0403371, 0403372, 0403381, 0403393, 0403404, 0403423, 0403448, 0403449, 0403492, 0403501, 0403503, 0403504, 0403521, 0403547, 0403548, 0403549, 0403558, 0403602, 0403603, 0403612, 0403614, 0403628, 0403660, 0403673, 0403693, 0403732, 0403737, 0403761, 0403768, 0403782, 0403809, 0403878, 0403899, 0403900, 0403917, 0403918, 0403921, 0403931, 0403932, 0403961, 0403963, 0403985, 0403989, 0403992, 0403998, 0404006, 0404027, 0404035, 0404044, 0404058, 0404082, 0404107, 0404110, 0404111, 0404121, 0404152, 0404166, 0404191, 0404192, 0404194, 0404198, 0404224, 0404232, 0404271, 0404286, 0404290, 0404322, 0404331, 0404355, 0404371, 0404451, 0404474, 0404518, 0404534, 0404536, 0404537, 0404538, 0404599, 0404615, 0404629, 0404632, 0404636, 0404644, 0404646, 0404675, 0404679, 0404694, 0404711, 0404745, 0404753, 0404755, 0404763, 0404820, 0404845, 0404850, 0404864, 0404890, 0404918, 0404963, 0404996, 0405005, 0405048, 0405055, 0405070, 0405090, 0405094, 0405145, 0405152, 0405164, 0405170, 0405213, 0405216, 0405226, 0405230, 0405233, 0405270, 0405276, 0405289, 0405353, 0405363, 0405386, 0405395, 0405396, 0405398, 0405402, 0405404, 0405410, 0405423, 0405435, 0405438, 0405443, 0405449, 0405450, 0405468, 0405475, 0405480, 0405485, 0405486, 0405510, 0405541, 0405544, 0405553, 0405572, 0405592, 0405594, 0405606, 0405609, 0405670, 0405671, 0405696, 0405699, 0405701, 0405705, 0405714, 0405716, 0405730, 0405743, 0405775, 0405783, 0405791, 0405812, 0405818, 0405886, 0405919, 0405930, 0405997, 0406067, 0406069, 0406074, 0406084, 0406088, 0406092, 0406094, 0406125, 0406142, 0406145, 0406147, 0406149, 0406156, 0406169, 0406171, 0406175, 0406177, 0406193, 0406212, 0406233, 0406241, 0406243, 0406251, 0406264, 0406267, 0406269, 0406274, 0406295, 0406299, 0406301, 0406304, 0406311, 0406359, 0406362, 0406364, 0406369, 0406375, 0406382, 0406405, 0406407, 0406423, 0406425, 0406444, 0406449, 0406454, 0406459, 0406461, 0406486, 0406488, 0406490, 0406493, 0406519, 0406597, 0406601, 0406602, 0406611, 0406617, 0406633, 0406637, 0406639, 0406640, 0406666, 0406667, 0406668, 0406708, 0406717, 0406718, 0406725, 0406739, 0406755, 0406764, 0406776, 0406778, 0406794, 0406827, 0406849, 0406871, 0406887, 0406893, 0406928, 0406930, 0406944, 0406948, 0406956, 0407039, 0407053, 0407095, 0407107, 0407108, 0407116, 0407153, 0407214, 0407224, 0407230, 0407263, 0407281, 0407284, 0407358, 0407370, 0407375, 0407376, 0407378, 0407404, 0407407, 0407438, 0407476, 0407485, 0407530, 0407539, 0407544, 0407555, 0407561, 0407594, 0407629, 0407630, 0407634, 0407642, 0407644, 0407699, 0407704, 0407705, 0407756, 0407763, 0407815, 0407820, 0407824, 0407825, 0407827, 0407864, 0407874, 0407891, 0407911, 0407913, 0407990, 0408032, 0408035, 0408036, 0408042, 0408046, 0408049, 0408050, 0408070, 0408103, 0408107, 0408119, 0408146, 0408147, 0408148, 0408152, 0408154, 0408159, 0408168, 0408170, 0408212, 0408230, 0408292, 0408335, 0408340, 0408341, 0408348, 0408362, 0408371, 0408373, 0408400, 0408451, 0408539, 0408614, 0408620, 0408621, 0408669, 0408755, 0408771, 0408773, 0408799, 0408827, 0408830, 0408841, 0408867, 0408894, 0408932, 0408934, 0408950, 0408951, 0409000, 0409024, 0409027, 0409033, 0409070, 0409076, 0409086, 0409097, 0409103, 0409110, 0409117, 0409120, 0409155, 0409167, 0409197, 0409198, 0409199, 0409208, 0409250, 0409267, 0409292, 0409300, 0409326, 0409327, 0409364, 0409375, 0409380, 0409382, 0409422, 0409424, 0409428, 0409432, 0409463, 0409468, 0409531, 0409533, 0409548, 0409575, 0409601, 0409621, 0409635, 0409641, 0409658, 0409662, 0409664, 0409712, 0409725, 0409736, 0409737, 0409743, 0409763, 0409772, 0409779, 0409782, 0409807, 0409816, 0409861, 0409915, 0410073, 0410113, 0410138, 0410159, 0410160, 0410178, 0410236, 0410239, 0410260, 0410281, 0410305, 0410354, C0370705, C0371295, C0376530, C0379189, C0379841, C0387364, C0387430, C0387577, C0387743, C0387909, C0387996, C0388068, C0388145, C0388146, C0388313, C0388511, C0388675, C0389147, C0389148, C0389330, C0389497, C0389656, C0389897, C0389998, C0390041, C0390046, C0390049, C0390158, C0390159, C0390318, C0390673, C0390793, C0390801, C0390977, C0391009, C0391543, C0391594, C0391732, C0391892, C0391933, C0391946, C0391952, C0392206, C0392286, C0392640, C0392717, C0392824, C0392836, C0393133, C0393134, C0393314, C0393316, C0393371, C0393397, C0393420, C0393433, C0393481, C0393482, C0393979, C0394056, C0394291, C0394292, C0394293, C0394294, C0394470, C0394521, C0394679, C0394726, C0395056, C0395070, C0395072, C0395081, C0395166, C0395283, C0395384, C0395450, C0395480, C0395482, C0395484, C0395486, C0395511, C0395513, C0395639, C0395983, C0395984, C0396021  C0396105, C0396111, C0396124, C0396896, C0397006, C0397127  C0397170, C0397177, C0397343, C0397388, C0397391, C0397576, C0397641, C0397716, C0397738, C0397746, C0397920, C0397957, C0398187, C0398245, C0398246, C0398247, C0398248, C0398249, C0398657, C0398731, C0398769, C0399089, C0399138, C0399159, C0399182, C0399450, C0399451, C0399452, C0399453, C0399514, C0399516, C0399517, C0399622, C0399624, C0399643, C0399996, C0400022, C0400093, C0400130, C0400137, C0400144, C0400147, C0400153, C0400156, C0400159, C0400160, C0400161, C0400163, C0400166, C0400199, C0400208, C0400262, C0400305, C0400340, C0400346, C0400354, C0400355, C0400356, C0400378, C0400400, C0400426, C0400479, C0400492, C0400572, C0400655, C0400684, C0400691, C0400866, C0400873, C0400879, C0400887, C0400915, C0401377, C0401379, C0401411, C0401422, C0401457, C0401536, C0401676, C0401750, C0401879, C0401882, C0401885, C0401886, C0401980, C0402065, C0402098, C0402187, C0402233, C0402264, C0402338, C0402596, C0402608, C0402677, C0402703, C0402984, C0403242, C0403295, C0403509, C0403513, C0403598, C0403601, C0403604, C0403613, C0403648, C0403775, C0403827, C0403833, C0403839, C0403841, C0403842, C0403843, C0403845, C0403846, C0403852, C0403928, C0403949, C0404000, C0404007, C0404028, C0404072, C0404127, C0404311, C0404342, C0404445, C0404492, C0404498, C0404505, C0404591, C0404773, C0404774, C0404776, C0404780, C0404784, C0404791, C0404980, C0404981, C0404987, C0405008, C0405009, C0405010, C0405011, C0405014, C0405015, C0405088, C0405212, C0405295, C0405344, C0405442, C0405496, C0405550, C0405813, C0405873, C0405877, C0405981, C0406004, C0406007, C0406009, C0406014, C0406018, C0406020, C0406022, C0406024, C0406026, C0406028, C0406030, C0406100, C0406276, C0406309, C0406324, C0406386, C0406421, C0406432, C0406572, C0406751, C0406781, C0406785, C0406792, C0406831, C0406872, C0406955, C0406978, C0407080, C0407256, C0407788, C0407814, C0407884, C0407942, C0408003, C0408210, C0408589, C0408754, C0408805, C0409092, C0409122, C0409443, C0409775, C0409777, N0388420, N0398607"
Veterinary,No,,60891,Terminated,Cargill Inc Animal Nutrition Division,16 Feed Mill Rd,N/A,Lecompte,LA,	71346-9518,United States,Voluntary: Firm initiated,Telephone,"LA, MS, TN",V-170-2012,Class I,"Nature Wise CHICK STARTER GROWER 18% CRUMBLES (LL), 91577-25LL 1110, NET WEIGHT 25 LB (11.33 kg), UPC:  722304275631 and 91577LL, NET WEIGHT 50 LB (22.67 kg), UPC:  none, NUTRENA, GENERAL OFFICE, MINNEAPOLIS, MN  55440",786 units,Animal feeds may have Aflatoxin levels above the legal limit.,12/15/2011,07/17/2012,12/12/2012,07/25/2012,"date codes:  4K1249 through 4K1335; actual date codes distributed:  1200, 1202, 1207, 1221, 1229, 1230, 1236, 1266, 1319"
Veterinary,No,,60891,Terminated,Cargill Inc Animal Nutrition Division,16 Feed Mill Rd,N/A,Lecompte,LA,	71346-9518,United States,Voluntary: Firm initiated,Telephone,"LA, MS, TN",V-171-2012,Class I,"Nature Wise MEAT BIRD 22% CRUMBLES (LL), 91585-40LL, NET WEIGHT 40 LB (18.14 kg), UPC:  722304275754 and 91585 LL 1101, NET WEIGHT 50 LB (22.67 kg), UPC:  none, NUTRENA, GENERAL OFFICE, MINNEAPOLIS, MN  55440",351 units,Animal feeds may have Aflatoxin levels above the legal limit.,12/15/2011,07/17/2012,12/12/2012,07/25/2012,"date codes:  4K1249 through 4K1335; actual date codes distributed:  1182, 1194, 1199, 1235, 1236, 1277, 1326"
Veterinary,No,,60891,Terminated,Cargill Inc Animal Nutrition Division,16 Feed Mill Rd,N/A,Lecompte,LA,	71346-9518,United States,Voluntary: Firm initiated,Telephone,"LA, MS, TN",V-172-2012,Class I,"DUMOR(R) CHICK STARTER/GROWER 20% CR (LL), 93971 LL, NET WEIGHT 20 LB (9.07 kg), UPC: 749394067411 and 93978 LL 1006, NET WEIGHT 50 LB (22.67 kg), ON BAG OR BULK, UPC: 749394067404, DISTRIBUTED BY:  TRACTOR SUPPLY COMPANY, 200 POWELL PLACE, BRENTWOOD, TN  37027",3757 units,Animal feeds may have Aflatoxin levels above the legal limit.,12/15/2011,07/17/2012,12/12/2012,07/25/2012,"date codes:  4K1249 through 4K1335; actual date codes distributed:  1193, 1234"
Veterinary,No,,60891,Terminated,Cargill Inc Animal Nutrition Division,16 Feed Mill Rd,N/A,Lecompte,LA,	71346-9518,United States,Voluntary: Firm initiated,Telephone,"LA, MS, TN",V-173-2012,Class I,"DUMOR(R) POULTRY GRO/FINISH 15% (LL), 93975 LL,  NET WEIGHT ON BAG OR BULK, DISTRIBUTED BY:  TRACTOR SUPPLY COMPANY, 200 POWELL PLACE, BRENTWOOD, TN  37027, UPC:  749394067374",2488 units,Animal feeds may have Aflatoxin levels above the legal limit.,12/15/2011,07/17/2012,12/12/2012,07/25/2012,date codes:  4K1249 through 4K1335; actual date code distributed:  1192
Veterinary,No,,60891,Terminated,Cargill Inc Animal Nutrition Division,16 Feed Mill Rd,N/A,Lecompte,LA,	71346-9518,United States,Voluntary: Firm initiated,Telephone,"LA, MS, TN",V-174-2012,Class I,"Nutrena(R) NATUREWISE(R) CRACKED CORN (25#) (LL) 91868-25 LL1006, NET WEIGHT 25 LB (11.33 kg), UPC:  722304029036 and 91868 LL, NET WEIGHT 50 LB (22.67 kg), UPC:  72230429036, NUTRENA, GENERAL OFFICE, MINNEAPOLIS, MN  55440",7984 units,Animal feeds may have Aflatoxin levels above the legal limit.,12/15/2011,07/17/2012,12/12/2012,07/25/2012,"date codes:  4K1249 through 4K1335; actual date codes distributed:  1159, 1195, 1196, 1201, 1209, 1210, 1216, 1222, 1224, 1229, 1230, 1237, 1264, 1265, 1301, 1318, 1326"
Veterinary,No,,60891,Terminated,Cargill Inc Animal Nutrition Division,16 Feed Mill Rd,N/A,Lecompte,LA,	71346-9518,United States,Voluntary: Firm initiated,Telephone,"LA, MS, TN",V-175-2012,Class I,"Producer's PRIDE CRACKED CORN (LL), 93951 LL, NET WEIGHT ON BAG OR BULK, DISTRIBUTED BY:  TRACTOR SUPPLY COMPANY, 200 POWELL PLACE, BRENTWOOD, TN  37027, UPC:  750889222030",13680 units,Animal feeds may have Aflatoxin levels above the legal limit.,12/15/2011,07/17/2012,12/12/2012,07/25/2012,date codes:  4K1249 through 4K1335; actual date code distributed:  1202
Veterinary,No,,60891,Terminated,Cargill Inc Animal Nutrition Division,16 Feed Mill Rd,N/A,Lecompte,LA,	71346-9518,United States,Voluntary: Firm initiated,Telephone,"LA, MS, TN",V-176-2012,Class I,"Producers's PRIDE WHOLE CORN (LL), 93952 LL, NET WEIGHT ON BAG OR BULK, DISTRIBUTED BY:  TRACTOR SUPPLY COMPANY, 200 POWELL PLACE, BRENTWOOD, TN  37027, UPC:  749394016333",21120 units,Animal feeds may have Aflatoxin levels above the legal limit.,12/15/2011,07/17/2012,12/12/2012,07/25/2012,date codes:  4K1249 through 4K1335; actual date code distributed:  1182
Veterinary,No,,60891,Terminated,Cargill Inc Animal Nutrition Division,16 Feed Mill Rd,N/A,Lecompte,LA,	71346-9518,United States,Voluntary: Firm initiated,Telephone,"LA, MS, TN",V-177-2012,Class I,"ACCO FEEDS(R) SHOWMASTER(R) CALF GROWER (B13.6) (LL) MEDICATED, 10568-B LL , NET WEIGHT ON BAG OR BULK, ACCO FEEDS, GENERAL OFFICE, MINNEAPOLIS, MN  55440, UPC:  722304042103",781 units,Animal feeds may have Aflatoxin levels above the legal limit.,12/15/2011,07/17/2012,12/12/2012,07/25/2012,"date codes:  4K1249 through 4K1335; Actual date codes distributed: 1208, 1229, 1257, 1278, 1305, 1333"
Veterinary,No,,61805,Terminated,Natural Balance Pet Food Inc.,12924 Pierce St,N/A,Pacoima,CA,	91331-2526,United States,Voluntary: Firm initiated,Letter,"Nationwide:  PA, NC, AL, FL, OH, WI, MN, IL, MI, NJ, GA, TX, MA, CA    Worldwide:  Taiwan, Israel, and Canada.",V-178-2012,Class I,5 LB Natural Balance Sweet Potato & Venison Dog UPC# 7-23633-88650-5,"4,212 units",The recall was initiated because Natural Balance Pet Foods has confirmed that certain dry pet food formulas manufactured by Diamond Pet Foods may be contaminated with Salmonella.,05/04/2012,07/17/2012,03/15/2013,07/25/2012,"UPC# 7-23633-88650-5,     Lot Code NBH1202 Best By Date: December 12, 2012; December 13, 2012.    Lot Code NBH0103 Best By Date: March 13, 2013."
Veterinary,No,,61805,Terminated,Natural Balance Pet Food Inc.,12924 Pierce St,N/A,Pacoima,CA,	91331-2526,United States,Voluntary: Firm initiated,Letter,"Nationwide:  PA, NC, AL, FL, OH, WI, MN, IL, MI, NJ, GA, TX, MA, CA    Worldwide:  Taiwan, Israel, and Canada.",V-179-2012,Class I,15 LB Natural Balance Sweet Potato & Venison Dog,"8,568 units",The recall was initiated because Natural Balance Pet Foods has confirmed that certain dry pet food formulas manufactured by Diamond Pet Foods may be contaminated with Salmonella.,05/04/2012,07/17/2012,03/15/2013,07/25/2012,"UPC# 7-23633-88615-4,     Lot Code NBH0101 Best By Date: March 5, 2013; March 6, 2013.  Lot Code NBH1202 Best By Date: December 12, 2012; December 13, 2012.  Lot Code NBH1203 Best By Date: December 13, 2012; December 14, 2012."
Veterinary,No,,61805,Terminated,Natural Balance Pet Food Inc.,12924 Pierce St,N/A,Pacoima,CA,	91331-2526,United States,Voluntary: Firm initiated,Letter,"Nationwide:  PA, NC, AL, FL, OH, WI, MN, IL, MI, NJ, GA, TX, MA, CA    Worldwide:  Taiwan, Israel, and Canada.",V-180-2012,Class I,28 LB Natural Balance Sweet Potato & Venison Dog,"28,652 units",The recall was initiated because Natural Balance Pet Foods has confirmed that certain dry pet food formulas manufactured by Diamond Pet Foods may be contaminated with Salmonella.,05/04/2012,07/17/2012,03/15/2013,07/25/2012,"UPC# 7-23633-88628-4,     Lot Code NBH0101 Best By Date: March 5, 2013; March 6, 2013.  Lot Code NBH0102 Best By Date: March 7, 2013; March 8, 2013.  Lot Code NBH0103 Best By Date: March 12, 2013.  Lot Code NBH1202 Best By Date: December 12, 2012; December 13, 2012. Lot Code NBH1203 Best By Date: December 13, 2012; December 14, 2012."
Veterinary,No,,61805,Terminated,Natural Balance Pet Food Inc.,12924 Pierce St,N/A,Pacoima,CA,	91331-2526,United States,Voluntary: Firm initiated,Letter,"Nationwide:  PA, NC, AL, FL, OH, WI, MN, IL, MI, NJ, GA, TX, MA, CA    Worldwide:  Taiwan, Israel, and Canada.",V-181-2012,Class I,5 LB Natural Balance Lamb Meal & Brown Rice Dog,"5,298 units",The recall was initiated because Natural Balance Pet Foods has confirmed that certain dry pet food formulas manufactured by Diamond Pet Foods may be contaminated with Salmonella.,05/04/2012,07/17/2012,03/15/2013,07/25/2012,"UPC# 7-23633-78755-0,     Lot Code NBR1202 Best By Date: December 10, 2012.  Lot Code NBR1203 Best By Date: December 21, 2012; December 22, 2012."
Veterinary,No,,61805,Terminated,Natural Balance Pet Food Inc.,12924 Pierce St,N/A,Pacoima,CA,	91331-2526,United States,Voluntary: Firm initiated,Letter,"Nationwide:  PA, NC, AL, FL, OH, WI, MN, IL, MI, NJ, GA, TX, MA, CA    Worldwide:  Taiwan, Israel, and Canada.",V-182-2012,Class I,15 LB Natural Balance Lamb Meal & Brown Rice Dog,"3,164 units",The recall was initiated because Natural Balance Pet Foods has confirmed that certain dry pet food formulas manufactured by Diamond Pet Foods may be contaminated with Salmonella.,05/04/2012,07/17/2012,03/15/2013,07/25/2012,"UPC# 7-23633-78715-4,     Lot Code NBR1202 Best By Date: December 10, 2012;   Lot Code NBR1203 Best By Date: December 21, 2012; December 22, 2012."
Veterinary,No,,61805,Terminated,Natural Balance Pet Food Inc.,12924 Pierce St,N/A,Pacoima,CA,	91331-2526,United States,Voluntary: Firm initiated,Letter,"Nationwide:  PA, NC, AL, FL, OH, WI, MN, IL, MI, NJ, GA, TX, MA, CA    Worldwide:  Taiwan, Israel, and Canada.",V-183-2012,Class I,28 LB Natural Balance Lamb Meal & Brown Rice Dog,"6,190 units",The recall was initiated because Natural Balance Pet Foods has confirmed that certain dry pet food formulas manufactured by Diamond Pet Foods may be contaminated with Salmonella.,05/04/2012,07/17/2012,03/15/2013,07/25/2012,"UPC# 7-23633-78728-4,     Lot Code NBR1202 Best By Date: December 10, 2012;  Lot Code NBR1203 Best By Date: December 21, 2012; December 22, 2012."
Veterinary,No,,61805,Terminated,Natural Balance Pet Food Inc.,12924 Pierce St,N/A,Pacoima,CA,	91331-2526,United States,Voluntary: Firm initiated,Letter,"Nationwide:  PA, NC, AL, FL, OH, WI, MN, IL, MI, NJ, GA, TX, MA, CA    Worldwide:  Taiwan, Israel, and Canada.",V-184-2012,Class I,5 LB Natural Balance Sweet Potato & Bison Dog,"6,696 units",The recall was initiated because Natural Balance Pet Foods has confirmed that certain dry pet food formulas manufactured by Diamond Pet Foods may be contaminated with Salmonella.,05/04/2012,07/17/2012,03/15/2013,07/25/2012,"UPC# 7-23633-65553-8,     Lot Code NBT1202 Best By Date: December 17, 2012; December 18, 2012;  Lot Code NBT1203 Best By Date: December 28, 2012; December 29, 2012."
Veterinary,No,,61805,Terminated,Natural Balance Pet Food Inc.,12924 Pierce St,N/A,Pacoima,CA,	91331-2526,United States,Voluntary: Firm initiated,Letter,"Nationwide:  PA, NC, AL, FL, OH, WI, MN, IL, MI, NJ, GA, TX, MA, CA    Worldwide:  Taiwan, Israel, and Canada.",V-185-2012,Class I,15 LB Natural Balance Sweet Potato & Bison Dog,"6,723 units",The recall was initiated because Natural Balance Pet Foods has confirmed that certain dry pet food formulas manufactured by Diamond Pet Foods may be contaminated with Salmonella.,05/04/2012,07/17/2012,03/15/2013,07/25/2012,"UPC# 7-23633-61718-5,     Lot Code NBT1201 Best By Date: December 9, 2012;  Lot Code NBT1202 Best By Date: December 17, 2012; December 18, 2012; Lot Code NBT1203 Best By Date: December 28, 2012; December 29, 2012."
Veterinary,No,,61805,Terminated,Natural Balance Pet Food Inc.,12924 Pierce St,N/A,Pacoima,CA,	91331-2526,United States,Voluntary: Firm initiated,Letter,"Nationwide:  PA, NC, AL, FL, OH, WI, MN, IL, MI, NJ, GA, TX, MA, CA    Worldwide:  Taiwan, Israel, and Canada.",V-186-2012,Class I,28 LB Natural Balance Sweet Potato & Bison Dog,"7,355 units",The recall was initiated because Natural Balance Pet Foods has confirmed that certain dry pet food formulas manufactured by Diamond Pet Foods may be contaminated with Salmonella.,05/04/2012,07/17/2012,03/15/2013,07/25/2012,"UPC# 7-23633-63031-3,     Lot Code NBT1201 Best By Date: December 9, 2012   Lot Code NBT1202 Best By Date: December 17, 2012; December 18, 2012; Lot Code NBT1203 Best By Date: December 28, 2012; December 29, 2012."
Veterinary,No,,61805,Terminated,Natural Balance Pet Food Inc.,12924 Pierce St,N/A,Pacoima,CA,	91331-2526,United States,Voluntary: Firm initiated,Letter,"Nationwide:  PA, NC, AL, FL, OH, WI, MN, IL, MI, NJ, GA, TX, MA, CA    Worldwide:  Taiwan, Israel, and Canada.",V-187-2012,Class I,5 LB Natural Balance Vegetarian Dog,"2,730 units",The recall was initiated because Natural Balance Pet Foods has confirmed that certain dry pet food formulas manufactured by Diamond Pet Foods may be contaminated with Salmonella.,05/04/2012,07/17/2012,03/15/2013,07/25/2012,"UPC# 7-23633-80855-2,     Lot Code NBV1201 Best By Date: December 9, 2012."
Veterinary,No,,61805,Terminated,Natural Balance Pet Food Inc.,12924 Pierce St,N/A,Pacoima,CA,	91331-2526,United States,Voluntary: Firm initiated,Letter,"Nationwide:  PA, NC, AL, FL, OH, WI, MN, IL, MI, NJ, GA, TX, MA, CA    Worldwide:  Taiwan, Israel, and Canada.",V-188-2012,Class I,28 LB Natural Balance Lamb Meal & Brown Rice Dog Large Breed Bites,"2,700 units",The recall was initiated because Natural Balance Pet Foods has confirmed that certain dry pet food formulas manufactured by Diamond Pet Foods may be contaminated with Salmonella.,05/04/2012,07/17/2012,03/15/2013,07/25/2012,"UPC# 7-23633-44443-9,     Lot Code NLB1202 Best By Date: December 12, 2012;  Lot Code NLB1203 Best By Date: December 20, 2012; December 21, 2012."
Veterinary,No,,61805,Terminated,Natural Balance Pet Food Inc.,12924 Pierce St,N/A,Pacoima,CA,	91331-2526,United States,Voluntary: Firm initiated,Letter,"Nationwide:  PA, NC, AL, FL, OH, WI, MN, IL, MI, NJ, GA, TX, MA, CA    Worldwide:  Taiwan, Israel, and Canada.",V-189-2012,Class I,5 LB Natural Balance Lamb Meal & Brown Rice Dog Small Breed Bites,"2,952 units",The recall was initiated because Natural Balance Pet Foods has confirmed that certain dry pet food formulas manufactured by Diamond Pet Foods may be contaminated with Salmonella.,05/04/2012,07/17/2012,03/15/2013,07/25/2012,"UPC# 7-23633-42300-7,     Lot Code NSL1201 Best By Date: December 21, 2012."
Veterinary,No,,61805,Terminated,Natural Balance Pet Food Inc.,12924 Pierce St,N/A,Pacoima,CA,	91331-2526,United States,Voluntary: Firm initiated,Letter,"Nationwide:  PA, NC, AL, FL, OH, WI, MN, IL, MI, NJ, GA, TX, MA, CA    Worldwide:  Taiwan, Israel, and Canada.",V-190-2012,Class I,12.5 LB Natural Balance Lamb Meal & Brown Rice Dog Small Breed Bites,"1,816 units",The recall was initiated because Natural Balance Pet Foods has confirmed that certain dry pet food formulas manufactured by Diamond Pet Foods may be contaminated with Salmonella.,05/04/2012,07/17/2012,03/15/2013,07/25/2012,"UPC# 7-23633-42301-4,     Lot Code NSL1201 Best By Date: December 21, 2012."
Veterinary,No,,61507,Terminated,Hartz Mountain Corp.,400 Plaza Dr,N/A,Secaucus,NJ,	07094-3605,United States,Voluntary: Firm initiated,Press Release,Nationwide,V-191-2012,Class I,"Wardley Advanced Nutrition Perfect Protein Tropical Fish Flake Food Net Wt. 1 OZ. (28 g) UPC 0-43324-00591-7  Made in the USA by The Hartz Mountain Corporation Secaucus, New Jersey 07094","7,056 containers",Fish food may be contaminated with Salmonella,03/29/2012,08/02/2012,03/25/2014,08/08/2012,"Lot PP34911, PP34912, PP35011, and PP35012"
Veterinary,No,,61806,Terminated,Wellpet Llc,200 Ames Pond Dr,N/A,Tewksbury,MA,	01876-1290,United States,Voluntary: Firm initiated,"Two or more of the following: Email, Fax, Letter, Press Release, Telephone, Visit",Nationwide  Canada,V-192-2012,Class I,"Wellness Complete Health Super5Mix Large Breed Puppy, packaged in:  15 lb. and 30 lb. bags and 5 oz. sample bags   Product Code: 89591   UPC: 4 00 76344 89591 4    Super5Mix Large Breed Puppy 12/5oz;.  Product Code: 89114    UPC: 0 76344 89114 7   Super5Mix Large Breed Puppy 15 lb.;  Product Code: 89115  UPC: 0 76344 89115 4  Super5Mix Large Breed Puppy 30 lb.  ","10,308 units",Product maybe potentially contaminated with salmonella (manufactured by Diamond Pet Foods),05/04/2012,08/02/2012,07/14/2015,08/08/2012,Best by dates of JAN 9 2013 through JAN 11 2013.
Veterinary,No,,61748,Terminated,Central Garden & Pet Company,301 West Osborn Road,Phoenix,,AZ,	85013,United States,Voluntary: Firm initiated,Letter,"Nationwide including Puerto Rico.  OUS to include:  Abu Dhabi, Argentina, Australia, Brazil, Brunei, Canada, China, Costa Rica, Czechoslovakia, Dominican Republic, Dutch Antilles, Finland, Germany, Great Britain, Greece, Guam, Honduras, Hong Kong, Ireland, Israel, Japan, Korea, Kuwait, Mexico, New Zealand, Pakistan, Panama, Russia, Singapore, South Africa, Sweden, Thailand, and Trinidad.",V-193-2012,Class I,"Kaytee Forti-Diet Pro Health Mouse, Rat & Hamster, with DHA Omega-3 supports Heart, Brain  & Visual Functions.  Nutritionally Enhanced Daily Diet for a long, happier, healthier life.  Packaged into the following sizes and UPC codes.  - 3lb (1.36 kg), UPC 71859-99994,  - 5lb. (2.27kg) UPC 71859-00001;   - 25 lb. (11.34 kg) UPC 71859-99995;   and - 25 lb bags for use within Petco stores UPC 71859-00000.  Manufactured by:  Kaytee Products, Inc., Chilton, WI  53014 USA.","27,213","Kaytee Pet Products is recalling a single manufacturing batch of Kaytee Forti-Diet Pro Health Mouse, Rat and Hamster due to possible contamination with Salmonella",04/30/2012,08/02/2012,03/06/2014,08/08/2012,"Best Before Codes:  30 Mar 2013 (25 lb - Petco stores only), 31 Mar 2013 (25 lb), 31 Mar 2013 K63 (6/3 lb), and 03 Apr 2013 K61 (6/5 lb)"
Veterinary,No,,61833,Terminated,Land O Lakes Purina LLC,1080 County Road F W,N/A,Shoreview,MN,	55126-2910,United States,Voluntary: Firm initiated,Telephone,The feed was distributed in IA.,V-194-2012,Class I,"Bulk Honor Show Chow Showlamb Creep Pellet, DX Medicated, containing 0.0029% (13.6 MG/LB) Decoquinate. The firm name on the label is Purina Mills, LLC, St. Louis, MO.",2 tons,Lamb feed was contaminated with cattle feed containing monensin sodium.,05/10/2012,08/07/2012,08/07/2012,08/15/2012,date of manufacture: 4/19/2012
Veterinary,No,,61634,Terminated,Central Garden & Pet Company,301 West Osborn Road,N/A,Phoenix,AZ,	85013,United States,Voluntary: Firm initiated,E-Mail,"Nationwide including Puerto Rico.  OUS to include:  Australia, Canada, China, Dominican Republic, Guam, Hong Kong, Japan, Korea, Mexico, New Zealand, South Africa, and Thailand.",V-195-2012,Class I,"Kaytee exact Hand Feeding Formula, formulated for All Baby Birds.  with DHA Omega-3 For Growth and Development.  Packaged into the following sizes with Product Code/SKU/Material # and UPC codes:  1.  Net Wt. 7.5 oz (213g) 100032326, UPC 71859-47510;  2.  Net Wt. 18 oz (510g), 100032328, UPC 71859-47511;   3.  Net Wt 5 lb (2.27kg) 100032330 and 100034332, UPC 71859-47512;   4.  Net Wt 22 lb (9.98kg) 100032336, UPC 71859-47518.  Manufactured by Kaytee Products, Inc., Chilton, WI  53014  USA.","25,164 containers (total for both products)",Kaytee exact Hand Feeding Formula Baby Bird and Kaytee exact hand Feeding Formula Baby Macaw food may contain an elevated amount of Vitamin D.,04/06/2012,08/08/2012,05/16/2014,08/15/2012,"Best Before 9 Mar 2013, 14 Mar 2013, 21 Mar 2013, 30 Mar 2013, 30 March 2013, 13 Apr 2012, 19 Apr 2013, 20 Apr 2013, and 16 May 2013."
Veterinary,No,,61634,Terminated,Central Garden & Pet Company,301 West Osborn Road,N/A,Phoenix,AZ,	85013,United States,Voluntary: Firm initiated,E-Mail,"Nationwide including Puerto Rico.  OUS to include:  Australia, Canada, China, Dominican Republic, Guam, Hong Kong, Japan, Korea, Mexico, New Zealand, South Africa, and Thailand.",V-196-2012,Class I,"Kaytee exact Hand Feeding Formula, Specifically Formulated for Baby Macaws.  with DHA Omega-3 For Growth and Development.  Net Wt 5 lb (2.27kg),  Product Code/SKU/Material # 100032337, UPC 71859-47515.  Manufactured by Kaytee Products, Inc., Chilton, WI  53014  USA.","25,164 containers (total for both products)",Kaytee exact Hand Feeding Formula Baby Bird and Kaytee exact hand Feeding Formula Baby Macaw food may contain an elevated amount of Vitamin D.,04/06/2012,08/08/2012,05/16/2014,08/15/2012,"Best Before 1 Mar 2013, 14 Mar 2013, and 19 Apr 2013."
Veterinary,No,,62662,Terminated,Hubbard Feeds Inc.,130 Bill Bryan Blvd,PO Box 1185,Hopkinsville,KY,	42241-1185,United States,Voluntary: Firm initiated,N/A,"Product was distributed to a single non-government consignee in Russelville, KY.",V-197-2012,Class II,"Scales Dairy 2 16% Pellet is a non-medicated bulk animal feed. Indicated on label as a ""Lactating Dairy Cattle Feed"" / Bulk feed","29,480 lbs bulk feed",Improper flushing / clean out procedures created a risk of Carbadox carry over into non-medicated dairy feed.,07/06/2012,08/13/2012,06/25/2013,08/22/2012,"23457, Batch Run ID 17723"
Veterinary,No,,61730,Terminated,Land O Lakes Purina LLC,1080 County Road F W,N/A,Shoreview,MN,	55126-2910,United States,Voluntary: Firm initiated,Press Release,TX,V-198-2012,Class I,"The bag is labeled DuMOR Poultry Grower/Finisher Net Wt 50 lb Manufactured Exclusively For Tractor Supply Company 200 Powell Place, Brentwood, TN 37027    The feed tag is labeled DuMOR Poultry Layer 16% Crumble Manufactured for Tractor Supply Company, 200 Powell Place, Brentwood, TN 37027 Net Wt 50 lb",474 - 50 pound bags,The product was incorrectly packaged into the wrong bag.,04/26/2012,08/14/2012,03/19/2013,08/22/2012,2MAR15OKC1
Veterinary,No,,62677,Terminated,Dogswell Llc,1964 Westwood Blvd,SUITE 350,Los Angeles,CA,	90025-4651,United States,Voluntary: Firm initiated,Press Release,"The VitaKitty treats were distributed nationwide and Canada via retail stores and mail order from April 13th through June 14th, 2012.",V-199-2012,Class II,"Catswell Brand Vitakitty Chicken Breast with Flaxseed and Vitamins, 2 oz. Packaged in re-sealable 2 oz orange plastic bag with clear window.",797 cases,The product was recalled because it has the potential to contain propylene glycol.,07/27/2012,08/16/2012,07/29/2013,08/22/2012,"Lot codes affected are as follows: SEW12CH032701/03c and SEW12CH032702/03c with a best before date of 09/10/13 and 09/11/13, respectively (UPC code 8 84244 00057 2)"
Veterinary,No,,61897,Terminated,Diamond Pet Foods,103 N Olive St,PO Box 156,Meta,MO,	65058-0156,United States,Voluntary: Firm initiated,"Two or more of the following: Email, Fax, Letter, Press Release, Telephone, Visit","Distribution was made to AR, CO, IL, KY, LA, MI, MN, MO, OK, NE, PA, SD, TN, TX, and WI,",V-200-2012,Class I,"Diamond Pet Foods Naturals Small Breed Adult Dog Lamb & Rice Formula, packaged in 6-lb. (6/case) and 18-lb. bags, and 6-oz. sample-size bags (30/case).   The firm name on the label is Diamond Pet Foods, Meta, MO.","4,218/6-lb., 1,802/18-lb., and 7,020/6-oz. bags",Contaminated with Salmonella,05/18/2012,08/21/2012,06/19/2013,08/29/2012,"Best Before 26Aug2012, 27-Sept 2012, 18-Oct-2012 and 20-Oct-2012"
Veterinary,No,,62469,Terminated,Mars Petcare USA,315 Cool Springs Blvd,N/A,Franklin,TN,	37067-1632,United States,Voluntary: Firm initiated,"Two or more of the following: Email, Fax, Letter, Press Release, Telephone, Visit","Product was shipped to the following states: AL, AR, AZ, CA, CO, CT, DE, FL, GA, HI, IA, IL, IN, KS, KY, LA, MA, MD, ME, MI, MN, MO, MS, NC, NH, NJ, NV, NY, OH, OR, PA, SC, TN, TX, UT, VA, WA, WI & WV.",V-201-2012,Class I,"PEDIGREE+¿ Healthy Weight Premium Ground Entr¿e in Meaty Juices, 375 g (13.2 oz) cans, FOOD FOR DOGS, Ingredients: Sufficient Water For Processing: Chicken, Meat By-Products, Liver, Chicken By-Products, chicken Breast, Carrots, Spinach, Brewers Rice***1-800-525-5273 Distributed by Mars Petcare US, Inc., P. O. Box 683006, Franklin, TN 37068-3006***, UPC 0 23100 34974 9","18,877 cs/12/13.2 oz cans = 226,524 cans",Product is being recalled because it may contain small pieces (2/3 x 2/3 x 2/5) of blue plastic. These pieces may represent a choking hazard to dogs.,06/29/2012,08/21/2012,06/10/2013,08/29/2012,"UPC 0 23100 34974 9, Each product will have a lot code printed on the end of the can that begins with 209, 210, 211 or 212 and a Best Before date that falls between 2/24/2014 and 3/23/2014."
Veterinary,No,,62469,Terminated,Mars Petcare USA,315 Cool Springs Blvd,N/A,Franklin,TN,	37067-1632,United States,Voluntary: Firm initiated,"Two or more of the following: Email, Fax, Letter, Press Release, Telephone, Visit","Product was shipped to the following states: AL, AR, AZ, CA, CO, CT, DE, FL, GA, HI, IA, IL, IN, KS, KY, LA, MA, MD, ME, MI, MN, MO, MS, NC, NH, NJ, NV, NY, OH, OR, PA, SC, TN, TX, UT, VA, WA, WI & WV.",V-202-2012,Class I,"PEDIGREE¿ Weight Management Meaty Ground Dinner Beef & Liver Dinner in Meaty Juices, 375 g (13.2 oz) cans, Ingredients: Sufficient Water for Processing, Meat By-Products, Chicken, Beef, Liver, Brewers Rice***1-800-525-5273 Distributed by Mars Petcare US PO Box 683006, Franklin, TN 37068-3006***, UPC 0 23100 01913 0","23,897 cs/24/13.2 oz cans = 573,528 cans",Product is being recalled because it may contain small pieces (2/3 x 2/3 x 2/5) of blue plastic. These pieces may represent a choking hazard to dogs.,06/29/2012,08/21/2012,06/10/2013,08/29/2012,"UPC 0 23100 01913 0, Each product will have a lot code printed on the end of the can that begins with 209, 210, 211 or 212 and a Best Before date that falls between 2/24/2014 and 3/23/2014."
Veterinary,No,,62469,Terminated,Mars Petcare USA,315 Cool Springs Blvd,N/A,Franklin,TN,	37067-1632,United States,Voluntary: Firm initiated,"Two or more of the following: Email, Fax, Letter, Press Release, Telephone, Visit","Product was shipped to the following states: AL, AR, AZ, CA, CO, CT, DE, FL, GA, HI, IA, IL, IN, KS, KY, LA, MA, MD, ME, MI, MN, MO, MS, NC, NH, NJ, NV, NY, OH, OR, PA, SC, TN, TX, UT, VA, WA, WI & WV.",V-203-2012,Class I,"PEDIGREE¿ Weight Management Meaty Ground Dinner Chicken & Rice Dinner in Meaty Juices, 375 g (13.2 oz) cans, Ingredients: Sufficient Water for Processing, Chicken, Meat By-Products, Chicken By-Products (Source of Linoleic Acid), Liver, Brewers Rice***1-800-525-5273 Distributed by Mars Petcare US P. O. Box 683006, Franklin, TN 37068-3006***, UPC 0 23100 23045 9","35,551 cs/24/13.2 oz cans = 853,224 cans",Product is being recalled because it may contain small pieces (2/3 x 2/3 x 2/5) of blue plastic. These pieces may represent a choking hazard to dogs.,06/29/2012,08/21/2012,06/10/2013,08/29/2012,"UPC UPC 0 23100 23045 9, Each product will have a lot code printed on the end of the can that begins with 209, 210, 211 or 212 and a Best Before date that falls between 2/24/2014 and 3/23/2014."
Veterinary,No,,61845,Terminated,Nestle Purina PetCare Co,Checkerboard Square,Attn Christopher S Cowell,Saint Louis,MO,	63164-0001,United States,Voluntary: Firm initiated,Press Release,"Distribution was made to IL, CO, TX, PA, FL, and NV.  Foreign distribution was made to Canada.",V-204-2012,Class I,"Purina Veterinary Diets OM Overweight Management Feline Formula, packaged in 5.5-oz. cans, UPC 38100-13810, for prescription and sale only by veterinarians.   The firm name on the label is Nestle Purina Petcare Co., St. Louis, MO.","20,356/24/5.5-oz. can cases",The product is deficient in thiamine (Vitamin B1),05/11/2012,09/05/2012,07/02/2013,09/12/2012,Best By Jun 2013 11721159
Veterinary,No,,61581,Terminated,Diamond Pet Foods,103 N Olive St,PO Box 156,Meta,MO,	65058-0156,United States,Voluntary: Firm initiated,E-Mail,"AL, FL, GA, IA, KY, MD, MI, NY, NC, OH, PA, SC, TN, VA, Canada, Colombia, Japan and the Russian Federation.",V-205-2012,Class I,"Diamond Pet Foods, Naturals Lamb Meal & Rice Formula for Adult Dogs, Packed in 6 lb (UPC: 0 7419860995 6), 20 lb (UPC 0 7419860816 4), and 40 lb (UPC 0 7419860817 1) bags, Proudly made by Diamond Pet Food, Meta, Missouri.",7240 total units,Salmonella contamination.,04/05/2012,09/05/2012,05/27/2014,09/12/2012,"Product Code: DLR0101D3XALW, Best Before 04 Jan 2013 (6 lb bag); DLR0101C31XMF, Best Before 03 Jan 2013 (20 lb bag); DLR0101C31XMF, Best Before 03 Jan 3013; DLR0101C31XAG, Best Before 03 Jan 2013 and DLR0101D32XMS, Best Before 04 Jan 2013 (40 lb bags)."
Veterinary,No,,61581,Terminated,Diamond Pet Foods,103 N Olive St,PO Box 156,Meta,MO,	65058-0156,United States,Voluntary: Firm initiated,E-Mail,"AL, FL, GA, IA, KY, MD, MI, NY, NC, OH, PA, SC, TN, VA, Canada, Colombia, Japan and the Russian Federation.",V-206-2012,Class I,"Chicken Soup for the Dog Lover s Soul, Adult Dog Light Formula, Brand Dog Food, Net Wt 6 lb (UPC Code: 0 7419860795 2) and 35 lbs (15.87kg) bags (UPC Code: 0 7419860981 0), Proudly made by Diamond Pet Food, Meta, Missouri.","2,444/35 lb bags and 251 6/6 lb bags and 49 6/8 lb bags",Salmonella contamination.,04/05/2012,09/05/2012,05/27/2014,09/12/2012,"Code: Production Code: CLF0102B31XCW, Best By Date: 27/JAN/2013, CLF0102B31XCW, Best By Date: 28/JAN/2013 and CLF0102B32XWR, Best By Date: 28/JAN/2013 (35 lb bags). Product Code: CLF0102B3XALW, Best by Date: 28/JAN/2013 (6 lb bags)."
Veterinary,No,,61581,Terminated,Diamond Pet Foods,103 N Olive St,PO Box 156,Meta,MO,	65058-0156,United States,Voluntary: Firm initiated,E-Mail,"AL, FL, GA, IA, KY, MD, MI, NY, NC, OH, PA, SC, TN, VA, Canada, Colombia, Japan and the Russian Federation.",V-207-2012,Class I,"Diamond Pet Foods, Puppy, Net Wt 6 oz samples (UPC Code: 0 7419800200 9), 8 lb (UPC Code: 0 7419800208 5), 20 lb (UPC Code: 0 7419800220 7) and 40 lb bags (UPC Code: 0 7419800240 5), Proudly made by Diamond Pet Food, Meta, Missouri.","49-6/8 lb bags, 3350-20 lb bags and 4968-40 lb bags.",Salmonella contamination.,04/05/2012,09/05/2012,05/27/2014,09/12/2012,"Code: Production Code: DPP0401 (6 oz samples); DPP0401B2XALW, Best By Date: 7Apr/2013 (8 lb bags); DPP0101C31XRB, Best By Date: 11/Jan/2013, DPP0101C31XME, Best By Date: 11/Jan/2013, DPP0401B22XJW, Best By Date: 6/Aprl/2013 (20 lb bags) and DPP040B2XDJ, Best By Date: 7/Apr/2013, DPP0101C31XME, Best By Date: 11/Jan/2013, DPP0401A21XAW, Best By Date: 6/Apr/2013 and DPP0401B22XJW, Best By Date: 6/Apr/2013."
Veterinary,No,,62922,Terminated,Breadfarm,5766 Cain's Ct,N/A,Bow,WA,	98232-9200,United States,Voluntary: Firm initiated,Telephone,Retail sales at firm only.,V-208-2012,Class II,"""Sirius Dog Treats"". Bone-shaped treats packaged 10 each in a cellophane package",144 packages each containing 10 treats,The wheat germ used by the firm to make their products was recalled by the wheat germ manufacturer because it was potentially contaminated with metal fragments approximately 0.5mm in diameter and 3-15mm in length.  The contamination occurred at the raw ingredient manufacturer.,06/26/2012,09/07/2012,09/07/2012,09/19/2012,"""126"", ""136"", ""143"" and ""150"". These are the julian dates that the dough was made, baked and packaged."
Veterinary,No,,61880,Terminated,Process Managers LLC,485 Gawthrope Dr,N/A,Winchester,KY,	40391-8910,United States,Voluntary: Firm initiated,E-Mail,"Nationwide distribution: AL, AR, AZ, CA, CO, FL, GA, IA, ID, IL, KY, LA, MD, MI, MN, MO, MS, NC, NE, NJ, NM, NY, OH, OK, PA, SC, TX, UT, VA, WA & WV.  No shipments were made to foreign countries including Canada.",V-209-2012,Class II,"CalDensity Black Label, CalDensity White Label with HA, packaged in white plastic 5, 15, 25, 40, 60 lb pails with plastic liner and white plastic lid.","50,935 lbs",During an FDA inspection it was found that the CalDensity Black label and CalDensity White Label with HA product containers did not include the precautionary statement  DO NOT FEED TO CATTLE OR OTHER RUMINANTS ,01/06/2012,09/07/2012,01/24/2014,09/19/2012,"042009, 051009, 061209, 071509, 091009, 011510, 030310, 031610, 052610, 092410, 120110, 011211,  020111, 030911, 050111, 071111 & 090111."
Veterinary,No,,62914,Terminated,Steve Pritchett Farms LLC,9767 Us Highway 60 W,N/A,Henderson,KY,	42420-9623,United States,Voluntary: Firm initiated,Telephone,The firm distributed to one firm in Indiana.,V-210-2012,Class II,Frozen mice in ziplock bags,Unknown,The firm initiated a voluntary recall of frozen mice because of possible human exposure to Lymphocytic Choriomenengitis Virus from handling the mice.,08/15/2012,09/07/2012,02/19/2013,09/19/2012,There is no code information.  The package shows the type of mice and the quantity.
Veterinary,No,,62700,Terminated,Nutra Blend LLC,3200 2nd St,N/A,Neosho,MO,	64850-7738,United States,Voluntary: Firm initiated,Telephone,The product was distributed in MO.,V-211-2012,Class II,"BLN Fescue Forage Blend CTC NB-0451, Type B Medicated Feed For Beef Cattle, containing 1.4 g/lb. chlortetracycline, packaged in 50-lb. bags.  The tag is labeled Manufactured by: Nutra Blend, LLC, Neosho, MO.  The bag lists the firm name as Bass Livestock Nutrition, LLC, Rogersville, MO.",81/50-lb. bags,The feed contains excessive levels of selenium,07/30/2012,09/07/2012,09/11/2012,09/19/2012,Lot 0525264
Veterinary,No,,62944,Terminated,Greer Laboratories Inc,639 Nuway Circle Ne,P. O. Box 800,Lenoir,NC,	28645-0800,United States,Voluntary: Firm initiated,"Two or more of the following: Email, Fax, Letter, Press Release, Telephone, Visit","FL, IL, KS, MS, NJ, NY, OH, VA & Australia",V-212-2012,Class III,"Product is an aqueous Black/Carpenter Ant, veterinary allergenic extract in liquid form.  Product is viled in 10 mL Type 1 glass vials, stoppered with latex stoppers and sealed with a 13 mm aluminum crimped cap.",11 vials,Mislabeled vials,08/15/2012,09/10/2012,09/11/2012,09/19/2012,Lot # 200794
