Product Type,Recently Updated Record,Last Modified Date,Event ID,Status,Recalling Firm,Address1,Address2,City,State/Province,Postal Code,Country,Voluntary/Mandated,Initial Firm Notification of Consignee or Public,Distribution Pattern,Recall Number,Classification,Product Description,Product Quantity,Reason for Recall,Recall Initiation Date,Center Classification Date,Termination Date,Report Date,Code Info
Veterinary,No,,77337,Terminated,"ADM Alliance Nutrition, Inc.",PO Box C1,1000 N 30th St,Quincy,IL,	62301-3400,United States,Voluntary: Firm initiated,Telephone,"Domestic Only: Marcellus, MI",V-0001-2018,Class I,"81071AZYE4 21% Lamb Creep HE DC , MEDICATED Lamb Feed, Net Weight 50 lb (22.67 kg), packed in poly bag",75 bags,"ADM Animal Nutrition, a division of Archer Daniels Midland Company, initiated a voluntary recall of 81071AZYE4 21% Lamb Creep HE DC, Lamb Starter Feed, 50 pound poly bags, due to higher than expected levels of copper, which could lead to copper toxicity in sheep.",05/16/2017,10/13/2017,03/20/2018,09/27/2017,"81071AZYE4 21% Lamb Creep HE DC , Manufactured: 05/05/2017, Product number 81071AZYE4, Lot number NA12517."
Veterinary,No,,77407,Terminated,Burkmann Industries Inc.,1111 Perryville Rd,N/A,Danville,KY,	40422-1306,United States,Voluntary: Firm initiated,Letter,Product was shipped to one farm in KY.,V-0002-2018,Class I,"WCN BALANCER R1400 TZI MEDICATED MIXING MINERAL FOR BEEF CATTLE ON PASTURE NET WT. 50 LB. (22.67 kg) White poly bag  Manufactured For: WATSON CATTLE NUTRITION, LLC P O.Box 51613 Bowling Green, Kentucky 42102",83/50 lb bags,The product was potentially mixed with a product with a  higher concentration of rumensin,05/30/2017,10/13/2017,02/26/2019,09/27/2017,2050873
Veterinary,No,,78233,Terminated,Huvepharma Inc,3360 Maury Ave,N/A,Saint Louis,MO,	63116-2029,United States,Voluntary: Firm initiated,"Two or more of the following: Email, Fax, Letter, Press Release, Telephone, Visit","AL, KS, PA, FL, ID, OR, IA, TX, AR, CA, MT, KY, WA",V-0003-2018,Class II,"Corid (Amprolium), 9.6% Oral Solution, Coccidiostat.  Net Contents:  1 gal. (128 fl. oz) (3,785 mL).  Distributed By:  Merial Limited, 3239 Satellite Blvd., Duluth, GA 30096-4640, USA.  NADA: 013-149","1,265 cases (4 bottles per case)",Confirmed out of specification for a low assay value on one sample at the 6-month stability time point.,09/29/2017,10/19/2017,09/11/2019,10/25/2017,Lot LSH006; product code 23101A4M
Veterinary,No,,78165,Terminated,"Hello Life, Inc",4635 40th St SE,N/A,Kentwood,MI,	49512-4038,United States,Voluntary: Firm initiated,"Two or more of the following: Email, Fax, Letter, Press Release, Telephone, Visit",Nationwide USA,V-0004-2018,Class II,"Promaxol, [4oz or 32 oz] plastic bottle.  Distributed by VETiONX, 4635 40th St. SE, Grand Rapids, MI 49512.  NDC:  50364-013-04 (4 oz) and 50364-013-32 (32 oz)","1,001 bottles",Presence of mold and bacteria in veterinary products.,09/18/2017,10/23/2017,05/23/2018,10/25/2017,"Lot Numbers:   Pro/030617A (4oz), Lot Number Pro/030617B (32oz)"
Veterinary,No,,78165,Terminated,"Hello Life, Inc",4635 40th St SE,N/A,Kentwood,MI,	49512-4038,United States,Voluntary: Firm initiated,"Two or more of the following: Email, Fax, Letter, Press Release, Telephone, Visit",Nationwide USA,V-0005-2018,Class II,"Dia-Ionx, 4 fl oz (118 mL) plastic bottle.  Distributed by VETiONX, 4635 40th St. SE, Grand Rapids, MI 49512.  NDC:  50364-003-04","1,168 bottles",Presence of mold and bacteria in veterinary products.,09/18/2017,10/23/2017,05/23/2018,10/25/2017,Lot Number: Di/022017F
Veterinary,No,,78165,Terminated,"Hello Life, Inc",4635 40th St SE,N/A,Kentwood,MI,	49512-4038,United States,Voluntary: Firm initiated,"Two or more of the following: Email, Fax, Letter, Press Release, Telephone, Visit",Nationwide USA,V-0006-2018,Class II,"Arthro-Ionx, 4 fl oz (118 mL) plastic bottle.  Distributed by VETiONX, 4635 40th St. SE, Grand Rapids, MI 49512.  NDC:  50364-014-04","2,323 bottles",Presence of mold and bacteria in veterinary products.,09/18/2017,10/23/2017,05/23/2018,10/25/2017,Lot Number: Ar/040717A
Veterinary,No,,77476,Terminated,Loving Pets,110 Melrich Rd Ste 1,N/A,Cranbury,NJ,	08512-3524,United States,Voluntary: Firm initiated,Telephone,The products are distributed nationwide through various retailers.  The products are sold into distributors who then sell them to retail stores.,V-0007-2018,Class I,"Loving Pets, 5 oz. Barksters Sweet Potato and Chicken UPC 842982057005",1571 units,"According to Loving Pets Corporation, raw materials received from their supplier was potentially contaminated with salmonella.      The Raw materials came with a COA that they were Salmonella Free but testing done by Loving Pets  Corporation found salmonella",06/07/2017,11/16/2017,12/09/2020,09/27/2017,Lot 021619  EXP  02/2019
Veterinary,No,,77476,Terminated,Loving Pets,110 Melrich Rd Ste 1,N/A,Cranbury,NJ,	08512-3524,United States,Voluntary: Firm initiated,Telephone,The products are distributed nationwide through various retailers.  The products are sold into distributors who then sell them to retail stores.,V-0008-2018,Class I,"Loving Pets, 5 oz. Barksters Brown Rice and Chicken UPC 842982057050",3391 units,"According to Loving Pets Corporation, raw materials received from their supplier was potentially contaminated with salmonella.      The Raw materials came with a COA that they were Salmonella Free but testing done by Loving Pets  Corporation found salmonella",06/07/2017,11/16/2017,12/09/2020,09/27/2017,Lot 021419 EXP 02/2019
Veterinary,No,,77476,Terminated,Loving Pets,110 Melrich Rd Ste 1,N/A,Cranbury,NJ,	08512-3524,United States,Voluntary: Firm initiated,Telephone,The products are distributed nationwide through various retailers.  The products are sold into distributors who then sell them to retail stores.,V-0009-2018,Class I,"Loving Pets, Puffsters Snack Chips 4 oz. Apple and Chicken UPC 842982051003",17098 units,"According to Loving Pets Corporation, raw materials received from their supplier was potentially contaminated with salmonella.      The Raw materials came with a COA that they were Salmonella Free but testing done by Loving Pets  Corporation found salmonella",06/07/2017,11/16/2017,12/09/2020,09/27/2017,"Lot 051219    EXP 05/2019,   Lot 112118   EXP 11/2018,    Lot 112918   EXP 11/2018,     Lot 012719     EXP 01/2019,      Lot 012519    EXP 01/2019,   Lot   013019   EXP 01/2019"
Veterinary,No,,77476,Terminated,Loving Pets,110 Melrich Rd Ste 1,N/A,Cranbury,NJ,	08512-3524,United States,Voluntary: Firm initiated,Telephone,The products are distributed nationwide through various retailers.  The products are sold into distributors who then sell them to retail stores.,V-0010-2018,Class I,"Loving Pets, Puffsters Snack Chips 4 oz. Banana and Chicken UPC 842982051102",9839 units,"According to Loving Pets Corporation, raw materials received from their supplier was potentially contaminated with salmonella.      The Raw materials came with a COA that they were Salmonella Free but testing done by Loving Pets  Corporation found salmonella",06/07/2017,11/16/2017,12/09/2020,09/27/2017,"Lot 112218   EXP 11/2018,    Lot 112818  EXP 11/2018 ,   Lot 112918  EXP 11/2018,    Lot 013119   EXP 01/2019"
Veterinary,No,,77476,Terminated,Loving Pets,110 Melrich Rd Ste 1,N/A,Cranbury,NJ,	08512-3524,United States,Voluntary: Firm initiated,Telephone,The products are distributed nationwide through various retailers.  The products are sold into distributors who then sell them to retail stores.,V-0011-2018,Class I,"Loving Pets, Puffsters Snack Chips 4 oz. Sweet Potato and Chicken UPC 842982051201",7515 units,"According to Loving Pets Corporation, raw materials received from their supplier was potentially contaminated with salmonella.      The Raw materials came with a COA that they were Salmonella Free but testing done by Loving Pets  Corporation found salmonella",06/07/2017,11/16/2017,12/09/2020,09/27/2017,"Lot 112818    EXP 11/2018,    Lot 020119   EXP 02/2019"
Veterinary,No,,77476,Terminated,Loving Pets,110 Melrich Rd Ste 1,N/A,Cranbury,NJ,	08512-3524,United States,Voluntary: Firm initiated,Telephone,The products are distributed nationwide through various retailers.  The products are sold into distributors who then sell them to retail stores.,V-0012-2018,Class I,"Loving Pets, Whole Hearted, 2.4 oz. Apple and Chicken Puff Treats UPC 800443220696",22020 units,"According to Loving Pets Corporation, raw materials received from their supplier was potentially contaminated with salmonella.      The Raw materials came with a COA that they were Salmonella Free but testing done by Loving Pets  Corporation found salmonella",06/07/2017,11/16/2017,12/09/2020,09/27/2017,"Lot 121418   EXP 12/2018,    Lot 121918    EXP   12/2018,   Lot 122318    EXP 12/2018,   Lot 010419    EXP 01/2019,  Lot 010619   EXP 01/2019,   Lot 010519   EXP 01/2019"
Veterinary,No,,77476,Terminated,Loving Pets,110 Melrich Rd Ste 1,N/A,Cranbury,NJ,	08512-3524,United States,Voluntary: Firm initiated,Telephone,The products are distributed nationwide through various retailers.  The products are sold into distributors who then sell them to retail stores.,V-0013-2018,Class I,"Loving Pets, Puffsters 4 oz. Cranberry and Chicken UPC 842982051300",3643 units,"According to Loving Pets Corporation, raw materials received from their supplier was potentially contaminated with salmonella.      The Raw materials came with a COA that they were Salmonella Free but testing done by Loving Pets  Corporation found salmonella",06/07/2017,11/16/2017,12/09/2020,09/27/2017,"Lot 020319 EXP 02/2019, Lot 112918 EXP 11/2018, Lot 020219 EXP 02/2019"
Veterinary,No,,77574,Terminated,Vitakraft Sun Seed Inc,20584 Long Judson Rd,N/A,Weston,OH,	43569-9639,United States,Voluntary: Firm initiated,Press Release,"Product was shipped to the following states: AZ, GA, IL, MI, NJ, NV, NY, OH, PA & WI.",V-0014-2018,Class I,"ALL LIVING THINGS apple slice treats NET WT 1oz (28.3 g) UPC 7 37257 32119 9 Dist. by/par: Pacific Coast Distributing, Inc. 19601 N. 27th Ave. Phoenix, AZ USA 85027",274/cs/24/1 oz bags,The firm was notified by their supplier that an ingredient may be contaminated with Listeria monocytogenes.,06/15/2017,11/16/2017,02/15/2018,09/27/2017,"LOT  103435, Best if used by: 4/28/2019 & LOT  103118, Best if used by: 4/13/2019"
Veterinary,No,,77574,Terminated,Vitakraft Sun Seed Inc,20584 Long Judson Rd,N/A,Weston,OH,	43569-9639,United States,Voluntary: Firm initiated,Press Release,"Product was shipped to the following states: AZ, GA, IL, MI, NJ, NV, NY, OH, PA & WI.",V-0015-2018,Class I,"DOCTORS FOSTER AND SMITH Premium Blend with Omega-3s MACAW FOOD Net Wt 5 lb (2.3 kg) Manufactured for Foster and Smith, Inc. 2253 Air Park Rd. Rhinelander, WI 54501 UPC 8 25141 58955 5",200 cs/5/5 lb bags,The firm was notified by their supplier that an ingredient may be contaminated with Listeria monocytogenes.,06/15/2017,11/16/2017,02/15/2018,09/27/2017,"LOT# 104094, Best if used by: 3/16/2020, LOT# 103741, Best if used by: 2/19/2020 & LOT# 103876, Best if used by: 2/24/2020"
Veterinary,No,,77574,Terminated,Vitakraft Sun Seed Inc,20584 Long Judson Rd,N/A,Weston,OH,	43569-9639,United States,Voluntary: Firm initiated,Press Release,"Product was shipped to the following states: AZ, GA, IL, MI, NJ, NV, NY, OH, PA & WI.",V-0016-2018,Class I,"meijer parrot food VITAMIN & MINERAL ENRICHED Net Wt 4 lb (1.81 kg) UPC 7 08820 77713 2; DIST. BY MEIJER DISTRIBUTION, INC. GRAND RAPIDS, MI 49544",215 cs/6/4 lb bags,The firm was notified by their supplier that an ingredient may be contaminated with Listeria monocytogenes.,06/15/2017,11/16/2017,02/15/2018,09/27/2017,"LOT# 103980, Best if used by: 5/17/2019 & LOT# 103981, Best if used by: 5/18/2019"
Veterinary,No,,77574,Terminated,Vitakraft Sun Seed Inc,20584 Long Judson Rd,N/A,Weston,OH,	43569-9639,United States,Voluntary: Firm initiated,Press Release,"Product was shipped to the following states: AZ, GA, IL, MI, NJ, NV, NY, OH, PA & WI.",V-0017-2018,Class I,"National Geographic GUINEA PIG ENTREE Net Wt 4 lb (1.8 kg)  UPC 7 37257 49989 8 Dist. by/par: Pacific Coast Distributing, Inc. 19601 N 27th Ave., Phoenix, AZ 85027",119 cs/6/4 lb bags,The firm was notified by their supplier that an ingredient may be contaminated with Listeria monocytogenes.,06/15/2017,11/16/2017,02/15/2018,09/27/2017,"LOT# 103440, Best if used by: 5/1/2019, LOT# 104434, Best if used by: 6/8/2019 & LOT# 103439, Best if used by: 5/1/2019"
Veterinary,No,,77574,Terminated,Vitakraft Sun Seed Inc,20584 Long Judson Rd,N/A,Weston,OH,	43569-9639,United States,Voluntary: Firm initiated,Press Release,"Product was shipped to the following states: AZ, GA, IL, MI, NJ, NV, NY, OH, PA & WI.",V-0018-2018,Class I,"National Geographic RABBIT ENTREE DAILY DIET WITH TIMOTHY HAY Net Wt 4 lb (1.8 kg)  UPC 7 37257 50019 8 Dist. by/par: Pacific Coast Distributing, Inc. 19601 N 27th Ave., Phoenix, AZ 85027",120 cs/6/4 lb bags,The firm was notified by their supplier that an ingredient may be contaminated with Listeria monocytogenes.,06/15/2017,11/16/2017,02/15/2018,09/27/2017,"LOT # 104436, Best buy date 6/8/2019, LOT # 103442, Best buy date 4/27/2019, LOT # 103444, Best buy date 4/27/2019 & LOT # 103443, Best buy date 4/27/2019."
Veterinary,No,,77574,Terminated,Vitakraft Sun Seed Inc,20584 Long Judson Rd,N/A,Weston,OH,	43569-9639,United States,Voluntary: Firm initiated,Press Release,"Product was shipped to the following states: AZ, GA, IL, MI, NJ, NV, NY, OH, PA & WI.",V-0019-2018,Class I,FRUIT & VEGGIE TREAT (PARROT) Net Wt. 25 LBS UPC 0 87535 10059 7 Vitakraft Sunseed Inc. P.O. Box 33. Bowling Green OH 43402,17/25 lb bags,The firm was notified by their supplier that an ingredient may be contaminated with Listeria monocytogenes.,06/15/2017,11/16/2017,02/15/2018,09/27/2017,"LOT # 104082, Best buy date 5/22/2019"
Veterinary,No,,77574,Terminated,Vitakraft Sun Seed Inc,20584 Long Judson Rd,N/A,Weston,OH,	43569-9639,United States,Voluntary: Firm initiated,Press Release,"Product was shipped to the following states: AZ, GA, IL, MI, NJ, NV, NY, OH, PA & WI.",V-0020-2018,Class I,SUNSEED SUNTHING SPECIAL SunSations with added vitamins and minerals pet rabbit formula NET WT 3.5 LB UPC 0 87535 36056 4 Manufactured by: Vitakraft Sunseed Inc. P.O. Box 33. Bowling Green OH 43402,4 cs/6/3.5 lb bags,The firm was notified by their supplier that an ingredient may be contaminated with Listeria monocytogenes.,06/15/2017,11/16/2017,02/15/2018,09/27/2017,"LOT # 104246, Best buy date 6/5/2019"
Veterinary,No,,78518,Terminated,Farmers Ranchers Coop Assn,102 S Main St,N/A,Ainsworth,NE,	69210-1358,United States,Voluntary: Firm initiated,Telephone,To customers at the recalling firm's retail store in Nebraska.,V-0021-2018,Class II,Sandhills Select Horse Feed.,70 50 lb bags,The state of Nebraska sample found the presence of Monensin in the horse feed product.,11/09/2017,11/22/2017,03/22/2018,11/29/2017,10/2/2017; Lot # 100217.
Veterinary,No,,78348,Terminated,Multi-Kare Inc,555 Armour St,Po Box 605,Tifton,GA,	31793-0605,United States,Voluntary: Firm initiated,Telephone,SC,V-0022-2018,Class II,"Cattle Mineral R, Medicated, Net Wt. 50 lbs., Manufactured for J&D, Inc., 602 B Main Street, Lancester, SC 29720.",400 bags (200 lbs per bag),Label does not meet FDA blue bird label requirements for use in Type B and Type C medicated feeds.,10/17/2017,11/22/2017,03/06/2018,11/29/2017,"Product number 7637, Lot numbers: 8171, 8172, 8173, 8174, 8175, 8176, 8177 and 8178."
Veterinary,No,,78500,Terminated,"Cargill, Inc         Corporate Headquarters",15407 McGinty Rd W,N/A,Wayzata,MN,	55391-2365,United States,Voluntary: Firm initiated,E-Mail,"MI, MN, IN, OH, VA, TN",V-0023-2018,Class III,"Champion's Choice, SELENIUM  ""90""  Trace Mineral SALT BLOCK, NET WT 50 LB (22.7 KG), UPC code: 1360001945",840 blocks (80 pallets x 40 blocks per pallet),Selenium level in the referenced lot is above specification and does not meet labeled specifications.,11/03/2017,11/30/2017,04/26/2018,12/06/2017,Lot 29517AOMAA  Material number: 100012623  UPC code: 1360001945
Veterinary,No,,77795,Terminated,PGG/HSC  Feed Co. LLC,300 W Feedville Rd,N/A,Hermiston,OR,	97838-9573,United States,Voluntary: Firm initiated,Visit,distributed in Oregon.,V-0024-2018,Class I,"Watson Lamb Supplement, bulk pellets, 2.84 ton net wt. No UPC code.    The tag label is read in parts: ""***WATSON LAMB SUPPLEMENT for Growing Sheep*** Bulk or 50 lbs. (22.68 kg) Net Weight***Manufactured By: CHS Inc., Sioux Falls, SD 57107*** www.chsinc.com",2.84 ton,"Watson Lamb Supplement non-medicated sheep feed, bulk pellets, is recalled due to high level of copper.",07/18/2017,12/21/2017,12/21/2017,12/27/2017,5065.U02  88040417 M477780.    The lot code is interpreted as:    5065.U02 product code.  88 is the plant number.  040417 is the date of production.  M477780 is the lot code ID.
Veterinary,No,,75421,Terminated,"Virbac AH, Inc",3200 Meacham Blvd,N/A,Fort Worth,TX,	76137-4611,United States,Voluntary: Firm initiated,Letter,"Distributed to TN, WI, PA, MO, NE, OR, CA, GA and PR.",V-0054-2017,Class II,Sentinel (milbemycin oxime/lufenuron) flavor tabs 5.75 mg milbemycin oxime/115 mg lufenuron,"5,630 tabs",Product mix-up at final packaging.,10/05/2016,01/12/2017,08/03/2017,01/18/2017,Lot # 25042
Veterinary,No,,75323,Terminated,Wells Pharmacy Network LLC,1210 SW 33rd Ave,N/A,Ocala,FL,	34474-2853,United States,Voluntary: Firm initiated,Press Release,"Distributed to the following states: AL, AK, AZ, AR, CA, CO, CT, DE, FL, GA, HI, ID, IL, IN, IA, KS, KY, LA, ME, MD, MA, MI, MN, MS, MO, MT, NE, NV, NH, NJ, NM, NY, NC, ND, OH, OK, OR, PA, RI, SC, TN, TX, UT, VA, , WA, WV, WI, and Washington, D.C.  And PR",V-0055-2017,Class II,Pentosan Sodium Polysulfate 250MG/ML Injectable.  Compounded by Wells Pharmacy,136 vials,Lack of sterility assurance for compounding/compounded veterinary products.,09/21/2016,02/23/2017,07/02/2021,03/01/2017,"All lot codes of product prepared between 02/22/2016 and 09/14/2016, within expiry.   Known lot codes #'s: 03252016@33, 05112016@8, and 06142016@47"
Veterinary,No,,75323,Terminated,Wells Pharmacy Network LLC,1210 SW 33rd Ave,N/A,Ocala,FL,	34474-2853,United States,Voluntary: Firm initiated,Press Release,"Distributed to the following states: AL, AK, AZ, AR, CA, CO, CT, DE, FL, GA, HI, ID, IL, IN, IA, KS, KY, LA, ME, MD, MA, MI, MN, MS, MO, MT, NE, NV, NH, NJ, NM, NY, NC, ND, OH, OK, OR, PA, RI, SC, TN, TX, UT, VA, , WA, WV, WI, and Washington, D.C.  And PR",V-0056-2017,Class II,Progesterone in Sesame Oil 150MG/ML Injectable.  Compounded by Wells Pharmacy,243 vials,Lack of sterility assurance for compounding/compounded veterinary products.,09/21/2016,02/23/2017,07/02/2021,03/01/2017,"All lot codes of product prepared between 02/22/2016 and 09/14/2016, within expiry.   Known lot codes: 04082016@7, 05112016@3, 06152016@1, 07072016@7, and 08022016@27"
Veterinary,No,,75323,Terminated,Wells Pharmacy Network LLC,1210 SW 33rd Ave,N/A,Ocala,FL,	34474-2853,United States,Voluntary: Firm initiated,Press Release,"Distributed to the following states: AL, AK, AZ, AR, CA, CO, CT, DE, FL, GA, HI, ID, IL, IN, IA, KS, KY, LA, ME, MD, MA, MI, MN, MS, MO, MT, NE, NV, NH, NJ, NM, NY, NC, ND, OH, OK, OR, PA, RI, SC, TN, TX, UT, VA, , WA, WV, WI, and Washington, D.C.  And PR",V-0057-2017,Class II,Detomidine HCL/Xylazine - 10MG/10MG/ML (20MG Vial) Injectable.  Compounded by Wells Pharmacy,69 vials,Lack of sterility assurance for compounding/compounded veterinary products.,09/21/2016,02/23/2017,07/02/2021,03/01/2017,"All lot codes of product prepared between 02/22/2016 and 09/14/2016, within expiry.   Known lot codes: 04272016@94, 0and 8022016@70"
Veterinary,No,,75323,Terminated,Wells Pharmacy Network LLC,1210 SW 33rd Ave,N/A,Ocala,FL,	34474-2853,United States,Voluntary: Firm initiated,Press Release,"Distributed to the following states: AL, AK, AZ, AR, CA, CO, CT, DE, FL, GA, HI, ID, IL, IN, IA, KS, KY, LA, ME, MD, MA, MI, MN, MS, MO, MT, NE, NV, NH, NJ, NM, NY, NC, ND, OH, OK, OR, PA, RI, SC, TN, TX, UT, VA, , WA, WV, WI, and Washington, D.C.  And PR",V-0058-2017,Class II,Medroxyprogesterone Acetate 200 MG/ML Injectable.  Compounded by Wells Pharmacy,152 vials,Lack of sterility assurance for compounding/compounded veterinary products.,09/21/2016,02/23/2017,07/02/2021,03/01/2017,"All lot codes of product prepared between 02/22/2016 and 09/14/2016, within expiry.   Known lot codes: 05022016@11, 05272016@5, 06202016@2, 06232016@27, and 08222016@18"
Veterinary,No,,75323,Terminated,Wells Pharmacy Network LLC,1210 SW 33rd Ave,N/A,Ocala,FL,	34474-2853,United States,Voluntary: Firm initiated,Press Release,"Distributed to the following states: AL, AK, AZ, AR, CA, CO, CT, DE, FL, GA, HI, ID, IL, IN, IA, KS, KY, LA, ME, MD, MA, MI, MN, MS, MO, MT, NE, NV, NH, NJ, NM, NY, NC, ND, OH, OK, OR, PA, RI, SC, TN, TX, UT, VA, , WA, WV, WI, and Washington, D.C.  And PR",V-0059-2017,Class II,"Histrelin Acetate, Lyophilized Kit 5.5MG Kit, Injectable.  Compounded by Wells Pharmacy",93 plus vials,Lack of sterility assurance for compounding/compounded veterinary products.,09/21/2016,02/23/2017,07/02/2021,03/01/2017,"All lot codes of product prepared between 02/22/2016 and 09/14/2016, within expiry.   Known lot code: 05022016@110"
Veterinary,No,,75323,Terminated,Wells Pharmacy Network LLC,1210 SW 33rd Ave,N/A,Ocala,FL,	34474-2853,United States,Voluntary: Firm initiated,Press Release,"Distributed to the following states: AL, AK, AZ, AR, CA, CO, CT, DE, FL, GA, HI, ID, IL, IN, IA, KS, KY, LA, ME, MD, MA, MI, MN, MS, MO, MT, NE, NV, NH, NJ, NM, NY, NC, ND, OH, OK, OR, PA, RI, SC, TN, TX, UT, VA, , WA, WV, WI, and Washington, D.C.  And PR",V-0060-2017,Class II,"Estradiol Cypionate 5MG/ML, Injectable.  Compounded by Wells Pharmacy",11 plus vials,Lack of sterility assurance for compounding/compounded veterinary products.,09/21/2016,02/23/2017,07/02/2021,03/01/2017,"All lot codes of product prepared between 02/22/2016 and 09/14/2016, within expiry.   Known lot code: 05092016@12"
Veterinary,No,,75323,Terminated,Wells Pharmacy Network LLC,1210 SW 33rd Ave,N/A,Ocala,FL,	34474-2853,United States,Voluntary: Firm initiated,Press Release,"Distributed to the following states: AL, AK, AZ, AR, CA, CO, CT, DE, FL, GA, HI, ID, IL, IN, IA, KS, KY, LA, ME, MD, MA, MI, MN, MS, MO, MT, NE, NV, NH, NJ, NM, NY, NC, ND, OH, OK, OR, PA, RI, SC, TN, TX, UT, VA, , WA, WV, WI, and Washington, D.C.  And PR",V-0061-2017,Class II,"Methocarbamol 100 MG/ML, Injectable.  Compounded by Wells Pharmacy",33 vials,Lack of sterility assurance for compounding/compounded veterinary products.,09/21/2016,02/23/2017,07/02/2021,03/01/2017,"All lot codes of product prepared between 02/22/2016 and 09/14/2016, within expiry.   Known lot codes: 05272016@3, and 0622016@7"
Veterinary,No,,75323,Terminated,Wells Pharmacy Network LLC,1210 SW 33rd Ave,N/A,Ocala,FL,	34474-2853,United States,Voluntary: Firm initiated,Press Release,"Distributed to the following states: AL, AK, AZ, AR, CA, CO, CT, DE, FL, GA, HI, ID, IL, IN, IA, KS, KY, LA, ME, MD, MA, MI, MN, MS, MO, MT, NE, NV, NH, NJ, NM, NY, NC, ND, OH, OK, OR, PA, RI, SC, TN, TX, UT, VA, , WA, WV, WI, and Washington, D.C.  And PR",V-0062-2017,Class II,"Estrone Aqueous - 5 MG/ML, 50 ML vial, Injectable.  Compounded by Wells Pharmacy",35 plus vials,Lack of sterility assurance for compounding/compounded veterinary products.,09/21/2016,02/23/2017,07/02/2021,03/01/2017,"All lot codes of product prepared between 02/22/2016 and 09/14/2016, within expiry.   Known lot codes: 06272016@29 and 08022016@8"
Veterinary,No,,75323,Terminated,Wells Pharmacy Network LLC,1210 SW 33rd Ave,N/A,Ocala,FL,	34474-2853,United States,Voluntary: Firm initiated,Press Release,"Distributed to the following states: AL, AK, AZ, AR, CA, CO, CT, DE, FL, GA, HI, ID, IL, IN, IA, KS, KY, LA, ME, MD, MA, MI, MN, MS, MO, MT, NE, NV, NH, NJ, NM, NY, NC, ND, OH, OK, OR, PA, RI, SC, TN, TX, UT, VA, , WA, WV, WI, and Washington, D.C.  And PR",V-0063-2017,Class II,"Cyclosporine (A) Oil Solution, 10 ML, 2% ML Opthalmic.  Compounded by Wells Pharmacy",25 vials,Lack of sterility assurance for compounding/compounded veterinary products.,09/21/2016,02/23/2017,07/02/2021,03/01/2017,"All lot codes of product prepared between 02/22/2016 and 09/14/2016, within expiry.   Known lot codes: 071402016@35, and 08022016@20"
Veterinary,No,,75323,Terminated,Wells Pharmacy Network LLC,1210 SW 33rd Ave,N/A,Ocala,FL,	34474-2853,United States,Voluntary: Firm initiated,Press Release,"Distributed to the following states: AL, AK, AZ, AR, CA, CO, CT, DE, FL, GA, HI, ID, IL, IN, IA, KS, KY, LA, ME, MD, MA, MI, MN, MS, MO, MT, NE, NV, NH, NJ, NM, NY, NC, ND, OH, OK, OR, PA, RI, SC, TN, TX, UT, VA, , WA, WV, WI, and Washington, D.C.  And PR",V-0064-2017,Class II,"Flunixin Meglumine, 100 ML vial, 50MG.ML, Injectable.  Compounded by Wells Pharmacy",35 vials,Lack of sterility assurance for compounding/compounded veterinary products.,09/21/2016,02/23/2017,07/02/2021,03/01/2017,"All lot codes of product prepared between 02/22/2016 and 09/14/2016, within expiry.   Known lot codes:  08112016@7"
Veterinary,No,,75323,Terminated,Wells Pharmacy Network LLC,1210 SW 33rd Ave,N/A,Ocala,FL,	34474-2853,United States,Voluntary: Firm initiated,Press Release,"Distributed to the following states: AL, AK, AZ, AR, CA, CO, CT, DE, FL, GA, HI, ID, IL, IN, IA, KS, KY, LA, ME, MD, MA, MI, MN, MS, MO, MT, NE, NV, NH, NJ, NM, NY, NC, ND, OH, OK, OR, PA, RI, SC, TN, TX, UT, VA, , WA, WV, WI, and Washington, D.C.  And PR",V-0065-2017,Class II,Phenylephrine HCL (0.1%) 1mg/mL Injectable  Compounded by Wells Pharmacy,270 vials,Lack of sterility assurance for compounding/compounded veterinary products.,09/21/2016,02/23/2017,07/02/2021,03/01/2017,"All lot codes of product prepared between 02/22/2016 and 09/14/2016, within expiry.     Known lot codes: 07202016@44"
Veterinary,No,,74972,Terminated,"Cargill, Inc         Corporate Headquarters",15407 Mcginty Rd W,N/A,Wayzata,MN,	55391-2365,United States,Voluntary: Firm initiated,Telephone,"Recalled product was distributed to customers in AR, IA, IL, KS, MA, MO, MS, NH, NY, OK, TN, and VT.",V-0066-2017,Class II,"FortiGraze 3 (CTC6000) (MC) MEDICATED, product code 151706-C, Type C medicated feed packaged in 50lb bags, strength of CTC is 3.0g/lb, label states: Manufactured for: Livestock Nutrition Center 409 Shepard St. Chickasha, OK 73018",318 bags,"Feed was manufactured without the correct amount of chlortetracycline (CTC), difubenzuron, and/or (S)-Methoprene added and some products are subpotent and others are superpotent.",06/23/2016,02/28/2017,11/09/2018,03/08/2017,"Lot number 6161335507, manufactured on 12MAY16"
Veterinary,No,,74972,Terminated,"Cargill, Inc         Corporate Headquarters",15407 Mcginty Rd W,N/A,Wayzata,MN,	55391-2365,United States,Voluntary: Firm initiated,Telephone,"Recalled product was distributed to customers in AR, IA, IL, KS, MA, MO, MS, NH, NY, OK, TN, and VT.",V-0067-2017,Class II,"Right Now Emerald Fly (C1.4) (MC) MEDICATED, product code 55103-AL, Type C medicated feed packaged in 50lb bags, strength of CTC is 1.4g/lb and strength of S-Methoprene is 95.24g/ton, most responsible firm name on the label is: Cargill Animal Nutrition General Office Minneapolis, MN 55440, www.cargillanimalnutrition.com",395 bags,"Feed was manufactured without the correct amount of chlortetracycline (CTC), difubenzuron, and/or (S)-Methoprene added and some products are subpotent and others are superpotent.",06/23/2016,02/28/2017,11/09/2018,03/08/2017,"Lot number 6161445602, manufactured on 23MAY16"
Veterinary,No,,74972,Terminated,"Cargill, Inc         Corporate Headquarters",15407 Mcginty Rd W,N/A,Wayzata,MN,	55391-2365,United States,Voluntary: Firm initiated,Telephone,"Recalled product was distributed to customers in AR, IA, IL, KS, MA, MO, MS, NH, NY, OK, TN, and VT.",V-0068-2017,Class II,"Powell 4% Beef Mineral (C2.0/IGR) (MC) MEDICATED, product code 151412-C2, Type C medicated feed packaged in 50lb bags, strength of CTC is 2.0g/lb and strength of S-Methoprene is 95.36g/ton, label states: Manufactured For: Powell Feed & Milling 217 Main Street Green Forest, AR 72638","395 bags of lot 6161465633, 316 bags of lot 6161585767","Feed was manufactured without the correct amount of chlortetracycline (CTC), difubenzuron, and/or (S)-Methoprene added and some products are subpotent and others are superpotent.",06/23/2016,02/28/2017,11/09/2018,03/08/2017,"Lot number 6161585767, manufactured on 06JUN16  Lot number 6161465633, manufactured on 25MAY16"
Veterinary,No,,74972,Terminated,"Cargill, Inc         Corporate Headquarters",15407 Mcginty Rd W,N/A,Wayzata,MN,	55391-2365,United States,Voluntary: Firm initiated,Telephone,"Recalled product was distributed to customers in AR, IA, IL, KS, MA, MO, MS, NH, NY, OK, TN, and VT.",V-0069-2017,Class II,"Powell 4% Beef Mineral (C2.0) (MC) MEDICATED, product code 151412-C, Type C medicated feed packaged in 50lb bags, strength of CTC is 2.0g/lb, label states: Manufactured For: Powell Feed & Milling 217 Main Street Green Forest, AR 72638",398 bags,"Feed was manufactured without the correct amount of chlortetracycline (CTC), difubenzuron, and/or (S)-Methoprene added and some products are subpotent and others are superpotent.",06/23/2016,02/28/2017,11/09/2018,03/08/2017,"Lot number 6161465634, manufactured on 25MAY16"
Veterinary,No,,74972,Terminated,"Cargill, Inc         Corporate Headquarters",15407 Mcginty Rd W,N/A,Wayzata,MN,	55391-2365,United States,Voluntary: Firm initiated,Telephone,"Recalled product was distributed to customers in AR, IA, IL, KS, MA, MO, MS, NH, NY, OK, TN, and VT.",V-0070-2017,Class II,"Cameron 4oz CTC5600 Fescue Mineral MEDICATED, product code 160200_CT, Type C medicated feed packaged in 50lb bags, strength of CTC is 5600g/ton, label states: Custom Mix Not For Resale or Redistribution Consult Cargill Representative For Feeding Directions Manufactured by: Cargill Animal Nutrition General Office Minneapolis, Minn. 55440",235 bags,"Feed was manufactured without the correct amount of chlortetracycline (CTC), difubenzuron, and/or (S)-Methoprene added and some products are subpotent and others are superpotent.",06/23/2016,02/28/2017,11/09/2018,03/08/2017,"Lot number 6161545709, manufactured on 02JUN16"
Veterinary,No,,74972,Terminated,"Cargill, Inc         Corporate Headquarters",15407 Mcginty Rd W,N/A,Wayzata,MN,	55391-2365,United States,Voluntary: Firm initiated,Telephone,"Recalled product was distributed to customers in AR, IA, IL, KS, MA, MO, MS, NH, NY, OK, TN, and VT.",V-0071-2017,Class II,"Right Now Emerald Anaplas (C2.4) (MC) MEDICATED, product code 55103-C1, Type C medicated feed packaged in 50lb bags, strength of CTC is 2.4g/lb, most responsible firm name on the label states:  Cargill Animal Nutrition General Office Minneapolis, MN. 55440, www.cargillanimalnutrition.com",235 bags,"Feed was manufactured without the correct amount of chlortetracycline (CTC), difubenzuron, and/or (S)-Methoprene added and some products are subpotent and others are superpotent.",06/23/2016,02/28/2017,11/09/2018,03/08/2017,"Lot number 6161545718, manufactured on 02JUN16"
Veterinary,No,,74972,Terminated,"Cargill, Inc         Corporate Headquarters",15407 Mcginty Rd W,N/A,Wayzata,MN,	55391-2365,United States,Voluntary: Firm initiated,Telephone,"Recalled product was distributed to customers in AR, IA, IL, KS, MA, MO, MS, NH, NY, OK, TN, and VT.",V-0072-2017,Class II,"Right Now Emerald Anaplas Fly Control (C2.4/METH) (MC) MEDICATED, product code 55103-C4, Type C medicated feed packaged in 50lb bags, strength of CTC is 2.4g/lb and strength of S-Methoprene is 95.24g/ton, most responsible firm name on the label states:  Cargill Animal Nutrition General Office Minneapolis, MN. 55440, www.cargillanimalnutrition.com","553 bags of lot 6161545720, 399 bags of lot 6161555748","Feed was manufactured without the correct amount of chlortetracycline (CTC), difubenzuron, and/or (S)-Methoprene added and some products are subpotent and others are superpotent.",06/23/2016,02/28/2017,11/09/2018,03/08/2017,"Lot number 6161545720, manufactured on 02JUN16  Lot number 6161555748, manufactured on 03JUN16"
Veterinary,No,,74972,Terminated,"Cargill, Inc         Corporate Headquarters",15407 Mcginty Rd W,N/A,Wayzata,MN,	55391-2365,United States,Voluntary: Firm initiated,Telephone,"Recalled product was distributed to customers in AR, IA, IL, KS, MA, MO, MS, NH, NY, OK, TN, and VT.",V-0073-2017,Class II,"Right Now Gold (C1.4) (MC) MEDICATED, product code 55102-CC, Type C medicated feed packaged in 50lb bags, strength of CTC is 1.4g/lb, most responsible firm name on the label states:  Cargill Animal Nutrition General Office Minneapolis, MN. 55440, www.cargillanimalnutrition.com",238 bags,"Feed was manufactured without the correct amount of chlortetracycline (CTC), difubenzuron, and/or (S)-Methoprene added and some products are subpotent and others are superpotent.",06/23/2016,02/28/2017,11/09/2018,03/08/2017,"Lot number 6161565754, manufactured on 04JUN16"
Veterinary,No,,74972,Terminated,"Cargill, Inc         Corporate Headquarters",15407 Mcginty Rd W,N/A,Wayzata,MN,	55391-2365,United States,Voluntary: Firm initiated,Telephone,"Recalled product was distributed to customers in AR, IA, IL, KS, MA, MO, MS, NH, NY, OK, TN, and VT.",V-0074-2017,Class II,"Cattle Grazers APC Mineral (C2800) (MC) MEDICATED, product code 7144-C, Type C medicated feed packaged in 50lb bags, strength of CTC is 1.4g/lb, most responsible firm name on the label states:  Cargill Animal Nutrition General Office Minneapolis, MN. 55440, www.cargillanimalnutrition.com",397 bags,"Feed was manufactured without the correct amount of chlortetracycline (CTC), difubenzuron, and/or (S)-Methoprene added and some products are subpotent and others are superpotent.",06/23/2016,02/28/2017,11/09/2018,03/08/2017,"Lot number 6161605810, manufactured on 08JUN16"
Veterinary,No,,74972,Terminated,"Cargill, Inc         Corporate Headquarters",15407 Mcginty Rd W,N/A,Wayzata,MN,	55391-2365,United States,Voluntary: Firm initiated,Telephone,"Recalled product was distributed to customers in AR, IA, IL, KS, MA, MO, MS, NH, NY, OK, TN, and VT.",V-0075-2017,Class II,"FortiGraze 6 (CTC 4800) IGR (MC) MEDICATED, product code 151313-C2, Type C medicated feed packaged in 50lb bags, strength of CTC is 2.4g/lb, label states:  Manufactured For: Livestock Nutrition Center 409 Shepard St. Chickasha, OK 73018",198 bags,"Feed was manufactured without the correct amount of chlortetracycline (CTC), difubenzuron, and/or (S)-Methoprene added and some products are subpotent and others are superpotent.",06/23/2016,02/28/2017,11/09/2018,03/08/2017,"Lot number 6161605810, manufactured on 08JUN16"
Veterinary,No,,74972,Terminated,"Cargill, Inc         Corporate Headquarters",15407 Mcginty Rd W,N/A,Wayzata,MN,	55391-2365,United States,Voluntary: Firm initiated,Telephone,"Recalled product was distributed to customers in AR, IA, IL, KS, MA, MO, MS, NH, NY, OK, TN, and VT.",V-0076-2017,Class II,"Appleton City 5 Cow/Stocker MN (C1.4) (MC) MEDICATED, product code 151299-C, Type C medicated feed packaged in 50lb bags, strength of CTC is 1.4g/lb, most responsible firm listed on the label states:  Cargill Animal Nutrition Gneral Office Minneapolis, MN 55440, www.cargillanimalnutrition.com",156 bags,"Feed was manufactured without the correct amount of chlortetracycline (CTC), difubenzuron, and/or (S)-Methoprene added and some products are subpotent and others are superpotent.",06/23/2016,02/28/2017,11/09/2018,03/08/2017,"Lot number 6161655874, manufactured on 13JUN16"
Veterinary,No,,74972,Terminated,"Cargill, Inc         Corporate Headquarters",15407 Mcginty Rd W,N/A,Wayzata,MN,	55391-2365,United States,Voluntary: Firm initiated,Telephone,"Recalled product was distributed to customers in AR, IA, IL, KS, MA, MO, MS, NH, NY, OK, TN, and VT.",V-0077-2017,Class II,"PL06126 Nelson LAC RUM/FLY MEDICATED, product code 160000_NH, Type B medicated feed in bulk, strength of monensin is 205.12g/ton and diflubenzuron is 22.84mg/kg, most responsible firm listed on the label states:  Custom Mix. Not For Resale or Redistribution. Manufactured by: Cargill Animal Nutrition Gneral Office Minneapolis, MN 55440",18025 lbs,"Feed was manufactured without the correct amount of chlortetracycline (CTC), difubenzuron, and/or (S)-Methoprene added and some products are subpotent and others are superpotent.",06/23/2016,02/28/2017,11/09/2018,03/08/2017,"Lot number 6161655886, manufactured on 13JUN16"
Veterinary,No,,75925,Terminated,Producers Cooperative Association,1800 N Texas Ave,N/A,Bryan,TX,	77803-1831,United States,Voluntary: Firm initiated,Telephone,Unknown.,V-0078-2017,Class II,"Producers 478 Show Goat Medicated For Growing Goats (For Ruminants Only) Manufactured by Producers Cooperative Association Bryan, Texas 77806 Net Weight 50 lbs. (22.68 kg) or Bulk",41.25 tons,May contain prohibited animal proteins,11/17/2016,03/13/2017,04/13/2017,03/22/2017,None.
Veterinary,No,,75925,Terminated,Producers Cooperative Association,1800 N Texas Ave,N/A,Bryan,TX,	77803-1831,United States,Voluntary: Firm initiated,Telephone,Unknown.,V-0079-2017,Class II,"Producers 210/1036 Range Mix #2 For Cattle on Pasture Manufactured by Producers Cooperative Association Bryan, Texas 77806 Net Weight 50 lbs. (22.68 kg) or Bulk",64.50 tons,May contain prohibited animal proteins,11/17/2016,03/13/2017,04/13/2017,03/22/2017,None.
Veterinary,No,,75925,Terminated,Producers Cooperative Association,1800 N Texas Ave,N/A,Bryan,TX,	77803-1831,United States,Voluntary: Firm initiated,Telephone,Unknown.,V-0080-2017,Class II,"Producers 472/1105 Cattle Pellet 1.5 Medicated Manufactured by Producers Cooperative Association Bryan, Texas 77806 Net Weight 50 lbs. (22.68 kg) or Bulk",82.50 tons,May contain prohibited animal proteins,11/17/2016,03/13/2017,04/13/2017,03/22/2017,None.
Veterinary,No,,75925,Terminated,Producers Cooperative Association,1800 N Texas Ave,N/A,Bryan,TX,	77803-1831,United States,Voluntary: Firm initiated,Telephone,Unknown.,V-0081-2017,Class II,"Producers 460/1123 Cattle Pellet 1.0 Medicated Manufactured by Producers Cooperative Association Bryan, Texas 77806 Net Weight 50 lbs. (22.68 kg) or Bulk",14 tons,May contain prohibited animal proteins,11/17/2016,03/13/2017,04/13/2017,03/22/2017,None.
Veterinary,No,,75974,Terminated,Fourth & Pomeroy Associates Inc,105 4th St,N/A,Clay Center,KS,	67432-3300,United States,Voluntary: Firm initiated,Letter,Distributed to customers within the state of Kansas.,V-0082-2017,Class II,"KEY POULTRY GROWER 17% AMP MEDICATED Fourth & Pomeroy Associates, Inc. Clay Center, KS 67432, packaged in 50 lb bags.",15 bags,Medicated feed was manufactured with expired Type A medicated article,12/15/2016,03/23/2017,05/19/2017,03/29/2017,6102601
Veterinary,No,,75974,Terminated,Fourth & Pomeroy Associates Inc,105 4th St,N/A,Clay Center,KS,	67432-3300,United States,Voluntary: Firm initiated,Letter,Distributed to customers within the state of Kansas.,V-0083-2017,Class II,"PLT 22 STARTER AMP, Manufactured by Fourth & Pomeroy Associates, Inc. Clay Center, Kansas 67432, packaged in 50 lb bags.",13 bags,Medicated feed was manufactured with expired Type A medicated article,12/15/2016,03/23/2017,05/19/2017,03/29/2017,6090603
Veterinary,No,,76232,Terminated,Phibro Animal Health Corporation,300 Frank W Burr Blvd Ste 21,N/A,Teaneck,NJ,	07666-6712,United States,Voluntary: Firm initiated,Letter,"MN, WI",V-0084-2017,Class II,"NeoTerramycin 100/100D Type A Medicated Article  Net Wt. 50 lbs. (22.7 kg)  Phibro Animal Health Corporation Teaneck, NJ 07666",61 units,"NeoTerramycin 100/100D Type A Medicated Article, LOT NUMBER A61370001NK  was confirmed Out of Specification (OOS) for the neomycin component; 80.0 g/lbs at  the 6-month stability interval under VICH accelerated (40¿C¿2¿C /75%RH¿ 5%)  conditions.",01/09/2017,03/31/2017,07/23/2019,04/12/2017,LOT NUMBER A61370001NK
Veterinary,No,,76128,Terminated,Battle Creek/ CHS LLC dba Progressive Nutrition,PO Box 56,1500 E Omaha Ave,Norfolk,NE,	68701-6194,United States,Voluntary: Firm initiated,"Two or more of the following: Email, Fax, Letter, Press Release, Telephone, Visit",Product was distributed to customers in South Dakota,V-0085-2017,Class I,"40L Distillers Balancer R800, Medicated, Monensin (as Monensin sodium)...800 g/ton Manufactured by: Progressive Nutrition, Norfolk, NE 68701",N/A,The type B article mixing directions not in conformance with the approved labeling.,01/10/2017,04/14/2017,05/31/2017,04/26/2017,m274900 with expiration 01/11/17;   m330620 with expiration 02/13/17;   m331490 with expiration 02/13/17.
Veterinary,No,,75859,Terminated,"Intermountain Farmers Association, Draper Mill",1071 E Pioneer Rd,N/A,Draper,UT,	84020-9645,United States,Voluntary: Firm initiated,"Two or more of the following: Email, Fax, Letter, Press Release, Telephone, Visit","Utah, Idaho, Nevada, Colorado and New Mexico",V-0086-2017,Class I,"IFA Rabbit Pellets. The product comes packaged in 50 lb. paper laminated poly woven bags, marked with lot number containing #1220 and a date between 03/15/16 and 09/15/16 on the side of the blue label.  Storage: dry environment away from pests",248 ton,50 Ib bags of rabbit pellets may contain higher than acceptable levels of vitamin D.,11/28/2016,04/17/2017,08/02/2017,04/26/2017,"item #1220 manufactured between March 22, 2016 and September 01, 2016"
Veterinary,No,,75919,Terminated,blue ridge beef,106 Maddox Rd,N/A,Eatonton,GA,	31024-6009,United States,Voluntary: Firm initiated,Press Release,"AZ, FL, GA, IN, NC, SC and TX.",V-0087-2017,Class I,"Beef For Dogs, 100% Pure Natural Pet Food, Net Wt. 2 lbs., Blue Ridge Beef",70/30 lb. cases,Samples collected by FDA revealed the presence of Salmonella and Listeria monocytogenes.,12/09/2016,04/17/2017,07/26/2017,04/26/2017,"UPC Code: 8542980011009, Lot #ga8516."
Veterinary,No,,75919,Terminated,blue ridge beef,106 Maddox Rd,N/A,Eatonton,GA,	31024-6009,United States,Voluntary: Firm initiated,Press Release,"AZ, FL, GA, IN, NC, SC and TX.",V-0088-2017,Class I,"Kitten Grind, 100% Pure Natural Pet Food, Net Wt. 2 lbs., Blue Ridge Beef.",70/30 lb. cases,Samples collected by FDA revealed the presence of Salmonella and Listeria monocytogenes.,12/09/2016,04/17/2017,07/26/2017,04/26/2017,"UPC Code: 854298001016, Lot #ga81216."
Veterinary,No,,75919,Terminated,blue ridge beef,106 Maddox Rd,N/A,Eatonton,GA,	31024-6009,United States,Voluntary: Firm initiated,Press Release,"AZ, FL, GA, IN, NC, SC and TX.",V-0089-2017,Class I,"Turkey with bone, UPC Code 854298001887",208 cartons,Samples collected by FDA revealed the presence of Salmonella and Listeria monocytogenes.,12/09/2016,04/17/2017,07/26/2017,04/26/2017,"Code Lot #103, Mfg. Date: 1276"
Veterinary,No,,75955,Terminated,CHS Nutrition,5325 10th Ave N,N/A,Great Falls,MT,	59405-1089,United States,Voluntary: Firm initiated,"Two or more of the following: Email, Fax, Letter, Press Release, Telephone, Visit",MT,V-0090-2017,Class I,"PAYBACK Sheep Range 16.  Label reads in part ""***SHEEP RANGE 16 CUBE For Sheep on Pasture.***INGREDIENTS Processed Grain Byproducts, Calcium Carbonate, Molasses Products, Sodium Bentonite, Salt, Zinc Amino Acid Complex, Manganese Sulfate, Sodium Selenite, Zinc Sulfate, Mineral Oil, Sodium Molybdate, Ethylenediamine Dihydriodide, Cobalt Carbonate, Vitamin A Supplement, Vitamin D3 Supplement, Vitamin E Supplement. FEEDING DIRECTIONS SHEEP RANGE 16 CUBE is formulated to provide protein, vitamins, and minerals necessary to supplement the nutrients supplied by forage. Feed this product at the rate of 1 pound per head per day.***Manufactured By:  CHS Inc. Sioux Falls, SD 57107 www.chsinc.com  Bulk or 50 lbs (22.68 kg) Net Weight***""",4 tons,"Payback Sheep Range 16 Cube animal feed is being recalled by CHS Nutrition due to high copper levels.  The product had been distributed to two dealers, who were notified 12/7/16 by phone and e-mail of the recall.  All product being recalled was returned or picked up by CHS.",12/07/2016,04/17/2017,04/24/2017,04/26/2017,GF M295350
Veterinary,No,,76000,Terminated,Farmers Alliance/CHS,120 East Main St,N/A,Corsica,SD,	57328,United States,Voluntary: Firm initiated,Visit,one producer in NE,V-0091-2017,Class I,UGF 1,5947.48 lbs.,Pig feed may potentially contain rumensin residue.,11/24/2016,04/17/2017,07/11/2017,04/26/2017,142330
Veterinary,No,,76000,Terminated,Farmers Alliance/CHS,120 East Main St,N/A,Corsica,SD,	57328,United States,Voluntary: Firm initiated,Visit,one producer in NE,V-0092-2017,Class I,UGF 2,"6,131.74 lbs.",Pig feed may potentially contain rumensin residue.,11/24/2016,04/17/2017,07/11/2017,04/26/2017,142331
Veterinary,No,,76151,Terminated,J M Smucker Co,1 Strawberry Lane,N/A,Orrville,OH,	44667-1241,United States,Voluntary: Firm initiated,Letter,AL  AR  CO  CT  DE  FL  GA  IA  IL  IN  KS  KY  LA  MA  MD  ME  MI  MO  NC  NH  NJ  NY  OH  PA  PR  TN  TX  VA  VT  WI,V-0093-2017,Class I,"9Lives Meaty Pate Seafood Platter  sold in 5.5 oz. cans with 4 cans per pack and 6 packs per case, lot numbers 6355803 and 6356803, Individual Unit UPC 7910000367, and Case UPC 7910003670;    also sold in 24 cans per case with lot number 6356803, and Individual Unit/Case UPC 7910000402    9Lives product: Distributed By: Big Heart Brands, San Francisco, CA 94111",1651  cases (break-down in document sent),A limited voluntary recall is being implemented on certain lots of canned cat food due to possible low levels of thiamine (Vitamin B1).  This issue was identified upon discovery of incorrect vitamin usage in production.,01/03/2017,04/17/2017,05/31/2017,04/26/2017,"9Lives Meaty Pate Seafood Platter, sold in 5.5 oz. cans with 4 cans per pack and 6 packs per case, lot numbers 6355803 and 6356803, Individual Unit UPC 7910000367, and Case UPC 7910003670;     also sold in 24 cans per case with lot number 6356803, and Individual Unit/Case UPC 7910000402"
Veterinary,No,,76151,Terminated,J M Smucker Co,1 Strawberry Lane,N/A,Orrville,OH,	44667-1241,United States,Voluntary: Firm initiated,Letter,AL  AR  CO  CT  DE  FL  GA  IA  IL  IN  KS  KY  LA  MA  MD  ME  MI  MO  NC  NH  NJ  NY  OH  PA  PR  TN  TX  VA  VT  WI,V-0094-2017,Class I,"9Lives Meaty Pate with Ocean Whitefish,   sold in 5.5 oz. cans with 24 cans per case,  lot number 6358803, and Individual Unit/Case UPC 7910000420;     Distributed By: Big Heart Brands, San Francisco, CA 94111",781 cases 24 cans/cs,A limited voluntary recall is being implemented on certain lots of canned cat food due to possible low levels of thiamine (Vitamin B1).  This issue was identified upon discovery of incorrect vitamin usage in production.,01/03/2017,04/17/2017,05/31/2017,04/26/2017,"9Lives Meaty Pate with Ocean Whitefish, sold in 5.5 oz. cans with 24 cans per case,  lot number 6358803, and Individual Unit/Case UPC 7910000420"
Veterinary,No,,76151,Terminated,J M Smucker Co,1 Strawberry Lane,N/A,Orrville,OH,	44667-1241,United States,Voluntary: Firm initiated,Letter,AL  AR  CO  CT  DE  FL  GA  IA  IL  IN  KS  KY  LA  MA  MD  ME  MI  MO  NC  NH  NJ  NY  OH  PA  PR  TN  TX  VA  VT  WI,V-0095-2017,Class I,"Special Kitty Classic Tuna Dinner,   sold in 13 oz. cans with 12 cans per case, lot number 6358803, and Individual Unit/Case UPC 8113112157;   Distributed By: Wal-mart Stores, Inc., Bentonville, AR 72716",594 cases 24 cans/cs,A limited voluntary recall is being implemented on certain lots of canned cat food due to possible low levels of thiamine (Vitamin B1).  This issue was identified upon discovery of incorrect vitamin usage in production.,01/03/2017,04/17/2017,05/31/2017,04/26/2017,"Special Kitty Classic Tuna Dinner, sold in 13 oz. cans with 12 cans per case, lot number 6358803, and Individual Unit/Case UPC 8113112157"
Veterinary,No,,76151,Terminated,J M Smucker Co,1 Strawberry Lane,N/A,Orrville,OH,	44667-1241,United States,Voluntary: Firm initiated,Letter,AL  AR  CO  CT  DE  FL  GA  IA  IL  IN  KS  KY  LA  MA  MD  ME  MI  MO  NC  NH  NJ  NY  OH  PA  PR  TN  TX  VA  VT  WI,V-0096-2017,Class I,"9Lives Meaty Pate with Chicken and Tuna, sold in 13 oz. cans with 12 cans per case, lot number 6354803, Individual Unit UPC 7910052238, Case UPC 7910052228;     also sold in 5.5 oz. cans with 24 cans per case, lot numbers 6356803 and 6357803, Individual Unit/Case UPC: 7910000324;     also sold in 5.5 oz. cans with 4 cans per pack and 6 packs per case, lot number 6357803, Individual Unit UPC 7910000366, and Case UPC 7910003660.    9Lives products: Distributed By: Big Heart Brands, San Francisco, CA 94111",1362 cases,A limited voluntary recall is being implemented on certain lots of canned cat food due to possible low levels of thiamine (Vitamin B1).  This issue was identified upon discovery of incorrect vitamin usage in production.,01/03/2017,04/17/2017,05/31/2017,04/26/2017,"9Lives Meaty Pate with Chicken and Tuna, sold in 13 oz. cans with 12 cans per case, lot number 6354803, Individual Unit UPC 7910052238, Case UPC 7910052228;     also sold in 5.5 oz. cans with 24 cans per case, lot numbers 6356803 and 6357803, Individual Unit/Case UPC: 7910000324;     also sold in 5.5 oz. cans with 4 cans per pack and 6 packs per case, lot number 6357803, Individual Unit UPC 7910000366, and Case UPC 7910003660"
Veterinary,No,,76151,Terminated,J M Smucker Co,1 Strawberry Lane,N/A,Orrville,OH,	44667-1241,United States,Voluntary: Firm initiated,Letter,AL  AR  CO  CT  DE  FL  GA  IA  IL  IN  KS  KY  LA  MA  MD  ME  MI  MO  NC  NH  NJ  NY  OH  PA  PR  TN  TX  VA  VT  WI,V-0097-2017,Class I,"9Lives Meaty Pate Super Supper, sold in 5.5 oz. cans with 24 cans per case, lot number 6358803, Individual Unit/Case UPC 7910000327;     also sold in 5.5 oz. cans with 4 cans per pack and 6 packs per case, lot numbers 6357803 and 6358803, Individual Unit UPC 7910000286, and Case UPC 7910002860;     also sold in 13 oz. cans with 12 cans per case, lot numbers 6354803, 6355803, and 6364803, Individual Unit UPC 7910052239, and Case UPC 7910052229;     also labeled as Special Kitty Super Supper and sold in 13 oz. cans with 12 cans per case, lot numbers 6354803 and 6355803, Individual Unit UPC 8113179041, and Case UPC 7910079041    9Lives products: Distributed By: Big Heart Brands, San Francisco, CA 94111",7756 cases,A limited voluntary recall is being implemented on certain lots of canned cat food due to possible low levels of thiamine (Vitamin B1).  This issue was identified upon discovery of incorrect vitamin usage in production.,01/03/2017,04/17/2017,05/31/2017,04/26/2017,"9Lives Meaty Pate Super Supper, sold in 5.5 oz. cans with 24 cans per case, lot number 6358803, Individual Unit/Case UPC 7910000327;     also sold in 5.5 oz. cans with 4 cans per pack and 6 packs per case, lot numbers 6357803 and 6358803, Individual Unit UPC 7910000286, and Case UPC 7910002860;     also sold in 13 oz. cans with 12 cans per case, lot numbers 6354803, 6355803. Individual Unit UPC 7910052239, and Case UPC 7910052229;     also labeled as Special Kitty Super Supper and sold in 13 oz. cans with 12 cans per case, lot numbers 6354803 and 6355803, Individual Unit UPC 8113179041, and Case UPC 7910079041"
Veterinary,No,,76151,Terminated,J M Smucker Co,1 Strawberry Lane,N/A,Orrville,OH,	44667-1241,United States,Voluntary: Firm initiated,Letter,AL  AR  CO  CT  DE  FL  GA  IA  IL  IN  KS  KY  LA  MA  MD  ME  MI  MO  NC  NH  NJ  NY  OH  PA  PR  TN  TX  VA  VT  WI,V-0098-2017,Class I,"9Lives Meaty Pate with Chicken and Seafood, sold in 5.5 oz. cans with 4 cans per pack and 6 packs per case, lot number 6356803, Individual Unit UPC 7910000364, and Case UPC 7910003640    9Lives products: Distributed By: Big Heart Brands, San Francisco, CA 94111",448 cases,A limited voluntary recall is being implemented on certain lots of canned cat food due to possible low levels of thiamine (Vitamin B1).  This issue was identified upon discovery of incorrect vitamin usage in production.,01/03/2017,04/17/2017,05/31/2017,04/26/2017,"9Lives Meaty Pate with Chicken and Seafood, sold in 5.5 oz. cans with 4 cans per pack and 6 packs per case, lot number 6356803, Individual Unit UPC 7910000364, and Case UPC 7910003640"
Veterinary,No,,76151,Terminated,J M Smucker Co,1 Strawberry Lane,N/A,Orrville,OH,	44667-1241,United States,Voluntary: Firm initiated,Letter,AL  AR  CO  CT  DE  FL  GA  IA  IL  IN  KS  KY  LA  MA  MD  ME  MI  MO  NC  NH  NJ  NY  OH  PA  PR  TN  TX  VA  VT  WI,V-0099-2017,Class I,"9Lives Meaty Pate with Chicken Dinner, sold in 5.5 oz. cans with 24 cans per case, lot number 6356803, and Individual Unit/Case UPC 7910000410    Distributed By: Big Heart Brands, San Francisco, CA 94111;",651 cases,A limited voluntary recall is being implemented on certain lots of canned cat food due to possible low levels of thiamine (Vitamin B1).  This issue was identified upon discovery of incorrect vitamin usage in production.,01/03/2017,04/17/2017,05/31/2017,04/26/2017,"9Lives Meaty Pate with Chicken Dinner, sold in 5.5 oz. cans with 24 cans per case, lot number 6356803, and Individual Unit/Case UPC 7910000410"
Veterinary,No,,76151,Terminated,J M Smucker Co,1 Strawberry Lane,N/A,Orrville,OH,	44667-1241,United States,Voluntary: Firm initiated,Letter,AL  AR  CO  CT  DE  FL  GA  IA  IL  IN  KS  KY  LA  MA  MD  ME  MI  MO  NC  NH  NJ  NY  OH  PA  PR  TN  TX  VA  VT  WI,V-0100-2017,Class I,"9Lives Meaty Pate with Liver and Chicken, sold in 5.5 oz. cans with 4 cans per pack and 6 packs per case, lot number 6355803, and Individual Unit/Case UPC 7910000312    Distributed By: Big Heart Brands, San Francisco, CA 94111;",204 cases,A limited voluntary recall is being implemented on certain lots of canned cat food due to possible low levels of thiamine (Vitamin B1).  This issue was identified upon discovery of incorrect vitamin usage in production.,01/03/2017,04/17/2017,05/31/2017,04/26/2017,"9Lives Meaty Pate with Liver and Chicken, sold in 5.5 oz. cans with 4 cans per pack and 6 packs per case, lot number 6355803, and Individual Unit/Case UPC 7910000312"
Veterinary,No,,76151,Terminated,J M Smucker Co,1 Strawberry Lane,N/A,Orrville,OH,	44667-1241,United States,Voluntary: Firm initiated,Letter,AL  AR  CO  CT  DE  FL  GA  IA  IL  IN  KS  KY  LA  MA  MD  ME  MI  MO  NC  NH  NJ  NY  OH  PA  PR  TN  TX  VA  VT  WI,V-0101-2017,Class I,"9Lives Seafood & Poultry Favorites, sold in 5.5 oz. cans with 24 cans total per case, including 8 cans per case of Real Ocean Whitefish, 8 cans per case of Meaty Pate Super Supper, and 8 cans per case of Meaty Pate with Real Chicken & Tuna, lot number 6307803, and Individual Unit/Case UPC 7910053377    Distributed By: Big Heart Brands, San Francisco, CA 94111  ",224 cartons,A limited voluntary recall is being implemented on certain lots of canned cat food due to possible low levels of thiamine (Vitamin B1).  This issue was identified upon discovery of incorrect vitamin usage in production.,01/03/2017,04/17/2017,05/31/2017,04/26/2017,"9Lives Seafood & Poultry Favorites, sold in 5.5 oz. cans with 24 cans total per case, including 8 cans per case of Real Ocean Whitefish, 8 cans per case of Meaty Pate Super Supper, and 8 cans per case of Meaty Pate with Real Chicken & Tuna, lot number 6307803, and Individual Unit/Case UPC 7910053377"
Veterinary,No,,76151,Terminated,J M Smucker Co,1 Strawberry Lane,N/A,Orrville,OH,	44667-1241,United States,Voluntary: Firm initiated,Letter,AL  AR  CO  CT  DE  FL  GA  IA  IL  IN  KS  KY  LA  MA  MD  ME  MI  MO  NC  NH  NJ  NY  OH  PA  PR  TN  TX  VA  VT  WI,V-0102-2017,Class I,"EverPet Mixed Grill Dinner, sole in 13 oz. cans with 12 cans per case, lot number 6356803, and Individual Unit/Case UPC 7910053114    Distributed By: Dolgen Corp, LLC., 100 Mission Ridge, Goodlettsville, TN 37072;      Also labeled as Special Kitty Mixed Grill Dinner, sold in 13 oz. cans in printed wrap with 12 cans per pack and one pack per case, lot numbers 6355803 and 6356803, and Individual Unit/Case UPC 8113109609;     also sold in 13 oz. cans without printed wrap with 12 cans per case, lot number 6356803, and Individual Unit/Case UPC 8113112119    Distributed By: Wal-mart Stores, Inc., Bentonville, AR 72716",4875 cases,A limited voluntary recall is being implemented on certain lots of canned cat food due to possible low levels of thiamine (Vitamin B1).  This issue was identified upon discovery of incorrect vitamin usage in production.,01/03/2017,04/17/2017,05/31/2017,04/26/2017,"EverPet Mixed Grill Dinner, sole in 13 oz. cans with 12 cans per case, lot number 6356803, and Individual Unit/Case UPC 7910053114.      Also labeled as Special Kitty Mixed Grill Dinner, sold in 13 oz. cans in printed wrap with 12 cans per pack and one pack per case, lot numbers 6355803 and 6356803, and Individual Unit/Case UPC 8113109609;     also sold in 13 oz. cans without printed wrap with 12 cans per case, lot number 6356803, and Individual Unit/Case UPC 8113112119"
Veterinary,No,,76151,Terminated,J M Smucker Co,1 Strawberry Lane,N/A,Orrville,OH,	44667-1241,United States,Voluntary: Firm initiated,Letter,AL  AR  CO  CT  DE  FL  GA  IA  IL  IN  KS  KY  LA  MA  MD  ME  MI  MO  NC  NH  NJ  NY  OH  PA  PR  TN  TX  VA  VT  WI,V-0103-2017,Class I,"Special Kitty Beef and Liver Dinner, sold in 13 oz. can with 12 cans per case, lot number 6355803, and Individual Unit/Case UPC 8113112120    Distributed By: Wal-mart Stores, Inc., Bentonville, AR 72716;   ",608 cases,A limited voluntary recall is being implemented on certain lots of canned cat food due to possible low levels of thiamine (Vitamin B1).  This issue was identified upon discovery of incorrect vitamin usage in production.,01/03/2017,04/17/2017,05/31/2017,04/26/2017,"Special Kitty Beef and Liver Dinner, sold in 13 oz. can with 12 cans per case, lot number 6355803, and Individual Unit/Case UPC 8113112120"
Veterinary,No,,76261,Terminated,Grange Coop Supply Assn,28 South Front St,N/A,Central Point,OR,	97502-2242,United States,Voluntary: Firm initiated,"Two or more of the following: Email, Fax, Letter, Press Release, Telephone, Visit","CA, MS, OR, and TX",V-0104-2017,Class I,"Rogue All Purpose Rabbit Pellets, 25 lbs. and 50 lbs. bags, and 1500 lbs. totes",189.28 tons,"Rogue All Purpose Rabbit Pellets, in all sizes and all lots are being recalled because the products may contain higher than acceptable levels of vitamin D.",01/13/2017,04/17/2017,08/16/2017,04/26/2017,none
Veterinary,No,,76088,Terminated,Whitestone Feeds Hardin,62 College St,N/A,Hardin,KY,	42048-9175,United States,Voluntary: Firm initiated,Telephone,The product was distributed to the following states: AL and GA.    There are no government accounts for this recall.    There are no Mexico accounts for this recall.    There are no Canada accounts for this recall.,V-0105-2017,Class I,"J.E.S Premium 40 Tub, A Free-Choice Supplement for Beef Cattle on Pasture.  250 lb plastic tubs.",258 tons,Feed is attributed to cattle deaths due to elevated levels of non-protein nitrogen.,12/23/2016,04/17/2017,06/25/2020,04/26/2017,All lots.  Product code: JES 3104-8
Veterinary,No,,76706,Terminated,Blue Buffalo Company Ltd,11 River Rd,N/A,Wilton,CT,	06897-6010,United States,Voluntary: Firm initiated,"Two or more of the following: Email, Fax, Letter, Press Release, Telephone, Visit",AZ  CA  FL  GA  IL  IN  KS  KY  MA  MI  MN  MT  NC  NJ  NV  OH  OR  PA  SC  TX  VA  WA  WI,V-0106-2017,Class I,BLUE Wilderness Rocky Mountain Recipe Red Meat Dinner Wet Food for Adult Dogs 12.5 oz can UPC# 840243101153  ,"8887 cases (12 per case) total 106,644 cans",Product may contain elevated levels of thyroid hormones.,03/17/2017,04/17/2017,09/07/2017,04/26/2017,"Best Buy Date June 7, 2019 (found on the bottom of the can)"
Veterinary,No,,76755,Terminated,Wellpet Llc,200 Ames Pond Dr,N/A,Tewksbury,MA,	01876-1290,United States,Voluntary: Firm initiated,"Two or more of the following: Email, Fax, Letter, Press Release, Telephone, Visit","Nationwide  Foreign: Canada, Australia,",V-0107-2017,Class I,"WELLNESS***ninety-five percent***BEEF***ALL NATURAL GRAIN FREE NOTHING ARTIFICIAL ***Packed with super premium real beef. As a mixer or topper, it's simply delicious!***FOOD FOR DOGS***NET WT 13.2 oz (374 G)can ***Old Mother Hubbard, Inc. ***Enhancing Pets Lives Since 1926***Tewksbury, MA 01824-4125 ***MADE IN USA***INGREDIENTS: BEEF, WATER SUFFICIENT FOR PROCESSING, NATURAL FLAVORS, CASSIA GUM, CARRAGEENAN  UPC Codes: Can: 076344894506 Case: 076344894001","16,161 cases (12 cans per case)",Product  contains Elevated Levels of Thyroid Hormones,03/17/2017,04/17/2017,11/17/2017,04/26/2017,"Best By:  02 FEB 19, 29 AUG 19, 30 AUG 19"
Veterinary,No,,76211,Terminated,Burkmann Feeds of Glasgow LLC,100 Georgetown Ln,N/A,Glasgow,KY,	42141-1932,United States,Voluntary: Firm initiated,Telephone,Product was distributed to one stable in KY.,V-0108-2017,Class I,"Spencer Benedict 11% Horse Feed, bulk","7,999 pounds",Product is suspect of drug contamination.,12/30/2016,05/01/2017,09/29/2017,05/10/2017,12141613-1
Veterinary,No,,75956,Terminated,Ridley Block Operations,111 E Cherry St Ste 500,N/A,Mankato,MN,	56001-0505,United States,Voluntary: Firm initiated,Letter,"The product was distributed to the following states: VA, TN.    There are no government accounts for this recall.    There are no Canada accounts for this recall.    There are no Mexico accounts for this recall.",V-0109-2017,Class I,"Ultralyx Nutritional Supplement 24% + 3% Mag Composite Block For Beef Cattle on Pasture, 200 lb. plastic tubs",328 - 200lb tubs,Cattle deaths due to elevated levels of non-protein nitrogen.,12/14/2016,05/01/2017,05/04/2020,05/10/2017,"Product number-10636, Batch number-HB01088454"
Veterinary,No,,76608,Terminated,Absolute Veterinary Compounding Pharmacy,2005 Fort Worth Hwy,#100,Weatherford,TX,	76086-4779,United States,Voluntary: Firm initiated,Telephone,OK,V-0110-2017,Class I,Methocarbamol Suspension 100 mg/mL Suspension in a 500 mL white plastic bottle. UPC: 12/22/16-12/22/16,2 bottles,Incorrect medication dispensed for compounding/compounded veterinary products.,02/28/2017,05/01/2017,05/07/2020,05/10/2017,MET122216
Veterinary,No,,76944,Terminated,Phibro Animal Health Corporation,300 Frank W Burr Blvd Ste 21,N/A,Teaneck,NJ,	07666-6712,United States,Voluntary: Firm initiated,Letter,"GA, NC & TX",V-0111-2017,Class II,"Nicarb 25% Type A Medicated Article 8.4 mg/kg     Distributed by : Phibrio Animal Health Corporation Teaneck, NJ 07666    NDC 66104-8200-0      Packed in a 50 lb./bag (22.68 kg/bag) Multi-wall bag with the following construction/configuration 4 ply Natural Kraft and 1 ply 0.8 mil HDPE",239 bags,"Phibro Animal Health Corporation (Phibro) is initiating this recall because the 18-month stability sample (kept under the VICH 25¿C/60%RH condition) of Nicarb 25% Type A Medicated Article Lot JSC692, has assayed out of specification (OOS), 24.4%.",04/06/2017,05/18/2017,02/27/2020,05/24/2017,JSC692
Veterinary,No,,76403,Terminated,Simmons Foods Inc,601 N Hico St,N/A,Siloam Springs,AR,	72761,United States,Voluntary: Firm initiated,Letter,Nationwide,V-0112-2017,Class II,"Doctors Fosters & Smith Chicken and Brown Rice Formula Adult  Dog Food Net Wt. 12.7 oz.  Distributed by Foster & Smith, Inc. Rhinelander, WI 54501-0100  UPC 8-25141-12020-8",910 cases,This recall has been initiated due to receiving a notification of a consumer complaint regarding foreign material in Doctors Fosters and Smith Chicken and Brown Rice Dog Food.,02/01/2017,05/19/2017,02/14/2018,05/31/2017,BATCH ID 32CDS116
Veterinary,No,,76403,Terminated,Simmons Foods Inc,601 N Hico St,N/A,Siloam Springs,AR,	72761,United States,Voluntary: Firm initiated,Letter,Nationwide,V-0113-2017,Class II,"Blue Buffalo Homestyle Recipe Healthy Weight Chicken Dinner With Garden Vegetable , Net Wt. 12.5  oz.  Distributed by Blue Buffalo Co., Ltd  11 River Rd. Wilson, CT 06897  UPC 8-40243-10017-0  ","2,535 cases",This recall has been initiated due to receiving a notification of a consumer complaint regarding foreign material in Doctors Fosters and Smith Chicken and Brown Rice Dog Food.,02/01/2017,05/19/2017,02/14/2018,05/31/2017,62HYCS1
Veterinary,No,,76403,Terminated,Simmons Foods Inc,601 N Hico St,N/A,Siloam Springs,AR,	72761,United States,Voluntary: Firm initiated,Letter,Nationwide,V-0114-2017,Class II,"Companion with Chicken and Rice Dog Food   Net Wt. 13.2 oz    Distributed by Foodhold USA LLC Landover, MD 20785 UPC 6-88267-07501-8",644 cases,This recall has been initiated due to receiving a notification of a consumer complaint regarding foreign material in Doctors Fosters and Smith Chicken and Brown Rice Dog Food.,02/01/2017,05/19/2017,02/14/2018,05/31/2017,PCR1S1
Veterinary,No,,76403,Terminated,Simmons Foods Inc,601 N Hico St,N/A,Siloam Springs,AR,	72761,United States,Voluntary: Firm initiated,Letter,Nationwide,V-0115-2017,Class II,"Companion with Turkey and Bacon Dog Food  Net Wt. 13.2 oz      Distributed by Foodhold USA LLC Landover, MD 20785     UPC 6-88267-00356-1",478 cases,This recall has been initiated due to receiving a notification of a consumer complaint regarding foreign material in Doctors Fosters and Smith Chicken and Brown Rice Dog Food.,02/01/2017,05/19/2017,02/14/2018,05/31/2017,PTB1S1
Veterinary,No,,76403,Terminated,Simmons Foods Inc,601 N Hico St,N/A,Siloam Springs,AR,	72761,United States,Voluntary: Firm initiated,Letter,Nationwide,V-0116-2017,Class II,"Companion with Chicken, Lamb and Rice Dog Food    Net Wt. 13.2 oz   Distributed by Foodhold USA LLC Landover, MD 20785     UPC 6-88267-00360-8",814 cases,This recall has been initiated due to receiving a notification of a consumer complaint regarding foreign material in Doctors Fosters and Smith Chicken and Brown Rice Dog Food.,02/01/2017,05/19/2017,02/14/2018,05/31/2017,PCM1S1
Veterinary,No,,76403,Terminated,Simmons Foods Inc,601 N Hico St,N/A,Siloam Springs,AR,	72761,United States,Voluntary: Firm initiated,Letter,Nationwide,V-0117-2017,Class II,"Always Save    Fish Flavor Cat Food Net Wt. 13.2 oz.    Proudly Distributed By:    Associated Wholesale Grocers, Inc. Kansas City, Kansas 66106    UPC 0-70038-32970-1",405 cases,This recall has been initiated due to receiving a notification of a consumer complaint regarding foreign material in Doctors Fosters and Smith Chicken and Brown Rice Dog Food.,02/01/2017,05/19/2017,02/14/2018,05/31/2017,RLC7 16JJJS1
Veterinary,No,,76403,Terminated,Simmons Foods Inc,601 N Hico St,N/A,Siloam Springs,AR,	72761,United States,Voluntary: Firm initiated,Letter,Nationwide,V-0118-2017,Class II,"Always Save    Chicken Flavor Cat Food Net Wt. 13.2 oz    Proudly Distributed By:  Associated Wholesale Grocers, Inc. Kansas City, Kansas 66106    UPC 0-70038-32972-5",402 cases,This recall has been initiated due to receiving a notification of a consumer complaint regarding foreign material in Doctors Fosters and Smith Chicken and Brown Rice Dog Food.,02/01/2017,05/19/2017,02/14/2018,05/31/2017,RLF7 16JJJS1
Veterinary,No,,76403,Terminated,Simmons Foods Inc,601 N Hico St,N/A,Siloam Springs,AR,	72761,United States,Voluntary: Firm initiated,Letter,Nationwide,V-0119-2017,Class II,"Home 360 Pet    Dog Food with Turkey & Bacon     Net Wt. 13.2 oz     Proudly Distributed By:  DZA Brands LLC 2110 Executive Drive, Salisbury, NC 28147  UPC 7-25439-96016-8",1162 cases,This recall has been initiated due to receiving a notification of a consumer complaint regarding foreign material in Doctors Fosters and Smith Chicken and Brown Rice Dog Food.,02/01/2017,05/19/2017,02/14/2018,05/31/2017,PTB1S1
Veterinary,No,,76403,Terminated,Simmons Foods Inc,601 N Hico St,N/A,Siloam Springs,AR,	72761,United States,Voluntary: Firm initiated,Letter,Nationwide,V-0120-2017,Class II,"Sprout Ultra High Performance Cat Food Country Chicken Dinner    Net Wt. 13.2 oz    Distributed By:    Mills Fleet Farm  PO Box 1199, Appleton, WI 54912      UPC 0-88302-42230-0",432 Cases,This recall has been initiated due to receiving a notification of a consumer complaint regarding foreign material in Doctors Fosters and Smith Chicken and Brown Rice Dog Food.,02/01/2017,05/19/2017,02/14/2018,05/31/2017,CCF1S1
Veterinary,No,,76403,Terminated,Simmons Foods Inc,601 N Hico St,N/A,Siloam Springs,AR,	72761,United States,Voluntary: Firm initiated,Letter,Nationwide,V-0121-2017,Class II,"Sprout Ultra High Performance Dog Food with Beef, Bacon & Cheese    Net Wt. 13.2 oz.    Distributed By:    Mills Fleet Farm  PO Box 1199, Appleton, WI 54912      UPC 0-01304-50491-1",122 cases,This recall has been initiated due to receiving a notification of a consumer complaint regarding foreign material in Drs Fosters and Smith Chicken and Brown Rice Dog Food.,02/01/2017,05/19/2017,02/14/2018,05/31/2017,PBB1S1
Veterinary,No,,76403,Terminated,Simmons Foods Inc,601 N Hico St,N/A,Siloam Springs,AR,	72761,United States,Voluntary: Firm initiated,Letter,Nationwide,V-0122-2017,Class II,"Grreat Choice with Chicken and Rice Classic Ground Dog Food Net Wt 13.2 oz  Dist. by: Pacific Coast Distributing, Inc. 19601 N. 27th Avenue Phoenix, AZ USA 85027  UPC 7-37257-26116-7    ",242 cans,This recall has been initiated due to receiving a notification of a consumer complaint regarding foreign material in Doctors Fosters and Smith Chicken and Brown Rice Dog Food.,02/01/2017,05/19/2017,02/14/2018,05/31/2017,PCR1S1
Veterinary,No,,76403,Terminated,Simmons Foods Inc,601 N Hico St,N/A,Siloam Springs,AR,	72761,United States,Voluntary: Firm initiated,Letter,Nationwide,V-0123-2017,Class II,"Cat Cuisine Turkey & Giblets Dinner Cat Food Net Wt. 13.2 oz   Distributed by: Save-A-Lot Food Stores, LTD Earth City, MO 63045  UPC 7-37257-26116-7    Net Wt. 13.2 oz.    Distributed By:    Mills Fleet Farm  PO Box 1199, Appleton, WI 54912      UPC 0-51933-46489-6",461 cases,This recall has been initiated due to receiving a notification of a consumer complaint regarding foreign material in Doctors Fosters and Smith Chicken and Brown Rice Dog Food.,02/01/2017,05/19/2017,02/14/2018,05/31/2017,FTG151
Veterinary,No,,76403,Terminated,Simmons Foods Inc,601 N Hico St,N/A,Siloam Springs,AR,	72761,United States,Voluntary: Firm initiated,Letter,Nationwide,V-0124-2017,Class II,Triumph Premium Cat Food Ocean Fish Formula  Net Wt. 13.2 oz  UPC 0-73657-00289-5,785 cases,This recall has been initiated due to receiving a notification of a consumer complaint regarding foreign material in Drs Fosters and Smith Chicken and Brown Rice Dog Food.,02/01/2017,05/19/2017,02/14/2018,05/31/2017,TOF1S1
Veterinary,No,,76403,Terminated,Simmons Foods Inc,601 N Hico St,N/A,Siloam Springs,AR,	72761,United States,Voluntary: Firm initiated,Letter,Nationwide,V-0125-2017,Class II,"4Health Chicken & Rice Formula For Dogs  Net Wt. 13.2 oz.  Distributed by:  Tractor Supply Company 200 Powell Place  Brentwood, TN 37027  UPC 7-49394-01849-8",3454 cases,This recall has been initiated due to receiving a notification of a consumer complaint regarding foreign material in Drs Fosters and Smith Chicken and Brown Rice Dog Food.,02/01/2017,05/19/2017,02/14/2018,05/31/2017,UDC1S1
Veterinary,No,,76403,Terminated,Simmons Foods Inc,601 N Hico St,N/A,Siloam Springs,AR,	72761,United States,Voluntary: Firm initiated,Letter,Nationwide,V-0126-2017,Class II,"4Health Turkey & Salmon Dinner for Cats  Net Wt. 13.2 oz.  Distributed by:  Tractor Supply Company 200 Powell Place  Brentwood, TN 37027  UPC 7-49394-04303-2",1602 cases,This recall has been initiated due to receiving a notification of a consumer complaint regarding foreign material in Doctors Fosters and Smith Chicken and Brown Rice Dog Food.,02/01/2017,05/19/2017,02/14/2018,05/31/2017,UCTSS1
Veterinary,No,,76403,Terminated,Simmons Foods Inc,601 N Hico St,N/A,Siloam Springs,AR,	72761,United States,Voluntary: Firm initiated,Letter,Nationwide,V-0127-2017,Class II,"4Health Lamb and Rice Formula   Net Wt. 13.2 oz.    Distributed by:  Tractor Supply Company 200 Powell Place  Brentwood, TN 37027  UPC 0-49394-01850-4",4064 cases,This recall has been initiated due to receiving a notification of a consumer complaint regarding foreign material in Doctors Fosters and Smith Chicken and Brown Rice Dog Food.,02/01/2017,05/19/2017,02/14/2018,05/31/2017,UDL1S1
Veterinary,No,,76403,Terminated,Simmons Foods Inc,601 N Hico St,N/A,Siloam Springs,AR,	72761,United States,Voluntary: Firm initiated,Letter,Nationwide,V-0128-2017,Class II,"Wellness Beef & Chicken Formula Net Wt. 12.5 oz.  Old Mother Hubbard, Inc.  Tewksbury, MA 01876  UPC 0-76344-08821-9",955 cases,This recall has been initiated due to receiving a notification of a consumer complaint regarding foreign material in Drs Fosters and Smith Chicken and Brown Rice Dog Food.,02/01/2017,05/19/2017,02/14/2018,05/31/2017,7WBCS1
Veterinary,No,,76403,Terminated,Simmons Foods Inc,601 N Hico St,N/A,Siloam Springs,AR,	72761,United States,Voluntary: Firm initiated,Letter,Nationwide,V-0129-2017,Class II,"Wellness Beef & Salmon Formula Net Wt. 12.5 oz.  Old Mother Hubbard, Inc.  Tewksbury, MA 01876  UPC 0-76344-09122-6",1851 cases,This recall has been initiated due to receiving a notification of a consumer complaint regarding foreign material in Drs Fosters and Smith Chicken and Brown Rice Dog Food.,02/01/2017,05/19/2017,02/14/2018,05/31/2017,7WBSS1
Veterinary,No,,76403,Terminated,Simmons Foods Inc,601 N Hico St,N/A,Siloam Springs,AR,	72761,United States,Voluntary: Firm initiated,Letter,Nationwide,V-0130-2017,Class II,"Wellness Chicken Formula Net Wt. 12.5 oz.  Old Mother Hubbard, Inc.  Tewksbury, MA 01876  UPC 0-76344-08822-6",23706 Cases,This recall has been initiated due to receiving a notification of a consumer complaint regarding foreign material in Drs Fosters and Smith Chicken and Brown Rice Dog Food.,02/01/2017,05/19/2017,02/14/2018,05/31/2017,7WCCS1
Veterinary,No,,76403,Terminated,Simmons Foods Inc,601 N Hico St,N/A,Siloam Springs,AR,	72761,United States,Voluntary: Firm initiated,Letter,Nationwide,V-0131-2017,Class II,"Wellness Chicken & Herring Formula Net Wt. 12.5 oz.  Old Mother Hubbard, Inc.  Tewksbury, MA 01876  UPC 0-76344-08820-2",10242 cases,This recall has been initiated due to receiving a notification of a consumer complaint regarding foreign material in Drs Fosters and Smith Chicken and Brown Rice Dog Food.,02/01/2017,05/19/2017,02/14/2018,05/31/2017,7WCHS1
Veterinary,No,,76403,Terminated,Simmons Foods Inc,601 N Hico St,N/A,Siloam Springs,AR,	72761,United States,Voluntary: Firm initiated,Letter,Nationwide,V-0132-2017,Class II,"Wellness Chicken & & Lobster Formula  Net Wt. 12.5 oz  Old Mother Hubbard, Inc.  Tewksbury, MA 01876  UPC 0-76344-08869-1",849 cases,This recall has been initiated due to receiving a notification of a consumer complaint regarding foreign material in Drs Fosters and Smith Chicken and Brown Rice Dog Food.,02/01/2017,05/19/2017,02/14/2018,05/31/2017,7WCLS1
Veterinary,No,,76403,Terminated,Simmons Foods Inc,601 N Hico St,N/A,Siloam Springs,AR,	72761,United States,Voluntary: Firm initiated,Letter,Nationwide,V-0133-2017,Class II,"Wellness Turkey Formula  Net Wt. 12.5 oz  Old Mother Hubbard, Inc.  Tewksbury, MA 01876  UPC 0-76344-08823-3",24534 cases,This recall has been initiated due to receiving a notification of a consumer complaint regarding foreign material in Drs Fosters and Smith Chicken and Brown Rice Dog Food.,02/01/2017,05/19/2017,02/14/2018,05/31/2017,7WTKS1
Veterinary,No,,76403,Terminated,Simmons Foods Inc,601 N Hico St,N/A,Siloam Springs,AR,	72761,United States,Voluntary: Firm initiated,Letter,Nationwide,V-0134-2017,Class II,"Wellness Turkey & Salmon Formula  Net Wt. 12.5 oz  Old Mother Hubbard, Inc.  Tewksbury, MA 01876  UPC 0-76344-08819-6",6793 cases,This recall has been initiated due to receiving a notification of a consumer complaint regarding foreign material in Drs Fosters and Smith Chicken and Brown Rice Dog Food.,02/01/2017,05/19/2017,02/14/2018,05/31/2017,7WTSS1
Veterinary,No,,76616,Terminated,"WellPet, LLC",1011 W 11th St,N/A,Mishawaka,IN,	46544-4818,United States,Voluntary: Firm initiated,Letter,US:AZ CA FL MA MI MN NC NJ NV NY PA RI TX VT WA  Canada    Product was distributed to 26 accounts.,V-0135-2017,Class II,"Wellness Chicken & Herring Formula, Natural Food for Cats, Net Wt. 12.5 oz (354g); UPC: 0 76344 08820 2","68,991 cases (total for all products)",Product may contain metal fragments.,02/10/2017,05/19/2017,07/03/2017,05/31/2017,Best By: 08/04/2019
Veterinary,No,,76616,Terminated,"WellPet, LLC",1011 W 11th St,N/A,Mishawaka,IN,	46544-4818,United States,Voluntary: Firm initiated,Letter,US:AZ CA FL MA MI MN NC NJ NV NY PA RI TX VT WA  Canada    Product was distributed to 26 accounts.,V-0136-2017,Class II,"Wellness Canned Chicken Formula, Natural Food for Cats, Net WT. 12.5 oz (354 g)0 76344 08822 6","68,991 cases (total for all products)",Product may contain metal fragments.,02/10/2017,05/19/2017,07/03/2017,05/31/2017,Best By: 08/03/2019 & 08/04/2019
Veterinary,No,,76616,Terminated,"WellPet, LLC",1011 W 11th St,N/A,Mishawaka,IN,	46544-4818,United States,Voluntary: Firm initiated,Letter,US:AZ CA FL MA MI MN NC NJ NV NY PA RI TX VT WA  Canada    Product was distributed to 26 accounts.,V-0137-2017,Class II,"Wellness Chicken & Lobster Formula, Natural Food for Cats, Net Wt. 12.5 oz (354g); UPC: 0 76344 08869 1","68,991 cases (total for all products)",Product may contain metal fragments.,02/10/2017,05/19/2017,07/03/2017,05/31/2017,Best By: 08/04/2019
Veterinary,No,,76616,Terminated,"WellPet, LLC",1011 W 11th St,N/A,Mishawaka,IN,	46544-4818,United States,Voluntary: Firm initiated,Letter,US:AZ CA FL MA MI MN NC NJ NV NY PA RI TX VT WA  Canada    Product was distributed to 26 accounts.,V-0138-2017,Class II,"Wellness Turkey & Salmon Formula, Natural Food for Cats, Net Wt. 12.5 oz (354g); UPC: 0 76344 08819 6","68,991 cases (total for all products)",Product may contain metal fragments.,02/10/2017,05/19/2017,07/03/2017,05/31/2017,Best By: 08/05/2019
Veterinary,No,,76616,Terminated,"WellPet, LLC",1011 W 11th St,N/A,Mishawaka,IN,	46544-4818,United States,Voluntary: Firm initiated,Letter,US:AZ CA FL MA MI MN NC NJ NV NY PA RI TX VT WA  Canada    Product was distributed to 26 accounts.,V-0139-2017,Class II,"Wellness Turkey Formula, Natural Food for Cats, Net Wt. 12.5 oz (354g); UPC: 0 76344 08823 3","68,991 cases (total for all products)",Product may contain metal fragments.,02/10/2017,05/19/2017,07/03/2017,05/31/2017,Best By: 08/04/2019 & 08/05/2019
Veterinary,No,,76616,Terminated,"WellPet, LLC",1011 W 11th St,N/A,Mishawaka,IN,	46544-4818,United States,Voluntary: Firm initiated,Letter,US:AZ CA FL MA MI MN NC NJ NV NY PA RI TX VT WA  Canada    Product was distributed to 26 accounts.,V-0140-2017,Class II,"Wellness Beef & Chicken Formula, Natural Food for Cats, Net Wt. 12.5 oz (354g); UPC: 0 76344 08821 9","68,991 cases (total for all products)",Product may contain metal fragments.,02/10/2017,05/19/2017,07/03/2017,05/31/2017,Best By: 08/05/2019
Veterinary,No,,76616,Terminated,"WellPet, LLC",1011 W 11th St,N/A,Mishawaka,IN,	46544-4818,United States,Voluntary: Firm initiated,Letter,US:AZ CA FL MA MI MN NC NJ NV NY PA RI TX VT WA  Canada    Product was distributed to 26 accounts.,V-0141-2017,Class II,"Wellness Beef & Salmon Formula, Natural Food for Cats, Net Wt. 12.5 oz (354g); UPC: 0 76344 09122 6","68,991 cases (total for all products)",Product may contain metal fragments.,02/10/2017,05/19/2017,07/03/2017,05/31/2017,Best By: 08/05/2019
Veterinary,No,,75266,Terminated,Biozyme Inc,787 E County Road T,N/A,Fremont,NE,	68025-7809,United States,Voluntary: Firm initiated,Telephone,"Product was distributed to customers in IA, NE, and SD",V-0142-2017,Class II,"Peet's, 23% Broiler RTN MD CR Medicated, Amprolium 0.025%, Biozyme Incorporated St. Joseph MO, 50 lb bag",189 50-lb bags,An ingredient used in the manufacture of animal feeds was recalled due to contamination with Salmonella.,08/01/2016,05/19/2017,05/23/2017,05/31/2017,159400
Veterinary,No,,75266,Terminated,Biozyme Inc,787 E County Road T,N/A,Fremont,NE,	68025-7809,United States,Voluntary: Firm initiated,Telephone,"Product was distributed to customers in IA, NE, and SD",V-0143-2017,Class II,"Peet's, 32% Goat Supplement D46 Medicated, Decoquinate 46 grams/ton, Biozyme Incorporated St. Joseph MO, 50 lb bag",40 50-lb bags,An ingredient used in the manufacture of animal feeds was recalled due to contamination with Salmonella.,08/01/2016,05/19/2017,05/23/2017,05/31/2017,573-2S
Veterinary,No,,75266,Terminated,Biozyme Inc,787 E County Road T,N/A,Fremont,NE,	68025-7809,United States,Voluntary: Firm initiated,Telephone,"Product was distributed to customers in IA, NE, and SD",V-0144-2017,Class II,"Peet's, Hotchkiss Challenger 34-8, Biozyme Incorporated St. Joseph MO, bulk","12,000 lbs bulk",An ingredient used in the manufacture of animal feeds was recalled due to contamination with Salmonella.,08/01/2016,05/19/2017,05/23/2017,05/31/2017,513-2H
Veterinary,No,,75266,Terminated,Biozyme Inc,787 E County Road T,N/A,Fremont,NE,	68025-7809,United States,Voluntary: Firm initiated,Telephone,"Product was distributed to customers in IA, NE, and SD",V-0145-2017,Class II,"Peet's, Sup'R Sow Pel, Biozyme Incorporated St. Joseph MO, 50 lb bag",77 50-lb bags,An ingredient used in the manufacture of animal feeds was recalled due to contamination with Salmonella.,08/01/2016,05/19/2017,05/23/2017,05/31/2017,130200
Veterinary,No,,75266,Terminated,Biozyme Inc,787 E County Road T,N/A,Fremont,NE,	68025-7809,United States,Voluntary: Firm initiated,Telephone,"Product was distributed to customers in IA, NE, and SD",V-0146-2017,Class II,"Peet's, Flexi-con AMA Meal, Biozyme Incorporated St. Joseph MO, 50 lb bag",74 50-lb bags,An ingredient used in the manufacture of animal feeds was recalled due to contamination with Salmonella.,08/01/2016,05/19/2017,05/23/2017,05/31/2017,13542A
Veterinary,No,,75266,Terminated,Biozyme Inc,787 E County Road T,N/A,Fremont,NE,	68025-7809,United States,Voluntary: Firm initiated,Telephone,"Product was distributed to customers in IA, NE, and SD",V-0147-2017,Class II,"Peet's, Flexi-con, Biozyme Incorporated St. Joseph MO, 50 lb bag and bulk","32,000 lb bulk and 79 50-lb bags",An ingredient used in the manufacture of animal feeds was recalled due to contamination with Salmonella.,08/01/2016,05/19/2017,05/23/2017,05/31/2017,8-3 354
Veterinary,No,,75266,Terminated,Biozyme Inc,787 E County Road T,N/A,Fremont,NE,	68025-7809,United States,Voluntary: Firm initiated,Telephone,"Product was distributed to customers in IA, NE, and SD",V-0148-2017,Class II,"Peet's, Pig Start 100, Biozyme Incorporated St. Joseph MO, 50 lb bag",77 50lb-bags,An ingredient used in the manufacture of animal feeds was recalled due to contamination with Salmonella.,08/01/2016,05/19/2017,05/23/2017,05/31/2017,12-6 214
Veterinary,No,,75266,Terminated,Biozyme Inc,787 E County Road T,N/A,Fremont,NE,	68025-7809,United States,Voluntary: Firm initiated,Telephone,"Product was distributed to customers in IA, NE, and SD",V-0149-2017,Class II,"Peet's, Pig Start 300, Biozyme Incorporated St. Joseph MO, 50 lb bag",72 50-lb bags,An ingredient used in the manufacture of animal feeds was recalled due to contamination with Salmonella.,08/01/2016,05/19/2017,05/23/2017,05/31/2017,12-6 214
Veterinary,No,,75266,Terminated,Biozyme Inc,787 E County Road T,N/A,Fremont,NE,	68025-7809,United States,Voluntary: Firm initiated,Telephone,"Product was distributed to customers in IA, NE, and SD",V-0150-2017,Class II,"Peet's, Hoegermeyer Sow Base Mix Meal, Biozyme Incorporated St. Joseph MO, 50 lb bag",76 50-lb bags,An ingredient used in the manufacture of animal feeds was recalled due to contamination with Salmonella.,08/01/2016,05/19/2017,05/23/2017,05/31/2017,12062H
Veterinary,No,,75266,Terminated,Biozyme Inc,787 E County Road T,N/A,Fremont,NE,	68025-7809,United States,Voluntary: Firm initiated,Telephone,"Product was distributed to customers in IA, NE, and SD",V-0151-2017,Class II,"Peet's, Base Mix Extra Phy Meal, Biozyme Incorporated St. Joseph MO, bulk","12,000 lbs bulk",An ingredient used in the manufacture of animal feeds was recalled due to contamination with Salmonella.,08/01/2016,05/19/2017,05/23/2017,05/31/2017,12062P
Veterinary,No,,76453,Terminated,Blue Buffalo Company Ltd,11 River Rd,N/A,Wilton,CT,	06897-6010,United States,Voluntary: Firm initiated,"Two or more of the following: Email, Fax, Letter, Press Release, Telephone, Visit","NY, RI, PA, OH, IL, GA, MA, SC, NC, TX, NJ, KY, TN    Canada",V-0152-2017,Class II,"Blue Homestyle Recipe¿ Healthy Weight Chicken Dinner with Garden Vegetables; 12.5 oz. Can,  UPC Code: 840243100170  ",N/A,Product may contain metal fragments.,02/13/2017,05/19/2017,09/11/2017,05/31/2017,"August 3, 2019"
Veterinary,No,,77379,Terminated,"CHS, Inc.",13400 van Buren St,N/A,Holland,MI,	49424-9410,United States,Voluntary: Firm initiated,Telephone,Single consignee MI.,V-0153-2017,Class II,F1015L JBS Swine G/F #5 Meal KLF W/Linco;   medicated swine meal 40 Tons bulk.  Custom Bulk swine Feed medicated with Lincomix,40 Ton,Illegal drug combination with one drug being toxic to swine.  56 lbs of Zoamix substituted for 56 lbs of Lincomix in 40 Ton batch,05/25/2017,06/15/2017,07/21/2017,06/21/2017,36097
Veterinary,No,,75559,Terminated,Cache Commodities Incorporated,860 W 24th St,N/A,Ogden,UT,	84401-1231,United States,Voluntary: Firm initiated,"Two or more of the following: Email, Fax, Letter, Press Release, Telephone, Visit","Utah, Idaho, and Wyoming.  No government, VA/govt/military consignees.",V-0154-2017,Class I,"Commercial Rabbit, Complete feed for all rabbits with high energy requirements, 50 lb bag, Packaged in white, poly blend bags, Store feed in a dry area, Distributed by Cache Commodities, Inc., Ogden, Utah",3472 bags,high levels of Vitamin D,10/21/2016,06/19/2017,03/08/2019,06/28/2017,"Product Code CR045;   Date, Release Number, Lot Numbers:  6/15/16, 152136-1, 16166-01 and 16166-02;   07/15/16, 152335-19, 16196-01 and 16196-02;   07/18/16, 152489-1, 16199-01 and 16199-02;   07/30/16, 152641-7, 16211-01 and 16211-02;   08/17/16, 152766-53, 16229-01 and 16229-02;   09/08/16, 153016-26, 16251-01 and 16251-02;   10/18/16, 153213-27, 16291-01 and 16291-02;   10/19/16, 153597-26, 16292-01 and 16292-02."
Veterinary,No,,75559,Terminated,Cache Commodities Incorporated,860 W 24th St,N/A,Ogden,UT,	84401-1231,United States,Voluntary: Firm initiated,"Two or more of the following: Email, Fax, Letter, Press Release, Telephone, Visit","Utah, Idaho, and Wyoming.  No government, VA/govt/military consignees.",V-0155-2017,Class I,Family Rabbit #1318,157,high levels of Vitamin D,10/21/2016,06/19/2017,03/08/2019,06/28/2017,Product Code CR046  and Lot Number 152292-53; Date 07/18/16
Veterinary,No,,75559,Terminated,Cache Commodities Incorporated,860 W 24th St,N/A,Ogden,UT,	84401-1231,United States,Voluntary: Firm initiated,"Two or more of the following: Email, Fax, Letter, Press Release, Telephone, Visit","Utah, Idaho, and Wyoming.  No government, VA/govt/military consignees.",V-0156-2017,Class I,Jensen Custom Mix,153,high levels of Vitamin D,10/21/2016,06/19/2017,03/08/2019,06/28/2017,Product Code 5257 and Lot Number 152789-10 ; Date 08/18/16
Veterinary,No,,77441,Terminated,Spectrum Brands Inc,3001 Commerce St,N/A,Blacksburg,VA,	24060-6671,United States,Voluntary: Firm initiated,Telephone,"Multiple states nationwide and Canada. States include AL, AR, AZ, CA, CO, CT, DE, FL, GA, IA, ID, IL, IN, KS, KY, LA, MA, MD, ME, MI, MN, MO, MS, NC, NE, NJ, NV, NY, OH, OK, OR, PA, RI, SC, TN, TX, UT, VA, WA, WI, and WV",V-0157-2017,Class II,"Companion, Skin & Coat Chicken Flavored Chews, Distributed by: Foodhold USA LLC Landover, MD 20785, packaged in 2 count roll packages",Unknown,Investigation of complaints of an off odor on the product revealed that the product is potentially contaminated with an equipment sanitizer (quaternary ammonium).,06/05/2017,07/11/2017,02/02/2018,07/19/2017,"All codes beginning with AH, AV, A, AI, AO, or AB and expiration dates between 6/1/2019 and 5/31/2020"
Veterinary,No,,77441,Terminated,Spectrum Brands Inc,3001 Commerce St,N/A,Blacksburg,VA,	24060-6671,United States,Voluntary: Firm initiated,Telephone,"Multiple states nationwide and Canada. States include AL, AR, AZ, CA, CO, CT, DE, FL, GA, IA, ID, IL, IN, KS, KY, LA, MA, MD, ME, MI, MN, MO, MS, NC, NE, NJ, NV, NY, OH, OK, OR, PA, RI, SC, TN, TX, UT, VA, WA, WI, and WV",V-0158-2017,Class II,"Good 'n' Fun, Triple Flavor Chews, United Pet Group, a Division of Spectrum Brands, Blacksburg, VA, packaged in 2 count 7'' rolls, UPC 0 91093 82243 3;",Unknown,Investigation of complaints of an off odor on the product revealed that the product is potentially contaminated with an equipment sanitizer (quaternary ammonium).,06/05/2017,07/11/2017,02/02/2018,07/19/2017,"All codes beginning with AH, AV, A, AI, AO, AB and expiration dates between 6/1/2019 and 5/31/2020"
Veterinary,No,,77441,Terminated,Spectrum Brands Inc,3001 Commerce St,N/A,Blacksburg,VA,	24060-6671,United States,Voluntary: Firm initiated,Telephone,"Multiple states nationwide and Canada. States include AL, AR, AZ, CA, CO, CT, DE, FL, GA, IA, ID, IL, IN, KS, KY, LA, MA, MD, ME, MI, MN, MO, MS, NC, NE, NJ, NV, NY, OH, OK, OR, PA, RI, SC, TN, TX, UT, VA, WA, WI, and WV",V-0159-2017,Class II,"Good 'n' Fun, Beefhide Chicken Sticks, United Pet Group, a Division of Spectrum Brands, Blacksburg, VA, 10 count stick packages, UPC 0 91093 82247 1;",Unknown,Investigation of complaints of an off odor on the product revealed that the product is potentially contaminated with an equipment sanitizer (quaternary ammonium).,06/05/2017,07/11/2017,02/02/2018,07/19/2017,"All codes beginning with AH, AV, A, AI, AO, AB and expiration dates between 6/1/2019 and 5/31/2020"
Veterinary,No,,77441,Terminated,Spectrum Brands Inc,3001 Commerce St,N/A,Blacksburg,VA,	24060-6671,United States,Voluntary: Firm initiated,Telephone,"Multiple states nationwide and Canada. States include AL, AR, AZ, CA, CO, CT, DE, FL, GA, IA, ID, IL, IN, KS, KY, LA, MA, MD, ME, MI, MN, MO, MS, NC, NE, NJ, NV, NY, OH, OK, OR, PA, RI, SC, TN, TX, UT, VA, WA, WI, and WV",V-0160-2017,Class II,"Good 'n' Fun, Triple Flavor Chews, United Pet Group, a Division of Spectrum Brands, Blacksburg, VA, packaged in the following ways 1) 3 count 4'' bones, UPC 0 91093 82247 1; 2) 1 count 8'' bone, UPC 0 91093 82257 0;",Unknown,Investigation of complaints of an off odor on the product revealed that the product is potentially contaminated with an equipment sanitizer (quaternary ammonium).,06/05/2017,07/11/2017,02/02/2018,07/19/2017,"All codes beginning with AH, AV, A, AI, AO, AB and expiration dates between 6/1/2019 and 5/31/2020"
Veterinary,No,,77441,Terminated,Spectrum Brands Inc,3001 Commerce St,N/A,Blacksburg,VA,	24060-6671,United States,Voluntary: Firm initiated,Telephone,"Multiple states nationwide and Canada. States include AL, AR, AZ, CA, CO, CT, DE, FL, GA, IA, ID, IL, IN, KS, KY, LA, MA, MD, ME, MI, MN, MO, MS, NC, NE, NJ, NV, NY, OH, OK, OR, PA, RI, SC, TN, TX, UT, VA, WA, WI, and WV",V-0161-2017,Class II,"Good 'n' Fun, Pro Dips, Beef Flavored Liver Flavored, United Pet Group, a Division of Spectrum Brands, Blacksburg, VA, packaged in the following ways 1) 5 count 4'' bones, UPC 0 91093 55001 5; 2) 2 count 7'' bone, UPC 0 91093 55001 5;",Unknown,Investigation of complaints of an off odor on the product revealed that the product is potentially contaminated with an equipment sanitizer (quaternary ammonium).,06/05/2017,07/11/2017,02/02/2018,07/19/2017,"All codes beginning with AH, AV, A, AI, AO, AB and expiration dates between 6/1/2019 and 5/31/2020"
Veterinary,No,,77441,Terminated,Spectrum Brands Inc,3001 Commerce St,N/A,Blacksburg,VA,	24060-6671,United States,Voluntary: Firm initiated,Telephone,"Multiple states nationwide and Canada. States include AL, AR, AZ, CA, CO, CT, DE, FL, GA, IA, ID, IL, IN, KS, KY, LA, MA, MD, ME, MI, MN, MO, MS, NC, NE, NJ, NV, NY, OH, OK, OR, PA, RI, SC, TN, TX, UT, VA, WA, WI, and WV",V-0162-2017,Class II,"Good 'n' Fun, Pro Dips, Peanut Butter Flavored, United Pet Group, a Division of Spectrum Brands, Blacksburg, VA, packaged in the following ways 1) 5 count 4'' bones, UPC 0 91093 55007 7; 2) 2 count 7'' bone, UPC 0 91093 55008 4;",Unknown,Investigation of complaints of an off odor on the product revealed that the product is potentially contaminated with an equipment sanitizer (quaternary ammonium).,06/05/2017,07/11/2017,02/02/2018,07/19/2017,"All codes beginning with AH, AV, A, AI, AO, AB and expiration dates between 6/1/2019 and 5/31/2020"
Veterinary,No,,77441,Terminated,Spectrum Brands Inc,3001 Commerce St,N/A,Blacksburg,VA,	24060-6671,United States,Voluntary: Firm initiated,Telephone,"Multiple states nationwide and Canada. States include AL, AR, AZ, CA, CO, CT, DE, FL, GA, IA, ID, IL, IN, KS, KY, LA, MA, MD, ME, MI, MN, MO, MS, NC, NE, NJ, NV, NY, OH, OK, OR, PA, RI, SC, TN, TX, UT, VA, WA, WI, and WV",V-0163-2017,Class II,"Good 'n' Fun, Beefy Ribs, Beef Flavored, United Pet Group, a Division of Spectrum Brands, Blacksburg, VA, packaged in the following ways 1) 5 count, UPC 0 91093 64208 6; 2) 24 count, UPC 0 91093 82365 2;",Unknown,Investigation of complaints of an off odor on the product revealed that the product is potentially contaminated with an equipment sanitizer (quaternary ammonium).,06/05/2017,07/11/2017,02/02/2018,07/19/2017,"All codes beginning with AH, AV, A, AI, AO, AB and expiration dates between 6/1/2019 and 5/31/2020"
Veterinary,No,,77441,Terminated,Spectrum Brands Inc,3001 Commerce St,N/A,Blacksburg,VA,	24060-6671,United States,Voluntary: Firm initiated,Telephone,"Multiple states nationwide and Canada. States include AL, AR, AZ, CA, CO, CT, DE, FL, GA, IA, ID, IL, IN, KS, KY, LA, MA, MD, ME, MI, MN, MO, MS, NC, NE, NJ, NV, NY, OH, OK, OR, PA, RI, SC, TN, TX, UT, VA, WA, WI, and WV",V-0164-2017,Class II,"Good 'n' Fun, Beefy sticks, Beef Flavored, United Pet Group, a Division of Spectrum Brands, Blacksburg, VA, packaged in 100 count packages, UPC 0 91093 93924 7;",Unknown,Investigation of complaints of an off odor on the product revealed that the product is potentially contaminated with an equipment sanitizer (quaternary ammonium).,06/05/2017,07/11/2017,02/02/2018,07/19/2017,"All codes beginning with AH, AV, A, AI, AO, AB and expiration dates between 6/1/2019 and 5/31/2020"
Veterinary,No,,77441,Terminated,Spectrum Brands Inc,3001 Commerce St,N/A,Blacksburg,VA,	24060-6671,United States,Voluntary: Firm initiated,Telephone,"Multiple states nationwide and Canada. States include AL, AR, AZ, CA, CO, CT, DE, FL, GA, IA, ID, IL, IN, KS, KY, LA, MA, MD, ME, MI, MN, MO, MS, NC, NE, NJ, NV, NY, OH, OK, OR, PA, RI, SC, TN, TX, UT, VA, WA, WI, and WV",V-0165-2017,Class II,"Good 'n' Fun, Chew Bone, United Pet Group, a Division of Spectrum Brands, Blacksburg, VA, packaged in 1) 1 count 7'' packages, UPC 0 91093 14215 9; 2)  1 count 4'' packages, UPC 0 91093 14152 7; 3)  1 count 15'' packages, UPC 0 91093 14283 8;",Unknown,Investigation of complaints of an off odor on the product revealed that the product is potentially contaminated with an equipment sanitizer (quaternary ammonium).,06/05/2017,07/11/2017,02/02/2018,07/19/2017,"All codes beginning with AH, AV, A, AI, AO, AB and expiration dates between 6/1/2019 and 5/31/2020"
Veterinary,No,,77441,Terminated,Spectrum Brands Inc,3001 Commerce St,N/A,Blacksburg,VA,	24060-6671,United States,Voluntary: Firm initiated,Telephone,"Multiple states nationwide and Canada. States include AL, AR, AZ, CA, CO, CT, DE, FL, GA, IA, ID, IL, IN, KS, KY, LA, MA, MD, ME, MI, MN, MO, MS, NC, NE, NJ, NV, NY, OH, OK, OR, PA, RI, SC, TN, TX, UT, VA, WA, WI, and WV",V-0166-2017,Class II,"Good 'n' Fun, Beef Bone, United Pet Group, a Division of Spectrum Brands, Blacksburg, VA, packaged in 1) 1 count 9'' packages, UPC 0 91093 25288 9; 2)  1 count 4'' packages, UPC 0 91093 25162 2;",Unknown,Investigation of complaints of an off odor on the product revealed that the product is potentially contaminated with an equipment sanitizer (quaternary ammonium).,06/05/2017,07/11/2017,02/02/2018,07/19/2017,"All codes beginning with AH, AV, A, AI, AO, AB and expiration dates between 6/1/2019 and 5/31/2020"
Veterinary,No,,77441,Terminated,Spectrum Brands Inc,3001 Commerce St,N/A,Blacksburg,VA,	24060-6671,United States,Voluntary: Firm initiated,Telephone,"Multiple states nationwide and Canada. States include AL, AR, AZ, CA, CO, CT, DE, FL, GA, IA, ID, IL, IN, KS, KY, LA, MA, MD, ME, MI, MN, MO, MS, NC, NE, NJ, NV, NY, OH, OK, OR, PA, RI, SC, TN, TX, UT, VA, WA, WI, and WV",V-0167-2017,Class II,"Good 'n' Fun, Chew Roll, United Pet Group, a Division of Spectrum Brands, Blacksburg, VA, packaged in 1 count 10'' packages, UPC 0 91093 14377 4;",Unknown,Investigation of complaints of an off odor on the product revealed that the product is potentially contaminated with an equipment sanitizer (quaternary ammonium).,06/05/2017,07/11/2017,02/02/2018,07/19/2017,"All codes beginning with AH, AV, A, AI, AO, AB and expiration dates between 6/1/2019 and 5/31/2020"
Veterinary,No,,77441,Terminated,Spectrum Brands Inc,3001 Commerce St,N/A,Blacksburg,VA,	24060-6671,United States,Voluntary: Firm initiated,Telephone,"Multiple states nationwide and Canada. States include AL, AR, AZ, CA, CO, CT, DE, FL, GA, IA, ID, IL, IN, KS, KY, LA, MA, MD, ME, MI, MN, MO, MS, NC, NE, NJ, NV, NY, OH, OK, OR, PA, RI, SC, TN, TX, UT, VA, WA, WI, and WV",V-0168-2017,Class II,"Good 'n' Fun, Chicken Chew Roll, United Pet Group, a Division of Spectrum Brands, Blacksburg, VA, packaged in 1 count 10'' packages, UPC 0 91093 27150 7;",Unknown,Investigation of complaints of an off odor on the product revealed that the product is potentially contaminated with an equipment sanitizer (quaternary ammonium).,06/05/2017,07/11/2017,02/02/2018,07/19/2017,"All codes beginning with AH, AV, A, AI, AO, AB and expiration dates between 6/1/2019 and 5/31/2020"
Veterinary,No,,77441,Terminated,Spectrum Brands Inc,3001 Commerce St,N/A,Blacksburg,VA,	24060-6671,United States,Voluntary: Firm initiated,Telephone,"Multiple states nationwide and Canada. States include AL, AR, AZ, CA, CO, CT, DE, FL, GA, IA, ID, IL, IN, KS, KY, LA, MA, MD, ME, MI, MN, MO, MS, NC, NE, NJ, NV, NY, OH, OK, OR, PA, RI, SC, TN, TX, UT, VA, WA, WI, and WV",V-0169-2017,Class II,"Good 'n' Fun, Natural Chew Ring, United Pet Group, a Division of Spectrum Brands, Blacksburg, VA, packaged in 1 count 6'' packages, UPC 0 91093 14359 0;",Unknown,Investigation of complaints of an off odor on the product revealed that the product is potentially contaminated with an equipment sanitizer (quaternary ammonium).,06/05/2017,07/11/2017,02/02/2018,07/19/2017,"All codes beginning with AH, AV, A, AI, AO, AB and expiration dates between 6/1/2019 and 5/31/2020"
Veterinary,No,,77441,Terminated,Spectrum Brands Inc,3001 Commerce St,N/A,Blacksburg,VA,	24060-6671,United States,Voluntary: Firm initiated,Telephone,"Multiple states nationwide and Canada. States include AL, AR, AZ, CA, CO, CT, DE, FL, GA, IA, ID, IL, IN, KS, KY, LA, MA, MD, ME, MI, MN, MO, MS, NC, NE, NJ, NV, NY, OH, OK, OR, PA, RI, SC, TN, TX, UT, VA, WA, WI, and WV",V-0170-2017,Class II,"Good 'n' Fun, Chew Bones, United Pet Group, a Division of Spectrum Brands, Blacksburg, VA, packaged in 8 count 4'' bone packages, UPC 0 91093 80206 0;",Unknown,Investigation of complaints of an off odor on the product revealed that the product is potentially contaminated with an equipment sanitizer (quaternary ammonium).,06/05/2017,07/11/2017,02/02/2018,07/19/2017,"All codes beginning with AH, AV, A, AI, AO, AB and expiration dates between 6/1/2019 and 5/31/2020"
Veterinary,No,,77441,Terminated,Spectrum Brands Inc,3001 Commerce St,N/A,Blacksburg,VA,	24060-6671,United States,Voluntary: Firm initiated,Telephone,"Multiple states nationwide and Canada. States include AL, AR, AZ, CA, CO, CT, DE, FL, GA, IA, ID, IL, IN, KS, KY, LA, MA, MD, ME, MI, MN, MO, MS, NC, NE, NJ, NV, NY, OH, OK, OR, PA, RI, SC, TN, TX, UT, VA, WA, WI, and WV",V-0171-2017,Class II,"Good 'n' Fun, Beef bone, United Pet Group, a Division of Spectrum Brands, Blacksburg, VA, packaged in 1 count 10'' roll packages, UPC 0 91093 80206 0;",Unknown,Investigation of complaints of an off odor on the product revealed that the product is potentially contaminated with an equipment sanitizer (quaternary ammonium).,06/05/2017,07/11/2017,02/02/2018,07/19/2017,"All codes beginning with AH, AV, A, AI, AO, AB and expiration dates between 6/1/2019 and 5/31/2020"
Veterinary,No,,77441,Terminated,Spectrum Brands Inc,3001 Commerce St,N/A,Blacksburg,VA,	24060-6671,United States,Voluntary: Firm initiated,Telephone,"Multiple states nationwide and Canada. States include AL, AR, AZ, CA, CO, CT, DE, FL, GA, IA, ID, IL, IN, KS, KY, LA, MA, MD, ME, MI, MN, MO, MS, NC, NE, NJ, NV, NY, OH, OK, OR, PA, RI, SC, TN, TX, UT, VA, WA, WI, and WV",V-0172-2017,Class II,"Good 'n' Fun, Chew Chips, United Pet Group, a Division of Spectrum Brands, Blacksburg, VA, packaged in 1 lb packages, UPC 0 91093 96270 9;",Unknown,Investigation of complaints of an off odor on the product revealed that the product is potentially contaminated with an equipment sanitizer (quaternary ammonium).,06/05/2017,07/11/2017,02/02/2018,07/19/2017,"All codes beginning with AH, AV, A, AI, AO, AB and expiration dates between 6/1/2019 and 5/31/2020"
Veterinary,No,,77441,Terminated,Spectrum Brands Inc,3001 Commerce St,N/A,Blacksburg,VA,	24060-6671,United States,Voluntary: Firm initiated,Telephone,"Multiple states nationwide and Canada. States include AL, AR, AZ, CA, CO, CT, DE, FL, GA, IA, ID, IL, IN, KS, KY, LA, MA, MD, ME, MI, MN, MO, MS, NC, NE, NJ, NV, NY, OH, OK, OR, PA, RI, SC, TN, TX, UT, VA, WA, WI, and WV",V-0173-2017,Class II,"Good 'n' Fit, Skin & Coat Chews Beef Flavored, United Pet Group, a Division of Spectrum Brands, Blacksburg, VA, packaged in 1) 5 count 4'' bone packages, UPC 0 91093 31224 8; 2) 1 count 7'' bone packages UPC 0 91093 31222 4; 3) 1 count 9'' bones UPC 0 91093 31223 1;",Unknown,Investigation of complaints of an off odor on the product revealed that the product is potentially contaminated with an equipment sanitizer (quaternary ammonium).,06/05/2017,07/11/2017,02/02/2018,07/19/2017,"All codes beginning with AH, AV, A, AI, AO, AB and expiration dates between 6/1/2019 and 5/31/2020"
Veterinary,No,,77441,Terminated,Spectrum Brands Inc,3001 Commerce St,N/A,Blacksburg,VA,	24060-6671,United States,Voluntary: Firm initiated,Telephone,"Multiple states nationwide and Canada. States include AL, AR, AZ, CA, CO, CT, DE, FL, GA, IA, ID, IL, IN, KS, KY, LA, MA, MD, ME, MI, MN, MO, MS, NC, NE, NJ, NV, NY, OH, OK, OR, PA, RI, SC, TN, TX, UT, VA, WA, WI, and WV",V-0174-2017,Class II,"Good 'n' Fit, Skin & Coat Beef Flavored Chips, United Pet Group, a Division of Spectrum Brands, Blacksburg, VA, packaged in 4 oz packages, UPC 0 91093 31227 9;",Unknown,Investigation of complaints of an off odor on the product revealed that the product is potentially contaminated with an equipment sanitizer (quaternary ammonium).,06/05/2017,07/11/2017,02/02/2018,07/19/2017,"All codes beginning with AH, AV, A, AI, AO, AB and expiration dates between 6/1/2019 and 5/31/2020"
Veterinary,No,,77441,Terminated,Spectrum Brands Inc,3001 Commerce St,N/A,Blacksburg,VA,	24060-6671,United States,Voluntary: Firm initiated,Telephone,"Multiple states nationwide and Canada. States include AL, AR, AZ, CA, CO, CT, DE, FL, GA, IA, ID, IL, IN, KS, KY, LA, MA, MD, ME, MI, MN, MO, MS, NC, NE, NJ, NV, NY, OH, OK, OR, PA, RI, SC, TN, TX, UT, VA, WA, WI, and WV",V-0175-2017,Class II,"Good 'n' Fit, Skin & Coat Beef Flavored Crunchy Sticks, United Pet Group, a Division of Spectrum Brands, Blacksburg, VA, packaged in 20 count packages, UPC 0 91093 31230 9;",Unknown,Investigation of complaints of an off odor on the product revealed that the product is potentially contaminated with an equipment sanitizer (quaternary ammonium).,06/05/2017,07/11/2017,02/02/2018,07/19/2017,"All codes beginning with AH, AV, A, AI, AO, AB and expiration dates between 6/1/2019 and 5/31/2020"
Veterinary,No,,77441,Terminated,Spectrum Brands Inc,3001 Commerce St,N/A,Blacksburg,VA,	24060-6671,United States,Voluntary: Firm initiated,Telephone,"Multiple states nationwide and Canada. States include AL, AR, AZ, CA, CO, CT, DE, FL, GA, IA, ID, IL, IN, KS, KY, LA, MA, MD, ME, MI, MN, MO, MS, NC, NE, NJ, NV, NY, OH, OK, OR, PA, RI, SC, TN, TX, UT, VA, WA, WI, and WV",V-0176-2017,Class II,"Good 'n' Fit, Skin & Coat Chews, United Pet Group, a Division of Spectrum Brands, Blacksburg, VA, packaged in 7 count 5'' roll packages, UPC 0 91093 31126 5;",Unknown,Investigation of complaints of an off odor on the product revealed that the product is potentially contaminated with an equipment sanitizer (quaternary ammonium).,06/05/2017,07/11/2017,02/02/2018,07/19/2017,"All codes beginning with AH, AV, A, AI, AO, AB and expiration dates between 6/1/2019 and 5/31/2020"
Veterinary,No,,77441,Terminated,Spectrum Brands Inc,3001 Commerce St,N/A,Blacksburg,VA,	24060-6671,United States,Voluntary: Firm initiated,Telephone,"Multiple states nationwide and Canada. States include AL, AR, AZ, CA, CO, CT, DE, FL, GA, IA, ID, IL, IN, KS, KY, LA, MA, MD, ME, MI, MN, MO, MS, NC, NE, NJ, NV, NY, OH, OK, OR, PA, RI, SC, TN, TX, UT, VA, WA, WI, and WV",V-0177-2017,Class II,"Good 'n' Fit, Skin & Coat Chews Chips, United Pet Group, a Division of Spectrum Brands, Blacksburg, VA, packaged in 4 oz packages, UPC 0 91093 31117 3;",Unknown,Investigation of complaints of an off odor on the product revealed that the product is potentially contaminated with an equipment sanitizer (quaternary ammonium).,06/05/2017,07/11/2017,02/02/2018,07/19/2017,"All codes beginning with AH, AV, A, AI, AO, AB and expiration dates between 6/1/2019 and 5/31/2020"
Veterinary,No,,77441,Terminated,Spectrum Brands Inc,3001 Commerce St,N/A,Blacksburg,VA,	24060-6671,United States,Voluntary: Firm initiated,Telephone,"Multiple states nationwide and Canada. States include AL, AR, AZ, CA, CO, CT, DE, FL, GA, IA, ID, IL, IN, KS, KY, LA, MA, MD, ME, MI, MN, MO, MS, NC, NE, NJ, NV, NY, OH, OK, OR, PA, RI, SC, TN, TX, UT, VA, WA, WI, and WV",V-0178-2017,Class II,"Healthy Hide, Skin & Coat Bone Artificial Chicken Flavor, United Pet Group, a Division of Spectrum Brands, Blacksburg, VA, packaged in 1 count 7'' bone packages, UPC 0 91093 31339 9;",Unknown,Investigation of complaints of an off odor on the product revealed that the product is potentially contaminated with an equipment sanitizer (quaternary ammonium).,06/05/2017,07/11/2017,02/02/2018,07/19/2017,"All codes beginning with AH, AV, A, AI, AO, AB and expiration dates between 6/1/2019 and 5/31/2020"
Veterinary,No,,77441,Terminated,Spectrum Brands Inc,3001 Commerce St,N/A,Blacksburg,VA,	24060-6671,United States,Voluntary: Firm initiated,Telephone,"Multiple states nationwide and Canada. States include AL, AR, AZ, CA, CO, CT, DE, FL, GA, IA, ID, IL, IN, KS, KY, LA, MA, MD, ME, MI, MN, MO, MS, NC, NE, NJ, NV, NY, OH, OK, OR, PA, RI, SC, TN, TX, UT, VA, WA, WI, and WV",V-0179-2017,Class II,"Healthy Hide, Dental Rolls, United Pet Group, a Division of Spectrum Brands, Blacksburg, VA, packaged in 2 count 5'' rolls packages, UPC 0 91093 31339 9;",Unknown,Investigation of complaints of an off odor on the product revealed that the product is potentially contaminated with an equipment sanitizer (quaternary ammonium).,06/05/2017,07/11/2017,02/02/2018,07/19/2017,"All codes beginning with AH, AV, A, AI, AO, AB and expiration dates between 6/1/2019 and 5/31/2020"
Veterinary,No,,77441,Terminated,Spectrum Brands Inc,3001 Commerce St,N/A,Blacksburg,VA,	24060-6671,United States,Voluntary: Firm initiated,Telephone,"Multiple states nationwide and Canada. States include AL, AR, AZ, CA, CO, CT, DE, FL, GA, IA, ID, IL, IN, KS, KY, LA, MA, MD, ME, MI, MN, MO, MS, NC, NE, NJ, NV, NY, OH, OK, OR, PA, RI, SC, TN, TX, UT, VA, WA, WI, and WV",V-0180-2017,Class II,"Digest-eeze, Natural Savory Beefhide, Manufactured by: Salix Animal Health, LLC Deerfield Beach, FL, packaged in 1) 8 count 4'' bone packages, UPC 0 91093 28723 2; 2) 5 count 6'' bone packages, UPC 0 91093 28724 9; 3) 1 count 7'' bone packages, UPC 0 91093 28714 0; 4) 1 count 9'' bone packages, UPC 0 91093 28715 7;",Unknown,Investigation of complaints of an off odor on the product revealed that the product is potentially contaminated with an equipment sanitizer (quaternary ammonium).,06/05/2017,07/11/2017,02/02/2018,07/19/2017,"All codes beginning with AH, AV, A, AI, AO, AB and expiration dates between 6/1/2019 and 5/31/2020"
Veterinary,No,,77441,Terminated,Spectrum Brands Inc,3001 Commerce St,N/A,Blacksburg,VA,	24060-6671,United States,Voluntary: Firm initiated,Telephone,"Multiple states nationwide and Canada. States include AL, AR, AZ, CA, CO, CT, DE, FL, GA, IA, ID, IL, IN, KS, KY, LA, MA, MD, ME, MI, MN, MO, MS, NC, NE, NJ, NV, NY, OH, OK, OR, PA, RI, SC, TN, TX, UT, VA, WA, WI, and WV",V-0181-2017,Class II,"Digest-eeze, Natural Savory Beefhide, Manufactured by: Salix Animal Health, LLC Deerfield Beach, FL, packaged in 1) 5 count 5'' roll packages, UPC 0 91093 28713 3; 2) 14 count 5'' roll packages, UPC 0 91093 98713 2; 3) 3 count 8'' roll packages, UPC 0 91093 28718 8; 4) 10 count 8'' roll packages, UPC 0 91093 28722 5;",Unknown,Investigation of complaints of an off odor on the product revealed that the product is potentially contaminated with an equipment sanitizer (quaternary ammonium).,06/05/2017,07/11/2017,02/02/2018,07/19/2017,"All codes beginning with AH, AV, A, AI, AO, AB and expiration dates between 6/1/2019 and 5/31/2020"
Veterinary,No,,77441,Terminated,Spectrum Brands Inc,3001 Commerce St,N/A,Blacksburg,VA,	24060-6671,United States,Voluntary: Firm initiated,Telephone,"Multiple states nationwide and Canada. States include AL, AR, AZ, CA, CO, CT, DE, FL, GA, IA, ID, IL, IN, KS, KY, LA, MA, MD, ME, MI, MN, MO, MS, NC, NE, NJ, NV, NY, OH, OK, OR, PA, RI, SC, TN, TX, UT, VA, WA, WI, and WV",V-0182-2017,Class II,"Digest-eeze, Natural Savory Beefhide, Manufactured by: Salix Animal Health, LLC Deerfield Beach, FL, packaged in 3.5 oz packages of chips, UPC 0 91093 28716 4;",Unknown,Investigation of complaints of an off odor on the product revealed that the product is potentially contaminated with an equipment sanitizer (quaternary ammonium).,06/05/2017,07/11/2017,02/02/2018,07/19/2017,"All codes beginning with AH, AV, A, AI, AO, AB and expiration dates between 6/1/2019 and 5/31/2020"
Veterinary,No,,77441,Terminated,Spectrum Brands Inc,3001 Commerce St,N/A,Blacksburg,VA,	24060-6671,United States,Voluntary: Firm initiated,Telephone,"Multiple states nationwide and Canada. States include AL, AR, AZ, CA, CO, CT, DE, FL, GA, IA, ID, IL, IN, KS, KY, LA, MA, MD, ME, MI, MN, MO, MS, NC, NE, NJ, NV, NY, OH, OK, OR, PA, RI, SC, TN, TX, UT, VA, WA, WI, and WV",V-0183-2017,Class II,"Digest-eeze, Natural Savory Beefhide, Manufactured by: Salix Animal Health, LLC Deerfield Beach, FL, packaged in 8 count 8'' ring packages, UPC 0 91093 28719 5;",Unknown,Investigation of complaints of an off odor on the product revealed that the product is potentially contaminated with an equipment sanitizer (quaternary ammonium).,06/05/2017,07/11/2017,02/02/2018,07/19/2017,"All codes beginning with AH, AV, A, AI, AO, AB and expiration dates between 6/1/2019 and 5/31/2020"
Veterinary,No,,77441,Terminated,Spectrum Brands Inc,3001 Commerce St,N/A,Blacksburg,VA,	24060-6671,United States,Voluntary: Firm initiated,Telephone,"Multiple states nationwide and Canada. States include AL, AR, AZ, CA, CO, CT, DE, FL, GA, IA, ID, IL, IN, KS, KY, LA, MA, MD, ME, MI, MN, MO, MS, NC, NE, NJ, NV, NY, OH, OK, OR, PA, RI, SC, TN, TX, UT, VA, WA, WI, and WV",V-0184-2017,Class II,"Digest-eeze, Plus Pork, Beef & Chicken, Manufactured by: Salix Animal Health, LLC Deerfield Beach, FL, packaged in 1) 4 count 4'' bone packages, UPC 0 91093 28711 9; 2) 1 count 8'' bone packages, UPC 0 91093 28712 6;",Unknown,Investigation of complaints of an off odor on the product revealed that the product is potentially contaminated with an equipment sanitizer (quaternary ammonium).,06/05/2017,07/11/2017,02/02/2018,07/19/2017,"All codes beginning with AH, AV, A, AI, AO, AB and expiration dates between 6/1/2019 and 5/31/2020"
Veterinary,No,,77441,Terminated,Spectrum Brands Inc,3001 Commerce St,N/A,Blacksburg,VA,	24060-6671,United States,Voluntary: Firm initiated,Telephone,"Multiple states nationwide and Canada. States include AL, AR, AZ, CA, CO, CT, DE, FL, GA, IA, ID, IL, IN, KS, KY, LA, MA, MD, ME, MI, MN, MO, MS, NC, NE, NJ, NV, NY, OH, OK, OR, PA, RI, SC, TN, TX, UT, VA, WA, WI, and WV",V-0185-2017,Class II,"Digest-eeze, Plus Peanut Butter Basted, Manufactured by: Salix Animal Health, LLC Deerfield Beach, FL, packaged in 1) 2 count 7'' roll packages, UPC 0 91093 28725 6; 2) 2 count 8'' roll packages, UPC 0 91093 28728 7;",Unknown,Investigation of complaints of an off odor on the product revealed that the product is potentially contaminated with an equipment sanitizer (quaternary ammonium).,06/05/2017,07/11/2017,02/02/2018,07/19/2017,"All codes beginning with AH, AV, A, AI, AO, AB and expiration dates between 6/1/2019 and 5/31/2020"
Veterinary,No,,77441,Terminated,Spectrum Brands Inc,3001 Commerce St,N/A,Blacksburg,VA,	24060-6671,United States,Voluntary: Firm initiated,Telephone,"Multiple states nationwide and Canada. States include AL, AR, AZ, CA, CO, CT, DE, FL, GA, IA, ID, IL, IN, KS, KY, LA, MA, MD, ME, MI, MN, MO, MS, NC, NE, NJ, NV, NY, OH, OK, OR, PA, RI, SC, TN, TX, UT, VA, WA, WI, and WV",V-0186-2017,Class II,"Digest-eeze, Plus Pork & Beef, Manufactured by: Salix Animal Health, LLC Deerfield Beach, FL, packaged in 20 count 5'' twist packages, UPC 0 91093 28710 2;",Unknown,Investigation of complaints of an off odor on the product revealed that the product is potentially contaminated with an equipment sanitizer (quaternary ammonium).,06/05/2017,07/11/2017,02/02/2018,07/19/2017,"All codes beginning with AH, AV, A, AI, AO, AB and expiration dates between 6/1/2019 and 5/31/2020"
Veterinary,No,,77441,Terminated,Spectrum Brands Inc,3001 Commerce St,N/A,Blacksburg,VA,	24060-6671,United States,Voluntary: Firm initiated,Telephone,"Multiple states nationwide and Canada. States include AL, AR, AZ, CA, CO, CT, DE, FL, GA, IA, ID, IL, IN, KS, KY, LA, MA, MD, ME, MI, MN, MO, MS, NC, NE, NJ, NV, NY, OH, OK, OR, PA, RI, SC, TN, TX, UT, VA, WA, WI, and WV",V-0187-2017,Class II,"American Beefhide, Chew Bone, Manufactured by: Salix Animal Health, LLC Deerfield Beach, FL, packaged in 1) 5 count 4'' bone packages; 2) 1 count 7'' bone packages; 3) 1 count 6'' bone packages; 4) 1 count 8'' bone packages; 5) 1 count 9'' bone packages; 6) 1 count 7'' bone packages;",Unknown,Investigation of complaints of an off odor on the product revealed that the product is potentially contaminated with an equipment sanitizer (quaternary ammonium).,06/05/2017,07/11/2017,02/02/2018,07/19/2017,All codes beginning with AH and expiration dates between 6/1/2019 and 5/31/2020
Veterinary,No,,77441,Terminated,Spectrum Brands Inc,3001 Commerce St,N/A,Blacksburg,VA,	24060-6671,United States,Voluntary: Firm initiated,Telephone,"Multiple states nationwide and Canada. States include AL, AR, AZ, CA, CO, CT, DE, FL, GA, IA, ID, IL, IN, KS, KY, LA, MA, MD, ME, MI, MN, MO, MS, NC, NE, NJ, NV, NY, OH, OK, OR, PA, RI, SC, TN, TX, UT, VA, WA, WI, and WV",V-0188-2017,Class II,"American Beefhide, Beef Bone Beef Flavored, Manufactured by: Salix Animal Health, LLC Deerfield Beach, FL, packaged in 1) 4 count 5'' bone packages; 2) 1 count 7'' bone packages;",Unknown,Investigation of complaints of an off odor on the product revealed that the product is potentially contaminated with an equipment sanitizer (quaternary ammonium).,06/05/2017,07/11/2017,02/02/2018,07/19/2017,All codes beginning with AH and expiration dates between 6/1/2019 and 5/31/2020
Veterinary,No,,77441,Terminated,Spectrum Brands Inc,3001 Commerce St,N/A,Blacksburg,VA,	24060-6671,United States,Voluntary: Firm initiated,Telephone,"Multiple states nationwide and Canada. States include AL, AR, AZ, CA, CO, CT, DE, FL, GA, IA, ID, IL, IN, KS, KY, LA, MA, MD, ME, MI, MN, MO, MS, NC, NE, NJ, NV, NY, OH, OK, OR, PA, RI, SC, TN, TX, UT, VA, WA, WI, and WV",V-0189-2017,Class II,"American Beefhide, Bone Chicken Flavored, Manufactured by: Salix Animal Health, LLC Deerfield Beach, FL, packaged in 1 count 6'' bone packages;",Unknown,Investigation of complaints of an off odor on the product revealed that the product is potentially contaminated with an equipment sanitizer (quaternary ammonium).,06/05/2017,07/11/2017,02/02/2018,07/19/2017,All codes beginning with AH and expiration dates between 6/1/2019 and 5/31/2020
Veterinary,No,,77441,Terminated,Spectrum Brands Inc,3001 Commerce St,N/A,Blacksburg,VA,	24060-6671,United States,Voluntary: Firm initiated,Telephone,"Multiple states nationwide and Canada. States include AL, AR, AZ, CA, CO, CT, DE, FL, GA, IA, ID, IL, IN, KS, KY, LA, MA, MD, ME, MI, MN, MO, MS, NC, NE, NJ, NV, NY, OH, OK, OR, PA, RI, SC, TN, TX, UT, VA, WA, WI, and WV",V-0190-2017,Class II,"Companion, Natural Rawhide Chews, Distributed by: Foodhold USA LLC Landover, MD 20785, packaged in 1) 4 count 4'' bone packages, UPC 41520022042; 2) 8 count small bone packages, UPC 41520022066; 3) 4 count 6'' bone packages, UPC 41520022073; 4) 2 count 6'' bone packages, UPC 41520866370; 5) 1 count 7'' bone packages, UPC 41520316240; 6) 1 count 10'' bone packages, UPC 41520022271; 7) 1 count 14'' bone packages, UPC 41520879738",Unknown,Investigation of complaints of an off odor on the product revealed that the product is potentially contaminated with an equipment sanitizer (quaternary ammonium).,06/05/2017,07/11/2017,02/02/2018,07/19/2017,"All codes beginning with AH, AV, A, AI, AO, or AB and expiration dates between 6/1/2019 and 5/31/2020"
Veterinary,No,,77441,Terminated,Spectrum Brands Inc,3001 Commerce St,N/A,Blacksburg,VA,	24060-6671,United States,Voluntary: Firm initiated,Telephone,"Multiple states nationwide and Canada. States include AL, AR, AZ, CA, CO, CT, DE, FL, GA, IA, ID, IL, IN, KS, KY, LA, MA, MD, ME, MI, MN, MO, MS, NC, NE, NJ, NV, NY, OH, OK, OR, PA, RI, SC, TN, TX, UT, VA, WA, WI, and WV",V-0191-2017,Class II,"Companion, Natural Rawhide Rolls, Distributed by: Foodhold USA LLC Landover, MD 20785, packaged in 1) 4 count 8'' roll packages, UPC 41520022158; 2) 2 count 8'' roll packages, UPC 41520022172;",Unknown,Investigation of complaints of an off odor on the product revealed that the product is potentially contaminated with an equipment sanitizer (quaternary ammonium).,06/05/2017,07/11/2017,02/02/2018,07/19/2017,"All codes beginning with AH, AV, A, AI, AO, or AB and expiration dates between 6/1/2019 and 5/31/2020"
Veterinary,No,,77441,Terminated,Spectrum Brands Inc,3001 Commerce St,N/A,Blacksburg,VA,	24060-6671,United States,Voluntary: Firm initiated,Telephone,"Multiple states nationwide and Canada. States include AL, AR, AZ, CA, CO, CT, DE, FL, GA, IA, ID, IL, IN, KS, KY, LA, MA, MD, ME, MI, MN, MO, MS, NC, NE, NJ, NV, NY, OH, OK, OR, PA, RI, SC, TN, TX, UT, VA, WA, WI, and WV",V-0192-2017,Class II,"Companion, Rawhide Chew Chips, Distributed by: Foodhold USA LLC Landover, MD 20785, packaged in 1) 4 oz packages, UPC 41520022189; 2) 1 lb packages, UPC 41520316479; 3) 2 lb packages, UPC 41520879318;",Unknown,Investigation of complaints of an off odor on the product revealed that the product is potentially contaminated with an equipment sanitizer (quaternary ammonium).,06/05/2017,07/11/2017,02/02/2018,07/19/2017,"All codes beginning with AH, AV, A, AI, AO, or AB and expiration dates between 6/1/2019 and 5/31/2020"
Veterinary,No,,77441,Terminated,Spectrum Brands Inc,3001 Commerce St,N/A,Blacksburg,VA,	24060-6671,United States,Voluntary: Firm initiated,Telephone,"Multiple states nationwide and Canada. States include AL, AR, AZ, CA, CO, CT, DE, FL, GA, IA, ID, IL, IN, KS, KY, LA, MA, MD, ME, MI, MN, MO, MS, NC, NE, NJ, NV, NY, OH, OK, OR, PA, RI, SC, TN, TX, UT, VA, WA, WI, and WV",V-0193-2017,Class II,"Companion, Chicken Flavored Rawhide Chew Chips, Distributed by: Foodhold USA LLC Landover, MD 20785, packaged in 4 oz packages, UPC 41520022196;",Unknown,Investigation of complaints of an off odor on the product revealed that the product is potentially contaminated with an equipment sanitizer (quaternary ammonium).,06/05/2017,07/11/2017,02/02/2018,07/19/2017,"All codes beginning with AH, AV, A, AI, AO, or AB and expiration dates between 6/1/2019 and 5/31/2020"
Veterinary,No,,77441,Terminated,Spectrum Brands Inc,3001 Commerce St,N/A,Blacksburg,VA,	24060-6671,United States,Voluntary: Firm initiated,Telephone,"Multiple states nationwide and Canada. States include AL, AR, AZ, CA, CO, CT, DE, FL, GA, IA, ID, IL, IN, KS, KY, LA, MA, MD, ME, MI, MN, MO, MS, NC, NE, NJ, NV, NY, OH, OK, OR, PA, RI, SC, TN, TX, UT, VA, WA, WI, and WV",V-0194-2017,Class II,"Companion, Peanut Butter Rawhide Chews, Distributed by: Foodhold USA LLC Landover, MD 20785, packaged in 2 count 8'' rolls packages, UPC 41520022165;",Unknown,Investigation of complaints of an off odor on the product revealed that the product is potentially contaminated with an equipment sanitizer (quaternary ammonium).,06/05/2017,07/11/2017,02/02/2018,07/19/2017,"All codes beginning with AH, AV, A, AI, AO, or AB and expiration dates between 6/1/2019 and 5/31/2020"
Veterinary,No,,77441,Terminated,Spectrum Brands Inc,3001 Commerce St,N/A,Blacksburg,VA,	24060-6671,United States,Voluntary: Firm initiated,Telephone,"Multiple states nationwide and Canada. States include AL, AR, AZ, CA, CO, CT, DE, FL, GA, IA, ID, IL, IN, KS, KY, LA, MA, MD, ME, MI, MN, MO, MS, NC, NE, NJ, NV, NY, OH, OK, OR, PA, RI, SC, TN, TX, UT, VA, WA, WI, and WV",V-0195-2017,Class II,"Companion, Peanut Butter Rawhide Chews, Distributed by: Foodhold USA LLC Landover, MD 20785, packaged in 1) 4 count 7'' bone packages, UPC 41520022059; 2) 1 count 9'' bone packages, UPC 41520022301;",Unknown,Investigation of complaints of an off odor on the product revealed that the product is potentially contaminated with an equipment sanitizer (quaternary ammonium).,06/05/2017,07/11/2017,02/02/2018,07/19/2017,"All codes beginning with AH, AV, A, AI, AO, or AB and expiration dates between 6/1/2019 and 5/31/2020"
Veterinary,No,,77441,Terminated,Spectrum Brands Inc,3001 Commerce St,N/A,Blacksburg,VA,	24060-6671,United States,Voluntary: Firm initiated,Telephone,"Multiple states nationwide and Canada. States include AL, AR, AZ, CA, CO, CT, DE, FL, GA, IA, ID, IL, IN, KS, KY, LA, MA, MD, ME, MI, MN, MO, MS, NC, NE, NJ, NV, NY, OH, OK, OR, PA, RI, SC, TN, TX, UT, VA, WA, WI, and WV",V-0196-2017,Class II,"Companion, Peanut Butter Rawhide Chews, Distributed by: Foodhold USA LLC Landover, MD 20785, packaged in 1) 4 count 7'' bone packages, UPC 41520022059; 2) 1 count 9'' bone packages, UPC 41520022301;",Unknown,Investigation of complaints of an off odor on the product revealed that the product is potentially contaminated with an equipment sanitizer (quaternary ammonium).,06/05/2017,07/11/2017,02/02/2018,07/19/2017,"All codes beginning with AH, AV, A, AI, AO, or AB and expiration dates between 6/1/2019 and 5/31/2020"
Veterinary,No,,77441,Terminated,Spectrum Brands Inc,3001 Commerce St,N/A,Blacksburg,VA,	24060-6671,United States,Voluntary: Firm initiated,Telephone,"Multiple states nationwide and Canada. States include AL, AR, AZ, CA, CO, CT, DE, FL, GA, IA, ID, IL, IN, KS, KY, LA, MA, MD, ME, MI, MN, MO, MS, NC, NE, NJ, NV, NY, OH, OK, OR, PA, RI, SC, TN, TX, UT, VA, WA, WI, and WV",V-0197-2017,Class II,"Dentahex, Oral Care Chews Petite, Manufactured For Vetoquinol USA Inc. Ft. Worth, TX USA 76137, packaged in 30 count packages, UPC 17030030167;",Unknown,Investigation of complaints of an off odor on the product revealed that the product is potentially contaminated with an equipment sanitizer (quaternary ammonium).,06/05/2017,07/11/2017,02/02/2018,07/19/2017,All codes with expiration dates between 6/1/2021 and 5/31/2022
Veterinary,No,,77441,Terminated,Spectrum Brands Inc,3001 Commerce St,N/A,Blacksburg,VA,	24060-6671,United States,Voluntary: Firm initiated,Telephone,"Multiple states nationwide and Canada. States include AL, AR, AZ, CA, CO, CT, DE, FL, GA, IA, ID, IL, IN, KS, KY, LA, MA, MD, ME, MI, MN, MO, MS, NC, NE, NJ, NV, NY, OH, OK, OR, PA, RI, SC, TN, TX, UT, VA, WA, WI, and WV",V-0198-2017,Class II,"Dentahex, Oral Care Chews Small Dogs, Manufactured For Vetoquinol USA Inc. Ft. Worth, TX USA 76137, packaged in 30 count packages, UPC 17030030174;",Unknown,Investigation of complaints of an off odor on the product revealed that the product is potentially contaminated with an equipment sanitizer (quaternary ammonium).,06/05/2017,07/11/2017,02/02/2018,07/19/2017,All codes with expiration dates between 6/1/2021 and 5/31/2022
Veterinary,No,,77441,Terminated,Spectrum Brands Inc,3001 Commerce St,N/A,Blacksburg,VA,	24060-6671,United States,Voluntary: Firm initiated,Telephone,"Multiple states nationwide and Canada. States include AL, AR, AZ, CA, CO, CT, DE, FL, GA, IA, ID, IL, IN, KS, KY, LA, MA, MD, ME, MI, MN, MO, MS, NC, NE, NJ, NV, NY, OH, OK, OR, PA, RI, SC, TN, TX, UT, VA, WA, WI, and WV",V-0199-2017,Class II,"Dentahex, Oral Care Chews Medium Dogs, Manufactured For Vetoquinol USA Inc. Ft. Worth, TX USA 76137, packaged in 30 count packages, UPC 17030030181;",Unknown,Investigation of complaints of an off odor on the product revealed that the product is potentially contaminated with an equipment sanitizer (quaternary ammonium).,06/05/2017,07/11/2017,02/02/2018,07/19/2017,All codes with expiration dates between 6/1/2021 and 5/31/2022
Veterinary,No,,77441,Terminated,Spectrum Brands Inc,3001 Commerce St,N/A,Blacksburg,VA,	24060-6671,United States,Voluntary: Firm initiated,Telephone,"Multiple states nationwide and Canada. States include AL, AR, AZ, CA, CO, CT, DE, FL, GA, IA, ID, IL, IN, KS, KY, LA, MA, MD, ME, MI, MN, MO, MS, NC, NE, NJ, NV, NY, OH, OK, OR, PA, RI, SC, TN, TX, UT, VA, WA, WI, and WV",V-0200-2017,Class II,"Dentahex, Oral Care Chews Large Dogs, Manufactured For Vetoquinol USA Inc. Ft. Worth, TX USA 76137, packaged in 30 count packages, UPC 17030030198;",Unknown,Investigation of complaints of an off odor on the product revealed that the product is potentially contaminated with an equipment sanitizer (quaternary ammonium).,06/05/2017,07/11/2017,02/02/2018,07/19/2017,All codes with expiration dates between 6/1/2021 and 5/31/2022
Veterinary,No,,77441,Terminated,Spectrum Brands Inc,3001 Commerce St,N/A,Blacksburg,VA,	24060-6671,United States,Voluntary: Firm initiated,Telephone,"Multiple states nationwide and Canada. States include AL, AR, AZ, CA, CO, CT, DE, FL, GA, IA, ID, IL, IN, KS, KY, LA, MA, MD, ME, MI, MN, MO, MS, NC, NE, NJ, NV, NY, OH, OK, OR, PA, RI, SC, TN, TX, UT, VA, WA, WI, and WV",V-0201-2017,Class II,"Dentley's, Natural Flavor Rawhide Knotted Bones, Pacific Coast Distributing, Inc. Phoenix, AZ USA 85027, packaged in 1) 16 count 3'' bone packages, UPC 737257218536; 2) 4 count 4'' bone packages, UPC 737257218604; 3) 8 count 7'' bone packages, UPC 737257218567; 4) 1 count 7'' bone packages, UPC 737257218598; 5) 1 count 10'' bone packages, UPC 737257218345; 6) 1 count 16 - 18'' bone packages, UPC 737257218574; 7) 1 count bone packages, UPC 737257576544;",Unknown,Investigation of complaints of an off odor on the product revealed that the product is potentially contaminated with an equipment sanitizer (quaternary ammonium).,06/05/2017,07/11/2017,02/02/2018,07/19/2017,"All codes beginning with AH, AV, A, AI, AO, or AB and expiration dates between 6/1/2019 and 5/31/2020"
Veterinary,No,,77441,Terminated,Spectrum Brands Inc,3001 Commerce St,N/A,Blacksburg,VA,	24060-6671,United States,Voluntary: Firm initiated,Telephone,"Multiple states nationwide and Canada. States include AL, AR, AZ, CA, CO, CT, DE, FL, GA, IA, ID, IL, IN, KS, KY, LA, MA, MD, ME, MI, MN, MO, MS, NC, NE, NJ, NV, NY, OH, OK, OR, PA, RI, SC, TN, TX, UT, VA, WA, WI, and WV",V-0202-2017,Class II,"Dentley's, Natural Flavor Rawhide Rolls, Pacific Coast Distributing, Inc. Phoenix, AZ USA 85027, packaged in 1) 6 count 5'' retriever stick packages, UPC 737257248258; 2) 1 count 10'' roll packages, UPC 737257218093;",Unknown,Investigation of complaints of an off odor on the product revealed that the product is potentially contaminated with an equipment sanitizer (quaternary ammonium).,06/05/2017,07/11/2017,02/02/2018,07/19/2017,"All codes beginning with AH, AV, A, AI, AO, or AB and expiration dates between 6/1/2019 and 5/31/2020"
Veterinary,No,,77441,Terminated,Spectrum Brands Inc,3001 Commerce St,N/A,Blacksburg,VA,	24060-6671,United States,Voluntary: Firm initiated,Telephone,"Multiple states nationwide and Canada. States include AL, AR, AZ, CA, CO, CT, DE, FL, GA, IA, ID, IL, IN, KS, KY, LA, MA, MD, ME, MI, MN, MO, MS, NC, NE, NJ, NV, NY, OH, OK, OR, PA, RI, SC, TN, TX, UT, VA, WA, WI, and WV",V-0203-2017,Class II,"Dentley's, Assorted Flavors, Beef  Chicken, Rawhide Rolls, Pacific Coast Distributing, Inc. Phoenix, AZ USA 85027, packaged in 1) 3 count 10'' roll packages, UPC 737257218543; 2) 10 count 10'' roll packages, UPC 737257284203;",Unknown,Investigation of complaints of an off odor on the product revealed that the product is potentially contaminated with an equipment sanitizer (quaternary ammonium).,06/05/2017,07/11/2017,02/02/2018,07/19/2017,"All codes beginning with AH, AV, A, AI, AO, or AB and expiration dates between 6/1/2019 and 5/31/2020"
Veterinary,No,,77441,Terminated,Spectrum Brands Inc,3001 Commerce St,N/A,Blacksburg,VA,	24060-6671,United States,Voluntary: Firm initiated,Telephone,"Multiple states nationwide and Canada. States include AL, AR, AZ, CA, CO, CT, DE, FL, GA, IA, ID, IL, IN, KS, KY, LA, MA, MD, ME, MI, MN, MO, MS, NC, NE, NJ, NV, NY, OH, OK, OR, PA, RI, SC, TN, TX, UT, VA, WA, WI, and WV",V-0204-2017,Class II,"Dentley's, Assorted Flavors Beef Chicken Peanut Butter Granulated Rawhide Munchy Logs, Pacific Coast Distributing, Inc. Phoenix, AZ USA 85027, packaged in 25 count 5'' roll packages, UPC 737257218314;",Unknown,Investigation of complaints of an off odor on the product revealed that the product is potentially contaminated with an equipment sanitizer (quaternary ammonium).,06/05/2017,07/11/2017,02/02/2018,07/19/2017,"All codes beginning with AH, AV, A, AI, AO, or AB and expiration dates between 6/1/2019 and 5/31/2020"
Veterinary,No,,77441,Terminated,Spectrum Brands Inc,3001 Commerce St,N/A,Blacksburg,VA,	24060-6671,United States,Voluntary: Firm initiated,Telephone,"Multiple states nationwide and Canada. States include AL, AR, AZ, CA, CO, CT, DE, FL, GA, IA, ID, IL, IN, KS, KY, LA, MA, MD, ME, MI, MN, MO, MS, NC, NE, NJ, NV, NY, OH, OK, OR, PA, RI, SC, TN, TX, UT, VA, WA, WI, and WV",V-0205-2017,Class II,"Dentley's, Assorted Flavors, Beef  Chicken, Rawhide Knotted Bones, Pacific Coast Distributing, Inc. Phoenix, AZ USA 85027, packaged in 1) 16 count 3'' bone packages, UPC 737257218413; 2) 10 count 7'' bone packages, UPC 737257218338; 3) 4 count 10'' bone packages, UPC 737257218321; 4) 4 count 10'' bone packages, UPC 737257218352;",Unknown,Investigation of complaints of an off odor on the product revealed that the product is potentially contaminated with an equipment sanitizer (quaternary ammonium).,06/05/2017,07/11/2017,02/02/2018,07/19/2017,"All codes beginning with AH, AV, A, AI, AO, or AB and expiration dates between 6/1/2019 and 5/31/2020"
Veterinary,No,,77441,Terminated,Spectrum Brands Inc,3001 Commerce St,N/A,Blacksburg,VA,	24060-6671,United States,Voluntary: Firm initiated,Telephone,"Multiple states nationwide and Canada. States include AL, AR, AZ, CA, CO, CT, DE, FL, GA, IA, ID, IL, IN, KS, KY, LA, MA, MD, ME, MI, MN, MO, MS, NC, NE, NJ, NV, NY, OH, OK, OR, PA, RI, SC, TN, TX, UT, VA, WA, WI, and WV",V-0206-2017,Class II,"Dentley's, Natural Flavor, Rawhide Curls, Pacific Coast Distributing, Inc. Phoenix, AZ USA 85027, packaged in 1) 12 count 4'' curl packages, UPC 737257218307; 2) 12 count 4'' curl packages, UPC 737257218390;",Unknown,Investigation of complaints of an off odor on the product revealed that the product is potentially contaminated with an equipment sanitizer (quaternary ammonium).,06/05/2017,07/11/2017,02/02/2018,07/19/2017,"All codes beginning with AH, AV, A, AI, AO, or AB and expiration dates between 6/1/2019 and 5/31/2020"
Veterinary,No,,77441,Terminated,Spectrum Brands Inc,3001 Commerce St,N/A,Blacksburg,VA,	24060-6671,United States,Voluntary: Firm initiated,Telephone,"Multiple states nationwide and Canada. States include AL, AR, AZ, CA, CO, CT, DE, FL, GA, IA, ID, IL, IN, KS, KY, LA, MA, MD, ME, MI, MN, MO, MS, NC, NE, NJ, NV, NY, OH, OK, OR, PA, RI, SC, TN, TX, UT, VA, WA, WI, and WV",V-0207-2017,Class II,"Dentley's, Peanut Butter Flavor Rawhide Knotted Bones, Pacific Coast Distributing, Inc. Phoenix, AZ USA 85027, packaged in 1 count 7'' bone packages, UPC 737257218987;",Unknown,Investigation of complaints of an off odor on the product revealed that the product is potentially contaminated with an equipment sanitizer (quaternary ammonium).,06/05/2017,07/11/2017,02/02/2018,07/19/2017,"All codes beginning with AH, AV A, AI, AO, or AB and expiration dates between 6/1/2019 and 5/31/2020"
Veterinary,No,,77441,Terminated,Spectrum Brands Inc,3001 Commerce St,N/A,Blacksburg,VA,	24060-6671,United States,Voluntary: Firm initiated,Telephone,"Multiple states nationwide and Canada. States include AL, AR, AZ, CA, CO, CT, DE, FL, GA, IA, ID, IL, IN, KS, KY, LA, MA, MD, ME, MI, MN, MO, MS, NC, NE, NJ, NV, NY, OH, OK, OR, PA, RI, SC, TN, TX, UT, VA, WA, WI, and WV",V-0208-2017,Class II,"Dentley's, Beef Flavor, Rawhide Munchy Strip, Pacific Coast Distributing, Inc. Phoenix, AZ USA 85027, packaged in 50 count 6'' strip packages, UPC 737257219410;",Unknown,Investigation of complaints of an off odor on the product revealed that the product is potentially contaminated with an equipment sanitizer (quaternary ammonium).,06/05/2017,07/11/2017,02/02/2018,07/19/2017,"All codes beginning with AH, AV, A, AI, AO, or AB and expiration dates between 6/1/2019 and 5/31/2020"
Veterinary,No,,77441,Terminated,Spectrum Brands Inc,3001 Commerce St,N/A,Blacksburg,VA,	24060-6671,United States,Voluntary: Firm initiated,Telephone,"Multiple states nationwide and Canada. States include AL, AR, AZ, CA, CO, CT, DE, FL, GA, IA, ID, IL, IN, KS, KY, LA, MA, MD, ME, MI, MN, MO, MS, NC, NE, NJ, NV, NY, OH, OK, OR, PA, RI, SC, TN, TX, UT, VA, WA, WI, and WV",V-0209-2017,Class II,"Dentley's, Peanut Butter Flavor, Rawhide Munchy Strip, Pacific Coast Distributing, Inc. Phoenix, AZ USA 85027, packaged in 50 count 6'' strip packages, UPC 737257282964;",Unknown,Investigation of complaints of an off odor on the product revealed that the product is potentially contaminated with an equipment sanitizer (quaternary ammonium).,06/05/2017,07/11/2017,02/02/2018,07/19/2017,"All codes beginning with AH, AV, A, AI, AO, or AB and expiration dates between 6/1/2019 and 5/31/2020"
Veterinary,No,,77441,Terminated,Spectrum Brands Inc,3001 Commerce St,N/A,Blacksburg,VA,	24060-6671,United States,Voluntary: Firm initiated,Telephone,"Multiple states nationwide and Canada. States include AL, AR, AZ, CA, CO, CT, DE, FL, GA, IA, ID, IL, IN, KS, KY, LA, MA, MD, ME, MI, MN, MO, MS, NC, NE, NJ, NV, NY, OH, OK, OR, PA, RI, SC, TN, TX, UT, VA, WA, WI, and WV",V-0210-2017,Class II,"Dentley's, Natural Flavor, Bully Sticks, Pacific Coast Distributing, Inc. Phoenix, AZ USA 85027, packaged in 6 count 6'' pizzle packages, UPC 737257531604;",Unknown,Investigation of complaints of an off odor on the product revealed that the product is potentially contaminated with an equipment sanitizer (quaternary ammonium).,06/05/2017,07/11/2017,02/02/2018,07/19/2017,"All codes beginning with AH, AV, A, AI, AO, or AB and expiration dates between 6/1/2019 and 5/31/2020"
Veterinary,No,,77441,Terminated,Spectrum Brands Inc,3001 Commerce St,N/A,Blacksburg,VA,	24060-6671,United States,Voluntary: Firm initiated,Telephone,"Multiple states nationwide and Canada. States include AL, AR, AZ, CA, CO, CT, DE, FL, GA, IA, ID, IL, IN, KS, KY, LA, MA, MD, ME, MI, MN, MO, MS, NC, NE, NJ, NV, NY, OH, OK, OR, PA, RI, SC, TN, TX, UT, VA, WA, WI, and WV",V-0211-2017,Class II,"Dentley's, Natural Flavor, Rawhide Munchy Strip, Pacific Coast Distributing, Inc. Phoenix, AZ USA 85027, packaged in 50 count strip packages, UPC 737257576407;",Unknown,Investigation of complaints of an off odor on the product revealed that the product is potentially contaminated with an equipment sanitizer (quaternary ammonium).,06/05/2017,07/11/2017,02/02/2018,07/19/2017,"All codes beginning with AH, AV, A, AI, AO, or AB and expiration dates between 6/1/2019 and 5/31/2020"
Veterinary,No,,77441,Terminated,Spectrum Brands Inc,3001 Commerce St,N/A,Blacksburg,VA,	24060-6671,United States,Voluntary: Firm initiated,Telephone,"Multiple states nationwide and Canada. States include AL, AR, AZ, CA, CO, CT, DE, FL, GA, IA, ID, IL, IN, KS, KY, LA, MA, MD, ME, MI, MN, MO, MS, NC, NE, NJ, NV, NY, OH, OK, OR, PA, RI, SC, TN, TX, UT, VA, WA, WI, and WV",V-0212-2017,Class II,"Dentley's, Chicken Flavor, Rawhide Munchy Strip, Pacific Coast Distributing, Inc. Phoenix, AZ USA 85027, packaged in  50 count strip packages, UPC 737257576414;",N/A,Investigation of complaints of an off odor on the product revealed that the product is potentially contaminated with an equipment sanitizer (quaternary ammonium).,06/05/2017,07/11/2017,02/02/2018,07/19/2017,"All codes beginning with AH, AV, A, AI, AO, or AB and expiration dates between 6/1/2019 and 5/31/2020"
Veterinary,No,,77441,Terminated,Spectrum Brands Inc,3001 Commerce St,N/A,Blacksburg,VA,	24060-6671,United States,Voluntary: Firm initiated,Telephone,"Multiple states nationwide and Canada. States include AL, AR, AZ, CA, CO, CT, DE, FL, GA, IA, ID, IL, IN, KS, KY, LA, MA, MD, ME, MI, MN, MO, MS, NC, NE, NJ, NV, NY, OH, OK, OR, PA, RI, SC, TN, TX, UT, VA, WA, WI, and WV",V-0213-2017,Class II,"Enzadent, Oral Care Chews Petite Dogs, Manufactured for Vetoquinol USA Inc. Ft. Worth, TX USA 76137, packaged in 30 count packages, UPC 17030030167;",Unknown,Investigation of complaints of an off odor on the product revealed that the product is potentially contaminated with an equipment sanitizer (quaternary ammonium).,06/05/2017,07/11/2017,02/02/2018,07/19/2017,All codes with expiration dates between 6/1/2021 and 5/31/2022
Veterinary,No,,77441,Terminated,Spectrum Brands Inc,3001 Commerce St,N/A,Blacksburg,VA,	24060-6671,United States,Voluntary: Firm initiated,Telephone,"Multiple states nationwide and Canada. States include AL, AR, AZ, CA, CO, CT, DE, FL, GA, IA, ID, IL, IN, KS, KY, LA, MA, MD, ME, MI, MN, MO, MS, NC, NE, NJ, NV, NY, OH, OK, OR, PA, RI, SC, TN, TX, UT, VA, WA, WI, and WV",V-0214-2017,Class II,"Enzadent, Oral Care Chews Small Dogs, Manufactured for Vetoquinol USA Inc. Ft. Worth, TX USA 76137, packaged in 30 count packages, UPC 17030030174;",Unknown,Investigation of complaints of an off odor on the product revealed that the product is potentially contaminated with an equipment sanitizer (quaternary ammonium).,06/05/2017,07/11/2017,02/02/2018,07/19/2017,All codes with expiration dates between 6/1/2021 and 5/31/2022
Veterinary,No,,77441,Terminated,Spectrum Brands Inc,3001 Commerce St,N/A,Blacksburg,VA,	24060-6671,United States,Voluntary: Firm initiated,Telephone,"Multiple states nationwide and Canada. States include AL, AR, AZ, CA, CO, CT, DE, FL, GA, IA, ID, IL, IN, KS, KY, LA, MA, MD, ME, MI, MN, MO, MS, NC, NE, NJ, NV, NY, OH, OK, OR, PA, RI, SC, TN, TX, UT, VA, WA, WI, and WV",V-0215-2017,Class II,"Enzadent, Oral Care Chews Medium Dogs, Manufactured for Vetoquinol USA Inc. Ft. Worth, TX USA 76137, packaged in 30 count packages, UPC 17030030181;",Unknown,Investigation of complaints of an off odor on the product revealed that the product is potentially contaminated with an equipment sanitizer (quaternary ammonium).,06/05/2017,07/11/2017,02/02/2018,07/19/2017,All codes with expiration dates between 6/1/2021 and 5/31/2022
Veterinary,No,,77441,Terminated,Spectrum Brands Inc,3001 Commerce St,N/A,Blacksburg,VA,	24060-6671,United States,Voluntary: Firm initiated,Telephone,"Multiple states nationwide and Canada. States include AL, AR, AZ, CA, CO, CT, DE, FL, GA, IA, ID, IL, IN, KS, KY, LA, MA, MD, ME, MI, MN, MO, MS, NC, NE, NJ, NV, NY, OH, OK, OR, PA, RI, SC, TN, TX, UT, VA, WA, WI, and WV",V-0216-2017,Class II,"Enzadent, Oral Care Chews Large Dogs, Manufactured for Vetoquinol USA Inc. Ft. Worth, TX USA 76137, packaged in 30 count packages, UPC 17030030198;",Unknown,Investigation of complaints of an off odor on the product revealed that the product is potentially contaminated with an equipment sanitizer (quaternary ammonium).,06/05/2017,07/11/2017,02/02/2018,07/19/2017,All codes with expiration dates between 6/1/2021 and 5/31/2022
Veterinary,No,,77441,Terminated,Spectrum Brands Inc,3001 Commerce St,N/A,Blacksburg,VA,	24060-6671,United States,Voluntary: Firm initiated,Telephone,"Multiple states nationwide and Canada. States include AL, AR, AZ, CA, CO, CT, DE, FL, GA, IA, ID, IL, IN, KS, KY, LA, MA, MD, ME, MI, MN, MO, MS, NC, NE, NJ, NV, NY, OH, OK, OR, PA, RI, SC, TN, TX, UT, VA, WA, WI, and WV",V-0217-2017,Class II,"Exer-Hides, Natural Beefhide Bones, Distributed by Wal-Mart Stores, Inc. Bentonville, AR 72716, packaged in 3 count packages 9'' bone packages, UPC 681131439190;",Unknown,Investigation of complaints of an off odor on the product revealed that the product is potentially contaminated with an equipment sanitizer (quaternary ammonium).,06/05/2017,07/11/2017,02/02/2018,07/19/2017,"All codes beginning with AH, AV A, AI, AO, or AB and expiration dates between 6/1/2019 and 5/31/2020"
Veterinary,No,,77441,Terminated,Spectrum Brands Inc,3001 Commerce St,N/A,Blacksburg,VA,	24060-6671,United States,Voluntary: Firm initiated,Telephone,"Multiple states nationwide and Canada. States include AL, AR, AZ, CA, CO, CT, DE, FL, GA, IA, ID, IL, IN, KS, KY, LA, MA, MD, ME, MI, MN, MO, MS, NC, NE, NJ, NV, NY, OH, OK, OR, PA, RI, SC, TN, TX, UT, VA, WA, WI, and WV",V-0218-2017,Class II,"Exer-Hides, Chicken Flavor Beefhide Bones, Distributed by Wal-Mart Stores, Inc. Bentonville, AR 72716, packaged in 3 count packages 9'' bone packages, UPC 681131439206;",Unknown,Investigation of complaints of an off odor on the product revealed that the product is potentially contaminated with an equipment sanitizer (quaternary ammonium).,06/05/2017,07/11/2017,02/02/2018,07/19/2017,"All codes beginning with AH, AV A, AI, AO, or AB and expiration dates between 6/1/2019 and 5/31/2020"
Veterinary,No,,77441,Terminated,Spectrum Brands Inc,3001 Commerce St,N/A,Blacksburg,VA,	24060-6671,United States,Voluntary: Firm initiated,Telephone,"Multiple states nationwide and Canada. States include AL, AR, AZ, CA, CO, CT, DE, FL, GA, IA, ID, IL, IN, KS, KY, LA, MA, MD, ME, MI, MN, MO, MS, NC, NE, NJ, NV, NY, OH, OK, OR, PA, RI, SC, TN, TX, UT, VA, WA, WI, and WV",V-0219-2017,Class II,"Essential Everyday, Natural Rawhide Premium Dog Bones, Distributed by Supervalu Inc Eden Prairie, MN 55344 USA, packaged in 1) 4 count 4'' bone packages, UPC 41303043585; 2) 1 lb small bone packages, UPC 41303043615; 3) 2 count 6'' bone packages, UPC 41303043783; 4) 1 count 9'' bone packages, UPC 41303043578; 5) 1 count 11'' bone packages, UPC 41303043813;",Unknown,Investigation of complaints of an off odor on the product revealed that the product is potentially contaminated with an equipment sanitizer (quaternary ammonium).,06/05/2017,07/11/2017,02/02/2018,07/19/2017,"All codes beginning with AH, AV A, AI, AO, or AB and expiration dates between 6/1/2019 and 5/31/2020"
Veterinary,No,,77441,Terminated,Spectrum Brands Inc,3001 Commerce St,N/A,Blacksburg,VA,	24060-6671,United States,Voluntary: Firm initiated,Telephone,"Multiple states nationwide and Canada. States include AL, AR, AZ, CA, CO, CT, DE, FL, GA, IA, ID, IL, IN, KS, KY, LA, MA, MD, ME, MI, MN, MO, MS, NC, NE, NJ, NV, NY, OH, OK, OR, PA, RI, SC, TN, TX, UT, VA, WA, WI, and WV",V-0220-2017,Class II,"Essential Everyday, Retriever Rolls Natural Rawhide Chews, Distributed by Supervalu Inc Eden Prairie, MN 55344 USA, packaged in 1) 1 lb 8'' roll packages, UPC 41303043608; 2) 2 count 8'' roll packages, UPC 41303043806;",Unknown,Investigation of complaints of an off odor on the product revealed that the product is potentially contaminated with an equipment sanitizer (quaternary ammonium).,06/05/2017,07/11/2017,02/02/2018,07/19/2017,"All codes beginning with AH, AV A, AI, AO, or AB and expiration dates between 6/1/2019 and 5/31/2020"
Veterinary,No,,77441,Terminated,Spectrum Brands Inc,3001 Commerce St,N/A,Blacksburg,VA,	24060-6671,United States,Voluntary: Firm initiated,Telephone,"Multiple states nationwide and Canada. States include AL, AR, AZ, CA, CO, CT, DE, FL, GA, IA, ID, IL, IN, KS, KY, LA, MA, MD, ME, MI, MN, MO, MS, NC, NE, NJ, NV, NY, OH, OK, OR, PA, RI, SC, TN, TX, UT, VA, WA, WI, and WV",V-0221-2017,Class II,"Essential Everyday, Dental Rolls Daily Oral Care, Distributed by Supervalu Inc Eden Prairie, MN 55344 USA, packaged in 7 count 5'' bone packages, UPC 41303062302;",Unknown,Investigation of complaints of an off odor on the product revealed that the product is potentially contaminated with an equipment sanitizer (quaternary ammonium).,06/05/2017,07/11/2017,02/02/2018,07/19/2017,"All codes beginning with AH, AV A, AI, AO, or AB and expiration dates between 6/1/2019 and 5/31/2020"
Veterinary,No,,77441,Terminated,Spectrum Brands Inc,3001 Commerce St,N/A,Blacksburg,VA,	24060-6671,United States,Voluntary: Firm initiated,Telephone,"Multiple states nationwide and Canada. States include AL, AR, AZ, CA, CO, CT, DE, FL, GA, IA, ID, IL, IN, KS, KY, LA, MA, MD, ME, MI, MN, MO, MS, NC, NE, NJ, NV, NY, OH, OK, OR, PA, RI, SC, TN, TX, UT, VA, WA, WI, and WV",V-0222-2017,Class II,"Essential Everyday, Skin & Coat Premium Beef Flavor Chews, Distributed by Supervalu Inc Eden Prairie, MN 55344 USA, packaged in 20 count crunchy stick packages, UPC 41303043639;",Unknown,Investigation of complaints of an off odor on the product revealed that the product is potentially contaminated with an equipment sanitizer (quaternary ammonium).,06/05/2017,07/11/2017,02/02/2018,07/19/2017,"All codes beginning with AH, AV A, AI, AO, or AB and expiration dates between 6/1/2019 and 5/31/2020"
Veterinary,No,,77441,Terminated,Spectrum Brands Inc,3001 Commerce St,N/A,Blacksburg,VA,	24060-6671,United States,Voluntary: Firm initiated,Telephone,"Multiple states nationwide and Canada. States include AL, AR, AZ, CA, CO, CT, DE, FL, GA, IA, ID, IL, IN, KS, KY, LA, MA, MD, ME, MI, MN, MO, MS, NC, NE, NJ, NV, NY, OH, OK, OR, PA, RI, SC, TN, TX, UT, VA, WA, WI, and WV",V-0223-2017,Class II,"Essential Everyday, Skin & Coat Premium Rawhide Chews, Distributed by Supervalu Inc Eden Prairie, MN 55344 USA, packaged in 1) 2 count 8'' roll packages, UPC 41303043646; 2) 2 count 8'' roll packages, UPC 41303043653;",Unknown,Investigation of complaints of an off odor on the product revealed that the product is potentially contaminated with an equipment sanitizer (quaternary ammonium).,06/05/2017,07/11/2017,02/02/2018,07/19/2017,"All codes beginning with AH, AV A, AI, AO, or AB and expiration dates between 6/1/2019 and 5/31/2020"
Veterinary,No,,77441,Terminated,Spectrum Brands Inc,3001 Commerce St,N/A,Blacksburg,VA,	24060-6671,United States,Voluntary: Firm initiated,Telephone,"Multiple states nationwide and Canada. States include AL, AR, AZ, CA, CO, CT, DE, FL, GA, IA, ID, IL, IN, KS, KY, LA, MA, MD, ME, MI, MN, MO, MS, NC, NE, NJ, NV, NY, OH, OK, OR, PA, RI, SC, TN, TX, UT, VA, WA, WI, and WV",V-0224-2017,Class II,"Essential Everyday, Natural Rawhide Flip Chip Premium Dog Chews, Distributed by Supervalu Inc Eden Prairie, MN 55344 USA, packaged in 1lb packages, UPC 41303043820;",Unknown,Investigation of complaints of an off odor on the product revealed that the product is potentially contaminated with an equipment sanitizer (quaternary ammonium).,06/05/2017,07/11/2017,02/02/2018,07/19/2017,"All codes beginning with AH, AV A, AI, AO, or AB and expiration dates between 6/1/2019 and 5/31/2020"
Veterinary,No,,77441,Terminated,Spectrum Brands Inc,3001 Commerce St,N/A,Blacksburg,VA,	24060-6671,United States,Voluntary: Firm initiated,Telephone,"Multiple states nationwide and Canada. States include AL, AR, AZ, CA, CO, CT, DE, FL, GA, IA, ID, IL, IN, KS, KY, LA, MA, MD, ME, MI, MN, MO, MS, NC, NE, NJ, NV, NY, OH, OK, OR, PA, RI, SC, TN, TX, UT, VA, WA, WI, and WV",V-0225-2017,Class II,"Essential Everyday, Beef Basted Rawhide Flip Chip Premium Dog Chews, Distributed by Supervalu Inc Eden Prairie, MN 55344 USA, packaged in 1 lb packages, UPC 41303043837;",Unknown,Investigation of complaints of an off odor on the product revealed that the product is potentially contaminated with an equipment sanitizer (quaternary ammonium).,06/05/2017,07/11/2017,02/02/2018,07/19/2017,"All codes beginning with AH, AV A, AI, AO, or AB and expiration dates between 6/1/2019 and 5/31/2020"
Veterinary,No,,77441,Terminated,Spectrum Brands Inc,3001 Commerce St,N/A,Blacksburg,VA,	24060-6671,United States,Voluntary: Firm initiated,Telephone,"Multiple states nationwide and Canada. States include AL, AR, AZ, CA, CO, CT, DE, FL, GA, IA, ID, IL, IN, KS, KY, LA, MA, MD, ME, MI, MN, MO, MS, NC, NE, NJ, NV, NY, OH, OK, OR, PA, RI, SC, TN, TX, UT, VA, WA, WI, and WV",V-0226-2017,Class II,"Essential Everyday, Triple-Flavor Chews Beef Hide, Premium Chicken & Artificial Bacon Flavor, Distributed by Supervalu Inc Eden Prairie, MN 55344 USA, packaged in 1 count 4'' curl packages, UPC 41303043707;",Unknown,Investigation of complaints of an off odor on the product revealed that the product is potentially contaminated with an equipment sanitizer (quaternary ammonium).,06/05/2017,07/11/2017,02/02/2018,07/19/2017,"All codes beginning with AH, AV A, AI, AO, or AB and expiration dates between 6/1/2019 and 5/31/2020"
Veterinary,No,,77441,Terminated,Spectrum Brands Inc,3001 Commerce St,N/A,Blacksburg,VA,	24060-6671,United States,Voluntary: Firm initiated,Telephone,"Multiple states nationwide and Canada. States include AL, AR, AZ, CA, CO, CT, DE, FL, GA, IA, ID, IL, IN, KS, KY, LA, MA, MD, ME, MI, MN, MO, MS, NC, NE, NJ, NV, NY, OH, OK, OR, PA, RI, SC, TN, TX, UT, VA, WA, WI, and WV",V-0227-2017,Class II,"Good Lovin', Beef Flavor Butcher's Block Rawhide Bone, Distributed by: International Pet Supplies and Distribution, Inc. San Diego, CA, packaged in 1) 3 count 5'' bone packages, UPC 800443969823; 2) 3 count 9'' bone packages, UPC 800443969809;",Unknown,Investigation of complaints of an off odor on the product revealed that the product is potentially contaminated with an equipment sanitizer (quaternary ammonium).,06/05/2017,07/11/2017,02/02/2018,07/19/2017,"All codes beginning with AH, AV A, AI, AO, or AB and expiration dates between 6/1/2019 and 5/31/2020"
Veterinary,No,,77441,Terminated,Spectrum Brands Inc,3001 Commerce St,N/A,Blacksburg,VA,	24060-6671,United States,Voluntary: Firm initiated,Telephone,"Multiple states nationwide and Canada. States include AL, AR, AZ, CA, CO, CT, DE, FL, GA, IA, ID, IL, IN, KS, KY, LA, MA, MD, ME, MI, MN, MO, MS, NC, NE, NJ, NV, NY, OH, OK, OR, PA, RI, SC, TN, TX, UT, VA, WA, WI, and WV",V-0228-2017,Class II,"Good Lovin', Chicken Flavor Rawhide Bone, Distributed by: International Pet Supplies and Distribution, Inc. San Diego, CA, packaged in 3 count 5'' bone packages, UPC 800443157213;",Unknown,Investigation of complaints of an off odor on the product revealed that the product is potentially contaminated with an equipment sanitizer (quaternary ammonium).,06/05/2017,07/11/2017,02/02/2018,07/19/2017,"All codes beginning with AH, AV A, AI, AO, or AB and expiration dates between 6/1/2019 and 5/31/2020"
Veterinary,No,,77441,Terminated,Spectrum Brands Inc,3001 Commerce St,N/A,Blacksburg,VA,	24060-6671,United States,Voluntary: Firm initiated,Telephone,"Multiple states nationwide and Canada. States include AL, AR, AZ, CA, CO, CT, DE, FL, GA, IA, ID, IL, IN, KS, KY, LA, MA, MD, ME, MI, MN, MO, MS, NC, NE, NJ, NV, NY, OH, OK, OR, PA, RI, SC, TN, TX, UT, VA, WA, WI, and WV",V-0229-2017,Class II,"Good Lovin', Hand Wrapped Jerky Rolls with Beef, Distributed by: International Pet Supplies and Distribution, Inc. San Diego, CA, packaged in 2 count 7'' wrap packages, UPC 800443969847;",Unknown,Investigation of complaints of an off odor on the product revealed that the product is potentially contaminated with an equipment sanitizer (quaternary ammonium).,06/05/2017,07/11/2017,02/02/2018,07/19/2017,"All codes beginning with AH, AV A, AI, AO, or AB and expiration dates between 6/1/2019 and 5/31/2020"
Veterinary,No,,77441,Terminated,Spectrum Brands Inc,3001 Commerce St,N/A,Blacksburg,VA,	24060-6671,United States,Voluntary: Firm initiated,Telephone,"Multiple states nationwide and Canada. States include AL, AR, AZ, CA, CO, CT, DE, FL, GA, IA, ID, IL, IN, KS, KY, LA, MA, MD, ME, MI, MN, MO, MS, NC, NE, NJ, NV, NY, OH, OK, OR, PA, RI, SC, TN, TX, UT, VA, WA, WI, and WV",V-0230-2017,Class II,"Hill Country Fare, Rawhide For Dogs, Distributed by: H-E-B  San Antonio, TX 78204, packaged in 1) 5 count 4'' bone packages, UPC 41220780280; 2) 1 lb 4'' bone packages, UPC 41220928873; 3) 3 count 4'' bone packages, UPC 41220780259; 4) 4 count 4'' bone packages, UPC 41220928859; 5) 1 count 9'' bone packages, UPC 41220780266; 6) 3 count 9'' bone packages, UPC 41220928866; 7) 2 count 8'' bone packages, UPC 41220985494; 8) 1 count 11'' bone packages, UPC 41220780273;",Unknown,Investigation of complaints of an off odor on the product revealed that the product is potentially contaminated with an equipment sanitizer (quaternary ammonium).,06/05/2017,07/11/2017,02/02/2018,07/19/2017,"All codes beginning with AH, AV, A, AI, AO, or AB and expiration dates between 6/1/2019 and 5/31/2020"
Veterinary,No,,77441,Terminated,Spectrum Brands Inc,3001 Commerce St,N/A,Blacksburg,VA,	24060-6671,United States,Voluntary: Firm initiated,Telephone,"Multiple states nationwide and Canada. States include AL, AR, AZ, CA, CO, CT, DE, FL, GA, IA, ID, IL, IN, KS, KY, LA, MA, MD, ME, MI, MN, MO, MS, NC, NE, NJ, NV, NY, OH, OK, OR, PA, RI, SC, TN, TX, UT, VA, WA, WI, and WV",V-0231-2017,Class II,"Hill Country Fare, Rawhide For Dogs Beef Basted Retriever Rolls, Distributed by: H-E-B  San Antonio, TX 78204, packaged in 1) 2 count 8'' roll packages, UPC 41220844449; 2) 4 count 4'' roll packages, UPC 41220905560",Unknown,Investigation of complaints of an off odor on the product revealed that the product is potentially contaminated with an equipment sanitizer (quaternary ammonium).,06/05/2017,07/11/2017,02/02/2018,07/19/2017,"All codes beginning with AH, AV A, AI, AO, or AB and expiration dates between 6/1/2019 and 5/31/2020"
Veterinary,No,,77441,Terminated,Spectrum Brands Inc,3001 Commerce St,N/A,Blacksburg,VA,	24060-6671,United States,Voluntary: Firm initiated,Telephone,"Multiple states nationwide and Canada. States include AL, AR, AZ, CA, CO, CT, DE, FL, GA, IA, ID, IL, IN, KS, KY, LA, MA, MD, ME, MI, MN, MO, MS, NC, NE, NJ, NV, NY, OH, OK, OR, PA, RI, SC, TN, TX, UT, VA, WA, WI, and WV",V-0232-2017,Class II,"Hill Country Fare, Rawhide For Dogs Chicken Basted Retriever Rolls, Distributed by: H-E-B  San Antonio, TX 78204, packaged in 2 count 8'' roll packages, UPC 41220844432;",N/A,Investigation of complaints of an off odor on the product revealed that the product is potentially contaminated with an equipment sanitizer (quaternary ammonium).,06/05/2017,07/11/2017,02/02/2018,07/19/2017,"All codes beginning with AH, AV A, AI, AO, or AB and expiration dates between 6/1/2019 and 5/31/2020"
Veterinary,No,,77441,Terminated,Spectrum Brands Inc,3001 Commerce St,N/A,Blacksburg,VA,	24060-6671,United States,Voluntary: Firm initiated,Telephone,"Multiple states nationwide and Canada. States include AL, AR, AZ, CA, CO, CT, DE, FL, GA, IA, ID, IL, IN, KS, KY, LA, MA, MD, ME, MI, MN, MO, MS, NC, NE, NJ, NV, NY, OH, OK, OR, PA, RI, SC, TN, TX, UT, VA, WA, WI, and WV",V-0233-2017,Class II,"Hill Country Fare, Rawhide For Dogs Beef Basted Bones, Distributed by: H-E-B  San Antonio, TX 78204, packaged in 4 count 4'' bone packages, UPC 41220905560",Unknown,Investigation of complaints of an off odor on the product revealed that the product is potentially contaminated with an equipment sanitizer (quaternary ammonium).,06/05/2017,07/11/2017,02/02/2018,07/19/2017,"All codes beginning with AH, AV A, AI, AO, or AB and expiration dates between 6/1/2019 and 5/31/2020"
Veterinary,No,,77441,Terminated,Spectrum Brands Inc,3001 Commerce St,N/A,Blacksburg,VA,	24060-6671,United States,Voluntary: Firm initiated,Telephone,"Multiple states nationwide and Canada. States include AL, AR, AZ, CA, CO, CT, DE, FL, GA, IA, ID, IL, IN, KS, KY, LA, MA, MD, ME, MI, MN, MO, MS, NC, NE, NJ, NV, NY, OH, OK, OR, PA, RI, SC, TN, TX, UT, VA, WA, WI, and WV",V-0234-2017,Class II,"Hill Country Fare, Rawhide For Dogs Chicken Basted Bones, Distributed by: H-E-B  San Antonio, TX 78204, packaged in 4 count 4'' bone packages, UPC 41220905577",Unknown,Investigation of complaints of an off odor on the product revealed that the product is potentially contaminated with an equipment sanitizer (quaternary ammonium).,06/05/2017,07/11/2017,02/02/2018,07/19/2017,"All codes beginning with AH, AV A, AI, AO, or AB and expiration dates between 6/1/2019 and 5/31/2020"
Veterinary,No,,77441,Terminated,Spectrum Brands Inc,3001 Commerce St,N/A,Blacksburg,VA,	24060-6671,United States,Voluntary: Firm initiated,Telephone,"Multiple states nationwide and Canada. States include AL, AR, AZ, CA, CO, CT, DE, FL, GA, IA, ID, IL, IN, KS, KY, LA, MA, MD, ME, MI, MN, MO, MS, NC, NE, NJ, NV, NY, OH, OK, OR, PA, RI, SC, TN, TX, UT, VA, WA, WI, and WV",V-0235-2017,Class II,"Hill Country Fare, Rawhide For Dogs All Natural Dog Chews, Distributed by: H-E-B  San Antonio, TX 78204, packaged in 1) 4 count 10'' roll packages, UPC 41220780211; 2) 4 count 10'' roll packages, UPC 41220928842;",Unknown,Investigation of complaints of an off odor on the product revealed that the product is potentially contaminated with an equipment sanitizer (quaternary ammonium).,06/05/2017,07/11/2017,02/02/2018,07/19/2017,"All codes beginning with AH, AV A, AI, AO, or AB and expiration dates between 6/1/2019 and 5/31/2020"
Veterinary,No,,77441,Terminated,Spectrum Brands Inc,3001 Commerce St,N/A,Blacksburg,VA,	24060-6671,United States,Voluntary: Firm initiated,Telephone,"Multiple states nationwide and Canada. States include AL, AR, AZ, CA, CO, CT, DE, FL, GA, IA, ID, IL, IN, KS, KY, LA, MA, MD, ME, MI, MN, MO, MS, NC, NE, NJ, NV, NY, OH, OK, OR, PA, RI, SC, TN, TX, UT, VA, WA, WI, and WV",V-0236-2017,Class II,"Hill Country Fare, Rawhide For Dogs Natural Chips, Distributed by: H-E-B  San Antonio, TX 78204, packaged in 1.5 lb packages, UPC 41220928897;",Unknown,Investigation of complaints of an off odor on the product revealed that the product is potentially contaminated with an equipment sanitizer (quaternary ammonium).,06/05/2017,07/11/2017,02/02/2018,07/19/2017,"All codes beginning with AH, AV A, AI, AO, or AB and expiration dates between 6/1/2019 and 5/31/2020"
Veterinary,No,,77441,Terminated,Spectrum Brands Inc,3001 Commerce St,N/A,Blacksburg,VA,	24060-6671,United States,Voluntary: Firm initiated,Telephone,"Multiple states nationwide and Canada. States include AL, AR, AZ, CA, CO, CT, DE, FL, GA, IA, ID, IL, IN, KS, KY, LA, MA, MD, ME, MI, MN, MO, MS, NC, NE, NJ, NV, NY, OH, OK, OR, PA, RI, SC, TN, TX, UT, VA, WA, WI, and WV",V-0237-2017,Class II,"Hill Country Fare, Rawhide For Dogs Chicken Chips, Distributed by: H-E-B  San Antonio, TX 78204, packaged in 1.5 lb packages, UPC 41220928903;",Unknown,Investigation of complaints of an off odor on the product revealed that the product is potentially contaminated with an equipment sanitizer (quaternary ammonium).,06/05/2017,07/11/2017,02/02/2018,07/19/2017,"All codes beginning with AH, AV A, AI, AO, or AB and expiration dates between 6/1/2019 and 5/31/2020"
Veterinary,No,,77441,Terminated,Spectrum Brands Inc,3001 Commerce St,N/A,Blacksburg,VA,	24060-6671,United States,Voluntary: Firm initiated,Telephone,"Multiple states nationwide and Canada. States include AL, AR, AZ, CA, CO, CT, DE, FL, GA, IA, ID, IL, IN, KS, KY, LA, MA, MD, ME, MI, MN, MO, MS, NC, NE, NJ, NV, NY, OH, OK, OR, PA, RI, SC, TN, TX, UT, VA, WA, WI, and WV",V-0238-2017,Class II,"Hill Country Fare, Rawhide For Dogs Beef Basted Ribs, Distributed by: H-E-B  San Antonio, TX 78204, packaged in 1.5 lb packages, UPC 41220928927;",Unknown,Investigation of complaints of an off odor on the product revealed that the product is potentially contaminated with an equipment sanitizer (quaternary ammonium).,06/05/2017,07/11/2017,02/02/2018,07/19/2017,"All codes beginning with AH, AV A, AI, AO, or AB and expiration dates between 6/1/2019 and 5/31/2020"
Veterinary,No,,77441,Terminated,Spectrum Brands Inc,3001 Commerce St,N/A,Blacksburg,VA,	24060-6671,United States,Voluntary: Firm initiated,Telephone,"Multiple states nationwide and Canada. States include AL, AR, AZ, CA, CO, CT, DE, FL, GA, IA, ID, IL, IN, KS, KY, LA, MA, MD, ME, MI, MN, MO, MS, NC, NE, NJ, NV, NY, OH, OK, OR, PA, RI, SC, TN, TX, UT, VA, WA, WI, and WV",V-0239-2017,Class II,"Hill Country Fare, Rawhide For Dogs Beef Chips, Distributed by: H-E-B  San Antonio, TX 78204, packaged in 1.5 lb packages, UPC 41220928910;",Unknown,Investigation of complaints of an off odor on the product revealed that the product is potentially contaminated with an equipment sanitizer (quaternary ammonium).,06/05/2017,07/11/2017,02/02/2018,07/19/2017,"All codes beginning with AH, AV A, AI, AO, or AB and expiration dates between 6/1/2019 and 5/31/2020"
Veterinary,No,,77441,Terminated,Spectrum Brands Inc,3001 Commerce St,N/A,Blacksburg,VA,	24060-6671,United States,Voluntary: Firm initiated,Telephone,"Multiple states nationwide and Canada. States include AL, AR, AZ, CA, CO, CT, DE, FL, GA, IA, ID, IL, IN, KS, KY, LA, MA, MD, ME, MI, MN, MO, MS, NC, NE, NJ, NV, NY, OH, OK, OR, PA, RI, SC, TN, TX, UT, VA, WA, WI, and WV",V-0240-2017,Class II,"PetCo, Granulated Rawhide, Ribs Natural Flavored Dog Chews Beef, Distributed by: International Pet Supplies and Distribution, Inc. San Diego, CA 92121, packaged in 1 lb packages, UPC 800443126219;",Unknown,Investigation of complaints of an off odor on the product revealed that the product is potentially contaminated with an equipment sanitizer (quaternary ammonium).,06/05/2017,07/11/2017,02/02/2018,07/19/2017,"All codes beginning with AH, AV A, AI, AO, or AB and expiration dates between 6/1/2019 and 5/31/2020"
Veterinary,No,,77441,Terminated,Spectrum Brands Inc,3001 Commerce St,N/A,Blacksburg,VA,	24060-6671,United States,Voluntary: Firm initiated,Telephone,"Multiple states nationwide and Canada. States include AL, AR, AZ, CA, CO, CT, DE, FL, GA, IA, ID, IL, IN, KS, KY, LA, MA, MD, ME, MI, MN, MO, MS, NC, NE, NJ, NV, NY, OH, OK, OR, PA, RI, SC, TN, TX, UT, VA, WA, WI, and WV",V-0241-2017,Class II,"PetCo, Classic Rawhide, Knot Bones, Natural Flavored Dog Chews Beef, Distributed by: International Pet Supplies and Distribution, Inc. San Diego, CA 92121, packaged in 2 count 7'' bone packages, UPC 800443065051;",Unknown,Investigation of complaints of an off odor on the product revealed that the product is potentially contaminated with an equipment sanitizer (quaternary ammonium).,06/05/2017,07/11/2017,02/02/2018,07/19/2017,"All codes beginning with AH, AV A, AI, AO, or AB and expiration dates between 6/1/2019 and 5/31/2020"
Veterinary,No,,77441,Terminated,Spectrum Brands Inc,3001 Commerce St,N/A,Blacksburg,VA,	24060-6671,United States,Voluntary: Firm initiated,Telephone,"Multiple states nationwide and Canada. States include AL, AR, AZ, CA, CO, CT, DE, FL, GA, IA, ID, IL, IN, KS, KY, LA, MA, MD, ME, MI, MN, MO, MS, NC, NE, NJ, NV, NY, OH, OK, OR, PA, RI, SC, TN, TX, UT, VA, WA, WI, and WV",V-0242-2017,Class II,"Priority, Rawhide Retriever Rolls Beef Basted, Distributed by: Lucerne North America LLC Pleasanton, CA 94566-0009, packaged in 1) 2 count 4'' rolls packages, UPC 21130422142; 2) 2 count 10'' rolls packages, UPC 21130420933; 3) 2 count 10'' rolls packages, UPC 21130420568;",Unknown,Investigation of complaints of an off odor on the product revealed that the product is potentially contaminated with an equipment sanitizer (quaternary ammonium).,06/05/2017,07/11/2017,02/02/2018,07/19/2017,"All codes beginning with AH, AV A, AI, AO, or AB and expiration dates between 6/1/2019 and 5/31/2020"
Veterinary,No,,77441,Terminated,Spectrum Brands Inc,3001 Commerce St,N/A,Blacksburg,VA,	24060-6671,United States,Voluntary: Firm initiated,Telephone,"Multiple states nationwide and Canada. States include AL, AR, AZ, CA, CO, CT, DE, FL, GA, IA, ID, IL, IN, KS, KY, LA, MA, MD, ME, MI, MN, MO, MS, NC, NE, NJ, NV, NY, OH, OK, OR, PA, RI, SC, TN, TX, UT, VA, WA, WI, and WV",V-0243-2017,Class II,"Priority, Munchy Strips Beef Basted, Distributed by: Lucerne North America LLC Pleasanton, CA 94566-0009, packaged in 50 count packages, UPC 21130422111;",Unknown,Investigation of complaints of an off odor on the product revealed that the product is potentially contaminated with an equipment sanitizer (quaternary ammonium).,06/05/2017,07/11/2017,02/02/2018,07/19/2017,"All codes beginning with AH, AV A, AI, AO, or AB and expiration dates between 6/1/2019 and 5/31/2020"
Veterinary,No,,77441,Terminated,Spectrum Brands Inc,3001 Commerce St,N/A,Blacksburg,VA,	24060-6671,United States,Voluntary: Firm initiated,Telephone,"Multiple states nationwide and Canada. States include AL, AR, AZ, CA, CO, CT, DE, FL, GA, IA, ID, IL, IN, KS, KY, LA, MA, MD, ME, MI, MN, MO, MS, NC, NE, NJ, NV, NY, OH, OK, OR, PA, RI, SC, TN, TX, UT, VA, WA, WI, and WV",V-0244-2017,Class II,"Priority, Knotted Rawhide Bones Natural, Distributed by: Lucerne North America LLC Pleasanton, CA 94566-0009, packaged in 1) 1 lb packages, UPC 21130420766; 2) 4 count 4'' bones packages, UPC 21130420773; 3) 8 count 5'' bones packages, UPC 21130420537; 4) 2 count 6'' bones packages, UPC 21130420926; 5) 1 count 9'' bones packages, UPC 21130420513; 6) 1 count 11'' bones packages, UPC 21130420135;",Unknown,Investigation of complaints of an off odor on the product revealed that the product is potentially contaminated with an equipment sanitizer (quaternary ammonium).,06/05/2017,07/11/2017,02/02/2018,07/19/2017,"All codes beginning with AH, AV A, AI, AO, or AB and expiration dates between 6/1/2019 and 5/31/2020"
Veterinary,No,,77441,Terminated,Spectrum Brands Inc,3001 Commerce St,N/A,Blacksburg,VA,	24060-6671,United States,Voluntary: Firm initiated,Telephone,"Multiple states nationwide and Canada. States include AL, AR, AZ, CA, CO, CT, DE, FL, GA, IA, ID, IL, IN, KS, KY, LA, MA, MD, ME, MI, MN, MO, MS, NC, NE, NJ, NV, NY, OH, OK, OR, PA, RI, SC, TN, TX, UT, VA, WA, WI, and WV",V-0245-2017,Class II,"Priority, Knotted Rawhide Bone Beef Basted, Distributed by: Lucerne North America LLC Pleasanton, CA 94566-0009, packaged in 1 count 9'' bone packages, UPC 21130420520;",Unknown,Investigation of complaints of an off odor on the product revealed that the product is potentially contaminated with an equipment sanitizer (quaternary ammonium).,06/05/2017,07/11/2017,02/02/2018,07/19/2017,"All codes beginning with AH, AV A, AI, AO, or AB and expiration dates between 6/1/2019 and 5/31/2020"
Veterinary,No,,77441,Terminated,Spectrum Brands Inc,3001 Commerce St,N/A,Blacksburg,VA,	24060-6671,United States,Voluntary: Firm initiated,Telephone,"Multiple states nationwide and Canada. States include AL, AR, AZ, CA, CO, CT, DE, FL, GA, IA, ID, IL, IN, KS, KY, LA, MA, MD, ME, MI, MN, MO, MS, NC, NE, NJ, NV, NY, OH, OK, OR, PA, RI, SC, TN, TX, UT, VA, WA, WI, and WV",V-0246-2017,Class II,"Priority, Large Rawhide Ring, Distributed by: Lucerne North America LLC Pleasanton, CA 94566-0009, packaged in 1 count packages, UPC 21130422104;",Unknown,Investigation of complaints of an off odor on the product revealed that the product is potentially contaminated with an equipment sanitizer (quaternary ammonium).,06/05/2017,07/11/2017,02/02/2018,07/19/2017,"All codes beginning with AH, AV A, AI, AO, or AB and expiration dates between 6/1/2019 and 5/31/2020"
Veterinary,No,,77441,Terminated,Spectrum Brands Inc,3001 Commerce St,N/A,Blacksburg,VA,	24060-6671,United States,Voluntary: Firm initiated,Telephone,"Multiple states nationwide and Canada. States include AL, AR, AZ, CA, CO, CT, DE, FL, GA, IA, ID, IL, IN, KS, KY, LA, MA, MD, ME, MI, MN, MO, MS, NC, NE, NJ, NV, NY, OH, OK, OR, PA, RI, SC, TN, TX, UT, VA, WA, WI, and WV",V-0247-2017,Class II,"Priority, Medium Assorted Rawhide Natural, Distributed by: Lucerne North America LLC Pleasanton, CA 94566-0009, packaged in 4 count packages, UPC 21130420506;",Unknown,Investigation of complaints of an off odor on the product revealed that the product is potentially contaminated with an equipment sanitizer (quaternary ammonium).,06/05/2017,07/11/2017,02/02/2018,07/19/2017,"All codes beginning with AH, AV A, AI, AO, or AB and expiration dates between 6/1/2019 and 5/31/2020"
Veterinary,No,,77441,Terminated,Spectrum Brands Inc,3001 Commerce St,N/A,Blacksburg,VA,	24060-6671,United States,Voluntary: Firm initiated,Telephone,"Multiple states nationwide and Canada. States include AL, AR, AZ, CA, CO, CT, DE, FL, GA, IA, ID, IL, IN, KS, KY, LA, MA, MD, ME, MI, MN, MO, MS, NC, NE, NJ, NV, NY, OH, OK, OR, PA, RI, SC, TN, TX, UT, VA, WA, WI, and WV",V-0248-2017,Class II,"Priority, Rawhide Chew Flip Chips Natural, Distributed by: Lucerne North America LLC Pleasanton, CA 94566-0009, packaged in 1) 3 OZ packages, UPC 21130422098; 2) 1 lb packages, UPC 21130420759",Unknown,Investigation of complaints of an off odor on the product revealed that the product is potentially contaminated with an equipment sanitizer (quaternary ammonium).,06/05/2017,07/11/2017,02/02/2018,07/19/2017,"All codes beginning with AH, AV A, AI, AO, or AB and expiration dates between 6/1/2019 and 5/31/2020"
Veterinary,No,,77441,Terminated,Spectrum Brands Inc,3001 Commerce St,N/A,Blacksburg,VA,	24060-6671,United States,Voluntary: Firm initiated,Telephone,"Multiple states nationwide and Canada. States include AL, AR, AZ, CA, CO, CT, DE, FL, GA, IA, ID, IL, IN, KS, KY, LA, MA, MD, ME, MI, MN, MO, MS, NC, NE, NJ, NV, NY, OH, OK, OR, PA, RI, SC, TN, TX, UT, VA, WA, WI, and WV",V-0249-2017,Class II,"Priority, Rawhide Chips Beef Basted, Distributed by: Lucerne North America LLC Pleasanton, CA 94566-0009, packaged in 1 lb packages, UPC 21130420964;",Unknown,Investigation of complaints of an off odor on the product revealed that the product is potentially contaminated with an equipment sanitizer (quaternary ammonium).,06/05/2017,07/11/2017,02/02/2018,07/19/2017,"All codes beginning with AH, AV A, AI, AO, or AB and expiration dates between 6/1/2019 and 5/31/2020"
Veterinary,No,,77441,Terminated,Spectrum Brands Inc,3001 Commerce St,N/A,Blacksburg,VA,	24060-6671,United States,Voluntary: Firm initiated,Telephone,"Multiple states nationwide and Canada. States include AL, AR, AZ, CA, CO, CT, DE, FL, GA, IA, ID, IL, IN, KS, KY, LA, MA, MD, ME, MI, MN, MO, MS, NC, NE, NJ, NV, NY, OH, OK, OR, PA, RI, SC, TN, TX, UT, VA, WA, WI, and WV",V-0250-2017,Class II,"yourpet, Beef Basted Beefhide Chips, Distributed by: Harris Teeter Matthews, NC, packaged in 1 lb packages, UPC 72036250407;",Unknown,Investigation of complaints of an off odor on the product revealed that the product is potentially contaminated with an equipment sanitizer (quaternary ammonium).,06/05/2017,07/11/2017,02/02/2018,07/19/2017,"All codes beginning with AH, AV A, AI, AO, or AB and expiration dates between 6/1/2019 and 5/31/2020"
Veterinary,No,,77441,Terminated,Spectrum Brands Inc,3001 Commerce St,N/A,Blacksburg,VA,	24060-6671,United States,Voluntary: Firm initiated,Telephone,"Multiple states nationwide and Canada. States include AL, AR, AZ, CA, CO, CT, DE, FL, GA, IA, ID, IL, IN, KS, KY, LA, MA, MD, ME, MI, MN, MO, MS, NC, NE, NJ, NV, NY, OH, OK, OR, PA, RI, SC, TN, TX, UT, VA, WA, WI, and WV",V-0251-2017,Class II,"yourpet, Beef Basted Beefhide Rolls, Distributed by: Harris Teeter Matthews, NC, packaged in 2 count 7'' roll packages, UPC 72036977175;",Unknown,Investigation of complaints of an off odor on the product revealed that the product is potentially contaminated with an equipment sanitizer (quaternary ammonium).,06/05/2017,07/11/2017,02/02/2018,07/19/2017,"All codes beginning with AH, AV A, AI, AO, or AB and expiration dates between 6/1/2019 and 5/31/2020"
Veterinary,No,,77441,Terminated,Spectrum Brands Inc,3001 Commerce St,N/A,Blacksburg,VA,	24060-6671,United States,Voluntary: Firm initiated,Telephone,"Multiple states nationwide and Canada. States include AL, AR, AZ, CA, CO, CT, DE, FL, GA, IA, ID, IL, IN, KS, KY, LA, MA, MD, ME, MI, MN, MO, MS, NC, NE, NJ, NV, NY, OH, OK, OR, PA, RI, SC, TN, TX, UT, VA, WA, WI, and WV",V-0252-2017,Class II,"yourpet, Natural Beefhide Chips, Distributed by: Harris Teeter Matthews, NC, packaged in 1) 1 lb packages, UPC 72036977964; 2) 2 lb packages, UPC 72036981318;",Unknown,Investigation of complaints of an off odor on the product revealed that the product is potentially contaminated with an equipment sanitizer (quaternary ammonium).,06/05/2017,07/11/2017,02/02/2018,07/19/2017,"All codes beginning with AH, AV A, AI, AO, or AB and expiration dates between 6/1/2019 and 5/31/2020"
Veterinary,No,,77441,Terminated,Spectrum Brands Inc,3001 Commerce St,N/A,Blacksburg,VA,	24060-6671,United States,Voluntary: Firm initiated,Telephone,"Multiple states nationwide and Canada. States include AL, AR, AZ, CA, CO, CT, DE, FL, GA, IA, ID, IL, IN, KS, KY, LA, MA, MD, ME, MI, MN, MO, MS, NC, NE, NJ, NV, NY, OH, OK, OR, PA, RI, SC, TN, TX, UT, VA, WA, WI, and WV",V-0253-2017,Class II,"yourpet, Natural Beefhide Bones, Distributed by: Harris Teeter Matthews, NC, packaged in 1) 1 count 4'' bone packages, UPC 72036977083; 2) 2 count 6'' bone packages, UPC 72036981356; 3) 1 count 7'' bone packages, UPC 72036977090; 4) 1 count 9'' bone packages, UPC 72036977106; 5) 4 count 9'' bone packages, UPC 72036981325; 7) 2 count 11'' bone packages, UPC 72036977182; 8) 6 count 4'' bone packages, UPC 72036977885; 9) 3 count 6'' bone packages, UPC 72036977908; 10) 1 count medium bone packages, UPC 72036977939;",Unknown,Investigation of complaints of an off odor on the product revealed that the product is potentially contaminated with an equipment sanitizer (quaternary ammonium).,06/05/2017,07/11/2017,02/02/2018,07/19/2017,"All codes beginning with AH, AV A, AI, AO, or AB and expiration dates between 6/1/2019 and 5/31/2020"
Veterinary,No,,77441,Terminated,Spectrum Brands Inc,3001 Commerce St,N/A,Blacksburg,VA,	24060-6671,United States,Voluntary: Firm initiated,Telephone,"Multiple states nationwide and Canada. States include AL, AR, AZ, CA, CO, CT, DE, FL, GA, IA, ID, IL, IN, KS, KY, LA, MA, MD, ME, MI, MN, MO, MS, NC, NE, NJ, NV, NY, OH, OK, OR, PA, RI, SC, TN, TX, UT, VA, WA, WI, and WV",V-0254-2017,Class II,"yourpet, Natural Beefhide Rolls, Distributed by: Harris Teeter Matthews, NC, packaged in 1) 3 count 5'' roll packages, UPC 72036981363; 2) 2 count 10'' roll packages, UPC 72036977151;",Unknown,Investigation of complaints of an off odor on the product revealed that the product is potentially contaminated with an equipment sanitizer (quaternary ammonium).,06/05/2017,07/11/2017,02/02/2018,07/19/2017,"All codes beginning with AH, AV A, AI, AO, or AB and expiration dates between 6/1/2019 and 5/31/2020"
Veterinary,No,,77441,Terminated,Spectrum Brands Inc,3001 Commerce St,N/A,Blacksburg,VA,	24060-6671,United States,Voluntary: Firm initiated,Telephone,"Multiple states nationwide and Canada. States include AL, AR, AZ, CA, CO, CT, DE, FL, GA, IA, ID, IL, IN, KS, KY, LA, MA, MD, ME, MI, MN, MO, MS, NC, NE, NJ, NV, NY, OH, OK, OR, PA, RI, SC, TN, TX, UT, VA, WA, WI, and WV",V-0255-2017,Class II,"yourpet, Beef Basted Beefhide Bones, Distributed by: Harris Teeter Matthews, NC, packaged in 1) 1 count 4'' bone packages, UPC 72036977120; 2) 6 count 4'' bone packages, UPC 72036977892; 3) 1 count 7'' bone packages, UPC 72036977137; 4) 1 count 9'' bone packages, UPC 72036977144;",Unknown,Investigation of complaints of an off odor on the product revealed that the product is potentially contaminated with an equipment sanitizer (quaternary ammonium).,06/05/2017,07/11/2017,02/02/2018,07/19/2017,"All codes beginning with AH, AV A, AI, AO, or AB and expiration dates between 6/1/2019 and 5/31/2020"
Veterinary,No,,77441,Terminated,Spectrum Brands Inc,3001 Commerce St,N/A,Blacksburg,VA,	24060-6671,United States,Voluntary: Firm initiated,Telephone,"Multiple states nationwide and Canada. States include AL, AR, AZ, CA, CO, CT, DE, FL, GA, IA, ID, IL, IN, KS, KY, LA, MA, MD, ME, MI, MN, MO, MS, NC, NE, NJ, NV, NY, OH, OK, OR, PA, RI, SC, TN, TX, UT, VA, WA, WI, and WV",V-0256-2017,Class II,"yourpet, Natural Beefhide Ring, Distributed by: Harris Teeter Matthews, NC, packaged in 1 count 5.5'' ring packages, UPC 72036977113;",Unknown,Investigation of complaints of an off odor on the product revealed that the product is potentially contaminated with an equipment sanitizer (quaternary ammonium).,06/05/2017,07/11/2017,02/02/2018,07/19/2017,"All codes beginning with AH, AV A, AI, AO, or AB and expiration dates between 6/1/2019 and 5/31/2020"
Veterinary,No,,77441,Terminated,Spectrum Brands Inc,3001 Commerce St,N/A,Blacksburg,VA,	24060-6671,United States,Voluntary: Firm initiated,Telephone,"Multiple states nationwide and Canada. States include AL, AR, AZ, CA, CO, CT, DE, FL, GA, IA, ID, IL, IN, KS, KY, LA, MA, MD, ME, MI, MN, MO, MS, NC, NE, NJ, NV, NY, OH, OK, OR, PA, RI, SC, TN, TX, UT, VA, WA, WI, and WV",V-0257-2017,Class II,"yourpet, Chicken Basted Beefhide Basted Chips, Distributed by: Harris Teeter Matthews, NC, packaged in 1 lb packages, UPC 72036977229;",Unknown,Investigation of complaints of an off odor on the product revealed that the product is potentially contaminated with an equipment sanitizer (quaternary ammonium).,06/05/2017,07/11/2017,02/02/2018,07/19/2017,"All codes beginning with AH, AV A, AI, AO, or AB and expiration dates between 6/1/2019 and 5/31/2020"
Veterinary,No,,77441,Terminated,Spectrum Brands Inc,3001 Commerce St,N/A,Blacksburg,VA,	24060-6671,United States,Voluntary: Firm initiated,Telephone,"Multiple states nationwide and Canada. States include AL, AR, AZ, CA, CO, CT, DE, FL, GA, IA, ID, IL, IN, KS, KY, LA, MA, MD, ME, MI, MN, MO, MS, NC, NE, NJ, NV, NY, OH, OK, OR, PA, RI, SC, TN, TX, UT, VA, WA, WI, and WV",V-0258-2017,Class II,"Pet Pride, Chicken Flavored Beefhide Small Bones for Dogs, Distributed by: The Kroger Company, Cincinnati, OH, packaged in 1) 7 OZ 4'' bone packages, UPC 11110884343; 2) 1 count 4'' bone packages, UPC 11110830647; 3) 2 count 7'' bone packages, UPC 11110824639; 4) 1 count 7'' bone packages, UPC 11110830654; 5) 2 count 9'' bone packages, UPC 11110824677;",Unknown,Investigation of complaints of an off odor on the product revealed that the product is potentially contaminated with an equipment sanitizer (quaternary ammonium).,06/05/2017,07/11/2017,02/02/2018,07/19/2017,"All codes beginning with AH, AV A, AI, AO, or AB and expiration dates between 6/1/2019 and 5/31/2020"
Veterinary,No,,77441,Terminated,Spectrum Brands Inc,3001 Commerce St,N/A,Blacksburg,VA,	24060-6671,United States,Voluntary: Firm initiated,Telephone,"Multiple states nationwide and Canada. States include AL, AR, AZ, CA, CO, CT, DE, FL, GA, IA, ID, IL, IN, KS, KY, LA, MA, MD, ME, MI, MN, MO, MS, NC, NE, NJ, NV, NY, OH, OK, OR, PA, RI, SC, TN, TX, UT, VA, WA, WI, and WV",V-0259-2017,Class II,"Pet Pride, Premium Beefhide Rolls for Dogs, Distributed by: The Kroger Company, Cincinnati, OH, packaged in 1) 2 count 8'' bone packages, UPC 11110824707; 2) 1 count 10'' bone packages, UPC 11110830623;",Unknown,Investigation of complaints of an off odor on the product revealed that the product is potentially contaminated with an equipment sanitizer (quaternary ammonium).,06/05/2017,07/11/2017,02/02/2018,07/19/2017,"All codes beginning with AH, AV A, AI, AO, or AB and expiration dates between 6/1/2019 and 5/31/2020"
Veterinary,No,,77441,Terminated,Spectrum Brands Inc,3001 Commerce St,N/A,Blacksburg,VA,	24060-6671,United States,Voluntary: Firm initiated,Telephone,"Multiple states nationwide and Canada. States include AL, AR, AZ, CA, CO, CT, DE, FL, GA, IA, ID, IL, IN, KS, KY, LA, MA, MD, ME, MI, MN, MO, MS, NC, NE, NJ, NV, NY, OH, OK, OR, PA, RI, SC, TN, TX, UT, VA, WA, WI, and WV",V-0260-2017,Class II,"Pet Pride, Chicken Beefhide Rolls for Dogs, Distributed by: The Kroger Company, Cincinnati, OH, packaged in 1) 2 count 8'' bone packages, UPC 11110824707; 2) 1 count 10'' bone packages, UPC 11110830623;",Unknown,Investigation of complaints of an off odor on the product revealed that the product is potentially contaminated with an equipment sanitizer (quaternary ammonium).,06/05/2017,07/11/2017,02/02/2018,07/19/2017,"All codes beginning with AH, AV A, AI, AO, or AB and expiration dates between 6/1/2019 and 5/31/2020"
Veterinary,No,,77441,Terminated,Spectrum Brands Inc,3001 Commerce St,N/A,Blacksburg,VA,	24060-6671,United States,Voluntary: Firm initiated,Telephone,"Multiple states nationwide and Canada. States include AL, AR, AZ, CA, CO, CT, DE, FL, GA, IA, ID, IL, IN, KS, KY, LA, MA, MD, ME, MI, MN, MO, MS, NC, NE, NJ, NV, NY, OH, OK, OR, PA, RI, SC, TN, TX, UT, VA, WA, WI, and WV",V-0261-2017,Class II,"Pet Pride, Premium Beefhide Mini Curls for Dogs, Distributed by: The Kroger Company, Cincinnati, OH, packaged in 10 count curls packages, UPC 11110854315;",Unknown,Investigation of complaints of an off odor on the product revealed that the product is potentially contaminated with an equipment sanitizer (quaternary ammonium).,06/05/2017,07/11/2017,02/02/2018,07/19/2017,"All codes beginning with AH, AV A, AI, AO, or AB and expiration dates between 6/1/2019 and 5/31/2020"
Veterinary,No,,77441,Terminated,Spectrum Brands Inc,3001 Commerce St,N/A,Blacksburg,VA,	24060-6671,United States,Voluntary: Firm initiated,Telephone,"Multiple states nationwide and Canada. States include AL, AR, AZ, CA, CO, CT, DE, FL, GA, IA, ID, IL, IN, KS, KY, LA, MA, MD, ME, MI, MN, MO, MS, NC, NE, NJ, NV, NY, OH, OK, OR, PA, RI, SC, TN, TX, UT, VA, WA, WI, and WV",V-0262-2017,Class II,"Pet Pride, Rawhide Ring for Dogs, Distributed by: The Kroger Company, Cincinnati, OH, packaged in 1) 1 count ring packages, UPC 11110830432; 2) 1 count ring packages, UPC 11110830609;",Unknown,Investigation of complaints of an off odor on the product revealed that the product is potentially contaminated with an equipment sanitizer (quaternary ammonium).,06/05/2017,07/11/2017,02/02/2018,07/19/2017,"All codes beginning with AH, AV A, AI, AO, or AB and expiration dates between 6/1/2019 and 5/31/2020"
Veterinary,No,,77441,Terminated,Spectrum Brands Inc,3001 Commerce St,N/A,Blacksburg,VA,	24060-6671,United States,Voluntary: Firm initiated,Telephone,"Multiple states nationwide and Canada. States include AL, AR, AZ, CA, CO, CT, DE, FL, GA, IA, ID, IL, IN, KS, KY, LA, MA, MD, ME, MI, MN, MO, MS, NC, NE, NJ, NV, NY, OH, OK, OR, PA, RI, SC, TN, TX, UT, VA, WA, WI, and WV",V-0263-2017,Class II,"Pet Pride, Dental Care Rolls, Distributed by: The Kroger Company, Cincinnati, OH, packaged in 1 lb 5'' roll packages, UPC 11110804099;",Unknown,Investigation of complaints of an off odor on the product revealed that the product is potentially contaminated with an equipment sanitizer (quaternary ammonium).,06/05/2017,07/11/2017,02/02/2018,07/19/2017,"All codes beginning with AH, AV A, AI, AO, or AB and expiration dates between 6/1/2019 and 5/31/2020"
Veterinary,No,,77441,Terminated,Spectrum Brands Inc,3001 Commerce St,N/A,Blacksburg,VA,	24060-6671,United States,Voluntary: Firm initiated,Telephone,"Multiple states nationwide and Canada. States include AL, AR, AZ, CA, CO, CT, DE, FL, GA, IA, ID, IL, IN, KS, KY, LA, MA, MD, ME, MI, MN, MO, MS, NC, NE, NJ, NV, NY, OH, OK, OR, PA, RI, SC, TN, TX, UT, VA, WA, WI, and WV",V-0264-2017,Class II,"Pet Pride, Rawhide Bone for Dog, Distributed by: The Kroger Company, Cincinnati, OH, packaged in   1) 7 oz 4'' bone packages, UPC 11110884350;   2) 1 count 4'' bone packages, UPC 11110830173;   3) 1 lb 4'' bone packages, UPC 11110880574;   4) 2 count 4'' bone packages, UPC 11110824585;   5) 1 lb 6'' bone packages, UPC 11110880543;   6) 2 count 7'' bone packages, UPC 11110824622;   7) 1 count 7'' bone packages, UPC 11110830180;   8) 2 count 9'' bone packages, UPC 11110824660;   9) 1 count 11'' bone packages, UPC 11110824691;   10) 1 count 15'' bone packages, UPC 11110830272;",Unknown,Investigation of complaints of an off odor on the product revealed that the product is potentially contaminated with an equipment sanitizer (quaternary ammonium).,06/05/2017,07/11/2017,02/02/2018,07/19/2017,"All codes beginning with AH, AV A, AI, AO, or AB and expiration dates between 6/1/2019 and 5/31/2020"
Veterinary,No,,77441,Terminated,Spectrum Brands Inc,3001 Commerce St,N/A,Blacksburg,VA,	24060-6671,United States,Voluntary: Firm initiated,Telephone,"Multiple states nationwide and Canada. States include AL, AR, AZ, CA, CO, CT, DE, FL, GA, IA, ID, IL, IN, KS, KY, LA, MA, MD, ME, MI, MN, MO, MS, NC, NE, NJ, NV, NY, OH, OK, OR, PA, RI, SC, TN, TX, UT, VA, WA, WI, and WV",V-0265-2017,Class II,"Pet Pride, Beef Flavored Basted Rawhide Bone for Dog, Distributed by: The Kroger Company, Cincinnati, OH, packaged in   1) 1 lb 4'' bone packages, UPC 11110880581;   2) 1 count 4'' bone packages, UPC 11110830579;   3) 2 count 7'' bone packages, UPC 11110824646;",Unknown,Investigation of complaints of an off odor on the product revealed that the product is potentially contaminated with an equipment sanitizer (quaternary ammonium).,06/05/2017,07/11/2017,02/02/2018,07/19/2017,"All codes beginning with AH, AV A, AI, AO, or AB and expiration dates between 6/1/2019 and 5/31/2020"
Veterinary,No,,77441,Terminated,Spectrum Brands Inc,3001 Commerce St,N/A,Blacksburg,VA,	24060-6671,United States,Voluntary: Firm initiated,Telephone,"Multiple states nationwide and Canada. States include AL, AR, AZ, CA, CO, CT, DE, FL, GA, IA, ID, IL, IN, KS, KY, LA, MA, MD, ME, MI, MN, MO, MS, NC, NE, NJ, NV, NY, OH, OK, OR, PA, RI, SC, TN, TX, UT, VA, WA, WI, and WV",V-0266-2017,Class II,"Pet Pride, Beef Flavored Beefhide Chips for Dog, Distributed by: The Kroger Company, Cincinnati, OH, packaged in 1 lb chip packages, UPC 11110882097;",Unknown,Investigation of complaints of an off odor on the product revealed that the product is potentially contaminated with an equipment sanitizer (quaternary ammonium).,06/05/2017,07/11/2017,02/02/2018,07/19/2017,"All codes beginning with AH, AV A, AI, AO, or AB and expiration dates between 6/1/2019 and 5/31/2020"
Veterinary,No,,77441,Terminated,Spectrum Brands Inc,3001 Commerce St,N/A,Blacksburg,VA,	24060-6671,United States,Voluntary: Firm initiated,Telephone,"Multiple states nationwide and Canada. States include AL, AR, AZ, CA, CO, CT, DE, FL, GA, IA, ID, IL, IN, KS, KY, LA, MA, MD, ME, MI, MN, MO, MS, NC, NE, NJ, NV, NY, OH, OK, OR, PA, RI, SC, TN, TX, UT, VA, WA, WI, and WV",V-0267-2017,Class II,"Pet Pride, Chicken Flavor Basted Chips for Dog, Distributed by: The Kroger Company, Cincinnati, OH, packaged in 1) 1 lb chip packages, UPC 11110882080;   2) 6 oz chip packages, UPC 11110884039;",Unknown,Investigation of complaints of an off odor on the product revealed that the product is potentially contaminated with an equipment sanitizer (quaternary ammonium).,06/05/2017,07/11/2017,02/02/2018,07/19/2017,"All codes beginning with AH, AV A, AI, AO, or AB and expiration dates between 6/1/2019 and 5/31/2020"
Veterinary,No,,77441,Terminated,Spectrum Brands Inc,3001 Commerce St,N/A,Blacksburg,VA,	24060-6671,United States,Voluntary: Firm initiated,Telephone,"Multiple states nationwide and Canada. States include AL, AR, AZ, CA, CO, CT, DE, FL, GA, IA, ID, IL, IN, KS, KY, LA, MA, MD, ME, MI, MN, MO, MS, NC, NE, NJ, NV, NY, OH, OK, OR, PA, RI, SC, TN, TX, UT, VA, WA, WI, and WV",V-0268-2017,Class II,"Pet Pride, Premium Beefhide Chips for Dog, Distributed by: The Kroger Company, Cincinnati, OH, packaged in 1 lb chip packages, UPC 11110882073;",Unknown,Investigation of complaints of an off odor on the product revealed that the product is potentially contaminated with an equipment sanitizer (quaternary ammonium).,06/05/2017,07/11/2017,02/02/2018,07/19/2017,"All codes beginning with AH, AV A, AI, AO, or AB and expiration dates between 6/1/2019 and 5/31/2020"
Veterinary,No,,77441,Terminated,Spectrum Brands Inc,3001 Commerce St,N/A,Blacksburg,VA,	24060-6671,United States,Voluntary: Firm initiated,Telephone,"Multiple states nationwide and Canada. States include AL, AR, AZ, CA, CO, CT, DE, FL, GA, IA, ID, IL, IN, KS, KY, LA, MA, MD, ME, MI, MN, MO, MS, NC, NE, NJ, NV, NY, OH, OK, OR, PA, RI, SC, TN, TX, UT, VA, WA, WI, and WV",V-0269-2017,Class II,"Luvsome, Premium Beefhide Chips for Dog, Distributed by: The Kroger Company, Cincinnati, OH, packaged in 1 lb chip packages, UPC 11110882073;",Unknown,Investigation of complaints of an off odor on the product revealed that the product is potentially contaminated with an equipment sanitizer (quaternary ammonium).,06/05/2017,07/11/2017,02/02/2018,07/19/2017,"All codes beginning with AH, AV A, AI, AO, or AB and expiration dates between 6/1/2019 and 5/31/2020"
Veterinary,No,,77441,Terminated,Spectrum Brands Inc,3001 Commerce St,N/A,Blacksburg,VA,	24060-6671,United States,Voluntary: Firm initiated,Telephone,"Multiple states nationwide and Canada. States include AL, AR, AZ, CA, CO, CT, DE, FL, GA, IA, ID, IL, IN, KS, KY, LA, MA, MD, ME, MI, MN, MO, MS, NC, NE, NJ, NV, NY, OH, OK, OR, PA, RI, SC, TN, TX, UT, VA, WA, WI, and WV",V-0270-2017,Class II,"Dentley's, Peanut Butter Flavor Rawhide Rolls, Pacific Coast Distributing, Inc. Phoenix, AZ USA 85027, packaged in 1) 1 count 10'' roll packages, UPC 737257282988; 2) 2 count 10'' roll packages, UPC 737257282971",Unknown,Investigation of complaints of an off odor on the product revealed that the product is potentially contaminated with an equipment sanitizer (quaternary ammonium).,06/05/2017,07/11/2017,02/02/2018,07/19/2017,"All codes beginning with AH, AV A, AI, AO, or AB and expiration dates between 6/1/2019 and 5/31/2020"
Veterinary,No,,76781,Terminated,Euro Can Manufacturing Inc.,(Warehouse/Packaging/Distr. Center),367 Victoria St,New Hamburg,N/A,	N/A,Canada,Voluntary: Firm initiated,"Two or more of the following: Email, Fax, Letter, Press Release, Telephone, Visit",US and Canada.,V-0271-2017,Class I,"Barnsdale Farms, HoundsTooth and Mac's Choice Brand Pig Ears, individually shrink-wrapped, 6-pack, 12-pack,  25-pack and 100-pack plastic bags","891,439 pcs",Potential to be contaminated with Salmonella.,03/20/2017,07/18/2017,05/29/2019,07/26/2017,lot 84
Veterinary,No,,76466,Terminated,AGAINST THE GRAIN,2210 W 162nd St,N/A,Markham,IL,	60428-5604,United States,Voluntary: Firm initiated,E-Mail,"AZ, CA, FL, GA, HI, IL, IN, MA, MD, MI, MN, NV, NY, OH, PA, SC, WA, WI, British Columbia (Canada)",V-0272-2017,Class I,"Against the Grain PULLED BEEF with Gravy. Slow Simmered, Grain Free. NET WT. 12 OZ",278 cases (12 cans per case),Product sampled and tested positive for the barbiturate pentobarbital.,02/09/2017,07/18/2017,12/07/2023,07/26/2017,"All product manufactured between December 1, 2015 and January 14, 2017 and bearing expiration dates of December 2019 through January 2021.    Second part of UPC Code: 80001"
Veterinary,No,,76385,Terminated,Evanger's Dog & Cat Food Co,221 Wheeling Rd,N/A,Wheeling,IL,	60090-4809,United States,Voluntary: Firm initiated,Letter,"AZ, CA, FL, GA, HI, IL, IN, MA, MD, MI, MN, NV, NY, OH, PA, SC, WA, WI, British Columbia (Canada)",V-0273-2017,Class I,"Evanger's Hand Packed Hunk of Beef Au Jus; Grain and Gluten Free; NET WT 12 OZ; Manufactured in the USA by Evanger's Dog & Cat Food Co., Inc. Markham, IL 60428","3,165 cases (12 cans per case)",Product is potentially contaminated with the barbiturate pentobarbital.,02/03/2017,08/03/2017,12/07/2023,08/09/2017,"All product manufactured between December 1, 2015 and January 14, 2017 and bearing expiration dates of December 2019 through January 2021    Second part of UPC Code:  20109"
Veterinary,No,,76385,Terminated,Evanger's Dog & Cat Food Co,221 Wheeling Rd,N/A,Wheeling,IL,	60090-4809,United States,Voluntary: Firm initiated,Letter,"AZ, CA, FL, GA, HI, IL, IN, MA, MD, MI, MN, NV, NY, OH, PA, SC, WA, WI, British Columbia (Canada)",V-0274-2017,Class I,"Evanger's Hand Packed Braised Beef Chunks with Gravy; NET WT 12 OZ; Manufactured in the USA by Evanger's Dog & Cat Food Co., Inc. Markham, IL 60428","1,719 cases (12 cans per case)",Product is potentially contaminated with the barbiturate pentobarbital.,02/03/2017,08/03/2017,12/07/2023,08/09/2017,"All product manufactured between December 1, 2015 and January 14, 2017 and bearing expiration dates of December 2019 through January 2021    Second part of UPC Code:  20107"
Veterinary,No,,77207,Terminated,"Smallbatch Pets, Inc.",2452 NE 51st Ave,N/A,Portland,OR,	97213-2520,United States,Voluntary: Firm initiated,"Two or more of the following: Email, Fax, Letter, Press Release, Telephone, Visit","CA, CO, OR, WA",V-0275-2017,Class I,"Chicken blend for dogs and cats,  Smallbatch brand, frozen, Net wt. 2 lbs.  UPC 7 05105 97097 4.    The label is read in parts: ""***smallbatch***chicken blend for dogs and cats***NET WEIGHT 32oz (2 lbs.)***ingredients: skinless chicken necks, chicken, chicken backs, chicken gizzards, chicken livers, chicken hearts***NOT FOR HUMAN CONSUMPTION. PERISHABLE, KEEP FROZEN***Smallbatch Pets, Inc. Portland, OR 97213***888-507-2712***"".",282 cases (15/2 lb. packages),"The Smallbatch brand, frozen chicken blend for dogs and cats, 2 lbs. packages are recall due to the potential to be contaminated with Salmonella.",05/03/2017,08/03/2017,11/15/2017,08/09/2017,"Lot D032, Best by 2/1/2018  Lot E058, Best by 2/27/2018"
Veterinary,No,,77385,Terminated,Bayer Health Care LLC,12707 Shawnee Mission Pkwy,N/A,Shawnee,KS,	66216-1846,United States,Voluntary: Firm initiated,Telephone,"NE, AL, MN, IA, MO, ID, CO, OH, CO, OK",V-0276-2017,Class II,"CYDECTIN (moxidectin) Injectable Solution for Beef and Nonlactating Dairy Cattle, Antiparasitic. Sterile.  Contains 10 mg moxidectin/mL (5,000 mg/500 mL).  Contents 500 mL.  Manufactured for:  Boehringer Ingelheim Vetmedica, Inc., St. Joseph, MO 64506 USA",405 bottles,Lack of sterility assurance:  Due to potential for bottles to leak.,05/25/2017,08/08/2017,12/06/2017,08/16/2017,"Lot AH01VL1, Product Code 81449783, Expiry Date 31/12/2018"
Veterinary,No,,77910,Terminated,"MedPark Pharmacy, LLC",2002 Medical Pkwy Ste 170,N/A,Annapolis,MD,	21401-3276,United States,Voluntary: Firm initiated,Letter,Product distributed to one patient in the state of Maryland.,V-0277-2017,Class II,cyclosporine 1%,1/10 mL bottle for a specific animal,Lack of Sterility Assurance for compounded veterinary product.,06/01/2017,08/11/2017,03/06/2018,08/23/2017,Lot # 20170131-03
Veterinary,No,,77339,Terminated,MORTON SALT INC,444 W Lake St #3000,N/A,Chicago,IL,	60606-1790,United States,Voluntary: Firm initiated,"Two or more of the following: Email, Fax, Letter, Press Release, Telephone, Visit",Domestic: PA & VA    Foreign:   VA/DOD: None,V-0278-2017,Class III,"Morton Salt with YPS, 50 lb. bag, ): Low-density polyethylene form fill and seal bag","27,195 bags","Morton Salt, Inc. initiated a voluntary recall of Morton Fine Solar Salt with YPS used in animal feed due to contamination with trace amounts of foreign material .",05/15/2017,08/11/2017,10/17/2017,08/23/2017,"Morton Material Code: F13952000, UPC: 0 24600 039543, Manufactured: 1/6/17-4/6/17."
Veterinary,No,,77386,Terminated,"Ceva Animal Health, LLC",8735 Rosehill Rd Ste 300,N/A,Lenexa,KS,	66215-4612,United States,Voluntary: Firm initiated,Telephone,"AL, CA, CO, FL, GA, IA, IL, IN, KS, KY, ME, MI, MO, NE, NJ, NY, OH, OK, OR, PA, TN, TX, VA, WA",V-0279-2017,Class II,"Hyliderm + PS Mousse, Phytosphingosine salicyloyl 0.05%, Net Contents:  6.8 FL OZ (200 mL).  NDC: 13744-127-01",764 bottles,Microbial contamination of product with Penicillium citrinum and Penicillium mallochii.,05/26/2017,08/14/2017,04/23/2018,08/23/2017,Product Item Number FSHYLPS3068; Lot 160301B (Exp Date 4/11/2018).   Product Item Number FSHYLPS3068CL; Lot 170321B (Exp Date 3/18/2019)
Veterinary,No,,77386,Terminated,"Ceva Animal Health, LLC",8735 Rosehill Rd Ste 300,N/A,Lenexa,KS,	66215-4612,United States,Voluntary: Firm initiated,Telephone,"AL, CA, CO, FL, GA, IA, IL, IN, KS, KY, ME, MI, MO, NE, NJ, NY, OH, OK, OR, PA, TN, TX, VA, WA",V-0280-2017,Class II,"Henry Schein, PhytoVet EFA Mousse, Phytosphingosine 0.05%, Net Contents:  6.8 FL OZ (200 mL).  Manufactured for Sogeval Laboratories, Inc., Irving, TX 75038. NDC: 11695-7200-1",570 bottles,Microbial contamination of product with Penicillium citrinum and Penicillium mallochii.,05/26/2017,08/14/2017,04/23/2018,08/23/2017,"Product Item Number FSHYLPS3068HS; Lots 160301A (Exp Date 4/11/2018), 170321A (Exp Date 3/18/2019)"
Veterinary,No,,77395,Terminated,Bayer Health Care LLC,12707 Shawnee Mission Pkwy,N/A,Shawnee,KS,	66216-1846,United States,Voluntary: Firm initiated,Letter,Nationwide,V-0281-2017,Class III,"BAYER Droncit (praziquantel), Feline Cestocide Tablets, 23mg tablets [50 count and 150 count]. Sold to veterinarians only.  Bayer HealthCare LLC, Animal Health Division Shawnee Mission, Kansas 66201, USA","2,368 bottles (2,218 50Ct bottles, 150 150Ct bottles)",Affected lot numbers may contain broken or crumbling tablets.,05/31/2017,08/17/2017,11/21/2017,08/23/2017,"[50 Count] Lot AH01PX5, Product Code 8713165, Expiration JUL 2020;    [150 Count] Lot AH01R83, Product Code 08713211, Expiration JUL 2020"
Veterinary,No,,77937,Terminated,Puget Sound Drug Corporation dba Key Pharmacy and Compounding Center,530 S 336th St,N/A,Federal Way,WA,	98003-6383,United States,Voluntary: Firm initiated,Letter,distributed in WA.,V-0282-2017,Class II,"CYCLOSPORIN (VET) *CORN OIL* 1% Ophthalmic solution, 1%, RX only, 15mL Plastic/Multiple Dose vial",9 mL,The firm is recalling sterile compounded animal drug within expiry due to lack of assurance of sterility.,04/18/2017,08/21/2017,08/21/2017,08/30/2017,"Lot 01-30-2017@2, Expiry date 4/30/2017"
Veterinary,No,,77118,Terminated,Party Animal Inc.,8491 W Sunset Blvd Ste 370,N/A,West Hollywood,CA,	90069-1911,United States,Voluntary: Firm initiated,Press Release,"US: CO, WA, CA, IL, NV, TX, TN, and PA",V-0283-2017,Class I,"Cocolicious Beef and Turkey, Size: 13 ounce cans",394 cases,Party Animal is recalling canned dog foods because they tested positive for pentobarbital.,04/17/2017,09/07/2017,09/07/2017,09/13/2017,Lot Number: 0136E15204 04  Best By Date: July 2019
Veterinary,No,,77118,Terminated,Party Animal Inc.,8491 W Sunset Blvd Ste 370,N/A,West Hollywood,CA,	90069-1911,United States,Voluntary: Firm initiated,Press Release,"US: CO, WA, CA, IL, NV, TX, TN, and PA",V-0284-2017,Class I,"Cocolicious Chicken and Beef, Size: 13 ounce cans",389 cases,Party Animal is recalling canned dog foods because they tested positive for pentobarbital.,04/17/2017,09/07/2017,09/07/2017,09/13/2017,Lot Number: 0134E15 237 13  Best By Date: August 2019
Veterinary,No,,78056,Terminated,"Fallon Wellness Pharmacy, L.L.C.",1057 Troy Schenectady Rd,N/A,Latham,NY,	12110-1002,United States,Voluntary: Firm initiated,Letter,Product was distributed to NY and FL,V-0285-2017,Class II,"Cyclosporin 2% Ophthalmic Drops, 15mL bottles",16 droptainers,Lack of sterility assurance for compounded veterinary product.,03/29/2016,09/07/2017,02/13/2019,09/13/2017,Lot/Batch number: 02242016@37  Beyond Use Date: 5/24/16
