Product Type,Recently Updated Record,Last Modified Date,Event ID,Status,Recalling Firm,Address1,Address2,City,State/Province,Postal Code,Country,Voluntary/Mandated,Initial Firm Notification of Consignee or Public,Distribution Pattern,Recall Number,Classification,Product Description,Product Quantity,Reason for Recall,Recall Initiation Date,Center Classification Date,Termination Date,Report Date,Code Info
Veterinary,No,,66170,Terminated,Zoetis Inc,100 Campus Dr,4th Floor,Florham Park,NJ,	07932,United States,Voluntary: Firm initiated,Letter,"Product was distributed to the following states:  GA, AR, OK, TX, and VA.",V-001-2014,Class II,"Bio-Cox Granular 60 Alpharma Brand of salinomycin sodium Type A Medicated Article Net Wt 50 LB, Marketed by Alpharma Inc. Bridgewater, New Jersey 08807, NADA # 128-686",1280 bags,Stability failure,09/09/2013,11/05/2013,08/14/2014,11/13/2013,"HSK10293, HSK10294, HSK10295, HSK10296, HSK10297, HSK10298, HSK10299, HSK10300, HSK10301, HSK10302, HSK10303, HSK10304, HSK10305, HSK10306, HSK10307, and HSK10308."
Veterinary,No,,66017,Terminated,Virbac Corporation,13001 Saint Charles Rock Rd,N/A,Bridgeton,MO,	63044-2421,United States,Voluntary: Firm initiated,Letter,"Distribution was made to CA, FL, HI, IA, IN, KS, MD, MI, MN, MO, MS, NE, NJ, NM, OK, OR, PA, TN, TX, WI, Firm also distributed to PR.",V-002-2014,Class III,"Virbac Iverhart Plus (ivermectin/pyrantel) Flavored Chewables, 136 mcg Ivermectin and 114 mg pyrantel as pamoate salt, 6 chewables/blister pack, Recommended for dogs 26 to 50 lbs. ANADA 200-302. Manufactured by Virbac A, Inc, Fort Worth, TX.    VETIQ HeartShield Plus  (ivermectin/pyrantel) Flavored Chewables, 136 mcg Ivermectin and 114 mg pyrantel as pamoate salt, 6 chewables/blister pack, Recommended for dogs 26 to 50 lbs. ANADA 200-302. NDC 49994-205-06. Manufactured for: TruRX, LLC, Eagle, ID.    Worm Shield (ivermectin/pyrantel) Flavored Chewables, 136 mcg Ivermectin and 114 mg pyrantel as pamoate salt, 6 chewables/box, Recommended for dogs 26-50 lbs. ANADA 200-302. Manufactured for: Schuyler LLC, Portland, OR.","32,870/10/6 tablet-blister pack/display boxes",The products were identified during an ongoing investigation and testing as being out-of-specification for Ivermectin potency.,08/09/2013,11/05/2013,10/19/2016,11/13/2013,"Virbac Iverhart Plus Lot numbers and expiration dates of recalled product failing ivermectin potency:  120378, 03/2014; 120090, 01/2014; 120301, 02/2014; 120305, 02/2014; 120692, 05/2014  ****Lot numbers and expiration dates of recalled product with passing potentcy but expected to fail:  121282, 10/2014 and 120450, 02/2014.    Worm Sheild Lot numbers and expiration dates of recalled product failing ivermectin potency:  120090, 01/2014; 120301, 02/2014; 120305,02/2014.  ****Lot numbers and expiration dates of recalled product with passing potentcy but expected to fail:  120450, 04/2014    Heartshield Lot numbers and expiration dates of recalled product failing ivermectin potency: 120692, 05/2014.  ****Lot numbers and expiration dates of recalled product with passing potentcy but expected to fail:  NONE"
Veterinary,No,,66017,Terminated,Virbac Corporation,13001 Saint Charles Rock Rd,N/A,Bridgeton,MO,	63044-2421,United States,Voluntary: Firm initiated,Letter,"Distribution was made to CA, FL, HI, IA, IN, KS, MD, MI, MN, MO, MS, NE, NJ, NM, OK, OR, PA, TN, TX, WI, Firm also distributed to PR.",V-003-2014,Class III,"Virbac Iverhart Plus (ivermectin/pyrantel) Flavored Chewables, 272 mcg Ivermectin and 227 mg pyrantel as pamoate salt, 6 chewables/blister pack, Recommended for dogs 51 to 100 lbs. ANADA 200-302. Manufactured by Virbac A, Inc, Fort Worth, TX.    VETIQ HeartShield Plus  (ivermectin/pyrantel) Flavored Chewables, 272 mcg Ivermectin and 227 mg pyrantel as pamoate salt, 6 chewables/blister pack, Recommended for dogs 51 to 100 lbs. ANADA 200-302. NDC 49994-305-06. Manufactured for: TruRX, LLC, Eagle, ID.    Worm Shield (ivermectin/pyrantel) Flavored Chewables, 272 mcg Ivermectin and 227 mg pyrantel as pamoate salt, 6 chewables/blister pack, Recommended for dogs 51-100 lbs. ANADA 200-302. Manufactured for: Schuyler LLC, Portland, OR.","87,359/10/6 tablet-blister pack/display boxes",The products were identified during an ongoing investigation and testing as being out-of-specification for Ivermectin potency.,08/09/2013,11/05/2013,10/19/2016,11/13/2013,"Lot numbers and expiration dates of recalled product failing ivermectin potency:    Iverhart Plus- 111394, exp 12/2013; 120091, exp 01/2014; 120377, exp 03/2014; 120440, exp 04/2014120651, exp 04/2014; 120658, exp 05/2014; 120824, exp 06/2014 and 120831, exp 06/2014.     Wormshield- 120093, exp 01/2014 and 120824, exp 06/2014.     Heartshield- 120831, exp 06/2014.      Lot numbers and expiration dates of recalled product with passing potentcy but expected to fail:     Iverhart Plus- 120127, exp 02/2014; 120207, exp 02/2014; 120256, exp 01/2014; 120289, exp 02/2014; 120300, exp 02/2014; 120306, exp 02/2014; 120434, exp 03/2014; 120464, exp 04/2014; 120678, exp 05/2014; 121110, exp 07/2014; 121150, exp 09/2014; 121283, exp 10/20; and 14121386, exp 10/2014.      Wormshield- 120464, exp 04/2014; 120649, exp 04/2014 and 120678, exp 05/2014.      Heartshield- 120811, exp 05/2014."
Veterinary,No,,66017,Terminated,Virbac Corporation,13001 Saint Charles Rock Rd,N/A,Bridgeton,MO,	63044-2421,United States,Voluntary: Firm initiated,Letter,"Distribution was made to CA, FL, HI, IA, IN, KS, MD, MI, MN, MO, MS, NE, NJ, NM, OK, OR, PA, TN, TX, WI, Firm also distributed to PR.",V-004-2014,Class III,"Virbac Iverhart Plus (ivermectin/pyrantel) Flavored Chewables, 68 mcg Ivermectin and 57 mg pyrantel as pamoate salt, 6 chewables/box, Recommended for dogs up to 25 lbs. ANADA 200-302. Manufactured by Virbac A, Inc, Fort Worth, TX.    VETIQ Heart Shield plus (ivermectin/pyrantel), 68 mcg Ivermectin and 57 mg pyrantel as pamoate salt, 6 chewables/box, Recommended for dogs up to 25 lbs. Packaged 6 flavored chewables per blister pack. ANADA 200-302, NDC 49994-105-06. Manufactured for: TruRx, LLC, Eagle, ID.     Worm Shield (ivermectin/pyrantel) Flavored Chewables, 68 mcg Ivermectin and 57 mg pyrantel as pamoate salt, 6 chewables/blister pack, Recommended for dogs up to 25 lbs. ANADA 200-302. Manufactured for: Schuyler LLC, Portland, OR.","40,920/10/6 tablet-blister pack/display boxes",The products were identified during an ongoing investigation and testing as being out-of-specification for Ivermectin potency.,08/09/2013,11/05/2013,10/19/2016,11/13/2013,"Lot numbers and expiration dates of recalled product failing ivermectin potency:    Iverhart Plus- 120092, 10/2013; 120397, 12/2013 and 120398, 11/2013.    Wormshield- 120397, 12.2013.    Heartshield- NONE    Lot numbers and expiration dates of recalled product with passing potentcy but expected to fail:     Iverhart Plus- 120195, 02/2014 and 120798, 02/2014.    Wormshield- 120195, 02/2014.    Heartshield- 120798, 02/2014."
Veterinary,No,,66432,Terminated,Cargill Inc.,3540 Railroad Ave,N/A,Alexander,NY,	14005-9765,United States,Voluntary: Firm initiated,Telephone,New York,V-005-2014,Class II,"Agway LS Meat Goat 16 PL (DQ) (AX) MEDICATED, Net Wt. 50 lb poly bags",11 bags,Cargill Feed & Nutrition has recalled Agway LS Meat Goat 16 Pellet with Decox due to the presence of excessive amounts of selenium.,09/27/2013,11/18/2013,05/06/2015,11/27/2013,"Product Code 200593, Lot #AX3242"
Veterinary,No,,65452,Terminated,Hartz Mountain Corp.,400 Plaza Dr,N/A,Secaucus,NJ,	07094-3605,United States,Voluntary: Firm initiated,Press Release,Nationwide,V-006-2014,Class I,"Wardley Betta Fish Food 1.2 oz   Made in the USA by  The Hartz Mountain Corporation, Secaucus, New Jersey 07094 and imported by Canada Inc., St. Thomas, Ontario N59  3W7, Canada  UPC number 0-43324-01648","8,112 containers","The Hartz Mountain Corporation, located in Secaucus, N.J. is voluntarily recalling one specific lot of Wardley Betta Fish Food 1.2 oz. size due to concerns that one or more containers within the lot may have been potentially contaminated with Salmonella.",06/12/2013,11/22/2013,10/24/2016,12/04/2013,Lot Code PP06331
Veterinary,No,,65350,Terminated,"Ridley Block Operations, Inc.",424 N Riverfront Dr,N/A,Mankato,MN,	56001,United States,Voluntary: Firm initiated,Telephone,One game Farm in SD,V-007-2014,Class I,"WAT Partridge Grower, AVT133, Product No. 37465.  Medicated Complete Partridge Grower.  Active Drug Ingredient:  Lasalocid 113 g/ton.  Hubbard Feeds, Inc. General Offices, Mankato, MN  56002-8500","7,760 lbs.","The one customer complained that after feeding the bird chicks for a few days he noticed they were not eating.  Additionally, approximately 150 bird chicks died from the pen of 1,500 at the game farm.",05/23/2013,11/22/2013,12/04/2013,12/04/2013,Batch number B00578501
Veterinary,No,,65146,Terminated,"Rural King Supply, Inc.",4216 Dewitt Ave,N/A,Mattoon,IL,	61938,United States,Voluntary: Firm initiated,Telephone,"Nationwide (IL, IN, KY, MI, MO, OH, TN)",V-008-2014,Class I,Stutzman's Feed & Supply LLC; Yellow Shelled Deer Corn; 50 Lbs.; WARNING: Do not feed to animals producing milk or meat for food.,"183 tons (approximately 7,320 bags)",The deer corn has high levels of aflatoxin.,04/29/2013,12/05/2013,05/01/2018,12/11/2013,AMEL 2/26/2013
Veterinary,No,,66789,Terminated,"BioMatrix, Inc.",1002 16th Ave S,N/A,Princeton,MN,	55371-2326,United States,Voluntary: Firm initiated,E-Mail,IA,V-009-2014,Class II,"Gourley Brothers LC, Pig Enzyme Pack 8184, For use in Manufacturing of Animal Feeds Only.  Guaranteed Analysis: Phytase, Min 1,500 FTU/gram, Xylanase, Min 800 HSU/gram, Protease, Min 6,000 HUT /gram.   Ingredients: Calcium Carbonate, roughage products, dried Aspergillus oryae and Trichoderma reesei fermentation extract, Schizosacharomyces pombe fermentation extract, and soy oil.    Manufactured for Gourley Brothers LC, 2970 Inkpaduta Ave, Webster City, IA 50595.  Net Weight : 50 lbs (22.68 kg)","1,500 lb","BioMatrix International has been notified by their supplier (Bio-Cat,Inc,Troy,VA) of the contamination of an enzyme product with the antibiotic chloramphenicol.  The product is used in the production of a low inclusion animal feed supplement for swine  ( Pig Enzyme Pack).",09/27/2013,12/05/2013,10/25/2016,12/11/2013,Lot 46989
Veterinary,No,,66460,Terminated,Lloyd Inc. of Iowa,604 W Thomas Ave,N/A,Shenandoah,IA,	51601-1744,United States,Voluntary: Firm initiated,Letter,"Distribution was made in the US to AL, AZ, CA, CO, FL, GA, HI ,IA, ID, IN KS, MI, MN, MO, MS, NC, NY, PA, TX, VA, WA and WI.   No foreign distribution was made.",V-010-2014,Class III,"Lloyd Butorphic Injection, Butorphanol Tartrate, 10 mg/mL, 20 mL, C 4, ANDA 200-332. Manufactured by Akorn, Inc., Decatur, IL for Lloyd, Shenandoah, IA.","4,466 vials",The product is being recalled because of an incorrect  expiration date listed on the product label.,10/03/2013,12/05/2013,02/25/2015,12/11/2013,Lot LA28410A and Lot LA29810A
Veterinary,No,,65847,Terminated,Steve's Real Foods,6138 S 2900 E,N/A,Ogden,UT,	84403,United States,Voluntary: Firm initiated,Letter,Nationwide.,V-011-2014,Class I,"DOG FOOD MAKING A DIFFERENCE, RAW FROZEN DOG FOOD, STEVE'S REAL FOOD, CHICKEN CANINE RECIPE, Net Wt. 5lbs. (2.3 kg), 8oz Patties, ""Use By""date of 11-7-13, UPC 6-91730-14202-5, Fortified with Raw Goat's Milk, Vegetarian Fed, Free Range, No Added Artibiotics or Hormones, Produce Grown without Pesticides, POUR AND SERVE NUGGETS, NATURALLY DELICIOUS RAW DOG FOOD, Feeding Guidelines, SAFE HANDLING Follow the same health standards and food handling techniques you would for your human family's raw meats and other foods. Keep Frozen.",42 cases - 168 Bags,"Steve's Real Food is recalling its ""Chicken Canine Recipe"" due to potential contamination with Salmonelle.",07/26/2013,12/05/2013,12/23/2015,12/11/2013,"LOT A220, MRF#: 81, UPC - 6-91730-14202-5"
Veterinary,No,,66673,Terminated,"Ridley Block Operations, Inc.",424 N Riverfront Dr,N/A,Mankato,MN,	56001,United States,Voluntary: Firm initiated,Letter,Distribution was made to NE.  There was not foreign or military distribution.,V-012-2014,Class II,"Hubbard Grolean 16% B91Aureo 140+Vit A, medicated, contains Lasalocid, 91g/ton and Chlortetracycline 140 g/ton, vitamin A, vitamin D, and vitamin E, packaged in 50 lb/bags. Hubbard Feeds Inc., Mankato, MN.",56/50 lb-bags,The product is being recalled because a routine sample analyzed by the Nebraska Department of Agriculture was found to contain Oxytetracycline.,10/22/2013,12/06/2013,01/07/2014,12/18/2013,Lot B00603274
Veterinary,No,,65949,Terminated,Land O Lakes Purina LLC,1080 County Road F W,N/A,Shoreview,MN,	55126-2910,United States,Voluntary: Firm initiated,Telephone,Product was sold to one customer in PA.,V-013-2014,Class I,Purina¿ GATES LON Complete PEL DBZ7.2 with Diflubenzuron,"16,660 lbs",Dairy cattle feed was manufactured with toxic levels of Monensin.,07/17/2013,12/13/2013,01/07/2014,12/25/2013,Product Code:  1S8H (3000867-201) --  Lot No. 7/15/13
Veterinary,No,,65871,Terminated,Dogswell Llc,1964 Westwood Blvd,SUITE 350,Los Angeles,CA,	90025-4651,United States,Voluntary: Firm initiated,"Two or more of the following: Email, Fax, Letter, Press Release, Telephone, Visit",This product was distributed within the contiguous 48 states.,V-014-2014,Class III,"Dogswell Breathies Minis  Chicken Breast Mint &  Parsley, 5 oz.    Packaged: plastic pouches.    Ingredients: Chicken Breast, Vitamin E Supplement, Mint,  Cinnamon Bark, Oyster  Shell Flour (Source of Calcium Carbonate), Rosemary,  Parsley, Chlorophyll.",N/A,"Dogswell, LLC initiated this recall of certain Dogswell and Catswell pet treats because they have the potential to contain trace amounts of an antibiotic  that has not been approved for use in the United States.  ",08/02/2013,12/17/2013,02/05/2014,12/25/2013,UPC 884244112428  All Lots with Best Before dates 1/28/2015 and earlier.
Veterinary,No,,65871,Terminated,Dogswell Llc,1964 Westwood Blvd,SUITE 350,Los Angeles,CA,	90025-4651,United States,Voluntary: Firm initiated,"Two or more of the following: Email, Fax, Letter, Press Release, Telephone, Visit",This product was distributed within the contiguous 48 states.,V-015-2014,Class III,"Dogswell Breathies Chicken  Breast with Mint & Parsley, 5oz, 15oz, 32oz.    Packaged: plastic pouches.      Ingredients: Chicken Breast, Vitamin E Supplement, Mint,  Cinnamon Bark, Oyster  Shell Flour (Source of Calcium Carbonate), Rosemary,  Parsley, Chlorophyll",N/A,"Dogswell, LLC initiated this recall of certain Dogswell and Catswell pet treats because they have the potential to contain trace amounts of an antibiotic  that has not been approved for use in the United States.  ",08/02/2013,12/17/2013,02/05/2014,12/25/2013,"UPCs 884244112411, 884244115412, 884244118413    All Lots with Best Before dates 1/28/2015 and earlier."
Veterinary,No,,65871,Terminated,Dogswell Llc,1964 Westwood Blvd,SUITE 350,Los Angeles,CA,	90025-4651,United States,Voluntary: Firm initiated,"Two or more of the following: Email, Fax, Letter, Press Release, Telephone, Visit",This product was distributed within the contiguous 48 states.,V-016-2014,Class III,"Dogswell Breathies Duck  Breast with Mint & Parsley, 5oz, 15oz.    Packaged: plastic pouches.      Ingredients: Duck Breast, Vitamin E Supplement, Mint, Cinnamon  Bark, Oyster Shell  Flour (Source of Calcium Carbonate), Rosemary,  Parsley, Chlorophyll",N/A,"Dogswell, LLC initiated this recall of certain Dogswell and Catswell pet treats because they have the potential to contain trace amounts of an antibiotic  that has not been approved for use in the United States.  ",08/02/2013,12/17/2013,02/05/2014,12/25/2013,"UPCs 884244112435, 884244115436   All Lots with Best Before dates 1/28/2015 and earlier."
Veterinary,No,,65871,Terminated,Dogswell Llc,1964 Westwood Blvd,SUITE 350,Los Angeles,CA,	90025-4651,United States,Voluntary: Firm initiated,"Two or more of the following: Email, Fax, Letter, Press Release, Telephone, Visit",This product was distributed within the contiguous 48 states.,V-017-2014,Class III,"Catswell Breathies Chicken  Breast with Mint & Parsley, 2oz.    Packaged: plastic pouches.      Ingredients:Chicken Breast, Flaxseed, Vitamin E Supplement, Mint,  Cinnamon Bark, Oyster Shell Flour (Source of Calcium  Carbonate), Rosemary, Parsley, Chlorophyll",N/A,"Dogswell, LLC initiated this recall of certain Dogswell and Catswell pet treats because they have the potential to contain trace amounts of an antibiotic  that has not been approved for use in the United States.  ",08/02/2013,12/17/2013,02/05/2014,12/25/2013,UPC 884244000589  All Lots with Best Before dates 1/28/2015 and earlier.
Veterinary,No,,65871,Terminated,Dogswell Llc,1964 Westwood Blvd,SUITE 350,Los Angeles,CA,	90025-4651,United States,Voluntary: Firm initiated,"Two or more of the following: Email, Fax, Letter, Press Release, Telephone, Visit",This product was distributed within the contiguous 48 states.,V-018-2014,Class III,"Catswell Happy Hips Chicken  Breast Glucosamine &  Chondroitin, 2oz.    Packaged: plastic pouches.      Ingredients:Chicken Breast, Glucosamine Hydrochloride,  Chondroitin Sulfate, Vitamin E Supplement",N/A,"Dogswell, LLC initiated this recall of certain Dogswell and Catswell pet treats because they have the potential to contain trace amounts of an antibiotic  that has not been approved for use in the United States.  ",08/02/2013,12/17/2013,02/05/2014,12/25/2013,UPC 884244000565  All Lots with Best Before dates 1/28/2015 and earlier.
Veterinary,No,,65871,Terminated,Dogswell Llc,1964 Westwood Blvd,SUITE 350,Los Angeles,CA,	90025-4651,United States,Voluntary: Firm initiated,"Two or more of the following: Email, Fax, Letter, Press Release, Telephone, Visit",This product was distributed within the contiguous 48 states.,V-019-2014,Class III,"Catswell Vitakitty Chicken  Breast with Flaxseed &  Vitamin A, 2oz.    Packaged: plastic pouches.      Ingredients: Chicken Breast, Vitamin E Supplement, Flaxseed,  Vitamin A Acetate.",N/A,"Dogswell, LLC initiated this recall of certain Dogswell and Catswell pet treats because they have the potential to contain trace amounts of an antibiotic  that has not been approved for use in the United States.  ",08/02/2013,12/17/2013,02/05/2014,12/25/2013,UPC 884244000572  All Lots with Best Before dates 1/28/2015 and earlier.
Veterinary,No,,65871,Terminated,Dogswell Llc,1964 Westwood Blvd,SUITE 350,Los Angeles,CA,	90025-4651,United States,Voluntary: Firm initiated,"Two or more of the following: Email, Fax, Letter, Press Release, Telephone, Visit",This product was distributed within the contiguous 48 states.,V-020-2014,Class III,"Dogswell Happy Heart  Chicken Breast with  Flaxseed and Taurine, 5oz, 15oz.    Packaged: plastic pouches.      Ingredients: Chicken Breast, Vitamin E Supplement, Flaxseed,  Taurine, Turmeric, Cinnamon, Dandelion Oil.",N/A,"Dogswell, LLC initiated this recall of certain Dogswell and Catswell pet treats because they have the potential to contain trace amounts of an antibiotic  that has not been approved for use in the United States.  ",08/02/2013,12/17/2013,02/05/2014,12/25/2013,"UPCs 884244112619, 884244115610    All Lots with Best Before dates 1/28/2015 and earlier."
Veterinary,No,,65871,Terminated,Dogswell Llc,1964 Westwood Blvd,SUITE 350,Los Angeles,CA,	90025-4651,United States,Voluntary: Firm initiated,"Two or more of the following: Email, Fax, Letter, Press Release, Telephone, Visit",This product was distributed within the contiguous 48 states.,V-021-2014,Class III,"Dogswell Happy Hips  Chicken Breast Glucosamine  & Chondroitin, 5oz, 15oz, 32oz.    Packaged: plastic pouches.      Ingredients: Chicken Breast, Vegetable Glycerin, Vitamin E  Supplement, Glucosamine  Hydrochloride, Chondroitin Sulfate.",N/A,"Dogswell, LLC initiated this recall of certain Dogswell and Catswell pet treats because they have the potential to contain trace amounts of an antibiotic  that has not been approved for use in the United States.  ",08/02/2013,12/17/2013,02/05/2014,12/25/2013,"UPCs 884244112114, 884244115115, 884244001005    All Lots with Best Before dates 1/28/2015 and earlier."
Veterinary,No,,65871,Terminated,Dogswell Llc,1964 Westwood Blvd,SUITE 350,Los Angeles,CA,	90025-4651,United States,Voluntary: Firm initiated,"Two or more of the following: Email, Fax, Letter, Press Release, Telephone, Visit",This product was distributed within the contiguous 48 states.,V-022-2014,Class III,"Dogswell Happy Hips Duck  Breast Glucosamine &  Chondroitin, 5oz, 15oz, 32oz.    Packaged: plastic pouches.      Ingredients: Duck Breast, Vegetable Glycerin, Vitamin E  Supplement, Glucosamine  Hydrochloride, Chondroitin Sulfate.",N/A,"Dogswell, LLC initiated this recall of certain Dogswell and Catswell pet treats because they have the potential to contain trace amounts of an antibiotic  that has not been approved for use in the United States.  ",08/02/2013,12/17/2013,02/05/2014,12/25/2013,"UPCs 884244112138, 884244115139, 884244118130.    All Lots with Best Before dates 1/28/2015 and earlier."
Veterinary,No,,65871,Terminated,Dogswell Llc,1964 Westwood Blvd,SUITE 350,Los Angeles,CA,	90025-4651,United States,Voluntary: Firm initiated,"Two or more of the following: Email, Fax, Letter, Press Release, Telephone, Visit",This product was distributed within the contiguous 48 states.,V-023-2014,Class III,"Dogswell Mellow Mut  Chicken Breast, 5oz.    Packaged: plastic pouches.      Ingredients: Chicken Breast, Vitamin E Supplement, Chamomile,  Clover Lavender, Lemon Balm, Linden Flower, Oyster Shell Flour (Source of Calcium Carbonate).",N/A,"Dogswell, LLC initiated this recall of certain Dogswell and Catswell pet treats because they have the potential to contain trace amounts of an antibiotic  that has not been approved for use in the United States.  ",08/02/2013,12/17/2013,02/05/2014,12/25/2013,UPC 884244112510.    All Lots with Best Before dates 1/28/2015 and earlier.
Veterinary,No,,65871,Terminated,Dogswell Llc,1964 Westwood Blvd,SUITE 350,Los Angeles,CA,	90025-4651,United States,Voluntary: Firm initiated,"Two or more of the following: Email, Fax, Letter, Press Release, Telephone, Visit",This product was distributed within the contiguous 48 states.,V-024-2014,Class III,"Dogswell Mellow Mut  Chicken Breast Chamomile  & Lavender, 15oz.    Packaged: plastic pouches.      Ingredients: Chicken Breast, Vitamin E Supplement, Chamomile,  Clover, Lavender,  Lemon Balm, Linden Flower, Oyster Shell Flour  (Source of Calcium Carbonate)",N/A,"Dogswell, LLC initiated this recall of certain Dogswell and Catswell pet treats because they have the potential to contain trace amounts of an antibiotic  that has not been approved for use in the United States.  ",08/02/2013,12/17/2013,02/05/2014,12/25/2013,UPC 884244115511.    All Lots with Best Before dates 1/28/2015 and earlier.
Veterinary,No,,65871,Terminated,Dogswell Llc,1964 Westwood Blvd,SUITE 350,Los Angeles,CA,	90025-4651,United States,Voluntary: Firm initiated,"Two or more of the following: Email, Fax, Letter, Press Release, Telephone, Visit",This product was distributed within the contiguous 48 states.,V-025-2014,Class III,"Dogswell Mellow Mut  Chicken Breast Natural with  Added Vitamin E, 32oz.    Packaged: plastic pouches.      Ingredients: Chicken Breast, Vitamin E Supplement, Chamomile,  Clover, Lavender,  Lemon Balm, Linden Flower, Oyster Shell Flour  (Source of Calcium Carbonate).",N/A,"Dogswell, LLC initiated this recall of certain Dogswell and Catswell pet treats because they have the potential to contain trace amounts of an antibiotic  that has not been approved for use in the United States.  ",08/02/2013,12/17/2013,02/05/2014,12/25/2013,UPC 884244118512.  All Lots with Best Before dates 1/28/2015 and earlier.
Veterinary,No,,65871,Terminated,Dogswell Llc,1964 Westwood Blvd,SUITE 350,Los Angeles,CA,	90025-4651,United States,Voluntary: Firm initiated,"Two or more of the following: Email, Fax, Letter, Press Release, Telephone, Visit",This product was distributed within the contiguous 48 states.,V-026-2014,Class III,"Dogswell Shape Up Chicken  Breast with L Carnitine, 5oz, 15oz.    Packaged: plastic pouches.      Ingredients: Chicken Breast, Vitamin E Supplement, L Carnitine,  Dried Kelp, Dandelion Oil, Ginger, Turmeric.",N/A,"Dogswell, LLC initiated this recall of certain Dogswell and Catswell pet treats because they have the potential to contain trace amounts of an antibiotic  that has not been approved for use in the United States.  ",08/02/2013,12/17/2013,02/05/2014,12/25/2013,"UPCs 884244112817, 884244115818.  All Lots with Best Before dates 1/28/2015 and earlier."
Veterinary,No,,65871,Terminated,Dogswell Llc,1964 Westwood Blvd,SUITE 350,Los Angeles,CA,	90025-4651,United States,Voluntary: Firm initiated,"Two or more of the following: Email, Fax, Letter, Press Release, Telephone, Visit",This product was distributed within the contiguous 48 states.,V-027-2014,Class III,"Dogswell Veggie Life Happy  Hips with Glucosamine &  Chondroitin Chicken &  Apple, 5oz, 15oz.    Packaged: plastic pouches.      Ingredients: Chicken Breast, Apple, Vitamin E Supplement,  Glucosamine Hydrochloride, Chondroitin Sulfate.",N/A,"Dogswell, LLC initiated this recall of certain Dogswell and Catswell pet treats because they have the potential to contain trace amounts of an antibiotic  that has not been approved for use in the United States.  ",08/02/2013,12/17/2013,02/05/2014,12/25/2013,"UPCs 884244005102, 884244135151.  All Lots with Best Before dates 1/28/2015 and earlier."
Veterinary,No,,65871,Terminated,Dogswell Llc,1964 Westwood Blvd,SUITE 350,Los Angeles,CA,	90025-4651,United States,Voluntary: Firm initiated,"Two or more of the following: Email, Fax, Letter, Press Release, Telephone, Visit",This product was distributed within the contiguous 48 states.,V-028-2014,Class III,"Dogswell Veggie Life Happy  Hips with Glucosamine &  Chondroitin Chicken &  Banana, 5oz, 15oz.    Packaged: plastic pouches.      Ingredients: Chicken Breast, Banana, Vitamin E Supplement,  Glucosamine Hydrochloride, Chondroitin Sulfate.",N/A,"Dogswell, LLC initiated this recall of certain Dogswell and Catswell pet treats because they have the potential to contain trace amounts of an antibiotic  that has not been approved for use in the United States.  ",08/02/2013,12/17/2013,02/05/2014,12/25/2013,"UPCs 884244005089, 884244135144.  All Lots with Best Before dates 1/28/2015 and earlier."
Veterinary,No,,65871,Terminated,Dogswell Llc,1964 Westwood Blvd,SUITE 350,Los Angeles,CA,	90025-4651,United States,Voluntary: Firm initiated,"Two or more of the following: Email, Fax, Letter, Press Release, Telephone, Visit",This product was distributed within the contiguous 48 states.,V-029-2014,Class III,"Dogswell Veggie Life Happy  Hips with Glucosamine &  Chondroitin Chicken &  Sweet Potato, 5oz, 15oz.    Packaged: plastic pouches.      Ingredients: Chicken Breast, Sweet Potato, Vitamin E Supplement,  Glucosamine Hydrochloride, Chondroitin Sulfate.",N/A,"Dogswell, LLC initiated this recall of certain Dogswell and Catswell pet treats because they have the potential to contain trace amounts of an antibiotic  that has not been approved for use in the United States.  ",08/02/2013,12/17/2013,02/05/2014,12/25/2013,"UPCs 884244005041, 884244135137.  All Lots with Best Before dates 1/28/2015 and earlier."
Veterinary,No,,65871,Terminated,Dogswell Llc,1964 Westwood Blvd,SUITE 350,Los Angeles,CA,	90025-4651,United States,Voluntary: Firm initiated,"Two or more of the following: Email, Fax, Letter, Press Release, Telephone, Visit",This product was distributed within the contiguous 48 states.,V-030-2014,Class III,"Dogswell Veggie Life Vitality  with Flaxseed & Vitamins  Chicken & Apple, 5oz, 15oz.    Packaged: plastic pouches.      Ingredients: Chicken Breast, Apple, Vitamin E Supplement,  Flaxseed, Vitamin A Acetate.",N/A,"Dogswell, LLC initiated this recall of certain Dogswell and Catswell pet treats because they have the potential to contain trace amounts of an antibiotic  that has not been approved for use in the United States.  ",08/02/2013,12/17/2013,02/05/2014,12/25/2013,"UPCs 884244005119, 884244135250.  All Lots with Best Before dates 1/28/2015 and earlier."
Veterinary,No,,65871,Terminated,Dogswell Llc,1964 Westwood Blvd,SUITE 350,Los Angeles,CA,	90025-4651,United States,Voluntary: Firm initiated,"Two or more of the following: Email, Fax, Letter, Press Release, Telephone, Visit",This product was distributed within the contiguous 48 states.,V-031-2014,Class III,"Dogswell Veggie Life Vitality  with Flaxseed & Vitamins  Chicken & Banana, 5oz, 15oz.    Packaged: plastic pouches.      Ingredients: Chicken Breast, Banana, Vitamin E Supplement,  Flaxseed, Vitamin A Acetate.",N/A,"Dogswell, LLC initiated this recall of certain Dogswell and Catswell pet treats because they have the potential to contain trace amounts of an antibiotic  that has not been approved for use in the United States.  ",08/02/2013,12/17/2013,02/05/2014,12/25/2013,"UPCs 884244005096, 884244135243.  All Lots with Best Before dates 1/28/2015 and earlier."
Veterinary,No,,65871,Terminated,Dogswell Llc,1964 Westwood Blvd,SUITE 350,Los Angeles,CA,	90025-4651,United States,Voluntary: Firm initiated,"Two or more of the following: Email, Fax, Letter, Press Release, Telephone, Visit",This product was distributed within the contiguous 48 states.,V-032-2014,Class III,"Dogswell Veggie Life Vitality  with Flaxseed & Vitamins  Chicken & Sweet Potato, 5oz, 15oz.    Packaged: plastic pouches.      Ingredients: Chicken Breast, Sweet Potato, Vitamin E Supplement,  Flaxseed, Vitamin A Acetate.",N/A,"Dogswell, LLC initiated this recall of certain Dogswell and Catswell pet treats because they have the potential to contain trace amounts of an antibiotic  that has not been approved for use in the United States.  ",08/02/2013,12/17/2013,02/05/2014,12/25/2013,"UPCs 884244005058, 884244135236.  All Lots with Best Before dates 1/28/2015 and earlier."
Veterinary,No,,65871,Terminated,Dogswell Llc,1964 Westwood Blvd,SUITE 350,Los Angeles,CA,	90025-4651,United States,Voluntary: Firm initiated,"Two or more of the following: Email, Fax, Letter, Press Release, Telephone, Visit",This product was distributed within the contiguous 48 states.,V-033-2014,Class III,"Dogswell Vitality Minis  Chicken Breast Flaxseed &  Vitamins, 5oz, 15oz.    Packaged: plastic pouches.      Ingredients: Chicken Breast, Vegetable Glycerin, Vitamin E  Supplement, Flaxseed,  Vitamin A Acetate.",N/A,"Dogswell, LLC initiated this recall of certain Dogswell and Catswell pet treats because they have the potential to contain trace amounts of an antibiotic  that has not been approved for use in the United States.  ",08/02/2013,12/17/2013,02/05/2014,12/25/2013,"UPCs 884244112220, 884244115221.  All Lots with Best Before dates 1/28/2015 and earlier."
Veterinary,No,,65871,Terminated,Dogswell Llc,1964 Westwood Blvd,SUITE 350,Los Angeles,CA,	90025-4651,United States,Voluntary: Firm initiated,"Two or more of the following: Email, Fax, Letter, Press Release, Telephone, Visit",This product was distributed within the contiguous 48 states.,V-034-2014,Class III,"Dogswell Vitality Chicken  Breast with Flaxseed &  Vitamins, 5oz, 15oz, 32oz.    Packaged: plastic pouches.      Ingredients: Chicken Breast, Vegetable Glycerin, Vitamin E  Supplement, Flaxseed,  Vitamin A Acetate.",N/A,"Dogswell, LLC initiated this recall of certain Dogswell and Catswell pet treats because they have the potential to contain trace amounts of an antibiotic  that has not been approved for use in the United States.  ",08/02/2013,12/17/2013,02/05/2014,12/25/2013,"UPCs 884244112213, 884244115214, 884244118215.  All Lots with Best Before dates 1/28/2015 and earlier."
Veterinary,No,,65871,Terminated,Dogswell Llc,1964 Westwood Blvd,SUITE 350,Los Angeles,CA,	90025-4651,United States,Voluntary: Firm initiated,"Two or more of the following: Email, Fax, Letter, Press Release, Telephone, Visit",This product was distributed within the contiguous 48 states.,V-035-2014,Class III,"Dogswell Vitality Duck  Breast with Flaxseed &  Vitamins, 5oz, 15oz.    Packaged: plastic pouches.      Ingredients: Duck Breast, Vegetable Glycerin, Vitamin E  Supplement, Flaxseed,  Vitamin A Acetate.",N/A,"Dogswell, LLC initiated this recall of certain Dogswell and Catswell pet treats because they have the potential to contain trace amounts of an antibiotic  that has not been approved for use in the United States.  ",08/02/2013,12/17/2013,02/05/2014,12/25/2013,"UPCs 884244112237, 884244115238.  All Lots with Best Before dates 1/28/2015 and earlier."
Veterinary,No,,65569,Terminated,Pet Brands Inc,4338 Janitrol Road,N/A,Columbus,OH,	43228,United States,Voluntary: Firm initiated,E-Mail,"Product was shipped to the following states: AL, AR, AZ, CA, CO, DE, FL, GA, IA, IL, IN, KS, KY, LA, MD, MI, MO, MS, NC, NE, NJ, NM, NY, OH, OK, PA, SC, SD, TN, TX, UT, VA, VT, WI & WV.",V-036-2014,Class II,"Everpet Real Chicken Chicken Chips Dog Treats, packaged in flexible plastic bags, 3.5 oz. per bag, MADE IN CHINA  DISTRIBUTED BY DOLGENCORP, INC. 100 MISSION RIDGE GOODLETTSVILLE, TN 37072 UPC 8 10633 01177 5","377,628/3.5 oz bags",The New York State Department of Agriculture & Markets (NYSDAM) found trace amounts of non-approved antibiotic residue in some of the dog treat samples that they tested.,05/23/2013,12/17/2013,02/27/2014,12/25/2013,Lot #111108EVPRAW013 - Best Buy Date:  2/5/2013 and Lot #120752EVPRAW013 - Best Buy Date:  8/27/2014.
Veterinary,No,,65641,Terminated,"Hubbard Feeds, Inc.",135 Main,P.O. Box 156,Shipshewana,IN,	46565-0156,United States,Voluntary: Firm initiated,Letter,Michigan and Indiana,V-037-2014,Class I,"Hubbard Life Homestead FASTGROW AM.0.0125 NAB/NAB MEDICATED Complete Chicken Starter/ Grower/ Finisher/ Broiler Feed, Complete Turkey Grower/ Finisher     Aid in prevention of coccidiosis.  ACTIVE DRUG INGREDIENT AMPROLIUM 0.0125 %  ",101/ 50lb bags,Hubbard Feeds Inc. announced today a voluntary recall in Indiana and Michigan Due to Potentially Elevated Calcium and Phosphorus in one lot of Hubbard Life Homestead FASTGROW AM.0125 NAP/NAB MEDICATED which may be harmful to chickens and turkeys.,07/02/2013,12/18/2013,01/13/2014,12/25/2013,Item No.: 34739-2 and Lot Number: B00570987
Veterinary,No,,67079,Terminated,"Fresenius Kabi USA, LLC",3 Corporate Dr,N/A,Lake Zurich,IL,	60047-8930,United States,Voluntary: Firm initiated,Letter,"US: Nationwide (AK, AL, AR, AZ, CA, CO, CT, DE, FL, GA. HI. IA, ID, IL, IN, KS, KY, LA, MA, MD, ME, MI, MN, MO, MS, MT, NC, ND, NE, NH, NJ, NM, NV, NY, OH, OK, OR, PA, RI, SC, SD, TN, TX, UT, VA, VT, WA, WI, WV, WY) + District of Columbia + Puerto Rico; FOREIGN: Canada, New Zealand",V-038-2014,Class III,"FOLIC ACID INJECTION, USP; 5 mg/mL ; For IM, IV or SC Use; 10 mL; Multiple Dose Vial; Rx only; APP  Pharmaceuticals, LLC; Schaumburg, IL 60173","215,340 vials","Fresenius Kabi USA, LLC is recalling three lots of Folic Acid Injection, USP 5 mg / mL, 10 mL Multiple Dose Vial due to an out-of-specification result reported for impurities at the 15 and 14 month stability test station for two lots and a third lot that remains within specification to date, however based on the root cause analysis, it is expected to exhibit the same behavior prior to expiry.",12/06/2013,12/20/2013,05/21/2015,01/01/2014,"Product Code 18411; Lots and Expiration Dates: Lot 6104649, Expires 2/2014; Lot 61047869, Expries 3/2014; Lot 6105069, Expires 4/2014"
Veterinary,No,,63880,Terminated,Hospira Inc.,275 N Field Dr,"Dept 960, Bldg H1",Lake Forest,IL,	60045,United States,Voluntary: Firm initiated,Letter,"Alabama, Colorado, District of Columbia, Florida, Iowa, Idaho, Illinois, Indiana, Kansas, Louisiana, Minnesota, Missouri, New York, North Carolina, Ohio, Oklahoma, Pennsylvania, Tennessee, Texas and Virginia.",V-119-2013,Class II,"Plum A+ Single Channel Infusion Pump with Module for Veterinary Use Only; Hospira, Inc., Lake Forest, IL 60045; list number 60529, module 60530-04",467 pumps,"The volume control knob on some Plum A+  infusers (located on the back of the infuser) may not function as described in the System Operating Manual - the direction for Loud and Quiet may be reversed. The manual indicates a clockwise rotation of the knob decreases the volume; however, on some of the devices the alarm volume increases when the knob is turned clockwise.",12/07/2012,01/11/2013,11/14/2016,01/23/2013,"List number 60529, serial numbers 14315003, 14315004, 14315005, 14315008, 14315009, 14315011, 14315012, 14315013, 14315014, 14315015, 14315017, 14315018, 14315019, 14315020, 14315022, 14315023, 14315025, 14315026, 14315027, 14315028, 14315029, 14315030, 14315031, 14315034, 14315035, 14315036, 14315037, 14315038, 14315040, 14315041, 14315043, 14315044, 14315045, 14315046, 14315047, 14315048, 14315049, 14315050, 14315051, 14315052, 14315053, 14315054, 14315055, 14315056, 14315057, 14315058, 14315059, 14315061, 14315062, 14315063, 14315064, 14315066, 14315067, 14315069, 14315070, 14315071, 14315072, 14315073, 14315074, 14315075, 14315076, 14315077, 14315078, 14315079, 14315080, 14315081, 14315082, 14315083, 14315084, 14315085, 14315086, 14315087, 14315088, 14315089, 14315090, 14315091, 14315092, 14315093, 14315094, 14315095, 14315096, 14315097, 14315098, 14315099, 14315100, 14315101, 14315103, 14315104, 14315105, 14315106, 14315109, 14315110, 14315111, 14315112, 14315113, 14315114, 14315116, 14315117, 14315118, 14315119, 14315120, 14315121, 14315123, 14315124, 14315125, 14315126, 14315127, 14315128, 14315129, 14315130, 14315131, 14315132, 14315133, 14315134, 14315135, 14315136, 14315137, 14315138, 14315139, 14315140, 14315141, 14315142, 14315143, 14315145, 14315146, 14315147, 14315148, 14315149, 14315150, 14315151, 14315152, 14315153, 14315154, 14315155, 14315156, 14315157, 14315158, 14315159, 14315160, 14315161, 14315162, 14315163, 14315164, 14315165, 14315166, 14315167, 14315168, 14315169, 14315170, 14315171, 14315172, 14315173, 14315174, 14315175, 14315176, 14315177, 14315178, 14315179, 14315180, 14315181, 14315182, 14315183, 14315184, 14315185, 14315186, 14315187, 14315188, 14315189, 14315190, 14315191, 14315192, 14315193, 14315194, 14315195, 14315196, 14315197, 14315198, 14315199, 14315200, 14315201, 14315202, 14315203, 14315204, 14315205, 14315207, 14315208, 14315209, 14315210, 14315211, 14315212, 14315213, 14315214, 14315215, 14315216, 14315217, 14315218, 14315219, 14315220, 14315221, 14315223, 14315224, 14315225, 14315226, 14315227, 14315228, 14315229, 14315230, 14315231, 14315232, 14315233, 14315234, 14315235, 14315236, 14315237, 14315238, 14315239, 14315240, 14315241, 14315242, 14315243, 14315244, 14315245, 14315246, 14315247, 14315248, 14315249, 14315250, 14315251, 14315252, 14315253, 14315254, 14315255, 14315256, 14315257, 14315258, 14315259, 14315260, 14315261, 14315262, 14315263, 14315264, 14315265, 14315266, 14315267, 14315268, 14315269, 14315270, 14315271, 14315272, 14315273, 14315274, 14315275, 14315276, 14315277, 14315278, 14315279, 14315280, 14315281, 14315282, 14315283, 14315284, 14315285, 14315286, 14315287, 14315288, 14315289, 14315290, 14315291, 14315293, 14315294, 14315295, 14315296, 14315297, 14315298, 14315299, 14315300, 14315301, 14315302, 14315303, 14315304, 14315305, 14315306, 14315307, 14315308, 14315309, 14315310, 14315311, 14315312, 14315313, 14315314, 14315315, 14315316, 14315317, 14315318, 14315319, 14315320, 14315321, 14315322, 14315323, 14315324, 14315325, 14315326, 14315327, 14315328, 14315329, 14315330, 14315331, 14315332, 14315333, 14315334, 14315335, 14315336, 14315337, 14315338, 14315339, 14315340, 14315341, 14315342, 14315343, 14315344, 14315345, 14315346, 14315347, 14315348, 14315349, 14315350, 14315351, 14315352, 14315353, 14315354, 14315355, 14315356, 14315357, 14315358, 14315359, 14315360, 14315361, 14315362, 14315363, 14315364, 14315365, 14315366, 14315367, 14315368, 14315369, 14315370, 14315371, 14315372, 14315373, 14315374, 14315375, 14315376, 14315377, 14315378, 14315379, 14315380, 14315381, 14315382, 14315383, 14315384, 14315385, 14315386, 14315387, 14315388, 14315389, 14315390, 14315391, 14315392, 14315393, 14315394, 14315395, 14315396, 14315397, 14315398, 14315399, 14315400, 14315401, 14315402, 14315403, 14315404, 14315405, 14315406, 14315407, 14315408, 14315409, 14315410, 14315411, 14315412, 14315413, 14315414, 14315415, 14315416, 14315417, 14315418, 14315419, 14315420, 14315421, 14315422, 14315423, 14315424, 14315425, 14315426, 14315427, 14315428, 14315429, 14315430, 14315431, 14315432, 14315433, 14315434, 14315435, 14315436, 14315437, 14315438, 14315439, 14315440, 14315441, 14315442, 14315443, 14315444, 14315445, 14315446, 14315447, 14315448, 14315449, 14315450, 14315451, 14315452, 14315453, 14315454, 14315455, 14315456, 14315457, 14315458, 14315459, 14315460, 14315461, 14315462, 14315463, 14315464, 14315465, 14315466, 14315467, 14315468, 14315469, 14315470, 14315471, 14315472, 14315473, 14315474, 14315475, 14315476, 14315477, 14315478, 14315479, 14315480, 14315481, 14315482, 14315483, 14315484, 14315485, 14315486, 14315487, 14315488, 14315489, 14315490, 14315491"
Veterinary,No,,63454,Terminated,Del Monte Corp,1 Maritime Plz Bldg,N/A,San Francisco,CA,	94111-3404,United States,Voluntary: Firm initiated,Letter,Products were distributed nationwide.,V-120-2013,Class I,"Nature's Recipe, Oven Baked Biscuits with Real Chicken, Made with sweet potatoes, oats, flaxseed., 19 ounces; UPC: 30521 51549",4282 cases ( 6 unit/ case),Product may be contaminated with Salmonella.,10/12/2012,01/11/2013,02/06/2013,01/23/2013,UPC: 30521 51549  Lot code: 2199TP; Best by: 10/11/13   Lot code: 2200TP; Best by: 10/12/13
Veterinary,No,,63513,Terminated,Wildwood Seeds,24773 Highway 99w,N/A,Monroe,OR,	97456,United States,Voluntary: Firm initiated,Telephone,Products are distributed in Oregon and Washington,V-121-2013,Class I,Pet Bird Feed- Sleek and Sassy are sold under multiple names. Products with UPCs are listed below.    Garden Conure has the following UPCs:  0-1253111602-0;    0-1253111604-4;   0-1253111620-4;    0-1253111640-2;         Garden Large Hookbill has the following UPCs:  0-1253113102-3;    0-1253113104-7;   0-1253113120-7;    0-1253113140-5;      Garden Large Hookbill No Sunflower has the following UPCs:    0-1253113202-0;    0-1253113204-4;   0-1253113220-4;    0-1253113240-2;      Garden Parrot has the UPCs:  0-1253112103-1;    0-1253112125-3;      Nutty Garden &amp;amp;amp;amp;amp;amp;amp;amp;amp; Grain has the UPCS:    0-1253115502-9;  0-1253115504-3;   0-1253115520-3;    0-1253115540-1;      Garden Macaw has the UPCs:       0-1253115602-6;  0-1253115604-0;   0-1253115620-0;    0-1253115640-8;      Garden Complete Pellet has the UPCs:    0-1253115702-3;  0-1253115704-7;   0-1253115720-7;    0-1253115740-5;      Fruit Veggie Nut Treat has the UPCs:    0-1253114302-6;  0-1253114304-0;   0-1253114320-0;    0-1253114316-3;   0-1253114332-3;,approximately 4904 lbs.,Pet bird food and small animal pet foods are recalled due to a potential to be contaminated with Salmonella.,10/12/2012,01/14/2013,02/12/2013,01/23/2013,"No expiration dates on packages.    Product has lot code 01148 through 01241 (it is interpreted as: 11 is for manufacturing year 2011, and 48 is week 48 of 2011)."
Veterinary,No,,63513,Terminated,Wildwood Seeds,24773 Highway 99w,N/A,Monroe,OR,	97456,United States,Voluntary: Firm initiated,Telephone,Products are distributed in Oregon and Washington,V-122-2013,Class I,"Small Pet Animal Food is sold under Sleek and Sassy brand.  Product are packaged from 2 lb., 4 lb., 20 lb., to 40 lb in polysynth bag.      Garden Small Animal has the following UPCs:  0-1253113902-9;   0-1253113904-3;   0-1253113920-3;    0-1253113940-1;",approximately 566 lbs.,Pet bird food and small animal pet foods are recalled due to a potential to be contaminated with Salmonella.,10/12/2012,01/14/2013,02/12/2013,01/23/2013,"No expiration dates on packages.    Product has lot code 01148 through 01241 (it is interpreted as: 11 is for manufacturing year 2011, and 48 is week 48 of 2011)."
Veterinary,No,,63513,Terminated,Wildwood Seeds,24773 Highway 99w,N/A,Monroe,OR,	97456,United States,Voluntary: Firm initiated,Telephone,Products are distributed in Oregon and Washington,V-123-2013,Class I,"Garden Guinea Pig/Rabbit diet is sold under Sleek and Sassy brand.  Product is packaged from 2 lb., 4 lb., 20 lb., to 40 lb in polysynth bag.      Garden Guinea Pig/Rabbit has UPC is 0-1253113502-1.",approximately 984 lbs.,Pet bird food and small animal pet foods are recalled due to a potential to be contaminated with Salmonella.,10/12/2012,01/14/2013,02/12/2013,01/23/2013,"No expiration dates on packages.    Product has lot code 01148 through 01241 (it is interpreted as: 11 is for manufacturing year 2011, and 48 is week 48 of 2011)."
Veterinary,No,,63513,Terminated,Wildwood Seeds,24773 Highway 99w,N/A,Monroe,OR,	97456,United States,Voluntary: Firm initiated,Telephone,Products are distributed in Oregon and Washington,V-124-2013,Class I,Fortified feeds are sold under Sleek and Sassy brand.   Different products with UPCs are listed below.    Fortified Large Hookbill with the UPCs:    0-1253111402-6;    0-1253111404-0;   0-1253111420-0;    0-1253111440-8;    Fortified Large Hookbill No Sunflower with the UPCs:    0-1253111502-3;    0-1253111504-7;   0-1253111520-7;    0-1253111540-5;    Fortified Parrot with the UPCs:    0-1253113003-3;    0-1253113025-5;    Fortifed Small Animal with the UPCs:    0-1253112902-0;    0-1253112904-4;   0-1253112920-4;    0-1253112940-2;,approximately 1560 lbs.,Pet bird food and small animal pet foods are recalled due to a potential to be contaminated with Salmonella.,10/12/2012,01/14/2013,02/12/2013,01/23/2013,"No expiration dates on packages.    Product has lot code 01148 through 01241 (it is interpreted as: 11 is for manufacturing year 2011, and 48 is week 48 of 2011)."
Veterinary,No,,63537,Terminated,HBD International,7108 Crossroads Blvd,Suite 325,Brentwood,TN,	37027-7900,United States,Voluntary: Firm initiated,Telephone,OR,V-125-2013,Class I,"WILD WINGS, CERTIFIED ORGANIC, PREMIUM ORGANIC BLEND, PREMIUM SEED FOR BIRDS, Net wt. 80 oz (5 lbs) (2.27 kg), HBD INTERNATIONAL, 7108 CROSSROADS BLVD., SUITE 325 BRENTWOOD, TN  37027, 615.221.9890  800.346.0269",36 units,Product was manufactured with peanuts recalled by Sunland due to the potential for salmonella contamination.,10/26/2012,01/14/2013,01/14/2013,01/23/2013,POM9512WL2201A4
Veterinary,No,,63137,Terminated,Breeders Choice Pet Foods Inc,16321 Arrow Hwy,N/A,Irwindale,CA,	91706-2084,United States,Voluntary: Firm initiated,Letter,"U.S. states to include California, Georgia, Illinois, Nevada, Ohio, Virginia, and Washington.",V-126-2013,Class I,"AvoDerm Natural Lamb Meal & Brown Rice Adult Dog Formula, 26 lb. Packaged in plastic bag with plastic liner.","7,392 bags",The firm recalled because the product has the potential to be contaminated with Salmonella.,09/07/2012,01/14/2013,09/18/2014,01/23/2013,"Product Code/SKU/Material # 1000065074, UPC Code 0 5290702043 8, Best before dates of 28 Aug 2013, 29 Aug 2013, 30 Aug 2013."
Veterinary,No,,63606,Terminated,"Wixon, Inc.",1390 E Bolivar Ave,N/A,Saint Francis,WI,	53235-4506,United States,Voluntary: Firm initiated,Letter,"CA, IL, GA, NJ, CT, KS, MN, MA, WA, ME, NY.",V-127-2013,Class I,"Charlee Bear Protein Crunch Bars, 84% Chicken Recipe with Sweet Potatoes, 5.5 oz, UPC Code 8710890001.",444 cases (12 pouches/case),"Charlee Bear Products, a division of Wixon, Inc., is voluntarily recalling  certain lots of its Charlee Bear Protein Crunch Treats because they have the potential to be contaminated with Salmonella.",10/31/2012,01/14/2013,12/04/2013,01/23/2013,Lot # 20112
Veterinary,No,,63606,Terminated,"Wixon, Inc.",1390 E Bolivar Ave,N/A,Saint Francis,WI,	53235-4506,United States,Voluntary: Firm initiated,Letter,"CA, IL, GA, NJ, CT, KS, MN, MA, WA, ME, NY.",V-128-2013,Class I,"Charlee Bear Protein Crunch Bars, 84% Chicken Recipe with Carrots, 5.5 oz, UPC Code 8710890000.",448 cases (12 pouches/case),"Charlee Bear Products, a division of Wixon, Inc., is voluntarily recalling  certain lots of its Charlee Bear Protein Crunch Treats because they have the potential to be contaminated with Salmonella.",10/31/2012,01/14/2013,12/04/2013,01/23/2013,"Lot # 19812, 19912, 20012, 20212."
Veterinary,No,,63686,Terminated,Magnolia Bird Farm Inc,8990 Cerritos Ave,N/A,Anaheim,CA,	92804-5705,United States,Voluntary: Firm initiated,Telephone,California and Nevada,V-129-2013,Class I,"Magnolia Bird Farm Hookbill Supreme, 2 lbs. clear plastic; 5 lbs.; 10 lbs. in brown Kraft bag; 25; 50 lbs. in white paper bag;***PACKAGED BY MAGNOLIA BIRD FARM 8990 CERRITOS AVE. ANAHEIM, CA. 92804***12200 MAGNOLIA AVE. RIVERSIDE, CA. 92503.","52,428 lbs total all products recalled.",Magnolia Bird Farm is recalling Bird Feed Mix that contains In-Shell Peanuts from Sunland Inc. because it may be contaminated with Salmonella.,10/24/2012,01/24/2013,01/24/2013,01/30/2013,No identifying codes are used by the firm for these products
Veterinary,No,,63686,Terminated,Magnolia Bird Farm Inc,8990 Cerritos Ave,N/A,Anaheim,CA,	92804-5705,United States,Voluntary: Firm initiated,Telephone,California and Nevada,V-130-2013,Class I,"Magnolia Bird Farm Conure Mix, 2 lbs. clear plastic; 5 lbs.; 10 lbs. in brown Kraft bag; 25 lbs; 50 lbs. in white paper bag;***PACKAGED BY MAGNOLIA BIRD FARM 8990 CERRITOS AVE. ANAHEIM, CA. 92804***12200 MAGNOLIA AVE. RIVERSIDE, CA. 92503","52,428 lbs total all products recalled.",Magnolia Bird Farm is recalling Bird Feed Mix that contains In-Shell Peanuts from Sunland Inc. because it may be contaminated with Salmonella.,10/24/2012,01/24/2013,01/24/2013,01/30/2013,No identifying codes are used by the firm for these products
Veterinary,No,,63686,Terminated,Magnolia Bird Farm Inc,8990 Cerritos Ave,N/A,Anaheim,CA,	92804-5705,United States,Voluntary: Firm initiated,Telephone,California and Nevada,V-131-2013,Class I,"Magnolia Bird Farm Parrot Mix, 3 lbs. clear plastic; 5 lbs; 10 lbs. in brown Kraft bag;  25 lbs; 50 lbs. in white paper bag.;***PACKAGED BY MAGNOLIA BIRD FARM 8990 CERRITOS AVE. ANAHEIM, CA. 92804***12200 MAGNOLIA AVE. RIVERSIDE, CA. 92503","52,428 lbs total all products recalled.",Magnolia Bird Farm is recalling Bird Feed Mix that contains In-Shell Peanuts from Sunland Inc. because it may be contaminated with Salmonella.,10/24/2012,01/24/2013,01/24/2013,01/30/2013,No identifying codes are used by the firm for these products
Veterinary,No,,63686,Terminated,Magnolia Bird Farm Inc,8990 Cerritos Ave,N/A,Anaheim,CA,	92804-5705,United States,Voluntary: Firm initiated,Telephone,California and Nevada,V-132-2013,Class I,"Magnolia Bird Farm Hulled Peanuts, 2 lbs. clear plastic. in ***PACKAGED BY MAGNOLIA BIRD FARM 8990 CERRITOS AVE. ANAHEIM, CA. 92804***12200 MAGNOLIA AVE. RIVERSIDE, CA. 92503.","52,428 lbs total all products recalled.",Magnolia Bird Farm is recalling Hulled Peanuts from Sunland Inc. because it may be contaminated with Salmonella.,10/24/2012,01/24/2013,01/24/2013,01/30/2013,"Peanuts packaged in clear plastic bags, brown Kraft bags, or white paper bags have no identifying codes.    Peanuts in the original Sunland yellow mesh bag will have either best by dates from October 12, 2012 through October 12, 2013 on the packaging, or a Crop Year marking on the package of 2011 or 2012, up to and including October 12, 2012."
Veterinary,No,,63686,Terminated,Magnolia Bird Farm Inc,8990 Cerritos Ave,N/A,Anaheim,CA,	92804-5705,United States,Voluntary: Firm initiated,Telephone,California and Nevada,V-133-2013,Class I,"Magnolia Bird Farm Large Hookbill, 2 lbs. clear plastic; 5 lbs.; 10 lbs. in brown Kraft bag; 25 lbs; 50 lbs. in white paper bag;***PACKAGED BY MAGNOLIA BIRD FARM 8990 CERRITOS AVE. ANAHEIM, CA. 92804***12200 MAGNOLIA AVE. RIVERSIDE, CA. 92503","52,428 lbs total all products recalled.",Magnolia Bird Farm is recalling Bird Feed Mix that contains In-Shell Peanuts from Sunland Inc. because it may be contaminated with Salmonella.,10/24/2012,01/24/2013,01/24/2013,01/30/2013,No identifying codes are used by the firm for these products.
Veterinary,No,,63459,Terminated,TBD Brands,7 Beech Hill Rd,N/A,Exeter,NH,	03833-4502,United States,Voluntary: Firm initiated,E-Mail,Nationwide,V-134-2013,Class I,"Yoghund Organic Banana & Peanut Butter, Organic Frozen Yogurt for Dogs, 4-3.5 fl. oz. cups (4 pack), 14 fl. oz., (416 ml).",5211 Cases (24 case -3.5 fl.oz cups/4 pack),Frozen dog treats recalled due to possible contamination with salmonella due to Sunland Peanut Butter recall,10/10/2012,02/05/2013,03/20/2013,02/13/2013,Case: Lot Code: 26812 or earlier  Cups: Best By Dates of 9.24.14 or earlier
Veterinary,No,,63905,Terminated,Western Stockmen's,223 Rodeo Ave,N/A,Caldwell,ID,	83605-6714,United States,Voluntary: Firm initiated,"Two or more of the following: Email, Fax, Letter, Press Release, Telephone, Visit",Product was distributed in Idaho and Oregon,V-135-2013,Class II,"WSI Pride Plus Amprolium Crumble 1.25%, packaged in a 50 lb. bag.  The Product code/number is 104636.  Tag is tan in color; with the lot number and product number located at the bottom of the tag just above the tag sew line.      The product is labeled in parts: ""***WSI Pride Plus Amprolium Crumble 1.25%***For Beef and Dairy Calves***MEDICATED An aid in the prevention and treatment of coccidiosis caused by Eimeria bovis and E. zurnii in calves***ACTIVE DRUG INGREDIENT***Amprolium (Corid) 1.25%***MANUFACTURED BY WESTERN STOCKMEN'S, CALDWELL, ID 83605*** 208-459-0777***"".",200 bags (50 lbs. per bag),WSI Pride-Plus Amprolium Crumble 1.25% was found to be sub-potent for Amprolium.   The sample was detected of 0.9758% instead of 1.25% concentration of Amprolium.,12/11/2012,02/05/2013,02/11/2013,02/13/2013,"Lot No. 340209114-090712           The lot number consists of the first 9 digits, i.e., 340209114 and is a unique identifier.   The Product code is the unique code assigned in the firm's database for this named finished feed product.    The number 090712 is September 7, 2012.  The tag was made on Sept. 7. This date does not reflect the actual date of manufacture necessarily, as tags are produced at the time an order is placed. In this case, the order was placed on Sept. 7th and at that time the tags were made."
Veterinary,No,,63936,Terminated,"Dairy Manufacturers, Inc",601 N Coleman St,N/A,Prosper,TX,	75078-2333,United States,Voluntary: Firm initiated,Telephone,TX,V-136-2013,Class II,"Lone Star 22-10-.5 Instant Medicated Calf Milk Replacer 25lb bag, manufactured for Texas Farm Products Company, Nacogdoches, Texas 75963","3,824 bags",Category II drug NeoOxy 100/100 MR used in milk replacer was expired as of December 2011.,12/21/2012,02/08/2013,07/31/2013,02/20/2013,"All product manufactured between January 1, 2012 and December 18, 2012 (lot codes: 202802, 202301, 200902-05, 203204, 203303-05, 206601-02, 206501-05,  209001-04, 211701-03, 215301-05, 219501-05, 224304-06, 226401-03, 229202-04, 234801-05)"
Veterinary,No,,63743,Terminated,Cohoons Elevator Inc.,802 Townsend St,N/A,Midland,MI,	48640-5362,United States,Voluntary: Firm initiated,Other,Midland MI area only.,V-137-2013,Class III,"Regular Chicken 50#     Ingredients: Corn, Wheat, Oats, Oyster shells, Medium Grit, CCC, ADS, Plant Protein Products, Animal Protein Products, Processed Grain By-Products, Roughage Products, Animal Fat procession with DHA, etc",5400lbs (50lb bags),"During an FDA sample collection, the firms 50# Regular Chicken Feed was found to contain mammalian protein. The label does not contain the warning statement.",11/21/2012,02/08/2013,02/12/2013,02/20/2013,8/6/2012
Veterinary,No,,63989,Terminated,"ADM Alliance Nutrition, Inc.",1800 W Western Ave,N/A,Bluffton,IN,	46714-9788,United States,Voluntary: Firm initiated,Telephone,IN and OH Only,V-138-2013,Class III,ADM Alliance Nutrition Meat Goat Power 16%,120-50lb bags,"During an FDA inspection, the ADM Alliance Nutrition Meat Goat Power 16% (80865AZN), was run through the firm's mixer directly after lot # BF23512 of the recalled sheep feed.  The Retention sample was found to have 46.4 ppm copper when the label states 25ppm-35ppm.  ",12/28/2012,02/25/2013,06/11/2013,03/06/2013,Product #80865AZN24  Lot #BF23512
Veterinary,No,,64500,Terminated,"Sogeval Laboratories, Inc.",5605 N Macarthur Blvd,Suite 740,Irving,TX,	75038-2617,United States,Voluntary: Firm initiated,"Two or more of the following: Email, Fax, Letter, Press Release, Telephone, Visit","AL, AZ, CA, CO, FL, GA, IA, ID, IL, IN, KS, KY, LA, MI, MN, MS, NV, NY, OH, OK, OR, PA, TX, VA, WA, and WI",V-139-2013,Class III,"Sogeval Oxiderm +PS Shampoo (Benzoyl Peroxide 3%, Sulfur 2%, Salicylic Acid 2%, PhytoSphingosine 0.05%)  Antiseborrheic and Antiseptic Shampoo in a Moisturizing and Soap-Free Cleaning Base 16oz. - For topical use in dogs, cats and horses.","1,882 bottles",Product contains approximately 12 ounces instead of 16 ounces.,03/18/2011,03/21/2013,05/24/2013,03/27/2013,Lot # 10690B  Product code # FSOXYPS1016
Veterinary,No,,64445,Terminated,Hy-Vee Stores Inc,5820 Westown Pkwy,N/A,West Des Moines,IA,	50266,United States,Voluntary: Firm initiated,Press Release,"Distribution was made to 212 retail stores in  IA, IL, MO, KS, NE, SD, MN and WI.",V-140-2013,Class II,"Hy-Vee Complete Dog, Complete Nutrition, 34-lb bag. UPC code: 07545005647",879/34-lb bags,The recalled products may contain elevated levels of Aflatoxin.,02/22/2013,03/26/2013,05/29/2014,04/03/2013,"Lot # ending with 29812KC, Best by date: 11/24/13"
Veterinary,No,,64445,Terminated,Hy-Vee Stores Inc,5820 Westown Pkwy,N/A,West Des Moines,IA,	50266,United States,Voluntary: Firm initiated,Press Release,"Distribution was made to 212 retail stores in  IA, IL, MO, KS, NE, SD, MN and WI.",V-141-2013,Class II,"Hy-Vee Complete Dog, Complete Nutrition, 8-lb bag. UPC code: 07545005667","2,500/8-lb bags",The recalled products may contain elevated levels of Aflatoxin.,02/22/2013,03/26/2013,05/29/2014,04/03/2013,"Lot # ending with 29812KC, Best by date: 11/24/13"
Veterinary,No,,64445,Terminated,Hy-Vee Stores Inc,5820 Westown Pkwy,N/A,West Des Moines,IA,	50266,United States,Voluntary: Firm initiated,Press Release,"Distribution was made to 212 retail stores in  IA, IL, MO, KS, NE, SD, MN and WI.",V-142-2013,Class II,"Hy-Vee Complete Dog, Complete Nutrition, 4.4-lb bag. UPC code: 07545005665","7,250/4.4-lb bags",The recalled products may contain elevated levels of Aflatoxin.,02/22/2013,03/26/2013,05/29/2014,04/03/2013,"Lot # ending with 29812KC, Best by date: 11/24/13 and Lot # ending with 29912KC, Best by date: 11/25/13"
Veterinary,No,,64445,Terminated,Hy-Vee Stores Inc,5820 Westown Pkwy,N/A,West Des Moines,IA,	50266,United States,Voluntary: Firm initiated,Press Release,"Distribution was made to 212 retail stores in  IA, IL, MO, KS, NE, SD, MN and WI.",V-143-2013,Class II,"Hy-Vee Complete Dog, Bones & Squares, 20-lb bag. UPC code: 07545005680",800/20-lb bags,The recalled products may contain elevated levels of Aflatoxin.,02/22/2013,03/26/2013,05/29/2014,04/03/2013,"Lot # ending with 29312KC, Best by date:  11/19/13"
Veterinary,No,,64445,Terminated,Hy-Vee Stores Inc,5820 Westown Pkwy,N/A,West Des Moines,IA,	50266,United States,Voluntary: Firm initiated,Press Release,"Distribution was made to 212 retail stores in  IA, IL, MO, KS, NE, SD, MN and WI.",V-144-2013,Class II,"Hy-Vee Complete Dog, Bones & Squares, 4.4-lb bag. UPC code: 07545005660","1,760/4.4-lb bags",The recalled products may contain elevated levels of Aflatoxin.,02/22/2013,03/26/2013,05/29/2014,04/03/2013,"Lot # ending with 29312KC, Best by date:  11/19/13"
Veterinary,No,,64777,Terminated,Wilbur Ellis Co,2001 Se Columbia River Dr,N/A,Vancouver,WA,	98661,United States,Voluntary: Firm initiated,Telephone,Distributed in Oregon,V-145-2013,Class III,"Messerle & Sons Dewormer Mineral.  Product is Type B medicated mineral premix (dewormer), formulated to contain fendendazole.    The product is labeled in parts: ""***Messerle & Sons Dewormer Mineral***MEDICATED***ACTIVE DRUG INGREDIENTS Fenbendazole***4540 g/ton***Manufactured by: Wilbur-Ellis Company P.O Box 407 Clackmas, OR 97015***Net Weight 50 lbs***"".",1950 lbs.,Messerle & Sons Dewormer Mineral is recalled because Fenbendazole drug concentration was exceeded the AV allowed.,03/26/2013,04/18/2013,04/29/2013,04/24/2013,MESRL003 03/2010;  Lot 644370;  Expiration date: September 2014
Veterinary,No,,64956,Terminated,Sandoz Incorporated,2555 W Midway Blvd,N/A,Broomfield,CO,	80020-1632,United States,Voluntary: Firm initiated,Letter,"Shipped to one distibutor, Putney Inc in Maine.  No foreign, military, or government consignees.",V-146-2013,Class II,"Amoxicillin Capsules, USP, 500mg, 500 count bottles, NDC 26637-222-50.",1458 bottles of 500 capsules each,"Sandoz is recalling certain lots of Amoxicillin Capsules, USP 500mg due to potential contamination with fragments of stainless steel wire mesh.",04/22/2013,05/01/2013,02/25/2014,05/08/2013,"Lot CS2959, Expiry 07-2015, NDC 26637-222-50."
Veterinary,No,,64663,Terminated,Procter & Gamble Co,8700 Mason Montgomery Rd,N/A,Mason,OH,	45040-9462,United States,Voluntary: Firm initiated,"Two or more of the following: Email, Fax, Letter, Press Release, Telephone, Visit","Product was shipped to the following states: AL, AZ, CA, CO, CT, FL, GA, HI, IA, IL, IN, KS, KY, MA, MI, MN, MO, NC, NJ, NY, NC, OH, OR, PA, SC, TN, TX, UT, VA, WA & WI.  Product was also shipped to Canada.",V-147-2013,Class III,"Iams Shakeables Gobble em Up With Turkey for Dogs, 6 oz canister, DISTRIBUTED BY: THE IAMS COMPANY, SUBSIDIARY OF THE PROCTER & GAMBLE CINCINNATI, OHIO, 45202","46,813 cs/6/6 oz canisters",The firm was notified via consumer complaints that the product contains mold.,03/11/2013,05/03/2013,07/07/2014,05/15/2013,"UPC 0 19014 61043 3, Lot # 2325419715A 3103, Best By Date April 20, 2014; Lot # 2331419715A 3103, Best By Date April 26, 2014; Lot # 2332419715A 3103, Best By Date April 26, 2014; Lot # 2341419715A 3103, Best By Date May 6, 2014; Lot # 2342419715A 3103, Best By Date May 7, 2014; Lot # 3016419715A 3103, Best By Date June 16, 2014; Lot # 3017419715A 3103, Best By Date June 17, 2014; Lot # 3018419715A 3103, Best By Date June 18, 2014 & Lot # 3046419715A 3103, Best By Date July 15, 2014."
Veterinary,No,,64663,Terminated,Procter & Gamble Co,8700 Mason Montgomery Rd,N/A,Mason,OH,	45040-9462,United States,Voluntary: Firm initiated,"Two or more of the following: Email, Fax, Letter, Press Release, Telephone, Visit","Product was shipped to the following states: AL, AZ, CA, CO, CT, FL, GA, HI, IA, IL, IN, KS, KY, MA, MI, MN, MO, NC, NJ, NY, NC, OH, OR, PA, SC, TN, TX, UT, VA, WA & WI.  Product was also shipped to Canada.",V-148-2013,Class III,"Iams Shakeables  Un-baa-lievable  With Lamb for Dogs, 6 oz canister, DISTRIBUTED BY: THE IAMS COMPANY, SUBSIDIARY OF THE PROCTER & GAMBLE CINCINNATI, OHIO, 45202",4009cs/6//6 oz canisters,The firm was notified via consumer complaints that the product contains mold.,03/11/2013,05/03/2013,07/07/2014,05/15/2013,"UPC 0 19014 00024 1, Lot # 2338419715A 3102, Best By Date May 3, 2014"
Veterinary,No,,64920,Terminated,Lloyd Inc. of Iowa,604 W Thomas Ave,N/A,Shenandoah,IA,	51601-1744,United States,Voluntary: Firm initiated,Letter,"Distribution was made nationwide, including Puerto Rico, Guatemala and Israel.  Specific distribution will be reported.",V-149-2013,Class III,"Lloyd Thyro-Tabs, levothyroxine sodium tablets, USP, 0.1mg, packaged in 120-ct bottles (NDC 11789-251-10), Lloyd, Shenandoah, IA.","14,439/120-ct bottles",The product Lot number and/or Expiration Date may be illegible or may be erased.,04/04/2013,05/03/2013,03/26/2014,05/15/2013,"Lot: VKE29211, Exp date: Jul-13"
Veterinary,No,,64920,Terminated,Lloyd Inc. of Iowa,604 W Thomas Ave,N/A,Shenandoah,IA,	51601-1744,United States,Voluntary: Firm initiated,Letter,"Distribution was made nationwide, including Puerto Rico, Guatemala and Israel.  Specific distribution will be reported.",V-150-2013,Class III,"Lloyd Thyro-Tabs, levothyroxine sodium tablets, USP, 0.2 mg, packaged in 120-ct bottles (NDC 11789-252-10), Lloyd, Shenandoah, IA.","12,387/120-ct bottles",The product Lot number and/or Expiration Date may be illegible or may be erased.,04/04/2013,05/03/2013,03/26/2014,05/15/2013,"Lot:: KB33411, Exp date: Sep-13; Lot: KB33411A, Exp date: Sep-13"
Veterinary,No,,64920,Terminated,Lloyd Inc. of Iowa,604 W Thomas Ave,N/A,Shenandoah,IA,	51601-1744,United States,Voluntary: Firm initiated,Letter,"Distribution was made nationwide, including Puerto Rico, Guatemala and Israel.  Specific distribution will be reported.",V-151-2013,Class III,"Lloyd Thyro-Tabs, levothyroxine sodium tablets, USP, 0.3 mg, packaged in 120-ct bottles (NDC 11789-253-10), Lloyd, Shenandoah, IA.","12,387/120-ct bottles",The product Lot number and/or Expiration Date may be illegible or may be erased.,04/04/2013,05/03/2013,03/26/2014,05/15/2013,"Lot:: KA32111, Exp date: Aug-13; Lot: KA32111A, Exp date: Aug-13"
Veterinary,No,,64920,Terminated,Lloyd Inc. of Iowa,604 W Thomas Ave,N/A,Shenandoah,IA,	51601-1744,United States,Voluntary: Firm initiated,Letter,"Distribution was made nationwide, including Puerto Rico, Guatemala and Israel.  Specific distribution will be reported.",V-152-2013,Class III,"Lloyd Thyro-Tabs, levothyroxine sodium tablets, USP, 0.4 mg, packaged in 120-ct bottles (NDC 11789-254-10), Lloyd, Shenandoah, IA.","12,632/120-ct bottles",The product Lot number and/or Expiration Date may be illegible or may be erased.,04/04/2013,05/03/2013,03/26/2014,05/15/2013,"Lot:: KB33611, Exp date: Sep-13; Lot:  KB33611A, Exp date: Sep-13"
Veterinary,No,,64920,Terminated,Lloyd Inc. of Iowa,604 W Thomas Ave,N/A,Shenandoah,IA,	51601-1744,United States,Voluntary: Firm initiated,Letter,"Distribution was made nationwide, including Puerto Rico, Guatemala and Israel.  Specific distribution will be reported.",V-153-2013,Class III,"Lloyd Thyro-Tabs, levothyroxine sodium tablets, USP, 0.6 mg, packaged in 120-ct bottles (NDC 11789-256-10), Lloyd, Shenandoah, IA.","15,024/120-ct bottles",The product Lot number and/or Expiration Date may be illegible or may be erased.,04/04/2013,05/03/2013,03/26/2014,05/15/2013,"Lot:: KA32511, Exp date: Aug-13"
Veterinary,No,,64920,Terminated,Lloyd Inc. of Iowa,604 W Thomas Ave,N/A,Shenandoah,IA,	51601-1744,United States,Voluntary: Firm initiated,Letter,"Distribution was made nationwide, including Puerto Rico, Guatemala and Israel.  Specific distribution will be reported.",V-154-2013,Class III,"Lloyd Thyro-Tabs, levothyroxine sodium tablets, USP, 0.5 mg, packaged in 120-ct bottles (NDC 11789-255-10), Lloyd, Shenandoah, IA.","14,669/120-ct bottles",The product Lot number and/or Expiration Date may be illegible or may be erased.,04/04/2013,05/03/2013,03/26/2014,05/15/2013,"Lot:: VKA31311, Exp date: Aug-13"
Veterinary,No,,64920,Terminated,Lloyd Inc. of Iowa,604 W Thomas Ave,N/A,Shenandoah,IA,	51601-1744,United States,Voluntary: Firm initiated,Letter,"Distribution was made nationwide, including Puerto Rico, Guatemala and Israel.  Specific distribution will be reported.",V-155-2013,Class III,"Lloyd Thyro-Tabs, levothyroxine sodium tablets, USP, 0.7 mg, packaged in 120-ct bottles (NDC 11789-257-10), Lloyd, Shenandoah, IA.","10,172/120-ct bottles",The product Lot number and/or Expiration Date may be illegible or may be erased.,04/04/2013,05/03/2013,03/26/2014,05/15/2013,"Lot:: KD33611, Exp date: Sep-13 and Lot:: KD33611A, Exp date: Sep-13"
Veterinary,No,,64920,Terminated,Lloyd Inc. of Iowa,604 W Thomas Ave,N/A,Shenandoah,IA,	51601-1744,United States,Voluntary: Firm initiated,Letter,"Distribution was made nationwide, including Puerto Rico, Guatemala and Israel.  Specific distribution will be reported.",V-156-2013,Class III,"Lloyd Thyro-Tabs, levothyroxine sodium tablets, USP, 0.8 mg, packaged in 120-ct bottles (NDC 11789-258-10), Lloyd, Shenandoah, IA.","23,717/120-ct bottles",The product Lot number and/or Expiration Date may be illegible or may be erased.,04/04/2013,05/03/2013,03/26/2014,05/15/2013,"Lot:: VKB30711, Exp date: Aug-13 and Lot:: VKB02412, Exp date: Nov-13"
Veterinary,No,,64920,Terminated,Lloyd Inc. of Iowa,604 W Thomas Ave,N/A,Shenandoah,IA,	51601-1744,United States,Voluntary: Firm initiated,Letter,"Distribution was made nationwide, including Puerto Rico, Guatemala and Israel.  Specific distribution will be reported.",V-157-2013,Class III,"Lloyd Thyro-Tabs, levothyroxine sodium tablets, USP, 1.0 mg, packaged in 120-ct bottles (NDC 11789-268-10), Lloyd, Shenandoah, IA.","11,122/120-ct bottles",The product Lot number and/or Expiration Date may be illegible or may be erased.,04/04/2013,05/03/2013,03/26/2014,05/15/2013,"Lot:: VKF33611, Exp date: Sep-13 and Lot:: VKF33611A, Exp date: Sep-13"
Veterinary,No,,63882,Terminated,Claudia's Canine Cuisine,100 Four Paws,N/A,Maumelle,AR,	72113-6554,United States,Voluntary: Firm initiated,Telephone,Nationwide,V-158-2013,Class III,"Dogcandy Holiday Hound Cake 7.5 oz manufactured by Claudia's Canine Cuisine, UPC 692614010041","2,988 units",The product has the potential to contain mold.,12/07/2012,05/16/2013,07/31/2013,05/22/2013,Best By Date of 08/2015  UPC 692614010041
Veterinary,No,,63882,Terminated,Claudia's Canine Cuisine,100 Four Paws,N/A,Maumelle,AR,	72113-6554,United States,Voluntary: Firm initiated,Telephone,Nationwide,V-159-2013,Class III,"Dogcandy Blueberry Hound Cake 7.5 oz manufactured by Claudia's Canine Cuisine , UPC 692614010058","2,880 units",The product has the potential to contain mold.,12/07/2012,05/16/2013,07/31/2013,05/22/2013,Best By Date of 08/2015  UPC 692614010058
Veterinary,No,,63308,Terminated,Premium Nutritional Products Inc,10504 W 79th St,N/A,Shawnee,KS,	66214-3346,United States,Voluntary: Firm initiated,E-Mail,"AZ, TX, NJ, PA, CA, MI, FL, WI, WA, PA, NC, OH, NY, IL, NC, KY, UT, OK, MO, VA, IA, OR, OH, AL, NH, GA, LA, KS",V-160-2013,Class I,"ZuPreem FruitBlend with Natural Fruit Flavors, Premium Daily Bird Food, for Conures, Amazons, Greys, Pionus, Caiques, Senegals and other medium to large parrots.  Packaged in 2 lb, 3.5 lb and 12 lb stand-up plastic pouches; also packaged in 17.5 lb and 35 lb bulk paper bags.","33,059/units",The products contain elevated calcium levels.,09/27/2012,05/16/2013,10/09/2014,05/22/2013,"Lot 598405052    UPC 762177830209, Exp date: 11/30/2013  (2 lbs package)  UPC 762177830308, Exp date: 11/30/2013  (3.5 lbs package)  UPC 762177831206, Exp date: 11/30/2013  (12 lbs package)  UPC 762177831701, Exp date: 11/13  (17.5 lbs package)  UPC 762177833507, Exp date: 11/13  (35 lbs package)"
Veterinary,No,,63308,Terminated,Premium Nutritional Products Inc,10504 W 79th St,N/A,Shawnee,KS,	66214-3346,United States,Voluntary: Firm initiated,E-Mail,"AZ, TX, NJ, PA, CA, MI, FL, WI, WA, PA, NC, OH, NY, IL, NC, KY, UT, OK, MO, VA, IA, OR, OH, AL, NH, GA, LA, KS",V-161-2013,Class I,"ZuPreem FruitBlend with Natural Fruit Flavors, Premium Daily Bird Food for Macaws, Cockatoos, Amazons and other Large parrots. Packaged in 2 lb, 3.5 lb and 12 lb stand-up plastic pouches; also packaged in 17.5 lb and 35 lb bulk paper bags.","27,665/units",The products contain elevated calcium levels.,09/27/2012,05/16/2013,10/09/2014,05/22/2013,"Lot 598405072    UPC 762177840208, Exp date: 11/30/2013  (2 lbs package)  UPC 762177840307, Exp date: 11/30/2013  (3.5 lbs package)  UPC 762177841205, Exp date: 11/30/2013  (12 lbs package)  UPC 76211841700, Exp date: 11/13  (17.5 lbs package)  UPC 762177843506, Exp date: 11/13  (35 lbs package)"
Veterinary,No,,63468,Terminated,"Sunland, Incorporated",42593 US Highway 70,N/A,Portales,NM,	88130-9043,United States,Voluntary: Firm initiated,Press Release,National distribution under various brand names including all 50 U.S. States with some international distribution Hong Kong.,V-162-2013,Class I,"Dogsbutter RUC with Flax PB, 16 oz UPC 3050.",934 x 16 oz,"Sunland, Inc. is conducting a voluntary limited recall of its Almond, Peanut, and Cashew Butter products and Tahini and Roasted Blanched Peanut Products, manufactured between May 1, 2010 and September 24, 2012, because these products may be contaminated with Salmonella.",09/24/2012,05/16/2013,05/17/2013,05/22/2013,"Best-If-Used-By Dates between March 1, 2011 and September 24, 2013."
Veterinary,No,,63468,Terminated,"Sunland, Incorporated",42593 US Highway 70,N/A,Portales,NM,	88130-9043,United States,Voluntary: Firm initiated,Press Release,National distribution under various brand names including all 50 U.S. States with some international distribution Hong Kong.,V-163-2013,Class I,"Sunland Valencia Roasted and Blanched Wildlife, 30 lb UPC 41322.",184 x 30 lb,"Sunland, Inc. is conducting a voluntary limited recall of its Almond, Peanut, and Cashew Butter products and Tahini and Roasted Blanched Peanut Products, manufactured between May 1, 2010 and September 24, 2012, because these products may be contaminated with Salmonella.",09/24/2012,05/16/2013,05/17/2013,05/22/2013,"Best-If-Used-By Dates between March 1, 2011 and September 24, 2013."
Veterinary,No,,63468,Terminated,"Sunland, Incorporated",42593 US Highway 70,N/A,Portales,NM,	88130-9043,United States,Voluntary: Firm initiated,Press Release,National distribution under various brand names including all 50 U.S. States with some international distribution Hong Kong.,V-164-2013,Class I,"Sunland Raw Shelled Wildlife (not for human use), 50 lb item 402.","233,450 lbs","Sunland, Inc. is conducting a voluntary limited recall of its Almond, Peanut, and Cashew Butter products and Tahini and Roasted Blanched Peanut Products, manufactured between May 1, 2010 and September 24, 2012, because these products may be contaminated with Salmonella.",09/24/2012,05/16/2013,05/17/2013,05/22/2013,"Identified with Best By Dates March 1, 2011 through September 24, 2013."
Veterinary,No,,63968,Terminated,"ADM Alliance Nutrition, Inc.",1800 W Western Ave,N/A,Bluffton,IN,	46714-9788,United States,Voluntary: Firm initiated,Telephone,"IN, IL, OH, KY, PA, and MI",V-165-2013,Class I,"MoorMan's ShowTec 18 Elite Lamb DC medicated textured grain mix, packaged in 50 lb bags",377 - 50 lb bags,"ADM Alliance Nutrition of Bluffton, IN initiated a recall on 12/19/12 for 3 lots of MoorMan s¿ ShowTec 18 Elite Lamb DC sold in 50 lb bags.  The recall was initiated in response to a customer complaint stating that 2 of the customers sheep had died of copper toxicosis after consuming MoorMan's¿ ShowTec 18 Elite Lamb DC.",12/19/2012,05/16/2013,08/05/2013,05/22/2013,Lot BF23512 - manufactured 08/22/12  184 - 50lb bags produced for sale         Lot BF27812 - manufactured 10/04/12  120 - 50lb bags produced for sale     Lot BF29312 - manufactured 10/19/12  73 - 50lb bags produced for sale
Veterinary,No,,64371,Terminated,MI Industries Inc,6200 N 56th St,N/A,Lincoln,NE,	68504-1763,United States,Voluntary: Firm initiated,E-Mail,"Distribution was made to AZ, CA, CO, FL, IL, MI, MN, MO, NJ, NY, OH, OR, PA,  RI, SC, TX, and WA.  Foreign distribution was made to Canada.",V-166-2013,Class I,"Nature's Variety Instinct raw, Organic Chicken Formula medallions, packaged in 3-lb bags and packaged 9/3-lb bags/case.",658/9/3-lb bag/cases,The products may contain hard plastic pieces.,02/15/2013,05/16/2013,09/11/2013,05/22/2013,"UPC # 7 69949 60137 1, 3-lb bag  Best if Used By date of 10/04/13  UPC # 7 69949 70137 8, 27-lb case (9/3-lb bags/case)   Best if Used By date of 10/04/13"
Veterinary,No,,64371,Terminated,MI Industries Inc,6200 N 56th St,N/A,Lincoln,NE,	68504-1763,United States,Voluntary: Firm initiated,E-Mail,"Distribution was made to AZ, CA, CO, FL, IL, MI, MN, MO, NJ, NY, OH, OR, PA,  RI, SC, TX, and WA.  Foreign distribution was made to Canada.",V-167-2013,Class I,"Nature's Variety Instinct raw, Organic Chicken Formula patties, packaged in 6-lb bags and packaged in 6/6-lb bag/cases.",344/6/6-lb bag/cases,The products may contain hard plastic pieces.,02/15/2013,05/16/2013,09/11/2013,05/22/2013,"UPC # 7 69949 60127 2, 6-lb bag  Best if Used By date of 10/04/13  UPC # 7 69949 70127 9, 36-lb case (6/6-lb bags/case)  Best if Used By date of 10/04/13"
Veterinary,No,,63745,Terminated,Carolina Prime Pet,131 Regal St,N/A,Murphy,NC,	28906-2602,United States,Voluntary: Firm initiated,Press Release,"AZ, CA, CO, DC, DE, HI, IL, MD, NE, NJ, NV, NM, PA, SD, TX, VA and WY.",V-168-2013,Class I,"Priority Total Pet Care, All Natural Bullstrips Dog Treats, 6 Bullstrip, Distributed by Lucerne Foods, Inc., P.O. Box 99, Pleasanton, CA 94566-0009.","64 cases (28,800 pieces)",Product tested positive for Salmonella.,11/15/2012,05/17/2013,04/30/2014,05/29/2013,"UPC 0-21130-42080-3, Lot #20082712 S 3195 and 20090312 S3195"
Veterinary,No,,64476,Terminated,United Pet Group Inc,7794 5 Mile Rd,N/A,Cincinnati,OH,	45230-2368,United States,Voluntary: Firm initiated,Letter,"Product was shipped to the following states: AZ, CA, FL, GA, IL, IN, MI, MO, NC, NJ, NV, NY, OH, PA, SC, WA & WI.  Product was also shipped to Canada.",V-169-2013,Class I,"Ultra Blend Gourmet, Food for Parakeets (80 oz bag), A Harvest Celebration FOOD FOR PARAKEETS, NET.WT 80 OZ (5 LBS) Eight In One Pet Products Distributed by United Pet Group, Inc., Cincinnati, OH 45230 (800) 645-5154 www.eightinonepet.com  UPC 0 26851 00904","6,630/80 oz bags",The firm received notification from one of their  ingredient  suppliers that parsley they purchased may be contaminated with Salmonella.,02/27/2013,05/17/2013,07/09/2013,05/29/2013,Item # A904/056-0904-01 - USE BY dates: 07/20/15 and 10/20/15
Veterinary,No,,64476,Terminated,United Pet Group Inc,7794 5 Mile Rd,N/A,Cincinnati,OH,	45230-2368,United States,Voluntary: Firm initiated,Letter,"Product was shipped to the following states: AZ, CA, FL, GA, IL, IN, MI, MO, NC, NJ, NV, NY, OH, PA, SC, WA & WI.  Product was also shipped to Canada.",V-170-2013,Class I,"eCotrition Grains & Greens, Nutritional Supplement for Parakeets A Diverse Blend of Garden Vegetables & Select Grains Vitamin & Mineral Enriched NEW WT. 8 OZ (226 g) Eight In One Pet Products Distributed by United Pet Group, Inc. Cincinnati, Ohio 45230 (800) 645-5154 www.eightinonepet.com  UPC 0 26851 00505","8,880/8 oz bags",The firm received notification from one of their  ingredient  suppliers that parsley they purchased may be contaminated with Salmonella.,02/27/2013,05/17/2013,07/09/2013,05/29/2013,Item # A505/11-20700  USE BY dates: 10/23/15 and 11/14/15
Veterinary,No,,64476,Terminated,United Pet Group Inc,7794 5 Mile Rd,N/A,Cincinnati,OH,	45230-2368,United States,Voluntary: Firm initiated,Letter,"Product was shipped to the following states: AZ, CA, FL, GA, IL, IN, MI, MO, NC, NJ, NV, NY, OH, PA, SC, WA & WI.  Product was also shipped to Canada.",V-171-2013,Class I,"eCotrition Grains & Greens, Nutritional Supplement for Canaries and Finches A Diverse Blend of Garden Fresh Vegetables & Select Grains Vitamin & Mineral Enriched NET WT. 8 OZ (226 g)  Eight In One Pet Products Distributed by United Pet Group, Inc. Cincinnati, Ohio 45230 (800) 645-5154 www.eightinonepet.com UPC 0 26851 00546",264/8 oz bags,The firm received notification from one of their  ingredient  suppliers that parsley they purchased may be contaminated with Salmonella.,02/27/2013,05/17/2013,07/09/2013,05/29/2013,Item # C546/11-20712 - USE BY date: 10/16/15
Veterinary,No,,64476,Terminated,United Pet Group Inc,7794 5 Mile Rd,N/A,Cincinnati,OH,	45230-2368,United States,Voluntary: Firm initiated,Letter,"Product was shipped to the following states: AZ, CA, FL, GA, IL, IN, MI, MO, NC, NJ, NV, NY, OH, PA, SC, WA & WI.  Product was also shipped to Canada.",V-172-2013,Class I,"eCotrition Grains & Greens, Nutritional Supplement for Cockatiels A Diverse Blend of Garden Fresh Vegetables & Select Grains Vitamin & Mineral Enriched NET WT. 6.5 OZ (184 g)  Eight In One Pet Products Distributed by United Pet Group, Inc. Cincinnati, Ohio 45230 (800) 645-5154 www.eightinonepet.com UPC 0 26851 00512",96/6.5 oz bags,The firm received notification from one of their  ingredient  suppliers that parsley they purchased may be contaminated with Salmonella.,02/27/2013,05/17/2013,07/09/2013,05/29/2013,Item # B512/11-20711  USE BY date: 12/05/15
Veterinary,No,,64411,Terminated,"Nutri-Vet, LLC",495 N Dupont Ave,N/A,Boise,ID,	83713-5906,United States,Voluntary: Firm initiated,"Two or more of the following: Email, Fax, Letter, Press Release, Telephone, Visit","distributed nationwide and also to Hong Kong, Malaysia, Panama, and Singapore.",V-173-2013,Class I,"NutriPet Natural Chicken Fillet Strips, Item # 76-0081, Net wt. 16oz.  There is NO UPC for this product.    Product is labeled in parts: ""***NUTRIPET***Naturally Chicken Fillet Strips***95% Fat-Free Treats for Dogs***NET WT. 16 oz***76-0081***"".",672/16 oz. packages,Nutri-Pet Chicken Jerky products are recalled because they may be contaminated with Salmonella.,02/20/2013,05/17/2013,08/07/2013,05/29/2013,Lot 2095 and expiration date 07/2014.
Veterinary,No,,64411,Terminated,"Nutri-Vet, LLC",495 N Dupont Ave,N/A,Boise,ID,	83713-5906,United States,Voluntary: Firm initiated,"Two or more of the following: Email, Fax, Letter, Press Release, Telephone, Visit","distributed nationwide and also to Hong Kong, Malaysia, Panama, and Singapore.",V-174-2013,Class I,"Nutri-Vet Natural Chicken Breast Treats with Glucosamine for Dogs Promotes Joint Health, has net weight 5 oz or 15 oz.      The 5 oz. package, item 50704, has the UPC  6 69125 50704 9.  The 15 oz package, item 50705, has the UPC 6 69125 50705 6.    Product is labeled in parts: ""***NUTRIVET***Naturally Chicken Breast Treats***with glucosamine for Dogs Promote Joint Health***"".",1992/5 oz. Packages and 3576/15 oz. Packages,Nutri-Vet Chicken Jerky products are recalled because they may be contaminated with Salmonella.,02/20/2013,05/17/2013,08/07/2013,05/29/2013,5 oz packages have lot 072114  and expiration date 07/2014.  15 oz. packages have lot 061114 and 061514 and expiration date 06/2014.
Veterinary,No,,64411,Terminated,"Nutri-Vet, LLC",495 N Dupont Ave,N/A,Boise,ID,	83713-5906,United States,Voluntary: Firm initiated,"Two or more of the following: Email, Fax, Letter, Press Release, Telephone, Visit","distributed nationwide and also to Hong Kong, Malaysia, Panama, and Singapore.",V-175-2013,Class I,"Nutri-Vet Natural Chicken Breast Treats with Omega 3 for Dogs Promotes a Glossy Coat   has a net weight 5 oz or 15 oz.    The  5 oz. package, item 50706, has the UPC  6 69125 50706 3;  The 15 oz package, item 50707, has the UPC 6 69125 50707 0;      Product is labeled in parts: ""***NUTRIVET***Natural Chicken Breast Treats*** with Omega 3 for Dogs Promotes a Glossy Coat***"".",1992/5 oz. packages and 3600/15 oz. packages,Nutri-Vet Chicken Jerky products are recalled because they may be contaminated with Salmonella.,02/20/2013,05/17/2013,08/07/2013,05/29/2013,5 oz. packages have lot 072314 and expiration date 07/2014.  15 oz. packages have lot 061514 and expiration date 06/2014.
Veterinary,No,,64411,Terminated,"Nutri-Vet, LLC",495 N Dupont Ave,N/A,Boise,ID,	83713-5906,United States,Voluntary: Firm initiated,"Two or more of the following: Email, Fax, Letter, Press Release, Telephone, Visit","distributed nationwide and also to Hong Kong, Malaysia, Panama, and Singapore.",V-176-2013,Class I,"Nutri-Vet Natural Chicken Breast Treats with Chamomile and Ginger for Dogs Helps Reduce Stress and Anxiety,  has a net weight 5 oz or 15 oz.    The  5 oz. package, item 50708, has the UPC  6 69125 50708 7.  The 15 oz package, item 50709, has the UPC 6 69125 50709 4.      Product is labeled in parts: ""***NUTRIVET*** Natural Chicken Breast Treats***with Chamomile and Ginger for Dogs Helps Reduce Stress and Anxiety***"".",1992/5 oz. packages and 3466/15 oz packages,Nutri-Vet Chicken Jerky products are recalled because they may be contaminated with Salmonella.,02/20/2013,05/17/2013,08/07/2013,05/29/2013,5 oz. packages have lot 072214 and expiration date 07/2014.  15 oz. packages have lot 060714 and 061514 and expiration date 06/2014.
Veterinary,No,,64411,Terminated,"Nutri-Vet, LLC",495 N Dupont Ave,N/A,Boise,ID,	83713-5906,United States,Voluntary: Firm initiated,"Two or more of the following: Email, Fax, Letter, Press Release, Telephone, Visit","distributed nationwide and also to Hong Kong, Malaysia, Panama, and Singapore.",V-177-2013,Class I,"Nutri-Vet Natural Chicken Breast Treats with Rosemary and Parsley for Dogs Promotes Fresh Breath,  has a net weight 5 oz or 15 oz.    The  5 oz. package, item 50710, has the UPC 6 69125 50710 0.  The 15 oz package, item 50711, has the UPC 6 69125 50711 7.    Product is labeled in parts: ""***NUTRIVET*** Natural Chicken Breast Treats*** with Rosemary and Parsley for Dogs Promotes Fresh Breath***"".",1992/5 oz Packages and 3095/15 oz. Packages,Nutri-Vet Chicken Jerky products are recalled because they may be contaminated with Salmonella.,02/20/2013,05/17/2013,08/07/2013,05/29/2013,5 oz. packages have lot  072314 and expiration date 07/2014.  15 oz. packages have lot 060714 and 060814 and expiration date 06/2014.
Veterinary,No,,64411,Terminated,"Nutri-Vet, LLC",495 N Dupont Ave,N/A,Boise,ID,	83713-5906,United States,Voluntary: Firm initiated,"Two or more of the following: Email, Fax, Letter, Press Release, Telephone, Visit","distributed nationwide and also to Hong Kong, Malaysia, Panama, and Singapore.",V-178-2013,Class I,"Nutri-Vet Natural Chicken Breast Treats with Antioxidants for SENIOR Dogs Promotes Health and Vitality.  Item number is 50712 and has net weight 5 oz. The UPC is 6 69125 50712 4    Product is labeled in parts: ""***NUTRIVET*** Natural Chicken Breast Treats*** Antioxidants for SENIOR dogs Promotes Health and Vitality***"".",1992/5 oz. Packages,Nutri-Vet Chicken Jerky products are recalled because they may be contaminated with Salmonella.,02/20/2013,05/17/2013,08/07/2013,05/29/2013,Lot number 062914 and expiration date 06/2014
Veterinary,No,,64411,Terminated,"Nutri-Vet, LLC",495 N Dupont Ave,N/A,Boise,ID,	83713-5906,United States,Voluntary: Firm initiated,"Two or more of the following: Email, Fax, Letter, Press Release, Telephone, Visit","distributed nationwide and also to Hong Kong, Malaysia, Panama, and Singapore.",V-179-2013,Class I,"Nutri-Vet Natural Chicken Breast Treats with Enzymes for Dogs Promotes Healthy Digestion.  Item  number is 50714, net weight 5 oz, and the  UPC is 6 69125 50714 8.    Product is labeled in parts: ""***NUTRIVET*** Natural Chicken Breast Treats with Enzymes for Dogs Promotes Healthy Digestion***"".",1992/5 oz. Packages,Nutri-Vet Chicken Jerky products are recalled because they may be contaminated with Salmonella.,02/20/2013,05/17/2013,08/07/2013,05/29/2013,lot number 072614 and expiration date 07/2014
Veterinary,No,,64411,Terminated,"Nutri-Vet, LLC",495 N Dupont Ave,N/A,Boise,ID,	83713-5906,United States,Voluntary: Firm initiated,"Two or more of the following: Email, Fax, Letter, Press Release, Telephone, Visit","distributed nationwide and also to Hong Kong, Malaysia, Panama, and Singapore.",V-180-2013,Class I,"Nutri-Vet Natural Chicken Breast Treats with L-Carnitine for Dogs Promotes Healthy Weight.  The net weight is 5 oz,  item number is 50716.  The UPC is 6 69125 50716 2.    Product is labeled in parts: ""***NUTRIVET*** Natural Chicken Breast Treats*** with L-Carnitine for Dogs Promotes Healthy Weight.***"".",1992/5 oz. Packages,Nutri-Vet Chicken Jerky products are recalled because they may be contaminated with Salmonella.,02/20/2013,05/17/2013,08/07/2013,05/29/2013,lot number 072514 and expiration date 07/2014
Veterinary,No,,64411,Terminated,"Nutri-Vet, LLC",495 N Dupont Ave,N/A,Boise,ID,	83713-5906,United States,Voluntary: Firm initiated,"Two or more of the following: Email, Fax, Letter, Press Release, Telephone, Visit","distributed nationwide and also to Hong Kong, Malaysia, Panama, and Singapore.",V-181-2013,Class I,"Nutri-Vet Natural Chicken Breast Treats for Dogs, 5 oz. package, Item 50701, has the UPC 6 69125 50701 8;    Nutri-Vet K9 Natural Chicken Breast Treats, 8 oz. package, Item 50702, has the UPC 6 69125 50702 5;     Nutri-Vet K9 Natural Chicken Breast Treats, 16 oz. package, Item 50703, has the UPC 6 69125 50703 2;    Product is labeled in parts: ""***NUTRIVET*** Natural Chicken Breast Treats for Dogs***VETERINARY FORMULATED***"".",1986/5 oz. Packages; 1992/8 oz. Packages; and 2016/16 oz. Packages,Nutri-Vet Chicken Jerky products are recalled because they may be contaminated with Salmonella.,02/20/2013,05/17/2013,08/07/2013,05/29/2013,5 oz packages have lot code 072514 and expiration date 07/2014.  8 oz. packages have lot code 072514 and expiration date 07/2014.  16 oz. packages have lot code 061214 and 061414 and expiration date 06/2014/
Veterinary,No,,64411,Terminated,"Nutri-Vet, LLC",495 N Dupont Ave,N/A,Boise,ID,	83713-5906,United States,Voluntary: Firm initiated,"Two or more of the following: Email, Fax, Letter, Press Release, Telephone, Visit","distributed nationwide and also to Hong Kong, Malaysia, Panama, and Singapore.",V-182-2013,Class I,"Nutri-Vet Hip & Joint Natural Chicken Breast Strips, 100 mg glucosamine per oz.  Product has item number 99044,  net weight of  8 oz, and the UPC is 6 69125 99044 5.    Product is labeled in parts: ""***NUTRIVET*** Natural Chicken Breast STRIPS***Early care for dogs***100 mg glucosamine per oz***Hip & Joint***"".",1728/8 oz. Packages,Nutri-Vet Chicken Jerky products are recalled because they may be contaminated with Salmonella.,02/20/2013,05/17/2013,08/07/2013,05/29/2013,lot code 072714 and expiration date 07/2014
Veterinary,No,,65020,Terminated,"Nora Apothecary and Alternative Therapies, Inc.",1101 E 86th St,N/A,Indianapolis,IN,	46240-3729,United States,Voluntary: Firm initiated,"Two or more of the following: Email, Fax, Letter, Press Release, Telephone, Visit","IN, OH, IL, FL, TN",V-183-2013,Class III,"Cyclosporine Opth Oint 0.2%: 3 gm, 6 gm   Opthalmic, 30 day expiration",3,"The firm announced a voluntary multi-state recall of all sterile drug products compounded by the pharmacy that have not reached the expiration date listed on the product. The compounded products that are subject to the recall are those products within their expiration date that were compounded and dispensed by the pharmacy on or before Friday, April 19, 2013. The recall is being initiated due to concerns associated with quality control processes that present a lack of sterility assurance and were observed during a recent FDA inspection for compounding/compounded veterinary products.",04/22/2013,05/20/2013,08/06/2014,05/29/2013,"products within their expiration date that were compounded and dispensed by the pharmacy on or before Friday, April 19, 2013"
Veterinary,No,,65020,Terminated,"Nora Apothecary and Alternative Therapies, Inc.",1101 E 86th St,N/A,Indianapolis,IN,	46240-3729,United States,Voluntary: Firm initiated,"Two or more of the following: Email, Fax, Letter, Press Release, Telephone, Visit","IN, OH, IL, FL, TN",V-184-2013,Class III,"Cyclosporine Opth Oint 0.2%, 6 gm  Opthalmic, 30 day expiration",2,"The firm announced a voluntary multi-state recall of all sterile drug products compounded by the pharmacy that have not reached the expiration date listed on the product. The compounded products that are subject to the recall are those products within their expiration date that were compounded and dispensed by the pharmacy on or before Friday, April 19, 2013. The recall is being initiated due to concerns associated with quality control processes that present a lack of sterility assurance and were observed during a recent FDA inspection for compounding/compounded veterinary products.",04/22/2013,05/20/2013,08/06/2014,05/29/2013,"products within their expiration date that were compounded and dispensed by the pharmacy on or before Friday, April 19, 2013"
Veterinary,No,,65020,Terminated,"Nora Apothecary and Alternative Therapies, Inc.",1101 E 86th St,N/A,Indianapolis,IN,	46240-3729,United States,Voluntary: Firm initiated,"Two or more of the following: Email, Fax, Letter, Press Release, Telephone, Visit","IN, OH, IL, FL, TN",V-185-2013,Class III,"Cyclosporine Opth Soln 0.2%,10 ml  Opthalmic, 30 day expiration",5,"The firm announced a voluntary multi-state recall of all sterile drug products compounded by the pharmacy that have not reached the expiration date listed on the product. The compounded products that are subject to the recall are those products within their expiration date that were compounded and dispensed by the pharmacy on or before Friday, April 19, 2013. The recall is being initiated due to concerns associated with quality control processes that present a lack of sterility assurance and were observed during a recent FDA inspection for compounding/compounded veterinary products.",04/22/2013,05/20/2013,08/06/2014,05/29/2013,"products within their expiration date that were compounded and dispensed by the pharmacy on or before Friday, April 19, 2013"
Veterinary,No,,65020,Terminated,"Nora Apothecary and Alternative Therapies, Inc.",1101 E 86th St,N/A,Indianapolis,IN,	46240-3729,United States,Voluntary: Firm initiated,"Two or more of the following: Email, Fax, Letter, Press Release, Telephone, Visit","IN, OH, IL, FL, TN",V-186-2013,Class III,"Cyclosporine Opth Soln 1%,10 ml  Opthalmic, 30 day expiration",4,"The firm announced a voluntary multi-state recall of all sterile drug products compounded by the pharmacy that have not reached the expiration date listed on the product. The compounded products that are subject to the recall are those products within their expiration date that were compounded and dispensed by the pharmacy on or before Friday, April 19, 2013. The recall is being initiated due to concerns associated with quality control processes that present a lack of sterility assurance and were observed during a recent FDA inspection for compounding/compounded veterinary products.",04/22/2013,05/20/2013,08/06/2014,05/29/2013,"products within their expiration date that were compounded and dispensed by the pharmacy on or before Friday, April 19, 2013"
Veterinary,No,,65020,Terminated,"Nora Apothecary and Alternative Therapies, Inc.",1101 E 86th St,N/A,Indianapolis,IN,	46240-3729,United States,Voluntary: Firm initiated,"Two or more of the following: Email, Fax, Letter, Press Release, Telephone, Visit","IN, OH, IL, FL, TN",V-187-2013,Class III,"Cyclosporine Opth Soln 2%,10 ml  Opthalmic, 30 day expiration",2,"The firm announced a voluntary multi-state recall of all sterile drug products compounded by the pharmacy that have not reached the expiration date listed on the product. The compounded products that are subject to the recall are those products within their expiration date that were compounded and dispensed by the pharmacy on or before Friday, April 19, 2013. The recall is being initiated due to concerns associated with quality control processes that present a lack of sterility assurance and were observed during a recent FDA inspection for compounding/compounded veterinary products.",04/22/2013,05/20/2013,08/06/2014,05/29/2013,"products within their expiration date that were compounded and dispensed by the pharmacy on or before Friday, April 19, 2013"
Veterinary,No,,65020,Terminated,"Nora Apothecary and Alternative Therapies, Inc.",1101 E 86th St,N/A,Indianapolis,IN,	46240-3729,United States,Voluntary: Firm initiated,"Two or more of the following: Email, Fax, Letter, Press Release, Telephone, Visit","IN, OH, IL, FL, TN",V-188-2013,Class III,"EDTA Opth Soln 1%,10 ml  Opthalmic, 30 day expiration",1,"The firm announced a voluntary multi-state recall of all sterile drug products compounded by the pharmacy that have not reached the expiration date listed on the product. The compounded products that are subject to the recall are those products within their expiration date that were compounded and dispensed by the pharmacy on or before Friday, April 19, 2013. The recall is being initiated due to concerns associated with quality control processes that present a lack of sterility assurance and were observed during a recent FDA inspection for compounding/compounded veterinary products.",04/22/2013,05/20/2013,08/06/2014,05/29/2013,"products within their expiration date that were compounded and dispensed by the pharmacy on or before Friday, April 19, 2013"
Veterinary,No,,65020,Terminated,"Nora Apothecary and Alternative Therapies, Inc.",1101 E 86th St,N/A,Indianapolis,IN,	46240-3729,United States,Voluntary: Firm initiated,"Two or more of the following: Email, Fax, Letter, Press Release, Telephone, Visit","IN, OH, IL, FL, TN",V-189-2013,Class III,"Tacrolimus Opth Soln 0.01%,10 ml  Opthalmic, 30 day expiration",N/A,"The firm announced a voluntary multi-state recall of all sterile drug products compounded by the pharmacy that have not reached the expiration date listed on the product. The compounded products that are subject to the recall are those products within their expiration date that were compounded and dispensed by the pharmacy on or before Friday, April 19, 2013. The recall is being initiated due to concerns associated with quality control processes that present a lack of sterility assurance and were observed during a recent FDA inspection for compounding/compounded veterinary products.",04/22/2013,05/20/2013,08/06/2014,05/29/2013,"products within their expiration date that were compounded and dispensed by the pharmacy on or before Friday, April 19, 2013"
Veterinary,No,,65020,Terminated,"Nora Apothecary and Alternative Therapies, Inc.",1101 E 86th St,N/A,Indianapolis,IN,	46240-3729,United States,Voluntary: Firm initiated,"Two or more of the following: Email, Fax, Letter, Press Release, Telephone, Visit","IN, OH, IL, FL, TN",V-190-2013,Class III,"Tacrolimus Opth Soln 0.02%,10 ml  Opthalmic, 30 day expiration",2,"The firm announced a voluntary multi-state recall of all sterile drug products compounded by the pharmacy that have not reached the expiration date listed on the product. The compounded products that are subject to the recall are those products within their expiration date that were compounded and dispensed by the pharmacy on or before Friday, April 19, 2013. The recall is being initiated due to concerns associated with quality control processes that present a lack of sterility assurance and were observed during a recent FDA inspection for compounding/compounded veterinary products.",04/22/2013,05/20/2013,08/06/2014,05/29/2013,"products within their expiration date that were compounded and dispensed by the pharmacy on or before Friday, April 19, 2013"
Veterinary,No,,65020,Terminated,"Nora Apothecary and Alternative Therapies, Inc.",1101 E 86th St,N/A,Indianapolis,IN,	46240-3729,United States,Voluntary: Firm initiated,"Two or more of the following: Email, Fax, Letter, Press Release, Telephone, Visit","IN, OH, IL, FL, TN",V-191-2013,Class III,"Idoxuridine Opth Soln 0.1%,5 ml  Opthalmic, 30 day expiration",1,"The firm announced a voluntary multi-state recall of all sterile drug products compounded by the pharmacy that have not reached the expiration date listed on the product. The compounded products that are subject to the recall are those products within their expiration date that were compounded and dispensed by the pharmacy on or before Friday, April 19, 2013. The recall is being initiated due to concerns associated with quality control processes that present a lack of sterility assurance and were observed during a recent FDA inspection for compounding/compounded veterinary products.",04/22/2013,05/20/2013,08/06/2014,05/29/2013,"Products within their expiration date that were compounded and dispensed by the pharmacy on or before Friday, April 19, 2013."
Veterinary,No,,64903,Terminated,Bimeda MTC Animal Health Inc.,420 Beaverdale Rd.,N/A,Cambridge,N/A,	N/A,Canada,Voluntary: Firm initiated,Letter,Nationwide (KS and WI),V-192-2013,Class II,Hypertonic Saline Solution 7.2%; Sterile - Preservative Free; For Animal Use Only; Packaged in HDPE 1000 mL bottle with a grey 30mm chlorobutyl rubber (silicone) stopper and capped with a silver tear off aluminum seal.,"8,447 bottles",The sterility of the recalled products cannot be assured.,01/07/2013,05/20/2013,11/09/2015,05/29/2013,Lot Number: 2J041; Item Number: 1HYP009 - VETONE; Expiry: 14 SEP
Veterinary,No,,64903,Terminated,Bimeda MTC Animal Health Inc.,420 Beaverdale Rd.,N/A,Cambridge,N/A,	N/A,Canada,Voluntary: Firm initiated,Letter,Nationwide (KS and WI),V-193-2013,Class II,Calcium Gluconate 23% Solution; Sterile Preservative Free; FOR ANIMAL USE ONLY; Packaged in HDPE 500 mL bottle with a grey 30mm chlorobutyl rubber (siliconized) stopper and capped with a red tear off aluminum seal.,"19,560 bottles",The sterility of the recalled products cannot be assured.,01/07/2013,05/20/2013,11/09/2015,05/29/2013,"Lot Number: 2J029A; Item Number: 1CAL028, 500 mL, Bimeda Inc.; Expiry: 14 SEP"
Veterinary,No,,64903,Terminated,Bimeda MTC Animal Health Inc.,420 Beaverdale Rd.,N/A,Cambridge,N/A,	N/A,Canada,Voluntary: Firm initiated,Letter,Nationwide (KS and WI),V-194-2013,Class II,"50% Dextrose Injection, USP; Sterile Preservative Free; For Animal Use Only; Packaged in HDPE 500 mL bottle with a grey 30mm chlorobutyl rubber (siliconized) stopper and capped with a silver tear off aluminum seal.","6,702 bottles",The sterility of the recalled products cannot be assured.,01/07/2013,05/20/2013,11/09/2015,05/29/2013,Lot Number: 2J028; Item Number: 1DEX012; Expiry: 15 SEP
Veterinary,No,,64757,Terminated,Abbott Animal Health,100 Abbott Park Rd,AP6C-5,Abbott Park,IL,	60064-6083,United States,Voluntary: Firm initiated,Telephone,"Nationwide (CA, GA, IA, IN, KY, MN, OR, TX, VA, WA)",V-195-2013,Class III,"Isoflo; Isoflurane, USP; Nonflammable, Nonexplosive; Inhalation Anesthetic; 250 mL; For Use in Horses and Dogs; packaged in amber bottles; Product expires 8/23/14","5,898 cases (35,388 bottles)",Canadian labeled Isoflurane was shipped to US customers.,03/15/2013,05/21/2013,06/19/2015,05/29/2013,Product Code: 5260-13-05; Lot: 24-002E
Veterinary,No,,64061,Terminated,Del Monte Foods Corp,300 Clay St,N/A,San Francisco,CA,	94111-3403,United States,Voluntary: Firm initiated,E-Mail,Nationally to >200 consignees,V-196-2013,Class II,"All Sizes Milo's Kitchen home style dog treats - Chicken Jerky 3.3 oz UPC 079100504718, 14 oz. UPC 079100510771, 20 oz. UPC 079100504688",1.97 MM,"On 01/07/2013, New York State's Department of Agriculture informed the U.S. Food and Drug Administration (FDA) and the Company that trace amounts of residual antibiotics had been found in several lots of MiIo's Kitchen Chicken Jerky and Chicken Grillers. After consultation with the New York Department of Agriculture and FDA, the company decided to voluntarily recall Milos Kitchen Chicken Jerky and",01/09/2013,06/12/2013,04/19/2019,06/19/2013,UPC:079100504718; UPC:079100510771; UPC:079100504688
Veterinary,No,,64061,Terminated,Del Monte Foods Corp,300 Clay St,N/A,San Francisco,CA,	94111-3403,United States,Voluntary: Firm initiated,E-Mail,Nationally to >200 consignees,V-197-2013,Class II,All Sizes: Milo's Kitchen brand Chicken Grillers home style dog treats; Chicken Recipe with natural smoked flavor.  3.3 oz UPC 079100513109; 14 oz. UPC 079100513123; 20 oz UPC 079100513130.,.43 MM cases,"On 01/07/2013, New York State's Department of Agriculture informed the U.S. Food and Drug Administration (FDA) and the Company that trace amounts of residual antibiotics had been found in several lots of MiIo's Kitchen Chicken Jerky and Chicken Grillers. After consultation with the New York Department of Agriculture and FDA, the company decided to voluntarily recall Milo's Kitchen Chicken Jerky an",01/09/2013,06/12/2013,04/19/2019,06/19/2013,UPC ITEM CODES: UPC 079100513109; UPC 079100513123; UPC 079100513130
Veterinary,No,,64212,Terminated,Hartz Mountain Corp.,400 Plaza Dr,N/A,Secaucus,NJ,	07094-3605,United States,Voluntary: Firm initiated,"Two or more of the following: Email, Fax, Letter, Press Release, Telephone, Visit",Nationwide,V-198-2013,Class II,"Hartz Oinkies wraps with Chicken  Made in China for the Hartz Mountain Corporation, Secaucus, NJ 07094 USA  and imported by Hartz Canada Inc., St. Thomas, Ontario N5P 3W7 , Canada     5 pig skin twists - 3.1 oz  UPC 3270003354    7 mini pig skin twists - 6 oz.","5 pack - 38,762 units; 7 pack - 42,258 units",Pet treats contain unapproved antibiotics,01/25/2013,06/12/2013,02/25/2015,06/19/2013,All codes
Veterinary,No,,64212,Terminated,Hartz Mountain Corp.,400 Plaza Dr,N/A,Secaucus,NJ,	07094-3605,United States,Voluntary: Firm initiated,"Two or more of the following: Email, Fax, Letter, Press Release, Telephone, Visit",Nationwide,V-199-2013,Class II,"Hartz Oinkies Pig Skin Twists wrapped  with Chicken  Made in China for the Hartz Mountain Corporation, Secaucus, NJ 07094 USA  and imported by Hartz Canada Inc., St. Thomas, Ontario N5P 3W7 , Canada     5 pig skin twists  UPC 3270003354    7 mini pig twists   UPC 3270003330    15 mini pig skin twists - 11.4 oz  UPC 3270003331    20  pig skin twists - 4.9 oz.  UPC 32700-13472    ","5 pack - 38,672 units; 7 pack - 42,258 units; 15 pack -49070 units; 20 pack - 30,912 units",Pet treats contain unapproved antibiotics,01/25/2013,06/12/2013,02/25/2015,06/19/2013,All codes
Veterinary,No,,64212,Terminated,Hartz Mountain Corp.,400 Plaza Dr,N/A,Secaucus,NJ,	07094-3605,United States,Voluntary: Firm initiated,"Two or more of the following: Email, Fax, Letter, Press Release, Telephone, Visit",Nationwide,V-200-2013,Class II,"Hartz Chicken Chews Soft and Tender Made in China for the Hartz Mountain Corporation, Secaucus, NJ 07094 USA      Net Wt. 3.5 oz. - UPC 3270011966  Net Wt. 8 oz - UPC 3270011967  Net Wt. 16 oz. - UPC 3270011953  Net Wt. 24 oz. - UPC 3270011954","3.5 oz. - 17610 units; 8 oz. - 26,202 units; 16 oz - 9,937 units; 24 oz. - 17,593 units",Pet treats contain unapproved antibiotics,01/25/2013,06/12/2013,02/25/2015,06/19/2013,All codes
Veterinary,No,,64212,Terminated,Hartz Mountain Corp.,400 Plaza Dr,N/A,Secaucus,NJ,	07094-3605,United States,Voluntary: Firm initiated,"Two or more of the following: Email, Fax, Letter, Press Release, Telephone, Visit",Nationwide,V-201-2013,Class II,"Hartz Chicken Chews Bite Size Made in China for the Hartz Mountain Corporation, Secaucus, NJ 07094 USA      Net Wt. 5.7 oz. - UPC 3270012856   Net Wt. 16 oz - UPC 3270012765  ","5.7 oz -7,094 units; 16 oz - 6,301 units;",Pet treats contain unapproved antibiotics,01/25/2013,06/12/2013,02/25/2015,06/19/2013,All codes
Veterinary,No,,64212,Terminated,Hartz Mountain Corp.,400 Plaza Dr,N/A,Secaucus,NJ,	07094-3605,United States,Voluntary: Firm initiated,"Two or more of the following: Email, Fax, Letter, Press Release, Telephone, Visit",Nationwide,V-202-2013,Class II,"Pet Pride Chicken Breast Jerky Distributed by: The Kroger Co. Cincinnati OH, Made In China    Net Wt. 16 oz. - UPC 1111087994  Net Wt. 24 oz - UPC 1111079250  ","16 oz. - 34,704 units; 24 oz. - 50,364 units",Pet treats contain unapproved antibiotics,01/25/2013,06/12/2013,02/25/2015,06/19/2013,All codes
Veterinary,No,,64212,Terminated,Hartz Mountain Corp.,400 Plaza Dr,N/A,Secaucus,NJ,	07094-3605,United States,Voluntary: Firm initiated,"Two or more of the following: Email, Fax, Letter, Press Release, Telephone, Visit",Nationwide,V-203-2013,Class II,"Exer-hides Rawhide Twists Distributed by Wal-Mart Stores, Inc.. Bentonville, AR 72716 Made in China 25 pack 5"" twists.    Net Wt. 6 oz.  UPC 8113143905","593,420 units",Pet treats contain unapproved antibiotics.,01/25/2013,06/12/2013,02/25/2015,06/19/2013,All codes
Veterinary,No,,64064,Terminated,IMS Trading Corp.,34 Passaic St,N/A,Wood Ridge,NJ,	07075-1004,United States,Voluntary: Firm initiated,"Two or more of the following: Email, Fax, Letter, Press Release, Telephone, Visit",Nationwide.,V-204-2013,Class II,"Cadet Gourmet Chicken Breast   a) Net Wt. 3.6 oz  UPC 768303074929    b) Net Wt. 8 oz.  UPC 768303074936    c) Net Wt. 1 Lb (454 g)  tub - UPC  768303014352  UPC 768303014703     d) Net Wt. 1.25 Lb (567 g)  UPC 768303014741    e)  Net Wt. 1.5 Lb (681 g)  UPC 768303014161    f) Net. Wt.  2.0 lb.  UPC 768303014727      Product of China Not for Human Consumption.  Distributed by: IMS Pet Industries, Inc., 34 Passaic Street, Wood-Ridge, NJ 07075  ","3.6 oz -  17,408 units; 8 oz. -  3,403 units;  1 lb. - 21540 units; 1.25 lb. -198 units; 1.5 lb -  300 units; 2.0 lb- 19,261 units",NYSDAM Analysis has revealed the presence of unapproved antibiotics in Cadet Gourmet Chicken Breast Pet Treats.,01/08/2013,06/12/2013,11/20/2013,06/19/2013,All codes
Veterinary,No,,64064,Terminated,IMS Trading Corp.,34 Passaic St,N/A,Wood Ridge,NJ,	07075-1004,United States,Voluntary: Firm initiated,"Two or more of the following: Email, Fax, Letter, Press Release, Telephone, Visit",Nationwide.,V-205-2013,Class II,"Shep Chicken Breast Fillets Net Wt. 3.5 oz (99g)    Net Wt. 3. oz (99g)    Product of China.   Not for Human Consumption.   Distributed by: ALDI Inc.  Batavia, IL 60510-1477","159,744 units;",NYSDAM Analysis has revealed the presence of unapproved antibiotics in Cadet Gourmet Chicken Breast Pet Treats.,01/08/2013,06/12/2013,11/20/2013,06/19/2013,All codes
Veterinary,No,,64064,Terminated,IMS Trading Corp.,34 Passaic St,N/A,Wood Ridge,NJ,	07075-1004,United States,Voluntary: Firm initiated,"Two or more of the following: Email, Fax, Letter, Press Release, Telephone, Visit",Nationwide.,V-206-2013,Class II,"Home 360 Pet  Chicken Breast Fillets Oven Roasted   a) Net Wt. 3.5 oz (99g)   UPC 725439966429    b) Net Wt. 1 Lb (454 g)  UPC 725439966436       Product of China.   Not for Human Consumption.   Distributed by:  DZA Brands, LLC 2110 Executive Drive, Salisbury, NC 28147  Product of China",N/A,NYSDAM Analysis has revealed the presence of unapproved antibiotics in Cadet Gourmet Chicken Breast Pet Treats.,01/08/2013,06/12/2013,11/20/2013,06/19/2013,All codes
Veterinary,No,,64064,Terminated,IMS Trading Corp.,34 Passaic St,N/A,Wood Ridge,NJ,	07075-1004,United States,Voluntary: Firm initiated,"Two or more of the following: Email, Fax, Letter, Press Release, Telephone, Visit",Nationwide.,V-207-2013,Class II,"Companion Chicken Breast Fillet Jerky Strips Dog Treats   a) Net Wt 3.3 oz (94 g) .  UPC 688267076862    b) Net Wt 14 oz (397g)   UPC 688267077449      Distributed by Foodhold USA, LLC Landover, MD 20785  Product of China","3.3 oz - 17,280 units; 14 oz. - 13,260 units",NYSDAM Analysis has revealed the presence of unapproved antibiotics in Cadet Gourmet Chicken Breast Pet Treats.,01/08/2013,06/12/2013,11/20/2013,06/19/2013,All codes
Veterinary,No,,64551,Terminated,"Diggin Your Dog, LLC",5635 Riggins Ct Ste 9,N/A,Reno,NV,	89502-6516,United States,Voluntary: Firm initiated,Telephone,NV and CO,V-208-2013,Class I,"Diggin Your Dog Strippin Chicks; USA Chicken Charki Strips for Dogs  100% Grown, Raised, Harvested in USA. Net Wt. 5 oz.  Ingredients: Chicken, Vitamin E Supplement.  UPC: 6-09788-82324-7  Diggin Your Dog USA, Reno, NV",45 cases ( 12 x 5 oz. packages per case),Colorado Department of Agriculture collected a sample of Diggin Your Dog Brand Strippin Chicks at retail and had a positive result for Salmonella.,02/27/2013,06/13/2013,06/13/2013,06/19/2013,Lot Code # 250322 and USE BY 2-23-14
Veterinary,No,,65270,Terminated,Sogeval Laboratories Inc,4027 Tampa Rd Ste 3000,N/A,Oldsmar,FL,	34677-3215,United States,Voluntary: Firm initiated,Letter,"Product was distributed to 8 domestic distributors, and 1 foreign distributor in Canada.",V-209-2013,Class III,"""***SOGevaL***KETOSEB FLUSH+PS Chlorhexidine 2%, Ketoconazole 0.2%, Phytosphingosine 0.02% Topical Antiseptic Formulation with Astringent, Cleansing and Drying Properties.***16 FL OZ***Contact Sogeval Laboratories, Inc., Oldsmar, FL, 1-800-877-0177***"".","21,259 units","Recall due to an error on the label in which the concentration of Chlorhexidine is reported as 2%, however the actual concentration is 0.2%",04/17/2013,06/20/2013,02/24/2015,06/26/2013,All lot numbers for 16 oz bottles distributed prior to 04/17/2013.  Possible affected lots: 110167 exp 08/2013  100237B exp 01/2014  120879A exp 09/2014  130052C exp 02/2015  110912B exp 10/2013  120448 exp 05/2014  120879C exp 09/2014  110912D exp 12/2013  120605B 06/2014  122000B exp 12/2014
Veterinary,No,,65271,Terminated,Sogeval Laboratories Inc,4027 Tampa Rd Ste 3000,N/A,Oldsmar,FL,	34677-3215,United States,Voluntary: Firm initiated,Letter,Product was distributed to 8 domestic wholesalers/distributors and 1 foreign distributor.,V-210-2013,Class II,"SOGEVAL VETRICALM Soft Chews for Dogs  Contact Sogeval Laboratories, Inc., Oldsmar, FL",3398,Product's recent testing microbial analysis revealed results exceeding that of the upper limit of normal bacterial specifications.,05/01/2013,06/21/2013,03/04/2015,07/03/2013,"Lot #008871 (60 count), expiration date 11/2013  Lot #008881 (120 count), expiration date 11/2013"
Veterinary,No,,64732,Terminated,Virbac Corporation,13001 Saint Charles Rock Rd,N/A,Bridgeton,MO,	63044-2421,United States,Voluntary: Firm initiated,Letter,"CA, FL, HI, IA, IN, KS, MD, MI, MN, MO, MS, NE, NJ, NM, OK, OR,  PA, TN, TX, WI,   Firm also distributed to PR and Korea",V-211-2013,Class III,"Ivermectin/pyrantel flavored chewables for dogs up to 25 lbs., each tablet contains 68 mcg. ivermectin and 57 mg. pyrantel as pamoate salt, RX, ANADA 200-302,  packaged with the following brand names and configurations:     (1) Virbac Animal Health Iverhart Plus Flavored Chewables, packaged 6 tablets per box, 10 boxes per display, product #0170DS.  Manufactured by: Virbac AH, Inc., Fort Worth, TX;     (2) Wormshield Flavored Chewables Hannah Pharmaceuticals, packaged 6 tablets per box, 10 boxes per display, product #0210DS. Manufactured for: Schuyler LLC, Portland, OR; and     (3)Virbac Animal Health Iverhart Plus Puppy Pac, promotional Information packet containing 1 tablet, product #01800.  Manufactured by: Virbac AH, Inc., Fort Worth, TX;",units with 6 tablets each.,Firm testing found recalled lots to be out of specification with sub-potent results.,03/26/2013,06/21/2013,03/04/2015,07/03/2013,Iverhart Plus and Wormshield lots:120844 and 120196: Puppy Pac lot 120844 only
Veterinary,No,,64732,Terminated,Virbac Corporation,13001 Saint Charles Rock Rd,N/A,Bridgeton,MO,	63044-2421,United States,Voluntary: Firm initiated,Letter,"CA, FL, HI, IA, IN, KS, MD, MI, MN, MO, MS, NE, NJ, NM, OK, OR,  PA, TN, TX, WI,   Firm also distributed to PR and Korea",V-212-2013,Class III,Worm Shield (ivermectin/pyrantel) Flavored Chewables to prevent heartworm disease and to treat and control ascarid and hookworm infections in dogs.  Hannah Pharmaceuticals Manufactured for Schuyler LLC Portland OR,units with 6 tablets each,Firm testing found recalled lots to be out of specification with sub-potent results.,03/26/2013,06/21/2013,03/04/2015,07/03/2013,Product number 0210DS - lots:120844 and 120196
Veterinary,No,,64732,Terminated,Virbac Corporation,13001 Saint Charles Rock Rd,N/A,Bridgeton,MO,	63044-2421,United States,Voluntary: Firm initiated,Letter,"CA, FL, HI, IA, IN, KS, MD, MI, MN, MO, MS, NE, NJ, NM, OK, OR,  PA, TN, TX, WI,   Firm also distributed to PR and Korea",V-213-2013,Class III,Worm Shield (ivermectin/pyrantel) Flavored Chewables to prevent heartworm disease and to treat and control ascarid and hookworm infections in dogs.  Hannah Pharmaceuticals Manufactured for Schuyler LLC Portland OR,units with 6 tablets each,Firm testing found recalled lots to be out of specification with sub-potent results.,03/26/2013,06/21/2013,03/04/2015,07/03/2013,Product number 0210DM - lots:120202 and 120845
Veterinary,No,,64732,Terminated,Virbac Corporation,13001 Saint Charles Rock Rd,N/A,Bridgeton,MO,	63044-2421,United States,Voluntary: Firm initiated,Letter,"CA, FL, HI, IA, IN, KS, MD, MI, MN, MO, MS, NE, NJ, NM, OK, OR,  PA, TN, TX, WI,   Firm also distributed to PR and Korea",V-214-2013,Class III,Iverhart Plus (ivermectin/pyrantel) Flavored Chewables to prevent heartworm disease and control ascarid and hookworm infections in dog,units of 10 cards with 6 tablets each,Firm testing found recalled lots to be out of specification with sub-potent results.,03/26/2013,06/21/2013,03/04/2015,07/03/2013,Product number 0170DM - lot  120202
Veterinary,No,,64732,Terminated,Virbac Corporation,13001 Saint Charles Rock Rd,N/A,Bridgeton,MO,	63044-2421,United States,Voluntary: Firm initiated,Letter,"CA, FL, HI, IA, IN, KS, MD, MI, MN, MO, MS, NE, NJ, NM, OK, OR,  PA, TN, TX, WI,   Firm also distributed to PR and Korea",V-215-2013,Class III,Iverhart Plus (ivermectin/pyrantel) Flavored Chewables to prevent heartworm disease and control ascarid and hookworm infections in dog,units of 10 cards with 6 tablets each.,Firm testing found recalled lots to be out of specification with sub-potent results.,03/26/2013,06/21/2013,03/04/2015,07/03/2013,Product number 0170DL - lots:120856; 120076 and 120086
Veterinary,No,,63240,Terminated,"Kasel Associates Industries, Inc.",3315 Walnut St,N/A,Denver,CO,	80205-2429,United States,Voluntary: Firm initiated,Telephone,"Beef Bully Sticks were distributed to Target locations in: AL, AZ, CA, CO, GA, IA, IL, IN, KS, MI, MN, NC, NY, OH, OR, PA, SC, TX, VA, WI.  Chicken Jerky Treats were distributed to 57 Sam's Club locations in: CO, IA, ID, IL, KS, MO, MT, NE, OK, SD, UT, WY.",V-216-2013,Class I,"Boots & Barkley American Beef Bully Sticks, 6 count, UPC 647263899189, Distributed by Target Corporation Minneapolis, MN 55403, Target Brands, Inc. Made in the U.S.A. Promotes Plaque and Tartar Reduction; packaged in transparent flexible plastic with a folded paper label enclosed with staples.  The label is white, red and blue with black, white, red, and blue print writing and a photograph of a black and white dog.","93,912 x 6 count bags","Kasel Industries is recalling Boots & Barkley American Beef Bully Sticks, 6 count, due to possible contamination with salmonella bacteria.",09/17/2012,06/24/2013,07/22/2014,07/03/2013,Best By dates of 20APR2014 DEN to 03OCT2014 DEN.
Veterinary,No,,63240,Terminated,"Kasel Associates Industries, Inc.",3315 Walnut St,N/A,Denver,CO,	80205-2429,United States,Voluntary: Firm initiated,Telephone,"Beef Bully Sticks were distributed to Target locations in: AL, AZ, CA, CO, GA, IA, IL, IN, KS, MI, MN, NC, NY, OH, OR, PA, SC, TX, VA, WI.  Chicken Jerky Treats were distributed to 57 Sam's Club locations in: CO, IA, ID, IL, KS, MO, MT, NE, OK, SD, UT, WY.",V-217-2013,Class I,"Nature's Deli Chicken Jerky Dog Treats, 2.5 lbs. bag, UPC 647263800208, Best By ""091913 DEN"", Division of Kasel Industries, Denver, CO 80205.  Packaged in a transparent, flexible, plastic bag; the bag is yellow with black and white print writing and a photograph of a golden retriever dog on it.","2,304 x 2.5 lbs. bags","Kasel Associated Industries is voluntarily recalling a specific lot of Nature's Deli Chicken Jerky Dog Treats, 2.5 lbs. bag, due to possible contamination with Salmonella bacteria.",09/17/2012,06/24/2013,07/22/2014,07/03/2013,"Best By ""09192013 DEN"""
Veterinary,No,,63240,Terminated,"Kasel Associates Industries, Inc.",3315 Walnut St,N/A,Denver,CO,	80205-2429,United States,Voluntary: Firm initiated,Telephone,"Beef Bully Sticks were distributed to Target locations in: AL, AZ, CA, CO, GA, IA, IL, IN, KS, MI, MN, NC, NY, OH, OR, PA, SC, TX, VA, WI.  Chicken Jerky Treats were distributed to 57 Sam's Club locations in: CO, IA, ID, IL, KS, MO, MT, NE, OK, SD, UT, WY.",V-218-2013,Class I,"Boots & Barkley Roasted American Pig Ears, net wt 12 oz, 12 count, UPC 647263899158. Delicious Treat for Dogs, Made in the U.S.A. Distributed by TARGET Corporation, Minneapolis, MN 55403.","4,944 x 12 ct bags","Kasel Associated Industries is voluntarily recalling a specific lot of Boots & Barkley Roasted American Pig Ears, due to possible contamination with Salmonella bacteria.",09/17/2012,06/24/2013,07/22/2014,07/03/2013,Best By 13SEP2014DEN.
Veterinary,No,,63240,Terminated,"Kasel Associates Industries, Inc.",3315 Walnut St,N/A,Denver,CO,	80205-2429,United States,Voluntary: Firm initiated,Telephone,"Beef Bully Sticks were distributed to Target locations in: AL, AZ, CA, CO, GA, IA, IL, IN, KS, MI, MN, NC, NY, OH, OR, PA, SC, TX, VA, WI.  Chicken Jerky Treats were distributed to 57 Sam's Club locations in: CO, IA, ID, IL, KS, MO, MT, NE, OK, SD, UT, WY.",V-219-2013,Class I,"Boots & Barkley, American Variety Pack Real Beef & Pork Treats for Dogs, net wt 32 oz., UPC 490830400086;  Product of U.S.A. Distributed by TARGET Corporation, Minneapolis, MN 55403,  Packaging is white, blue and red with red, black and blue print writing.",912 x 32 oz bags,"Kasel Associated Industries is voluntarily recalling a specific lot of Boots and Barkley American Variety Pack, due to possible contamination with Salmonella bacteria.",09/17/2012,06/24/2013,07/22/2014,07/03/2013,Best By 13SEP2014DEN.
Veterinary,No,,65481,Terminated,"Diamondback Drugs of Delaware, LLC",7631 E Indian School Rd,N/A,Scottsdale,AZ,	85251-3607,United States,Voluntary: Firm initiated,Letter,Nationwide in the US,V-220-2013,Class II,"BUPRENORPHINE HCl PF (C) INJECTABLE  STRENGTHS:  0.15 mg/ml , 0.6 mg/ml  NDC:  49452825301, G9064-0122-10  ","8,068 units",Diamondback Drugs is recalling Buprenorphine HCL PF (C) Injectable due to an issue with the long-term stability of the product.  Use of the Buprenorphine HCL PF (C) Injectable may not deliver the level of therapeutic relief from pain as expected for compounding/compounded veterinary products.,06/10/2013,06/27/2013,05/06/2014,07/03/2013,"LOTS:  130107:18@27, 130115:03@22, 130308:34@45, 130405:34@40, 130416:69@97, 1302026:46@22, 130118:95@126, 130401:77@17, 130521:85@124"
Veterinary,No,,65185,Terminated,"Wedgewood Village Pharmacy, Inc.",405 Heron Dr,Suite 200,Swedesboro,NJ,	08085-1749,United States,Voluntary: Firm initiated,Telephone,Nationwide,V-221-2013,Class II,"1) Digoxin LS (0.05 mg/mL) Liver 50 mcg/mL Elixir, Oral for Veterinary Use Only   Various Sizes, Packaged in 60 mL amber plastic bottle  Store at room temperature    Item Codes DIGOXI-SOL502VC and DIGOXISOL0005VC    2) Digoxin LS (0.15 mg/mL) Liver 150 mcg/mL Elixir, Oral for Veterinary Use Only  Various Sizes, Packaged in 60 mL amber plastic bottle  Store at room temperature    Item Code: DIGOXI-SOL501VC      ",N/A,Digoxin for veterinary patients is being recalled since potency of medication is less than labeled amount for compounding/compounded veterinary products.,03/21/2013,07/02/2013,02/19/2015,07/10/2013,"Digoxin LS (0.05 mg/mL) Liver 50 mcg/mL:    ITEM Code DIGOXI-SOL502VC and DIGOXISOL0005VC    Lot 20121002@228, Beyond Use Date 03/31/2013  Lot 20121009@233, Beyond Use Date 04/07/2013  Lot 20121207@062, Beyond Use Date 06/07/2013  Lot 20130107@298, Beyond Use Date 07/06/2013  Lot 20130110@052, Beyond Use Date 07/06/2013  Lot 20130306@086, Beyond Use Date 09/02/2013    ITEM Code DIGOXI-SOL501VC    Lot 20121101@195, Beyond Use Date 04/30/2013"
Veterinary,No,,65185,Terminated,"Wedgewood Village Pharmacy, Inc.",405 Heron Dr,Suite 200,Swedesboro,NJ,	08085-1749,United States,Voluntary: Firm initiated,Telephone,Nationwide,V-222-2013,Class II,"Digoxin LS (0.05 mg/mL) Chicken 50 mcg/mL Elixir, Oral for Veterinary Use Only   Packaged  in 60 mL amber plastic bottle  Store at room temperature    Item Code: DIGOXI-SOL003VC",N/A,Digoxin for veterinary patients is being recalled since potency of medication is less than labeled amount for compounding/compounded veterinary products.,03/21/2013,07/02/2013,02/19/2015,07/10/2013,"Item Code: DIGOXI-SOL0003VC    Lot 20130108@042, Beyond Use date 07/07/2013    Lot 20130220@138, Beyond Use date 08/19/2013"
Veterinary,No,,65185,Terminated,"Wedgewood Village Pharmacy, Inc.",405 Heron Dr,Suite 200,Swedesboro,NJ,	08085-1749,United States,Voluntary: Firm initiated,Telephone,Nationwide,V-223-2013,Class II,"Digoxin  (0.09 mg) Capsules, Oral for Veterinary Use Only  100 capsules Packaged in white plastic bottle   Store at room temperature    Item Code DIGOXI-CAP505VC",N/A,Digoxin for veterinary patients is being recalled since potency of medication is less than labeled amount for compounding/compounded veterinary products.,03/21/2013,07/02/2013,02/19/2015,07/10/2013,"Lot 20121023@117, Beyond Use date 10/18/2013  Lot 20121106@197, Beyond Use date 11/01/2013"
Veterinary,No,,65185,Terminated,"Wedgewood Village Pharmacy, Inc.",405 Heron Dr,Suite 200,Swedesboro,NJ,	08085-1749,United States,Voluntary: Firm initiated,Telephone,Nationwide,V-224-2013,Class II,"a) Digoxin  (Flavored) 0.015 mg/mL Suspension, Oral,  for Veterinary  Use Only  30 mL, Packaged in amber plastic bottle   Store at room temperature    Item Code DIGOXI-SUS509VC      b) Digoxin  (Flavored) 0.002 mg/mL Suspension, Oral,  for Veterinary  Use Only  30 mL, Packaged in amber plastic bottle   Store at room temperature    Item Code DIGOXI-SUS506VC      c) Digoxin  (Flavored) 0.075 mg/mL Suspension, Oral,  for Veterinary  Use Only, Various sizes,  Packaged in amber plastic bottle   Store at room temperature    Item Code DIGOXI-SUS502VC and DIGOXISUS0006VC     d) Digoxin  (Flavored) 0.1 mg/mL Suspension, Oral,  for Veterinary  Use Only, Various sizes,  Packaged in amber plastic bottle   Store at room temperature    Item Code DIGOXI-SUS503VC and DIGOXISUS0011VC    e) Digoxin  (Flavored) 0.125 mg/mL Suspension, Oral,  for Veterinary  Use Only, 60 mL ,  Packaged in amber plastic bottle   Store at room temperature    Item Code DIGOXI-SUS508VC and DIGOXISUS0030VC    ",N/A,Digoxin for veterinary patients is being recalled since potency of medication is less than labeled amount for compounding/compounded veterinary products.,03/21/2013,07/02/2013,02/19/2015,07/10/2013,"Item Code DIGOXI-SUS509VC    Lot 201211022@246, Beyond Use date 05/01/2013      Item Code DIGOXI-SUS506VC    Lot 20121025@103 Beyond Use Date 04/23/2013      Item Code DIGOXI-SUS502VC and DIGOXISUS0006VC     Lot 20121022@296, Beyond Use Date 04/20/2013  Lot 20121120@307, Beyond Use Date 02/17/2013  Lot 20121207@229, Beyond Use Date 06/05/2013    Item Code DIGOXI-SUS503VC and DIGOXISUS0011VC    Lot 20121002@037, Beyond Use Date 03/31/2013  Lot 20121127@313, Beyond Use Date 05/26/2013  Lot 20130103@232, Beyond Use Date 07/02/2013  Lot 20130130@060, Beyond Use Date 07/29/2013  Lot 20130207@032, Beyond Use Date 08/06/2013  Lot 20130304@337, Beyond Use Date 08/31/2013  Lot 20130313@012, Beyond Use Date 09/09/2013      Item Code DIGOXI-SUS508VC and DIGOXISUS0030VC    Lot 20121003@015, Beyond Use Date 04/01/2013  Lot 20130219@021, Beyond Use Date 08/18/2013"
Veterinary,No,,65316,Terminated,RI Textile Company,211 Columbus Ave,N/A,Pawtucket,RI,	02861-3404,United States,Voluntary: Firm initiated,"Two or more of the following: Email, Fax, Letter, Press Release, Telephone, Visit",Nationwide,V-225-2013,Class II,"Pet Shoppe Chicken Jerky premium chicken dog treats, packaged in 20 ounce bags and 3.5 ounce bags.  Distributed by Walgreen Co. Deerfield , IL  Product Code: 7NPS420672 (3.5 ounce) and 7NPS420673 (20 ounce)      Made in China",20 oz -61348 bags and 3.2 oz -16031  bags,Pet treats contain trace amount of  antibiotics,05/24/2013,07/16/2013,08/20/2019,07/24/2013,"Lot Number/Best By Date:    Y101E28B12884 ,  3.5 oz (Best By: 06/26/2014)  Y101I16B15284  , 20 oz  (Best By: 10/03/2014)  Y101H29B15029 , 20 oz  (Best By: 09/19/2014)  Y101H16B12775, 20  oz. (Best By: 08/29/2014)"
Veterinary,No,,64582,Terminated,"Jones Natural Chews, Co., Inc.",3450 Pyramid Dr,N/A,Rockford,IL,	61109-2724,United States,Voluntary: Firm initiated,"Two or more of the following: Email, Fax, Letter, Press Release, Telephone, Visit","AZ, CA, CO, PA, VA, and WI",V-226-2013,Class I,"Dog treat products as follows:    a) Jones Natural Chews Co Woofers (beef patties), bulk 50 count box, Item UPC 741956008169  (may be sold individually at retail)    b) Jones Natural Chews Co Woofers (beef patties), 1 pack shrink-wrap, 50 count box, Item UPC 741956008657    c) Jones Natural Chews Co Woofers (beef patties), 1 pack shrink-wrap, 50 count box, Item UPC 741956008183    d) Jones Natural Chews Co Woofers (beef patties) 2 pack shrink-wrap, 25 count box, Item UPC 741956008190","245 boxes / 12,236 patties",This product is being recalled due to the possible risk of Salmonella.,03/06/2013,07/24/2013,08/15/2017,07/31/2013,"a) Lot 2962GPS, Best By 10/22/15, and Lot 2892PAL, Best By 10/15/15    b) Lot 3102, Best By 11/05/15    c) Lot 2892BF, Best By 10/15/15, Lot 2962PWV, Best By 10/22/15, Lot 2962ASC, Best By 10/22/15, and Lot 3032ASL, Best By 10/29/15    d) Lot 2962ASC, Best By 10/22/15, and Lot 3032ASL, Best By 10/29/15."
Veterinary,No,,64433,Terminated,Honest Kitchen,145 14th St,N/A,San Diego,CA,	92101-7523,United States,Voluntary: Firm initiated,Press Release,Nationwide in the US and in Canada.,V-227-2013,Class I,"Verve, 4lb box, 6 units/case, Item# V4, UPC 183413000 89 5, and 10 lb box, 4 units/case, Item #VR, UPC 183413000 17 8.","2,960 units","The Honest Kitchen is recalling five lots of its Verve, Zeal and Thrive pet food products because they have the potential to be contaminated with Salmonella.",02/21/2013,07/24/2013,10/17/2013,07/31/2013,"Item Code: V4 + VR, Lot # 2332A (batches 1-3).  Item Code: VR, Lot # 3062A (batches 8 & 9)."
Veterinary,No,,64433,Terminated,Honest Kitchen,145 14th St,N/A,San Diego,CA,	92101-7523,United States,Voluntary: Firm initiated,Press Release,Nationwide in the US and in Canada.,V-228-2013,Class I,"Free Thrive, 1 oz. sample, 50 units/case, Item#TM, UPC 183413000 81 9.","15,650 units","The Honest Kitchen is recalling five lots of its Verve, Zeal and Thrive pet food products because they have the potential to be contaminated with Salmonella.",02/21/2013,07/24/2013,10/17/2013,07/31/2013,Lot # 2622A (batch 3)
Veterinary,No,,64433,Terminated,Honest Kitchen,145 14th St,N/A,San Diego,CA,	92101-7523,United States,Voluntary: Firm initiated,Press Release,Nationwide in the US and in Canada.,V-229-2013,Class I,"Zeal, 4lb box, 6 units/case, Item#Z4, UPC 18341300195 3, and 10lb box, 4 units/case, Item# ZR, UPC 18341300191 5.","4,986 units","The Honest Kitchen is recalling five lots of its Verve, Zeal and Thrive pet food products because they have the potential to be contaminated with Salmonella.",02/21/2013,07/24/2013,10/17/2013,07/31/2013,"Item Code: Z4 + ZR, Lot # 2272A (batches 1-5).  Item Code: ZR, Lot # 2652A (batches 1-4)."
Veterinary,No,,64549,Terminated,Central Garden  Pet Company,301 West Osborn Road,N/A,Phoenix,AZ,	85013,United States,Voluntary: Firm initiated,Press Release,"Nationwide including Puerto Rico, OUS to include:  Canada, China, Indonesia, Japan, Kuwait, Panama, Pakistan, Singapore, South Korea, United Arab Emirates.",V-230-2013,Class I,"Kaytee Fiesta Max Canary/Finch, Net Wt. 2 lb., UPC 71859-40410","99,977 eaches total","Kaytee Products is recalling several bird treats and greens items due to possible contamination of Salmonella from parsley flake ingredients supplied to Kaytee by Specialty Commodities, Inc.",02/19/2013,07/24/2013,05/16/2014,07/31/2013,Best Before Code (month/day/year) 9/28/2013 thru 5/7/2014
Veterinary,No,,64549,Terminated,Central Garden  Pet Company,301 West Osborn Road,N/A,Phoenix,AZ,	85013,United States,Voluntary: Firm initiated,Press Release,"Nationwide including Puerto Rico, OUS to include:  Canada, China, Indonesia, Japan, Kuwait, Panama, Pakistan, Singapore, South Korea, United Arab Emirates.",V-231-2013,Class I,"Kaytee Honey Treat, Parakeet, Net Wt. 3.5 oz, UPC 71859-00431, 3.5 oz UPC 71859-00434, and 7 oz Value Pack UPC 71859-55027","99,977 eaches total","Kaytee Products is recalling several bird treats and greens items due to possible contamination of Salmonella from parsley flake ingredients supplied to Kaytee by Specialty Commodities, Inc.",02/19/2013,07/24/2013,05/16/2014,07/31/2013,Best Before Code (month/day/year) 12/4/2013 thru 8/2/2014
Veterinary,No,,64549,Terminated,Central Garden  Pet Company,301 West Osborn Road,N/A,Phoenix,AZ,	85013,United States,Voluntary: Firm initiated,Press Release,"Nationwide including Puerto Rico, OUS to include:  Canada, China, Indonesia, Japan, Kuwait, Panama, Pakistan, Singapore, South Korea, United Arab Emirates.",V-232-2013,Class I,"Kaytee Fiesta Fruit & Veggie Treat, Parakeet, Net Wt. 3.5 oz, UPC 71859-99885, 9.5 oz UPC 71859-99855,","99,977 eaches total","Kaytee Products is recalling several bird treats and greens items due to possible contamination of Salmonella from parsley flake ingredients supplied to Kaytee by Specialty Commodities, Inc.",02/19/2013,07/24/2013,05/16/2014,07/31/2013,Best Before Code (month/day/year) 12/18/2013 thru 7/31/2014
Veterinary,No,,64549,Terminated,Central Garden  Pet Company,301 West Osborn Road,N/A,Phoenix,AZ,	85013,United States,Voluntary: Firm initiated,Press Release,"Nationwide including Puerto Rico, OUS to include:  Canada, China, Indonesia, Japan, Kuwait, Panama, Pakistan, Singapore, South Korea, United Arab Emirates.",V-233-2013,Class I,"Kaytee Forti-Diet Pro Health Honey Treat, Parakeet, Net Wt. 3.5 oz, UPC 71859-94235, 7 oz Value Pack UPC 71859-94236","99,977 eaches total","Kaytee Products is recalling several bird treats and greens items due to possible contamination of Salmonella from parsley flake ingredients supplied to Kaytee by Specialty Commodities, Inc.",02/19/2013,07/24/2013,05/16/2014,07/31/2013,Best Before Code (month/day/year) 12/4/2013 thru 8/1/2014
Veterinary,No,,64549,Terminated,Central Garden  Pet Company,301 West Osborn Road,N/A,Phoenix,AZ,	85013,United States,Voluntary: Firm initiated,Press Release,"Nationwide including Puerto Rico, OUS to include:  Canada, China, Indonesia, Japan, Kuwait, Panama, Pakistan, Singapore, South Korea, United Arab Emirates.",V-234-2013,Class I,"Kaytee Forti-Diet Pro Health Munchables Shred-A-Box, Honey Seed Treats, Parakeet, 4 boxes, Net Wt. 2 oz, UPC 71859-94268","99,977 eaches total","Kaytee Products is recalling several bird treats and greens items due to possible contamination of Salmonella from parsley flake ingredients supplied to Kaytee by Specialty Commodities, Inc.",02/19/2013,07/24/2013,05/16/2014,07/31/2013,Best Before Code (month/day/year) 3/7/2014 thru 7/30/2014
Veterinary,No,,64549,Terminated,Central Garden  Pet Company,301 West Osborn Road,N/A,Phoenix,AZ,	85013,United States,Voluntary: Firm initiated,Press Release,"Nationwide including Puerto Rico, OUS to include:  Canada, China, Indonesia, Japan, Kuwait, Panama, Pakistan, Singapore, South Korea, United Arab Emirates.",V-235-2013,Class I,"Kaytee Forti-Diet Pro Health Molting & Conditioning, Small Birds, Net Wt. 11 oz, UPC 71859-94264","99,977 eaches total","Kaytee Products is recalling several bird treats and greens items due to possible contamination of Salmonella from parsley flake ingredients supplied to Kaytee by Specialty Commodities, Inc.",02/19/2013,07/24/2013,05/16/2014,07/31/2013,Best Before Code (month/day/year) 12/25/2013 thru 8/5/2014
Veterinary,No,,64549,Terminated,Central Garden  Pet Company,301 West Osborn Road,N/A,Phoenix,AZ,	85013,United States,Voluntary: Firm initiated,Press Release,"Nationwide including Puerto Rico, OUS to include:  Canada, China, Indonesia, Japan, Kuwait, Panama, Pakistan, Singapore, South Korea, United Arab Emirates.",V-236-2013,Class I,"Kaytee Fiesta Nutty Papaya Treat, Parakeet & Cockatiel, Net Wt. 2.25 oz, UPC 71859-94368","99,977 eaches total","Kaytee Products is recalling several bird treats and greens items due to possible contamination of Salmonella from parsley flake ingredients supplied to Kaytee by Specialty Commodities, Inc.",02/19/2013,07/24/2013,05/16/2014,07/31/2013,Best Before Code (month/day/year) 12/4/2013 thru 6/25/2014
Veterinary,No,,64549,Terminated,Central Garden  Pet Company,301 West Osborn Road,N/A,Phoenix,AZ,	85013,United States,Voluntary: Firm initiated,Press Release,"Nationwide including Puerto Rico, OUS to include:  Canada, China, Indonesia, Japan, Kuwait, Panama, Pakistan, Singapore, South Korea, United Arab Emirates.",V-237-2013,Class I,"Kaytee Fiesta Foraging Treat for Pet Birds, Net Wt. 1.5 oz, UPC 71859-94370","99,977 eaches total","Kaytee Products is recalling several bird treats and greens items due to possible contamination of Salmonella from parsley flake ingredients supplied to Kaytee by Specialty Commodities, Inc.",02/19/2013,07/24/2013,05/16/2014,07/31/2013,Best Before Code (month/day/year) 1/27/2014 thru 5/29/2014
Veterinary,No,,64549,Terminated,Central Garden  Pet Company,301 West Osborn Road,N/A,Phoenix,AZ,	85013,United States,Voluntary: Firm initiated,Press Release,"Nationwide including Puerto Rico, OUS to include:  Canada, China, Indonesia, Japan, Kuwait, Panama, Pakistan, Singapore, South Korea, United Arab Emirates.",V-238-2013,Class I,"Grreat Choice Treat Sticks for Small Birds, Net Wt. 3.2 oz, UPC 37257-27166, 9.6 oz, UPC 37257-27165","99,977 eaches total","Kaytee Products is recalling several bird treats and greens items due to possible contamination of Salmonella from parsley flake ingredients supplied to Kaytee by Specialty Commodities, Inc.",02/19/2013,07/24/2013,05/16/2014,07/31/2013,Best Before Code (month/day/year) 12/10/2013 thru 3/19/2014
Veterinary,No,,64549,Terminated,Central Garden  Pet Company,301 West Osborn Road,N/A,Phoenix,AZ,	85013,United States,Voluntary: Firm initiated,Press Release,"Nationwide including Puerto Rico, OUS to include:  Canada, China, Indonesia, Japan, Kuwait, Panama, Pakistan, Singapore, South Korea, United Arab Emirates.",V-239-2013,Class I,"Kaytee Foraging Box O' Fun Treat for Pet Birds, Net Wt. 1.5 oz, UPC 71859-94615","99,977 eaches total","Kaytee Products is recalling several bird treats and greens items due to possible contamination of Salmonella from parsley flake ingredients supplied to Kaytee by Specialty Commodities, Inc.",02/19/2013,07/24/2013,05/16/2014,07/31/2013,Best Before Code (month/day/year) 1/28/2014 thru 7/30/2014
Veterinary,No,,64549,Terminated,Central Garden  Pet Company,301 West Osborn Road,N/A,Phoenix,AZ,	85013,United States,Voluntary: Firm initiated,Press Release,"Nationwide including Puerto Rico, OUS to include:  Canada, China, Indonesia, Japan, Kuwait, Panama, Pakistan, Singapore, South Korea, United Arab Emirates.",V-240-2013,Class I,"Kaytee Bird Greens Foraging Treat, Net Wt. 1 oz, UPC 71859-94708","99,977 eaches total","Kaytee Products is recalling several bird treats and greens items due to possible contamination of Salmonella from parsley flake ingredients supplied to Kaytee by Specialty Commodities, Inc.",02/19/2013,07/24/2013,05/16/2014,07/31/2013,Best Before Code (month/day/year) 12/1/2013 thru 5/28/2014
Veterinary,No,,64392,Terminated,"Kasel Associates Industries, Inc.",3315 Walnut St,N/A,Denver,CO,	80205-2429,United States,Voluntary: Firm initiated,Telephone,Nationwide distribution.,V-241-2013,Class I,"Nature's Deli Chicken Jerky Dog Treats, 2.5 lbs. bag, UPC 647263800208, 3 lbs UPC 647263800215, Division of Kasel Industries, Denver, CO 80205. Packaged in a transparent, flexible, plastic bag; the bag is yellow with black and white print writing and a photograph of a golden retriever dog on it.","62,336 - 2.5 lbs bags; 88,704 - 3 lbs bags","Kasel Industries received a 423(a), Notification of Opportunity to Initiate a Voluntary Recall, letter from FDA and is recalling all lots of pet treats manufactured at their facility between April 20, 2012 and September 19, 2012 due to positive Salmonella findings in the firm's products and facility.",02/19/2013,07/24/2013,07/22/2014,07/31/2013,"Best By dates of 04202013 DEN to 10032013 DEN excluding Best By 09192013 DEN, which was recalled on 10/03/2012."
Veterinary,No,,64392,Terminated,"Kasel Associates Industries, Inc.",3315 Walnut St,N/A,Denver,CO,	80205-2429,United States,Voluntary: Firm initiated,Telephone,Nationwide distribution.,V-242-2013,Class I,"Boots & Barkley Loving your pet from head to tail. Roasted American Pig Ears. Delicious Treat for Dogs, Made in the U.S.A. Distributed by TARGET Corporation, Minneapolis, MN 55403, net wt 12 oz, 12 count, UPC 647263899158.","67,200 - 12ct bags","Kasel Industries received a 423(a), Notification of Opportunity to Initiate a Voluntary Recall, letter from FDA and is recalling all lots of pet treats manufactured at their facility between April 20, 2012 and September 19, 2012 due to positive Salmonella findings in the firm's products and facility.",02/19/2013,07/24/2013,07/22/2014,07/31/2013,"Best By dates of 20APR2014 DEN to 03OCT2014 DEN, excluding Best By 13SEP2014DEN, which was recalled on 10/17/2012."
Veterinary,No,,64392,Terminated,"Kasel Associates Industries, Inc.",3315 Walnut St,N/A,Denver,CO,	80205-2429,United States,Voluntary: Firm initiated,Telephone,Nationwide distribution.,V-243-2013,Class I,"Boots & Barkley Loving your pet from head to tail. American Variety Pack Real Beef & Pork. Treats for Dogs. Product of U.S.A. Distributed by TARGET Corporation, Minneapolis, MN 55403, net wt 32 oz. Packaging is white, blue and red with red, black and blue print writing, UPC 490830400086.","6,720 - 32oz bags","Kasel Industries received a 423(a), Notification of Opportunity to Initiate a Voluntary Recall, letter from FDA and is recalling all lots of pet treats manufactured at their facility between April 20, 2012 and September 19, 2012 due to positive Salmonella findings in the firm's products and facility.",02/19/2013,07/24/2013,07/22/2014,07/31/2013,"Best by dates of 20APR2014 DEN to 03OCT2014 DEN, excluding Best By 13SEP2014DEN, which was recalled on 10/17/2012."
Veterinary,No,,64392,Terminated,"Kasel Associates Industries, Inc.",3315 Walnut St,N/A,Denver,CO,	80205-2429,United States,Voluntary: Firm initiated,Telephone,Nationwide distribution.,V-244-2013,Class I,"Boots & Barkley American Beef Bully Stick, 12 inch.  Satisfies your dog's instinctive urge to chew. Ingredients: Beef Pizzles. Distributed by TARGET Corporation, Minneapolis, MN 55403, 2012 Target Brands, Inc.  Made in U.S.A.  Packaging is transparent with white, blue and red with red, black and blue print writing on the affixed label, UPC 085239043165.","43,344 bags","Kasel Industries received a 423(a), Notification of Opportunity to Initiate a Voluntary Recall, letter from FDA and is recalling all lots of pet treats manufactured at their facility between April 20, 2012 and September 19, 2012 due to positive Salmonella findings in the firm's products and facility.",02/19/2013,07/24/2013,07/22/2014,07/31/2013,Best By dates of 20APR2014 DEN to 03OCT2014 DEN.
Veterinary,No,,64392,Terminated,"Kasel Associates Industries, Inc.",3315 Walnut St,N/A,Denver,CO,	80205-2429,United States,Voluntary: Firm initiated,Telephone,Nationwide distribution.,V-245-2013,Class I,"Boots & Barkley American Smoked Beef Femur Bone 3 inch.  Satisfies your dog's instinctive urge to chew. Ingredients: Beef Femur Bone. Distributed by TARGET Corporation, Minneapolis, MN 55403, 2012 Target Brands, Inc.  Made in U.S.A.  Packaging is transparent with white, blue and red with red, black and blue print writing on the affixed label, UPC 085239403495.","46,080 bags","Kasel Industries received a 423(a), Notification of Opportunity to Initiate a Voluntary Recall, letter from FDA and is recalling all lots of pet treats manufactured at their facility between April 20, 2012 and September 19, 2012 due to positive Salmonella findings in the firm's products and facility.",02/19/2013,07/24/2013,07/22/2014,07/31/2013,Best By dates of 20APR2014 DEN to 03OCT2014 DEN.
Veterinary,No,,64392,Terminated,"Kasel Associates Industries, Inc.",3315 Walnut St,N/A,Denver,CO,	80205-2429,United States,Voluntary: Firm initiated,Telephone,Nationwide distribution.,V-246-2013,Class I,"Boots & Barkley American Beef Tendon Flossie 6-8 inch.  Satisfies your dog's instinctive urge to chew. Ingredients: Beef Tendon. Distributed by TARGET Corporation, Minneapolis, MN 55403, 2012 Target Brands, Inc.  Made in U.S.A.  Packaging is transparent with white, blue and red with red, black and blue print writing on the affixed label, UPC 085239043103.",36288 bags,"Kasel Industries received a 423(a), Notification of Opportunity to Initiate a Voluntary Recall, letter from FDA and is recalling all lots of pet treats manufactured at their facility between April 20, 2012 and September 19, 2012 due to positive Salmonella findings in the firm's products and facility.",02/19/2013,07/24/2013,07/22/2014,07/31/2013,Best By dates of 20APR2014 DEN to 03OCT2014 DEN.
Veterinary,No,,64392,Terminated,"Kasel Associates Industries, Inc.",3315 Walnut St,N/A,Denver,CO,	80205-2429,United States,Voluntary: Firm initiated,Telephone,Nationwide distribution.,V-247-2013,Class I,"Boots & Barkley American Pig Ear Strips 8 oz.  Satisfies your dog's instinctive urge to chew. Ingredients: Pig Ears. Distributed by TARGET Corporation, Minneapolis, MN 55403, 2012 Target Brands, Inc.  Made in U.S.A.  Packaging is transparent with white, blue and red with red, black and blue print writing on the affixed label, UPC 085239403440.",36576 bags,"Kasel Industries received a 423(a), Notification of Opportunity to Initiate a Voluntary Recall, letter from FDA and is recalling all lots of pet treats manufactured at their facility between April 20, 2012 and September 19, 2012 due to positive Salmonella findings in the firm's products and facility.",02/19/2013,07/24/2013,07/22/2014,07/31/2013,Best By dates of 20APR2014 DEN to 03OCT2014 DEN.
Veterinary,No,,64392,Terminated,"Kasel Associates Industries, Inc.",3315 Walnut St,N/A,Denver,CO,	80205-2429,United States,Voluntary: Firm initiated,Telephone,Nationwide distribution.,V-248-2013,Class I,"Boots & Barkley Chicken Stuffed American Beef Femur Bone, 6 inch.  Satisfies your dog's instinctive urge to chew. Ingredients: Beef Femur Bone Chicken Breast, Natural Flavorings. Distributed by TARGET Corporation, Minneapolis, MN 55403, 2012 Target Brands, Inc.  Made in U.S.A.  Packaging is transparent with white, blue and red with red, black and blue print writing on the affixed label, UPC 085239043202.",42336 bags,"Kasel Industries received a 423(a), Notification of Opportunity to Initiate a Voluntary Recall, letter from FDA and is recalling all lots of pet treats manufactured at their facility between April 20, 2012 and September 19, 2012 due to positive Salmonella findings in the firm's products and facility.",02/19/2013,07/24/2013,07/22/2014,07/31/2013,Best By dates of 20APR2014 DEN to 03OCT2014 DEN.
Veterinary,No,,64392,Terminated,"Kasel Associates Industries, Inc.",3315 Walnut St,N/A,Denver,CO,	80205-2429,United States,Voluntary: Firm initiated,Telephone,Nationwide distribution.,V-249-2013,Class I,"Boots & Barkley American Braided Beef Bully Stick, 5 inch.  Satisfies your dog's instinctive urge to chew. Ingredients: Beef Pizzles.  Distributed by TARGET Corporation, Minneapolis, MN 55403, 2012 Target Brands, Inc.  Made in U.S.A.  Packaging is transparent with white, blue and red with red, black and blue print writing on the affixed label, UPC 085239043110.",43632 bags,"Kasel Industries received a 423(a), Notification of Opportunity to Initiate a Voluntary Recall, letter from FDA and is recalling all lots of pet treats manufactured at their facility between April 20, 2012 and September 19, 2012 due to positive Salmonella findings in the firm's products and facility.",02/19/2013,07/24/2013,07/22/2014,07/31/2013,Best By dates of 20APR2014 DEN to 03OCT2014 DEN.
Veterinary,No,,64392,Terminated,"Kasel Associates Industries, Inc.",3315 Walnut St,N/A,Denver,CO,	80205-2429,United States,Voluntary: Firm initiated,Telephone,Nationwide distribution.,V-250-2013,Class I,"Boots & Barkley American Chicken Jerky, 16 oz UPC 085239043325; 8 oz UPC 085239043400.  Satisfies your dog's instinctive urge to chew. Ingredients: Chicken Breast, Natural Flavorings.  Distributed by TARGET Corporation, Minneapolis, MN 55403, 2012 Target Brands, Inc.  Made in U.S.A.  Packaging is semi-transparent with white, blue and red with red, black and blue print writing on the affixed label.  The labeling also has digital photos of the chicken strips and a picture of a terrier dog.",22116 - 16oz bags; 24768 - 8oz bags,"Kasel Industries received a 423(a), Notification of Opportunity to Initiate a Voluntary Recall, letter from FDA and is recalling all lots of pet treats manufactured at their facility between April 20, 2012 and September 19, 2012 due to positive Salmonella findings in the firm's products and facility.",02/19/2013,07/24/2013,07/22/2014,07/31/2013,Best By dates of 20APR2014 DEN to 03OCT2014 DEN.
Veterinary,No,,64392,Terminated,"Kasel Associates Industries, Inc.",3315 Walnut St,N/A,Denver,CO,	80205-2429,United States,Voluntary: Firm initiated,Telephone,Nationwide distribution.,V-251-2013,Class I,"Boots & Barkley American Beef Knuckle, 14 oz.  Promotes Plaque and Tartar Reduction.  Ingredients: Beef Knuckle.  Distributed by TARGET Corporation, Minneapolis, MN 55403, 2012 Target Brands, Inc.  Packaging is semi-transparent with white, blue and red with red, black and blue print writing on the affixed label.  The labeling also has digital photo of a dog. UPC 647263899172.",48060 bags,"Kasel Industries received a 423(a), Notification of Opportunity to Initiate a Voluntary Recall, letter from FDA and is recalling all lots of pet treats manufactured at their facility between April 20, 2012 and September 19, 2012 due to positive Salmonella findings in the firm's products and facility.",02/19/2013,07/24/2013,07/22/2014,07/31/2013,Best By dates of 20APR2014 DEN to 03OCT2014 DEN.
Veterinary,No,,64392,Terminated,"Kasel Associates Industries, Inc.",3315 Walnut St,N/A,Denver,CO,	80205-2429,United States,Voluntary: Firm initiated,Telephone,Nationwide distribution.,V-252-2013,Class I,"Boots & Barkley American Pork Femur, 1 bone.  Promotes Plaque and Tartar Reduction.  Ingredients: Pork Femur.  Distributed by TARGET Corporation, Minneapolis, MN 55403, 2012 Target Brands, Inc.  Packaging is semi-transparent with white, blue and red with red, black and blue print writing on the affixed label.  The labeling also has digital photo of a dog.  UPC 647263899165.",135360 bags,"Kasel Industries received a 423(a), Notification of Opportunity to Initiate a Voluntary Recall, letter from FDA and is recalling all lots of pet treats manufactured at their facility between April 20, 2012 and September 19, 2012 due to positive Salmonella findings in the firm's products and facility.",02/19/2013,07/24/2013,07/22/2014,07/31/2013,Best By dates of 20APR2014 DEN to 03OCT2014 DEN.
Veterinary,No,,64392,Terminated,"Kasel Associates Industries, Inc.",3315 Walnut St,N/A,Denver,CO,	80205-2429,United States,Voluntary: Firm initiated,Telephone,Nationwide distribution.,V-253-2013,Class I,"BIXBI Skin and Coat Beef Liver Jerky, 5 oz.  Packaged in orange semi-transparent flexible plastic packaging, 100% USA Made and Sourced, UPC 091037018021.","4,750 - 5oz bags","Kasel Industries received a 423(a), Notification of Opportunity to Initiate a Voluntary Recall, letter from FDA and is recalling all lots of pet treats manufactured at their facility between April 20, 2012 and September 19, 2012 due to positive Salmonella findings in the firm's products and facility.",02/19/2013,07/24/2013,07/22/2014,07/31/2013,Best By dates of 04202014 DEN to 10032014 DEN.
Veterinary,No,,64392,Terminated,"Kasel Associates Industries, Inc.",3315 Walnut St,N/A,Denver,CO,	80205-2429,United States,Voluntary: Firm initiated,Telephone,Nationwide distribution.,V-254-2013,Class I,"BIXBI Skin and Coat Lamb Jerky, 5 oz.  Packaged in purple and orange semi-transparent flexible plastic packaging with black and transparent print writing, 100% USA Made and Sourced, UPC 091037018045.","1,334 - 5 oz bags","Kasel Industries received a 423(a), Notification of Opportunity to Initiate a Voluntary Recall, letter from FDA and is recalling all lots of pet treats manufactured at their facility between April 20, 2012 and September 19, 2012 due to positive Salmonella findings in the firm's products and facility.",02/19/2013,07/24/2013,07/22/2014,07/31/2013,Best By dates of 04202014 DEN to 10032014 DEN.
Veterinary,No,,64392,Terminated,"Kasel Associates Industries, Inc.",3315 Walnut St,N/A,Denver,CO,	80205-2429,United States,Voluntary: Firm initiated,Telephone,Nationwide distribution.,V-255-2013,Class I,"BIXBI Hip and Joint Pork Jerky, 5 oz.  Packaged in yellow and aqua semi-transparent flexible plastic packaging with black and transparent print writing, 100% USA Made and Sourced, UPC 091037018144.","5,112 - 5oz bags","Kasel Industries received a 423(a), Notification of Opportunity to Initiate a Voluntary Recall, letter from FDA and is recalling all lots of pet treats manufactured at their facility between April 20, 2012 and September 19, 2012 due to positive Salmonella findings in the firm's products and facility.",02/19/2013,07/24/2013,07/22/2014,07/31/2013,Best By dates of 04202014 DEN to 10032014 DEN.
Veterinary,No,,64392,Terminated,"Kasel Associates Industries, Inc.",3315 Walnut St,N/A,Denver,CO,	80205-2429,United States,Voluntary: Firm initiated,Telephone,Nationwide distribution.,V-256-2013,Class I,"BIXBI Skin and Coat Chicken Breast Jerky Treats, 5 oz.  Packaged in orange and green semi-transparent flexible plastic packaging with black and transparent print writing, 100% USA Made and Sourced, UPC 091037018007.","3,339 - 5oz bags","Kasel Industries received a 423(a), Notification of Opportunity to Initiate a Voluntary Recall, letter from FDA and is recalling all lots of pet treats manufactured at their facility between April 20, 2012 and September 19, 2012 due to positive Salmonella findings in the firm's products and facility.",02/19/2013,07/24/2013,07/22/2014,07/31/2013,Best By dates of 04202014 DEN to 10032014 DEN.
Veterinary,No,,64392,Terminated,"Kasel Associates Industries, Inc.",3315 Walnut St,N/A,Denver,CO,	80205-2429,United States,Voluntary: Firm initiated,Telephone,Nationwide distribution.,V-257-2013,Class I,"BIXBI Skin and Coat Pork Jerky, 5 oz.  Packaged in orange and aqua semi-transparent flexible plastic packaging with black and transparent print writing, 100% USA Made and Sourced, UPC 091037018069.","4,938 - 5oz bags","Kasel Industries received a 423(a), Notification of Opportunity to Initiate a Voluntary Recall, letter from FDA and is recalling all lots of pet treats manufactured at their facility between April 20, 2012 and September 19, 2012 due to positive Salmonella findings in the firm's products and facility.",02/19/2013,07/24/2013,07/22/2014,07/31/2013,Best By dates of 04202014 DEN to 10032014 DEN.
Veterinary,No,,64392,Terminated,"Kasel Associates Industries, Inc.",3315 Walnut St,N/A,Denver,CO,	80205-2429,United States,Voluntary: Firm initiated,Telephone,Nationwide distribution.,V-258-2013,Class I,"BIXBI Hip and Joint Lamb Jerky, 5 oz.  Packaged in yellow and purple semi-transparent flexible plastic packaging with black and transparent print writing, 100% USA Made and Sourced, UPC 091037018120.","3,746 - 5oz bags","Kasel Industries received a 423(a), Notification of Opportunity to Initiate a Voluntary Recall, letter from FDA and is recalling all lots of pet treats manufactured at their facility between April 20, 2012 and September 19, 2012 due to positive Salmonella findings in the firm's products and facility.",02/19/2013,07/24/2013,07/22/2014,07/31/2013,Best By dates of 04202014 DEN to 10032014 DEN.
Veterinary,No,,64392,Terminated,"Kasel Associates Industries, Inc.",3315 Walnut St,N/A,Denver,CO,	80205-2429,United States,Voluntary: Firm initiated,Telephone,Nationwide distribution.,V-259-2013,Class I,"BIXBI Hip and Joint Chicken Breast Jerky, 5 oz.  Packaged in yellow and green semi-transparent flexible plastic packaging with black and transparent print writing, 100% USA Made and Sourced, UPC 091037018083.","6,916 - 5oz bags","Kasel Industries received a 423(a), Notification of Opportunity to Initiate a Voluntary Recall, letter from FDA and is recalling all lots of pet treats manufactured at their facility between April 20, 2012 and September 19, 2012 due to positive Salmonella findings in the firm's products and facility.",02/19/2013,07/24/2013,07/22/2014,07/31/2013,Best By dates of 04202014 DEN to 10032014 DEN.
Veterinary,No,,64392,Terminated,"Kasel Associates Industries, Inc.",3315 Walnut St,N/A,Denver,CO,	80205-2429,United States,Voluntary: Firm initiated,Telephone,Nationwide distribution.,V-260-2013,Class I,"BIXBI Hip and Joint Beef Liver Jerky, 5 oz.  Packaged in yellow and red semi-transparent flexible plastic packaging with black and transparent print writing, 100% USA Made and Sourced, UPC 091037018106.","5,928 - 5oz bags","Kasel Industries received a 423(a), Notification of Opportunity to Initiate a Voluntary Recall, letter from FDA and is recalling all lots of pet treats manufactured at their facility between April 20, 2012 and September 19, 2012 due to positive Salmonella findings in the firm's products and facility.",02/19/2013,07/24/2013,07/22/2014,07/31/2013,Best By dates of 04202014 DEN to 10032014 DEN.
Veterinary,No,,64392,Terminated,"Kasel Associates Industries, Inc.",3315 Walnut St,N/A,Denver,CO,	80205-2429,United States,Voluntary: Firm initiated,Telephone,Nationwide distribution.,V-261-2013,Class I,"Sam's Club Roasted Pig Ear Dog Treats, 28 oz, UPC 681131857246.","28,224 - 25ct bags","Kasel Industries received a 423(a), Notification of Opportunity to Initiate a Voluntary Recall, letter from FDA and is recalling all lots of pet treats manufactured at their facility between April 20, 2012 and September 19, 2012 due to positive Salmonella findings in the firm's products and facility.",02/19/2013,07/24/2013,07/22/2014,07/31/2013,Best By dates of 04202014 DEN to 10032014 DEN.
Veterinary,No,,64392,Terminated,"Kasel Associates Industries, Inc.",3315 Walnut St,N/A,Denver,CO,	80205-2429,United States,Voluntary: Firm initiated,Telephone,Nationwide distribution.,V-262-2013,Class I,"Petco Natural Pig Ears, 25 pk, UPC 800443092903, 12 pk UPC 800443092910, 7 pk UPC 800443092934.","6,944 - 12ct bags; 6,048 - 7ct bags; 7,992 - 25 ct bags","Kasel Industries received a 423(a), Notification of Opportunity to Initiate a Voluntary Recall, letter from FDA and is recalling all lots of pet treats manufactured at their facility between April 20, 2012 and September 19, 2012 due to positive Salmonella findings in the firm's products and facility.",02/19/2013,07/24/2013,07/22/2014,07/31/2013,Best By dates of 04202014 DEN to 10032014 DEN.
Veterinary,No,,64392,Terminated,"Kasel Associates Industries, Inc.",3315 Walnut St,N/A,Denver,CO,	80205-2429,United States,Voluntary: Firm initiated,Telephone,Nationwide distribution.,V-263-2013,Class I,"Petco Smoked Pig Ears, 7 pk, UPC 800443092941, 12 pk UPC 800443092927.","5,376 - 12ct bags; 4,704 - 7ct bags","Kasel Industries received a 423(a), Notification of Opportunity to Initiate a Voluntary Recall, letter from FDA and is recalling all lots of pet treats manufactured at their facility between April 20, 2012 and September 19, 2012 due to positive Salmonella findings in the firm's products and facility.",02/19/2013,07/24/2013,07/22/2014,07/31/2013,Best By dates of 04202014 DEN to 10032014 DEN.
Veterinary,No,,64392,Terminated,"Kasel Associates Industries, Inc.",3315 Walnut St,N/A,Denver,CO,	80205-2429,United States,Voluntary: Firm initiated,Telephone,Nationwide distribution.,V-264-2013,Class I,"Colorado Naturals Chicken Chips, 16 oz, UPC 647263800291, Distributed by Petco/Kasel Ind.","39,648 - 16oz bags","Kasel Industries received a 423(a), Notification of Opportunity to Initiate a Voluntary Recall, letter from FDA and is recalling all lots of pet treats manufactured at their facility between April 20, 2012 and September 19, 2012 due to positive Salmonella findings in the firm's products and facility.",02/19/2013,07/24/2013,07/22/2014,07/31/2013,Best By dates of 04202014 DEN to 10032014 DEN.
Veterinary,No,,64392,Terminated,"Kasel Associates Industries, Inc.",3315 Walnut St,N/A,Denver,CO,	80205-2429,United States,Voluntary: Firm initiated,Telephone,Nationwide distribution.,V-265-2013,Class I,"Colorado Naturals Salmon Jerky, 4 oz UPC 647263900175.  Distributed by Petco/Kasel Industries.","16,128 - 4oz bags","Kasel Industries received a 423(a), Notification of Opportunity to Initiate a Voluntary Recall, letter from FDA and is recalling all lots of pet treats manufactured at their facility between April 20, 2012 and September 19, 2012 due to positive Salmonella findings in the firm's products and facility.",02/19/2013,07/24/2013,07/22/2014,07/31/2013,Best By dates of 04202014 DEN to 10032014 DEN.
Veterinary,No,,64392,Terminated,"Kasel Associates Industries, Inc.",3315 Walnut St,N/A,Denver,CO,	80205-2429,United States,Voluntary: Firm initiated,Telephone,Nationwide distribution.,V-266-2013,Class I,"Colorado Naturals Chicken Jerky, 4 oz UPC 647263800178, 16 oz UPC 647263800291.  Distributed by Petco/Kasel/Menards Industries.","20,736 - 4oz bags, 31,878 x 16 oz","Kasel Industries received a 423(a), Notification of Opportunity to Initiate a Voluntary Recall, letter from FDA and is recalling all lots of pet treats manufactured at their facility between April 20, 2012 and September 19, 2012 due to positive Salmonella findings in the firm's products and facility.",02/19/2013,07/24/2013,07/22/2014,07/31/2013,Best By dates of 04202014 DEN to 10032014 DEN.
Veterinary,No,,64392,Terminated,"Kasel Associates Industries, Inc.",3315 Walnut St,N/A,Denver,CO,	80205-2429,United States,Voluntary: Firm initiated,Telephone,Nationwide distribution.,V-267-2013,Class I,"Colorado Naturals Lamb Jerky, 4 oz UPC 647263510176, Distributed by Petco/Kasel Industries.","18,432 - 4oz bags","Kasel Industries received a 423(a), Notification of Opportunity to Initiate a Voluntary Recall, letter from FDA and is recalling all lots of pet treats manufactured at their facility between April 20, 2012 and September 19, 2012 due to positive Salmonella findings in the firm's products and facility.",02/19/2013,07/24/2013,07/22/2014,07/31/2013,Best By dates of 04202014 DEN to 10032014 DEN.
Veterinary,No,,64392,Terminated,"Kasel Associates Industries, Inc.",3315 Walnut St,N/A,Denver,CO,	80205-2429,United States,Voluntary: Firm initiated,Telephone,Nationwide distribution.,V-268-2013,Class I,"Colorado Naturals Pork Jerky, 16 oz UPC 647263700157, Distributed by Petco/Kasel Industries/Menards.","26,964 - 16oz bags","Kasel Industries received a 423(a), Notification of Opportunity to Initiate a Voluntary Recall, letter from FDA and is recalling all lots of pet treats manufactured at their facility between April 20, 2012 and September 19, 2012 due to positive Salmonella findings in the firm's products and facility.",02/19/2013,07/24/2013,07/22/2014,07/31/2013,Best By dates of 04202014 DEN to 10032014 DEN.
Veterinary,No,,64392,Terminated,"Kasel Associates Industries, Inc.",3315 Walnut St,N/A,Denver,CO,	80205-2429,United States,Voluntary: Firm initiated,Telephone,Nationwide distribution.,V-269-2013,Class I,"Colorado Naturals Beef Jerky, 4 oz UPC 647263801175, Distributed by Petco/Kasel Industries.","13,824 - 4oz bags","Kasel Industries received a 423(a), Notification of Opportunity to Initiate a Voluntary Recall, letter from FDA and is recalling all lots of pet treats manufactured at their facility between April 20, 2012 and September 19, 2012 due to positive Salmonella findings in the firm's products and facility.",02/19/2013,07/24/2013,07/22/2014,07/31/2013,Best By dates of 04202014 DEN to 10032014 DEN.
Veterinary,No,,64392,Terminated,"Kasel Associates Industries, Inc.",3315 Walnut St,N/A,Denver,CO,	80205-2429,United States,Voluntary: Firm initiated,Telephone,Nationwide distribution.,V-270-2013,Class I,"TDBBS, Inc/Best Bully Sticks Buffalo Hearts Sliced, 3 lbs, Bulk.",10 bags,"Kasel Industries received a 423(a), Notification of Opportunity to Initiate a Voluntary Recall, letter from FDA and is recalling all lots of pet treats manufactured at their facility between April 20, 2012 and September 19, 2012 due to positive Salmonella findings in the firm's products and facility.",02/19/2013,07/24/2013,07/22/2014,07/31/2013,Best By dates of 04202014 DEN to 10032014 DEN.
Veterinary,No,,64392,Terminated,"Kasel Associates Industries, Inc.",3315 Walnut St,N/A,Denver,CO,	80205-2429,United States,Voluntary: Firm initiated,Telephone,Nationwide distribution.,V-271-2013,Class I,"TDBBS, Inc/Best Bully Sticks Knee Caps, 25 ct, Bulk.",10 bags,"Kasel Industries received a 423(a), Notification of Opportunity to Initiate a Voluntary Recall, letter from FDA and is recalling all lots of pet treats manufactured at their facility between April 20, 2012 and September 19, 2012 due to positive Salmonella findings in the firm's products and facility.",02/19/2013,07/24/2013,07/22/2014,07/31/2013,Best By dates of 04202014 DEN to 10032014 DEN.
Veterinary,No,,64392,Terminated,"Kasel Associates Industries, Inc.",3315 Walnut St,N/A,Denver,CO,	80205-2429,United States,Voluntary: Firm initiated,Telephone,Nationwide distribution.,V-272-2013,Class I,"TDBBS, Inc/Best Bully Sticks Pork Jerky Strips, 16 oz.",100 bags,"Kasel Industries received a 423(a), Notification of Opportunity to Initiate a Voluntary Recall, letter from FDA and is recalling all lots of pet treats manufactured at their facility between April 20, 2012 and September 19, 2012 due to positive Salmonella findings in the firm's products and facility.",02/19/2013,07/24/2013,07/22/2014,07/31/2013,Best By dates of 04202014 DEN to 10032014 DEN.
Veterinary,No,,64392,Terminated,"Kasel Associates Industries, Inc.",3315 Walnut St,N/A,Denver,CO,	80205-2429,United States,Voluntary: Firm initiated,Telephone,Nationwide distribution.,V-273-2013,Class I,"TDBBS, Inc/Best Bully Sticks Chicken Jerky, 16 oz.",4000 bags,"Kasel Industries received a 423(a), Notification of Opportunity to Initiate a Voluntary Recall, letter from FDA and is recalling all lots of pet treats manufactured at their facility between April 20, 2012 and September 19, 2012 due to positive Salmonella findings in the firm's products and facility.",02/19/2013,07/24/2013,07/22/2014,07/31/2013,Best By dates of 04202014 DEN to 10032014 DEN.
Veterinary,No,,64392,Terminated,"Kasel Associates Industries, Inc.",3315 Walnut St,N/A,Denver,CO,	80205-2429,United States,Voluntary: Firm initiated,Telephone,Nationwide distribution.,V-274-2013,Class I,"TDBBS, Inc/Best Bully Sticks Turkey Cubes, 4.5 oz.",36 bags,"Kasel Industries received a 423(a), Notification of Opportunity to Initiate a Voluntary Recall, letter from FDA and is recalling all lots of pet treats manufactured at their facility between April 20, 2012 and September 19, 2012 due to positive Salmonella findings in the firm's products and facility.",02/19/2013,07/24/2013,07/22/2014,07/31/2013,Best By dates of 04202014 DEN to 10032014 DEN.
Veterinary,No,,64392,Terminated,"Kasel Associates Industries, Inc.",3315 Walnut St,N/A,Denver,CO,	80205-2429,United States,Voluntary: Firm initiated,Telephone,Nationwide distribution.,V-275-2013,Class I,"TDBBS, Inc/Best Bully Sticks Pig Snouts, 25 ct, Bulk.",400 bags,"Kasel Industries received a 423(a), Notification of Opportunity to Initiate a Voluntary Recall, letter from FDA and is recalling all lots of pet treats manufactured at their facility between April 20, 2012 and September 19, 2012 due to positive Salmonella findings in the firm's products and facility.",02/19/2013,07/24/2013,07/22/2014,07/31/2013,Best By dates of 04202014 DEN to 10032014 DEN.
Veterinary,No,,64392,Terminated,"Kasel Associates Industries, Inc.",3315 Walnut St,N/A,Denver,CO,	80205-2429,United States,Voluntary: Firm initiated,Telephone,Nationwide distribution.,V-276-2013,Class I,"TDBBS, Inc/Best Bully Sticks Beef Lobster Tails, 1ct, Bulk.","10,000 bags","Kasel Industries received a 423(a), Notification of Opportunity to Initiate a Voluntary Recall, letter from FDA and is recalling all lots of pet treats manufactured at their facility between April 20, 2012 and September 19, 2012 due to positive Salmonella findings in the firm's products and facility.",02/19/2013,07/24/2013,07/22/2014,07/31/2013,Best By dates of 04202014 DEN to 10032014 DEN.
Veterinary,No,,64392,Terminated,"Kasel Associates Industries, Inc.",3315 Walnut St,N/A,Denver,CO,	80205-2429,United States,Voluntary: Firm initiated,Telephone,Nationwide distribution.,V-277-2013,Class I,"TDBBS, Inc/Best Bully Sticks Turkey Jerky Sticks, 6 ct.",200 bags,"Kasel Industries received a 423(a), Notification of Opportunity to Initiate a Voluntary Recall, letter from FDA and is recalling all lots of pet treats manufactured at their facility between April 20, 2012 and September 19, 2012 due to positive Salmonella findings in the firm's products and facility.",02/19/2013,07/24/2013,07/22/2014,07/31/2013,Best By dates of 04202014 DEN to 10032014 DEN.
Veterinary,No,,64392,Terminated,"Kasel Associates Industries, Inc.",3315 Walnut St,N/A,Denver,CO,	80205-2429,United States,Voluntary: Firm initiated,Telephone,Nationwide distribution.,V-278-2013,Class I,"TDBBS, Inc/Best Bully Sticks hearts of Lamb, 4 oz.",200 bags,"Kasel Industries received a 423(a), Notification of Opportunity to Initiate a Voluntary Recall, letter from FDA and is recalling all lots of pet treats manufactured at their facility between April 20, 2012 and September 19, 2012 due to positive Salmonella findings in the firm's products and facility.",02/19/2013,07/24/2013,07/22/2014,07/31/2013,Best By dates of 04202014 DEN to 10032014 DEN.
Veterinary,No,,64392,Terminated,"Kasel Associates Industries, Inc.",3315 Walnut St,N/A,Denver,CO,	80205-2429,United States,Voluntary: Firm initiated,Telephone,Nationwide distribution.,V-279-2013,Class I,"TDBBS, Inc/Best Bully Sticks Lamb Jerky, 4 oz.",200 bags,"Kasel Industries received a 423(a), Notification of Opportunity to Initiate a Voluntary Recall, letter from FDA and is recalling all lots of pet treats manufactured at their facility between April 20, 2012 and September 19, 2012 due to positive Salmonella findings in the firm's products and facility.",02/19/2013,07/24/2013,07/22/2014,07/31/2013,Best By dates of 04202014 DEN to 10032014 DEN.
Veterinary,No,,64392,Terminated,"Kasel Associates Industries, Inc.",3315 Walnut St,N/A,Denver,CO,	80205-2429,United States,Voluntary: Firm initiated,Telephone,Nationwide distribution.,V-280-2013,Class I,"Nutri-Pet 16oz Natural Filet Strips, UPC 76-0081.",2016 bags,"Kasel Industries received a 423(a), Notification of Opportunity to Initiate a Voluntary Recall, letter from FDA and is recalling all lots of pet treats manufactured at their facility between April 20, 2012 and September 19, 2012 due to positive Salmonella findings in the firm's products and facility.",02/19/2013,07/24/2013,07/22/2014,07/31/2013,Best By dates of 04202014 DEN to 10032014 DEN.
Veterinary,No,,64392,Terminated,"Kasel Associates Industries, Inc.",3315 Walnut St,N/A,Denver,CO,	80205-2429,United States,Voluntary: Firm initiated,Telephone,Nationwide distribution.,V-281-2013,Class I,"K9 Chicken Joint Jerky 5oz UPC 669125507049; 15oz, UPC 669125507056",2000 - 5oz bags; 3600 - 15 oz bags,"Kasel Industries received a 423(a), Notification of Opportunity to Initiate a Voluntary Recall, letter from FDA and is recalling all lots of pet treats manufactured at their facility between April 20, 2012 and September 19, 2012 due to positive Salmonella findings in the firm's products and facility.",02/19/2013,07/24/2013,07/22/2014,07/31/2013,Best By dates of 04202014 DEN to 10032014 DEN.
Veterinary,No,,64392,Terminated,"Kasel Associates Industries, Inc.",3315 Walnut St,N/A,Denver,CO,	80205-2429,United States,Voluntary: Firm initiated,Telephone,Nationwide distribution.,V-282-2013,Class I,"K9 Chicken Coat Jerky 5oz; UPC 669125507063; 15oz, UPC 669125507070",2000 - 5oz bags; 3600 - 15 oz bags,"Kasel Industries received a 423(a), Notification of Opportunity to Initiate a Voluntary Recall, letter from FDA and is recalling all lots of pet treats manufactured at their facility between April 20, 2012 and September 19, 2012 due to positive Salmonella findings in the firm's products and facility.",02/19/2013,07/24/2013,07/22/2014,07/31/2013,Best By dates of 04202014 DEN to 10032014 DEN.
Veterinary,No,,64392,Terminated,"Kasel Associates Industries, Inc.",3315 Walnut St,N/A,Denver,CO,	80205-2429,United States,Voluntary: Firm initiated,Telephone,Nationwide distribution.,V-283-2013,Class I,"K9 Chicken Calming Jerky 5oz, UPC 669125507087 ; 15oz , UPC 669125507094",2000 - 5 oz bags; 3600 - 15 oz bags,"Kasel Industries received a 423(a), Notification of Opportunity to Initiate a Voluntary Recall, letter from FDA and is recalling all lots of pet treats manufactured at their facility between April 20, 2012 and September 19, 2012 due to positive Salmonella findings in the firm's products and facility.",02/19/2013,07/24/2013,07/22/2014,07/31/2013,Best By dates of 04202014 DEN to 10032014 DEN.
Veterinary,No,,64392,Terminated,"Kasel Associates Industries, Inc.",3315 Walnut St,N/A,Denver,CO,	80205-2429,United States,Voluntary: Firm initiated,Telephone,Nationwide distribution.,V-284-2013,Class I,"K9 Chicken Breath Fresh Jerky 5oz, UPC 669125507100 ; 15oz  , UPC 669125507117",2000 - 5 oz bags; 3600 - 15 oz bags,"Kasel Industries received a 423(a), Notification of Opportunity to Initiate a Voluntary Recall, letter from FDA and is recalling all lots of pet treats manufactured at their facility between April 20, 2012 and September 19, 2012 due to positive Salmonella findings in the firm's products and facility.",02/19/2013,07/24/2013,07/22/2014,07/31/2013,Best By dates of 04202014 DEN to 10032014 DEN.
Veterinary,No,,64392,Terminated,"Kasel Associates Industries, Inc.",3315 Walnut St,N/A,Denver,CO,	80205-2429,United States,Voluntary: Firm initiated,Telephone,Nationwide distribution.,V-285-2013,Class I,"K9 Chicken Senior Jerky 5oz, UPC 669125507124.",2000 - 5 oz bags,"Kasel Industries received a 423(a), Notification of Opportunity to Initiate a Voluntary Recall, letter from FDA and is recalling all lots of pet treats manufactured at their facility between April 20, 2012 and September 19, 2012 due to positive Salmonella findings in the firm's products and facility.",02/19/2013,07/24/2013,07/22/2014,07/31/2013,Best By dates of 04202014 DEN to 10032014 DEN.
Veterinary,No,,64392,Terminated,"Kasel Associates Industries, Inc.",3315 Walnut St,N/A,Denver,CO,	80205-2429,United States,Voluntary: Firm initiated,Telephone,Nationwide distribution.,V-286-2013,Class I,"K9 Chicken Digestive Jerky 5oz, UPC  669125507148.",2000 - 5 oz bags,"Kasel Industries received a 423(a), Notification of Opportunity to Initiate a Voluntary Recall, letter from FDA and is recalling all lots of pet treats manufactured at their facility between April 20, 2012 and September 19, 2012 due to positive Salmonella findings in the firm's products and facility.",02/19/2013,07/24/2013,07/22/2014,07/31/2013,Best By dates of 04202014 DEN to 10032014 DEN.
Veterinary,No,,64392,Terminated,"Kasel Associates Industries, Inc.",3315 Walnut St,N/A,Denver,CO,	80205-2429,United States,Voluntary: Firm initiated,Telephone,Nationwide distribution.,V-287-2013,Class I,"K9 Chicken Healthy Weight Jerky 5oz, UPC 669125507162.",2000 - 5 oz bags,"Kasel Industries received a 423(a), Notification of Opportunity to Initiate a Voluntary Recall, letter from FDA and is recalling all lots of pet treats manufactured at their facility between April 20, 2012 and September 19, 2012 due to positive Salmonella findings in the firm's products and facility.",02/19/2013,07/24/2013,07/22/2014,07/31/2013,Best By dates of 04202014 DEN to 10032014 DEN.
Veterinary,No,,64392,Terminated,"Kasel Associates Industries, Inc.",3315 Walnut St,N/A,Denver,CO,	80205-2429,United States,Voluntary: Firm initiated,Telephone,Nationwide distribution.,V-288-2013,Class I,"K9 Chicken Jerky 5oz, UPC 669125507018 ; 8oz  , UPC 669125507025; 16oz , UPC  669125507032",2000 - 5 oz bags; 2000 - 8 oz bags; 2000 - 16 oz bags,"Kasel Industries received a 423(a), Notification of Opportunity to Initiate a Voluntary Recall, letter from FDA and is recalling all lots of pet treats manufactured at their facility between April 20, 2012 and September 19, 2012 due to positive Salmonella findings in the firm's products and facility.",02/19/2013,07/24/2013,07/22/2014,07/31/2013,Best By dates of 04202014 DEN to 10032014 DEN.
Veterinary,No,,64392,Terminated,"Kasel Associates Industries, Inc.",3315 Walnut St,N/A,Denver,CO,	80205-2429,United States,Voluntary: Firm initiated,Telephone,Nationwide distribution.,V-289-2013,Class I,"K9 Hip & Joint Chicken Strips 8oz, UPC 669125990445",1728 bags,"Kasel Industries received a 423(a), Notification of Opportunity to Initiate a Voluntary Recall, letter from FDA and is recalling all lots of pet treats manufactured at their facility between April 20, 2012 and September 19, 2012 due to positive Salmonella findings in the firm's products and facility.",02/19/2013,07/24/2013,07/22/2014,07/31/2013,Best By dates of 04202014 DEN to 10032014 DEN
Veterinary,No,,64726,Terminated,"JDJ Manufacturing, LLC",12264 Silver Falls Hwy SE,N/A,Aumsville,OR,	97325-9535,United States,Voluntary: Firm initiated,E-Mail,directly distributed to California,V-290-2013,Class I,"BARF Juicy Lamb Recipe contains 12 Lamb Patties per bag, 6 lbs. bag, 4 bags per case, sold under BARF brand name. The UPC is 8 37528 00104 8.",68 cases/4 bags/6 lbs.,BARF Juicy Lamb Recipe patties from lot 209 sold under BARF brand are recalled due to a potential contamination with Salmonella.,03/21/2013,08/07/2013,09/09/2013,08/14/2013,Lot 209.  USE BY 7/27/2013.
Veterinary,No,,64726,Terminated,"JDJ Manufacturing, LLC",12264 Silver Falls Hwy SE,N/A,Aumsville,OR,	97325-9535,United States,Voluntary: Firm initiated,E-Mail,directly distributed to California,V-291-2013,Class I,"BARF Juicy Combo Recipe Patties, 12 pieces per bag, 6 lbs. bag, 4 bags per case, sold under BARF brand name. The UPC is 8 37528 00106 2.",42 cases/4 bags/6 lbs.,BARF Juicy Combo Recipe patties from lot 209 sold under BARF brand are recalled due to a potential contamination with Salmonella.,03/21/2013,08/07/2013,09/09/2013,08/14/2013,Lot 209.  USE BY 7/27/2013.
Veterinary,No,,64726,Terminated,"JDJ Manufacturing, LLC",12264 Silver Falls Hwy SE,N/A,Aumsville,OR,	97325-9535,United States,Voluntary: Firm initiated,E-Mail,directly distributed to California,V-292-2013,Class I,"Combo Diet  Bulk Pack 06306, 24 lbs. bag, sold under BARF brand name. There is no UPC for this item.",42 cases/24 lbs.,Combo Bulk from lot 209 sold under BARF brand are recalled due to a potential contamination with Salmonella.,03/21/2013,08/07/2013,09/09/2013,08/14/2013,Lot 209.  USE BY 07-27-13
Veterinary,No,,64726,Terminated,"JDJ Manufacturing, LLC",12264 Silver Falls Hwy SE,N/A,Aumsville,OR,	97325-9535,United States,Voluntary: Firm initiated,E-Mail,directly distributed to California,V-293-2013,Class I,"Variety Pack 04107, consists of one retail unit of BARF Combo, Beef, Chicken, and Lamb product. There are total 4 individual units per case. There is NO UPC for this product.",199 cases/4 packs,Variety Pack from lot 214 sold under BARF brand are recalled due to a potential contamination with Salmonella.,03/21/2013,08/07/2013,09/09/2013,08/14/2013,"Lot 214.  USE BY 08-01-13.    Individual unit in this case bears LOT# T209, LOT# E212, LOt# E209, and LOT # T214."
Veterinary,No,,64539,Terminated,"Steve's Real Food, Inc.",P.O. Box 571092,N/A,Murray,UT,	84157,United States,Voluntary: Firm initiated,Telephone,"Distributed to four distributors in CA, TN, RI, and MN. No foreign, government, or military distribution.",V-294-2013,Class I,"Steve's Real Food TURDUCKEN CANINE RECIPE, 5 lbs bags of 8 oz patties, UPC 6-91730-14204-9, Expiration 10/27/13, MFR # 83. Raw Frozen Dog Food, Distributed by Steve's Real Food Inc, Aumsville, OR 97086",39 cases/156 bags,Steve's Real Food is recalling certain lots of Turducken Canine Recipe due to possible salmonella contamination.,03/07/2013,08/07/2013,08/26/2014,08/14/2013,Lot B209
Veterinary,No,,65671,Terminated,Manna Pro Corp,707 Spirit 40 Park Dr Ste 150,N/A,Chesterfield,MO,	63005-1137,United States,Voluntary: Firm initiated,E-Mail,"The product was distributed to OK, WI, KS, IA, MO, AR, MN and IL.",V-295-2013,Class III,"MannaPro Goat Treats, Licorice Flavor, 6 lb bag, Manufactured by: MannaPro, St. Louis, MO.  Positive Pellet Goat Dewormer packed in Goat Treat bags packaged in Positive Pellet Goat Dewormer shipping boxes. The Positive Pellet Goat Dewormer contains 880 gram Morantel Tartrate per ton.",69/6/6-lb bag/cases,Positive Pellet goat dewormer (medicated) is packaged in Goat Treats bags.,07/08/2013,08/12/2013,06/10/2014,08/21/2013,"""MADE K 06/01/13"""
Veterinary,No,,48735,Terminated,Merit Bird Co Llc,9001 Oso Ave Ste G,N/A,Chatsworth,CA,	91311-6225,United States,Voluntary: Firm initiated,Press Release,CA,V-296-2013,Class I,"Vitae Cockatiel with Sunflower, 2lbs and 4lbs",140 bags,Merit Bird Company is recalling  Vitae brand bird food because it has the potential to be contaminated with Salmonella.  Vitae brand bird food contains parsley that has been recalled by Specialty Commodities due to Salmonella.,04/18/2013,08/27/2013,02/18/2014,09/04/2013,2lbs: #2840081  4lbs: #2840090
Veterinary,No,,48735,Terminated,Merit Bird Co Llc,9001 Oso Ave Ste G,N/A,Chatsworth,CA,	91311-6225,United States,Voluntary: Firm initiated,Press Release,CA,V-297-2013,Class I,"Vitae Small Hookbill, 4lbs.",98 bags,Merit Bird Company is recalling  Vitae brand bird food because it has the potential to be contaminated with Salmonella.  Vitae brand bird food contains parsley that has been recalled by Specialty Commodities due to Salmonella.,04/18/2013,08/27/2013,02/18/2014,09/04/2013,#2840225
Veterinary,No,,48735,Terminated,Merit Bird Co Llc,9001 Oso Ave Ste G,N/A,Chatsworth,CA,	91311-6225,United States,Voluntary: Firm initiated,Press Release,CA,V-298-2013,Class I,"Vitae Hookbill with Sunflower, 4lbs",103 bags,Merit Bird Company is recalling  Vitae brand bird food because it has the potential to be contaminated with Salmonella.  Vitae brand bird food contains parsley that has been recalled by Specialty Commodities due to Salmonella.,04/18/2013,08/27/2013,02/18/2014,09/04/2013,#2840252
Veterinary,No,,48735,Terminated,Merit Bird Co Llc,9001 Oso Ave Ste G,N/A,Chatsworth,CA,	91311-6225,United States,Voluntary: Firm initiated,Press Release,CA,V-299-2013,Class I,Vitae Large Hookbill 4lbs,112 bags,Merit Bird Company is recalling  Vitae brand bird food because it has the potential to be contaminated with Salmonella.  Vitae brand bird food contains parsley that has been recalled by Specialty Commodities due to Salmonella.,04/18/2013,08/27/2013,02/18/2014,09/04/2013,#2840279
Veterinary,No,,64309,Terminated,International Ingredient Corp,150 Larkin Williams Ind Ct,N/A,Fenton,MO,	63026-2409,United States,Voluntary: Firm initiated,Telephone,TX,V-300-2013,Class I,"Brewtech Dried Brewers Yeast, manufactured by International Ingredient Corporation, P.O. Box 26377, St. Louis, MO 63026 sold in 50 lb. bags, 2000 lb. bulk totes, and 2205 lb. bulk totes.","281,745 total pounds",The product has the potential to be contaminated with salmonella.,02/01/2013,08/27/2013,11/04/2014,09/04/2013,"Lot codes: FN-14-Z1, FN-15-Z1, FN-16-Z1, FN-17-Z1, FN-21-Z1, FN-22-Z1, FN-23-Z1"
Veterinary,No,,64811,Terminated,Cargill Animal Nutrition,16939 State Route 20,P.O. Box 629,Burlington,WA,	98233-0629,United States,Voluntary: Firm initiated,Telephone,Product was distributed to retail feed stores located in WA and ID.,V-301-2013,Class I,"Showmaster S-Series Show Lamb Feed (BW).  Cargill Animal Nutrition, General Office, Minneapolis, MN 55440.  UPC 7 22304 28992 8  50 lb bag",620 - 50 lb bags,The animal feed was manufactured with the incorrect concentration of sodium molybdate (molybdenum) thereby having an excessive amount of molybdenum.,03/28/2013,08/27/2013,09/04/2013,09/04/2013,"38306326464, 38306726610, and 38307426757  Lot code consists of four components: 38 - 3 - 063 - 26464  38= location code 38 = Burlington, WA  3 = year (2013)  063 = julian date code (63rd day of the year = March 4th)  26464 = represents the production run and is sequential run number from the batching system and matches up to the production records."
Veterinary,No,,64598,Terminated,BRAVO! LLC,1084 Hartford Tpke,N/A,Vernon,CT,	06066-4413,United States,Voluntary: Firm initiated,Letter,Nationwide,V-302-2013,Class I,"Bravo! Raw Food Diet Chicken Blend for Dogs and Cats, 2lb.  tube, frozen    Product Code: 21-102",230 cases (15x2lb) Code:  6_14_12 and 67 cases code 3_21_15,Product contaminated with Salmonella,03/13/2013,08/27/2013,06/07/2016,09/04/2013,Batch ID Code / Production Code Date 6_14_12 on white tag attached to the bottom of the plastic film tube.  Expanded Recall: Best Used By 3_21_15.
Veterinary,No,,64598,Terminated,BRAVO! LLC,1084 Hartford Tpke,N/A,Vernon,CT,	06066-4413,United States,Voluntary: Firm initiated,Letter,Nationwide,V-303-2013,Class I,"Bravo! Raw Food Diet Chicken Balance  For Dog and Cats, 5 lb bags, frozen    Product Code: 21-405",62 cases,Potential for Product  to be contaminated with Salmonella,03/13/2013,08/27/2013,06/07/2016,09/04/2013,"Best Used By"" dates of 3_6_15 and 3_12_15 imprinted on the side of the plastic casing."
Veterinary,No,,64598,Terminated,BRAVO! LLC,1084 Hartford Tpke,N/A,Vernon,CT,	06066-4413,United States,Voluntary: Firm initiated,Letter,Nationwide,V-304-2013,Class I,"Bravo!.Raw Food Diet Beef Blend Burgers  For Dog and Cats, 5 lb bags, frozen    Product Code: 51-508",102 bags,Potential for Product  to be contaminated with Salmonella,03/13/2013,08/27/2013,06/07/2016,09/04/2013,Best Used By 3_21_15 and 3_22_15 imprinted on the back panel of the plastic bag.    (Batch ID and Use by Dates are the same)
Veterinary,No,,64581,Terminated,"Schell & Kampeter, Inc.",103 N Olive,PO Box 156,Meta,MO,	65058-0156,United States,Voluntary: Firm initiated,E-Mail,"AL, CO, FL, GA, IN, KY, MD, MA, MI, MN, MO, NY, NC, OH, OK, PA, SC, VA, Canada, Costa Rica, Japan, Lebanon, Latvia, Poland, Russia, Sweden, Singapore, Slovenia, Taiwan",V-305-2013,Class I,"Premium Edge Finicky Adult Cat Formula, 6 lb. bags &18 lb. bags, Premium Edge¿ Pet Foods P.O. Box 156 Meta, MO 65058.",316 - 6 lb. bags; 2150 - 18 lb. bags,Product may contain low thiamine levels (vitamin B1).,03/09/2013,08/27/2013,05/13/2014,09/04/2013,"Production Codes: NGF0802, Best By: 15-Aug-2013, 16-Aug-2013 (6 lb. bags) and Production Codes: NGF0703, Best By: 10-Jul-2013(18 lb. bags)."
Veterinary,No,,64581,Terminated,"Schell & Kampeter, Inc.",103 N Olive,PO Box 156,Meta,MO,	65058-0156,United States,Voluntary: Firm initiated,E-Mail,"AL, CO, FL, GA, IN, KY, MD, MA, MI, MN, MO, NY, NC, OH, OK, PA, SC, VA, Canada, Costa Rica, Japan, Lebanon, Latvia, Poland, Russia, Sweden, Singapore, Slovenia, Taiwan",V-306-2013,Class I,"Premium Edge Senior Cat Hairball Management Formula, 6 lb. and 18 lb. bags, Premium Edge¿ Pet Foods P.O. Box 156 Meta, MO 65058.",208 - 6 lb. bags; 2150 - 18 lb. bags,Product may contain low thiamine levels (vitamin B1).,03/09/2013,08/27/2013,05/13/2014,09/04/2013,"Production Codes: NGS0101, Best By: 03-Jan-2014, 04-Jan-2014 and Production Codes: NGS0702, Best By: 10-Jul-2013."
Veterinary,No,,64581,Terminated,"Schell & Kampeter, Inc.",103 N Olive,PO Box 156,Meta,MO,	65058-0156,United States,Voluntary: Firm initiated,E-Mail,"AL, CO, FL, GA, IN, KY, MD, MA, MI, MN, MO, NY, NC, OH, OK, PA, SC, VA, Canada, Costa Rica, Japan, Lebanon, Latvia, Poland, Russia, Sweden, Singapore, Slovenia, Taiwan",V-307-2013,Class I,"Premium Edge Kitten Formula, 6 oz. samples, 6 lb. and 18 lb. bags, Premium Edge Pet Foods P.O. Box 156 Meta, MO 65058.",43 - 6 oz. bags; 286 - 6 lb. bags; 1400 - 18 lb. bags,Product may contain low thiamine levels (vitamin B1).,03/09/2013,08/27/2013,05/13/2014,09/04/2013,"Production Code: MKT0901; Best Before: 26-Sept-2013, 29-Sept-2013, 30-Sept-2013 and 02-Oct-2013"
Veterinary,No,,64581,Terminated,"Schell & Kampeter, Inc.",103 N Olive,PO Box 156,Meta,MO,	65058-0156,United States,Voluntary: Firm initiated,E-Mail,"AL, CO, FL, GA, IN, KY, MD, MA, MI, MN, MO, NY, NC, OH, OK, PA, SC, VA, Canada, Costa Rica, Japan, Lebanon, Latvia, Poland, Russia, Sweden, Singapore, Slovenia, Taiwan",V-308-2013,Class I,"Diamond Naturals Kitten Formula, 6 oz. samples and 6 lb. bags, Proudly made by Diamond Pet Foods, Meta, MO 65058 USA.",14 - 6 oz. bags; 287 - 6 lb. bags,Product may contain low thiamine levels (vitamin B1).,03/09/2013,08/27/2013,05/13/2014,09/04/2013,"Production Codes: MKT0901, Best By: 30-Sept-2013"
Veterinary,No,,64581,Terminated,"Schell & Kampeter, Inc.",103 N Olive,PO Box 156,Meta,MO,	65058-0156,United States,Voluntary: Firm initiated,E-Mail,"AL, CO, FL, GA, IN, KY, MD, MA, MI, MN, MO, NY, NC, OH, OK, PA, SC, VA, Canada, Costa Rica, Japan, Lebanon, Latvia, Poland, Russia, Sweden, Singapore, Slovenia, Taiwan",V-309-2013,Class I,"4health All Life Stages Cat Formula, 5 lb. and 18 lb. bags, Distributed By:  Tractor Supply Company, 200 Powell Place, Brentwood, TN 37027.  ",450 - 5 lb. bags; 1784 - 18 lb. bags,Product may contain low thiamine levels (vitamin B1).,03/09/2013,08/27/2013,05/13/2014,09/04/2013,"Production Codes: NGF0802, Best By: 14-Aug-2013 and 18-Aug-2013."
Veterinary,No,,64581,Terminated,"Schell & Kampeter, Inc.",103 N Olive,PO Box 156,Meta,MO,	65058-0156,United States,Voluntary: Firm initiated,E-Mail,"AL, CO, FL, GA, IN, KY, MD, MA, MI, MN, MO, NY, NC, OH, OK, PA, SC, VA, Canada, Costa Rica, Japan, Lebanon, Latvia, Poland, Russia, Sweden, Singapore, Slovenia, Taiwan",V-310-2013,Class I,"Nutra Gold Indoor Kitten Formula, 3 Kilogram and l Kilogram",195 - 3 KG bags; 94 - 1 KG bags,Product may contain low thiamine levels (vitamin B1).,03/09/2013,08/27/2013,05/13/2014,09/04/2013,"Production Code: MKT0901, Best By: 26-Sep-2014 and 26-Mar-2014."
Veterinary,No,,65986,Terminated,Sparhawk Laboratories Inc,12340 Santa Fe Trail Dr,N/A,Lenexa,KS,	66215-3587,United States,Voluntary: Firm initiated,Letter,Distribution was made to MO and OH.,V-311-2013,Class II,"Sparhawk Laboratories, Inc. Atropine Sulfate 1/120 Injectable Solution, each mL of sterile solution contains 0.54 mg. atropine sulfate, packaged in 100-ml. vials, RX, Manufactured for Sparhawk Laboratories, Inc., Lenexa, KS.","7,228/100-ml. vials",The lot failed stability at the 12-mo. testing interval (low).,08/05/2013,08/28/2013,05/29/2014,09/04/2013,"Lot number 120078, Exp. 11/2013"
Veterinary,No,,66042,Terminated,"Wedgewood Village Pharmacy, Inc.",405 Heron Dr,Suite 200,Swedesboro,NJ,	08085-1749,United States,Voluntary: Firm initiated,Telephone,Nationwide,V-312-2013,Class II,"Pentosan Polysulfate Sodium  (K9) 150 mg/ml aqueous solution for injection, for Veterinary Use only 10 mL Sterile amber vials Refrigerated Storage required.  Item Code PENTOS-INJ007VC    This preparation is dispensed with a prescription label, so each vial would be individually labeled with specific information containing not only the drug name, strength, etc. but also the patient name, prescriber name, and directions for use.",34 units,Routine endotoxin testing of this batch indicated that the finished injection solution contained a concentration of endotoxins exceeding established endotoxin concentration limits.A second sample tested from this same lot confirmed the higher than expected endotoxin concentration. Compounding/compounded veterinary products.,06/28/2013,09/04/2013,02/13/2015,09/11/2013,"Lot number 20130618@409, Beyond Use Date 12/15/2013"
Veterinary,No,,65884,Terminated,"Beacon Hill Medical Pharmacy, P.C.",18161 W 13 Mile Rd,Suite A1,Southfield,MI,	48076-1113,United States,Voluntary: Firm initiated,Telephone,Nationwide,V-313-2013,Class II,Apomorphine HCL   3 MG/ML INJECTABLE  Sterile  Rx Only,18.5 mls,Lack of sterility assurance of sterile Rx injectable and opthalmic drug compounding/compounded veterinary products.,07/26/2013,09/30/2013,07/18/2014,10/09/2013,Lot # 03142013@7  Date Made 3/14/2013
Veterinary,No,,65884,Terminated,"Beacon Hill Medical Pharmacy, P.C.",18161 W 13 Mile Rd,Suite A1,Southfield,MI,	48076-1113,United States,Voluntary: Firm initiated,Telephone,Nationwide,V-314-2013,Class II,Buprenorphine  .3 MG/ML INJECTABLE  Buprenorphine  .5 MG/ML INJECTABLE  Sterile  Rx Only,1386 mls (all lots),Lack of sterility assurance of sterile Rx injectable and opthalmic drug compounding/compounded veterinary products.,07/26/2013,09/30/2013,07/18/2014,10/09/2013,"Lot #""s:   01222013@4 (Date Made 1/22/2013),   02222013@2(Date Made 2/22/2013) ,   03142013@3 (Date Made 3/14/2013),   04182013@12 (Date Made 4/18/2013),   05062013@15 (Date Made 5/6/2013) ,   07082013@25 (Date Made 7/8/2013) ,   01022013@12 ( Date Made 1/2/2013),   04022013@25 ( Date Made 4/2/2013),   07082013@23 (Date Made 7/8/2013)"
Veterinary,No,,65884,Terminated,"Beacon Hill Medical Pharmacy, P.C.",18161 W 13 Mile Rd,Suite A1,Southfield,MI,	48076-1113,United States,Voluntary: Firm initiated,Telephone,Nationwide,V-315-2013,Class II,Cyclosporine (A) 2% (PF) Aqueous Susp  Sterile  Rx Only,18 mls,Lack of sterility assurance of sterile Rx injectable and opthalmic drug compounding/compounded veterinary products.,07/26/2013,09/30/2013,07/18/2014,10/09/2013,"Lot #"":   06032013@6 (Date Made 6/3/2013)"
Veterinary,No,,65884,Terminated,"Beacon Hill Medical Pharmacy, P.C.",18161 W 13 Mile Rd,Suite A1,Southfield,MI,	48076-1113,United States,Voluntary: Firm initiated,Telephone,Nationwide,V-316-2013,Class II,Diazepam 5MG/ML INJECTABLE  Sterile  Rx Only,360 mls  all lots,Lack of sterility assurance of sterile Rx injectable and opthalmic drug compounding/compounded veterinary products.,07/26/2013,09/30/2013,07/18/2014,10/09/2013,Lot #'s:  01212013@13 (Date Made 1/21/2013)  05302013@8 (Date Made 5/30/2013)
Veterinary,No,,65884,Terminated,"Beacon Hill Medical Pharmacy, P.C.",18161 W 13 Mile Rd,Suite A1,Southfield,MI,	48076-1113,United States,Voluntary: Firm initiated,Telephone,Nationwide,V-317-2013,Class II,Meloxicam  10 MG/ML INJECTABLE  Sterile  Rx Only,617 mls both concentrations,Lack of sterility assurance of sterile Rx injectable and opthalmic drug compounding/compounded veterinary products.,07/26/2013,09/30/2013,07/18/2014,10/09/2013,Lot #'s:  07112013@10 (Date Made 7/11/2013)  01172013@5 (Date Made 1/17/2013)  03012013@20 (Date Made 3/1/2013)  03142013@8 (Date Made 3/14/2013)
Veterinary,No,,65884,Terminated,"Beacon Hill Medical Pharmacy, P.C.",18161 W 13 Mile Rd,Suite A1,Southfield,MI,	48076-1113,United States,Voluntary: Firm initiated,Telephone,Nationwide,V-318-2013,Class II,Tacrolimus Solution 0.02% OPTHALMIC  Sterile   Rx Only,234 mls,Lack of sterility assurance of sterile Rx injectable and opthalmic drug compounding/compounded veterinary products.,07/26/2013,09/30/2013,07/18/2014,10/09/2013,Lot #'s:  03192013@34 (Date Made 3/19/2013)  01282013@19 (Date Made 1/28/2013)
