Product Type,Recently Updated Record,Last Modified Date,Event ID,Status,Recalling Firm,Address1,Address2,City,State/Province,Postal Code,Country,Voluntary/Mandated,Initial Firm Notification of Consignee or Public,Distribution Pattern,Recall Number,Classification,Product Description,Product Quantity,Reason for Recall,Recall Initiation Date,Center Classification Date,Termination Date,Report Date,Code Info
"Veterinary","No","","64642","Terminated","Natura Manufacturing, Inc.","2779 Rademakers Way","N/A","Fremont","NE","	68025-8044","United States","Voluntary: Firm initiated","Two or more of the following: Email, Fax, Letter, Press Release, Telephone, Visit","Distribution was nationwide.  Foreign distribution was made to Canada, Hong Kong, Korea, Japan, Malaysia, and Costa Rica.","V-130-2016","Class I","EVO Turkey & Chicken Formula Cat & Kitten Food, packaged in 4-oz. (UPC 751485152509), 2.2- lb. (UPC 751485414027), 6.6-lb. (UPC 751485414010), and 15.4-lb. (UPC 751485414003)  bags.   Manufactured by: Natura Pet Products, Inc., Fremont, NE.","658,903 bags","Product is potentially contaminated with Salmonella.","03/18/2013","01/21/2016","01/28/2016","01/27/2016","All expiration dates prior to and including March 24, 2014."
"Veterinary","No","","64642","Terminated","Natura Manufacturing, Inc.","2779 Rademakers Way","N/A","Fremont","NE","	68025-8044","United States","Voluntary: Firm initiated","Two or more of the following: Email, Fax, Letter, Press Release, Telephone, Visit","Distribution was nationwide.  Foreign distribution was made to Canada, Hong Kong, Korea, Japan, Malaysia, and Costa Rica.","V-131-2016","Class I","EVO Herring & Salmon Formula Cat & Kitten Food, packaged in 4-oz. (UPC 751485152516), 2.2- lb. (UPC 751485414126), 6.6-lb. (UPC 751485414119), and 15.4-lb. (UPC 751485414102)  bags.   Manufactured by: Natura Pet Products, Inc., Fremont, NE.","217,690 bags","Product is potentially contaminated with Salmonella.","03/18/2013","01/21/2016","01/28/2016","01/27/2016","All expiration dates prior to and including March 24, 2014."
"Veterinary","No","","64642","Terminated","Natura Manufacturing, Inc.","2779 Rademakers Way","N/A","Fremont","NE","	68025-8044","United States","Voluntary: Firm initiated","Two or more of the following: Email, Fax, Letter, Press Release, Telephone, Visit","Distribution was nationwide.  Foreign distribution was made to Canada, Hong Kong, Korea, Japan, Malaysia, and Costa Rica.","V-132-2016","Class I","EVO Weight Management Adult Cat Food, packaged in 4-oz. (UPC 751485152523), 2.2- lb. (UPC 751485414072), 6.6-lb. (UPC 751485414065), and 15.4-lb. (UPC 751485414058)  bags.   Manufactured by: Natura Pet Products, Inc., Fremont, NE.","172,729 bags","Product is potentially contaminated with Salmonella.","03/18/2013","01/21/2016","01/28/2016","01/27/2016","All expiration dates prior to and including March 24, 2014."
"Veterinary","No","","64642","Terminated","Natura Manufacturing, Inc.","2779 Rademakers Way","N/A","Fremont","NE","	68025-8044","United States","Voluntary: Firm initiated","Two or more of the following: Email, Fax, Letter, Press Release, Telephone, Visit","Distribution was nationwide.  Foreign distribution was made to Canada, Hong Kong, Korea, Japan, Malaysia, and Costa Rica.","V-133-2016","Class I","EVO Wild Cravings Herring & Salmon Formula Savory Treats for Cats, packaged in 3-oz. bags, UPC 751485414805.  The firm name on the label is Natura Pet Products, Davis, CA.","97,308 bags","Product is potentially contaminated with Salmonella.","03/18/2013","01/21/2016","01/28/2016","01/27/2016","All expiration dates prior to and including March 24, 2014."
"Veterinary","No","","64642","Terminated","Natura Manufacturing, Inc.","2779 Rademakers Way","N/A","Fremont","NE","	68025-8044","United States","Voluntary: Firm initiated","Two or more of the following: Email, Fax, Letter, Press Release, Telephone, Visit","Distribution was nationwide.  Foreign distribution was made to Canada, Hong Kong, Korea, Japan, Malaysia, and Costa Rica.","V-134-2016","Class I","EVO Wild Cravings Turkey & Chicken Formula Savory Treats for Cats, packaged in 3-oz. bags, UPC 751485414706.  The firm name on the label is Natura Pet Products, Davis, CA.","65,124 bags","Product is potentially contaminated with Salmonella.","03/18/2013","01/21/2016","01/28/2016","01/27/2016","All expiration dates prior to and including March 24, 2014."
"Veterinary","No","","64642","Terminated","Natura Manufacturing, Inc.","2779 Rademakers Way","N/A","Fremont","NE","	68025-8044","United States","Voluntary: Firm initiated","Two or more of the following: Email, Fax, Letter, Press Release, Telephone, Visit","Distribution was nationwide.  Foreign distribution was made to Canada, Hong Kong, Korea, Japan, Malaysia, and Costa Rica.","V-135-2016","Class I","EVO Wild Cravings Weight Management Savory Treats for Cats, packaged in 3-oz. bags, UPC 751485414751.   The firm name on the label is Natura Pet Products, Davis, CA.","24,372 bags","Product is potentially contaminated with Salmonella.","03/18/2013","01/21/2016","01/28/2016","01/27/2016","All expiration dates prior to and including March 24, 2014."
"Veterinary","No","","64642","Terminated","Natura Manufacturing, Inc.","2779 Rademakers Way","N/A","Fremont","NE","	68025-8044","United States","Voluntary: Firm initiated","Two or more of the following: Email, Fax, Letter, Press Release, Telephone, Visit","Distribution was nationwide.  Foreign distribution was made to Canada, Hong Kong, Korea, Japan, Malaysia, and Costa Rica.","V-136-2016","Class I","EVO Herring & Salmon Formula Adult Dog Food, packaged in 4-oz. (UPC 751485152066), 6.6-lb. (UPC 751485126821), 13.2-lb (UPC 751485126814), and 28.6-lb. (UPC 751485126807) bags, Manufactured by Natura Pet Products, Inc., Fremont, NE.","188,581 bags","Product is potentially contaminated with Salmonella.","03/18/2013","01/21/2016","01/28/2016","01/27/2016","All expiration dates prior to and including March 24, 2014"
"Veterinary","No","","64642","Terminated","Natura Manufacturing, Inc.","2779 Rademakers Way","N/A","Fremont","NE","	68025-8044","United States","Voluntary: Firm initiated","Two or more of the following: Email, Fax, Letter, Press Release, Telephone, Visit","Distribution was nationwide.  Foreign distribution was made to Canada, Hong Kong, Korea, Japan, Malaysia, and Costa Rica.","V-137-2016","Class I","EVO Red Meat Formula Dog Food, packaged in 4-oz. (UPC 751485152042), 6.6-lb. (UPC 751485126777), 13.2-lb (UPC 751485126760), and 28.6-lb. (UPC 751485126753) bags. Manufactured by Natura Pet Products, Inc., Fremont, NE.","196,659 bags","Product is potentially contaminated with Salmonella.","03/18/2013","01/21/2016","01/28/2016","01/27/2016","All expiration dates prior to and including March 24, 2014"
"Veterinary","No","","64642","Terminated","Natura Manufacturing, Inc.","2779 Rademakers Way","N/A","Fremont","NE","	68025-8044","United States","Voluntary: Firm initiated","Two or more of the following: Email, Fax, Letter, Press Release, Telephone, Visit","Distribution was nationwide.  Foreign distribution was made to Canada, Hong Kong, Korea, Japan, Malaysia, and Costa Rica.","V-138-2016","Class I","EVO Red Meat Formula Small Bites Dog Food, packaged in 4-oz. (UPC 751485152028), 2.2-lb. (UPC 751485126746); 6.6-lb. (UPC 751485126722), 13.2-lb (UPC 751485126715), and 28.6-lb. (UPC 751485126708) bags.  Manufactured by Natura Pet Products, Inc., Fremont, NE.","257,002 bags","Product is potentially contaminated with Salmonella.","03/18/2013","01/21/2016","01/28/2016","01/27/2016","All expiration dates prior to and including March 24, 2014"
"Veterinary","No","","64642","Terminated","Natura Manufacturing, Inc.","2779 Rademakers Way","N/A","Fremont","NE","	68025-8044","United States","Voluntary: Firm initiated","Two or more of the following: Email, Fax, Letter, Press Release, Telephone, Visit","Distribution was nationwide.  Foreign distribution was made to Canada, Hong Kong, Korea, Japan, Malaysia, and Costa Rica.","V-139-2016","Class I","EVO Turkey & Chicken Formula Dog Food, packaged in 4-oz. (UPC 751485152011); 6.6-lb. (UPC 751485126074), 13.2-lb (UPC 751485126067), and 28.6-lb. (UPC 751485126050) bags.  Manufactured by Natura Pet Products, Inc., Fremont, NE.","226,495 bags","Product is potentially contaminated with Salmonella.","03/18/2013","01/21/2016","01/28/2016","01/27/2016","All expiration dates prior to and including March 24, 2014"
"Veterinary","No","","64642","Terminated","Natura Manufacturing, Inc.","2779 Rademakers Way","N/A","Fremont","NE","	68025-8044","United States","Voluntary: Firm initiated","Two or more of the following: Email, Fax, Letter, Press Release, Telephone, Visit","Distribution was nationwide.  Foreign distribution was made to Canada, Hong Kong, Korea, Japan, Malaysia, and Costa Rica.","V-140-2016","Class I","EVO Turkey & Chicken Formula Small Bites Dog Food, packaged in 4-oz. (UPC 751485152004); 2.2-lb. (UPC 751485126043), 6.6-lb. (UPC 751485126036), 13.2-lb (UPC 751485126012), and 28.6-lb. (UPC 751485126005) bags.  Manufactured by Natura Pet Products, Inc., Fremont, NE.","419,737 bags","Product is potentially contaminated with Salmonella.","03/18/2013","01/21/2016","01/28/2016","01/27/2016","All expiration dates prior to and including March 24, 2014"
"Veterinary","No","","64642","Terminated","Natura Manufacturing, Inc.","2779 Rademakers Way","N/A","Fremont","NE","	68025-8044","United States","Voluntary: Firm initiated","Two or more of the following: Email, Fax, Letter, Press Release, Telephone, Visit","Distribution was nationwide.  Foreign distribution was made to Canada, Hong Kong, Korea, Japan, Malaysia, and Costa Rica.","V-141-2016","Class I","EVO Weight Management Adult Dog Food, packaged in 4-oz. (UPC 751485152059); 6.6-lb. (UPC 751485126180), 13.2-lb (UPC 751485126173), and 28.6-lb. (UPC 751485126166) bags.  Manufactured by Natura Pet Products, Inc., Fremont, NE.","146,564 bags","Product is potentially contaminated with Salmonella.","03/18/2013","01/21/2016","01/28/2016","01/27/2016","All expiration dates prior to and including March 24, 2014"
"Veterinary","No","","64642","Terminated","Natura Manufacturing, Inc.","2779 Rademakers Way","N/A","Fremont","NE","	68025-8044","United States","Voluntary: Firm initiated","Two or more of the following: Email, Fax, Letter, Press Release, Telephone, Visit","Distribution was nationwide.  Foreign distribution was made to Canada, Hong Kong, Korea, Japan, Malaysia, and Costa Rica.","V-142-2016","Class I","EVO Senior Formula Dog Food, packaged in 4-oz. (UPC 751485152554); 6.6-lb. (UPC 751485126876), 13.2-lb (UPC 751485126869), and 28.6-lb. (UPC 751485126852) bags.  Manufactured by Natura Pet Products, Inc., Fremont, NE.","41,542 bags","Product is potentially contaminated with Salmonella.","03/18/2013","01/21/2016","01/28/2016","01/27/2016","All expiration dates prior to and including March 24, 2014"
"Veterinary","No","","64642","Terminated","Natura Manufacturing, Inc.","2779 Rademakers Way","N/A","Fremont","NE","	68025-8044","United States","Voluntary: Firm initiated","Two or more of the following: Email, Fax, Letter, Press Release, Telephone, Visit","Distribution was nationwide.  Foreign distribution was made to Canada, Hong Kong, Korea, Japan, Malaysia, and Costa Rica.","V-143-2016","Class I","EVO Ferret Food, packaged in 6.6-lb. bags, UPC 751485421018.  The firm name on the label is Natura Pet Products, Davis, CA.","24,670 bags","Product is potentially contaminated with Salmonella.","03/18/2013","01/21/2016","01/28/2016","01/27/2016","All expiration dates prior to and including March 24, 2014"
"Veterinary","No","","64642","Terminated","Natura Manufacturing, Inc.","2779 Rademakers Way","N/A","Fremont","NE","	68025-8044","United States","Voluntary: Firm initiated","Two or more of the following: Email, Fax, Letter, Press Release, Telephone, Visit","Distribution was nationwide.  Foreign distribution was made to Canada, Hong Kong, Korea, Japan, Malaysia, and Costa Rica.","V-144-2016","Class I","HealthWise Chicken Meal & Rice Formula Food for Adult Cats & Kittens, packaged in 4-oz. (UPC 75148154459), 5-lb. (UPC 751485707754), 16.5-lb. (UPC 751485707709), and 18.5-lb. (UPC 751485707808) bags.  The firm name on the label is Natura Pet Products, Santa Clara, CA.","154,230 bags","Product is potentially contaminated with Salmonella.","03/18/2013","01/21/2016","01/28/2016","01/27/2016","All expiration dates prior to and including March 24, 2014"
"Veterinary","No","","64642","Terminated","Natura Manufacturing, Inc.","2779 Rademakers Way","N/A","Fremont","NE","	68025-8044","United States","Voluntary: Firm initiated","Two or more of the following: Email, Fax, Letter, Press Release, Telephone, Visit","Distribution was nationwide.  Foreign distribution was made to Canada, Hong Kong, Korea, Japan, Malaysia, and Costa Rica.","V-145-2016","Class I","HealthWise Chicken Meal & Oatmeal Formula Adult Dog Food, packaged in 4-oz. (UPC 7514815154411), 5-lb. (UPC 751485707129), 17.5-lb. (UPC 751485707112), 35-lb. (UPC 751485707105), and 38.5-lb. (UPC 751485707044) bags. The firm name on the label is Natura Pet Products, Santa Clara, CA.","146,361 bags","Product is potentially contaminated with Salmonella.","03/18/2013","01/21/2016","01/28/2016","01/27/2016","All expiration dates prior to and including March 24, 2014"
"Veterinary","No","","64642","Terminated","Natura Manufacturing, Inc.","2779 Rademakers Way","N/A","Fremont","NE","	68025-8044","United States","Voluntary: Firm initiated","Two or more of the following: Email, Fax, Letter, Press Release, Telephone, Visit","Distribution was nationwide.  Foreign distribution was made to Canada, Hong Kong, Korea, Japan, Malaysia, and Costa Rica.","V-146-2016","Class I","HealthWise Chicken Meal & Oatmeal Formula Adult Dog Food for Active Adult Dogs, packaged in 4-oz. (UPC 751485154404),  5-lb. (UPC 751485707020), 17.5-lb. (UPC 751485707013), and 35-lb. (UPC 751485707006) bags.  The firm name on the label is Natura Pet Products, Santa Clara, CA.","21,014 bags","Product is potentially contaminated with Salmonella.","03/18/2013","01/21/2016","01/28/2016","01/27/2016","All expiration dates prior to and including March 24, 2014"
"Veterinary","No","","64642","Terminated","Natura Manufacturing, Inc.","2779 Rademakers Way","N/A","Fremont","NE","	68025-8044","United States","Voluntary: Firm initiated","Two or more of the following: Email, Fax, Letter, Press Release, Telephone, Visit","Distribution was nationwide.  Foreign distribution was made to Canada, Hong Kong, Korea, Japan, Malaysia, and Costa Rica.","V-147-2016","Class I","HealthWise Chicken Meal & Oatmeal Formula Weight Control Natural Premium Adult Dog Food, packaged in 4-oz. (UPC 751485154428),  5-lb. (UPC 751485707228), 17.5-lb. (UPC 751485707211), and 35-lb. (UPC 751485707204) bags.  The firm name on the label is Natura Pet Products, Santa Clara, CA.","39,018 bags","Product is potentially contaminated with Salmonella.","03/18/2013","01/21/2016","01/28/2016","01/27/2016","All expiration dates prior to and including March 24, 2014"
"Veterinary","No","","64642","Terminated","Natura Manufacturing, Inc.","2779 Rademakers Way","N/A","Fremont","NE","	68025-8044","United States","Voluntary: Firm initiated","Two or more of the following: Email, Fax, Letter, Press Release, Telephone, Visit","Distribution was nationwide.  Foreign distribution was made to Canada, Hong Kong, Korea, Japan, Malaysia, and Costa Rica.","V-148-2016","Class I","HealthWise Lamb Meal & Oatmeal Formula Natural Premium Adult Dog Food, packaged in 4-oz. (UPC 751485154442),  5-lb. (UPC 751485707426), 17.5-lb. (UPC 751485707419), and 35-lb. (UPC 751485707402) bags.  The firm name on the label is Natura Pet Products, Santa Clara, CA.","42,936 bags","Product is potentially contaminated with Salmonella.","03/18/2013","01/21/2016","01/28/2016","01/27/2016","All expiration dates prior to and including March 24, 2014"
"Veterinary","No","","64642","Terminated","Natura Manufacturing, Inc.","2779 Rademakers Way","N/A","Fremont","NE","	68025-8044","United States","Voluntary: Firm initiated","Two or more of the following: Email, Fax, Letter, Press Release, Telephone, Visit","Distribution was nationwide.  Foreign distribution was made to Canada, Hong Kong, Korea, Japan, Malaysia, and Costa Rica.","V-149-2016","Class I","HealthWise Chicken Meal & Brown Rice Formula Natural Premium Puppy Food, packaged in 4-oz. (UPC 751485154435),  5-lb. (UPC 751485707327), 17.5-lb. (UPC 751485707310), and 35-lb. (UPC 751485707303) bags.  The firm name on the label is Natura Pet Products, Santa Clara, CA.","42,388 bags","Product is potentially contaminated with Salmonella.","03/18/2013","01/21/2016","01/28/2016","01/27/2016","All expiration dates prior to and including March 24, 2014"
"Veterinary","No","","64642","Terminated","Natura Manufacturing, Inc.","2779 Rademakers Way","N/A","Fremont","NE","	68025-8044","United States","Voluntary: Firm initiated","Two or more of the following: Email, Fax, Letter, Press Release, Telephone, Visit","Distribution was nationwide.  Foreign distribution was made to Canada, Hong Kong, Korea, Japan, Malaysia, and Costa Rica.","V-150-2016","Class I","Innova Prime Grain Free Chicken & Turkey Formula Adult Cat Food, packaged in 4-oz. (UPC 751485153155),  2-lb. (UPC 751485414041), 5-lb. (UPC 751485413990), and 12-lb. (UPC 751485413983) bags.  Manufactured by Natura Pet Products, Inc., Fremont, NE.","114,170 bags","Product is potentially contaminated with Salmonella.","03/18/2013","01/21/2016","01/28/2016","01/27/2016","All expiration dates prior to and including March 24, 2014"
"Veterinary","No","","64642","Terminated","Natura Manufacturing, Inc.","2779 Rademakers Way","N/A","Fremont","NE","	68025-8044","United States","Voluntary: Firm initiated","Two or more of the following: Email, Fax, Letter, Press Release, Telephone, Visit","Distribution was nationwide.  Foreign distribution was made to Canada, Hong Kong, Korea, Japan, Malaysia, and Costa Rica.","V-151-2016","Class I","Innova Cat Food, packaged in 4-oz. (UPC 751485159959),  2.2-lb. (UPC 751485413877), 6-lb. (UPC 751485413938), 6-lb. bilingual (UPC 751485125831) and 15-lb. (UPC 751485413921) bags.  Manufactured by Natura Pet Products, Inc., Fremont, NE.","318,838 bags","Product is potentially contaminated with Salmonella.","03/18/2013","01/21/2016","01/28/2016","01/27/2016","All expiration dates prior to and including March 24, 2014"
"Veterinary","No","","64642","Terminated","Natura Manufacturing, Inc.","2779 Rademakers Way","N/A","Fremont","NE","	68025-8044","United States","Voluntary: Firm initiated","Two or more of the following: Email, Fax, Letter, Press Release, Telephone, Visit","Distribution was nationwide.  Foreign distribution was made to Canada, Hong Kong, Korea, Japan, Malaysia, and Costa Rica.","V-152-2016","Class I","Innova Weight Management Adult Cat Food, packaged in 4-oz. (UPC 751485159881),  2.2-lb. (UPC 751485413914), 6-lb. (UPC 751485413907), and 15-lb. (UPC 751485413891) bags.  Manufactured by Natura Pet Products, Inc., Fremont, NE.","192,331 bags","Product is potentially contaminated with Salmonella.","03/18/2013","01/21/2016","01/28/2016","01/27/2016","All expiration dates prior to and including March 24, 2014"
"Veterinary","No","","64642","Terminated","Natura Manufacturing, Inc.","2779 Rademakers Way","N/A","Fremont","NE","	68025-8044","United States","Voluntary: Firm initiated","Two or more of the following: Email, Fax, Letter, Press Release, Telephone, Visit","Distribution was nationwide.  Foreign distribution was made to Canada, Hong Kong, Korea, Japan, Malaysia, and Costa Rica.","V-153-2016","Class I","Innova Senior Cat Food, packaged in 4-oz. (UPC 751485159980),  2.2-lb. (UPC 751485416038), 6-lb. (UPC 751485416083), and 15-lb. (UPC 751485416076) bags.  Manufactured by Natura Pet Products, Inc., Fremont, NE.","117,859 bags","Product is potentially contaminated with Salmonella.","03/18/2013","01/21/2016","01/28/2016","01/27/2016","All expiration dates prior to and including March 24, 2014"
"Veterinary","No","","64642","Terminated","Natura Manufacturing, Inc.","2779 Rademakers Way","N/A","Fremont","NE","	68025-8044","United States","Voluntary: Firm initiated","Two or more of the following: Email, Fax, Letter, Press Release, Telephone, Visit","Distribution was nationwide.  Foreign distribution was made to Canada, Hong Kong, Korea, Japan, Malaysia, and Costa Rica.","V-154-2016","Class I","Innova Cat Treats, packaged in 3-oz. bags, UPC 751485413013.  Manufactured by Natura Pet Products, Inc., Fremont, NE.","70,128 bags","Product is potentially contaminated with Salmonella.","03/18/2013","01/21/2016","01/28/2016","01/27/2016","All expiration dates prior to and including March 24, 2014"
"Veterinary","No","","64642","Terminated","Natura Manufacturing, Inc.","2779 Rademakers Way","N/A","Fremont","NE","	68025-8044","United States","Voluntary: Firm initiated","Two or more of the following: Email, Fax, Letter, Press Release, Telephone, Visit","Distribution was nationwide.  Foreign distribution was made to Canada, Hong Kong, Korea, Japan, Malaysia, and Costa Rica.","V-155-2016","Class I","Innova Prime Grain Free Beef & Lamb Meat Formula Adult Dog Food, packaged 4-oz. (UPC 751485153148),   5-lb. (UPC 751485127323), 12-lb. (UPC 751485127316), and 25-lb. (751485127309) bags.  Manufactured by Natura Pet Products, Inc., Fremont, NE.","84,251 bags","Product is potentially contaminated with Salmonella.","03/18/2013","01/21/2016","01/28/2016","01/27/2016","All expiration dates prior to and including March 24, 2014"
"Veterinary","No","","64642","Terminated","Natura Manufacturing, Inc.","2779 Rademakers Way","N/A","Fremont","NE","	68025-8044","United States","Voluntary: Firm initiated","Two or more of the following: Email, Fax, Letter, Press Release, Telephone, Visit","Distribution was nationwide.  Foreign distribution was made to Canada, Hong Kong, Korea, Japan, Malaysia, and Costa Rica.","V-156-2016","Class I","Innova Prime Grain Free Chicken & Turkey Formula Adult Dog Food, packaged 4-oz. (UPC 751485153124),   5-lb. (UPC 751485127262), 12-lb. (UPC 751485127255), and 25-lb. (UPC 751485127248) bags.  Manufactured by Natura Pet Products, Inc., Fremont, NE.","119,822 bags","Product is potentially contaminated with Salmonella.","03/18/2013","01/21/2016","01/28/2016","01/27/2016","All expiration dates prior to and including March 24, 2014"
"Veterinary","No","","64642","Terminated","Natura Manufacturing, Inc.","2779 Rademakers Way","N/A","Fremont","NE","	68025-8044","United States","Voluntary: Firm initiated","Two or more of the following: Email, Fax, Letter, Press Release, Telephone, Visit","Distribution was nationwide.  Foreign distribution was made to Canada, Hong Kong, Korea, Japan, Malaysia, and Costa Rica.","V-157-2016","Class I","Innova Prime Grain Free Salmon & Herring Formula Adult Dog Food, packaged 4-oz. (UPC 751485153131),  5-lb. (UPC 751485127293), 12-lb. (UPC 751485127286), and 25-lb. (751485127279) bags.  Manufactured by Natura Pet Products, Inc., Fremont, NE.","86,936 bags","Product is potentially contaminated with Salmonella.","03/18/2013","01/21/2016","01/28/2016","01/27/2016","All expiration dates prior to and including March 24, 2014"
"Veterinary","No","","64642","Terminated","Natura Manufacturing, Inc.","2779 Rademakers Way","N/A","Fremont","NE","	68025-8044","United States","Voluntary: Firm initiated","Two or more of the following: Email, Fax, Letter, Press Release, Telephone, Visit","Distribution was nationwide.  Foreign distribution was made to Canada, Hong Kong, Korea, Japan, Malaysia, and Costa Rica.","V-158-2016","Class I","Innova Salmon & Herring Formula Adult Dog Food, packaged 4-oz. (UPC 751485123653),  5-lb. (UPC 751485123646), 12-lb. (UPC 751485123639), and 25-lb. (751485123622) bags.  Manufactured by Natura Pet Products, Inc., Fremont, NE.","49,203 bags","Product is potentially contaminated with Salmonella.","03/18/2013","01/21/2016","01/28/2016","01/27/2016","All expiration dates prior to and including March 24, 2014"
"Veterinary","No","","64642","Terminated","Natura Manufacturing, Inc.","2779 Rademakers Way","N/A","Fremont","NE","	68025-8044","United States","Voluntary: Firm initiated","Two or more of the following: Email, Fax, Letter, Press Release, Telephone, Visit","Distribution was nationwide.  Foreign distribution was made to Canada, Hong Kong, Korea, Japan, Malaysia, and Costa Rica.","V-159-2016","Class I","Innova Adult Dog Food-Large Bites, packaged 4-oz. (UPC 751485159904),  2.2-lb. (UPC 751485123769), 6-lb. (UPC 751485123226), 15-lb. (UPC 751485123219), 30-lb. (751485123202), and 30-lb. bilingual (UPC 751485125527) bags.  Manufactured by Natura Pet Products, Inc., Fremont, NE.","500,364 bags","Product is potentially contaminated with Salmonella.","03/18/2013","01/21/2016","01/28/2016","01/27/2016","All expiration dates prior to and including March 24, 2014"
"Veterinary","No","","64642","Terminated","Natura Manufacturing, Inc.","2779 Rademakers Way","N/A","Fremont","NE","	68025-8044","United States","Voluntary: Firm initiated","Two or more of the following: Email, Fax, Letter, Press Release, Telephone, Visit","Distribution was nationwide.  Foreign distribution was made to Canada, Hong Kong, Korea, Japan, Malaysia, and Costa Rica.","V-160-2016","Class I","Innova Large Breed Adult Dog Food, packaged 4-oz. (UPC 751485153001), 15-lb. (UPC 751485127057), 30-lb. (751485127040), and 30-lb. bilingual (UPC 751485125541) bags.  Manufactured by Natura Pet Products, Inc., Fremont, NE.","199,541 bags","Product is potentially contaminated with Salmonella.","03/18/2013","01/21/2016","01/28/2016","01/27/2016","All expiration dates prior to and including March 24, 2014"
"Veterinary","No","","64642","Terminated","Natura Manufacturing, Inc.","2779 Rademakers Way","N/A","Fremont","NE","	68025-8044","United States","Voluntary: Firm initiated","Two or more of the following: Email, Fax, Letter, Press Release, Telephone, Visit","Distribution was nationwide.  Foreign distribution was made to Canada, Hong Kong, Korea, Japan, Malaysia, and Costa Rica.","V-161-2016","Class I","Innova Large Breed Senior Dog Food, 6+ Years - 60+ lbs., packaged 4-oz. (UPC 751485153018), 15-lb. (UPC 751485127156), and 30-lb. (751485127149) bags.   Manufactured by Natura Pet Products, Inc., Fremont, NE.","43,243 bags","Product is potentially contaminated with Salmonella.","03/18/2013","01/21/2016","01/28/2016","01/27/2016","All expiration dates prior to and including March 24, 2014"
"Veterinary","No","","64642","Terminated","Natura Manufacturing, Inc.","2779 Rademakers Way","N/A","Fremont","NE","	68025-8044","United States","Voluntary: Firm initiated","Two or more of the following: Email, Fax, Letter, Press Release, Telephone, Visit","Distribution was nationwide.  Foreign distribution was made to Canada, Hong Kong, Korea, Japan, Malaysia, and Costa Rica.","V-162-2016","Class I","Innova Senior Dog Food, 8+ Years, packaged 4-oz. (UPC 751485159928), 6-lb. (UPC 751485123257), 15-lb. (UPC 751485123240), and 30-lb. (751485123233), and 30-lb. bilingual (UPC 751485125558) bags.   Manufactured by Natura Pet Products, Inc., Fremont, NE.","108,914 bags","Product is potentially contaminated with Salmonella.","03/18/2013","01/21/2016","01/28/2016","01/27/2016","All expiration dates prior to and including March 24, 2014"
"Veterinary","No","","64642","Terminated","Natura Manufacturing, Inc.","2779 Rademakers Way","N/A","Fremont","NE","	68025-8044","United States","Voluntary: Firm initiated","Two or more of the following: Email, Fax, Letter, Press Release, Telephone, Visit","Distribution was nationwide.  Foreign distribution was made to Canada, Hong Kong, Korea, Japan, Malaysia, and Costa Rica.","V-163-2016","Class I","Innova Senior Plus Dog Food, 11+ Years, packaged 4-oz. (UPC 751485153100), 6-lb. (UPC 751485123288), 15-lb. (UPC 751485123271), and 30-lb. (751485123264) bags.  Manufactured by Natura Pet Products, Inc., Fremont, NE.","140,038 bags","Product is potentially contaminated with Salmonella.","03/18/2013","01/21/2016","01/28/2016","01/27/2016","All expiration dates prior to and including March 24, 2014"
"Veterinary","No","","64642","Terminated","Natura Manufacturing, Inc.","2779 Rademakers Way","N/A","Fremont","NE","	68025-8044","United States","Voluntary: Firm initiated","Two or more of the following: Email, Fax, Letter, Press Release, Telephone, Visit","Distribution was nationwide.  Foreign distribution was made to Canada, Hong Kong, Korea, Japan, Malaysia, and Costa Rica.","V-164-2016","Class I","Innova Adult Dog Food-Small Bites, packaged 4-oz. (UPC 751485159898), 2.2-lb. (UPC 751485123738), 6-lb. (UPC 751485123363), 6-lb. bilingual (UPC 751485125510), 15-lb. (UPC 751485123356), and 30-lb. (751485123677) bags.  Manufactured by Natura Pet Products, Inc., Fremont, NE.","454,716 bags","Product is potentially contaminated with Salmonella.","03/18/2013","01/21/2016","01/28/2016","01/27/2016","All expiration dates prior to and including March 24, 2014"
"Veterinary","No","","64642","Terminated","Natura Manufacturing, Inc.","2779 Rademakers Way","N/A","Fremont","NE","	68025-8044","United States","Voluntary: Firm initiated","Two or more of the following: Email, Fax, Letter, Press Release, Telephone, Visit","Distribution was nationwide.  Foreign distribution was made to Canada, Hong Kong, Korea, Japan, Malaysia, and Costa Rica.","V-165-2016","Class I","Innova Weight Management Adult Dog Food, packaged 4-oz. (UPC 751485153117), 6-lb. (UPC 751485123318), 15-lb. (UPC 751485123301), 30-lb. (751485123295), and 30-lb. bilingual (UPC 751485125565) bags.  Manufactured by Natura Pet Products, Inc., Fremont, NE.","204,518 bags","Product is potentially contaminated with Salmonella.","03/18/2013","01/21/2016","01/28/2016","01/27/2016","All expiration dates prior to and including March 24, 2014"
"Veterinary","No","","64642","Terminated","Natura Manufacturing, Inc.","2779 Rademakers Way","N/A","Fremont","NE","	68025-8044","United States","Voluntary: Firm initiated","Two or more of the following: Email, Fax, Letter, Press Release, Telephone, Visit","Distribution was nationwide.  Foreign distribution was made to Canada, Hong Kong, Korea, Japan, Malaysia, and Costa Rica.","V-166-2016","Class I","Innova Kitten Food, packaged 4-oz. (UPC 751485153162), 2.2-lb. (UPC 751485413723),  and 6-lb. (UPC 751485413716) bags.   Manufactured by Natura Pet Products, Inc., Fremont, NE.","64,532 bags","Product is potentially contaminated with Salmonella.","03/18/2013","01/21/2016","01/28/2016","01/27/2016","All expiration dates prior to and including March 24, 2014"
"Veterinary","No","","64642","Terminated","Natura Manufacturing, Inc.","2779 Rademakers Way","N/A","Fremont","NE","	68025-8044","United States","Voluntary: Firm initiated","Two or more of the following: Email, Fax, Letter, Press Release, Telephone, Visit","Distribution was nationwide.  Foreign distribution was made to Canada, Hong Kong, Korea, Japan, Malaysia, and Costa Rica.","V-167-2016","Class I","Innova Puppy Food, packaged 4-oz. (UPC 751485159942), 2.2-lb. (UPC 751485123837),  6-lb. (UPC 751485123349), 15-lb. (UPC 751485123332), 15-lb. bilingual (UPC 751485125503), and 30-lb. (UPC 751485123325) bags.   Manufactured by Natura Pet Products, Inc., Fremont, NE.","204,999 bags","Product is potentially contaminated with Salmonella.","03/18/2013","01/21/2016","01/28/2016","01/27/2016","All expiration dates prior to and including March 24, 2014"
"Veterinary","No","","64642","Terminated","Natura Manufacturing, Inc.","2779 Rademakers Way","N/A","Fremont","NE","	68025-8044","United States","Voluntary: Firm initiated","Two or more of the following: Email, Fax, Letter, Press Release, Telephone, Visit","Distribution was nationwide.  Foreign distribution was made to Canada, Hong Kong, Korea, Japan, Malaysia, and Costa Rica.","V-168-2016","Class I","Innova Large Breed Puppy Food, packaged 4-oz. (UPC 751485153025), 2.2-lb. (UPC 751485127231),  6-lb. (UPC 751485127422), 15-lb. (UPC 751485127415),  30-lb. (UPC 751485127408), and 30-lb. bilingual (UPC 751485125534)  bags.   Manufactured by Natura Pet Products, Inc., Fremont, NE.","161,038 bags","Product is potentially contaminated with Salmonella.","03/18/2013","01/21/2016","01/28/2016","01/27/2016","All expiration dates prior to and including March 24, 2014"
"Veterinary","No","","64642","Terminated","Natura Manufacturing, Inc.","2779 Rademakers Way","N/A","Fremont","NE","	68025-8044","United States","Voluntary: Firm initiated","Two or more of the following: Email, Fax, Letter, Press Release, Telephone, Visit","Distribution was nationwide.  Foreign distribution was made to Canada, Hong Kong, Korea, Japan, Malaysia, and Costa Rica.","V-169-2016","Class I","Innova Adult Dog Food-Red Meat-Large Bites, packaged 4-oz. (UPC 751485153032), 2.2-lb. (UPC 751485123554),  6-lb. (UPC 751485123547), 15-lb. (UPC 751485123530),  and 30-lb. (UPC 751485123523) bags.   Manufactured by Natura Pet Products, Santa Clara, CA.","39,863 bags","Product is potentially contaminated with Salmonella.","03/18/2013","01/21/2016","01/28/2016","01/27/2016","All expiration dates prior to and including March 24, 2014"
"Veterinary","No","","64642","Terminated","Natura Manufacturing, Inc.","2779 Rademakers Way","N/A","Fremont","NE","	68025-8044","United States","Voluntary: Firm initiated","Two or more of the following: Email, Fax, Letter, Press Release, Telephone, Visit","Distribution was nationwide.  Foreign distribution was made to Canada, Hong Kong, Korea, Japan, Malaysia, and Costa Rica.","V-170-2016","Class I","Innova Adult Dog Food-Red Meat-Small Bites, packaged 4-oz. (UPC 751485153049), 2.2-lb. (UPC 751485123592),  6-lb. (UPC 751485123585), 15-lb. (UPC 751485123578),  and 30-lb. (UPC 751485123561) bags.   Manufactured by Natura Pet Products, Santa Clara, CA.","54,560 bags","Product is potentially contaminated with Salmonella.","03/18/2013","01/21/2016","01/28/2016","01/27/2016","All expiration dates prior to and including March 24, 2014"
"Veterinary","No","","64642","Terminated","Natura Manufacturing, Inc.","2779 Rademakers Way","N/A","Fremont","NE","	68025-8044","United States","Voluntary: Firm initiated","Two or more of the following: Email, Fax, Letter, Press Release, Telephone, Visit","Distribution was nationwide.  Foreign distribution was made to Canada, Hong Kong, Korea, Japan, Malaysia, and Costa Rica.","V-171-2016","Class I","Karma Organic Food for Dogs, packaged in 4-oz. (UPC 751485150017) and 7-lb. (UPC 751485601021) bags.  Manufactured in Fremont, NE, Natura Pet Products.","44,530 bags","Product is potentially contaminated with Salmonella.","03/18/2013","01/21/2016","01/28/2016","01/27/2016","All expiration dates prior to and including March 24, 2014"
"Veterinary","No","","64642","Terminated","Natura Manufacturing, Inc.","2779 Rademakers Way","N/A","Fremont","NE","	68025-8044","United States","Voluntary: Firm initiated","Two or more of the following: Email, Fax, Letter, Press Release, Telephone, Visit","Distribution was nationwide.  Foreign distribution was made to Canada, Hong Kong, Korea, Japan, Malaysia, and Costa Rica.","V-172-2016","Class I","California Natural Chicken & Brown Rice Formula Cat & Kitten Food, packaged in 4-oz. (UPC 751485158853), 5-lb. (UPC 751485823874), 5-lb. bilingual (UPC 751485125572), 15-lb. (UPC 751485823560), and 15-lb. bilingual (UPC 751485125589) bags.  The firm name on the label is Natura Pet Products, Santa Clara, CA.","319,290 bags","Product is potentially contaminated with Salmonella.","03/18/2013","01/21/2016","01/28/2016","01/27/2016","All expiration dates prior to and including March 24, 2014"
"Veterinary","No","","64642","Terminated","Natura Manufacturing, Inc.","2779 Rademakers Way","N/A","Fremont","NE","	68025-8044","United States","Voluntary: Firm initiated","Two or more of the following: Email, Fax, Letter, Press Release, Telephone, Visit","Distribution was nationwide.  Foreign distribution was made to Canada, Hong Kong, Korea, Japan, Malaysia, and Costa Rica.","V-173-2016","Class I","California Natural Herring & Sweet Potato Formula Adult Cat Food, packaged in 4-oz. (UPC 751485158915), 5-lb. (UPC 751485823911), and 15-lb. (UPC 751485823577) bags.  The firm name on the label is Natura Pet Products, Santa Clara, CA.","118,658 bags","Product is potentially contaminated with Salmonella.","03/18/2013","01/21/2016","01/28/2016","01/27/2016","All expiration dates prior to and including March 24, 2014"
"Veterinary","No","","64642","Terminated","Natura Manufacturing, Inc.","2779 Rademakers Way","N/A","Fremont","NE","	68025-8044","United States","Voluntary: Firm initiated","Two or more of the following: Email, Fax, Letter, Press Release, Telephone, Visit","Distribution was nationwide.  Foreign distribution was made to Canada, Hong Kong, Korea, Japan, Malaysia, and Costa Rica.","V-174-2016","Class I","California Natural Chicken Meal & Rice Formula Adult Dog Food, packaged in 4-oz. (UPC 751485158839), 5-lb. (UPC 751485823775), 15-lb. (UPC 751485823515), 30-lb. (UPC 751485823508), and 30-lb. bilingual (UPC 751485125596) bags.  The firm name on the label is Natura Pet Products, Fremont, NE.","355,214 bags","Product is potentially contaminated with Salmonella.","03/18/2013","01/21/2016","01/28/2016","01/27/2016","All expiration dates prior to and including March 24, 2014"
"Veterinary","No","","64642","Terminated","Natura Manufacturing, Inc.","2779 Rademakers Way","N/A","Fremont","NE","	68025-8044","United States","Voluntary: Firm initiated","Two or more of the following: Email, Fax, Letter, Press Release, Telephone, Visit","Distribution was nationwide.  Foreign distribution was made to Canada, Hong Kong, Korea, Japan, Malaysia, and Costa Rica.","V-175-2016","Class I","California Natural Rice & Chicken Meal Formula Low Fat Adult Dog Food, packaged in 4-oz. (UPC 751485158891), 5-lb. (UPC 751485823621), 15-lb. (UPC 751485823553), and 30-lb. (UPC 751485823546) bags.  The firm name on the label is Natura Pet Products, Santa Clara, CA.","94,611 bags","Product is potentially contaminated with Salmonella.","03/18/2013","01/21/2016","01/28/2016","01/27/2016","All expiration dates prior to and including March 24, 2014"
"Veterinary","No","","64642","Terminated","Natura Manufacturing, Inc.","2779 Rademakers Way","N/A","Fremont","NE","	68025-8044","United States","Voluntary: Firm initiated","Two or more of the following: Email, Fax, Letter, Press Release, Telephone, Visit","Distribution was nationwide.  Foreign distribution was made to Canada, Hong Kong, Korea, Japan, Malaysia, and Costa Rica.","V-176-2016","Class I","California Natural Senior Dog-6+ years, Chicken Meal & Brown Rice Formula Senior Dog Food, packaged in 4-oz. (UPC 751485158990), 5-lb. (UPC 751485393773), 15-lb. (UPC 751485393766), and 30-lb. (UPC 751485393759) bags.  The firm name on the label is Natura Pet Products, Fremont, NE.","40,296 bags","Product is potentially contaminated with Salmonella.","03/18/2013","01/21/2016","01/28/2016","01/27/2016","All expiration dates prior to and including March 24, 2014"
"Veterinary","No","","64642","Terminated","Natura Manufacturing, Inc.","2779 Rademakers Way","N/A","Fremont","NE","	68025-8044","United States","Voluntary: Firm initiated","Two or more of the following: Email, Fax, Letter, Press Release, Telephone, Visit","Distribution was nationwide.  Foreign distribution was made to Canada, Hong Kong, Korea, Japan, Malaysia, and Costa Rica.","V-177-2016","Class I","California Natural Herring & Sweet Potato Formula Adult Dog Food, packaged in 4-oz. (UPC 751485158905), 5-lb. (UPC 751485397030), 15-lb. (UPC 751485397054), 30-lb. (UPC 751485397047), and 30-lb. bilingual (UPC 751485125602) bags.  The firm name on the label is Natura Pet Products, Santa Clara, CA.","280,785 bags","Product is potentially contaminated with Salmonella.","03/18/2013","01/21/2016","01/28/2016","01/27/2016","All expiration dates prior to and including March 24, 2014"
"Veterinary","No","","64642","Terminated","Natura Manufacturing, Inc.","2779 Rademakers Way","N/A","Fremont","NE","	68025-8044","United States","Voluntary: Firm initiated","Two or more of the following: Email, Fax, Letter, Press Release, Telephone, Visit","Distribution was nationwide.  Foreign distribution was made to Canada, Hong Kong, Korea, Japan, Malaysia, and Costa Rica.","V-178-2016","Class I","California Natural Grain Free Kangaroo & Red Lentils Formula Adult Dog Food, packaged in 4-oz. (UPC 751485159874), 5-lb. (UPC 751485399423), 15-lb. (UPC 751485399416), 30-lb. (UPC 751485399409), and 30-lb. bilingual (UPC 751485125640) bags.  Manufactured by Natura Pet Products, Inc., Fremont, NE.","191,083 bags","Product is potentially contaminated with Salmonella.","03/18/2013","01/21/2016","01/28/2016","01/27/2016","All expiration dates prior to and including March 24, 2014"
"Veterinary","No","","64642","Terminated","Natura Manufacturing, Inc.","2779 Rademakers Way","N/A","Fremont","NE","	68025-8044","United States","Voluntary: Firm initiated","Two or more of the following: Email, Fax, Letter, Press Release, Telephone, Visit","Distribution was nationwide.  Foreign distribution was made to Canada, Hong Kong, Korea, Japan, Malaysia, and Costa Rica.","V-179-2016","Class I","California Natural Rice & Lamb Meal Formula Low Fat Adult Dog Food, packaged in 4-oz. (UPC 751485158822), 5-lb. (UPC 751485393353), 15-lb. (UPC 751485393551), and 30-lb. (UPC 751485393544) bags.  The firm name on the label is Natura Pet Products, Santa Clara, CA.","163,639 bags","Product is potentially contaminated with Salmonella.","03/18/2013","01/21/2016","01/28/2016","01/27/2016","All expiration dates prior to and including March 24, 2014"
"Veterinary","No","","64642","Terminated","Natura Manufacturing, Inc.","2779 Rademakers Way","N/A","Fremont","NE","	68025-8044","United States","Voluntary: Firm initiated","Two or more of the following: Email, Fax, Letter, Press Release, Telephone, Visit","Distribution was nationwide.  Foreign distribution was made to Canada, Hong Kong, Korea, Japan, Malaysia, and Costa Rica.","V-180-2016","Class I","California Natural Grain Free Salmon Meal & Peas Formula Adult Dog Food, packaged in 4-oz. (UPC 751485158778), 5-lb. (UPC 751485393803), 15-lb. (UPC 751485393797), 30-lb. (UPC 751485393780), and 30-lb. bilingual (UPC 751485125657) bags.   Manufactured by Natura Pet Products, Inc., Fremont, NE.","141,567 bags","Product is potentially contaminated with Salmonella.","03/18/2013","01/21/2016","01/28/2016","01/27/2016","All expiration dates prior to and including March 24, 2014"
"Veterinary","No","","64642","Terminated","Natura Manufacturing, Inc.","2779 Rademakers Way","N/A","Fremont","NE","	68025-8044","United States","Voluntary: Firm initiated","Two or more of the following: Email, Fax, Letter, Press Release, Telephone, Visit","Distribution was nationwide.  Foreign distribution was made to Canada, Hong Kong, Korea, Japan, Malaysia, and Costa Rica.","V-181-2016","Class I","California Natural Grain Free Chicken Formula Cat and Kitten Food, packaged in 4-oz. (UPC 751485158792), 5-lb. (UPC 751485829265), and 15-lb. (UPC 751485829258) bags.  The firm name on the label is Natura Pet Products, Fremont, NE.","142,231 bags","Product is potentially contaminated with Salmonella.","03/18/2013","01/21/2016","01/28/2016","01/27/2016","All expiration dates prior to and including March 24, 2014"
"Veterinary","No","","64642","Terminated","Natura Manufacturing, Inc.","2779 Rademakers Way","N/A","Fremont","NE","	68025-8044","United States","Voluntary: Firm initiated","Two or more of the following: Email, Fax, Letter, Press Release, Telephone, Visit","Distribution was nationwide.  Foreign distribution was made to Canada, Hong Kong, Korea, Japan, Malaysia, and Costa Rica.","V-182-2016","Class I","California Natural Grain Free Chicken Meal Formula Adult Dog Food, packaged in 4-oz. (UPC 751485158969), 5-lb. (UPC 751485393629), 15-lb. (UPC 751485393612), and 30-lb. (UPC 751485393605) bags.  The firm name on the label is Natura Pet Products, Davis, CA.","183,360 bags","Product is potentially contaminated with Salmonella.","03/18/2013","01/21/2016","01/28/2016","01/27/2016","All expiration dates prior to and including March 24, 2014"
"Veterinary","No","","64642","Terminated","Natura Manufacturing, Inc.","2779 Rademakers Way","N/A","Fremont","NE","	68025-8044","United States","Voluntary: Firm initiated","Two or more of the following: Email, Fax, Letter, Press Release, Telephone, Visit","Distribution was nationwide.  Foreign distribution was made to Canada, Hong Kong, Korea, Japan, Malaysia, and Costa Rica.","V-183-2016","Class I","California Natural Grain Free Lamb Meal Formula Adult Dog Food, packaged in 4-oz. (UPC 751485158976), 5-lb. (UPC 751485393674), 15-lb. (UPC 751485393667), 30-lb. (UPC 751485393650), and 30-lb. bilingual (UPC 751485125633) bags.  The firm name on the label is Natura Pet Products, Davis, CA.","142,515 bags","Product is potentially contaminated with Salmonella.","03/18/2013","01/21/2016","01/28/2016","01/27/2016","All expiration dates prior to and including March 24, 2014"
"Veterinary","No","","64642","Terminated","Natura Manufacturing, Inc.","2779 Rademakers Way","N/A","Fremont","NE","	68025-8044","United States","Voluntary: Firm initiated","Two or more of the following: Email, Fax, Letter, Press Release, Telephone, Visit","Distribution was nationwide.  Foreign distribution was made to Canada, Hong Kong, Korea, Japan, Malaysia, and Costa Rica.","V-184-2016","Class I","California Natural Grain Free Venison Meal Formula Adult Dog Food, packaged in 4-oz. (UPC 751485158983), 5-lb. (UPC 751485393728), 15-lb. (UPC 751485393711), 30-lb. (UPC 751485393704), and 30-lb. bilingual (UPC 751485125626) bags.  The firm name on the label is Natura Pet Products, Davis, CA.","201,510 bags","Product is potentially contaminated with Salmonella.","03/18/2013","01/21/2016","01/28/2016","01/27/2016","All expiration dates prior to and including March 24, 2014"
"Veterinary","No","","64642","Terminated","Natura Manufacturing, Inc.","2779 Rademakers Way","N/A","Fremont","NE","	68025-8044","United States","Voluntary: Firm initiated","Two or more of the following: Email, Fax, Letter, Press Release, Telephone, Visit","Distribution was nationwide.  Foreign distribution was made to Canada, Hong Kong, Korea, Japan, Malaysia, and Costa Rica.","V-185-2016","Class I","California Natural Lamb Meal & Rice Formula Large Bites Adult Dog Food, packaged in 4-oz. (UPC 751485158806), 5-lb. (UPC 751485393230), 15-lb. (UPC 751485393513), 30-lb. (UPC 751485393506), and 30-lb. bilingual (UPC 751485125619) bags.  The firm name on the label is Natura Pet Products, Santa Clara, CA.","387,344 bags","Product is potentially contaminated with Salmonella.","03/18/2013","01/21/2016","01/28/2016","01/27/2016","All expiration dates prior to and including March 24, 2014"
"Veterinary","No","","64642","Terminated","Natura Manufacturing, Inc.","2779 Rademakers Way","N/A","Fremont","NE","	68025-8044","United States","Voluntary: Firm initiated","Two or more of the following: Email, Fax, Letter, Press Release, Telephone, Visit","Distribution was nationwide.  Foreign distribution was made to Canada, Hong Kong, Korea, Japan, Malaysia, and Costa Rica.","V-186-2016","Class I","California Natural Lamb Meal & Rice Formula Small Bites Adult Dog Food, packaged in 4-oz. (UPC 751485158945), 5-lb. (UPC 751485393292), and 15-lb. (UPC 751485393568) bags.  The firm name on the label is Natura Pet Products, Santa Clara, CA.","237,412 bags","Product is potentially contaminated with Salmonella.","03/18/2013","01/21/2016","01/28/2016","01/27/2016","All expiration dates prior to and including March 24, 2014"
"Veterinary","No","","64642","Terminated","Natura Manufacturing, Inc.","2779 Rademakers Way","N/A","Fremont","NE","	68025-8044","United States","Voluntary: Firm initiated","Two or more of the following: Email, Fax, Letter, Press Release, Telephone, Visit","Distribution was nationwide.  Foreign distribution was made to Canada, Hong Kong, Korea, Japan, Malaysia, and Costa Rica.","V-187-2016","Class I","California Natural Lamb Meal & Rice Formula Puppy Food, packaged in 4-oz. (UPC 751485158815), 5-lb. (UPC 751485393261), and 15-lb. (UPC 751485393537), and 30-lb. (UPC 751485393520) bags.  The firm name on the label is Natura Pet Products, Santa Clara, CA.","78,012 bags","Product is potentially contaminated with Salmonella.","03/18/2013","01/21/2016","01/28/2016","01/27/2016","All expiration dates prior to and including March 24, 2014"
"Veterinary","No","","64642","Terminated","Natura Manufacturing, Inc.","2779 Rademakers Way","N/A","Fremont","NE","	68025-8044","United States","Voluntary: Firm initiated","Two or more of the following: Email, Fax, Letter, Press Release, Telephone, Visit","Distribution was nationwide.  Foreign distribution was made to Canada, Hong Kong, Korea, Japan, Malaysia, and Costa Rica.","V-188-2016","Class I","California Natural Chicken Meal & Rice Formula Puppy Food, packaged in 4-oz. (UPC 751485158884), 5-lb. (UPC 751485823805), and 15-lb. (UPC 751485823539), and 30-lb. (UPC 751485823522) bags.  The firm name on the label is Natura Pet Products, Santa Clara, CA.","79,350 bags","Product is potentially contaminated with Salmonella.","03/18/2013","01/21/2016","01/28/2016","01/27/2016","All expiration dates prior to and including March 24, 2014"
"Veterinary","No","","65475","Terminated","Natura Pet Products","2779 Rademakers Way","N/A","Fremont","NE","	68025-8044","United States","Voluntary: Firm initiated","Press Release","Distribution was made to AZ, CA, CO, FL, GA, ID, IL, MI, MN, MT, NC, NJ, NV, NY, OH, PA, RI, TX, VT, and WA.","V-189-2016","Class I","California Natural Lamb Meal & Rice Formula Large Bites Adult Dog Food, packaged in 4-oz. (UPC 751485158808), 5-lb. (UPC 751485393230), 15-lb. (UPC 751485393513), 30-lb. (UPC 751485393506), and 30-lb. bilingual (UPC 751485125619) bags. The firm name on the label is Natura Pet Products, Santa Clara, CA.","102,410 bags","The product may be contaminated with Salmonella.","06/18/2013","01/21/2016","01/28/2016","01/27/2016","All expiration dates prior to and including June 9, 2014."
"Veterinary","No","","65475","Terminated","Natura Pet Products","2779 Rademakers Way","N/A","Fremont","NE","	68025-8044","United States","Voluntary: Firm initiated","Press Release","Distribution was made to AZ, CA, CO, FL, GA, ID, IL, MI, MN, MT, NC, NJ, NV, NY, OH, PA, RI, TX, VT, and WA.","V-190-2016","Class I","California Natural Chicken & Brown Rice Formula Cat & Kitten Food, packaged in 4-oz. (UPC 751485158853), 5-lb. (UPC 751485823874), 5-lb. bilingual (UPC 751485125572), 15-lb. (UPC 751485823560), and 15-lb. bilingual (UPC 751485125589) bags.  The firm name on the label is Natura Pet Products, Santa Clara, CA.","73,007 bags","The product may be contaminated with Salmonella.","06/18/2013","01/21/2016","01/28/2016","01/27/2016","All expiration dates prior to and including June 9, 2014."
"Veterinary","No","","65475","Terminated","Natura Pet Products","2779 Rademakers Way","N/A","Fremont","NE","	68025-8044","United States","Voluntary: Firm initiated","Press Release","Distribution was made to AZ, CA, CO, FL, GA, ID, IL, MI, MN, MT, NC, NJ, NV, NY, OH, PA, RI, TX, VT, and WA.","V-191-2016","Class I","California Natural Herring & Sweet Potato Formula Adult Cat Food, packaged in 4-oz. (UPC 751485158914), 5-lb. (UPC 751485823911), and 15-lb. (UPC 751485823577) bags. The firm name on the label is Natura Pet Products, Santa Clara, CA.","41,485 bags","The product may be contaminated with Salmonella.","06/18/2013","01/21/2016","01/28/2016","01/27/2016","All expiration dates prior to and including June 9, 2014."
"Veterinary","No","","65475","Terminated","Natura Pet Products","2779 Rademakers Way","N/A","Fremont","NE","	68025-8044","United States","Voluntary: Firm initiated","Press Release","Distribution was made to AZ, CA, CO, FL, GA, ID, IL, MI, MN, MT, NC, NJ, NV, NY, OH, PA, RI, TX, VT, and WA.","V-192-2016","Class I","California Natural Grain Free Chicken Formula Cat and Kitten Food, packaged in 4-oz. (UPC 751485158792), 5-lb. (UPC 751485829265), and 15-lb. (UPC 751485829258) bags. The firm name on the label is Natura Pet Products, Fremont, NE.","N/A","The product may be contaminated with Salmonella.","06/18/2013","01/21/2016","01/28/2016","01/27/2016","All expiration dates prior to and including June 9, 2014."
"Veterinary","No","","65475","Terminated","Natura Pet Products","2779 Rademakers Way","N/A","Fremont","NE","	68025-8044","United States","Voluntary: Firm initiated","Press Release","Distribution was made to AZ, CA, CO, FL, GA, ID, IL, MI, MN, MT, NC, NJ, NV, NY, OH, PA, RI, TX, VT, and WA.","V-193-2016","Class I","California Natural Chicken Meal & Rice Formula Adult Dog Food, packaged in 4-oz. (UPC 751485158839),  5-lb. (UPC 751485823775), 15-lb. (UPC 751485823515), 30-lb. (UPC 751485823508), and 30-lb. bilingual (UPC 751485125596) bags. The firm name on the label is Natura Pet Products, Fremont, NE.","N/A","The product may be contaminated with Salmonella.","06/18/2013","01/21/2016","01/28/2016","01/27/2016","All expiration dates prior to and including June 9, 2014."
"Veterinary","No","","65475","Terminated","Natura Pet Products","2779 Rademakers Way","N/A","Fremont","NE","	68025-8044","United States","Voluntary: Firm initiated","Press Release","Distribution was made to AZ, CA, CO, FL, GA, ID, IL, MI, MN, MT, NC, NJ, NV, NY, OH, PA, RI, TX, VT, and WA.","V-194-2016","Class I","California Natural Chicken Meal & Rice Formula Puppy Food, packaged in 4-oz. (UPC 751485158884), 5-lb. (UPC 751485823805), and 15-lb. (UPC 751485823539), and 30-lb. (UPC 751485823522) bags. The firm name on the label is Natura Pet Products, Santa Clara, CA.","N/A","The product may be contaminated with Salmonella.","06/18/2013","01/21/2016","01/28/2016","01/27/2016","All expiration dates prior to and including June 9, 2014."
"Veterinary","No","","65475","Terminated","Natura Pet Products","2779 Rademakers Way","N/A","Fremont","NE","	68025-8044","United States","Voluntary: Firm initiated","Press Release","Distribution was made to AZ, CA, CO, FL, GA, ID, IL, MI, MN, MT, NC, NJ, NV, NY, OH, PA, RI, TX, VT, and WA.","V-195-2016","Class I","California Natural Senior Dog-6+ years, Chicken Meal & Brown Rice Formula Senior Dog Food, packaged in 4-oz. (UPC 751485158990), 5-lb. (UPC 751485393773), 15-lb. (UPC 751485393766), and 30-lb. (UPC 751485393759) bags. The firm name on the label is Natura Pet Products, Fremont, NE.","6,862 bags","The product may be contaminated with Salmonella.","06/18/2013","01/21/2016","01/28/2016","01/27/2016","All expiration dates prior to and including June 9, 2014."
"Veterinary","No","","65475","Terminated","Natura Pet Products","2779 Rademakers Way","N/A","Fremont","NE","	68025-8044","United States","Voluntary: Firm initiated","Press Release","Distribution was made to AZ, CA, CO, FL, GA, ID, IL, MI, MN, MT, NC, NJ, NV, NY, OH, PA, RI, TX, VT, and WA.","V-196-2016","Class I","California Natural Grain Free Chicken Meal Formula Adult Dog Food, packaged in 4-oz. (UPC 751485158969), 5-lb. (UPC 751485393629), 15-lb. (UPC 751485393612), and 30-lb. (UPC 751485393605) bags. The firm name on the label is Natura Pet Products, Davis, CA.","26,998 bags","The product may be contaminated with Salmonella.","06/18/2013","01/21/2016","01/28/2016","01/27/2016","All expiration dates prior to and including June 9, 2014."
"Veterinary","No","","65475","Terminated","Natura Pet Products","2779 Rademakers Way","N/A","Fremont","NE","	68025-8044","United States","Voluntary: Firm initiated","Press Release","Distribution was made to AZ, CA, CO, FL, GA, ID, IL, MI, MN, MT, NC, NJ, NV, NY, OH, PA, RI, TX, VT, and WA.","V-197-2016","Class I","California Natural Herring & Sweet Potato Formula Adult Dog Food, packaged in 4-oz. (UPC 751485158905), 5-lb. (UPC 751485397030), 15-lb. (UPC 751485397054), 30-lb. (UPC 751485397047), and 30-lb. bilingual (UPC 751485125602) bags. The firm name on the label is Natura Pet Products, Santa Clara, CA.","N/A","The product may be contaminated with Salmonella.","06/18/2013","01/21/2016","01/28/2016","01/27/2016","All expiration dates prior to and including June 9, 2014."
"Veterinary","No","","65475","Terminated","Natura Pet Products","2779 Rademakers Way","N/A","Fremont","NE","	68025-8044","United States","Voluntary: Firm initiated","Press Release","Distribution was made to AZ, CA, CO, FL, GA, ID, IL, MI, MN, MT, NC, NJ, NV, NY, OH, PA, RI, TX, VT, and WA.","V-198-2016","Class I","California Natural Lamb Meal & Rice Formula Puppy Food, packaged in 4-oz. (UPC 751485158815), 5-lb. (UPC 751485393261), and 15-lb. (UPC 751485393537), and 30-lb. (UPC 751485393520) bags. The firm name on the label is Natura Pet Products, Santa Clara, CA.","N/A","The product may be contaminated with Salmonella.","06/18/2013","01/21/2016","01/28/2016","01/27/2016","All expiration dates prior to and including June 9, 2014."
"Veterinary","No","","65475","Terminated","Natura Pet Products","2779 Rademakers Way","N/A","Fremont","NE","	68025-8044","United States","Voluntary: Firm initiated","Press Release","Distribution was made to AZ, CA, CO, FL, GA, ID, IL, MI, MN, MT, NC, NJ, NV, NY, OH, PA, RI, TX, VT, and WA.","V-199-2016","Class I","California Natural Lamb Meal & Rice Formula Small Bites Adult Dog Food, packaged in 4-oz. (UPC 751485158945), 5-lb. (UPC 751485393292), and 15-lb. (UPC 751485393568) bags. The firm name on the label is Natura Pet Products, Santa Clara, CA.","56,043 bags","The product may be contaminated with Salmonella.","06/18/2013","01/21/2016","01/28/2016","01/27/2016","All expiration dates prior to and including June 9, 2014."
"Veterinary","No","","65475","Terminated","Natura Pet Products","2779 Rademakers Way","N/A","Fremont","NE","	68025-8044","United States","Voluntary: Firm initiated","Press Release","Distribution was made to AZ, CA, CO, FL, GA, ID, IL, MI, MN, MT, NC, NJ, NV, NY, OH, PA, RI, TX, VT, and WA.","V-200-2016","Class I","California Natural Grain Free Kangaroo & Red Lentils Formula Adult Dog Food, packaged in 4-oz. (UPC 751485159874), 5-lb. (UPC 751485399423), 15-lb. (UPC 751485399416), 30-lb. (UPC 751485399409), and 30-lb. bilingual (UPC 751485125640) bags. Manufactured by Natura Pet Products, Inc., Fremont, NE.","11,732 bags","The product may be contaminated with Salmonella.","06/18/2013","01/21/2016","01/28/2016","01/27/2016","All expiration dates prior to and including June 9, 2014."
"Veterinary","No","","65475","Terminated","Natura Pet Products","2779 Rademakers Way","N/A","Fremont","NE","	68025-8044","United States","Voluntary: Firm initiated","Press Release","Distribution was made to AZ, CA, CO, FL, GA, ID, IL, MI, MN, MT, NC, NJ, NV, NY, OH, PA, RI, TX, VT, and WA.","V-201-2016","Class I","California Natural Grain Free Lamb Meal Formula Adult Dog Food, packaged in 4-oz. (UPC 751485158976), 5-lb. (UPC 751485393674), 15-lb. (UPC 751485393667), 30-lb. (UPC 751485393650), and 30-lb. bilingual (UPC 751485125633) bags. The firm name on the label is Natura Pet Products, Davis, CA.","36,231 bags","The product may be contaminated with Salmonella.","06/18/2013","01/21/2016","01/28/2016","01/27/2016","All expiration dates prior to and including June 9, 2014."
"Veterinary","No","","65475","Terminated","Natura Pet Products","2779 Rademakers Way","N/A","Fremont","NE","	68025-8044","United States","Voluntary: Firm initiated","Press Release","Distribution was made to AZ, CA, CO, FL, GA, ID, IL, MI, MN, MT, NC, NJ, NV, NY, OH, PA, RI, TX, VT, and WA.","V-202-2016","Class I","California Natural Grain Free Salmon Meal & Peas Formula Adult Dog Food, packaged in 4-oz. (UPC 751485158778), 5-lb. (UPC 751485393803), 15-lb. (UPC 751485393797), 30-lb. (UPC 751485393780), and 30-lb. bilingual (UPC 751485125657) bags. Manufactured by Natura Pet Products, Inc., Fremont, NE.","38,937 bags","The product may be contaminated with Salmonella.","06/18/2013","01/21/2016","01/28/2016","01/27/2016","All expiration dates prior to and including June 9, 2014."
"Veterinary","No","","65475","Terminated","Natura Pet Products","2779 Rademakers Way","N/A","Fremont","NE","	68025-8044","United States","Voluntary: Firm initiated","Press Release","Distribution was made to AZ, CA, CO, FL, GA, ID, IL, MI, MN, MT, NC, NJ, NV, NY, OH, PA, RI, TX, VT, and WA.","V-203-2016","Class I","California Natural Grain Free Venison Meal Formula Adult Dog Food, packaged in 4-oz. (UPC 751485158983), 5-lb. (UPC 751485393728), 15-lb. (UPC 751485393711), 30-lb. (UPC 751485393704), and 30-lb. bilingual (UPC 751485125626) bags. The firm name on the label is Natura Pet Products, Davis, CA.","44,873 bags","The product may be contaminated with Salmonella.","06/18/2013","01/21/2016","01/28/2016","01/27/2016","All expiration dates prior to and including June 9, 2014."
"Veterinary","No","","65475","Terminated","Natura Pet Products","2779 Rademakers Way","N/A","Fremont","NE","	68025-8044","United States","Voluntary: Firm initiated","Press Release","Distribution was made to AZ, CA, CO, FL, GA, ID, IL, MI, MN, MT, NC, NJ, NV, NY, OH, PA, RI, TX, VT, and WA.","V-204-2016","Class I","California Natural Lamb Meal & Rice Formula HealthBars-Large Bars for dogs, packaged in 4-lb. (UPC 751485393919), 26-oz. (UPC 751485393940), and 10-lb. (UPC 751485393964) bags. The firm name on the label is Natura Pet Products, Fremont, NE.","3354 bags","The product may be contaminated with Salmonella.","06/18/2013","01/21/2016","01/28/2016","01/27/2016","All expiration dates prior to and including June 9, 2014."
"Veterinary","No","","65475","Terminated","Natura Pet Products","2779 Rademakers Way","N/A","Fremont","NE","	68025-8044","United States","Voluntary: Firm initiated","Press Release","Distribution was made to AZ, CA, CO, FL, GA, ID, IL, MI, MN, MT, NC, NJ, NV, NY, OH, PA, RI, TX, VT, and WA.","V-205-2016","Class I","California Natural Lamb Meal & Rice Formula HealthBars-Small Bars for dogs, packaged in 4-lb. (UPC 751485393926), 26-oz. (UPC 751485393957), and 10-lb. (UPC 751485393971) bags. The firm name on the label is Natura Pet Products, Fremont, NE.","3990 bags","The product may be contaminated with Salmonella.","06/18/2013","01/21/2016","01/28/2016","01/27/2016","All expiration dates prior to and including June 9, 2014."
"Veterinary","No","","65475","Terminated","Natura Pet Products","2779 Rademakers Way","N/A","Fremont","NE","	68025-8044","United States","Voluntary: Firm initiated","Press Release","Distribution was made to AZ, CA, CO, FL, GA, ID, IL, MI, MN, MT, NC, NJ, NV, NY, OH, PA, RI, TX, VT, and WA.","V-206-2016","Class I","California Natural Salmon Meal Formula HealthBars for dogs, packaged in 10-oz. (UPC 751485394107) bags. The firm name on the label is Natura Pet Products, Davis, CA.","2,000 bags","The product may be contaminated with Salmonella.","06/18/2013","01/21/2016","01/28/2016","01/27/2016","All expiration dates prior to and including June 9, 2014."
"Veterinary","No","","65475","Terminated","Natura Pet Products","2779 Rademakers Way","N/A","Fremont","NE","	68025-8044","United States","Voluntary: Firm initiated","Press Release","Distribution was made to AZ, CA, CO, FL, GA, ID, IL, MI, MN, MT, NC, NJ, NV, NY, OH, PA, RI, TX, VT, and WA.","V-207-2016","Class I","California Natural Rice & Chicken Meal Formula Low Fat Adult Dog Food, packaged in 4-oz. (UPC 751485158891), 5-lb. (UPC 751485823621), 15-lb. (UPC 751485823553), and 30-lb. (UPC 751485823546) bags. The firm name on the label is Natura Pet Products, Santa Clara, CA.","25,964 bags","The product may be contaminated with Salmonella.","06/18/2013","01/21/2016","01/28/2016","01/27/2016","All expiration dates prior to and including June 9, 2014."
"Veterinary","No","","65475","Terminated","Natura Pet Products","2779 Rademakers Way","N/A","Fremont","NE","	68025-8044","United States","Voluntary: Firm initiated","Press Release","Distribution was made to AZ, CA, CO, FL, GA, ID, IL, MI, MN, MT, NC, NJ, NV, NY, OH, PA, RI, TX, VT, and WA.","V-208-2016","Class I","California Natural Rice & Lamb Meal Formula Low Fat Adult Dog Food, packaged in 4-oz. (UPC 751485158822), 5-lb. (UPC 751485393353), 15-lb. (UPC 751485393551), and 30-lb. (UPC 751485393544) bags. The firm name on the label is Natura Pet Products, Santa Clara, CA.","46,701 bags","The product may be contaminated with Salmonella.","06/18/2013","01/21/2016","01/28/2016","01/27/2016","All expiration dates prior to and including June 9, 2014."
"Veterinary","No","","65475","Terminated","Natura Pet Products","2779 Rademakers Way","N/A","Fremont","NE","	68025-8044","United States","Voluntary: Firm initiated","Press Release","Distribution was made to AZ, CA, CO, FL, GA, ID, IL, MI, MN, MT, NC, NJ, NV, NY, OH, PA, RI, TX, VT, and WA.","V-209-2016","Class I","EVO Ferret Food, packaged in 6.6-lb. bags, UPC 751485421018. The firm name on the label is Natura Pet Products, Davis, CA.","5385 bags","The product may be contaminated with Salmonella.","06/18/2013","01/21/2016","01/28/2016","01/27/2016","All expiration dates prior to and including June 9, 2014."
"Veterinary","No","","65475","Terminated","Natura Pet Products","2779 Rademakers Way","N/A","Fremont","NE","	68025-8044","United States","Voluntary: Firm initiated","Press Release","Distribution was made to AZ, CA, CO, FL, GA, ID, IL, MI, MN, MT, NC, NJ, NV, NY, OH, PA, RI, TX, VT, and WA.","V-210-2016","Class I","EVO Herring & Salmon Formula Cat & Kitten Food, packaged in 4-oz. (UPC 751485152516), 2.2- lb. (UPC 751485414126), 6.6-lb. (UPC 751485414119), and 15.4-lb. (UPC 751485414102) bags. Manufactured by: Natura Pet Products, Inc., Fremont, NE.","55,413 bags","The product may be contaminated with Salmonella.","06/18/2013","01/21/2016","01/28/2016","01/27/2016","All expiration dates prior to and including June 9, 2014."
"Veterinary","No","","65475","Terminated","Natura Pet Products","2779 Rademakers Way","N/A","Fremont","NE","	68025-8044","United States","Voluntary: Firm initiated","Press Release","Distribution was made to AZ, CA, CO, FL, GA, ID, IL, MI, MN, MT, NC, NJ, NV, NY, OH, PA, RI, TX, VT, and WA.","V-211-2016","Class I","EVO Wild Cravings Herring & Salmon Formula Savory Treats for Cats, packaged in 3-oz. bags, UPC 751485414805. The firm name on the label is Natura Pet Products, Davis, CA.","15,972 bags","The product may be contaminated with Salmonella.","06/18/2013","01/21/2016","01/28/2016","01/27/2016","All expiration dates prior to and including June 9, 2014."
"Veterinary","No","","65475","Terminated","Natura Pet Products","2779 Rademakers Way","N/A","Fremont","NE","	68025-8044","United States","Voluntary: Firm initiated","Press Release","Distribution was made to AZ, CA, CO, FL, GA, ID, IL, MI, MN, MT, NC, NJ, NV, NY, OH, PA, RI, TX, VT, and WA.","V-212-2016","Class I","EVO Turkey & Chicken Formula Cat & Kitten Food, packaged in 4-oz. (UPC 751485152509), 2.2- lb. (UPC 751485414027), 6.6-lb. (UPC 751485414010), and 15.4-lb. (UPC 751485414003) bags. Manufactured by: Natura Pet Products, Inc., Fremont, NE.","153,202 bags","The product may be contaminated with Salmonella.","06/18/2013","01/21/2016","01/28/2016","01/27/2016","All expiration dates prior to and including June 9, 2014."
"Veterinary","No","","65475","Terminated","Natura Pet Products","2779 Rademakers Way","N/A","Fremont","NE","	68025-8044","United States","Voluntary: Firm initiated","Press Release","Distribution was made to AZ, CA, CO, FL, GA, ID, IL, MI, MN, MT, NC, NJ, NV, NY, OH, PA, RI, TX, VT, and WA.","V-213-2016","Class I","EVO Wild Cravings Turkey & Chicken Formula Savory Treats for Cats, packaged in 3-oz. bags, UPC 751485414706. The firm name on the label is Natura Pet Products, Davis, CA.","14,016 bags","The product may be contaminated with Salmonella.","06/18/2013","01/21/2016","01/28/2016","01/27/2016","All expiration dates prior to and including June 9, 2014."
"Veterinary","No","","65475","Terminated","Natura Pet Products","2779 Rademakers Way","N/A","Fremont","NE","	68025-8044","United States","Voluntary: Firm initiated","Press Release","Distribution was made to AZ, CA, CO, FL, GA, ID, IL, MI, MN, MT, NC, NJ, NV, NY, OH, PA, RI, TX, VT, and WA.","V-214-2016","Class I","EVO Weight Management Adult Cat Food, packaged in 4-oz. (UPC 751485152523), 2.2- lb. (UPC 751485414072), 6.6-lb. (UPC 751485414065), and 15.4-lb. (UPC 751485414058) bags. Manufactured by: Natura Pet Products, Inc., Fremont, NE.","47,358 bags","The product may be contaminated with Salmonella.","06/18/2013","01/21/2016","01/28/2016","01/27/2016","All expiration dates prior to and including June 9, 2014."
"Veterinary","No","","65475","Terminated","Natura Pet Products","2779 Rademakers Way","N/A","Fremont","NE","	68025-8044","United States","Voluntary: Firm initiated","Press Release","Distribution was made to AZ, CA, CO, FL, GA, ID, IL, MI, MN, MT, NC, NJ, NV, NY, OH, PA, RI, TX, VT, and WA.","V-215-2016","Class I","EVO Wild Cravings Weight Management Savory Treats for Cats, packaged in 3-oz. bags, UPC 751485414751. The firm name on the label is Natura Pet Products, Davis, CA.","7,572 bags","The product may be contaminated with Salmonella.","06/18/2013","01/21/2016","01/28/2016","01/27/2016","All expiration dates prior to and including June 9, 2014."
"Veterinary","No","","65475","Terminated","Natura Pet Products","2779 Rademakers Way","N/A","Fremont","NE","	68025-8044","United States","Voluntary: Firm initiated","Press Release","Distribution was made to AZ, CA, CO, FL, GA, ID, IL, MI, MN, MT, NC, NJ, NV, NY, OH, PA, RI, TX, VT, and WA.","V-216-2016","Class I","EVO Herring & Salmon Formula Adult Dog Food, packaged in 4-oz. (UPC 751485152066), 6.6-lb. (UPC 751485126821), 13.2-lb (UPC 751485126814), and 28.6-lb. (UPC 751485126807) bags, Manufactured by Natura Pet Products, Inc., Fremont, NE.","34,860 bags","The product may be contaminated with Salmonella.","06/18/2013","01/21/2016","01/28/2016","01/27/2016","All expiration dates prior to and including June 9, 2014."
"Veterinary","No","","65475","Terminated","Natura Pet Products","2779 Rademakers Way","N/A","Fremont","NE","	68025-8044","United States","Voluntary: Firm initiated","Press Release","Distribution was made to AZ, CA, CO, FL, GA, ID, IL, MI, MN, MT, NC, NJ, NV, NY, OH, PA, RI, TX, VT, and WA.","V-217-2016","Class I","EVO Wild Cravings, Herring Formula, treats for dogs, packaged in 10-oz bags, UPC 751485126609, Manufactured by Natura Pet Products, Davis, CA.","9390 bags","The product may be contaminated with Salmonella.","06/18/2013","01/21/2016","01/28/2016","01/27/2016","All expiration dates prior to and including June 9, 2014."
"Veterinary","No","","65475","Terminated","Natura Pet Products","2779 Rademakers Way","N/A","Fremont","NE","	68025-8044","United States","Voluntary: Firm initiated","Press Release","Distribution was made to AZ, CA, CO, FL, GA, ID, IL, MI, MN, MT, NC, NJ, NV, NY, OH, PA, RI, TX, VT, and WA.","V-218-2016","Class I","EVO Turkey & Chicken Formula Dog Food, packaged in 4-oz. (UPC 751485152011); 6.6-lb. (UPC 751485126074), 13.2-lb (UPC 751485126067), and 28.6-lb. (UPC 751485126050) bags. Manufactured by Natura Pet Products, Inc., Fremont, NE.","59,069 bags","The product may be contaminated with Salmonella.","06/18/2013","01/21/2016","01/28/2016","01/27/2016","All expiration dates prior to and including June 9, 2014."
"Veterinary","No","","65475","Terminated","Natura Pet Products","2779 Rademakers Way","N/A","Fremont","NE","	68025-8044","United States","Voluntary: Firm initiated","Press Release","Distribution was made to AZ, CA, CO, FL, GA, ID, IL, MI, MN, MT, NC, NJ, NV, NY, OH, PA, RI, TX, VT, and WA.","V-219-2016","Class I","EVO Turkey & Chicken Formula Small Bites Dog Food, packaged in 4-oz. (UPC 751485152004); 2.2-lb. (UPC 751485126043), 6.6-lb. (UPC 751485126036), 13.2-lb (UPC 751485126012), and 28.6-lb. (UPC 751485126005) bags. Manufactured by Natura Pet Products, Inc., Fremont, NE.","114,450 bags","The product may be contaminated with Salmonella.","06/18/2013","01/21/2016","01/28/2016","01/27/2016","All expiration dates prior to and including June 9, 2014."
"Veterinary","No","","65475","Terminated","Natura Pet Products","2779 Rademakers Way","N/A","Fremont","NE","	68025-8044","United States","Voluntary: Firm initiated","Press Release","Distribution was made to AZ, CA, CO, FL, GA, ID, IL, MI, MN, MT, NC, NJ, NV, NY, OH, PA, RI, TX, VT, and WA.","V-220-2016","Class I","EVO Senior Formula Dog Food, packaged in 4-oz. (UPC 751485152554); 6.6-lb. (UPC 751485126876), 13.2-lb (UPC 751485126869), and 28.6-lb. (UPC 751485126852) bags. Manufactured by Natura Pet Products, Inc., Fremont, NE.","14,977 bags","The product may be contaminated with Salmonella.","06/18/2013","01/21/2016","01/28/2016","01/27/2016","All expiration dates prior to and including June 9, 2014."
"Veterinary","No","","65475","Terminated","Natura Pet Products","2779 Rademakers Way","N/A","Fremont","NE","	68025-8044","United States","Voluntary: Firm initiated","Press Release","Distribution was made to AZ, CA, CO, FL, GA, ID, IL, MI, MN, MT, NC, NJ, NV, NY, OH, PA, RI, TX, VT, and WA.","V-221-2016","Class I","EVO Wild Cravings, Turkey & Chicken Formula, treats for dogs, packaged in 20-oz bags, UPC 751485126203 bags. Manufactured by Natura Pet Products, Davis, CA.","23,351 bags","The product may be contaminated with Salmonella.","06/18/2013","01/21/2016","01/28/2016","01/27/2016","All expiration dates prior to and including June 9, 2014."
"Veterinary","No","","65475","Terminated","Natura Pet Products","2779 Rademakers Way","N/A","Fremont","NE","	68025-8044","United States","Voluntary: Firm initiated","Press Release","Distribution was made to AZ, CA, CO, FL, GA, ID, IL, MI, MN, MT, NC, NJ, NV, NY, OH, PA, RI, TX, VT, and WA.","V-222-2016","Class I","EVO Red Meat Formula Dog Food, packaged in 4-oz. (UPC 751485152042), 6.6-lb. (UPC 751485126777), 13.2-lb (UPC 751485126760), and 28.6-lb. (UPC 751485126753) bags. Manufactured by Natura Pet Products, Inc., Fremont, NE.","49,606 bags","The product may be contaminated with Salmonella.","06/18/2013","01/21/2016","01/28/2016","01/27/2016","All expiration dates prior to and including June 9, 2014."
"Veterinary","No","","65475","Terminated","Natura Pet Products","2779 Rademakers Way","N/A","Fremont","NE","	68025-8044","United States","Voluntary: Firm initiated","Press Release","Distribution was made to AZ, CA, CO, FL, GA, ID, IL, MI, MN, MT, NC, NJ, NV, NY, OH, PA, RI, TX, VT, and WA.","V-223-2016","Class I","EVO Wild Cravings Red Meat Formula Dog Treats, packaged in 20-oz. bags UPC 751485126500.  Manufactured by Natura Pet Products, Davis, CA.","16,992 bags","The product may be contaminated with Salmonella.","06/18/2013","01/21/2016","01/28/2016","01/27/2016","All expiration dates prior to and including June 9, 2014."
"Veterinary","No","","65475","Terminated","Natura Pet Products","2779 Rademakers Way","N/A","Fremont","NE","	68025-8044","United States","Voluntary: Firm initiated","Press Release","Distribution was made to AZ, CA, CO, FL, GA, ID, IL, MI, MN, MT, NC, NJ, NV, NY, OH, PA, RI, TX, VT, and WA.","V-224-2016","Class I","EVO Red Meat Formula Small Bites Dog Food, packaged in 4-oz. (UPC 751485152028), 2.2-lb. (UPC 751485126746); 6.6-lb. (UPC 751485126722), 13.2-lb (UPC 751485126715), and 28.6-lb. (UPC 751485126708) bags. Manufactured by Natura Pet Products, Inc., Fremont, NE.","66,155 bags","The product may be contaminated with Salmonella.","06/18/2013","01/21/2016","01/28/2016","01/27/2016","All expiration dates prior to and including June 9, 2014."
"Veterinary","No","","65475","Terminated","Natura Pet Products","2779 Rademakers Way","N/A","Fremont","NE","	68025-8044","United States","Voluntary: Firm initiated","Press Release","Distribution was made to AZ, CA, CO, FL, GA, ID, IL, MI, MN, MT, NC, NJ, NV, NY, OH, PA, RI, TX, VT, and WA.","V-225-2016","Class I","EVO Weight Management Adult Dog Food, packaged in 4-oz. (UPC 751485152059); 10-oz. (UPC 751485126555), 6.6-lb. (UPC 751485126180), 13.2-lb (UPC 751485126173), and 28.6-lb. (UPC 751485126166) bags. Manufactured by Natura Pet Products, Inc., Fremont, NE","44,516 bags","The product may be contaminated with Salmonella.","06/18/2013","01/21/2016","01/28/2016","01/27/2016","All expiration dates prior to and including June 9, 2014."
"Veterinary","No","","65475","Terminated","Natura Pet Products","2779 Rademakers Way","N/A","Fremont","NE","	68025-8044","United States","Voluntary: Firm initiated","Press Release","Distribution was made to AZ, CA, CO, FL, GA, ID, IL, MI, MN, MT, NC, NJ, NV, NY, OH, PA, RI, TX, VT, and WA.","V-226-2016","Class I","HealthWise Chicken Meal & Rice Formula Food for Adult Cats & Kittens, packaged in 4-oz. (UPC 75148154459), 5-lb. (UPC 751485707754) and 16.5-lb. (UPC 751485707709) bags. The firm name on the label is Natura Pet Products, Santa Clara, CA.","35,172 bags","The product may be contaminated with Salmonella.","06/18/2013","01/21/2016","01/28/2016","01/27/2016","All expiration dates prior to and including June 9, 2014."
"Veterinary","No","","65475","Terminated","Natura Pet Products","2779 Rademakers Way","N/A","Fremont","NE","	68025-8044","United States","Voluntary: Firm initiated","Press Release","Distribution was made to AZ, CA, CO, FL, GA, ID, IL, MI, MN, MT, NC, NJ, NV, NY, OH, PA, RI, TX, VT, and WA.","V-227-2016","Class I","HealthWise Chicken Meal & Oatmeal Formula Adult Dog Food for Active Adult Dogs, packaged in 4-oz. (UPC 751485154404), 5-lb. (UPC 751485707020), 17.5-lb. (UPC 751485707013), and 35-lb. (UPC 751485707006) bags. The firm name on the label is Natura Pet Products, Santa Clara, CA.","9,432 bags","The product may be contaminated with Salmonella.","06/18/2013","01/21/2016","01/28/2016","01/27/2016","All expiration dates prior to and including June 9, 2014."
"Veterinary","No","","65475","Terminated","Natura Pet Products","2779 Rademakers Way","N/A","Fremont","NE","	68025-8044","United States","Voluntary: Firm initiated","Press Release","Distribution was made to AZ, CA, CO, FL, GA, ID, IL, MI, MN, MT, NC, NJ, NV, NY, OH, PA, RI, TX, VT, and WA.","V-228-2016","Class I","HealthWise Chicken Meal & Oatmeal Formula Adult Dog Food, packaged in 4-oz. (UPC 7514815154411), 5-lb. (UPC 751485707129), 17.5-lb. (UPC 751485707112) and 35-lb. (UPC 751485707105) bags. The firm name on the label is Natura Pet Products, Santa Clara, CA.","32,664 bags","The product may be contaminated with Salmonella.","06/18/2013","01/21/2016","01/28/2016","01/27/2016","All expiration dates prior to and including June 9, 2014."
"Veterinary","No","","65475","Terminated","Natura Pet Products","2779 Rademakers Way","N/A","Fremont","NE","	68025-8044","United States","Voluntary: Firm initiated","Press Release","Distribution was made to AZ, CA, CO, FL, GA, ID, IL, MI, MN, MT, NC, NJ, NV, NY, OH, PA, RI, TX, VT, and WA.","V-229-2016","Class I","HealthWise Chicken Meal & Brown Rice Formula Natural Premium Puppy Food, packaged in 4-oz. (UPC 751485154435), 5-lb. (UPC 751485707327), 17.5-lb. (UPC 751485707310), and 35-lb. (UPC 751485707303) bags. The firm name on the label is Natura Pet Products, Santa Clara, CA.","10,555 bags","The product may be contaminated with Salmonella.","06/18/2013","01/21/2016","01/28/2016","01/27/2016","All expiration dates prior to and including June 9, 2014."
"Veterinary","No","","65475","Terminated","Natura Pet Products","2779 Rademakers Way","N/A","Fremont","NE","	68025-8044","United States","Voluntary: Firm initiated","Press Release","Distribution was made to AZ, CA, CO, FL, GA, ID, IL, MI, MN, MT, NC, NJ, NV, NY, OH, PA, RI, TX, VT, and WA.","V-230-2016","Class I","HealthWise Lamb Meal & Oatmeal Formula Natural Premium Adult Dog Food, packaged in 4-oz. (UPC 751485154442), 5-lb. (UPC 751485707426), 17.5-lb. (UPC 751485707419), and 35-lb. (UPC 751485707402) bags. The firm name on the label is Natura Pet Products, Santa Clara, CA.","13,518 bags","The product may be contaminated with Salmonella.","06/18/2013","01/21/2016","01/28/2016","01/27/2016","All expiration dates prior to and including June 9, 2014."
"Veterinary","No","","65475","Terminated","Natura Pet Products","2779 Rademakers Way","N/A","Fremont","NE","	68025-8044","United States","Voluntary: Firm initiated","Press Release","Distribution was made to AZ, CA, CO, FL, GA, ID, IL, MI, MN, MT, NC, NJ, NV, NY, OH, PA, RI, TX, VT, and WA.","V-231-2016","Class I","HealthWise Chicken Meal & Oatmeal Formula Weight Control Natural Premium Adult Dog Food, packaged in 4-oz. (UPC 751485154428), 5-lb. (UPC 751485707228), 17.5-lb. (UPC 751485707211), and 35-lb. (UPC 751485707204) bags. The firm name on the label is Natura Pet Products, Santa Clara, CA.","11,426 bags","The product may be contaminated with Salmonella.","06/18/2013","01/21/2016","01/28/2016","01/27/2016","All expiration dates prior to and including June 9, 2014."
"Veterinary","No","","65475","Terminated","Natura Pet Products","2779 Rademakers Way","N/A","Fremont","NE","	68025-8044","United States","Voluntary: Firm initiated","Press Release","Distribution was made to AZ, CA, CO, FL, GA, ID, IL, MI, MN, MT, NC, NJ, NV, NY, OH, PA, RI, TX, VT, and WA.","V-232-2016","Class I","HealthWise Chicken Meal & Rice Formula Food for Adult Cats & Kittens, packaged in 18.5-lb. (UPC 751485707808) bags. The firm name on the label is Natura Pet Products, Santa Clara, CA.","1,860 bags","The product may be contaminated with Salmonella.","06/18/2013","01/21/2016","01/28/2016","01/27/2016","All expiration dates prior to and including June 9, 2014."
"Veterinary","No","","65475","Terminated","Natura Pet Products","2779 Rademakers Way","N/A","Fremont","NE","	68025-8044","United States","Voluntary: Firm initiated","Press Release","Distribution was made to AZ, CA, CO, FL, GA, ID, IL, MI, MN, MT, NC, NJ, NV, NY, OH, PA, RI, TX, VT, and WA.","V-233-2016","Class I","HealthWise Chicken Meal & Oatmeal Formula Adult Dog Food, packaged in 38.5-lb. (UPC 751485707044) bags. The firm name on the label is Natura Pet Products, Santa Clara, CA.","5,377 bags","The product may be contaminated with Salmonella.","06/18/2013","01/21/2016","01/28/2016","01/27/2016","All expiration dates prior to and including June 9, 2014."
"Veterinary","No","","65475","Terminated","Natura Pet Products","2779 Rademakers Way","N/A","Fremont","NE","	68025-8044","United States","Voluntary: Firm initiated","Press Release","Distribution was made to AZ, CA, CO, FL, GA, ID, IL, MI, MN, MT, NC, NJ, NV, NY, OH, PA, RI, TX, VT, and WA.","V-234-2016","Class I","Innova Kitten Food, packaged 4-oz. (UPC 751485153162), 2.2-lb. (UPC 751485413723), and 6-lb. (UPC 751485413716) bags. Manufactured by Natura Pet Products, Inc., Fremont, NE.","26,598 bags","The product may be contaminated with Salmonella.","06/18/2013","01/21/2016","01/28/2016","01/27/2016","All expiration dates prior to and including June 9, 2014."
"Veterinary","No","","65475","Terminated","Natura Pet Products","2779 Rademakers Way","N/A","Fremont","NE","	68025-8044","United States","Voluntary: Firm initiated","Press Release","Distribution was made to AZ, CA, CO, FL, GA, ID, IL, MI, MN, MT, NC, NJ, NV, NY, OH, PA, RI, TX, VT, and WA.","V-235-2016","Class I","Innova Cat Food, packaged in 4-oz. (UPC 751485159959), 2.2-lb. (UPC 751485413877), 6-lb. (UPC 751485413938), 6-lb. bilingual (UPC 751485125831) and 15-lb. (UPC 751485413921) bags. Manufactured by Natura Pet Products, Inc., Fremont, NE.","99,583 bags","The product may be contaminated with Salmonella.","06/18/2013","01/21/2016","01/28/2016","01/27/2016","All expiration dates prior to and including June 9, 2014."
"Veterinary","No","","65475","Terminated","Natura Pet Products","2779 Rademakers Way","N/A","Fremont","NE","	68025-8044","United States","Voluntary: Firm initiated","Press Release","Distribution was made to AZ, CA, CO, FL, GA, ID, IL, MI, MN, MT, NC, NJ, NV, NY, OH, PA, RI, TX, VT, and WA.","V-236-2016","Class I","Innova Senior Cat Food, packaged in 4-oz. (UPC 751485159980), 2.2-lb. (UPC 751485416038), 6-lb. (UPC 751485416083), and 15-lb. (UPC 751485416076) bags. Manufactured by Natura Pet Products, Inc., Fremont, NE.","41,225 bags","The product may be contaminated with Salmonella.","06/18/2013","01/21/2016","01/28/2016","01/27/2016","All expiration dates prior to and including June 9, 2014."
"Veterinary","No","","65475","Terminated","Natura Pet Products","2779 Rademakers Way","N/A","Fremont","NE","	68025-8044","United States","Voluntary: Firm initiated","Press Release","Distribution was made to AZ, CA, CO, FL, GA, ID, IL, MI, MN, MT, NC, NJ, NV, NY, OH, PA, RI, TX, VT, and WA.","V-237-2016","Class I","Innova Cat Treats, packaged in 3-oz. bags, UPC 751485413013. Manufactured by Natura Pet Products, Inc., Fremont, NE.","30,228 bags","The product may be contaminated with Salmonella.","06/18/2013","01/21/2016","01/28/2016","01/27/2016","All expiration dates prior to and including June 9, 2014."
"Veterinary","No","","65475","Terminated","Natura Pet Products","2779 Rademakers Way","N/A","Fremont","NE","	68025-8044","United States","Voluntary: Firm initiated","Press Release","Distribution was made to AZ, CA, CO, FL, GA, ID, IL, MI, MN, MT, NC, NJ, NV, NY, OH, PA, RI, TX, VT, and WA.","V-238-2016","Class I","Innova Prime Grain Free Chicken & Turkey Formula Adult Cat Food, packaged in 4-oz. (UPC 751485153155), 2-lb. (UPC 751485414041), 5-lb. (UPC 751485413990), and 12-lb. (UPC 751485413983) bags. Manufactured by Natura Pet Products, Inc., Fremont, NE.","46,554 bags","The product may be contaminated with Salmonella.","06/18/2013","01/21/2016","01/28/2016","01/27/2016","All expiration dates prior to and including June 9, 2014."
"Veterinary","No","","65475","Terminated","Natura Pet Products","2779 Rademakers Way","N/A","Fremont","NE","	68025-8044","United States","Voluntary: Firm initiated","Press Release","Distribution was made to AZ, CA, CO, FL, GA, ID, IL, MI, MN, MT, NC, NJ, NV, NY, OH, PA, RI, TX, VT, and WA.","V-239-2016","Class I","Innova Weight Management Adult Cat Food, packaged in 4-oz. (UPC 751485159881), 2.2-lb. (UPC 751485413914), 6-lb. (UPC 751485413907), and 15-lb. (UPC 751485413891) bags. Manufactured by Natura Pet Products, Inc., Fremont, NE.","68,298 bags","The product may be contaminated with Salmonella.","06/18/2013","01/21/2016","01/28/2016","01/27/2016","All expiration dates prior to and including June 9, 2014."
"Veterinary","No","","65475","Terminated","Natura Pet Products","2779 Rademakers Way","N/A","Fremont","NE","	68025-8044","United States","Voluntary: Firm initiated","Press Release","Distribution was made to AZ, CA, CO, FL, GA, ID, IL, MI, MN, MT, NC, NJ, NV, NY, OH, PA, RI, TX, VT, and WA.","V-240-2016","Class I","Innova Salmon & Herring Formula Adult Dog Food, packaged 4-oz. (UPC 751485123653), 5-lb. (UPC 751485123646), 12-lb. (UPC 751485123639) and 25-lb. (751485123622) bags. Manufactured by Natura Pet Products, Inc., Fremont, NE.","39,224 bags","The product may be contaminated with Salmonella.","06/18/2013","01/21/2016","01/28/2016","01/27/2016","All expiration dates prior to and including June 9, 2014."
"Veterinary","No","","65475","Terminated","Natura Pet Products","2779 Rademakers Way","N/A","Fremont","NE","	68025-8044","United States","Voluntary: Firm initiated","Press Release","Distribution was made to AZ, CA, CO, FL, GA, ID, IL, MI, MN, MT, NC, NJ, NV, NY, OH, PA, RI, TX, VT, and WA.","V-241-2016","Class I","Innova Large Breed Adult Dog Food, packaged 4-oz. (UPC 751485153001), 15-lb. (UPC 751485127057), 30-lb. (751485127040), and 30-lb. bilingual (UPC 751485125541) bags. Manufactured by Natura Pet Products, Inc., Fremont, NE.","59,170 bags","The product may be contaminated with Salmonella.","06/18/2013","01/21/2016","01/28/2016","01/27/2016","All expiration dates prior to and including June 9, 2014."
"Veterinary","No","","65475","Terminated","Natura Pet Products","2779 Rademakers Way","N/A","Fremont","NE","	68025-8044","United States","Voluntary: Firm initiated","Press Release","Distribution was made to AZ, CA, CO, FL, GA, ID, IL, MI, MN, MT, NC, NJ, NV, NY, OH, PA, RI, TX, VT, and WA.","V-242-2016","Class I","Innova Large Breed Senior Dog Food, 6+ Years - 60+ lbs., packaged 4-oz. (UPC 751485153018), 15-lb. (UPC 751485127156), and 30-lb. (751485127149) bags. Manufactured by Natura Pet Products, Inc., Fremont, NE.","18,319 bags","The product may be contaminated with Salmonella.","06/18/2013","01/21/2016","01/28/2016","01/27/2016","All expiration dates prior to and including June 9, 2014."
"Veterinary","No","","65475","Terminated","Natura Pet Products","2779 Rademakers Way","N/A","Fremont","NE","	68025-8044","United States","Voluntary: Firm initiated","Press Release","Distribution was made to AZ, CA, CO, FL, GA, ID, IL, MI, MN, MT, NC, NJ, NV, NY, OH, PA, RI, TX, VT, and WA.","V-243-2016","Class I","Innova Large Breed Puppy Food, packaged 4-oz. (UPC 751485153025), 2.2-lb. (UPC 751485127231), 6-lb. (UPC 751485127422), 15-lb. (UPC 751485127415), 30-lb. (UPC 751485127408), and 30-lb. bilingual (UPC 751485125534)  bags. Manufactured by Natura Pet Products, Inc., Fremont, NE.","56,174 bags","The product may be contaminated with Salmonella.","06/18/2013","01/21/2016","01/28/2016","01/27/2016","All expiration dates prior to and including June 9, 2014."
"Veterinary","No","","65475","Terminated","Natura Pet Products","2779 Rademakers Way","N/A","Fremont","NE","	68025-8044","United States","Voluntary: Firm initiated","Press Release","Distribution was made to AZ, CA, CO, FL, GA, ID, IL, MI, MN, MT, NC, NJ, NV, NY, OH, PA, RI, TX, VT, and WA.","V-244-2016","Class I","Innova Adult Dog Food-Large Bites, packaged 4-oz. (UPC 751485159904), 2.2-lb. (UPC 751485123769), 6-lb. (UPC 751485123226), 15-lb. (UPC 751485123219), 30-lb. (751485123202), and 30-lb. bilingual (UPC 751485125527) bags. Manufactured by Natura Pet Products, Inc., Fremont, NE","124,803 bags","The product may be contaminated with Salmonella.","06/18/2013","01/21/2016","01/28/2016","01/27/2016","All expiration dates prior to and including June 9, 2014."
"Veterinary","No","","65475","Terminated","Natura Pet Products","2779 Rademakers Way","N/A","Fremont","NE","	68025-8044","United States","Voluntary: Firm initiated","Press Release","Distribution was made to AZ, CA, CO, FL, GA, ID, IL, MI, MN, MT, NC, NJ, NV, NY, OH, PA, RI, TX, VT, and WA.","V-245-2016","Class I","Innova Adult Dog Food-Small Bites, packaged 4-oz. (UPC 751485159898), 2.2-lb. (UPC 751485123738), 6-lb. (UPC 751485123363), 6-lb. bilingual (UPC 751485125510), 15-lb. (UPC 751485123356), and 30-lb. (751485123677) bags. Manufactured by Natura Pet Products, Inc., Fremont, NE.","134,915 bags","The product may be contaminated with Salmonella.","06/18/2013","01/21/2016","01/28/2016","01/27/2016","All expiration dates prior to and including June 9, 2014."
"Veterinary","No","","65475","Terminated","Natura Pet Products","2779 Rademakers Way","N/A","Fremont","NE","	68025-8044","United States","Voluntary: Firm initiated","Press Release","Distribution was made to AZ, CA, CO, FL, GA, ID, IL, MI, MN, MT, NC, NJ, NV, NY, OH, PA, RI, TX, VT, and WA.","V-246-2016","Class I","Innova Senior Dog Food, 8+ Years, packaged 4-oz. (UPC 751485159928), 6-lb. (UPC 751485123257), 15-lb. (UPC 751485123240), and 30-lb. (751485123233), and 30-lb. bilingual (UPC 751485125558) bags. Manufactured by Natura Pet Products, Inc., Fremont, NE.","27,756 bags","The product may be contaminated with Salmonella.","06/18/2013","01/21/2016","01/28/2016","01/27/2016","All expiration dates prior to and including June 9, 2014."
"Veterinary","No","","65475","Terminated","Natura Pet Products","2779 Rademakers Way","N/A","Fremont","NE","	68025-8044","United States","Voluntary: Firm initiated","Press Release","Distribution was made to AZ, CA, CO, FL, GA, ID, IL, MI, MN, MT, NC, NJ, NV, NY, OH, PA, RI, TX, VT, and WA.","V-247-2016","Class I","Innova Senior Plus Dog Food, 11+ Years, packaged 4-oz. (UPC 751485153100), 6-lb. (UPC 751485123288), 15-lb. (UPC 751485123271), and 30-lb. (751485123264) bags. Manufactured by Natura Pet Products, Inc., Fremont, NE.","46,975 bags","The product may be contaminated with Salmonella.","06/18/2013","01/21/2016","01/28/2016","01/27/2016","All expiration dates prior to and including June 9, 2014."
"Veterinary","No","","65475","Terminated","Natura Pet Products","2779 Rademakers Way","N/A","Fremont","NE","	68025-8044","United States","Voluntary: Firm initiated","Press Release","Distribution was made to AZ, CA, CO, FL, GA, ID, IL, MI, MN, MT, NC, NJ, NV, NY, OH, PA, RI, TX, VT, and WA.","V-248-2016","Class I","Innova Puppy Food, packaged 4-oz. (UPC 751485159942), 2.2-lb. (UPC 751485123837), 6-lb. (UPC 751485123349), 15-lb. (UPC 751485123332), 15-lb. bilingual (UPC 751485125503), and 30-lb. (UPC 751485123325) bags. Manufactured by Natura Pet Products, Inc., Fremont, NE.","62,142 bags","The product may be contaminated with Salmonella.","06/18/2013","01/21/2016","01/28/2016","01/27/2016","All expiration dates prior to and including June 9, 2014."
"Veterinary","No","","65475","Terminated","Natura Pet Products","2779 Rademakers Way","N/A","Fremont","NE","	68025-8044","United States","Voluntary: Firm initiated","Press Release","Distribution was made to AZ, CA, CO, FL, GA, ID, IL, MI, MN, MT, NC, NJ, NV, NY, OH, PA, RI, TX, VT, and WA.","V-249-2016","Class I","Innova Prime Grain Free Beef & Lamb Meat Formula Adult Dog Food, packaged 4-oz. (UPC 751485153148), 5-lb. (UPC 751485127323), 12-lb. (UPC 751485127316), and 25-lb. (751485127309) bags. Manufactured by Natura Pet Products, Inc., Fremont, NE.","29,769 bags","The product may be contaminated with Salmonella.","06/18/2013","01/21/2016","01/28/2016","01/27/2016","All expiration dates prior to and including June 9, 2014."
"Veterinary","No","","65475","Terminated","Natura Pet Products","2779 Rademakers Way","N/A","Fremont","NE","	68025-8044","United States","Voluntary: Firm initiated","Press Release","Distribution was made to AZ, CA, CO, FL, GA, ID, IL, MI, MN, MT, NC, NJ, NV, NY, OH, PA, RI, TX, VT, and WA.","V-250-2016","Class I","Innova Prime Grain Free Salmon & Herring Formula Adult Dog Food, packaged 4-oz. (UPC 751485153131), 5-lb. (UPC 751485127293), 12-lb. (UPC 751485127286), and 25-lb. (751485127279) bags. Manufactured by Natura Pet Products, Inc., Fremont, NE.","29,729 bags","The product may be contaminated with Salmonella.","06/18/2013","01/21/2016","01/28/2016","01/27/2016","All expiration dates prior to and including June 9, 2014."
"Veterinary","No","","65475","Terminated","Natura Pet Products","2779 Rademakers Way","N/A","Fremont","NE","	68025-8044","United States","Voluntary: Firm initiated","Press Release","Distribution was made to AZ, CA, CO, FL, GA, ID, IL, MI, MN, MT, NC, NJ, NV, NY, OH, PA, RI, TX, VT, and WA.","V-251-2016","Class I","Innova Prime Grain Free Chicken & Turkey Formula Adult Dog Food, packaged 4-oz. (UPC 751485153124), 5-lb. (UPC 751485127262), 12-lb. (UPC 751485127255), and 25-lb. (UPC 751485127248) bags. Manufactured by Natura Pet Products, Inc., Fremont,","54,336 bags","The product may be contaminated with Salmonella.","06/18/2013","01/21/2016","01/28/2016","01/27/2016","All expiration dates prior to and including June 9, 2014."
"Veterinary","No","","65475","Terminated","Natura Pet Products","2779 Rademakers Way","N/A","Fremont","NE","	68025-8044","United States","Voluntary: Firm initiated","Press Release","Distribution was made to AZ, CA, CO, FL, GA, ID, IL, MI, MN, MT, NC, NJ, NV, NY, OH, PA, RI, TX, VT, and WA.","V-252-2016","Class I","Innova HealthBar-Baked Dog Treats, Large Bars, packaged in 4-lb (UPC 751485123912), 26-oz (UPC 751485123943), 10-lb (UPC 751485123967) and 26-oz (UPC 751485413051) bags. Manufactured by: Natura Pet Products, Inc., Fremont, NE.","4,576 bags","The product may be contaminated with Salmonella.","06/18/2013","01/21/2016","01/28/2016","01/27/2016","All expiration dates prior to and including June 9, 2014."
"Veterinary","No","","65475","Terminated","Natura Pet Products","2779 Rademakers Way","N/A","Fremont","NE","	68025-8044","United States","Voluntary: Firm initiated","Press Release","Distribution was made to AZ, CA, CO, FL, GA, ID, IL, MI, MN, MT, NC, NJ, NV, NY, OH, PA, RI, TX, VT, and WA.","V-253-2016","Class I","Innova HealthBar-Baked Dog Treats, Small Bars, packaged in 4-lb (UPC 751485123929), 26-oz (UPC 751485123950), 10-lb (UPC 751485123974) and 26-oz (UPC 751485413105) bags. Manufactured by: Natura Pet Products, Inc., Fremont, NE.","8,972 bags","The product may be contaminated with Salmonella.","06/18/2013","01/21/2016","01/28/2016","01/27/2016","All expiration dates prior to and including June 9, 2014."
"Veterinary","No","","65475","Terminated","Natura Pet Products","2779 Rademakers Way","N/A","Fremont","NE","	68025-8044","United States","Voluntary: Firm initiated","Press Release","Distribution was made to AZ, CA, CO, FL, GA, ID, IL, MI, MN, MT, NC, NJ, NV, NY, OH, PA, RI, TX, VT, and WA.","V-254-2016","Class I","Innova Weight Management Adult Dog Food, packaged 4-oz. (UPC 751485153117), 6-lb. (UPC 751485123318), 15-lb. (UPC 751485123301), 30-lb. (751485123295), and 30-lb. bilingual (UPC 751485125565) bags. Manufactured by Natura Pet Products, Inc., Fremont, NE.","68,063 bags","The product may be contaminated with Salmonella.","06/18/2013","01/21/2016","01/28/2016","01/27/2016","All expiration dates prior to and including June 9, 2014."
"Veterinary","No","","65475","Terminated","Natura Pet Products","2779 Rademakers Way","N/A","Fremont","NE","	68025-8044","United States","Voluntary: Firm initiated","Press Release","Distribution was made to AZ, CA, CO, FL, GA, ID, IL, MI, MN, MT, NC, NJ, NV, NY, OH, PA, RI, TX, VT, and WA.","V-255-2016","Class I","Karma Organic Food for Dogs, packaged in 4-oz. (UPC 751485150017) and 7-lb. (UPC 751485601021) bags. Manufactured in Fremont, NE, Natura Pet Products.","10,830 bags","The product may be contaminated with Salmonella.","06/18/2013","01/21/2016","01/28/2016","01/27/2016","All expiration dates prior to and including June 9, 2014."
"Veterinary","No","","65475","Terminated","Natura Pet Products","2779 Rademakers Way","N/A","Fremont","NE","	68025-8044","United States","Voluntary: Firm initiated","Press Release","Distribution was made to AZ, CA, CO, FL, GA, ID, IL, MI, MN, MT, NC, NJ, NV, NY, OH, PA, RI, TX, VT, and WA.","V-256-2016","Class I","Mother Nature, Beef Stew Recipe, Dog Biscuits, packaged in 4-lb. (UPC 751485701066), 20-lb (UPC 751485702063) and 20-oz. (UPC 751485700069) bags. Manufactured in Fremont, NE, Natura Pet Products.","992 bags","The product may be contaminated with Salmonella.","06/18/2013","01/21/2016","01/28/2016","01/27/2016","All expiration dates prior to and including June 9, 2014."
"Veterinary","No","","65475","Terminated","Natura Pet Products","2779 Rademakers Way","N/A","Fremont","NE","	68025-8044","United States","Voluntary: Firm initiated","Press Release","Distribution was made to AZ, CA, CO, FL, GA, ID, IL, MI, MN, MT, NC, NJ, NV, NY, OH, PA, RI, TX, VT, and WA.","V-257-2016","Class I","Mother Nature, Buffalo Stew Recipe, Dog Biscuits, packaged in 4-lb. (UPC 751485701097), 20-lb (UPC 751485702094) and 20-oz. (UPC 751485700090) bags. Manufactured in Fremont, NE, Natura Pet Products.","1,252 bags","The product may be contaminated with Salmonella.","06/18/2013","01/21/2016","01/28/2016","01/27/2016","All expiration dates prior to and including June 9, 2014."
"Veterinary","No","","65475","Terminated","Natura Pet Products","2779 Rademakers Way","N/A","Fremont","NE","	68025-8044","United States","Voluntary: Firm initiated","Press Release","Distribution was made to AZ, CA, CO, FL, GA, ID, IL, MI, MN, MT, NC, NJ, NV, NY, OH, PA, RI, TX, VT, and WA.","V-258-2016","Class I","Mother Nature, Carrot Cake Recipe, Dog Treats, packaged in 4-lb. (UPC 751485701028), 20-lb (UPC 751485702025) and 20-oz. (UPC 751485700021) bags. Manufactured in Fremont, NE, Natura Pet Products.","3,807 bags","The product may be contaminated with Salmonella.","06/18/2013","01/21/2016","01/28/2016","01/27/2016","All expiration dates prior to and including June 9, 2014."
"Veterinary","No","","65475","Terminated","Natura Pet Products","2779 Rademakers Way","N/A","Fremont","NE","	68025-8044","United States","Voluntary: Firm initiated","Press Release","Distribution was made to AZ, CA, CO, FL, GA, ID, IL, MI, MN, MT, NC, NJ, NV, NY, OH, PA, RI, TX, VT, and WA.","V-259-2016","Class I","Mother Nature, Dott's Delights Large Dog Biscuits, packaged in 4-lb. (UPC 751485701523) and 17-lb. (UPC 751485702520) bags. Manufactured in Fremont, NE, Natura Pet Products.","235 bags","The product may be contaminated with Salmonella.","06/18/2013","01/21/2016","01/28/2016","01/27/2016","All expiration dates prior to and including June 9, 2014."
"Veterinary","No","","65475","Terminated","Natura Pet Products","2779 Rademakers Way","N/A","Fremont","NE","	68025-8044","United States","Voluntary: Firm initiated","Press Release","Distribution was made to AZ, CA, CO, FL, GA, ID, IL, MI, MN, MT, NC, NJ, NV, NY, OH, PA, RI, TX, VT, and WA.","V-260-2016","Class I","Mother Nature, Honey Glazed Chicken Recipe, Dog Treats, packaged in 4-lb. (UPC 751485701073), 20-lb. (UPC 751485702070) and 20-oz. (UPC 751485700076) bags. Manufactured by Natura Pet Products, Davis, CA.","3,299 bags","The product may be contaminated with Salmonella.","06/18/2013","01/21/2016","01/28/2016","01/27/2016","All expiration dates prior to and including June 9, 2014."
"Veterinary","No","","65475","Terminated","Natura Pet Products","2779 Rademakers Way","N/A","Fremont","NE","	68025-8044","United States","Voluntary: Firm initiated","Press Release","Distribution was made to AZ, CA, CO, FL, GA, ID, IL, MI, MN, MT, NC, NJ, NV, NY, OH, PA, RI, TX, VT, and WA.","V-261-2016","Class I","Mother Nature, Moose's Munchies Small Biscuits, Dog Treats, packaged in 4-lb. (UPC 751485701530) and 20-lb. (UPC 751485702537) bags. Manufactured by Natura Pet Products, Davis, CA.","102 bags","The product may be contaminated with Salmonella.","06/18/2013","01/21/2016","01/28/2016","01/27/2016","All expiration dates prior to and including June 9, 2014."
"Veterinary","No","","65475","Terminated","Natura Pet Products","2779 Rademakers Way","N/A","Fremont","NE","	68025-8044","United States","Voluntary: Firm initiated","Press Release","Distribution was made to AZ, CA, CO, FL, GA, ID, IL, MI, MN, MT, NC, NJ, NV, NY, OH, PA, RI, TX, VT, and WA.","V-262-2016","Class I","Mother Nature, Scooter & Friends Mini Biscuits, Dog Biscuits, packaged in 4-lb. (UPC 751485701547), 20-lb. (UPC 751485702544) and  20-oz. (UPC 751485700540) bags. Manufactured by Natura Pet Products, Fremont, NE.","3,139 bags","The product may be contaminated with Salmonella.","06/18/2013","01/21/2016","01/28/2016","01/27/2016","All expiration dates prior to and including June 9, 2014."
"Veterinary","No","","65475","Terminated","Natura Pet Products","2779 Rademakers Way","N/A","Fremont","NE","	68025-8044","United States","Voluntary: Firm initiated","Press Release","Distribution was made to AZ, CA, CO, FL, GA, ID, IL, MI, MN, MT, NC, NJ, NV, NY, OH, PA, RI, TX, VT, and WA.","V-263-2016","Class I","Mother Nature, Chicken & Turkey recipe, Dog Biscuits, packaged in 4-lb. (UPC 751485701042, 751485701059, 751485701080), 20-lb. (UPC 751485702049, 751485702056, 751485702087) and  20-oz. (UPC 751485700045, 751485700052, 751485700083) bags. Manufactured by Natura Pet Products, Fremont, NE.","8,439 bags","The product may be contaminated with Salmonella.","06/18/2013","01/21/2016","01/28/2016","01/27/2016","All expiration dates prior to and including June 9, 2014."
"Veterinary","No","","67583","Terminated","Pro Pet LLC","1400 McKinley Rd","N/A","Saint Marys","OH","	45885","United States","Voluntary: Firm initiated","Press Release","Product was shipped to the following states: AZ, CA, CO, CT, FL, GA, IA, IL, IN, KS, KY, MA, MI, MN, MT, NC, ND, NE, NJ, NM, NY, OH, PA, SD, TN, TX, VA, WA, WI and WV.","V-125-2016","Class I","Hubbard Life Happy Hound 27/15 Dog Food, Complete and balanced nutrition for all life stages, NET WT 40 lb/18.14 KG Hubbard Feeds, Inc. P.O. Box 8500 Mankato, MN 56001-8500 www.hubbardlife.com","1,100/40 lb bags","During an internal investigation, the firm discovered five additional products that were packaged on the same finishing line as a previous product which tested positive for Salmonella contamination.","02/04/2014","01/21/2016","08/25/2016","01/27/2016","Lot Number: 096 13 SM L2 2A and 096 13 SM L2 1A"
"Veterinary","No","","67583","Terminated","Pro Pet LLC","1400 McKinley Rd","N/A","Saint Marys","OH","	45885","United States","Voluntary: Firm initiated","Press Release","Product was shipped to the following states: AZ, CA, CO, CT, FL, GA, IA, IL, IN, KS, KY, MA, MI, MN, MT, NC, ND, NE, NJ, NM, NY, OH, PA, SD, TN, TX, VA, WA, WI and WV.","V-126-2016","Class I","Hubbard Life Cat Stars Cat Food, Complete and balanced nutrition for all life stages, NET WT 15 lb/8.18 KG Hubbard Feeds, Inc. P.O. Box 8500 Mankato, MN 56001-8500 www.hubbardlife.com","1,350/15 lb bags","During an internal investigation, the firm discovered five additional products that were packaged on the same finishing line as a previous product which tested positive for Salmonella contamination.","02/04/2014","01/21/2016","08/25/2016","01/27/2016","Lot Number: 096 13 SM L2 1A"
"Veterinary","No","","67583","Terminated","Pro Pet LLC","1400 McKinley Rd","N/A","Saint Marys","OH","	45885","United States","Voluntary: Firm initiated","Press Release","Product was shipped to the following states: AZ, CA, CO, CT, FL, GA, IA, IL, IN, KS, KY, MA, MI, MN, MT, NC, ND, NE, NJ, NM, NY, OH, PA, SD, TN, TX, VA, WA, WI and WV.","V-127-2016","Class I","Hubbard Life Maintenance Dog Food, Complete and balanced nutrition for all life stages, Natural fiber for healthy digestive system.  NET WT 40 lb/18.14 KG Hubbard Feeds, Inc. P.O. Box 8500 Mankato, MN 56001-8500 www.hubbardlife.com","750/40 lb bags","During an internal investigation, the firm discovered five additional products that were packaged on the same finishing line as a previous product which tested positive for Salmonella contamination.","02/04/2014","01/21/2016","08/25/2016","01/27/2016","Lot Number: 096 13 SM L2 2A"
"Veterinary","No","","67583","Terminated","Pro Pet LLC","1400 McKinley Rd","N/A","Saint Marys","OH","	45885","United States","Voluntary: Firm initiated","Press Release","Product was shipped to the following states: AZ, CA, CO, CT, FL, GA, IA, IL, IN, KS, KY, MA, MI, MN, MT, NC, ND, NE, NJ, NM, NY, OH, PA, SD, TN, TX, VA, WA, WI and WV.","V-128-2016","Class I","Joy Combo Cat Stars Cat Food MEAT, FISH & MILK FLAVOR NET WT. 15 LBS. (6.8 KG) & 40 LBS. (18.18 KG) paper bags. JOY PET FOODS PINCKNEYVILLE, IL 62274 800-245-4125 www.joypetfood.com","450/15lb. Bags + 560/40lb. Bags","During an internal investigation, the firm discovered five additional products that were packaged on the same finishing line as a previous product which tested positive for Salmonella contamination.","02/04/2014","01/21/2016","08/25/2016","01/27/2016","Lot Number: 096 13 SM L2 2A and 096 13 SM L2 1A"
"Veterinary","No","","67583","Terminated","Pro Pet LLC","1400 McKinley Rd","N/A","Saint Marys","OH","	45885","United States","Voluntary: Firm initiated","Press Release","Product was shipped to the following states: AZ, CA, CO, CT, FL, GA, IA, IL, IN, KS, KY, MA, MI, MN, MT, NC, ND, NE, NJ, NM, NY, OH, PA, SD, TN, TX, VA, WA, WI and WV.","V-129-2016","Class I","Quality Care Plus QC+ Adult 26/15 Real Chicken and Brown Rice Formula Dog Food ALIMENT FOUR CHIEN NET WT. 20 LBS (9.06 KG) & 40 LBS. (18.12 KG) paper bags. Distributed by: Quality Care Plus QC+ P. O. Box 369, St. Marys, OH 45885 USA 1-800-780-0874 www.QCPlus.com","377/20lb. Bags + 544/40 lb. Bags","During an internal investigation, the firm discovered five additional products that were packaged on the same finishing line as a previous product which tested positive for Salmonella contamination.","02/04/2014","01/21/2016","08/25/2016","01/27/2016","Lot Number: 097 13 SM L2 2A and 097 13 SM L2 1A"
"Veterinary","No","","67969","Terminated","The Robert Abady Dog & Cat Food Co  / Nutra-Vet Research Co","201 Smith St","N/A","Poughkeepsie","NY","	12601-2110","United States","Voluntary: Firm initiated","Press Release","Distributed in 6 states: CT, MA, MI, NJ, NY, RI","V-276-2016","Class I","""ABADY HIGHEST QUALITY MAINTENANCE & GROWTH FORMULA FOR CATS"" packed in a cardboard retail box with white label with color printing attached to the exterior of the box.  Lot code is stamped on the box.    Product was provided in 3 pack sizes:  NET WT. 2 lbs. (0.9 kgs.)***PRODUCT No. 201-02.    NET WT. 5 lbs (2.27 kgs.)***PRODUCT No. 201-05.  NET WT. 15 lbs (6.81 kgs.)***PRODUCT No. 201-15.","8x2lb boxes, 21x5lb boxes, 6x15lb boxes","The Robert Abady Dog Food Co., LLC of Poughkeepsie, NY, is recalling its 2 lb, 5 lb & 15 lb boxes of ""Abady Highest Quality Maintenance & Growth Formula for Cats"" because they have the potential to be contaminated with Salmonella.","04/08/2014","01/22/2016","02/05/2016","02/03/2016","14029/21"
"Veterinary","No","","69205","Terminated","Sietsema Farms Feeds Llc","19117 Lake Montcalm Rd","N/A","Howard City","MI","	49329-8732","United States","Voluntary: Firm initiated","Telephone","These feeds were shipped within Michigan.","V-456-2016","Class I","Bulk turkey feed with designation: T105","566.2 tons total (of all designations)","Reported turkey deaths suspected to have resulted after the turkeys consumed feeds containing high levels of the drug Lasalocid sodium.","08/11/2014","07/25/2016","05/23/2017","08/03/2016","Product code: T105"
"Veterinary","No","","69205","Terminated","Sietsema Farms Feeds Llc","19117 Lake Montcalm Rd","N/A","Howard City","MI","	49329-8732","United States","Voluntary: Firm initiated","Telephone","These feeds were shipped within Michigan.","V-457-2016","Class I","Bulk turkey feed with designation: T106; a blend of designations T105 and T116","566.2 tons total (of all designations)","Reported turkey deaths suspected to have resulted after the turkeys consumed feeds containing high levels of the drug Lasalocid sodium.","08/11/2014","07/25/2016","05/23/2017","08/03/2016","Product code: T106"
"Veterinary","No","","69205","Terminated","Sietsema Farms Feeds Llc","19117 Lake Montcalm Rd","N/A","Howard City","MI","	49329-8732","United States","Voluntary: Firm initiated","Telephone","These feeds were shipped within Michigan.","V-458-2016","Class I","Bulk turkey feed with designation: T110; a blend of designations T105 and T116","566.2 tons total (of all designations)","Reported turkey deaths suspected to have resulted after the turkeys consumed feeds containing high levels of the drug Lasalocid sodium.","08/11/2014","07/25/2016","05/23/2017","08/03/2016","Product code: T110"
"Veterinary","No","","69205","Terminated","Sietsema Farms Feeds Llc","19117 Lake Montcalm Rd","N/A","Howard City","MI","	49329-8732","United States","Voluntary: Firm initiated","Telephone","These feeds were shipped within Michigan.","V-459-2016","Class I","Bulk turkey feed with designation: T113; a blend of designations T105 and T116","566.2 tons total (of all designations)","Reported turkey deaths suspected to have resulted after the turkeys consumed feeds containing high levels of the drug Lasalocid sodium.","08/11/2014","07/25/2016","05/23/2017","08/03/2016","Product code: T113"
"Veterinary","No","","69205","Terminated","Sietsema Farms Feeds Llc","19117 Lake Montcalm Rd","N/A","Howard City","MI","	49329-8732","United States","Voluntary: Firm initiated","Telephone","These feeds were shipped within Michigan.","V-460-2016","Class I","Bulk turkey feed with designation: T114; a blend of designations T105 and T116","566.2 tons total (of all designations)","Reported turkey deaths suspected to have resulted after the turkeys consumed feeds containing high levels of the drug Lasalocid sodium.","08/11/2014","07/25/2016","05/23/2017","08/03/2016","Product code: T114"
"Veterinary","No","","69205","Terminated","Sietsema Farms Feeds Llc","19117 Lake Montcalm Rd","N/A","Howard City","MI","	49329-8732","United States","Voluntary: Firm initiated","Telephone","These feeds were shipped within Michigan.","V-461-2016","Class I","Bulk turkey feed with designation: T116","566.2 tons total (of all designations)","Reported turkey deaths suspected to have resulted after the turkeys consumed feeds containing high levels of the drug Lasalocid sodium.","08/11/2014","07/25/2016","05/23/2017","08/03/2016","Product code: T116"
"Veterinary","No","","69353","Terminated","BRAVO! LLC","349 Wetherell St.","N/A","Manchester","CT","	06040","United States","Voluntary: Firm initiated","Two or more of the following: Email, Fax, Letter, Press Release, Telephone, Visit","Product was distributed nationwide.","V-289-2016","Class I","BRAVO! Raw Food Diet TURKEY BLEND FOR DOGS AND CATS; Product Number: 31-102; Size: 2 lb. (32 OZ) plastic tubes, UPC: 829546311025; Keep Frozen","N/A","Product has the potential to be contaminated with Salmonella.","09/25/2014","01/22/2016","06/07/2016","02/03/2016","Best used by date: 11-05-15"
"Veterinary","No","","69353","Terminated","BRAVO! LLC","349 Wetherell St.","N/A","Manchester","CT","	06040","United States","Voluntary: Firm initiated","Two or more of the following: Email, Fax, Letter, Press Release, Telephone, Visit","Product was distributed nationwide.","V-290-2016","Class I","Bravo! Blends All Natural Chicken Blend diet for dogs & cats; Product Number: 21-102; Size: 2 lb. (32 OZ) plastic tubes - UPC: 829546211028  and Product Number: 21-105 Size: 5 lb. (80 OZ) 2.3KG plastic tubes - UPC: 829546211059; Keep Frozen.","N/A","Product has the potential to be contaminated with Salmonella.","09/25/2014","01/22/2016","06/07/2016","02/03/2016","Best used by date: 08-11-16"
"Veterinary","No","","69353","Terminated","BRAVO! LLC","349 Wetherell St.","N/A","Manchester","CT","	06040","United States","Voluntary: Firm initiated","Two or more of the following: Email, Fax, Letter, Press Release, Telephone, Visit","Product was distributed nationwide.","V-291-2016","Class I","Premium Turkey Formula BRAVO Balance RAW DIET  Product Number: 31-405; Size: 5 lb. (80 OZ) 2.3KG plastic tubes - UPC: 829546314057, Keep Frozen","N/A","Product has the potential to be contaminated with Salmonella.","09/25/2014","01/22/2016","06/07/2016","02/03/2016","Best used by date: 11-05-15"
"Veterinary","No","","69399","Terminated","Restaurant Recycling Services LLC","616 Industrial Dr","N/A","Fremont","MI","	49412-1868","United States","Voluntary: Firm initiated","Two or more of the following: Email, Fax, Letter, Press Release, Telephone, Visit","MI, IN, OH and IL","V-453-2016","Class I","Animal Feed Fat","1,870,150 lbs.","Restaurant Recycling Services, LLC decided to initiate this voluntary recall out of an abundance of caution due to information received from the FDA and Michigan Department of Agriculture regarding possible lasalocid contamination.","09/30/2014","07/13/2016","07/14/2016","07/20/2016","All tanker loads distributed: July 1, 2014 through September 24, 2014"
"Veterinary","No","","69517","Terminated","Shur-Green Farms","9159 State Route 118","N/A","Ansonia","OH","	45303","United States","Voluntary: Firm initiated","Telephone","Direct US customers:  IN and OH.  NO foreign.","V-411-2016","Class I","Lascadoil Waste for bio diesel was referred to as ""Soy Oil"" causing misuse and feed contamination.  No labeling, all products in tanker trucks.","unknown by firm","Lascadoil Waste was referred to as ""Soy Oil"" causing misuse and contamination in animal feed.","10/16/2014","05/11/2016","09/08/2016","05/18/2016","No codes"
"Veterinary","No","","69672","Terminated","Co-Alliance LLP","219 Howard St.","P.O. Box 357","La Crosse","IN","	46348-0357","United States","Voluntary: Firm initiated","Letter","Domestic only: IN, MI, IL","V-410-2016","Class I","bulk custom ordered animal feed for swine","LaCrosse, IN up to 13,644 ton; Reynolds, IN up to 8,383 ton; Flora, IN up to 8,553 ton","Co-Alliance is voluntarily recalling the feed manufactured at the LaCrosse facility between July 1, 2014-September 19, 2014 due to an ongoing Class I recall of the grease that was used in manufacturing the animal feed. The grease is an industrial waste by-product from the manufacturing process for Lasalocid, which is not approved for swine feed.","10/20/2014","05/11/2016","05/18/2016","05/18/2016","bulk  custom feed produced and distrbuted between July 1, 2014-September 19, 2014"
"Veterinary","No","","69843","Terminated","Mars Petcare USA","315 Cool Springs Blvd","N/A","Franklin","TN","	37067-1632","United States","Voluntary: Firm initiated","Telephone","Product was distributed to distributors in CA, GA, MI, MN, NV, PA, TX, and VT as well as British Columbia, Canada.","V-286-2016","Class I","EVO Grain Free Turkey & Chicken Formula Cat & Kitten Food, packaged in 15.4 lbs. paper bags, UPC 5148 541400, Manufactured by Natura Pet Products, Inc., Fremont, NE;","2128 units","Batches of cat and ferret food were manufactured with no added vitamins and double the specified minerals.","11/20/2014","01/22/2016","02/05/2016","02/03/2016","(1) Lot 4300A700D2;  (2) Lots 4301A700A4, 4301A700B4, and 4301A700C4;  (3) Lot 4300A700D3;"
"Veterinary","No","","69843","Terminated","Mars Petcare USA","315 Cool Springs Blvd","N/A","Franklin","TN","	37067-1632","United States","Voluntary: Firm initiated","Telephone","Product was distributed to distributors in CA, GA, MI, MN, NV, PA, TX, and VT as well as British Columbia, Canada.","V-287-2016","Class I","California Natural Herring & Sweet Potato Formula, Adult Cat Food, packaged in 15 lbs paper boxes, UPC 5148 582357, Manufactured by Natura Pet Products, Inc., Fremont, NE.","126 units","Batches of cat and ferret food were manufactured with no added vitamins and double the specified minerals.","11/20/2014","01/22/2016","02/05/2016","02/03/2016","Lot 4307A700D2;"
"Veterinary","No","","69914","Terminated","Burkmann Feeds Llc","1111 Perryville Rd","N/A","Danville","KY","	40422-1306","United States","Voluntary: Firm initiated","Visit","The affected product was distributed to four firms in KY.     The affected product was not distributed to any foreign or government consignees..","V-514-2016","Class I","Burkmann Feeds Layer Ration 20% Pellet   656, Feed for chickens, packaged paper bags, 50 lbs per bag","360 bags","Burkemann Feeds conducted a recall in response to monensin found in chicken feed 656.","10/14/2014","09/13/2016","12/19/2016","09/21/2016","Lot # 2090341"
"Veterinary","No","","70145","Terminated","TDBBS","5701 Eastport Blvd","N/A","Richmond","VA","	23231-4450","United States","Voluntary: Firm initiated","E-Mail","The company  identified 17 customers who are either pet store owners or distribution centers that may have received the affected lot. They are instructing our customers to return the product for accountability. They do not have any foreign or US government accounts.","V-277-2016","Class I","Brand name: Barkworthies All Natural Chicken Vittles (Chicken neck)","65 Cases were manufactured from 152kg (335 lbs) on 5/5/14. Distribution began on 5/6/14. All of the 65 cases have been distributed.","Feed Sample Report from the Colorado Department of Agriculture found Salmonella detected in Barkworthies All Natural Chicken Vittles (Lot 1254T1).","12/22/2014","01/22/2016","01/28/2016","02/03/2016","UPC: 8-16807-01151-0     SKU: BARK-ChicVit1lbc6    BEST BY: 05/2016    LOT: 1254T1    Net weight: 16oz. per bag, 6 bags per case"
"Veterinary","No","","70196","Terminated","Jump Your Bones, Inc.","6839 Town Harbour Blvd","Bldg 16, Unit 1615","Boca Raton","FL","	33433-4315","United States","Voluntary: Firm initiated","Press Release","Distributors in  WA, CA and NY - product sold Nationwide and via internet sales at  Pet Stores, Pet Boutiques, Groomers and Veterinarian Offices.","V-293-2016","Class I","Jump Your Bones Roo Bites (Cubes) - Packaged in 80g/2.82 oz. including samples of .32 oz.plastic bags in a re-sealable container","1,339 kilograms (to make 80 grams bags)","The Colorado Department of Agriculture collected a sample and found that it was positive for Salmonella. They submitted the Salmonella isolate to the FDA for further identification.","12/31/2014","02/04/2016","09/28/2016","02/10/2016","No codes/lots #'s or Best By or Expiration date on the packages only UPC 63633010041"
"Veterinary","No","","70319","Terminated","J.J. Fuds, Inc.","316 N 400 E","N/A","Valparaiso","IN","	46383-9704","United States","Voluntary: Firm initiated","Telephone","Domestic: IN, IL, MI, MN    Foreign: None","V-122-2016","Class I","Chicken Tender Chunks  5 lb bag, 6- 5 lb bags/case, and 10 lb bag","6000 lbs. in the form of 200 x 5lb. bags and 500 x 10 lb. bags combined product","Listeria monocytogenes was found in retail surveillance sample collected by the State of Michigan.  The firm was notified and initiated a recall and contacted customers via telephone, press release and letters to be issued.","01/13/2015","01/12/2016","05/13/2016","01/20/2016","All UPC Package Codes; Manufacture Date: 05/06/2014 to 01/7/2015"
"Veterinary","No","","70406","Terminated","Grill-Phoria LLC","1082 Denver Ave","N/A","Loveland","CO","	80537-5165","United States","Voluntary: Firm initiated","Press Release","Big Bark All Natural Beef Jerky Treats for Dogs was distributed primarily in Colorado, with some product distributed in Wyoming, Utah, Oklahoma, and Arizona through Nor-Sky Pet Supply LLC to independent pet stores.","V-296-2016","Class I","Big Bark All Natural Beef Jerky Treat for Dogs, Guaranteed Analysis, Crude Protein 65%, Crude Fat 8.0%, Crude Fiber 2.0%, Moisture 10.0%, Ingredients: Dehydrated Beef Heart Made in USA Grill-Phoria LLC 1082 North Denver Ave, Loveland, Colorado 80537, Item #NS01701, 3.5 oz (99 g), 8 17894 01701 0","221 x 3.5 oz bags","Grill-Phoria of Loveland, Colorado is recalling certain Big Bark All Natural Beef Jerky Treats for Dogs due to potential contamination with Salmonella.","01/30/2015","02/04/2016","06/14/2016","02/10/2016","No lot codes are listed on the product.  Product is packed in 3.5 oz resealable plastic pouches.  It was manufactured and distributed from 9/20/14 through 1/02/15."
"Veterinary","No","","69929","Terminated","Lakeland Animal Nutrition, Inc.","2725 S Combee Rd","N/A","Lakeland","FL","	33803-7386","United States","Voluntary: Firm initiated","Two or more of the following: Email, Fax, Letter, Press Release, Telephone, Visit","FLORIDA","V-309-2016","Class I","Signature brand FEP-862S Q STATUS PELLET FORMULA Pelleted Maintenance & Light Exercise Ration 50 lb bag (paper bags, poly-lined, sewn at both ends)","89 bags of  50 lbs. each","Products may contain monensin.","10/22/2014","02/11/2016","08/11/2016","02/17/2016","Lot Number 14-280 Manufacture Date: October 7"
"Veterinary","No","","70319","Terminated","J.J. Fuds, Inc.","316 N 400 E","N/A","Valparaiso","IN","	46383-9704","United States","Voluntary: Firm initiated","Telephone","Domestic: IN, IL, MI, MN    Foreign: None","V-123-2016","Class I","Beef Tender Chunks  5 lb bag, 6- 5 lb bags/case, and 10 lb bag","6000 lbs. in the form of 200 x 5lb. bags and 500 x 10 lb. bags combined product","Listeria monocytogenes and Salmonella was found in retail surveillance sample collected by the State of Michigan.  The firm was notified and initiated a recall and contacted customers via telephone, press release and letters starting on 1/13/2015.","01/13/2015","01/12/2016","05/13/2016","01/20/2016","All UPC Package Codes; Manufacture Date: 05/06/2014 to 01/7/2015"
"Veterinary","No","","70319","Terminated","J.J. Fuds, Inc.","316 N 400 E","N/A","Valparaiso","IN","	46383-9704","United States","Voluntary: Firm initiated","Telephone","Domestic: IN, IL, MI, MN    Foreign: None","V-124-2016","Class I","Duckling Tender Chunks  5 lb bag, 6- 5 lb bags/case, and 10 lb bag","6000 lbs. in the form of 200 x 5lb. bags and 500 x 10 lb. bags combined product","The product may be contaminated with Listeria monocytogenes and Salmonella.  L. mono and Salmonella were detected in other varieties processed at the firm in retail surveillance samples collected by the State of Michigan.  The firm was notified and initiated a recall and contacted customers via telephone, press release and letters starting on 1/13/2015.","01/13/2015","01/12/2016","05/13/2016","01/20/2016","All UPC Package Codes; Manufacture Date: 05/06/2014 to 01/7/2015"
"Veterinary","No","","70504","Terminated","Tuffy's Pet Food, Inc","145 1st Ave N","P.O. Box 190","Perham","MN","	56573-0190","United States","Voluntary: Firm initiated","Letter","Product distributed to distributors in CA and IL","V-297-2016","Class I","Nutrisca Chicken and Chick Pea Recipe Dry Dog Food, Net Wt. 4 lbs.","17,376 units","Specific lots of Nutrisca Chicken and Chick Pea Recipe Dry Dog Food have the potential to be contaminated with Salmonella.","02/11/2015","02/04/2016","04/07/2016","02/10/2016","First five digits of Lot Codes:  4G29P, 4G31P, 4H01P, 4H04P, 4H05P, 4H06P.  Best By Dates:  Jul28 16, Jul 30 16, Jul 31 16, Aug 03 16, Aug 04 16, Aug 05 16."
"Veterinary","No","","70508","Terminated","Pet International Inc.","8600 NW 30th Ter","N/A","Doral","FL","	33122-1909","United States","Voluntary: Firm initiated","Other","Colorado","V-307-2016","Class I","Buster s Natural Pet Supply Brand 6"" Beef Trachea, 12 pack in plastic pouch","1500 units","Samples collected by the Colorado Department of Agriculture and tested in FDA laboratory tested positive for Salmonella","01/12/2015","02/09/2016","01/04/2017","02/17/2016","Lot #54, 8501450; UPC #8501450"
"Veterinary","No","","70575","Terminated","Cargill Feed and Nutrition","1088 E Main St","N/A","Mount Joy","PA","	17552-9332","United States","Voluntary: Firm initiated","Telephone","PA","V-278-2016","Class I","Bulk SP06193 Covance Rabbit 16 Feed","15 tons","A single lot of custom-produced, bulk rabbit feed was delivered by truck to a single customer. Flaked corn was inadvertently mixed with the rabbit feed. The sudden change in starch in the rabbit feed caused the death of less than 0.3% of population","01/13/2015","01/22/2016","04/27/2016","02/03/2016","Product Code: 207052"
"Veterinary","No","","70582","Terminated","Purina Animal Nutrition LLC","1700 Industries Rd","N/A","Richmond","IN","	47374-1375","United States","Voluntary: Firm initiated","Two or more of the following: Email, Fax, Letter, Press Release, Telephone, Visit","Domestic: Duke University   Durham, NC  27708  Contact:  Francis Sun  Tel  919-684-2341      Foreign: None","V-313-2016","Class I","Mod LabDiet 5058 w/150 ppm Fenbendazole  Plastic sealed bag in a box; 1 - 480 kg package","1 - 480 kg package","A manufacturing error resulting in Ivermectin used in place of Fenbendazole in custom research diet for mice resulted in mice mortality.","02/23/2015","02/25/2016","05/18/2016","03/02/2016","Product Code:  57T7; Manufactured 01/26/2015"
"Veterinary","No","","70612","Terminated","Land O Lakes Purina LLC","1080 County Road F W","N/A","Shoreview","MN","	55126-2910","United States","Voluntary: Firm initiated","Two or more of the following: Email, Fax, Letter, Press Release, Telephone, Visit","FL","V-264-2016","Class I","DuMor Sheep Formula Net WT 50 lb (22.67kg)","120 bags.","Potential Copper Toxicity in the sheep feed lot.","02/20/2015","01/22/2016","03/30/2016","02/03/2016","Item # 0047317; Formula No.: 55 ea; Lot Number 4NOV28LCK1. 50 lb bag' 40 paper bags/pallet."
"Veterinary","No","","70646","Terminated","Eastern Colorado Recycling dba Triple A Brand Meat Co.","43465 US Highway 24","N/A","Burlington","CO","	80807-9402","United States","Voluntary: Firm initiated","Telephone","Nevada, Minnesota, and Louisiana.  No foreign/govt/VA/military consignees.","V-292-2016","Class I","Eastern Colorado Recycling CO. 43465 Highway 24, Burlington, CO 80807, 25 pound cardboard boxes, 5 packages per case, frozen","33 cases","Triple A Brand Meat Company is recalling Horse Chunk due to potential contamination with barbiturates.","02/27/2015","02/04/2016","11/23/2016","02/10/2016","Lot number indicates the date of production: OCT 22 2014, OCT 27 2014, NOV 15 2014"
"Veterinary","No","","70734","Terminated","Primal Pet Foods Inc.","2405 Mckinnon Ave","N/A","San Francisco","CA","	94124","United States","Voluntary: Firm initiated","Press Release","MO, PA, MN, FL, NY, OH, CA,  HI.","V-300-2016","Class I","Primal Formula for Cats; Turkey - 93% Turkey, 7% produce and supplements.  1 oz. nuggets - Keep Frozen:  Net wt. 3 lbs. (1.35 kg)  Feline Turkey Formula    Ingredients: Turkey, Turkey Necks, Turkey Hearts, Turkey Livers, Organic Collard Greens, Organic Squash, Organic Celery, Cranberries, Blueberries, Organic Pumpkin Seeds, Organic Sunflower Seeds, Minerals (Zinc Sulfate, Copper Carbonate, Selenium), Almonds, Organic Apple Cider Vinegar, Sardine Oil, Taurine, Organic Quinoa Sprout Powder, Dried Organic Kelp, Organic Cilantro, Organic Coconut Oil, Cod Liver Oil, Organic Ginger, Natural Vitamin E.    Primal Pet Foods Inc.","52 cases (8 x 3 lb. bags per case) (1248 lbs.","One lot of Feline Turkey Raw Frozen Formula 3 pound bag tested FDA was found to be low in Thiamine.","03/13/2015","02/09/2016","02/16/2016","02/17/2016","Best By date 060815 B22  UPC 8 50334-00414 0."
"Veterinary","No","","70877","Terminated","5Cs Drying LLC","9960 Rosedale Rd","N/A","Hicksville","OH","	43526-9248","United States","Voluntary: Firm initiated","Letter","All product was shipped to IL.","V-280-2016","Class I","5C's DRYING LLC Cranberry Pomace, 1700 lbs plastic bag, Manufactured by 5C's Drying, LLC 09960 Rosedale Rd. Hicksville, Ohio 43526","N/A","The firm was notified by their customer that the product test positive for Salmonella.","03/24/2015","01/22/2016","02/04/2016","02/03/2016","Lot #66"
"Veterinary","No","","70996","Terminated","TFH Publications, Inc./Nylabone Products","120 3rd Ave Ste 1","N/A","Neptune","NJ","	07753-8214","United States","Voluntary: Firm initiated","Telephone","Nationwide","V-279-2016","Class I","Nylabone Puppy Starter Kit Net Wt. 1.69 oz (48 g)Nylabone Products, PO Box 427 Neptune, NJ 07754-0427   UPC 0-1821481291-3","2,513 eaches","Nylabone Puppy Starter Kit may be contaminated with Salmonella.","04/10/2015","01/22/2016","03/30/2016","02/03/2016","Lot #21935"
"Veterinary","No","","71136","Terminated","Kent Nutrtion Group Inc","2905 N Highway 61","N/A","Muscatine","IA","	52761-5809","United States","Voluntary: Firm initiated","Telephone","Nebraska and Oregon.","V-281-2016","Class I","Blue Seal Home Fresh Starter Amp Medicated, 0.0125% Amprolium (113.5 g/ton), Manufactured by Kent Nutrition Group, Inc. General Offices Muscatine, Iowa 52761","103 50 lb bags and 40 25 lb bags","A batch of poultry feed was assayed at 3.5% salt (above specification).","04/17/2015","01/22/2016","02/05/2016","02/03/2016","Lot: 1015072"
"Veterinary","No","","71258","Terminated","oc Raw Dog","30052 Aventura Ste A","N/A","Rancho Santa Margarita","CA","	92688-2042","United States","Voluntary: Firm initiated","E-Mail","U.S. distribution to the following; MN, MO, CO, and PA.  No foreign distribution.","V-285-2016","Class I","OC Raw Dog  Turkey & Produce  Raw Frozen Formulation  6.5 lbs./2.95 Kg and bulk bags    Product is raw and frozen, and packaged in plastic bags.","2055 lbs (58 cases)","OC Raw Dog, LLC is initiating a recall of OC Raw Dog Turkey & Produce in 6.5 lb and bulk bags due to potential Salmonella contamination.","05/13/2015","01/22/2016","02/27/2017","02/03/2016","lot 1511  USE BY 100815"
"Veterinary","No","","71520","Terminated","Boulder Dog Food Company, L.L.C.","3026 Valmont Rd","N/A","Boulder","CO","	80301-2115","United States","Voluntary: Firm initiated","Telephone","Distributed to Colorado, Washington, Maryland, Virginia, Florida, California  No foreign or VA/govt/military consignees.","V-282-2016","Class I","Boulder Dog Food Company, L.L.C. Chicken Sprinkles, 3 Ounces, Single packages, with each package 8  x 5 .","10","Boulder Dog Food Company is recalling Chicken Sprinkles with Best by Date of 05/04/2016 because it tested positive for Salmonella.","06/04/2015","01/22/2016","07/12/2016","02/03/2016","Lot # 998, Best By 05/04/16"
"Veterinary","No","","71547","Terminated","Syfrett Feed Company, Inc.","3079 NW 8th St","N/A","Okeechobee","FL","	34972-7621","United States","Voluntary: Firm initiated","Two or more of the following: Email, Fax, Letter, Press Release, Telephone, Visit","US- Florida","V-414-2016","Class I","Syfrett Horse Pellets, also known as Syfrett All Purpose Pellets, a non-medicated pellet feed. Item # 4-1200 (This feed was not bagged but was sent to a customer tank where individuals can drive up and fill their bulk bins or bags with the feed.)","2,749 pounds","Customer complaints that the feed was causing horses to fall ill or die","04/17/2014","06/10/2016","01/04/2017","06/22/2016","Item # 4-1200 Batch # 31749"
"Veterinary","No","","71520","Terminated","Boulder Dog Food Company, L.L.C.","3026 Valmont Rd","N/A","Boulder","CO","	80301-2115","United States","Voluntary: Firm initiated","Telephone","Distributed to Colorado, Washington, Maryland, Virginia, Florida, California  No foreign or VA/govt/military consignees.","V-283-2016","Class I","Boulder Dog Food Company,Gourmet Dog Treats Turkey Sprinkles Food Enhancer, Net Wt. 3 oz (85G), 100% Turkey","24 bags","Boulder Dog Food Company is recalling Chicken Sprinkles with Best by Date of 05/04/2016 and Turkey Sprinkles with Best by Date of 5/30/2016 because of the potential for Salmonella contamination.","06/04/2015","01/22/2016","07/12/2016","02/03/2016"," Best By  date of  05/18/16, 05/28/2016 and 05/30/2016 , a Lot Number of  743 , and a UPC Code of 899883001224"
"Veterinary","No","","71607","Terminated","Carnivore Meat Company, LLC","2878 Ontario Rd","N/A","Green Bay","WI","	54311-6877","United States","Voluntary: Firm initiated","Two or more of the following: Email, Fax, Letter, Press Release, Telephone, Visit","US: RI, MA, VT, PA, OH, GA, FL, TX, IL, CO, CA NM.","V-294-2016","Class I","Vital Essentials Frozen Beef Tripe Patties, 6 lb package (heat sealed bag), 4 per case, product code #3809, UPC 33211 00809.  Vital Essentials Frozen Tripe Treat Nibblets, 3 lb package (heat sealed bag), 6 per case, product code #3904, UPC 33211 00904.","4848 lbs.","Carnivore Meat Company LLC is recalling Frozen Beef Tripe Patties (Lot Number 10930) and Frozen Beef Tripe Nibblets (Lot Number 10719) because of the presence of Listeria monocytogenes in the product.","06/19/2015","02/04/2016","12/19/2016","02/10/2016","Tripe Patties - lot# 10930, product code# 3809, Best by date 20160210.  Tripe Nibblets lot# 10719, Product code# 3904, Best by date 12022015."
"Veterinary","No","","71648","Terminated","Stella & Chewy's, LLC","2842 S 5th Ct","N/A","Milwaukee","WI","	53207-1472","United States","Voluntary: Firm initiated","Two or more of the following: Email, Fax, Letter, Press Release, Telephone, Visit","US: AZ, CA, CO, FL GA, IL, KS, MD, MN, NY, NC, PA, RI, TX, VI, VA, WI,WA.","V-473-2016","Class I","Stella & Chewy's Freeze-¿Dried Chewy's Chicken Dinner for Dogs, 15 oz., UPC 186011000045.     Frozen Chewy's Chicken Dinner Morsels for Dogs, 4 lb, UPC 186011001387.    Frozen Chewy's Chicken Dinner Patties for Dogs, 6 lb, UPC 186011000120.    Frozen Chewy's Chicken Dinner Patties for Dogs, 3 lb, UPC 186011000038.    Carnivore Crunch Chicken Recipe, 3.25 oz, UPC 186011001080.","Total for all product : 5045 cases and 12 pieces","Stella & Chewy's is voluntarily recalling some of its products due to concerns of a possible presence of Listeria monocytogenes. The recall was prompted by a positive test confirming Listeria monocytogenes in Chewy's Chicken Freeze-Dried Dinner Patties for Dogs, 15 ounce, Lot #111-15.  As a precautionary measure the company is recalling all products from lot # 111-15 including products that could have come into contact with the affected lot.","07/03/2015","08/02/2016","08/11/2017","08/10/2016","Lot 111-¿15, Use By 4/21/2016, 4/23/2016 and 4/26/2016.  Lot 110-15, Use by 5/3/2016.  Lot 114-15, Use By 4/26/2016."
"Veterinary","No","","71648","Terminated","Stella & Chewy's, LLC","2842 S 5th Ct","N/A","Milwaukee","WI","	53207-1472","United States","Voluntary: Firm initiated","Two or more of the following: Email, Fax, Letter, Press Release, Telephone, Visit","US: AZ, CA, CO, FL GA, IL, KS, MD, MN, NY, NC, PA, RI, TX, VI, VA, WI,WA.","V-474-2016","Class I","Stella & Chewy's Carnivore Crunch Turkey Recipe, 3.25 oz, UPC 186011001103.","Total for all product : 5045 cases and 12 pieces","Stella & Chewy's is voluntarily recalling some of its products due to concerns of a possible presence of Listeria monocytogenes. The recall was prompted by a positive test confirming Listeria monocytogenes in Chewy's Chicken Freeze-Dried Dinner Patties for Dogs, 15 ounce, Lot #111-15.  As a precautionary measure the company is recalling all products from lot # 111-15 including products that could have come into contact with the affected lot.","07/03/2015","08/02/2016","08/11/2017","08/10/2016","Lot 111-¿15, Use By 5/3/2016 and 5/4/2016."
"Veterinary","No","","71648","Terminated","Stella & Chewy's, LLC","2842 S 5th Ct","N/A","Milwaukee","WI","	53207-1472","United States","Voluntary: Firm initiated","Two or more of the following: Email, Fax, Letter, Press Release, Telephone, Visit","US: AZ, CA, CO, FL GA, IL, KS, MD, MN, NY, NC, PA, RI, TX, VI, VA, WI,WA.","V-475-2016","Class I","Stella & Chewy's Frozen Duck Duck Goose Dinner Morsels for Dogs, 4 lb, UPC 186011001394.","Total for all product: 5045 cases and 12 pieces","Stella & Chewy's is voluntarily recalling some of its products due to concerns of a possible presence of Listeria monocytogenes. The recall was prompted by a positive test confirming Listeria monocytogenes in Chewy's Chicken Freeze-Dried Dinner Patties for Dogs, 15 ounce, Lot #111-15.  As a precautionary measure the company is recalling all products from lot # 111-15 including products that could have come into contact with the affected lot.","07/03/2015","08/02/2016","08/11/2017","08/10/2016","Lot 111-¿15, Use By 4/21/2016."
"Veterinary","No","","71648","Terminated","Stella & Chewy's, LLC","2842 S 5th Ct","N/A","Milwaukee","WI","	53207-1472","United States","Voluntary: Firm initiated","Two or more of the following: Email, Fax, Letter, Press Release, Telephone, Visit","US: AZ, CA, CO, FL GA, IL, KS, MD, MN, NY, NC, PA, RI, TX, VI, VA, WI,WA.","V-476-2016","Class I","Stella & Chewy's Freeze-Dried Chick, Chick, Chicken Dinner for Cats, 12 oz, UPC 186011000434.","Total for all product : 5045 cases and 12 pieces","Stella & Chewy's is voluntarily recalling some of its products due to concerns of a possible presence of Listeria monocytogenes. The recall was prompted by a positive test confirming Listeria monocytogenes in Chewy's Chicken Freeze-Dried Dinner Patties for Dogs, 15 ounce, Lot #11115. As a precautionary measure the company is recalling all products from lot # 111-15 including products that could have come into contact with the affected lot.","07/03/2015","08/02/2016","08/11/2017","08/10/2016","Lot 111-¿15, Use By 4/29/2016 and 5/3/2016.  Lot 104-15, Use By 4/23/2016.  Lot 109-15, Use By 4/29/2016."
"Veterinary","No","","71648","Terminated","Stella & Chewy's, LLC","2842 S 5th Ct","N/A","Milwaukee","WI","	53207-1472","United States","Voluntary: Firm initiated","Two or more of the following: Email, Fax, Letter, Press Release, Telephone, Visit","US: AZ, CA, CO, FL GA, IL, KS, MD, MN, NY, NC, PA, RI, TX, VI, VA, WI,WA.","V-477-2016","Class I","Stella & Chewy's Freeze-Dried Tummy Ticklin' Turkey Dinner for Cats, 12 oz, UPC 186011000663.","Total for all product : 5045 cases and 12 pieces","Stella & Chewy's is voluntarily recalling some of its products due to concerns of a possible presence of Listeria monocytogenes. The recall was prompted by a positive test confirming Listeria monocytogenes in Chewy's Chicken Freeze-Dried Dinner Patties for Dogs, 15 ounce, Lot #111-15.  As a precautionary measure the company is recalling  all products from lot # 111-15 including products that could have come into contact with the affected lot.","07/03/2015","08/02/2016","08/11/2017","08/10/2016","Lot 114-¿15, Use By 5/4/2016.  Lot 115-15, Use By 5/4/2016."
"Veterinary","No","","71648","Terminated","Stella & Chewy's, LLC","2842 S 5th Ct","N/A","Milwaukee","WI","	53207-1472","United States","Voluntary: Firm initiated","Two or more of the following: Email, Fax, Letter, Press Release, Telephone, Visit","US: AZ, CA, CO, FL GA, IL, KS, MD, MN, NY, NC, PA, RI, TX, VI, VA, WI,WA.","V-478-2016","Class I","Stella & Chewy's Freeze-Dried Salmon & Chicken Dinner for Cats, 12 oz, UPC 186011000403.","Total for all product: 5045 cases and 12 pieces","Stella & Chewy's is voluntarily recalling some of its products due to concerns of a possible presence of Listeria monocytogenes. The recall was prompted by a positive test confirming Listeria monocytogenes in Chewy's Chicken Freeze-Dried Dinner Patties for Dogs, 15 ounce, Lot #111-15.  As a precautionary measure the company is recalling all products from lot # 111-15 including products that could have come into contact with the affected lot.","07/03/2015","08/02/2016","08/11/2017","08/10/2016","Lot 107-¿15, Use By 4/23/2016."
"Veterinary","No","","71648","Terminated","Stella & Chewy's, LLC","2842 S 5th Ct","N/A","Milwaukee","WI","	53207-1472","United States","Voluntary: Firm initiated","Two or more of the following: Email, Fax, Letter, Press Release, Telephone, Visit","US: AZ, CA, CO, FL GA, IL, KS, MD, MN, NY, NC, PA, RI, TX, VI, VA, WI,WA.","V-479-2016","Class I","Stella & Chewy's Frozen Surf'N Turf Dinner Patties for Dogs, 6 lb, UPC 186011000533.","Total for all product : 5045 cases and 12 pieces","Stella & Chewy's is voluntarily recalling some of its products due to concerns of a possible presence of Listeria monocytogenes. The recall was prompted by a positive test confirming Listeria monocytogenes in Chewy's Chicken Freeze-Dried Dinner Patties for Dogs, 15 ounce, Lot #111-15.  As a precautionary measure the company is recalling all products from lot # 111-15 including products that could have come into contact with the affected lot.","07/03/2015","08/02/2016","08/11/2017","08/10/2016","Lot 111-¿15, Use By 4/21/2016."
"Veterinary","No","","71648","Terminated","Stella & Chewy's, LLC","2842 S 5th Ct","N/A","Milwaukee","WI","	53207-1472","United States","Voluntary: Firm initiated","Two or more of the following: Email, Fax, Letter, Press Release, Telephone, Visit","US: AZ, CA, CO, FL GA, IL, KS, MD, MN, NY, NC, PA, RI, TX, VI, VA, WI,WA.","V-480-2016","Class I","Stella & Chewy's  Freeze-Dried Tantalizing Turkey Meal Mixers, 18 oz, UPC 186011000229.  Freeze-Dried Tantalizing Turkey Meal Mixers, 9 oz, UPC 186011000205.","Total for all product : 5045 cases and 12 pieces","Stella & Chewy's is voluntarily recalling some of its products due to concerns of a possible presence of Listeria monocytogenes. The recall was prompted by a positive test confirming Listeria monocytogenes in Chewy's Chicken Freeze-Dried Dinner Patties for Dogs, 15 ounce, Lot #111-15.  As a precautionary measure the company is recalling all products from lot # 111-15 including products that could have come into contact with the affected lot.","07/03/2015","08/02/2016","08/11/2017","08/10/2016","Lot 105-¿15, Use By 5/3/2016.  Lot 113-¿15, Use By 5/3/2016."
"Veterinary","No","","71736","Terminated","BRAVO! LLC","349 Wetherell St.","N/A","Manchester","CT","	06040","United States","Voluntary: Firm initiated","Press Release","CT, MA, NH, NY, WI, OH, TX, AZ, MO, MN, MI, CA, CO, OR, NM, IN, FL, SC, PA, WA, RI, IL, MD","V-301-2016","Class I","Bravo Blends All Natural Chicken Blend diet for dogs & cats, Item #: 21¿-102, 2 lb (32 oz.) chub; UPC: 829546211028","105 cases","Product tested positive for Salmonella spp. Poly A","07/23/2015","02/09/2016","07/27/2016","02/17/2016","12-05-16"
"Veterinary","No","","71736","Terminated","BRAVO! LLC","349 Wetherell St.","N/A","Manchester","CT","	06040","United States","Voluntary: Firm initiated","Press Release","CT, MA, NH, NY, WI, OH, TX, AZ, MO, MN, MI, CA, CO, OR, NM, IN, FL, SC, PA, WA, RI, IL, MD","V-302-2016","Class I","Bravo Balance Chicken Dinner for dogs, Patties, Item #: 21¿401; 3 lb (48 oz.) bag UPC: 829546214012","42 cases","Product did not test positive for Salmonella, but is being voluntarily recalled out of an abundance of caution because it was manufactured in the same manufacturing facility on the same day as the product that tested positive for Salmonella spp. Poly A.","07/23/2015","02/09/2016","07/27/2016","02/17/2016","12-05-16"
"Veterinary","No","","71736","Terminated","BRAVO! LLC","349 Wetherell St.","N/A","Manchester","CT","	06040","United States","Voluntary: Firm initiated","Press Release","CT, MA, NH, NY, WI, OH, TX, AZ, MO, MN, MI, CA, CO, OR, NM, IN, FL, SC, PA, WA, RI, IL, MD","V-303-2016","Class I","Bravo Balance Chicken Dinner for dogs, Chub, Item Code: 21¿402, 2 lb., (32 oz.) UPC: 829546214029","48 cases","Product did not test positive for Salmonella, but is being voluntarily recalled out of an abundance of caution because it was manufactured in the same manufacturing facility on the same day as the product that tested positive for Salmonella spp. Poly A.","07/23/2015","02/09/2016","07/27/2016","02/17/2016","12-05-16"
"Veterinary","No","","71736","Terminated","BRAVO! LLC","349 Wetherell St.","N/A","Manchester","CT","	06040","United States","Voluntary: Firm initiated","Press Release","CT, MA, NH, NY, WI, OH, TX, AZ, MO, MN, MI, CA, CO, OR, NM, IN, FL, SC, PA, WA, RI, IL, MD","V-304-2016","Class I","Bravo Blend Chicken diet for dogs & cats, Patties, Item Number: 21¿508, 5 lb. (80 oz.) bag, UPC: 829546215088","124 cases","Product did not test positive for Salmonella, but is being voluntarily recalled out of an abundance of caution because it was manufactured in the same manufacturing facility on the same day as the product that tested positive for Salmonella spp. Poly A.","07/23/2015","02/09/2016","07/27/2016","02/17/2016","12-05-16"
"Veterinary","No","","71789","Terminated","Nature's Variety","Suite 200","55 West Port Plaza Drive","Saint Louis","MO","	63146","United States","Voluntary: Firm initiated","Press Release","Nationwide distribution.  Product was also distributed to Canada.  No military or government distribution was reported.","V-267-2016","Class I","Nature's Variety Instinct Raw Chicken Formula Bites Nutrition for Dogs, packaged  in 4 lb. plastic bags Net Wt. 4.0 LB (1.8 kg), UPC 7 6994961143 1, 6 (4 lb. bags) per case (UPC 7 69949 71143 8)  and 7 lb. plastic bags Net Wt. 7.0 LB (3.2 kg), UPC 7 69949 61144 8, 4 (7 lb. bags) per case (UPC 7 69949 71144 5) .  The responsible firm name on the label is Nature's Variety, Saint Louis, MO 63146.","3,978 - 4 lb. bags and 2,040 - 7 lb. bags","Product tested positive for Salmonella","07/24/2015","01/22/2016","03/28/2017","02/03/2016","Best By 04/27/16"
"Veterinary","No","","71789","Terminated","Nature's Variety","Suite 200","55 West Port Plaza Drive","Saint Louis","MO","	63146","United States","Voluntary: Firm initiated","Press Release","Nationwide distribution.  Product was also distributed to Canada.  No military or government distribution was reported.","V-268-2016","Class I","Nature's Variety Instinct Raw Chicken Formula Patties Nutrition for Dogs, packaged  in 6 lb. plastic bags Net Wt. 6.0 LB (2.7 kg), UPC 7 6994961148 6, 6 (6 lb. bags) per case (UPC 7 69949 71148 3).  The responsible firm name on the label is Nature's Variety, Saint Louis, MO 63146.","3,018 - 6 lb. bags","Product tested positive for Salmonella","07/24/2015","01/22/2016","03/28/2017","02/03/2016","Best By 04/27/16"
"Veterinary","No","","71871","Terminated","Spring Creek Milling Co-op Inc.","74219 Highway 1054","N/A","Kentwood","LA","	70444-4953","United States","Voluntary: Firm initiated","Telephone","LA & MS","V-269-2016","Class I","Custom blended horse feed, packaged in 50 lb bags and in bulk","8,000 lbs","Various feeds including horse feed were found to be contaminated with monensin","07/24/2015","01/22/2016","01/28/2016","02/03/2016","None"
"Veterinary","No","","71871","Terminated","Spring Creek Milling Co-op Inc.","74219 Highway 1054","N/A","Kentwood","LA","	70444-4953","United States","Voluntary: Firm initiated","Telephone","LA & MS","V-270-2016","Class I","Custom blended dairy feed, packaged in bulk","254,984 lbs","Various feeds including horse feed were found to be contaminated with monensin","07/24/2015","01/22/2016","01/28/2016","02/03/2016","None"
"Veterinary","No","","71871","Terminated","Spring Creek Milling Co-op Inc.","74219 Highway 1054","N/A","Kentwood","LA","	70444-4953","United States","Voluntary: Firm initiated","Telephone","LA & MS","V-271-2016","Class I","Custom blended beef cattle feed, packaged in bulk","31,999 lbs","Various feeds including horse feed were found to be contaminated with monensin","07/24/2015","01/22/2016","01/28/2016","02/03/2016","None"
"Veterinary","No","","71871","Terminated","Spring Creek Milling Co-op Inc.","74219 Highway 1054","N/A","Kentwood","LA","	70444-4953","United States","Voluntary: Firm initiated","Telephone","LA & MS","V-272-2016","Class I","Custom blended beef cattle feed, medicated, packaged in bulk","46,066 lbs","Various feeds including horse feed were found to be contaminated with monensin","07/24/2015","01/22/2016","01/28/2016","02/03/2016","None"
"Veterinary","No","","71875","Terminated","Natural Dog Company, Inc.","7350 Greendale Rd","N/A","Windsor","CO","	80550-8004","United States","Voluntary: Firm initiated","Press Release","Nationwide to CO, FL, IL, MO, MN, MT, NC, OH, UT and WA.  No foreign/ military/ VA/ govt.","V-284-2016","Class I","The Natural Dog Company, 12  Tremenda Sticks, 12oz, Resealable plastic bags","560 bags","The Natural Dog Company is recalling 12  Tremenda Sticks due to potential Salmonella.","07/20/2015","01/22/2016","06/14/2016","02/03/2016","All products not containing a lot number."
"Veterinary","No","","71871","Terminated","Spring Creek Milling Co-op Inc.","74219 Highway 1054","N/A","Kentwood","LA","	70444-4953","United States","Voluntary: Firm initiated","Telephone","LA & MS","V-273-2016","Class I","Custom blended goat feed, medicated, packaged in bulk","8,000 lbs","Various feeds including horse feed were found to be contaminated with monensin","07/24/2015","01/22/2016","01/28/2016","02/03/2016","None"
"Veterinary","No","","71871","Terminated","Spring Creek Milling Co-op Inc.","74219 Highway 1054","N/A","Kentwood","LA","	70444-4953","United States","Voluntary: Firm initiated","Telephone","LA & MS","V-274-2016","Class I","Custom blended goat feed, packaged in bulk","1,000 lbs","Various feeds including horse feed were found to be contaminated with monensin","07/24/2015","01/22/2016","01/28/2016","02/03/2016","None"
"Veterinary","No","","71871","Terminated","Spring Creek Milling Co-op Inc.","74219 Highway 1054","N/A","Kentwood","LA","	70444-4953","United States","Voluntary: Firm initiated","Telephone","LA & MS","V-275-2016","Class I","Corn, packaged in bulk","1,000 lbs","Various feeds including horse feed were found to be contaminated with monensin","07/24/2015","01/22/2016","01/28/2016","02/03/2016","None"
"Veterinary","No","","71927","Terminated","Northwest Farm Food Cooperative","1370 S Anacortes St","N/A","Burlington","WA","	98233-3038","United States","Voluntary: Firm initiated","Two or more of the following: Email, Fax, Letter, Press Release, Telephone, Visit","distributed in OR and WA","V-295-2016","Class I","Frozen Raw Cat Food (10 lbs. chubs and 50 lbs. block).  No UPC code.  Product is used for captive wild cats.    The affected products are sold in 50 pound blocks or 10 lbs. chubs  (the net weight per case of 10 lbs. chubs is 60 lbs.).   Each chub is packaged in a white plastic bag labeled as Cat Food.       The 10 lbs. product is labeled in parts: ""***CAT FOOD***Northwest Farm Food***10 LBS. NET WEIGHT***INEDIBLE NOT FOR HUMAN CONSUMPTION DO NOT FEED TO CATTLE OR OTHER RUMINANTS***KEEP FROZEN***Crude Protein**Crude Fat***Crude Fiber***Moisture***Ingredients: Fish, Beef Liver, Beef, Chicken, Meat By-Products.  Cooked Wheat, Cooked Barley, Mill run, Steamed Bone Meal, Vit E & Vit B-12.  Use as supplement to your regular maintenance diet***"".","total about 4200 lbs. (700 lbs. of 50 blocks and 3000 lbs. of 10 lbs. chubs)","Frozen Raw ""Cat Food"" is recalled due to contamination with Salmonella.","08/10/2015","02/04/2016","03/01/2016","02/10/2016","Jul12015B.    The code is interpreted as manufacture date (07/01/15) and shift (B)"
"Veterinary","No","","72077","Terminated","Provimi North American Inc","943 Schneider St","N/A","Fremont","NE","	68025-6133","United States","Voluntary: Firm initiated","Telephone","Nebraska","V-305-2016","Class I","START A300 PAC, 2000# tote, Manufactured by Provimi North America, Inc., Brookville, Ohio 45309","6/2000 lbs/totes","Elevated levels of vitamin A can lead to elevated levels of morbidity and mortality in swine.","08/27/2015","02/09/2016","02/09/2016","02/17/2016","F0002474302"
"Veterinary","No","","72092","Terminated","Boesl Packing Company, Inc.","2322 Belair Rd","N/A","Baltimore","MD","	21213-1222","United States","Voluntary: Firm initiated","E-Mail","The product was distributed in Maryland to two Direct accounts and one Distributor","V-451-2016","Class I","Chicken and Vegetable, K-9, Dog Food, Frozen Raw Dog Food Patties.","182 Cases","Chicken and Vegetable, K-9, Dog Food (sample  # 912272 ) tested positive for Listeria monocytogenes and Salmonella.    Chicken and Vegetable, K-9, Dog Food is manufactured by the Boesl Packing Company, Inc., 2322 Belair Rd, Baltimore, Maryland.          ","08/31/2015","06/11/2016","08/12/2016","06/22/2016","No Code Information availible"
"Veterinary","No","","72147","Terminated","Frontier Cooperative Co","2175 14th Ave","N/A","Columbus","NE","	68601","United States","Voluntary: Firm initiated","Visit","NE","V-310-2016","Class I","Product is a custom feed, ""Moravec"" goat pellets (16.5 lbs rumensin per ton) packaged into 50 lb. bags.  Manufactured by Frontier Cooperative Columbus, NE","40 - 50 lb. bags","Product contained elevated levels of monensin which resulted in animal death.","09/02/2015","02/22/2016","04/13/2016","03/02/2016","237.15.1 manufactured on or about 8/27/2015"
"Veterinary","No","","72162","Terminated","Ridley USA, Inc","424 N Riverfront Dr","N/A","Mankato","MN","	56001-3447","United States","Voluntary: Firm initiated","Telephone","Kansas","V-306-2016","Class I","CORDEL GF5 DDG 20 C-M, Swine Grower/Finisher, Complete to Increase the Digestibility of Phytin-Bound Phosphorus in Swine Diets  ","31,780 lbs","Excessive magnesium in pig feed","09/08/2015","02/09/2016","02/09/2016","02/17/2016","B00923811"
"Veterinary","No","","72164","Terminated","Kassik Milling Co Inc","309 Main St","PO Box 128","Milligan","NE","	68406-3949","United States","Voluntary: Firm initiated","Telephone","NE","V-311-2016","Class I","Bulk Prestart 550 non-medicated nursery swine feed manufactured with Start 300 Vitamin Pac.  The responsible firm is Kassik Milling, Milligan, NE.","38250.5 pounds","Product is superpotent for Vitamin A.","08/25/2015","02/23/2016","03/09/2016","03/02/2016","lots:  15040912,15041403, 15042102, 15050107, 15040922, 15042222, 15043014, 15043013, 15041017, and 15042215"
"Veterinary","No","","72164","Terminated","Kassik Milling Co Inc","309 Main St","PO Box 128","Milligan","NE","	68406-3949","United States","Voluntary: Firm initiated","Telephone","NE","V-312-2016","Class I","Bulk Start 300 non-medicated nursery swine feed manufactured with Start 300 Vitamin Pac.  The responsible firm is Kassik Milling, Milligan, NE.","80071.2 pounds","Product is superpotent for Vitamin A.","08/25/2015","02/23/2016","03/09/2016","03/02/2016","lots:  15040913, 15041404, 15042101, 15050108, 15042016, 15042223, 15043015, 15041627, and 15043007"
"Veterinary","No","","72226","Terminated","I and Love and You - NatPets LLC","2108 55th St Unit 100","N/A","Boulder","CO","	80301-2827","United States","Voluntary: Firm initiated","Letter","Nationwide to Ohio, Rhode Island, Washington and Florida.  No foreign/VA/Govt/military","V-515-2016","Class I","Natpet, LLC dba I and Love and You cow-boom! strips-beef gullet, 2.0 oz poly bags with zipper, 5 beef gullet strips per bag, 6 bags per case.","8430 cases (6 bags per case)","Natpet, LLC dba I and Love and You conducts a recall of cow-boom! strips-beef gullet pet treats due to contaminaton with Salmonella.","07/10/2015","09/13/2016","10/24/2016","09/21/2016","lot numbers ending in 4T1 or 5T1, a best-by-year of 2016 or 2017 and UPC number 818336011344"
"Veterinary","No","","72270","Terminated","Western Milling, LLC.","31120 West Street","N/A","Goshen","CA","	93227","United States","Voluntary: Firm initiated","Telephone","CA, AZ","V-412-2016","Class I","Kruse's Perfection - Western Blend Horse Feed; Promise  Formula K66505, Lot 5251, 50 lb. bag packages (22.68 kg)    UPC 000005251    Manufactured by:  O.H. Kruse Grain and Milling, Goshen, CA","708 x 50 lb. bags, 5.77 tons bulk","One lot of Western Forage Blend for horses is being recalled due to positive results for monensin quick test and three horse deaths.","09/23/2015","05/19/2016","08/25/2016","05/25/2016","Formula K66505, Lot 5251"
"Veterinary","No","","72283","Terminated","MFA Inc","201 Ray Young Dr","N/A","Columbia","MO","	65201","United States","Voluntary: Firm initiated","Telephone","KS","V-298-2016","Class III","DQ Goat Grower 15% RU-27 Medicated - A Feed for Goats, Monensin Sodium 27 g/ton, packaged as bulk in 1000 lb. plastic totes.  The responsible firm is MFA Incorporated, Columbia, MO 65201.","2 - 1000lb totes","Product contains monensin and excess copper.","09/24/2015","02/05/2016","02/15/2017","02/17/2016","lot 194632"
"Veterinary","No","","72287","Terminated","Murphy Hay Farm","359 W Dyking Rd","N/A","Louisburg","NC","	27549-7313","United States","Voluntary: Firm initiated","Telephone","NC and VA","V-409-2016","Class I","Alfalfa Hay,  Square-baled, Bound with reddish-orange twine, weighing approximately 70 lbs.  ","843 bales (70 lbs per bale)","Product was found to be contaminated with blister beetles which can be deadly to horses.","09/18/2015","05/11/2016","02/28/2017","05/18/2016","Product distributed on or after August 11, 2015"
"Veterinary","No","","72300","Terminated","oc Raw Dog","30052 Aventura Ste A","N/A","Rancho Santa Margarita","CA","	92688-2042","United States","Voluntary: Firm initiated","Press Release","U.S. distribution to the following; VT, CO, PA.  No foreign distribution.","V-308-2016","Class I","OC Raw Dog Chicken, Fish & Produce Raw Frozen Canine Formulation   3lb Meat Rox  UPC Code: 022099069171    4lb Sliders  UPC Code: 095225852640    6.5lb Doggie Dozen Patty Bags  UPC Code: 022099069225","640 lbs.","OC Raw Dog, LLC is recalling OC Raw Dog Chicken, Fish & Produce Raw Frozen Canine Formulation due to potential Salmonella contamination.","09/27/2015","02/10/2016","02/27/2017","02/17/2016","Lot #1819  Use by Date 050516"
"Veterinary","No","","72306","Terminated","Cooperative Milling, Inc.","1892 York Rd","N/A","Gettysburg","PA","	17325-8205","United States","Voluntary: Firm initiated","Visit","MD","V-442-2016","Class I","Sold in Bulk truck  Southern States  SSC-25-249707  Commercial   28% Gamebird Starter   Lot G5252    Per customer request: feed contains added Amprolium 1.4 lbs/ton (159g/Ton)","13,700 lbs","Particle size for Commercial 28% Gamebird Starter was larger than intended resulting in starve out of quail.","09/22/2015","06/11/2016","11/04/2016","06/22/2016","Tag - Lot G5252"
"Veterinary","No","","72310","Terminated","United Pet Group, Inc.","3001 Commerce St","N/A","Blacksburg","VA","	24060-6671","United States","Voluntary: Firm initiated","Press Release","Nationwide distribution to AL, AR, CA, CO, CT, FL, GA, IA, IL, IN, KY, MO, MS, NC, NY, OH, OK, PA, SC, TX, UT, VA, and WA.  There was not foreign, government, or military distribution.","V-452-2016","Class I","Good 'n' Fun Beefhide Chicken Sticks Chicken Jerky, Item No. 82247, packaged in cases of 24 bags.  Each bag contains 10 sticks - Net Wt. 2.8 oz. (80g), UPC 0 91093 82247 1.  Made in Colombia.  Distributed by Salix Animal Health, LLC, Deerfield, FL 33442.","465,777 bags","Product may be contaminated with Salmonella.","09/30/2015","06/11/2016","03/02/2017","06/22/2016","Multiple lots:  AO15007, AO15009, AO15010, AO15015, AO15020, and AO15030  All product with expiration dates:  02/2018, 03/2018, 04/2018, 05/2018, 06/2018, and 07/2018."
"Veterinary","No","","72180","Terminated","US Compounding Inc","1270 Don's Lane","N/A","Conway","AR","	72032","United States","Voluntary: Firm initiated","Letter","Nationwide","V-314-2016","Class II","Acetyl-D-Glucosamine 100 mL Vial (20%) in amber glass vials; For IM Injection Only, Rx.","189 vials","Lack of sterility assurance for compounding/compounded veterinary products.","09/12/2015","03/03/2016","03/30/2017","03/09/2016","Lot: 04132015@41 BUD: 10/10/2015, 04222015@63 BUD: 10/19/2015, 07272015@62 BUD: 1/23/2016"
"Veterinary","No","","72180","Terminated","US Compounding Inc","1270 Don's Lane","N/A","Conway","AR","	72032","United States","Voluntary: Firm initiated","Letter","Nationwide","V-315-2016","Class II","Acth. Gel*R* (80 units/mL) and (40 units/mL) in 10 mL amber glass vials and 10 mL glass vials; For IM Use Only, Rx.","57 vials","Lack of sterility assurance for compounding/compounded veterinary products.","09/12/2015","03/03/2016","03/30/2017","03/09/2016","Lot: 06162015@54 BUD: 9/14/2015, 06182015@39 BUD: 9/16/2015, 08062015@28 BUD: 11/4/2015, 09032015@2 BUD: 12/2/2015, 09082015@7 BUD: 12/7/2015"
"Veterinary","No","","72180","Terminated","US Compounding Inc","1270 Don's Lane","N/A","Conway","AR","	72032","United States","Voluntary: Firm initiated","Letter","Nationwide","V-316-2016","Class II","Adenosine Monophosphate (200 mg/mL) in 100 mL amber glass vials; For IM Use Only, Rx.","9 vials","Lack of sterility assurance for compounding/compounded veterinary products.","09/12/2015","03/03/2016","03/30/2017","03/09/2016","Lot: 04152015@69 BUD: 10/12/2015, 05182015@45 BUD: 11/7/2015, 07172015@23 BUD: 1/13/2016"
"Veterinary","No","","72180","Terminated","US Compounding Inc","1270 Don's Lane","N/A","Conway","AR","	72032","United States","Voluntary: Firm initiated","Letter","Nationwide","V-317-2016","Class II","Amikacin PF 2 mL (250 mg/mL) in glass vials; For Intra-Articular, IM, or IV Use Only, Rx.","1856 vials","Lack of sterility assurance for compounding/compounded veterinary products.","09/12/2015","03/03/2016","03/30/2017","03/09/2016","Lot: 04032015@11 BUD: 9/30/2015, 05192015@7 BUD: 11/15/2015"
"Veterinary","No","","72180","Terminated","US Compounding Inc","1270 Don's Lane","N/A","Conway","AR","	72032","United States","Voluntary: Firm initiated","Letter","Nationwide","V-318-2016","Class II","Ammonium Chloride Sterile 10 mL Vial (5%) in glass vials; For IV Use After Dilution, Rx.","250 vials","Lack of sterility assurance for compounding/compounded veterinary products.","09/12/2015","03/03/2016","03/30/2017","03/09/2016","Lot: 03182015@23 BUD: 9/14/2015, 04142015@7 BUD: 10/11/2015, 05072015@17 BUD: 11/3/2015, 06012015@60 BUD: 11/28/2015, 06162015@7 BUD: 12/13/2015, 06242015@64 BUD: 12/21/2015, 07132015@19 BUD: 1/9/2016, 07282015@125 BUD: 1/24/2016, 09012015@81 BUD: 2/28/2016"
"Veterinary","No","","72180","Terminated","US Compounding Inc","1270 Don's Lane","N/A","Conway","AR","	72032","United States","Voluntary: Firm initiated","Letter","Nationwide","V-319-2016","Class II","Ammonium Sulfate Sterile 100 mL Vial (0.75%) and (10%) in amber glass vials; For IV Use After Dilution, Rx.","161 vials","Lack of sterility assurance for compounding/compounded veterinary products.","09/12/2015","03/03/2016","03/30/2017","03/09/2016","Lot: 03262015@26 BUD: 9/22/2015, 04032015@18 BUD: 9/30/2015, 04062015@28 BUD: 10/3/2015, 04302015@22 BUD: 10/27/2015, 05052015@15 BUD: 11/1/2015, 06102015@95 BUD: 12/7/2015, 06112015@28 BUD: 12/8/2015, 06162015@9 BUD: 12/13/2015, 07152015@27 BUD: 1/11/2016, 07222015@62 BUD: 1/18/2016, 08042015@74 BUD: 1/31/2016, 09012015@84 BUD: 2/28/2016, 09032015@17 BUD: 3/1/2016"
"Veterinary","No","","72180","Terminated","US Compounding Inc","1270 Don's Lane","N/A","Conway","AR","	72032","United States","Voluntary: Firm initiated","Letter","Nationwide","V-320-2016","Class II","Apomorphine 1 mL Vial (1 mg/mL) in 2 mL amber glass vial; Apomorphine 1 mL Vial (10 mg/mL) in 2 mL amber glass vial; Apomorphine 10 mL Vial (1 mg/mL) in 10 mL glass vial; Apomorphine 10 mL Vial (3 mg/mL) in 10 mL glass vial; Apomorphine 1 mL Vial (3 mg/mL) in 2 mL amber glass vial; Apomorphine Sterile 30 mL Vial (1 mg/mL) in 30 mL glass vials, For IV or IM Injection/For SC or IV Use, Rx.","356 vials","Lack of sterility assurance for compounding/compounded veterinary products.","09/12/2015","03/03/2016","03/30/2017","03/09/2016","Lot:06192015@38 BUD: 9/17/2015, 08042015@32 BUD: 11/2/2015, 08102015@63 BUD: 11/8/2015, 09022015@66 BUD: 12/1/2015, 07082015@10 BUD: 10/6/2015, 07092015@30 BUD: 10/7/2015, 07202015@44 BUD: 10/18/2015, 06222015@53 BUD: 9/20/2015, 06302015@44 BUD: 9/28/2015, 07082015@19 BUD: 10/6/2015, 07202015@36 BUD: 10/18/2015, 07202015@37 BUD: 10/18/2015, 07272015@15 BUD: 10/25/2015, 07312015@26 BUD: 10/29/2015, 08072015@24 BUD: 11/5/2015, 08072015@35 BUD: 11/5/2015, 08312015@49 BUD: 11/29/2015, 09022015@19 BUD: 12/1/2015, 06222015@24 BUD: 9/20/2015"
"Veterinary","No","","72180","Terminated","US Compounding Inc","1270 Don's Lane","N/A","Conway","AR","	72032","United States","Voluntary: Firm initiated","Letter","Nationwide","V-321-2016","Class II","Aspirin (100 mg/mL) in glass vials; For IV Use, Rx.","16 vials.","Lack of sterility assurance for compounding/compounded veterinary products.","09/12/2015","03/03/2016","03/30/2017","03/09/2016","Lot: 03242015@38 BUD: 9/20/2015, 05202015@66 BUD: 11/16/2015, 08032015@18 BUD: 1/30/2016"
"Veterinary","No","","72180","Terminated","US Compounding Inc","1270 Don's Lane","N/A","Conway","AR","	72032","United States","Voluntary: Firm initiated","Letter","Nationwide","V-322-2016","Class II","ATP/B12/NA Selenite/Potassium ASP/Magnesium ASP (2/1/2/20/30 mg per mL) in 100 mL glass vials; For IV or IM Use Only, Rx.","5 vials","Lack of sterility assurance for compounding/compounded veterinary products.","09/12/2015","03/03/2016","03/30/2017","03/09/2016","Lot: 08122015@15 BUD: 11/10/2015"
"Veterinary","No","","72180","Terminated","US Compounding Inc","1270 Don's Lane","N/A","Conway","AR","	72032","United States","Voluntary: Firm initiated","Letter","Nationwide","V-323-2016","Class II","Atropine/Phenylpropanolamine/Chlorpheniramine 10 mL Vial (0.2 mg/12.5 mg/5 mg/mL) in glass vials; For IM Use Only, Rx.","40 vials","Lack of sterility assurance for compounding/compounded veterinary products.","09/12/2015","03/03/2016","03/30/2017","03/09/2016","Lot: 03242015@20 BUD: 9/20/2015, 04302015@33 BUD: 10/27/2015, 06252015@12 BUD: 12/22/2015, 07202015@47 BUD: 1/16/2016"
"Veterinary","No","","72180","Terminated","US Compounding Inc","1270 Don's Lane","N/A","Conway","AR","	72032","United States","Voluntary: Firm initiated","Letter","Nationwide","V-324-2016","Class II","B12/B2/B6/B3/B5/Cu Gluc/CACO Sterile 250 mL bottle (0.3mg/14.7/10 mg/100 mg/15 mg/0.2 mg/6.4 mg/mL) in plastic bottles; For IM Use Only, Rx.","134 bottles","Lack of sterility assurance for compounding/compounded veterinary products.","09/12/2015","03/03/2016","03/30/2017","03/09/2016","Lot: 03232015@7 BUD: 9/19/2015, 04012015@11 BUD: 9/28/2015, 04292015@33 BUD: 10/26/2015, 07012015@87 BUD: 12/28/2015, 07062015@43 BUD: 1/2/2016"
"Veterinary","No","","72180","Terminated","US Compounding Inc","1270 Don's Lane","N/A","Conway","AR","	72032","United States","Voluntary: Firm initiated","Letter","Nationwide","V-325-2016","Class II","B12/B2/B6/B3/B5/Cu Gluc/CACO/Dex Sterile 250 mL Bottle (0.3 mg/10.75 mg/10 mg/100 mg/15 mg/0.2 mg/6.4 mg/1 mg/mL) in plastic bottles; For IV Use After Dilution, Rx.","10 bottles","Lack of sterility assurance for compounding/compounded veterinary products.","09/12/2015","03/03/2016","03/30/2017","03/09/2016","Lot: 03172015@18 BUD: 9/13/2015, 04292015@13 BUD: 10/26/2015"
"Veterinary","No","","72180","Terminated","US Compounding Inc","1270 Don's Lane","N/A","Conway","AR","	72032","United States","Voluntary: Firm initiated","Letter","Nationwide","V-326-2016","Class II","Betamethasone Combo 5 mL in 10 mL Vial (7 mg/mL) in amber glass vials; For IM & Regional Injection, Rx.","308 vials","Lack of sterility assurance for compounding/compounded veterinary products.","09/12/2015","03/03/2016","03/30/2017","03/09/2016","Lot: 06032015@60 BUD: 11/29/2015, 07092015@65 BUD: 1/4/2016"
"Veterinary","No","","72180","Terminated","US Compounding Inc","1270 Don's Lane","N/A","Conway","AR","	72032","United States","Voluntary: Firm initiated","Letter","Nationwide","V-327-2016","Class II","Bethanechol (5 mg/mL) in 100 mL amber glass vials; For IM or IV Use, Rx.","4 vials","Lack of sterility assurance for compounding/compounded veterinary products.","09/12/2015","03/03/2016","03/30/2017","03/09/2016","Lot: 03262015@19 BUD: 9/22/2015, 05072015@21 BUD: 11/3/2015, 06152015@71 BUD: 12/12/2015"
"Veterinary","No","","72180","Terminated","US Compounding Inc","1270 Don's Lane","N/A","Conway","AR","	72032","United States","Voluntary: Firm initiated","Letter","Nationwide","V-328-2016","Class II","Budesonide/Gentamicin (3 mg/120 mg/25 mL) in 250 mL glass vials; For IM Use Only, Rx.","8 vials","Lack of sterility assurance for compounding/compounded veterinary products.","09/12/2015","03/03/2016","03/30/2017","03/09/2016","Lot: 09032015@33 BUD: 11/2/2015"
"Veterinary","No","","72180","Terminated","US Compounding Inc","1270 Don's Lane","N/A","Conway","AR","	72032","United States","Voluntary: Firm initiated","Letter","Nationwide","V-329-2016","Class II","Buprenorphine HCl Sterile 100 mL Vial (0.6 mg/mL) in amber glass vials; Buprenorphine Sterile 10 mL (0.6 mg/mL) in glass vials; Buprenorphine Sterile 20 mL vial (0.6 mg/mL) in glass vials; Buprenorphine Sterile 30 mL Vial (0.6 mg/mL) in glass vials; Buprenorphine Sterile 50 mL Vial (0.6 mg/mL) in glass vials; Buprenorphine Sterile 5 mL Vial (0.6 mg/mL) in glass vials; Buprenorphine HCL Sterile 30 mL Vial (0.9 mg/mL) in glass vials; Buprenorphine Sterile 60 mL in 100 mL Vial (0.6 mg/mL) in glass vials; For IV or IM Use Only, Rx.    ","457 vials","Lack of sterility assurance for compounding/compounded veterinary products.","09/12/2015","03/03/2016","03/30/2017","03/09/2016","Lot: 03232015@51 BUD: 9/19/2015, 04102015@20 BUD:10/7/2015, 04212015@53 BUD: 10/18/2015, 04102015@11 BUD: 10/7/2015, 05082015@24 BUD: 11/4/2015, 05212015@20 BUD: 11/17/2015,  06012015@26 BUD: 11/28/2015, 06222015@20 BUD: 12/6/2015,  07302015@35 BUD: 1/1/2016, 08062015@64 BUD: 1/1/2016,  04212015@20 BUD: 10/18/2015, 06112015@39 BUD: 12/8/2015,  08032015@24 BUD: 1/1/2016, 03302015@8 BUD: 9/26/2015,  04232015@21 BUD: 10/18/2015, 04242015@50 BUD: 10/21/2015, 04212015@53 BUD: 10/18/2015,  05212015@21 BUD: 11/17/2015,  06012015@10 BUD: 11/28/2015, 06092015@35 BUD: 12/6/2015,  07132015@4 BUD: 1/9/2016, 08052015@26 BUD: 1/1/2016,  05082015@24 BUD: 11/4/2015, 05212015@20 BUD: 11/17/2015,  06012015@26 BUD: 11/28/2015, 06222015@20 BUD: 12/6/2015,  07302015@35 BUD: 1/1/2016, 08062015@64 BUD: 1/1/2016,  04212015@20 BUD: 10/18/2015, 05132015@21 BUD: 10/7/2015,  05192015@56 BUD: 10/7/2015, 06022015@62 BUD: 11/28/2015,  06112015@19 BUD: 12/6/2015, 06192015@13 BUD: 12/6/2015,  06262015@53 BUD: 12/23/2015, 07212015@52 BUD: 1/1/2016,  08062015@62 BUD: 1/1/2016, 06012015@32 BUD: 11/28/2015,  06122015@43 BUD: 12/6/2015, 06172015@41 BUD: 12/14/2015,  06262015@60 BUD: 12/23/2015, 08072015@16 BUD: 1/1/2016,  06082015@46 BUD: 11/17/2015, 06122015@37 BUD: 12/6/2015,  06172015@42 BUD: 12/14/2015, 07302015@23 BUD: 1/1/2016,  04232015@21 BUD: 10/18/2015, 06032015@54 BUD: 11/30/2015,  06122015@44 BUD: 12/6/2015, 06182015@54 BUD: 12/14/2015,  07172015@69 BUD: 1/1/2016, 04242015@50 BUD: 10/21/2015,  06112015@18 BUD: 12/6/2015, 06172015@43 BUD: 12/14/2015,  08062015@91 BUD: 1/1/2016"
"Veterinary","No","","72180","Terminated","US Compounding Inc","1270 Don's Lane","N/A","Conway","AR","	72032","United States","Voluntary: Firm initiated","Letter","Nationwide","V-330-2016","Class II","Buprenorphine PF 1 mL Syringe (0.3 mg/mL) in 3 mL syringes; For IV or IM Use Only, Rx.    ","1047 syringes","Lack of sterility assurance for compounding/compounded veterinary products.","09/12/2015","03/03/2016","03/30/2017","03/09/2016","Lot: 04232015@2 BUD: 10/20/2015, 05212015@10 BUD: 11/17/2015, 06292015@4 BUD: 12/26/2015"
"Veterinary","No","","72180","Terminated","US Compounding Inc","1270 Don's Lane","N/A","Conway","AR","	72032","United States","Voluntary: Firm initiated","Letter","Nationwide","V-331-2016","Class II","CACO CMPD 100 mL Vial (6.4 mg/1 mg/0.2 mg/mL) in amber glass vials; For IV or IM Use Only, Rx.    ","910 vials","Lack of sterility assurance for compounding/compounded veterinary products.","09/12/2015","03/03/2016","03/30/2017","03/09/2016","Lot: 03182015@31 BUD: 9/14/2015, 04102015@21 BUD: 10/7/2015, 05122015@95 BUD: 11/8/2015, 06042015@76 BUD: 12/1/2015, 06152015@82 BUD: 12/12/2015, 06222015@31 BUD: 12/19/2015, 07012015@28 BUD: 12/28/2015, 07152015@12 BUD: 1/11/2016"
"Veterinary","No","","72180","Terminated","US Compounding Inc","1270 Don's Lane","N/A","Conway","AR","	72032","United States","Voluntary: Firm initiated","Letter","Nationwide","V-332-2016","Class II","CACO/Ferric Cl/Cu Gluc./Strychnine Sterile 100 m: (6.4 mg/1 mg/0.2 mg/mL) in 100 mL amber glass vials; For IV or IM Use Only, Rx.    ","162 vials","Lack of sterility assurance for compounding/compounded veterinary products.","09/12/2015","03/03/2016","03/30/2017","03/09/2016","Lot: 03162015@10 BUD: 9/12/2015, 04142015@27 BUD: 10/11/2015, 05182015@28 BUD: 11/14/2015, 05202015@3 BUD: 11/15/2015"
"Veterinary","No","","72180","Terminated","US Compounding Inc","1270 Don's Lane","N/A","Conway","AR","	72032","United States","Voluntary: Firm initiated","Letter","Nationwide","V-333-2016","Class II","CACODYLATE Cmpd (w/ Strych 0.00348%) Sterile (6.4/1/0.2 mg/mL) in 100 mL amber glass vials; For IV or IM Use Only, Rx.    ","111 vials","Lack of sterility assurance for compounding/compounded veterinary products.","09/12/2015","03/03/2016","03/30/2017","03/09/2016","Lot: 05062015@18 BUD: 10/5/2015, 05182015@32 BUD: 10/5/2015, 05202015@63 BUD: 10/5/2015, 06022015@64 BUD: 10/5/2015, 06052015@28 BUD: 10/5/2015, 06232015@24 BUD: 10/5/2015, 07212015@45 BUD: 10/5/2015"
"Veterinary","No","","72180","Terminated","US Compounding Inc","1270 Don's Lane","N/A","Conway","AR","	72032","United States","Voluntary: Firm initiated","Letter","Nationwide","V-334-2016","Class II","Camphor in Olive Oil (20%) in 100 mL glass vials; For IM Use Only, Rx.    ","30 vials","Lack of sterility assurance for compounding/compounded veterinary products.","09/12/2015","03/03/2016","03/30/2017","03/09/2016","Lot: 03262015@32 BUD: 9/22/2015, 06042015@74 BUD: 12/1/2015, 07172015@30 BUD: 1/13/2016, 09032015@44 BUD: 3/1/2016"
"Veterinary","No","","72180","Terminated","US Compounding Inc","1270 Don's Lane","N/A","Conway","AR","	72032","United States","Voluntary: Firm initiated","Letter","Nationwide","V-335-2016","Class II","Chloral Hydrate Inj. Solution (1 gm/mL)  in 20 mL glass vials; For IM Use Only, Rx.    ","2 vials","Lack of sterility assurance for compounding/compounded veterinary products.","09/12/2015","03/03/2016","03/30/2017","03/09/2016","Lot: 08072015@36 BUD: 11/5/2015"
"Veterinary","No","","72180","Terminated","US Compounding Inc","1270 Don's Lane","N/A","Conway","AR","	72032","United States","Voluntary: Firm initiated","Letter","Nationwide","V-336-2016","Class II","Chloramphenicol Ointment 4 gm tube (1%) in metal tubes; For Topical Ophthalmic Use, Rx.    ","9 tubes","Lack of sterility assurance for compounding/compounded veterinary products.","09/12/2015","03/03/2016","03/30/2017","03/09/2016","Lot: 06292015@89 BUD: 9/27/2015"
"Veterinary","No","","72180","Terminated","US Compounding Inc","1270 Don's Lane","N/A","Conway","AR","	72032","United States","Voluntary: Firm initiated","Letter","Nationwide","V-337-2016","Class II","Cimetidine (150 mg/mL) in 100 mL glass vials; For IM Use Only, Rx.    ","8 vials","Lack of sterility assurance for compounding/compounded veterinary products.","09/12/2015","03/03/2016","03/30/2017","03/09/2016","Lot: 07202015@24 BUD: 10/18/2015, 07282015@67 BUD: 10/26/2015"
"Veterinary","No","","72180","Terminated","US Compounding Inc","1270 Don's Lane","N/A","Conway","AR","	72032","United States","Voluntary: Firm initiated","Letter","Nationwide","V-338-2016","Class II","Ciprofloxacin Ophthalmic 4 gm tube (0.5%) in metal tubes; For Topical Ophthalmic Use, Rx.    ","19 tubes","Lack of sterility assurance for compounding/compounded veterinary products.","09/12/2015","03/03/2016","03/30/2017","03/09/2016","Lot: 04272015@10 BUD: 9/16/2015, 07012015@71 BUD: 12/1/2015"
"Veterinary","No","","72180","Terminated","US Compounding Inc","1270 Don's Lane","N/A","Conway","AR","	72032","United States","Voluntary: Firm initiated","Letter","Nationwide","V-339-2016","Class II","Cyclosporine (A) in oil 10 mL dropper (2%) in 15 mL dropper bottle, Cyclosporine (A) in oil 10 mL in 15 mL dropper (1%), Cyclosporine (A) in Oil 15 mL dropper (1%), Cyclosporine (A) in Oil 15 mL dropper (2%), Cyclosporine (A) in Oil 8 mL in 10 mL dropper (2%), Cyclosporine (A) in Oil in 8 mL in 10 mL dropper (1%), Cyclosporine (A) in Oil in 8 mL in 15 mL dropper (2%), Cyclosporine (A) in Oil in 8 mL in 15 mL dropper (1%); For Topical Ophthalmic Use, Rx.    ","844 bottles","Lack of sterility assurance for compounding/compounded veterinary products.","09/12/2015","03/03/2016","03/30/2017","03/09/2016","Lot: 05052015@57 BUD: 11/1/2015, 05052015@57 BUD: 11/1/2015,  06082015@52 BUD: 12/5/2015, 03192015@12 BUD: 9/15/2015,  04062015@12 BUD: 10/3/2015, 06162015@30 BUD: 12/13/2015,  03192015@20 BUD: 9/15/2015, 05052015@54 BUD: 11/1/2015,  05112015@24 BUD: 11/7/2015, 05052015@57 BUD: 11/1/2015,  05112015@24 BUD: 11/7/2015, 06152015@13 BUD: 12/12/2015,  06232015@76 BUD: 12/20/2015, 07072015@56 BUD: 1/3/2016"
"Veterinary","No","","72180","Terminated","US Compounding Inc","1270 Don's Lane","N/A","Conway","AR","	72032","United States","Voluntary: Firm initiated","Letter","Nationwide","V-340-2016","Class II","Cyclosporine Ointment 4 gm tube (2%) in metal tube, Cyclosporine Ointment 4 gm tube (1%) in metal tube; For Topical Ophthalmic Use, Rx.    ","30 tubes","Lack of sterility assurance for compounding/compounded veterinary products.","09/12/2015","03/03/2016","03/30/2017","03/09/2016","Lot: 06152015@54 BUD: 9/13/2015, 07152015@87 BUD: 10/13/2015, 07282015@123 BUD: 10/26/2015"
"Veterinary","No","","72180","Terminated","US Compounding Inc","1270 Don's Lane","N/A","Conway","AR","	72032","United States","Voluntary: Firm initiated","Letter","Nationwide","V-341-2016","Class II","Deslorelin & HCG Kit 10 mL Vial (15 mg/20,000 units) in amber glass vials; Deslorelin & HCG Kit 1 mL Vial (1.5 mg/2,000 units) in amber glass vials; Deslorelin & HCG Kit 2 mL Vial (1.5 mg/2,000 units) in amber glass vials; For IM Use Only, Rx.    ","566 vials","Lack of sterility assurance for compounding/compounded veterinary products.","09/12/2015","03/03/2016","03/30/2017","03/09/2016","Lot: 06082015@45 BUD: 12/5/2015, 04062015@10 BUD: 10/3/2015, 04062015@10 BUD: 10/3/2015, 06222015@2 BUD: 12/19/2015"
"Veterinary","No","","72180","Terminated","US Compounding Inc","1270 Don's Lane","N/A","Conway","AR","	72032","United States","Voluntary: Firm initiated","Letter","Nationwide","V-342-2016","Class II","Deslorelin Kit 10 mL Vial (15 mg) in amber glass vials; For IM Use Only, Rx.    ","62 vials","Lack of sterility assurance for compounding/compounded veterinary products.","09/12/2015","03/03/2016","03/30/2017","03/09/2016","Lot: 05042015@7 BUD: 10/31/2015"
"Veterinary","No","","72180","Terminated","US Compounding Inc","1270 Don's Lane","N/A","Conway","AR","	72032","United States","Voluntary: Firm initiated","Letter","Nationwide","V-343-2016","Class II","Desmopressin Acetate, Ophthalmic (0.1 mg/mL (10 mcg/0.1 mL) in 10 mL dropper bottle; For Topical Ophthalmic Use, Rx.    ","2 bottles","Lack of sterility assurance for compounding/compounded veterinary products.","09/12/2015","03/03/2016","03/30/2017","03/09/2016","Lot: 07162015@86 BUD: 10/14/2015"
"Veterinary","No","","72180","Terminated","US Compounding Inc","1270 Don's Lane","N/A","Conway","AR","	72032","United States","Voluntary: Firm initiated","Letter","Nationwide","V-344-2016","Class II","Detomidine HCl/Xylazine HCl Sterile 50 mL vial (10 mg/10 mg/mL) in glass vials; Detomidine HCl/Xylazine HCl Sterile 50 mL vial (20 mg/10 mg/mL) in amber glass vials; For IM or IV Use, Rx.    ","59 vials","Lack of sterility assurance for compounding/compounded veterinary products.","09/12/2015","03/03/2016","03/30/2017","03/09/2016","Lot: 062602015@28 BUD: 9/24/2015, 062602015@50 BUD: 9/24/2015, 07292015@44 BUD: 10/3/2015, 07312015@22 BUD: 10/29/2015, 08102015@48 BUD: 11/8/2015, 09012015@87 BUD: 11/30/2015, 062602015@28 BUD: 9/24/2015, 062602015@50 BUD: 9/24/2015, 07292015@44 BUD: 10/27/2015, 07312015@22 BUD: 10/29/2015, 08102015@48 BUD: 11/8/2015, 09012015@87 BUD: 11/30/2015"
"Veterinary","No","","72180","Terminated","US Compounding Inc","1270 Don's Lane","N/A","Conway","AR","	72032","United States","Voluntary: Firm initiated","Letter","Nationwide","V-345-2016","Class II","Dexamethasone Sodium Phosphate 50 mL Vial (480 mg/mL) in amber glass vials; For IM or IV Use, Rx.","3 vials","Lack of sterility assurance for compounding/compounded veterinary products.","09/12/2015","03/03/2016","03/30/2017","03/09/2016","Lot: 08032015@45 BUD: 1/30/2016"
"Veterinary","No","","72180","Terminated","US Compounding Inc","1270 Don's Lane","N/A","Conway","AR","	72032","United States","Voluntary: Firm initiated","Letter","Nationwide","V-346-2016","Class II","Diclofenac Sodium Ointment (0.1%) in 4 gm metal tube; For Topical Ophthalmic Use, Rx.","18 tubes","Lack of sterility assurance for compounding/compounded veterinary products.","09/12/2015","03/03/2016","03/30/2017","03/09/2016","Lot: 06292015@84 BUD: 9/27/2015"
"Veterinary","No","","72180","Terminated","US Compounding Inc","1270 Don's Lane","N/A","Conway","AR","	72032","United States","Voluntary: Firm initiated","Letter","Nationwide","V-347-2016","Class II","Diclofenac Sodium Solution (0.1%) in 10 mL dropper bottles; For Topical Ophthalmic Use, Rx.","3 bottles","Lack of sterility assurance for compounding/compounded veterinary products.","09/12/2015","03/03/2016","03/30/2017","03/09/2016","Lot: 07212015@25 BUD: 1/17/2016"
"Veterinary","No","","72180","Terminated","US Compounding Inc","1270 Don's Lane","N/A","Conway","AR","	72032","United States","Voluntary: Firm initiated","Letter","Nationwide","V-348-2016","Class II","Estradiol 17B (10 mg/mL) in 10 mL glass vials; For IM Use Only, Rx.","14 vials","Lack of sterility assurance for compounding/compounded veterinary products.","09/12/2015","03/03/2016","03/30/2017","03/09/2016","Lot: 07012015@55 BUD: 9/29/2015, 07062015@49 BUD: 10/4/2015"
"Veterinary","No","","72180","Terminated","US Compounding Inc","1270 Don's Lane","N/A","Conway","AR","	72032","United States","Voluntary: Firm initiated","Letter","Nationwide","V-349-2016","Class II","Estradiol Cypionate Sterile 100 mL vial (2 mg/mL) in glass vials, Estradiol Cypionate Sterile 30 mL vial (5 mg/mL) in glass vials, Estradiol Cypionate Sterile 50 mL vial (2 mg/mL) (5 mg/mL) (10 mg/mL) in glass vials in glass vials; For IM Use Only, Rx.","110 vials","Lack of sterility assurance for compounding/compounded veterinary products.","09/12/2015","03/03/2016","03/30/2017","03/09/2016","Lot: 06022015@83 BUD: 11/29/2015, 06052015@22 BUD: 12/2/2015,  08312015@57 BUD: 2/27/2016, 04152015@17 BUD: 10/12/2015,  04202015@63 BUD: 10/17/2015, 04212015@51 BUD: 10/18/2015,  06042015@20 BUD: 12/1/2015, 06192015@14 BUD: 12/16/2015,  07212015@70 BUD: 1/17/2016, 07272015@38 BUD: 12/2/2015,  07302015@20 BUD: 12/2/2015, 09042015@10 BUD: 2/28/2016,  09042015@26 BUD: 2/28/2016,"
"Veterinary","No","","72180","Terminated","US Compounding Inc","1270 Don's Lane","N/A","Conway","AR","	72032","United States","Voluntary: Firm initiated","Letter","Nationwide","V-350-2016","Class II","Estrone AQ 100 mL Vial (5 mg/mL) in amber glass vials; Estrone AQ 30 mL Vial (5 mg/mL) in amber glass vials; For IM Use Only, Rx.","523 vials","Lack of sterility assurance for compounding/compounded veterinary products.","09/12/2015","03/03/2016","03/30/2017","03/09/2016","Lot: 04292015@44 BUD: 10/26/2015, 06112015@10 BUD: 12/8/2015, 07092015@60 BUD: 1/5/2016, 07232015@43 BUD: 1/19/2016, 04292015@29 BUD: 10/26/2015, 06012015@49 BUD: 11/28/2015, 07132015@6 BUD: 1/9/2016"
"Veterinary","No","","72180","Terminated","US Compounding Inc","1270 Don's Lane","N/A","Conway","AR","	72032","United States","Voluntary: Firm initiated","Letter","Nationwide","V-351-2016","Class II","FENH/B2/B6/B3/B5/Co Gluc./GU Gluc./Choline/CHL/Inositol/Methionine/Lysine/HCl/Glycine/Cyanocobalamin/Biotin (1.5 gm/1.075 gm/1 gm/10 gm/1.5 gm/0.07 gm) in 250 mL brown bottle; For IM or SC Injection, Rx.","71 bottles","Lack of sterility assurance for compounding/compounded veterinary products.","09/12/2015","03/03/2016","03/30/2017","03/09/2016","Lot: 03162015@4 BUD: 9/12/2015, 06092015@4 BUD: 12/6/2015, 07202015@10 BUD: 1/16/2016"
"Veterinary","No","","72180","Terminated","US Compounding Inc","1270 Don's Lane","N/A","Conway","AR","	72032","United States","Voluntary: Firm initiated","Letter","Nationwide","V-352-2016","Class II","Fluoxetine HCl*Sterile (32 mg/mL) in 50 mL glass vials; For Injection, Rx","2 vials","Lack of sterility assurance for compounding/compounded veterinary products.","09/12/2015","03/03/2016","03/30/2017","03/09/2016","Lot: 07062015@57 BUD: 10/4/2015"
"Veterinary","No","","72180","Terminated","US Compounding Inc","1270 Don's Lane","N/A","Conway","AR","	72032","United States","Voluntary: Firm initiated","Letter","Nationwide","V-353-2016","Class II","Folic Acid (15 mg/mL) in 100 mL glass vials; Folic Acid Sterile 100 mL vial (10 mg) in glass vials; For IM or IV use, Rx.","138 vials","Lack of sterility assurance for compounding/compounded veterinary products.","09/12/2015","03/03/2016","03/30/2017","03/09/2016","Lot: 05192015@38 BUD: 11/15/2015, 04222015@43 BUD: 10/19/2015, 05202015@62 BUD: 11/16/2015, 06022015@75 BUD: 11/29/2015, 06172015@23 BUD: 12/14/2015, 07142015@30 BUD: 1/10/2015, 09012015@1 BUD: 2/27/2015"
"Veterinary","No","","72180","Terminated","US Compounding Inc","1270 Don's Lane","N/A","Conway","AR","	72032","United States","Voluntary: Firm initiated","Letter","Nationwide","V-354-2016","Class II","Guaifenesin 1000 mL Bag (5%(50 mg/mL)) in 1000 mL IV Bags; Guaifenesin 500 mL bag (5%(50 mg/mL)); For IV Infusion or IV Injection, Rx.","304 bags","Lack of sterility assurance for compounding/compounded veterinary products.","09/12/2015","03/03/2016","03/30/2017","03/09/2016","Lot: 03192015@37 BUD: 9/15/2015, 04152015@52 BUD: 10/12/2015, 05212015@63 BUD: 11/17/2015, 06042015@54 BUD: 12/1/2015, 06232015@91 BUD: 12/20/2015, 07222015@99 BUD: 1/18/2015, 04232015@28 BUD: 10/20/2015, 06292015@119 BUD: 12/26/2015"
"Veterinary","No","","72180","Terminated","US Compounding Inc","1270 Don's Lane","N/A","Conway","AR","	72032","United States","Voluntary: Firm initiated","Letter","Nationwide","V-355-2016","Class II","Guanabenz Acetate (2 mg/mL) in 50 mL glass vials; For IM Use Only, Rx.","35 vials","Lack of sterility assurance for compounding/compounded veterinary products.","09/12/2015","03/03/2016","03/30/2017","03/09/2016","Lot: 05192015@77 BUD: 11/15/2015, 06022015@63 BUD: 11/15/2015, 07202015@31 BUD: 1/16/2016, 07292015@35 BUD: 1/25/2016"
"Veterinary","No","","72180","Terminated","US Compounding Inc","1270 Don's Lane","N/A","Conway","AR","	72032","United States","Voluntary: Firm initiated","Letter","Nationwide","V-356-2016","Class II","Idoxuridine Solution (0.1%) in 5 mL dropper bottle; For Topical Ophthalmic Use, Rx.","11 bottles","Lack of sterility assurance for compounding/compounded veterinary products.","09/12/2015","03/03/2016","03/30/2017","03/09/2016","Lot: 06252015@43 BUD: 9/23/2015, 08042015@58 BUD: 11/2/2015, 08122015@41 BUD: 11/10/2015"
"Veterinary","No","","72180","Terminated","US Compounding Inc","1270 Don's Lane","N/A","Conway","AR","	72032","United States","Voluntary: Firm initiated","Letter","Nationwide","V-357-2016","Class II","Ivermectin (2%) in 100 mL glass vials; For IM Use Only, Rx.","10 vials","Lack of sterility assurance for compounding/compounded veterinary products.","09/12/2015","03/03/2016","03/30/2017","03/09/2016","Lot: 07272015@23 BUD: 10/25/2015"
"Veterinary","No","","72180","Terminated","US Compounding Inc","1270 Don's Lane","N/A","Conway","AR","	72032","United States","Voluntary: Firm initiated","Letter","Nationwide","V-358-2016","Class II","Ketoprofen 100 mL (10%) in amber glass vials; For IV or IM Injection, Rx.","659 vials","Lack of sterility assurance for compounding/compounded veterinary products.","09/12/2015","03/03/2016","03/30/2017","03/09/2016","Lot: 05062015@52 BUD: 11/2/2015, 05202015@59 BUD: 11/16/2015, 06082015@47 BUD: 12/5/2015, 06242015@44 BUD: 12/21/2015, 07172015@33 BUD: 1/12/2016"
"Veterinary","No","","72180","Terminated","US Compounding Inc","1270 Don's Lane","N/A","Conway","AR","	72032","United States","Voluntary: Firm initiated","Letter","Nationwide","V-359-2016","Class II","L-Arginine Sterile 100 mL Vial (200 mg/mL) in glass vials; L-Arginine Sterile 100 mL Vial (100 mg/mL) in glass vials; For IV Use, Rx.","22 vials","Lack of sterility assurance for compounding/compounded veterinary products.","09/12/2015","03/03/2016","03/30/2017","03/09/2016","Lot: 03182015@29 BUD: 9/14/2015, 06302015@32 BUD: 12/27/2015"
"Veterinary","No","","72180","Terminated","US Compounding Inc","1270 Don's Lane","N/A","Conway","AR","	72032","United States","Voluntary: Firm initiated","Letter","Nationwide","V-360-2016","Class II","Magnesium Sulfate 100 mL vial (500 mg/mL (4 meq/mL) in amber glass vial; Magnesium Sulfate 250 mL (500 mg/mL (4 meq/mL) in amber glass vial;   Magnesium Sulfate 500 mL (500 mg/mL (4 meq/mL) in amber glass vial; For IV or IM Injection, Rx.","275 vials/bottes","Lack of sterility assurance for compounding/compounded veterinary products.","09/12/2015","03/03/2016","03/30/2017","03/09/2016","Lot: 05132015@12 BUD: 11/9/2015, 06102015@95 BUD: 12/7/2015, 04072015@7 BUD: 10/4/2015, 06292015@30 BUD: 12/26/2015, 04072015@9 BUD: 10/4/2015, 06092015@66 BUD: 12/6/2015, 06292015@53 BUD: 12/26/2015"
"Veterinary","No","","72180","Terminated","US Compounding Inc","1270 Don's Lane","N/A","Conway","AR","	72032","United States","Voluntary: Firm initiated","Letter","Nationwide","V-361-2016","Class II","Medroxyprogesterone 100 mL Vial (200 mg/mL) in amber glass vials; Medroxyprogesterone 100 mL Vial (100 mg/mL) in amber glass vials;  Medroxyprogesterone 30 mL Vial (200 mg/mL) in amber glass vials;  Medroxyprogesterone 30 mL Vial (100 mg/mL) in amber glass vials; For IM Use Only, Rx.","476 vials","Lack of sterility assurance for compounding/compounded veterinary products.","09/12/2015","03/03/2016","03/30/2017","03/09/2016","Lot: 04162015@32 BUD: 10/13/2015, 05182015@85 BUD: 11/14/2015, 06022015@96 BUD: 11/29/2015, 06152015@65 BUD: 12/12/2015, 06152015@84 BUD: 12/12/2015, 04162015@28 BUD: 10/13/2015, 05072015@6 BUD: 11/1/2015, 06022015@82 BUD: 11/29/2015, 07152015@10 BUD: 1/10/2015"
"Veterinary","No","","72180","Terminated","US Compounding Inc","1270 Don's Lane","N/A","Conway","AR","	72032","United States","Voluntary: Firm initiated","Letter","Nationwide","V-362-2016","Class II","Meloxicam (10 mg/mL) in 10 mL glass vials; Meloxicam (2.5 mg/mL) in 10 mL glass vials; Meloxicam Sterile 50 ml vial (5 mg/mL) in glass vials; For IV or SC Use, Rx.","93 vials","Lack of sterility assurance for compounding/compounded veterinary products.","09/12/2015","03/03/2016","03/30/2017","03/09/2016","Lot: 07152015@35 BUD: 10/13/2015, 09012015@22 BUD: 11/30/2015, 09012015@47 BUD: 11/30/2015, 07172015@65 BUD: 10/15/2015"
"Veterinary","No","","72180","Terminated","US Compounding Inc","1270 Don's Lane","N/A","Conway","AR","	72032","United States","Voluntary: Firm initiated","Letter","Nationwide","V-363-2016","Class II","Methionine/Inositol/Choline Chloride/B12 Sterile 100 mL Vial (25 mg/50 mg/50 mg/0.2 mg/mL) in amber glass vials; For IM Use Only, Rx.","94 vials","Lack of sterility assurance for compounding/compounded veterinary products.","09/12/2015","03/03/2016","03/30/2017","03/09/2016","Lot: 04292015@5 BUD: 10/19/2015, 06012015@68 BUD: 10/19/2015, 06012015@69 BUD: 10/19/2015, 07272015@39 BUD: 1/23/2016"
"Veterinary","No","","72180","Terminated","US Compounding Inc","1270 Don's Lane","N/A","Conway","AR","	72032","United States","Voluntary: Firm initiated","Letter","Nationwide","V-364-2016","Class II","Methocarbamol 100 mL Vial (100 mg/mL) in clear glass vials; For IV or IM Injection, Rx.","232 vials","Lack of sterility assurance for compounding/compounded veterinary products.","09/12/2015","03/03/2016","03/30/2017","03/09/2016","Lot: 06122015@2 BUD: 10/9/2015, 07212015@11 BUD: 11/17/2015"
"Veterinary","No","","72180","Terminated","US Compounding Inc","1270 Don's Lane","N/A","Conway","AR","	72032","United States","Voluntary: Firm initiated","Letter","Nationwide","V-365-2016","Class II","Metronidazole (VET) Sterile 100 mL vial (100 mg/mL) in glass vials; For IM Use Only, Rx.","60 vials","Lack of sterility assurance for compounding/compounded veterinary products.","09/12/2015","03/03/2016","03/30/2017","03/09/2016","Lot: 05182015@77 BUD: 9/13/2015, 06292015@127 BUD: 9/13/2015"
"Veterinary","No","","72180","Terminated","US Compounding Inc","1270 Don's Lane","N/A","Conway","AR","	72032","United States","Voluntary: Firm initiated","Letter","Nationwide","V-366-2016","Class II","Miconazole Ointment 4 gm tube (1%) in metal tubes; For Topical Ophthalmic Use, Rx.","98 tubes","Lack of sterility assurance for compounding/compounded veterinary products.","09/12/2015","03/03/2016","03/30/2017","03/09/2016","Lot: 03302015@21 BUD: 9/16/2015, 05132015@47 BUD: 9/16/2015, 05192015@72 BUD: 9/16/2015, 06012015@50 BUD: 9/16/2015, 06042015@89 BUD: 12/1/2015, 06182015@55 BUD: 12/1/2015, 08102015@60 BUD: 12/1/2015, 09032015@43 BUD: 12/1/2015"
"Veterinary","No","","72180","Terminated","US Compounding Inc","1270 Don's Lane","N/A","Conway","AR","	72032","United States","Voluntary: Firm initiated","Letter","Nationwide","V-367-2016","Class II","Na Acet./KCl/CaCl/MgCl/Dextrose Sterile 100 mL Vial (100/0.7/0.3/0.2/50 mg/mL) in amber glass vials: For IV injection After Dilution, Rx.","174 vials","Lack of sterility assurance for compounding/compounded veterinary products.","09/12/2015","03/03/2016","03/30/2017","03/09/2016","Lot: 03162015@30 BUD: 9/12/2015, 03312015@43 BUD: 9/27/2015, 04272015@29 BUD: 10/24/2015, 05062015@38 BUD: 11/2/2015, 06112015@25 BUD: 12/8/2015, 07082015@6 BUD: 1/4/2016, 07092015@41 BUD: 1/7/2016, 08112015@18 BUD: 2/7/2016"
"Veterinary","No","","72180","Terminated","US Compounding Inc","1270 Don's Lane","N/A","Conway","AR","	72032","United States","Voluntary: Firm initiated","Letter","Nationwide","V-368-2016","Class II","Naloxone (0.5 mg/mL) in 10 mL glass vial; For IM and IV Use, Rx.","40 vials","Lack of sterility assurance for compounding/compounded veterinary products.","09/12/2015","03/03/2016","03/30/2017","03/09/2016","Lot: 04062015@43 BUD: 9/20/2015, 04222015@61 BUD: 9/30/2015, 05012015@20 BUD: 9/30/2015, 07082015@21 BUD: 1/3/2016"
"Veterinary","No","","72180","Terminated","US Compounding Inc","1270 Don's Lane","N/A","Conway","AR","	72032","United States","Voluntary: Firm initiated","Letter","Nationwide","V-369-2016","Class II","N-Butyl Alcohol Sterile 100 mL vial (7%) in glass vials; For IM Use Only, Rx.","91 vials","Lack of sterility assurance for compounding/compounded veterinary products.","09/12/2015","03/03/2016","03/30/2017","03/09/2016","Lot: 03172015@9 BUD: 9/13/2015, 03182015@14 BUD: 9/14/2015, 03262015@11 BUD: 9/22/2015, 04032015@23 BUD: 9/30/2015, 04282015@9 BUD: 10/25/2015, 06182015@61 BUD: 12/15/2015, 06232015@37 BUD: 12/20/2015, 07012015@13 BUD: 12/28/2015, 07132015@70 BUD: 1/9/2016, 08112015@38 BUD: 1/31/2016"
"Veterinary","No","","72180","Terminated","US Compounding Inc","1270 Don's Lane","N/A","Conway","AR","	72032","United States","Voluntary: Firm initiated","Letter","Nationwide","V-370-2016","Class II","Neomycin/Bacitracin/Polymyxin-B Ophthalmic 4 gm Tube (3.5 mg/400 IU/10000 U/gm) in metal tubes; For Topical Ophthalmic Use, Rx.","7 tubes","Lack of sterility assurance for compounding/compounded veterinary products.","09/12/2015","03/03/2016","03/30/2017","03/09/2016","Lot: 04232015@58 BUD: 9/16/2015"
"Veterinary","No","","72180","Terminated","US Compounding Inc","1270 Don's Lane","N/A","Conway","AR","	72032","United States","Voluntary: Firm initiated","Letter","Nationwide","V-371-2016","Class II","Pen-G/Dexameth./Chlorphenir/Gentamicin (200,000U/0.5/5/20 mg/mL) in 100 mL glass vials; For IM Use Only, Rx.","13 vials","Lack of sterility assurance for compounding/compounded veterinary products.","09/12/2015","03/03/2016","03/30/2017","03/09/2016","Lot: 04232015@30 BUD: 10/20/2015, 07092015@37 BUD: 1/5/2016"
"Veterinary","No","","72180","Terminated","US Compounding Inc","1270 Don's Lane","N/A","Conway","AR","	72032","United States","Voluntary: Firm initiated","Letter","Nationwide","V-372-2016","Class II","Pen-G/Dexameth./Chlorpheniramine (200,000U/0.5 mg/5 mg/mL) in 100 mL glass vials; For IM Use Only, Rx.","2 vials","Lack of sterility assurance for compounding/compounded veterinary products.","09/12/2015","03/03/2016","03/30/2017","03/09/2016","Lot: 06022015@47 BUD: 11/29/2015"
"Veterinary","No","","72180","Terminated","US Compounding Inc","1270 Don's Lane","N/A","Conway","AR","	72032","United States","Voluntary: Firm initiated","Letter","Nationwide","V-373-2016","Class II","Pentosan 100 mL Vial (250 mg/mL) in amber glass vials; Pentosan 50 mL Vial (250 mg/mL) in amber glass vials; Pentosan 6 mL in 10 mL Vial (250 mg/mL) in amber glass vials; For IM Use Only, Rx.","1124 vials","Lack of sterility assurance for compounding/compounded veterinary products.","09/12/2015","03/03/2016","03/30/2017","03/09/2016","Lot: 04292015@49 BUD: 10/26/2015, 06242015@49 BUD: 12/21/2015, 06242015@78 BUD: 12/21/2015, 07152015@81 BUD: 1/11/2016, 03182015@34 BUD: 9/14/2015, 05122015@77 BUD: 11/7/2015, 06232015@5 BUD: 12/19/2015, 04202015@4 BUD: 10/17/2015, 04272015@44 BUD: 10/24/2015"
"Veterinary","No","","72180","Terminated","US Compounding Inc","1270 Don's Lane","N/A","Conway","AR","	72032","United States","Voluntary: Firm initiated","Letter","Nationwide","V-374-2016","Class II","Pluronic 30% Gel Sterile (30%) in 20 mL Syringe; For Wound Care, Rx.","3 syringes","Lack of sterility assurance for compounding/compounded veterinary products.","09/12/2015","03/03/2016","03/30/2017","03/09/2016","Lot: 07202015@8 BUD: 1/16/2016"
"Veterinary","No","","72180","Terminated","US Compounding Inc","1270 Don's Lane","N/A","Conway","AR","	72032","United States","Voluntary: Firm initiated","Letter","Nationwide","V-375-2016","Class II","Praziquantel/Lidocaine Injection (VET) (56.8/5 mg/mL) in 50 mL glass vials; For IM Use Only, Rx.","3 vials","Lack of sterility assurance for compounding/compounded veterinary products.","09/12/2015","03/03/2016","03/30/2017","03/09/2016","Lot: 07152015@55 BUD: 10/13/2015, 09022015@28 BUD: 12/1/2015"
"Veterinary","No","","72180","Terminated","US Compounding Inc","1270 Don's Lane","N/A","Conway","AR","	72032","United States","Voluntary: Firm initiated","Letter","Nationwide","V-376-2016","Class II","Progest./Estradiol-17B, Sesame Oil Sterile 100 mL Vial (50 mg/3.33 mg/mL) in glass vials; For IM Use Only, Rx.","2 vials","Lack of sterility assurance for compounding/compounded veterinary products.","09/12/2015","03/03/2016","03/30/2017","03/09/2016","Lot: 06242015@46 BUD: 12/21/2015"
"Veterinary","No","","72180","Terminated","US Compounding Inc","1270 Don's Lane","N/A","Conway","AR","	72032","United States","Voluntary: Firm initiated","Letter","Nationwide","V-377-2016","Class II","Progesterone in Sesame Oil Sterile 100 mL Vial (150 mg/mL) in glass vials; Progesterone in Sesame Oil Sterile 100 mL Vial (100 mg/mL) in glass vials","30 vials","Lack of sterility assurance for compounding/compounded veterinary products.","09/12/2015","03/03/2016","03/30/2017","03/09/2016","Lot: 04222015@6 BUD: 10/19/2015, 06042015@24 BUD: 12/1/2015, 06042015@29 BUD: 12/1/2015, 07142015@48 BUD: 1/10/2016"
"Veterinary","No","","72180","Terminated","US Compounding Inc","1270 Don's Lane","N/A","Conway","AR","	72032","United States","Voluntary: Firm initiated","Letter","Nationwide","V-378-2016","Class II","Pyrilamine Maleate Sterile 100 mL Vial (20 mg/mL) in amber glass vials; Pyrilamine Maleate Sterile 100 mL Vial (100 mg/mL) in glass vials; For IV Use, Rx.","38 vials","Lack of sterility assurance for compounding/compounded veterinary products.","09/12/2015","03/03/2016","03/30/2017","03/09/2016","Lot: 04172015@12 BUD: 10/14/2015, 04272015@26 BUD: 10/24/2015, 05212015@6 BUD: 11/17/2015, 06022015@48 BUD: 11/29/2015, 0812205@29 BUD: 2/8/2016, 09012015@4 BUD: 2/28/2016, 09032015@75 BUD: 3/1/2016"
"Veterinary","No","","72180","Terminated","US Compounding Inc","1270 Don's Lane","N/A","Conway","AR","	72032","United States","Voluntary: Firm initiated","Letter","Nationwide","V-379-2016","Class II","Sesame Oil, Sterile 10 mL Vial (100% oil) in glass vials; For IM Use Only, Rx.","1 vial","Lack of sterility assurance for compounding/compounded veterinary products.","09/12/2015","03/03/2016","03/30/2017","03/09/2016","Lot: : 04152015@35 BUD: 10/12/2015"
"Veterinary","No","","72180","Terminated","US Compounding Inc","1270 Don's Lane","N/A","Conway","AR","	72032","United States","Voluntary: Firm initiated","Letter","Nationwide","V-380-2016","Class II","Progesterone in Sesame Oil Sterile 100 mL Vial (150 mg/mL) in glass vials; Progesterone in Sesame Oil Sterile 100 mL Vial (100 mg/mL) in glass vials; For IM Use Only, Rx.","30 vials","Lack of sterility assurance for compounding/compounded veterinary products.","09/12/2015","03/03/2016","03/30/2017","03/09/2016","Lot: 04222015@6 BUD: 10/19/2015, 06042015@24 BUD: 12/1/2015, 06042015@29 BUD: 12/1/2015, 07142015@48 BUD: 1/10/2016"
"Veterinary","No","","72180","Terminated","US Compounding Inc","1270 Don's Lane","N/A","Conway","AR","	72032","United States","Voluntary: Firm initiated","Letter","Nationwide","V-381-2016","Class II","Stanozolol 10 mL Vial (50 mg/mL) in glass vials; Stanozolol 30 mL Vial (50 mg/mL) in glass vials; For IM Injection Only, Rx.","126 vials","Lack of sterility assurance for compounding/compounded veterinary products.","09/12/2015","03/03/2016","03/30/2017","03/09/2016","Lot: : 07072015@35 BUD: 1/3/2016, 06162015@51 BUD: 12/13/2015, 07072015@66 BUD: 1/3/2016"
"Veterinary","No","","72180","Terminated","US Compounding Inc","1270 Don's Lane","N/A","Conway","AR","	72032","United States","Voluntary: Firm initiated","Letter","Nationwide","V-382-2016","Class II","Tolazoline Sterile 100 mL Vial (10%(100 mg/mL)) in amber glass vials; For IV Use, Rx.","62 vials","Lack of sterility assurance for compounding/compounded veterinary products.","09/12/2015","03/03/2016","03/30/2017","03/09/2016","Lot: : 05062015@23 BUD: 10/18/2015, 05072015@14 BUD: 10/18/2015, 05192015@45 BUD: 11/15/2015, 08102015@34 BUD: 2/3/2016, 09042015@30 BUD: 3/2/2016"
"Veterinary","No","","72180","Terminated","US Compounding Inc","1270 Don's Lane","N/A","Conway","AR","	72032","United States","Voluntary: Firm initiated","Letter","Nationwide","V-383-2016","Class II","Tranexamic Acid (100 mg/mL) in 100 mL glass vials; For IV Use, Rx.","1 vial","Lack of sterility assurance for compounding/compounded veterinary products.","09/12/2015","03/03/2016","03/30/2017","03/09/2016","Lot: : 08072015@28 BUD: 11/5/2015"
"Veterinary","No","","72180","Terminated","US Compounding Inc","1270 Don's Lane","N/A","Conway","AR","	72032","United States","Voluntary: Firm initiated","Letter","Nationwide","V-384-2016","Class II","Triamcinolone Diacetate 100 mL Vial (2 mg/mL) in amber glass vials; For IM & Regional Injection, Rx.","72 vials","Lack of sterility assurance for compounding/compounded veterinary products.","09/12/2015","03/03/2016","03/30/2017","03/09/2016","Lot: : 04152015@12 BUD: 10/12/2015, 06242015@62 BUD: 12/21/2015, 07062015@45 BUD: 1/2/2016"
"Veterinary","No","","72180","Terminated","US Compounding Inc","1270 Don's Lane","N/A","Conway","AR","	72032","United States","Voluntary: Firm initiated","Letter","Nationwide","V-385-2016","Class II","Triamcinolone Diacetate 5 mL in 10 mL (6 mg/mL) amber glass vials; For IM & Regional Use Only, Rx.","13 vials","Lack of sterility assurance for compounding/compounded veterinary products.","09/12/2015","03/03/2016","03/30/2017","03/09/2016","Lot: : 07062015@52 BUD: 1/2/2016"
"Veterinary","No","","72180","Terminated","US Compounding Inc","1270 Don's Lane","N/A","Conway","AR","	72032","United States","Voluntary: Firm initiated","Letter","Nationwide","V-386-2016","Class II","Triamcinolone Diacetate PF 2 mL vial (6 mg/mL) in amber glass vials; For IM & Regional Injection, Rx.","130 vials","Lack of sterility assurance for compounding/compounded veterinary products.","09/12/2015","03/03/2016","03/30/2017","03/09/2016","Lot: : 06182015@38 BUD: 12/15/2015"
"Veterinary","No","","72180","Terminated","US Compounding Inc","1270 Don's Lane","N/A","Conway","AR","	72032","United States","Voluntary: Firm initiated","Letter","Nationwide","V-387-2016","Class II","Tripelennamine HCL injection (20 mg/mL) in 100 mL amber glass vials; For IV or IM Use Only, Rx","159 vials","Lack of sterility assurance for compounding/compounded veterinary products.","09/12/2015","03/03/2016","03/30/2017","03/09/2016","Lot: : 03262015@13 BUD: 9/22/2015, 04092015@18 BUD: 10/6/2015, 05182015@13 BUD: 11/14/2015, 05182015@74 BUD: 11/14/2015, 05222015@43 BUD: 11/14/2015, 06012015 BUD: 11/28/2015, 06012015@35 BUD: 11/28/2015, 06102015@72 BUD: 12/7/2015, 06102015@72 BUD: 12/7/2015, 07172015@41 BUD: 11/14/2015, 07282015@116 BUD: 1/17/2016, 08052015@15 BUD: 1/17/2016, 09012015@42 BUD: 2/28/2016, 09032015@74 BUD: 2/28/2016"
"Veterinary","No","","72180","Terminated","US Compounding Inc","1270 Don's Lane","N/A","Conway","AR","	72032","United States","Voluntary: Firm initiated","Letter","Nationwide","V-388-2016","Class II","Tryptophan (L) 100 mL Vial (100 mg/mL) in amber glass vials; For IM Use Only, Rx.","34 vials","Lack of sterility assurance for compounding/compounded veterinary products.","09/12/2015","03/03/2016","03/30/2017","03/09/2016","Lot: : 05112015@11 BUD: 11/7/2015, 05142015@20 BUD: 11/10/2015, 06022015@35 BUD: 11/29/2015, 07152015@91 BUD: 1/11/2016, 07282015@99 BUD: 1/24/2016, 08312015@85 BUD: 1/25/2016"
"Veterinary","No","","72180","Terminated","US Compounding Inc","1270 Don's Lane","N/A","Conway","AR","	72032","United States","Voluntary: Firm initiated","Letter","Nationwide","V-389-2016","Class II","Voriconazole Ointment (1% (10 mg/mL)) in 4 gm metal tubes; For Topical Ophthalmic Use, Rx.","3 tubes","Lack of sterility assurance for compounding/compounded veterinary products.","09/12/2015","03/03/2016","03/30/2017","03/09/2016","Lot: : 08312015@43 BUD: 9/14/2015, 09092015@54 BUD: 9/23/2015"
"Veterinary","No","","72180","Terminated","US Compounding Inc","1270 Don's Lane","N/A","Conway","AR","	72032","United States","Voluntary: Firm initiated","Letter","Nationwide","V-390-2016","Class II","Voriconazole Ophthalmic (1% (10 mg/mL)) in 15 mL dropper bottles; For Topical Ophthalmic Use, Rx.","2 bottles","Lack of sterility assurance for compounding/compounded veterinary products.","09/12/2015","03/03/2016","03/30/2017","03/09/2016","Lot: : 08312015@43 BUD: 9/14/2015"
"Veterinary","No","","72180","Terminated","US Compounding Inc","1270 Don's Lane","N/A","Conway","AR","	72032","United States","Voluntary: Firm initiated","Letter","Nationwide","V-391-2016","Class II","Xylazine HCl Preservative Free Sterile (333 mg/mL) in 20 mL glass vials; Xylazine Preservative Free (300 mg/mL) in 100 mL glass vials; For IM or IV Use.","7 vials","Lack of sterility assurance for compounding/compounded veterinary products.","09/12/2015","03/03/2016","03/30/2017","03/09/2016","Lot: : 04032015@21 BUD: 9/30/2015, 07152015@88 BUD: 1/11/2016, 05212015@5 BUD: 11/17/2015"
"Veterinary","No","","72180","Terminated","US Compounding Inc","1270 Don's Lane","N/A","Conway","AR","	72032","United States","Voluntary: Firm initiated","Letter","Nationwide","V-392-2016","Class II","Yohimbine-Compound Sterile (5 mg/mL (0.5%)) in 100 mL glass vials; Yohimbine HCl-Compound Sterile (5 mg/mL (0.5%)) in 100 mL glass vials; For IM Use Only, Rx.","43 vials","Lack of sterility assurance for compounding/compounded veterinary products.","09/12/2015","03/03/2016","03/30/2017","03/09/2016","Lot: : 05072015@34 BUD: 11/3/2015, 06152015@33 BUD: 11/16/2015, 06252015@55 BUD: 11/16/2015, 07092015@18 BUD: 11/3/2015, 07102015@12 BUD: 1/3/2016, 08042015@91 BUD: 1/31/2016, 09042015@4 BUD: 2/6/2016, 04202015@44 BUD: 9/20/2015, 04302015@43 BUD: 10/19/2015"
"Veterinary","No","","72405","Terminated","Bedford Pharmacy","209 Route 101","N/A","Bedford","NH","	03110-5440","United States","Voluntary: Firm initiated","Two or more of the following: Email, Fax, Letter, Press Release, Telephone, Visit","NH","V-393-2016","Class II","Desmopressin 0.01% Ophtalmic Solution Sterile, For Dogs.  Bedford Pharmacy, 209 Route 101, Bedford, NH 03110, (603) 472-3919","3 units","Lack of assurance of sterility for compounding/compounded veterinary products.","09/22/2015","03/03/2016","06/14/2016","03/09/2016","LoT # 08042015@14, BUD 09/14/2015"
"Veterinary","No","","72467","Terminated","Centinela Pet Supplies","2727 Maricopa St","N/A","Torrance","CA","	90503-5145","United States","Voluntary: Firm initiated","E-Mail","CA","V-402-2016","Class III","Welcome Home Duck Jerky, Item No. 10204, 10206, Sku No. 318384, 318385, Bag Wt. 14oz, 30 oz","661 cases","Centinela Feed & Pet Supplies is recalling Home Duck Jerky & Duck Treats because they may contain trace amounts of antibiotics.","10/16/2015","03/04/2016","03/04/2016","03/16/2016","UPC 784815102042"
"Veterinary","No","","72467","Terminated","Centinela Pet Supplies","2727 Maricopa St","N/A","Torrance","CA","	90503-5145","United States","Voluntary: Firm initiated","E-Mail","CA","V-403-2016","Class III","Welcome Home Duck Sticks, Item No. 102012, 10214, Sku No. 318388, 318389, Bag Wt. 14oz, 42oz","208 cases","Centinela Feed & Pet Supplies is recalling Home Duck Jerky & Duck Treats because they may contain trace amounts of antibiotics.","10/16/2015","03/04/2016","03/04/2016","03/16/2016","UPC 784815102127"
"Veterinary","No","","72467","Terminated","Centinela Pet Supplies","2727 Maricopa St","N/A","Torrance","CA","	90503-5145","United States","Voluntary: Firm initiated","E-Mail","CA","V-404-2016","Class III","Welcome Home Jerky Duck, Item No. 15104, 15106, Sku No. 328408, 328409, Bag Wt. 12oz, 25.5oz","310 cases","Centinela Feed & Pet Supplies is recalling Home Duck Jerky & Duck Treats because they may contain trace amounts of antibiotics.","10/16/2015","03/04/2016","03/04/2016","03/16/2016","UPC 784815104954, 784815104961"
"Veterinary","No","","72501","Terminated","Kalman Health & Wellness, Inc. dba Essential Wellness Pharma","4625 N University St","N/A","Peoria","IL","	61614-5828","United States","Voluntary: Firm initiated","Letter","US: IL and IA","V-394-2016","Class II","Cyclosporin 0.2% Ophthalmic Solution, packaged in 10 mL plastic dropper bottles, Essential Wellness Pharmacy, 4625 N. University Street, Peoria, IL 61614","80 mL","Lack of sterility assurance:  Kalman Health & Wellness, Inc. d.b.a. Essential Wellness Pharmacy 2 is conducting a voluntary recall of all compounded sterile preparations within expiry.  The recall is being initiated in connection with a recent FDA inspection due to observations associated with certain quality control procedures that present a risk to sterility assurance for compounding/compounded veterinary products.","09/03/2015","03/04/2016","02/06/2018","03/16/2016","Lot # 060515, Exp. Date 09/05/2015;  Lot # 061215, Exp. Date 09/12/2015;  Lot # 062615, Exp. Date 09/26/2015;  Lot # 070215, Exp. Date 10/02/2015;  Lot # 070615, Exp. Date 10/06/2015;  Lot # 072415, Exp. Date 10/24/2015;  Lot # 072715, Exp. Date 10/27/2015; and  Lot # 081315, Exp. Date 11/13/2015"
"Veterinary","No","","72501","Terminated","Kalman Health & Wellness, Inc. dba Essential Wellness Pharma","4625 N University St","N/A","Peoria","IL","	61614-5828","United States","Voluntary: Firm initiated","Letter","US: IL and IA","V-395-2016","Class II","Cyclosporin 1% Ophthalmic Solution, packaged in 10 mL plastic dropper bottles, Essential Wellness Pharmacy, 4625 N. University Street, Peoria, IL 61614","130 mL","Lack of sterility assurance:  Kalman Health & Wellness, Inc. d.b.a. Essential Wellness Pharmacy 2 is conducting a voluntary recall of all compounded sterile preparations within expiry.  The recall is being initiated in connection with a recent FDA inspection due to observations associated with certain quality control procedures that present a risk to sterility assurance for compounding/compounded veterinary products.","09/03/2015","03/04/2016","02/06/2018","03/16/2016","Lot # 061515, Exp. Date 09/15/2015;  Lot # 062615, Exp. Date 09/26/2015;  Lot # 072415, Exp. Date 10/24/2015;  Lot # 072715, Exp. Date 10/27/2015;  Lot # 073115, Exp. Date 10/31/2015;  Lot # 081015, Exp. Date 11/10/2015; and  Lot # 081215, Exp. Date 11/12/2015"
"Veterinary","No","","72501","Terminated","Kalman Health & Wellness, Inc. dba Essential Wellness Pharma","4625 N University St","N/A","Peoria","IL","	61614-5828","United States","Voluntary: Firm initiated","Letter","US: IL and IA","V-396-2016","Class II","Cyclosporin 2% Ophthalmic Solution, packaged in 10 mL plastic dropper bottles, Essential Wellness Pharmacy, 4625 N. University Street, Peoria, IL 61614","40 mL","Lack of sterility assurance:  Kalman Health & Wellness, Inc. d.b.a. Essential Wellness Pharmacy 2 is conducting a voluntary recall of all compounded sterile preparations within expiry.  The recall is being initiated in connection with a recent FDA inspection due to observations associated with certain quality control procedures that present a risk to sterility assurance for compounding/compounded veterinary products.","09/03/2015","03/04/2016","02/06/2018","03/16/2016","Lot # 060815, Exp. Date 09/08/2015;  Lot # 070315, Exp. Date 10/03/2015;  Lot # 072915, Exp. Date 10/29/2015; and  Lot # 080715, Exp. Date 11/07/2015"
"Veterinary","No","","72501","Terminated","Kalman Health & Wellness, Inc. dba Essential Wellness Pharma","4625 N University St","N/A","Peoria","IL","	61614-5828","United States","Voluntary: Firm initiated","Letter","US: IL and IA","V-397-2016","Class II","Desmopressin (Desmopressin Acetate) 0.01% Ophthalmic solution, packaged in 2.5 mL and 10 mL plastic dropper bottles, Essential Wellness Pharmacy, 4625 N. University Street, Peoria, IL 61614","25 mL","Lack of sterility assurance:  Kalman Health & Wellness, Inc. d.b.a. Essential Wellness Pharmacy 2 is conducting a voluntary recall of all compounded sterile preparations within expiry.  The recall is being initiated in connection with a recent FDA inspection due to observations associated with certain quality control procedures that present a risk to sterility assurance for compounding/compounded veterinary products.","09/03/2015","03/04/2016","02/06/2018","03/16/2016","Lot # 062015, Exp. Date 09/20/2015;  Lot # 070615, Exp. Date 10/06/2015;  Lot # 072315, Exp. Date 10/23/2015; and  Lot # 080315, Exp. Date 11/03/2015"
"Veterinary","No","","72501","Terminated","Kalman Health & Wellness, Inc. dba Essential Wellness Pharma","4625 N University St","N/A","Peoria","IL","	61614-5828","United States","Voluntary: Firm initiated","Letter","US: IL and IA","V-398-2016","Class II","Methocarbamol 100mg/mL Injection, packaged in 50 mL sterile glass vials, Essential Wellness Pharmacy, 4625 N. University Street, Peoria, IL 61614","100 mL","Lack of sterility assurance:  Kalman Health & Wellness, Inc. d.b.a. Essential Wellness Pharmacy 2 is conducting a voluntary recall of all compounded sterile preparations within expiry.  The recall is being initiated in connection with a recent FDA inspection due to observations associated with certain quality control procedures that present a risk to sterility assurance for compounding/compounded veterinary products.","09/03/2015","03/04/2016","02/06/2018","03/16/2016","Lot # 060915, Exp. Date 09/09/2015"
"Veterinary","No","","72501","Terminated","Kalman Health & Wellness, Inc. dba Essential Wellness Pharma","4625 N University St","N/A","Peoria","IL","	61614-5828","United States","Voluntary: Firm initiated","Letter","US: IL and IA","V-399-2016","Class II","Tacrolimus 0.02% Ophthalmic Solution, packaged in 10 mL plastic dropper bottles, Essential Wellness Pharmacy, 4625 N. University Street, Peoria, IL 61614","170 mL","Lack of sterility assurance:  Kalman Health & Wellness, Inc. d.b.a. Essential Wellness Pharmacy 2 is conducting a voluntary recall of all compounded sterile preparations within expiry.  The recall is being initiated in connection with a recent FDA inspection due to observations associated with certain quality control procedures that present a risk to sterility assurance for compounding/compounded veterinary products.","09/03/2015","03/04/2016","02/06/2018","03/16/2016","Lot # 071415, Exp. Date 09/14/2015;  Lot # 071515, Exp. Date 09/15/2015;  Lot # 072015, Exp. Date 09/20/2015;  Lot # 072315, Exp. Date 09/23/2015;  Lot # 080515, Exp. Date 10/05/2015; and  Lot # 081215, Exp. Date 10/12/2015"
"Veterinary","No","","72501","Terminated","Kalman Health & Wellness, Inc. dba Essential Wellness Pharma","4625 N University St","N/A","Peoria","IL","	61614-5828","United States","Voluntary: Firm initiated","Letter","US: IL and IA","V-400-2016","Class II","Tacrolimus 0.03% Ophthalmic Solution, packaged in 10 mL plastic dropper bottles, Essential Wellness Pharmacy, 4625 N. University Street, Peoria, IL 61614","90 mL","Lack of sterility assurance:  Kalman Health & Wellness, Inc. d.b.a. Essential Wellness Pharmacy 2 is conducting a voluntary recall of all compounded sterile preparations within expiry.  The recall is being initiated in connection with a recent FDA inspection due to observations associated with certain quality control procedures that present a risk to sterility assurance for compounding/compounded veterinary products.","09/03/2015","03/04/2016","02/06/2018","03/16/2016","Lot # 070315, Exp. Date 09/13/2015;  Lot # 071715, Exp. Date 09/15/2015;  Lot # 072815, Exp. Date 09/28/2015;  Lot # 073115, Exp. Date 09/31/2015;  Lot # 080515, Exp. Date 10/05/2015;  Lot # 081215, Exp. Date 10/12/2015; and  Lot # 081415, Exp. Date 10/14/2015"
"Veterinary","No","","72593","Terminated","CHS INC","815 S 2nd St","N/A","Harrisburg","OR","	97446-9662","United States","Voluntary: Firm initiated","Two or more of the following: Email, Fax, Letter, Press Release, Telephone, Visit","Oregon and Washington","V-467-2016","Class I","Label reads in part ""***KOUNTRY BUFFET***14% TEXT For Mature Cattle, Horses, Goats & Sheep***""    UPC 7 13757 96142 4    50 lb bags - Salmon colored label attached to a brown bag.","3757 50lb bags","CHS Inc. discovered high levels of copper during routine analysis of Kountry Buffet 14% Text for Mature Cattle, Horses, Goats & Sheep.","11/07/2015","08/02/2016","10/07/2016","08/10/2016","Lot # 85092415-M702660;  Lot # 85100615-M720130;  Lot # 85101215-M728050;  Lot # 85101515-M734590;  Lot#  85102315-M748470."
"Veterinary","No","","72593","Terminated","CHS INC","815 S 2nd St","N/A","Harrisburg","OR","	97446-9662","United States","Voluntary: Firm initiated","Two or more of the following: Email, Fax, Letter, Press Release, Telephone, Visit","Oregon and Washington","V-468-2016","Class I","Label reads in part ""***PROVIDER 15% PELLET For Mature Cattle, Horses, Goats & Sheep***""    No UPC code    50 lb bags - Yellow label attached to a brown bag.","103 50lb bags plus 3 tons bulk (5 tons bulk was used to produce recalled Kountry","CHS Inc. discovered high levels of copper during routine analysis of Provider 15% Pellet both for Mature Cattle, Horses, Goats & Sheep.","11/07/2015","08/02/2016","10/07/2016","08/10/2016","Lot # 85101415-M732580;  Lot #85101415-M734810"
"Veterinary","No","","72613","Terminated","Halo, Purely for Pets, Inc.","12400 Race Track Rd","N/A","Tampa","FL","	33626-3117","United States","Voluntary: Firm initiated","Two or more of the following: Email, Fax, Letter, Press Release, Telephone, Visit","AZ, CA, CO, DE, GA, ID, IL, IN, MA, MI, MN, NC, ND, NJ, NV, NY, OH, OK, OR, PA, SC, TN, TX, UT AND WA  Canada","V-405-2016","Class II","Halo Spot's Stew Wholesome Turkey Recipe Sensitive Formula for Cats (Dry Cat Kibble)","1,080 bags (3 lbs.) and 6,983 bags (6 lbs.)","Reports of mold in the product.","10/26/2015","03/07/2016","01/29/2019","03/16/2016","3 lbs. All Lots with Best by Date of 09/04/2016  6 lbs. All Lots with Best by Date of 09/04/2016"
"Veterinary","No","","72627","Terminated","Blue Buffalo Company","11 River Rd","N/A","Wilton","CT","	06897-6010","United States","Voluntary: Firm initiated","Press Release","USA: CA  CO  FL  GA  IL  IN  KY  MA  MD  MI  MN  NC  NE  NJ  NV  NY  OH  PA  RI  SC  TX  WA    Canada","V-401-2016","Class II","Blue Kitty Yums Tasty Chicken Recipe, UPC: 859610007820","2070 cases","Product contains propylene glycol.","11/06/2015","03/04/2016","04/14/2016","03/16/2016","Best If Used By: April 24, 2016 and July 24, 2016."
"Veterinary","No","","72680","Terminated","Fritz Industries, Inc","2950 Executive Blvd","N/A","Mesquite","TX","	75149-2802","United States","Voluntary: Firm initiated","Two or more of the following: Email, Fax, Letter, Press Release, Telephone, Visit","IL, TX, CA, WA, NJ, FL, IN, NY, KY, OH, PA, SC, OK","V-406-2016","Class II","Fritz Aquatics Mardel Coppersafe Provides Relief From Unwelcome Parasites Net 1 Gallon (3.8L)  Treats 3024 Gallons; Fritz Aquatics Mardel Coppersafe Provides Relief From Unwelcome Parasites Net 16 FL OZ (473mL) Treats 378 Gallons; NDC: 53745-013-38; OTC","368 gallons","Incorrect dosage instructions were printed on the labels. Upon use, the incorrect instructions would result in a 217% increase in active ingredient concentration.","12/15/2014","03/09/2016","08/02/2016","03/16/2016","Lot Number: 2824FID101 Expiration: 10/9/2016 and 3244FID101 Expiration: 11/20/2016"
"Veterinary","No","","72685","Terminated","CHS Nutrition","5325 10th Ave N","N/A","Great Falls","MT","	59405-1089","United States","Voluntary: Firm initiated","Telephone","One consignee","V-469-2016","Class I","Label reads in part ""***MSU HI-ALF LAMB PELLETS NO SALT B24 MEDICATED 3/16 For Finishing Sheep.  For the prevention of coccidiosis caused by Eimeria ovina,***Manufactured By:  CHS Inc. Sioux Falls, SD 57107 ***""""","120/50lb bags","CHS Nutrition is recalling MSU High Alfalfa Lamb Pellets no salt B 24 due to high copper levels.  The high copper levels were discovered during routine analysis of the feed.","11/20/2015","08/02/2016","08/02/2016","08/10/2016","M736460 (10/16/2015)"
"Veterinary","No","","72704","Terminated","Land O Lakes Purina LLC","1080 County Road F W","N/A","Shoreview","MN","	55126-2910","United States","Voluntary: Firm initiated","Telephone","SD only.","V-440-2016","Class I","Dakota Calf Starter 22% R40, Medicated, Type C Medicated Feed.  Product code RHRJ.  Complete feed for dairy starter - 3 days to 3 mons in confinement.  For Prevention and control of coccidiosis due to Eimeria bovis and Eimeria zuemii.  Monensin (as Monensin Sodium) 40.00 g/ton.  Manufactured by Purina Animal Nutrition LLC, 1080 County Road F West, Shoreview, MN  55126-2910. Bulk Net Weight.","6,040 lb.","The Dakota Calf Starter 22% R40 has an elevated level of Monensin.  This may have resulted in calf mortality.","11/19/2015","06/10/2016","09/14/2016","06/22/2016","11/10/2015; manufacturing date and lot number are the same"
"Veterinary","No","","72743","Terminated","Blue Buffalo Company","11 River Rd","N/A","Wilton","CT","	06897-6010","United States","Voluntary: Firm initiated","Two or more of the following: Email, Fax, Letter, Press Release, Telephone, Visit","PetSmart Stores in:  California, Nevada, Utah, Kansas, Washington, Montana, Minnesota, Oregon, Michigan","V-441-2016","Class I","Blue Wilderness Wild Chews - Cub Size Wilderness Wild Chews Bones, UPC: 840243110087","1440 bones were shipped to two PetSmart distribution centers, 240 bones were shipped to PetSmart stores. 11 bones were sold to customers","Cub Size Wilderness Wild Chews Bones may be contaminated with Salmonella.","11/25/2015","06/10/2016","06/13/2016","06/22/2016","Expiration Date: November 4, 2017; printed as  exp 110417"" on a sticker affixed to the product"
"Veterinary","No","","72744","Terminated","Cosmos Corp","103 Enterprise Dr","N/A","Wentzville","MO","	63385-5543","United States","Voluntary: Firm initiated","Telephone","Product was distributed to distribution centers in AL, AZ, CA, CO, GA, IA, IL, IN, KS, MI, MN, NC, NY, OH, OR, PA, SC, TX, VA, and WI. Further distribution to retail stores was likely to more states.","V-407-2016","Class III","Naturel Promise, Fresh Dental, Healthy Dental Chews For Dogs, Hip & Joint, Fortified with Glucosamine & Chondroitin, NET WT. 8 OZ (227 g), 28+ Healthy Dental Snacks, Natur¿l Promise, Troy, MO 63379","1,148/12/8 OZ/bags/cases","Some bags of product showed evidence of mold.","11/25/2015","03/29/2016","02/22/2017","04/06/2016","Lot # 3892907135, best by date July 13, 2017"
"Veterinary","No","","72778","Terminated","Land O Lakes Purina LLC","1080 County Road F W","N/A","Shoreview","MN","	55126-2910","United States","Voluntary: Firm initiated","Letter","ND and SD","V-455-2016","Class II","Purina Steakmaker Co-Product Balancer R700, Medicated, Type B Medicated Feed.  Supplement Feed for Grower-Finisher Feedlot cattle.  For improved feed efficiency in cattle fed in confinement for slaughter.  Monensin (as Monensin Sodium) 700.00 g/ton.  Manufactured by Purina Animal Nutrition, LLC, 1080 County Road F West, Shoreview, MN  55126.Bulk Net Weight.  Formula No. L386, Item No. 1720041.","190 bags","Purina is retrieving all bags of Steakmaker Co-Product Balancer R700, Lot 5NOV10SXF1 due to the product being deficient in Rumensin.","11/25/2015","07/21/2016","11/22/2016","07/27/2016","Lot Code:  5NOV10SXF1"
"Veterinary","No","","72781","Terminated","Bimeda, Inc.","291 Forest Prairie Rd","N/A","Le Sueur","MN","	56058-4520","United States","Voluntary: Firm initiated","E-Mail","US: CO, FL, ID, IL IA, MN, MO, PA, WI.    OUS: Mexico","V-408-2016","Class II","Dexium (dexamethasone) Solution. Bimeda (1DEX022) and VetOne (1DEX032), NADA 200-312, 2mg/mL, packaged in 100 mL glass amber vial, Sterile. ANDA 200-312.    Each-ml. contains 2mg dexamethasone, 500 mg polyethylene glyco 400, 9 mg  benzyl alcohol, 1.8 mg methylparaben and 0.2 mg propylparaben as preservatives, 4.75% alcohol, HCI to adjust pH to approximately 4.9, water  for injection q.s.  For intravenous or Intramuscular injection.  USUAL DOSE:  Bovine- 5 to 20 mg  equine- 2.5 to 5 mg","18,341 vials","Bimeda Dexium (dexamethasone) Solution, Item# 1DEX022 and VetOne Dexamethasone Solution, Item# 1DEX032 are being recalled by Bimeda, Inc due that the product might contain particles that appear to be crystals.","11/23/2015","03/30/2016","11/09/2017","04/06/2016","4M022"
"Veterinary","No","","69843","Terminated","Mars Petcare USA","315 Cool Springs Blvd","N/A","Franklin","TN","	37067-1632","United States","Voluntary: Firm initiated","Telephone","Product was distributed to distributors in CA, GA, MI, MN, NV, PA, TX, and VT as well as British Columbia, Canada.","V-288-2016","Class I","EVO Grain Free Turkey  & Chicken Formula Ferret Food, packaged in 6.6 lbs. paper bags, UPC 5148 542101, Manufactured by Natura  Pet Products, Inc., Fremont, NE;","875 bags","Batches of cat and ferret food were manufactured with no added vitamins and double the specified minerals.","11/20/2014","01/22/2016","02/05/2016","02/03/2016","Lots 4300A700D3 and 4307A700D3;"
"Veterinary","No","","72833","Terminated","BRAVO! LLC","349 Wetherell St.","N/A","Manchester","CT","	06040","United States","Voluntary: Firm initiated","Letter","AZ, CA, CO.IL, MN, MD, OR, PA, SC, TX, WA","V-447-2016","Class I","Bravo All Natural  Chicken  Blend diet for dogs & cats. 2lb (32 oz) chubS   Item Number: 21-102  UPC: 829546211028","201 cases","May be contaminated with Salmonella","12/10/2015","06/11/2016","05/17/2019","06/22/2016","Best used by date of 11/13/16"
"Veterinary","No","","72833","Terminated","BRAVO! LLC","349 Wetherell St.","N/A","Manchester","CT","	06040","United States","Voluntary: Firm initiated","Letter","AZ, CA, CO.IL, MN, MD, OR, PA, SC, TX, WA","V-448-2016","Class I","Bravo All Natural  Chicken  Blend diet for dogs & cats,  5 lb (90 oz) chubs  Item Number: 21-¿105  UPC: 829546211059","250 cases","May be contaminated with Salmonella","12/10/2015","06/11/2016","05/17/2019","06/22/2016","Best used by date of 11/13/16"
"Veterinary","No","","72833","Terminated","BRAVO! LLC","349 Wetherell St.","N/A","Manchester","CT","	06040","United States","Voluntary: Firm initiated","Letter","AZ, CA, CO.IL, MN, MD, OR, PA, SC, TX, WA","V-449-2016","Class I","Bravo All Natural  Turkey  Blend diet for dogs & cats,  5 lb bag of 8 oz patties  Item Number: 31-¿508  UPC: 829546315085","8 cases","May be contaminated with Salmonella","12/10/2015","06/11/2016","05/17/2019","06/22/2016","Best used by date of 11/13/16"
"Veterinary","No","","72833","Terminated","BRAVO! LLC","349 Wetherell St.","N/A","Manchester","CT","	06040","United States","Voluntary: Firm initiated","Letter","AZ, CA, CO.IL, MN, MD, OR, PA, SC, TX, WA","V-450-2016","Class I","Bravo Balance Turkey Dinner for dogs,  3 lb bag of 4 oz. patties  Item Number: 31-¿401  UPC: 829546314019","60 cases","May be contaminated with Salmonella","12/10/2015","06/11/2016","05/17/2019","06/22/2016","Best used by date of 11/13/16"
"Veterinary","No","","72857","Terminated","Stella and Chewys","111 W Oakview Parkway","N/A","Oak Creek","WI","	53154","United States","Voluntary: Firm initiated","Telephone","Nationwide and Canada","V-470-2016","Class I","Stella & Chewy's brand Stella's Super Beef Dinner Morsels for Dogs.  Keep Frozen.  Made with raw, grass-fed beef with no added hormones or antibiotics.  Manufactured by:  Stella & Chewy's LLC, 2842 South 5th Court, Milwaukee, WI  53207.  Packaged in the following sizes and codes:  Net Wt. 8.5 oz. (240g), UPC 186011 001554, and Net Wt. 4 lb. (1.81kg), UPC 186011 01370.","268 cases","The recall was prompted by a positive test confirming Listeria monocytogenes in Stella's Super Beef Dinner Morsels for Dogs, 8.5 oz. frozen bags, lot #165-15, ""Use by 6-25-2016"", during routine surveillance testing by the Michigan Department of Agriculture and Rural Development.","12/11/2015","08/02/2016","12/19/2016","08/10/2016","8.5 oz. package: Lot #165-15, Use By 6-25-2016   4 lb. package: Lot #165-15, Use By 6-25-2016 and 6/26/2016"
"Veterinary","No","","72857","Terminated","Stella and Chewys","111 W Oakview Parkway","N/A","Oak Creek","WI","	53154","United States","Voluntary: Firm initiated","Telephone","Nationwide and Canada","V-471-2016","Class I","Stella & Chewy's brand chick chick chicken Dinner Morsels for Cats.  Keep Frozen.  Made with raw, cage-free chicken with and antibiotic-free.  Net Wt. 1.25 lbs. (570g).  UPC 186011 001448  Manufactured by:  Stella & Chewy's LLC, 2842 South 5th Court, Milwaukee, WI  53207.","634 cases","The recall was prompted by a positive test confirming Listeria monocytogenes in Stella's Super Beef Dinner Morsels for Dogs, 8.5 oz. frozen bags, lot #165-15, ""Use by 6-25-2016"", during routine surveillance testing by the Michigan Department of Agriculture and Rural Development.","12/11/2015","08/02/2016","12/19/2016","08/10/2016","Lot #152-15 with Use By 7/2/2016, and Lot #160-15 with Use By 7/2/2016"
"Veterinary","No","","72857","Terminated","Stella and Chewys","111 W Oakview Parkway","N/A","Oak Creek","WI","	53154","United States","Voluntary: Firm initiated","Telephone","Nationwide and Canada","V-472-2016","Class I","Stella & Chewy's brand Duck Duck Goose Dinner Morsels for Cats.  Keep Frozen.  Made with raw, cage-free poultry with no added hormones and antibiotic-free.  Net Wt. 1.25 lbs. (570g).  UPC 186011-001455.  Manufactured by:  Stella & Chewy's LLC, 2842 South 5th Court, Milwaukee, WI  53207.","368 cases","The recall was prompted by a positive test confirming Listeria monocytogenes in Stella's Super Beef Dinner Morsels for Dogs, 8.5 oz. frozen bags, lot #165-15, ""Use by 6-25-2016"", during routine surveillance testing by the Michigan Department of Agriculture and Rural Development.","12/11/2015","08/02/2016","12/19/2016","08/10/2016","Lot #165-15, Use By 6/25/2016"
"Veterinary","No","","72963","Terminated","Midwest Compounders Pharmacy","13330 Santa Fe Trail Dr","N/A","Lenexa","KS","	66215-3653","United States","Voluntary: Firm initiated","Letter","The finished products were distributed to KS, MO, IL, NM, UT, AZ, and NV.  There was no foreign, military, or government distribution.","V-462-2016","Class II","Idoxuridine Drops 0.1% Ophthalmic, packaged in 10-ml. containers, RX.  The firm name on the prescription label is Midwest Compounders Pharmacy, Lenexa, KS.","115/10-ml. bottles","Potential for cross-contamination with penicillin for compounding/compounded veterinary products.","03/11/2015","07/25/2016","04/26/2017","08/03/2016","09012015@16, exp. 4/14/2015 and 29012015@1, exp. 4/17/2015.  The prescriptions were filled between 1/14/2015-3/20/2015."
"Veterinary","No","","72963","Terminated","Midwest Compounders Pharmacy","13330 Santa Fe Trail Dr","N/A","Lenexa","KS","	66215-3653","United States","Voluntary: Firm initiated","Letter","The finished products were distributed to KS, MO, IL, NM, UT, AZ, and NV.  There was no foreign, military, or government distribution.","V-463-2016","Class II","Demecarium Bromide 0.125% Ophthalmic, packaged in 5-ml. containers, RX.  The firm name on the prescription label is Midwest Compounders Pharmacy, Lenexa, KS.","84/5-ml. bottles","Potential for cross-contamination with penicillin for compounding/compounded veterinary products.","03/11/2015","07/25/2016","04/26/2017","08/03/2016","23122014@42, exp. 6/9/2015.  The prescriptions were filled between 1/8/2015-3/12/2015."
"Veterinary","No","","72963","Terminated","Midwest Compounders Pharmacy","13330 Santa Fe Trail Dr","N/A","Lenexa","KS","	66215-3653","United States","Voluntary: Firm initiated","Letter","The finished products were distributed to KS, MO, IL, NM, UT, AZ, and NV.  There was no foreign, military, or government distribution.","V-464-2016","Class II","Demecarium Bromide 0.25%, packaged in 5-ml. containers, RX.  The firm name on the prescription label is Midwest Compounders Pharmacy, Lenexa, KS.","353/5-ml. bottles","Potential for cross-contamination with penicillin for compounding/compounded veterinary products.","03/11/2015","07/25/2016","04/26/2017","08/03/2016","21112014@11, exp. 5/20/2015 and 05012015@1, exp. 8/1/2015.  Prescriptions were filled between 11/21/2014-3/11/2015."
"Veterinary","No","","72963","Terminated","Midwest Compounders Pharmacy","13330 Santa Fe Trail Dr","N/A","Lenexa","KS","	66215-3653","United States","Voluntary: Firm initiated","Letter","The finished products were distributed to KS, MO, IL, NM, UT, AZ, and NV.  There was no foreign, military, or government distribution.","V-465-2016","Class II","Cyclosporine-Corn Oil 2% Ophthalmic, packaged in 10-ml. containers, RX.  The firm name on the prescription label is Midwest Compounders Pharmacy, Lenexa, KS.","93/10-ml. bottles","Potential for cross-contamination with penicillin for compounding/compounded veterinary products.","03/11/2015","07/25/2016","04/26/2017","08/03/2016","22012015@15, exp. 8/8/2015; 05012015@17, exp. 7/4/2015.  Prescriptions were filled between 1/13/2015-3/18/2015."
"Veterinary","No","","72963","Terminated","Midwest Compounders Pharmacy","13330 Santa Fe Trail Dr","N/A","Lenexa","KS","	66215-3653","United States","Voluntary: Firm initiated","Letter","The finished products were distributed to KS, MO, IL, NM, UT, AZ, and NV.  There was no foreign, military, or government distribution.","V-466-2016","Class II","Cyclosporine-Corn Oil 1% Ophthalmic, packaged in 10-ml. containers, RX.  The firm name on the prescription label is Midwest Compounders Pharmacy, Lenexa, KS.","356/10-ml. bottles","Potential for cross-contamination with penicillin for compounding/compounded veterinary products.","03/11/2015","07/25/2016","04/26/2017","08/03/2016","24022015@19, exp. 8/23/2015; 22012015@14, exp. 7/21/2015; 14012015@1, exp. 7/13/2015; and 09022015@13, exp. 8/8/2015.  Prescriptions were filled between 1/27/2015-3/19/2015."
"Veterinary","No","","72987","Terminated","Gwenstone, Inc.","1121 Industrial Pkwy Ste D","N/A","Brick","NJ","	08724-2591","United States","Voluntary: Firm initiated","Press Release","Nationwide","V-0009-2017","Class I","BDN pet foods Chicken Supreme, packaged in 1 lb. and 5 lb. pouches and 10 lb. vacuum bags,   BDN Pet Foods, Inc. 1121 Industrial Parkway Suite D Brick, NJ 08724   FOR INFO: Email info@bigdognatural.com  CALL 732-785-2600 - TOLL FREE 877 K9 MEATS","N/A","Dog food may be contaminated with Salmonella and Listeria monocytogenes as per FDA sampling and analysis.","01/04/2016","10/21/2016","08/31/2017","11/02/2016","all products shipped from 10/31/2015 to 11/13/2015"
"Veterinary","No","","72987","Terminated","Gwenstone, Inc.","1121 Industrial Pkwy Ste D","N/A","Brick","NJ","	08724-2591","United States","Voluntary: Firm initiated","Press Release","Nationwide","V-0010-2017","Class I","BDN pet foods Fish Supreme, packaged in 1 lb. and 5 lb. pouches and 10 lb. vacuum bags,  BDN Pet Foods, Inc. 1121 Industrial Parkway Suite D Brick, NJ 08724   FOR INFO: Email info@bigdognatural.com  CALL 732-785-2600 - TOLL FREE 877 K9 MEATS","N/A","Dog food may be contaminated with Salmonella and Listeria monocytogenes as per FDA sampling and analysis.","01/04/2016","10/21/2016","08/31/2017","11/02/2016","all products shipped from 10/31/2015 to 11/13/2015"
"Veterinary","No","","73021","Terminated","Virbac AH, Inc","3200 Meacham Blvd","N/A","Fort Worth","TX","	76137-4611","United States","Voluntary: Firm initiated","Letter","Product was distributed to MO.  There was no foreign, military, or government distribution.","V-454-2016","Class II","Thyrosyn 0.5 mg (Levothyroxine Sodium) Tablets packaged 1000 tablets per bottle, NDC 50989-275-53, UPC 3 50989 27553 2.  The responsible firm name on the label is Vedco Inc., St. Joseph, MO 64507.","876 bottles","Product bears the incorrect expiration date and is also past expiry.","01/06/2016","07/21/2016","04/07/2017","07/27/2016","lot# 140112, expiration date 12/2016"
"Veterinary","No","","73029","Terminated","Intervet, Inc","2 Giralda Farms","N/A","Madison","NJ","	07940-1026","United States","Voluntary: Firm initiated","Letter","Nationwide","V-482-2016","Class III","Merck Salix (furosemide 5% injection   50ml   Made in Germany by: Intervet International GmbH Distributed by: Intervet Inc (d/b/a Merck Animal Health) Madison, NJ 07940 www.merck-animal-health-usa.com  UPC 021784-46150-4  NDC 57926-465-01   amber glass bottle, type 1","840 vials","An incorrect expiry was assigned to one batch of Salix 5%.","12/22/2015","08/15/2016","01/18/2019","08/24/2016","Lot  #A157V01"
"Veterinary","No","","73066","Terminated","Carnivore Meat Company, LLC","2878 Ontario Rd","N/A","Green Bay","WI","	54311-6877","United States","Voluntary: Firm initiated","Telephone","CA, CO, FL, GA, RI, TX, and WA","V-530-2016","Class I","Vital Essentials Frozen Chicken Patties Entree for Dogs, Net Wt. 6 lbs. (2.72kg).  Keep Frozen. UPC 33211-00807.","1872 lbs.","Carnivore Meat Company is recalling one batch (lot # 11475) of Vital Essentials 6 lb. Frozen Chicken Patties Entree for Dogs  because it has the potential to be contaminated with Salmonella.","01/12/2016","09/28/2016","11/17/2017","10/05/2016","Lot # 11475, Best By date 20161108 (11/08/2016)"
"Veterinary","No","","73116","Terminated","Abbott's Compounding Pharmacy, Inc.","2320 Woolsey St","N/A","Berkeley","CA","	94705-1973","United States","Voluntary: Firm initiated","Press Release","CA only.","V-483-2016","Class II","Cyclosporine 1%, 10 ml;  store at room temperature","40 ml","Firm is recalling all unexpired lots of sterile compounded products after FDA inspection found concerns of lack of sterility assurance.","01/15/2016","08/17/2016","04/06/2017","08/24/2016","compounded from 11/19/15 to 12/22/15."
"Veterinary","No","","73127","Terminated","Phibro Animal Health Corporation","300 Frank W Burr Blvd Ste 21","N/A","Teaneck","NJ","	07666-6704","United States","Voluntary: Firm initiated","E-Mail","IN & TX","V-486-2016","Class II","Stafac 50 Type A Medicated Articles  NDC# 66104-8815  Packed in a 50 lb/bag (22.6 kg/bag) Multi-wall bag, with the following  construction/configuration: 4 ply Natural Kraft and 1 ply of HDPE 2.0 mil.","115 bags/units","This recall was initiated because Stafac 50 lot number R40430001VA tested below (41.7 g/lb) the potency specification of (42.5 -  57.5 g/lb) at the 18-month stability interval under VICH long-term conditions.","09/08/2015","08/17/2016","01/11/2019","08/24/2016","Lot R40430001VA Expiration Date: 02/28/2016 (February 28, 2016)"
"Veterinary","No","","73116","Terminated","Abbott's Compounding Pharmacy, Inc.","2320 Woolsey St","N/A","Berkeley","CA","	94705-1973","United States","Voluntary: Firm initiated","Press Release","CA only.","V-484-2016","Class II","Cyclosporine 2%, 15 ml;  store at room temperature","15 ml","Firm is recalling all unexpired lots of sterile compounded products after FDA inspection found concerns of lack of sterility assurance.","01/15/2016","08/17/2016","04/06/2017","08/24/2016","compounded  12/22/15."
"Veterinary","No","","73116","Terminated","Abbott's Compounding Pharmacy, Inc.","2320 Woolsey St","N/A","Berkeley","CA","	94705-1973","United States","Voluntary: Firm initiated","Press Release","CA only.","V-485-2016","Class II","prednisolone acetate, 25 mg/ml, 40 ml unit size;  store at room temperature","40 ml","Firm is recalling all unexpired lots of sterile compounded products after FDA inspection found concerns of lack of sterility assurance.","01/15/2016","08/17/2016","04/06/2017","08/24/2016","compounded  09/09/15."
"Veterinary","No","","73162","Terminated","Kassik Milling Co Inc","309 Main St","PO Box 128","Milligan","NE","	68406-3949","United States","Voluntary: Firm initiated","Telephone","Nebraska","V-481-2016","Class III","Western Gold 14% Horse Pellet packaged in bags, Net Weight 50 lbs (22.68 kg).  The responsible firm name on the label is Kassik Milling Co., Milligan, NE.","7 - 50 lb. bags","Product contaminated with monensin.","01/26/2016","08/12/2016","04/21/2017","08/24/2016","lot #15120125"
"Veterinary","No","","72283","Terminated","MFA Inc","201 Ray Young Dr","N/A","Columbia","MO","	65201","United States","Voluntary: Firm initiated","Telephone","KS","V-299-2016","Class III","DQ Goat Grower 15% RU-27 Medicated - A Feed for Goats, Monensin Sodium 27 g/ton, packaged as bulk in 1000 lb. plastic totes.  The responsible firm is MFA Incorporated, Columbia, MO 65201.","4 -1000 lb totes","Product contains monensin.","09/24/2015","02/05/2016","02/15/2017","02/17/2016","lot 197180"
"Veterinary","No","","73392","Terminated","Merial Limited","3239 Satellite Blvd Bldg 500","N/A","Duluth","GA","	30096-4640","United States","Voluntary: Firm initiated","Letter","AL, AZ, AR, CA, CO, CT, FL, GA, HI, IN, IA, KS, KY, LA, MD, MA, MI, MN, MO, MT, NE, NM, NY, NC, OH, OK, OR, PA, SC, SD, TN, TX, VA, WA, WI, & Puerto Rico","V-487-2016","Class II","Ivomec (Ivermectin) Injection for Cattle and Swine 1% Sterile Solution, 50 mL, Distributed by Merial Limited, Duluth, GA 30096, Product 67306; Ivomet (Ivermectin) Injection for Cattle and Swine 1% Sterile Solution, 500 mL, Distributed by Merial Limited, Duluth, GA 30096, Product 67308","40,540 bottles","Out-of-specification (OOS) assay value for the 12 month, 25C/60% RH, ongoing stability sample of Ivomec (Ivermectin 1%) Injection.","03/02/2016","08/23/2016","05/31/2017","08/31/2016","50 mL - Code BA270/14, BB270/14, BC270/14; 500 mL - Code AA246/14, AB246/14, BC246/14"
"Veterinary","No","","73444","Terminated","Purina Animal Nutrition Feed LLC","5500 N Cotner Blvd","N/A","Lincoln","NE","	68507-1083","United States","Voluntary: Firm initiated","Telephone","One customer in Nebraska received the recalled product.","V-528-2016","Class I","PURINA COMMERCIAL STARTER BASE 1200, Manufactured by Purina Animal Nutrition LLC, Shoreview, MN 55126-2910","9875 lb","Analytical testing revealed the presence of monensin in the swine starter feed. Monensin is toxic to pigs. User of the final feed reported a mortality of 100 pigs out of 2000.","03/02/2016","09/28/2016","12/12/2017","10/05/2016","12/21/15"
"Veterinary","No","","73463","Terminated","Nestle Purina PetCare Co","Checkerboard Square","Attn Christopher S Cowell","Saint Louis","MO","	63164-0001","United States","Voluntary: Firm initiated","Two or more of the following: Email, Fax, Letter, Press Release, Telephone, Visit","Product was distributed nationwide and Puerto Rico.  Product was also distributed to Ontario, Canada.  There was no military or government distribution.","V-490-2016","Class II","Beneful Prepared Meals Simmered Beef Entree' canned wet dog food packaged in 10 oz. plastic tubs with UPC 17800-10963.  Product is shipped 8 tubs per case.  Manufactured by Nestle Purina PetCare Company, St. Louis, MO 63164.","39,529 cases","Product may contain less vitamins and minerals than label purports.","03/09/2016","08/31/2016","11/29/2017","09/07/2016","5363 to 6054; Best Buy Jun 2017 to Aug 2017"
"Veterinary","No","","73503","Terminated","Phibro Animal Health Corporation","300 Frank W Burr Blvd Ste 21","N/A","Teaneck","NJ","	07666-6704","United States","Voluntary: Firm initiated","Letter","CA, MN, WI","V-489-2016","Class II","Phibro Animal Health Corporation  NeoTerramycin 100/100D Type A Medicated Article  Net Weight 50 lb (22.7 kg)  Distributed by Phibro Animal Health Corporation Teaneck NJ 07666  NDC 66104-8851-0    Packed in a 50 lb bag (22.6 kg/bag); Multi-wall bag with the following construction/configuration; 4 ply Natural Kraft and 1 ply 2.0 mil HDPE","3,900 pounds","This recall was initiated because NeoTerramycin (100/100D lot number A41770017NK tested below (88.5 g/lb) the potency specification of 89.5-115.4 g/lb at the 18 month stability interval under VICH long-term conditions.","01/13/2016","08/31/2016","02/08/2019","09/07/2016","Lot number A41770017NK Expiration Date 03/31/2016 (March 31, 2016)."
"Veterinary","No","","73534","Terminated","Fromm Family Foods, LLC","13145 Green Bay Rd","N/A","Mequon","WI","	53097-2206","United States","Voluntary: Firm initiated","Letter","US: MN, WI, WY, NY, MA, TN, WA, IL, CO, CA, RI, MI, TX, GA, AZ, NJ, OH.    OUS:  CANADA","V-519-2016","Class II","Fromm Family, 12 oz.(340 G), Grain Free,  Gold Chicken Pate,  Food For Dogs,  can 12/case code 11893, individual can upc 0 72705 11892 2.           ","11,659 cases","Fromm has discovered through its own analysis that the some varieties canned dog foods do not contain recommended levels of vitamins and minerals. These products may contain elevated levels of Vitamin D.","03/14/2016","09/20/2016","12/12/2016","09/28/2016","All Lot numbers and best before dates of the above referenced product codes"
"Veterinary","No","","73534","Terminated","Fromm Family Foods, LLC","13145 Green Bay Rd","N/A","Mequon","WI","	53097-2206","United States","Voluntary: Firm initiated","Letter","US: MN, WI, WY, NY, MA, TN, WA, IL, CO, CA, RI, MI, TX, GA, AZ, NJ, OH.    OUS:  CANADA","V-520-2016","Class II","Fromm Family, 12 oz (340 G), Grain Free, Gold Chicken & Duck Pate, Food for  Dogs,  can 12/case code 11895, individual can upc 0 72705 11894 6.         ","9,075 cases","Fromm has discovered through its own analysis that the some varieties canned dog foods do not contain recommended levels of vitamins and minerals. These products may contain elevated levels of Vitamin D.","03/14/2016","09/20/2016","12/12/2016","09/28/2016","All Lot numbers and best before dates of the above referenced product codes"
"Veterinary","No","","73534","Terminated","Fromm Family Foods, LLC","13145 Green Bay Rd","N/A","Mequon","WI","	53097-2206","United States","Voluntary: Firm initiated","Letter","US: MN, WI, WY, NY, MA, TN, WA, IL, CO, CA, RI, MI, TX, GA, AZ, NJ, OH.    OUS:  CANADA","V-521-2016","Class II","Fromm Family, 12 oz. (340 G), Grain Free, Gold Salmon & Chicken Pate, Food For Dogs,  can 12/case code 11891, individual can upc  0 72705 1189 08.       ","5,759 cases","Fromm has discovered through its own analysis that the some varieties canned dog foods do not contain recommended levels of vitamins and minerals. These products may contain elevated levels of Vitamin D.","03/14/2016","09/20/2016","12/12/2016","09/28/2016","All Lot numbers and best before dates of the above referenced product codes"
"Veterinary","No","","73556","Terminated","Battle Creek/ CHS LLC","PO Box 56","1500 E Omaha Ave","Norfolk","NE","	68701-6194","United States","Voluntary: Firm initiated","Telephone","Product was distributed to one customer in NE.","V-0011-2017","Class I","Meyer Calf Starter 18 Pellets B68 Medicated.  For all classes of calves up to 200 pounds.  Active Drug Ingredient Lasalocid (34 mg/lb) 68 g/ton.  Product is shipped in bulk.  The responsible firm name on the label is Progressive Nutrition, Norfolk, NE 68701.","12,660 lbs","Product contains elevated levels of monensin.","02/08/2016","10/21/2016","11/08/2016","11/02/2016","M899380"
"Veterinary","No","","73573","Terminated","MFA Inc","303 W Olive St","PO Box 108","Aurora","MO","	65605-0108","United States","Voluntary: Firm initiated","E-Mail","Feed was distributed through the firm's own retail stores in located in the state of Missouri.","V-536-2016","Class I","16% Rabbit Pellet, Guaranteed Analysis *** Salt (NaCl) (min) 0.3 (max) 0.8 %, Packaged in 50 lb (22.6 kg) bags or bulk by truck. Manufactured by MFA Incorporated, Columbia, Missouri 65201","2.05 tons of bulk and 80 50# bags","Excessive salt in rabbit feed","03/18/2016","09/30/2016","10/04/2018","10/12/2016","Bulk lot: 218666; Bag lot: 213802"
"Veterinary","No","","73613","Terminated","Elanco Animal","250 Innovation Way","N/A","Greenfield","IN","	46140","United States","Voluntary: Firm initiated","Letter","US only:  MN, NC, IA, FL, UT, AR, KS, IN, NE, SD, MO, CA, IL, OK, OH, GA, TX, MI","V-527-2016","Class III","Florvio 2.3% Concentrate Solution.  Florfenicol (Oral Concentrate) is a synthetic broad-spectrum antibiotic. Each milliliter (mL) of Florvio"" 2.3% Concentrate Solution contains 23 mg florfenicol. Florvio is for use in swine drinking water only.  Rx.  Florvio is packaged in a 4 liter plastic bottle containing 2.17 liters of solution. Florvio are packed 4 bottles per case. Florvio is distributed to distributors by the case.","55,169 4L bottles","analytical test results that fall outside of the Florvio  US stability specifications. This failure may directly impact the performance of the marketed  product.","03/23/2016","09/28/2016","10/14/2016","10/05/2016","Item code 613117  Lot P811 all batches   Expiration dates 1/2016 thru 5/2016"
"Veterinary","No","","73628","Terminated","Bravo Packing, Inc","59 N Golfwood Ave","N/A","Carneys Point","NJ","	08069-9710","United States","Voluntary: Firm initiated","Telephone","LA, FL, and TX","V-0012-2017","Class I","Raw frozen horsemeat ""***8 bags 5 lbs Horsemeat**KEEP FROZEN**BRAVO PACKING. INC. Carneys Point, NJ 08069 (888) Bravo40 bravopacking.com**FOR ANIMAL CONSUMPTION ONLY**DO NOT FEED TO CATTLE OR OTHER RUMINANTS***""","11,600 lbs","Horse meat may contain pentobarbital","03/16/2016","10/21/2016","01/12/2018","11/02/2016","none; distribution date from November 2015 to 1/29/16"
"Veterinary","No","","73625","Terminated","Farmers Coop Association","101 S Pine St","PO Box 38","Lindsay","NE","	68644-6132","United States","Voluntary: Firm initiated","Telephone","Nebraska.","V-531-2016","Class I","PUR STARTER 2 NO PORCINE, custom started feed manufactured from Purina's Commercial Starter Base 1200, bulk feed.","12,016.53 lbs","Feed was being refused by pigs. Testing later revealed the presence of Rumensin in the feed.","01/14/2016","09/29/2016","10/15/2018","10/05/2016","Delivery ticket numbers 201199 and 201392"
"Veterinary","No","","73654","Terminated","Smallbatch Pets, Inc.","2452 NE 51st Ave","N/A","Portland","OR","	97213-2520","United States","Voluntary: Firm initiated","Two or more of the following: Email, Fax, Letter, Press Release, Telephone, Visit","distributed in CA, CO, OR, and WA.","V-529-2016","Class I","Duckbatch Sliders are frozen raw duck patties, sold under brand Smallbatch, net wt. 3 lbs., frozen package.  UPC 713757 339001    Product labeled in part"" ""***smallbatchdog***duckbatch sliders***88% Duck 10% Vegetables 2% Supplements***This bag contains 48 1oz sliders (3 lbs)***NOT FOR HUMAN CONSUMPTION. PERISHABLE, KEEP FROZEN***""","80 cases","One lot of frozen Duckbatch Sliders for dog food is recalled due to contamination with Salmonella and Listeria monocytogenes.","03/25/2016","09/28/2016","02/27/2017","10/05/2016","Lot C027, Sell By 012717"
"Veterinary","No","","73687","Terminated","Xtra Factors","211 Pedigo Dr","N/A","Pratt","KS","	67124-3624","United States","Voluntary: Firm initiated","Two or more of the following: Email, Fax, Letter, Press Release, Telephone, Visit","Product was distributed to TX.  There was no foreign/military/government distribution.","V-523-2016","Class III","MPF Classic Dry Custom Canine Premix, Product No. 4629, packaged in bulk 2000 lb totes.  Manufactured for XF Enterprises, Inc., Hereford, TX 79045.","5 bulk totes (7975 lbs.)","Product labeled for canine use is contaminated with monensin.","03/30/2016","09/21/2016","01/04/2017","09/28/2016","P161401-07"
"Veterinary","No","","73573","Terminated","MFA Inc","303 W Olive St","PO Box 108","Aurora","MO","	65605-0108","United States","Voluntary: Firm initiated","E-Mail","Feed was distributed through the firm's own retail stores in located in the state of Missouri.","V-537-2016","Class I","16% Rabbit Shield Pellet, Guaranteed Analysis *** Salt (NaCl) (min) 0.3 (max) 0.8 %, Packaged in bulk by truck. Manufactured by MFA Incorporated, Columbia, Missouri 65201","4.15 tons of bulk","Excessive salt in rabbit feed","03/18/2016","09/30/2016","10/04/2018","10/12/2016","218665"
"Veterinary","No","","73573","Terminated","MFA Inc","303 W Olive St","PO Box 108","Aurora","MO","	65605-0108","United States","Voluntary: Firm initiated","E-Mail","Feed was distributed through the firm's own retail stores in located in the state of Missouri.","V-538-2016","Class I","17% Rabbit Pellet, Guaranteed Analysis *** Salt (NaCl) (min) 0.2 (max) 0.7 %, Packaged in 50 lb (22.6 kg) bags or bulk by truck. Manufactured by MFA Incorporated, Columbia, Missouri 65201","23.18 tons of bulk and 1,783 50# bags.","Excessive salt in rabbit feed","03/18/2016","09/30/2016","10/04/2018","10/12/2016","Bag lots: 213877, 214865, 216032, 216427, 217549; Bulk lots: 213207, 213898, 214890, 217178, and 217243;"
"Veterinary","No","","73712","Terminated","MFA Agri Services","61338 Highway 50","N/A","California","MO","	65018-3136","United States","Voluntary: Firm initiated","Telephone","Product distributed to MO.  There was no foreign/military/government distribution.","V-540-2016","Class I","Bulk grain bank-corn-10920#-Ground #4 Stock Salt.  Manufactured by MFA Agri Services, California, MO 65018.","6 tons","Product misbranded to contain salt; animal deaths confirmed due to bloat associated with the consumption of the feed.","03/10/2016","09/30/2016","05/02/2017","10/12/2016","lot #: 53246"
"Veterinary","No","","73740","Terminated","ADM Alliance Nutrition, Inc.","1000 N 30th St","P.O. Box C1","Quincy","IL","	62301-3400","United States","Voluntary: Firm initiated","Telephone","Domestic only: IN    No Foreign or VA/DOD","V-532-2016","Class I","Tyson Swine N5 Meal AS; Swine Starter Feed; Bulk product, listed as pounds, 48,500# loaded on trailer","48,500 lbs","ADM Animal Nutrition, Inc. is voluntarily recalling 48,500 pounds of Tyson Swine N5 medicated animal feed, Product G3039AWO10, due to excessive levels of magnesium; which could result in magnesium toxicity causing symptoms of increased water intake, severe, painful scours, and cardiac arrest leading to death in swine.","03/11/2016","09/30/2016","11/09/2016","10/12/2016","Product #G3039AWO10; Lot #BF06816"
"Veterinary","No","","73764","Terminated","Veterinary Pharmacy Corporation","2008 North Sunrise Drive","N/A","Saint Peter","MN","	56082-2044","United States","Voluntary: Firm initiated","Telephone","OH","V-517-2016","Class II","RX 214-650; Iron  20% ( 200 mg /ml), Pharmacosmos Lot # P926, Vet Rx Lot # V20030716, Beyond Use Date: 03/17 Made by JBE, Volume 1000 ml bag","#20  1000ml bags","Vet Rx Pharmacy is recalling RX 215-650, 200 mg/ml Iron 1000ml bag because product failed the sterilty test for compounding/compounded veterinary products.","03/22/2016","09/20/2016","12/15/2016","09/28/2016","Vet Rx Lot # V20030716, Product Code 4001500"
"Veterinary","No","","73768","Terminated","Sparhawk Laboratories Inc","12340 Santa Fe Trail Dr","N/A","Lenexa","KS","	66215-3587","United States","Voluntary: Firm initiated","Telephone","Product was distributed to wholesalers in KS, MO, and OH.  There was no foreign/military/government distribution.","V-0028-2017","Class II","GentaVed Topical Spray.  For Animal Use Only. ANADA 200-416. Each mL contains: gentamicin sulfate, USP equivalent to 0.57 mg gentamicin base, betamethasone valerate, USP equivalent to 0.284 mg betamethasone.  12-60 mL bottles/carton, Sparhawk Laboratories, Inc., Lenexa, KS 66215-3591.","9,250 cartons","Betamethasone Valerate in recalled product found below specification at the 18 month stability time point.","04/07/2016","11/23/2016","03/31/2017","11/30/2016","Lot 140566, expiration date 10/2016"
"Veterinary","No","","73769","Terminated","Sparhawk Laboratories Inc","12340 Santa Fe Trail Dr","N/A","Lenexa","KS","	66215-3587","United States","Voluntary: Firm initiated","Telephone","Product was distributed to KS, MO, and OH.  There was no military/government/foreign distribution.","V-0015-2017","Class III","Phenylbutazone 20% Injection 200 mg/ ml - 100 ml glass vials packed in cartons of 12 (ANADA 200-371) manufactured by Sparhawk Laboratories, Inc. Lenexa, KS 66215.  Distributed under the following brands:  (1) Sparhawk Laboratories Inc. Lenexa, KS 66215; (2) Vet One NDC 13985-825-04, Distributed by MWI, Boise, ID 83705; (3) Henry Schein Animal Health, Dublin, OH 43017; (4) Phoenix NDC 57319-508-05 - Clipper Distributing Company LLC, St. Joseph, MO 64507; (5)  Aspen Veterinary Resources, Ltd., Liberty, MO 64068; and (6) Vedco, Inc. NDC 60989-425-12, St. Joseph, MO 64507.","14,553 cartons","The product pH was found to be out of specification at the 6-month stability time point.","04/06/2016","11/15/2016","04/03/2017","11/23/2016","lot 150906, exp. date 8/24/2017"
"Veterinary","No","","73834","Terminated","Arkray Factory USA, Inc.","5182 W 76th St","N/A","Minneapolis","MN","	55439-2900","United States","Voluntary: Firm initiated","Letter","USA: All states in USA including PR except AK, HI, WV, DE & RI.","V-0041-2017","Class II","Arkay, SPOTCHEM"" II Glucose, For Veterinary in Vitro Diagnostic Use, 25 strips.","2390 boxes total for all products","Arkray Factory is recalling Spotchem ll Glucose and Spotchem ll EZ Check Health Check Vet Multistrip [Panel-V] because the test strips are incorrectly reporting low blood glucose at levels above 265/dL..","02/10/2016","12/19/2016","01/20/2017","12/28/2016","EA5A79  EA5F85  EA5G86"
"Veterinary","No","","73834","Terminated","Arkray Factory USA, Inc.","5182 W 76th St","N/A","Minneapolis","MN","	55439-2900","United States","Voluntary: Firm initiated","Letter","USA: All states in USA including PR except AK, HI, WV, DE & RI.","V-0042-2017","Class II","Arkay, SPOTCHEM"" II EZ Health Check Vet Multistrip [Panel-V], For Veterinary in Vitro Diagnostic Use, 25 strips.","2390 boxes total for all products","Arkray Factory is recalling Spotchem ll Glucose and Spotchem ll EZ Check Health Check Vet Multistrip [Panel-V] because the test strips are incorrectly reporting low blood glucose at levels above 265/dL..","02/10/2016","12/19/2016","01/20/2017","12/28/2016","PL4L91  PL4M92  PL5A93  PL5B94  PL5C96  PL5E98  PL5G01  PL5H02"
"Veterinary","No","","74060","Terminated","Manna Pro Corp","707 Spirit 40 Park Dr Ste 150","N/A","Chesterfield","MO","	63005-1137","United States","Voluntary: Firm initiated","Telephone","Shipped to distribution centers in California and subsequently to retail stores in CA, HI, NV, and OR.","V-0013-2017","Class I","MannaPro Chick Starter Medicated, Amprolium 113.5 g/ton, UPC 0 95668 10555 6, packaged in 25 lb woven plastic bags.  Manufactured by MannaPro Products LLC. St. Louis, MO","292 25# bags","Product contains excessive levels of salt.","04/08/2016","10/21/2016","12/12/2017","11/02/2016","MADE 11/23/15 WP-2"
"Veterinary","No","","74081","Terminated","Tucker Milling LLC","85 Signal Point Dr","N/A","Guntersville","AL","	35976-8031","United States","Voluntary: Firm initiated","Letter","AL, FL, GA, TN, MS","V-522-2016","Class II","ALL STOCK TASTY 10%, A TEXTURED SWEET FEED FOR CATTLE AND HORSES, NET WT. 50 LBS (22.68 KG), MANUFACTURED BY TUCKER MILLING, LLC","1,135.7 tons","The firm received a small number of reports of  choking in horses.","04/25/2016","09/21/2016","10/30/2016","09/28/2016","serial numbers:  131833, 131838, 131894, 131844, 131968, 131946, 132004, 132082, 132103, 132143, 132139, 132189, 132230, 132236, 132243, 132278, 132283, 132323, 132311, 132366, 132285, 132428, 132497, 132456, 132533, 132549, 132517, 132601, 132510, 132592, 132709, 132728, 132714"
"Veterinary","No","","74127","Terminated","Elanco Animal","250 Innovation Way","N/A","Greenfield","IN","	46140","United States","Voluntary: Firm initiated","Letter","CA, ID, MN, NY, PA, SD, TX, WI.  No international.","V-0016-2017","Class II","Posilac¿: Sometribove Zinc Suspension    Description  Sterile, prolonged-release injectable formulation of a recombinant DNA derived  bovine somatotropin analog in single-dose syringes each containing  500 mg of sometribove zinc suspension.    Pre-Filled Sterile Syringe  500 mg / dose  2mI Pre-filled sterile syringe packaged in 100 count cartons  OTC","114,500","Syringes appear to be more brittle than the previous syringes, which may result in cracks in the barrel of the syringe.  A cracked syringe barrel has the potential to impact the sterility of the product. Considering the indications of the product, it is assessed that the involved batch of the product has the potential to pose a microbial risk in the target animals. If there is a contamination, possible injection site abscess may result. If the infection spreads from local site, fever or upper respiratory or gastro intestinal infections could occur.","03/31/2016","11/18/2016","06/05/2017","11/30/2016","Batch C554686  expiration date of Oct 2019"
"Veterinary","No","","73463","Terminated","Nestle Purina PetCare Co","Checkerboard Square","Attn Christopher S Cowell","Saint Louis","MO","	63164-0001","United States","Voluntary: Firm initiated","Two or more of the following: Email, Fax, Letter, Press Release, Telephone, Visit","Product was distributed nationwide and Puerto Rico.  Product was also distributed to Ontario, Canada.  There was no military or government distribution.","V-491-2016","Class II","Beneful Prepared Meals Simmered Chicken Medley canned wet dog food packaged in 10 oz. plastic tubs with US UPC 17800-10964 and Canada UPC 55800-10549.  Product is shipped 8 tubs per case.  Manufactured by Nestle Purina PetCare Company, St. Louis, MO 63164.","67,850 cases","Product may contain less vitamins and minerals than label purports.","03/09/2016","08/31/2016","11/29/2017","09/07/2016","5363 to 6054; Best Buy Jun 2017 to Aug 2017"
"Veterinary","No","","73463","Terminated","Nestle Purina PetCare Co","Checkerboard Square","Attn Christopher S Cowell","Saint Louis","MO","	63164-0001","United States","Voluntary: Firm initiated","Two or more of the following: Email, Fax, Letter, Press Release, Telephone, Visit","Product was distributed nationwide and Puerto Rico.  Product was also distributed to Ontario, Canada.  There was no military or government distribution.","V-492-2016","Class II","Beneful Prepared Meals Chicken Stew canned wet dog food packaged in 10 oz. plastic tubs with US UPC 17800-12861 and Canada UPC 55800-11564.  Product is shipped 8 tubs per case.  Manufactured by Nestle Purina PetCare Company, St. Louis, MO 63164.","61,497 cases","Product may contain less vitamins and minerals than label purports.","03/09/2016","08/31/2016","11/29/2017","09/07/2016","5363 to 6054; Best Buy Jun 2017 to Aug 2017"
"Veterinary","No","","73463","Terminated","Nestle Purina PetCare Co","Checkerboard Square","Attn Christopher S Cowell","Saint Louis","MO","	63164-0001","United States","Voluntary: Firm initiated","Two or more of the following: Email, Fax, Letter, Press Release, Telephone, Visit","Product was distributed nationwide and Puerto Rico.  Product was also distributed to Ontario, Canada.  There was no military or government distribution.","V-493-2016","Class II","Beneful Prepared Meals Beef Stew canned wet dog food packaged in 10 oz. plastic tubs with US UPC 17800-10965.  Product is shipped 8 tubs per case.  Manufactured by Nestle Purina PetCare Company, St. Louis, MO 63164.","120,868 cases","Product may contain less vitamins and minerals than label purports.","03/09/2016","08/31/2016","11/29/2017","09/07/2016","5363 to 6054; Best Buy Jun 2017 to Aug 2017"
"Veterinary","No","","73463","Terminated","Nestle Purina PetCare Co","Checkerboard Square","Attn Christopher S Cowell","Saint Louis","MO","	63164-0001","United States","Voluntary: Firm initiated","Two or more of the following: Email, Fax, Letter, Press Release, Telephone, Visit","Product was distributed nationwide and Puerto Rico.  Product was also distributed to Ontario, Canada.  There was no military or government distribution.","V-494-2016","Class II","Beneful Prepared Meals Roasted Chicken Recipe canned wet dog food packaged in 10 oz. plastic tubs with US UPC 17800-10764 and Canada UPC 55800 10554.  Product is shipped 8 tubs per case.  Manufactured by Nestle Purina PetCare Company, St. Louis, MO 63164.","45,779 cases","Product may contain less vitamins and minerals than label purports.","03/09/2016","08/31/2016","11/29/2017","09/07/2016","5363 to 6054; Best Buy Jun 2017 to Aug 2017"
"Veterinary","No","","73463","Terminated","Nestle Purina PetCare Co","Checkerboard Square","Attn Christopher S Cowell","Saint Louis","MO","	63164-0001","United States","Voluntary: Firm initiated","Two or more of the following: Email, Fax, Letter, Press Release, Telephone, Visit","Product was distributed nationwide and Puerto Rico.  Product was also distributed to Ontario, Canada.  There was no military or government distribution.","V-495-2016","Class II","Beneful Prepared Meals Beef and Chicken Recipe canned wet dog food packaged in 10 oz. plastic tubs with US UPC 17800-12859.  Product is shipped 8 tubs per case.  Manufactured by Nestle Purina PetCare Company, St. Louis, MO 63164.","43,583 cases","Product may contain less vitamins and minerals than label purports.","03/09/2016","08/31/2016","11/29/2017","09/07/2016","5363 to 6054; Best Buy Jun 2017 to Aug 2017"
"Veterinary","No","","73463","Terminated","Nestle Purina PetCare Co","Checkerboard Square","Attn Christopher S Cowell","Saint Louis","MO","	63164-0001","United States","Voluntary: Firm initiated","Two or more of the following: Email, Fax, Letter, Press Release, Telephone, Visit","Product was distributed nationwide and Puerto Rico.  Product was also distributed to Ontario, Canada.  There was no military or government distribution.","V-496-2016","Class II","Beneful Prepared Meals Roasted Turkey Medley canned wet dog food packaged in 10 oz. plastic tubs with US UPC 17800-10968 and Canada UPC 55800-11562.  Product is shipped 8 tubs per case.  Manufactured by Nestle Purina PetCare Company, St. Louis, MO 63164.","231,885 cases","Product may contain less vitamins and minerals than label purports.","03/09/2016","08/31/2016","11/29/2017","09/07/2016","5363 to 6054; Best Buy Jun 2017 to Aug 2017"
"Veterinary","No","","73463","Terminated","Nestle Purina PetCare Co","Checkerboard Square","Attn Christopher S Cowell","Saint Louis","MO","	63164-0001","United States","Voluntary: Firm initiated","Two or more of the following: Email, Fax, Letter, Press Release, Telephone, Visit","Product was distributed nationwide and Puerto Rico.  Product was also distributed to Ontario, Canada.  There was no military or government distribution.","V-497-2016","Class II","Beneful Chopped Blends Beef canned wet dog food packaged in 10 oz. plastic tubs with US UPC 17800-15494.  Product is shipped 8 tubs per case.  Manufactured by Nestle Purina PetCare Company, St. Louis, MO 63164.","51,454 cases","Product may contain less vitamins and minerals than label purports.","03/09/2016","08/31/2016","11/29/2017","09/07/2016","5363 to 6054; Best Buy Jun 2017 to Aug 2017"
"Veterinary","No","","73463","Terminated","Nestle Purina PetCare Co","Checkerboard Square","Attn Christopher S Cowell","Saint Louis","MO","	63164-0001","United States","Voluntary: Firm initiated","Two or more of the following: Email, Fax, Letter, Press Release, Telephone, Visit","Product was distributed nationwide and Puerto Rico.  Product was also distributed to Ontario, Canada.  There was no military or government distribution.","V-498-2016","Class II","Beneful Chopped Blends Chicken canned wet dog food packaged in 10 oz. plastic tubs with US UPC 17800-15496 and Canada UPC 55800-21254.  Product is shipped 8 tubs per case.  Manufactured by Nestle Purina PetCare Company, St. Louis, MO 63164.","59,797 cases","Product may contain less vitamins and minerals than label purports.","03/09/2016","08/31/2016","11/29/2017","09/07/2016","5363 to 6054; Best Buy Jun 2017 to Aug 2017"
"Veterinary","No","","74155","Terminated","Virbac AH, Inc","3200 Meacham Blvd","N/A","Fort Worth","TX","	76137-4611","United States","Voluntary: Firm initiated","Telephone","Product was distributed to CA, FL, MI, MO, MN, OR, PA, and WI.  There was no foreign/military/government distribution.","V-0007-2017","Class II","easOtic (hydrocortisone aceponate 1.11 mg / miconazole nitrate 15.1 mg / gentamicin sulfate 1.5 mg/ml) suspension for dogs packaged in 10 mL size canister, 1 canister per carton, Net Contents 10 mL, NDC 51311-360-10. NADA 141-330. The responsible firm name on the label is Virbac Animal Health, Fort Worth, TX 76137.","53,196 canisters","Out of specification result for gentamicin sulfate at 18-month stability time-point.","05/12/2016","10/11/2016","12/04/2017","10/19/2016","Lot: 140729; Exp. Date 30Jun2016"
"Veterinary","No","","73463","Terminated","Nestle Purina PetCare Co","Checkerboard Square","Attn Christopher S Cowell","Saint Louis","MO","	63164-0001","United States","Voluntary: Firm initiated","Two or more of the following: Email, Fax, Letter, Press Release, Telephone, Visit","Product was distributed nationwide and Puerto Rico.  Product was also distributed to Ontario, Canada.  There was no military or government distribution.","V-499-2016","Class II","Beneful Chopped Blends Lamb canned wet dog food packaged in 10 oz. plastic tubs with US UPC 17800-15498 and Canada UPC 55800-21238.  Product is shipped 8 tubs per case.  Manufactured by Nestle Purina PetCare Company, St. Louis, MO 63164.","39,984 cases","Product may contain less vitamins and minerals than label purports.","03/09/2016","08/31/2016","11/29/2017","09/07/2016","5363 to 6054; Best Buy Jun 2017 to Aug 2017"
"Veterinary","No","","73463","Terminated","Nestle Purina PetCare Co","Checkerboard Square","Attn Christopher S Cowell","Saint Louis","MO","	63164-0001","United States","Voluntary: Firm initiated","Two or more of the following: Email, Fax, Letter, Press Release, Telephone, Visit","Product was distributed nationwide and Puerto Rico.  Product was also distributed to Ontario, Canada.  There was no military or government distribution.","V-500-2016","Class II","Beneful Chopped Blends Chicken and Liver canned wet dog food packaged in 10 oz. plastic tubs with US UPC 17800-16960.  Product is shipped 8 tubs per case.  Manufactured by Nestle Purina PetCare Company, St. Louis, MO 63164.","30,385 cases","Product may contain less vitamins and minerals than label purports.","03/09/2016","08/31/2016","11/29/2017","09/07/2016","5363 to 6054; Best Buy Jun 2017 to Aug 2017"
"Veterinary","No","","73463","Terminated","Nestle Purina PetCare Co","Checkerboard Square","Attn Christopher S Cowell","Saint Louis","MO","	63164-0001","United States","Voluntary: Firm initiated","Two or more of the following: Email, Fax, Letter, Press Release, Telephone, Visit","Product was distributed nationwide and Puerto Rico.  Product was also distributed to Ontario, Canada.  There was no military or government distribution.","V-501-2016","Class II","Beneful Chopped Blends Salmon canned wet dog food packaged in 10 oz. plastic tubs with US UPC 17800-16962.  Product is shipped 8 tubs per case.  Manufactured by Nestle Purina PetCare Company, St. Louis, MO 63164.","9,805 cases","Product may contain less vitamins and minerals than label purports.","03/09/2016","08/31/2016","11/29/2017","09/07/2016","5363 to 6054; Best Buy Jun 2017 to Aug 2017"
"Veterinary","No","","73463","Terminated","Nestle Purina PetCare Co","Checkerboard Square","Attn Christopher S Cowell","Saint Louis","MO","	63164-0001","United States","Voluntary: Firm initiated","Two or more of the following: Email, Fax, Letter, Press Release, Telephone, Visit","Product was distributed nationwide and Puerto Rico.  Product was also distributed to Ontario, Canada.  There was no military or government distribution.","V-502-2016","Class II","Beneful Chopped Blends Turkey canned wet dog food packaged in 10 oz. plastic tubs with US UPC 17800-16966.  Product is shipped 8 tubs per case.  Manufactured by Nestle Purina PetCare Company, St. Louis, MO 63164.","15,781 cases","Product may contain less vitamins and minerals than label purports.","03/09/2016","08/31/2016","11/29/2017","09/07/2016","5363 to 6054; Best Buy Jun 2017 to Aug 2017"
"Veterinary","No","","73463","Terminated","Nestle Purina PetCare Co","Checkerboard Square","Attn Christopher S Cowell","Saint Louis","MO","	63164-0001","United States","Voluntary: Firm initiated","Two or more of the following: Email, Fax, Letter, Press Release, Telephone, Visit","Product was distributed nationwide and Puerto Rico.  Product was also distributed to Ontario, Canada.  There was no military or government distribution.","V-503-2016","Class II","Beneful Prepared Meals Savory Rice and Lamb Stew canned wet dog food packaged in 10 oz. plastic tubs with US UPC 17800-10967 and Canada UPC 55800 10556.  Product is shipped 8 tubs per case.  Manufactured by Nestle Purina PetCare Company, St. Louis, MO 63164.","71,045 cases","Product may contain less vitamins and minerals than label purports.","03/09/2016","08/31/2016","11/29/2017","09/07/2016","5363 to 6054; Best Buy Jun 2017 to Aug 2017"
"Veterinary","No","","73463","Terminated","Nestle Purina PetCare Co","Checkerboard Square","Attn Christopher S Cowell","Saint Louis","MO","	63164-0001","United States","Voluntary: Firm initiated","Two or more of the following: Email, Fax, Letter, Press Release, Telephone, Visit","Product was distributed nationwide and Puerto Rico.  Product was also distributed to Ontario, Canada.  There was no military or government distribution.","V-504-2016","Class II","Beneful Prepared Meals Beef Stew canned wet dog food packaged in 10 oz. plastic tubs with Canada UPC 55800 11651.  Product is shipped 8 tubs per case.  Manufactured by Nestle Purina PetCare Company, St. Louis, MO 63164.","924 cases","Product may contain less vitamins and minerals than label purports.","03/09/2016","08/31/2016","11/29/2017","09/07/2016","5363 to 6054; Best Buy Jun 2017 to Aug 2017"
"Veterinary","No","","73463","Terminated","Nestle Purina PetCare Co","Checkerboard Square","Attn Christopher S Cowell","Saint Louis","MO","	63164-0001","United States","Voluntary: Firm initiated","Two or more of the following: Email, Fax, Letter, Press Release, Telephone, Visit","Product was distributed nationwide and Puerto Rico.  Product was also distributed to Ontario, Canada.  There was no military or government distribution.","V-505-2016","Class II","Beneful Prepared Meals Simmered Beef canned wet dog food packaged in 10 oz. plastic tubs with Canada UPC 55800 11649.  Product is shipped 8 tubs per case.  Manufactured by Nestle Purina PetCare Company, St. Louis, MO 63164.","8546 cases","Product may contain less vitamins and minerals than label purports.","03/09/2016","08/31/2016","11/29/2017","09/07/2016","5363 to 6054; Best Buy Jun 2017 to Aug 2017"
"Veterinary","No","","73463","Terminated","Nestle Purina PetCare Co","Checkerboard Square","Attn Christopher S Cowell","Saint Louis","MO","	63164-0001","United States","Voluntary: Firm initiated","Two or more of the following: Email, Fax, Letter, Press Release, Telephone, Visit","Product was distributed nationwide and Puerto Rico.  Product was also distributed to Ontario, Canada.  There was no military or government distribution.","V-506-2016","Class II","Beneful Prepared Meals 12-count variety pack containing wet dog food packaged in 10 oz. plastic tubs:  4 tubs savory rice and lamb stew, 4 tubs chicken stew, and 4 tubs beef stew with UPC 17800 - 16814.  Product is shipped in cases of 12 packs.  Manufactured by Nestle Purina PetCare Company, St. Louis, MO 63164.","13,104 cases","Product may contain less vitamins and minerals than label purports.","03/09/2016","08/31/2016","11/29/2017","09/07/2016","5363 to 6054; Best Buy Jun 2017 to Aug 2017"
"Veterinary","No","","73463","Terminated","Nestle Purina PetCare Co","Checkerboard Square","Attn Christopher S Cowell","Saint Louis","MO","	63164-0001","United States","Voluntary: Firm initiated","Two or more of the following: Email, Fax, Letter, Press Release, Telephone, Visit","Product was distributed nationwide and Puerto Rico.  Product was also distributed to Ontario, Canada.  There was no military or government distribution.","V-507-2016","Class II","Beneful Prepared Meals 6-count variety pack containing wet dog food packaged in 10 oz. plastic tubs:  2 tubs savory rice and lamb stew, 2 tubs chicken stew, and 2 tubs beef stew with UPC 17800 - 15030.  Product is shipped in cases of 6 packs.  Manufactured by Nestle Purina PetCare Company, St. Louis, MO 63164.","26130 cases","Product may contain less vitamins and minerals than label purports.","03/09/2016","08/31/2016","11/29/2017","09/07/2016","5363 to 6054; Best Buy Jun 2017 to Aug 2017"
"Veterinary","No","","73463","Terminated","Nestle Purina PetCare Co","Checkerboard Square","Attn Christopher S Cowell","Saint Louis","MO","	63164-0001","United States","Voluntary: Firm initiated","Two or more of the following: Email, Fax, Letter, Press Release, Telephone, Visit","Product was distributed nationwide and Puerto Rico.  Product was also distributed to Ontario, Canada.  There was no military or government distribution.","V-508-2016","Class II","Beneful Chopped Blends 6-count variety pack containing wet dog food packaged in 10 oz. plastic tubs:  2 tubs lamb, 2 tubs chicken, and 2 tubs beef  with UPC 17800 - 16627.  Product is shipped in cases of 6 packs.  Manufactured by Nestle Purina PetCare Company, St. Louis, MO 63164.","1480 cases","Product may contain less vitamins and minerals than label purports.","03/09/2016","08/31/2016","11/29/2017","09/07/2016","5363 to 6054; Best Buy Jun 2017 to Aug 2017"
"Veterinary","No","","73463","Terminated","Nestle Purina PetCare Co","Checkerboard Square","Attn Christopher S Cowell","Saint Louis","MO","	63164-0001","United States","Voluntary: Firm initiated","Two or more of the following: Email, Fax, Letter, Press Release, Telephone, Visit","Product was distributed nationwide and Puerto Rico.  Product was also distributed to Ontario, Canada.  There was no military or government distribution.","V-509-2016","Class II","Pro Plan Savory Meals braised chicken canned wet dog food packaged in 10 oz. plastic tubs with UPC 38100-16148.  Product is shipped 8 tubs per case.  Manufactured by Nestle Purina PetCare Company, St. Louis, MO 63164.","902 cases","Product may contain less vitamins and minerals than label purports.","03/09/2016","08/31/2016","11/29/2017","09/07/2016","5363 to 6054; Best Buy Jun 2017 to Aug 2017"
"Veterinary","No","","73463","Terminated","Nestle Purina PetCare Co","Checkerboard Square","Attn Christopher S Cowell","Saint Louis","MO","	63164-0001","United States","Voluntary: Firm initiated","Two or more of the following: Email, Fax, Letter, Press Release, Telephone, Visit","Product was distributed nationwide and Puerto Rico.  Product was also distributed to Ontario, Canada.  There was no military or government distribution.","V-510-2016","Class II","Pro Plan Savory Meals braised pork canned wet dog food packaged in 10 oz. plastic tubs with UPC 38100-16151.  Product is shipped 8 tubs per case.  Manufactured by Nestle Purina PetCare Company, St. Louis, MO 63164.","832 cases","Product may contain less vitamins and minerals than label purports.","03/09/2016","08/31/2016","11/29/2017","09/07/2016","5363 to 6054; Best Buy Jun 2017 to Aug 2017"
"Veterinary","No","","73463","Terminated","Nestle Purina PetCare Co","Checkerboard Square","Attn Christopher S Cowell","Saint Louis","MO","	63164-0001","United States","Voluntary: Firm initiated","Two or more of the following: Email, Fax, Letter, Press Release, Telephone, Visit","Product was distributed nationwide and Puerto Rico.  Product was also distributed to Ontario, Canada.  There was no military or government distribution.","V-511-2016","Class II","Pro Plan Savory Meals braised turkey canned wet dog food packaged in 10 oz. plastic tubs with UPC 38100-16147.  Product is shipped 8 tubs per case.  Manufactured by Nestle Purina PetCare Company, St. Louis, MO 63164.","2989 cases","Product may contain less vitamins and minerals than label purports.","03/09/2016","08/31/2016","11/29/2017","09/07/2016","5363 to 6054; Best Buy Jun 2017 to Aug 2017"
"Veterinary","No","","73463","Terminated","Nestle Purina PetCare Co","Checkerboard Square","Attn Christopher S Cowell","Saint Louis","MO","	63164-0001","United States","Voluntary: Firm initiated","Two or more of the following: Email, Fax, Letter, Press Release, Telephone, Visit","Product was distributed nationwide and Puerto Rico.  Product was also distributed to Ontario, Canada.  There was no military or government distribution.","V-512-2016","Class II","Pro Plan Savory Meals grilled salmon canned wet dog food packaged in 10 oz. plastic tubs with UPC 38100-16155.  Product is shipped 8 tubs per case.  Manufactured by Nestle Purina PetCare Company, St. Louis, MO 63164.","1536 cases","Product may contain less vitamins and minerals than label purports.","03/09/2016","08/31/2016","11/29/2017","09/07/2016","5363 to 6054; Best Buy Jun 2017 to Aug 2017"
"Veterinary","No","","73463","Terminated","Nestle Purina PetCare Co","Checkerboard Square","Attn Christopher S Cowell","Saint Louis","MO","	63164-0001","United States","Voluntary: Firm initiated","Two or more of the following: Email, Fax, Letter, Press Release, Telephone, Visit","Product was distributed nationwide and Puerto Rico.  Product was also distributed to Ontario, Canada.  There was no military or government distribution.","V-513-2016","Class II","Pro Plan Savory Meals braised beef canned wet dog food packaged in 10 oz. plastic tubs with UPC 38100-16143.  Product is shipped 8 tubs per case.  Manufactured by Nestle Purina PetCare Company, St. Louis, MO 63164.","640 cases","Product may contain less vitamins and minerals than label purports.","03/09/2016","08/31/2016","11/29/2017","09/07/2016","5363 to 6054; Best Buy Jun 2017 to Aug 2017"
"Veterinary","No","","74256","Terminated","Blue Buffalo Company","11 River Rd","N/A","Wilton","CT","	06897-6010","United States","Voluntary: Firm initiated","Two or more of the following: Email, Fax, Letter, Press Release, Telephone, Visit","Nationwide  Canada","V-518-2016","Class II","Blue Buffalo Life Protection Formula Fish & Sweet Potato Recipe for Dogs, 30 lb bag.    UPC Code: 859610000326      ","N/A","Product is contaminated with mold","05/26/2016","09/20/2016","02/13/2017","09/28/2016","Best by Date April 11, 2017 AH  2A 12:08   14:00"
"Veterinary","No","","74254","Terminated","Well Care Compounding Pharmacy","3430 E Tropicana Ave Ste 9","N/A","Las Vegas","NV","	89121-7345","United States","Voluntary: Firm initiated","Press Release","NV only","V-0001-2017","Class II","APOMORPHINE HCL (VET) 3MG/ML INJECTABLE  Sterile Glass Vials - 5ML  Refrigerated  Well Care Compounding Pharmacy  Las Vegas, NV","N/A","Firm is performing a recall on all unexpired sterile compounded products due to concerns of lack of sterility assurance for compounding/compounded veterinary products.","05/17/2016","10/04/2016","01/13/2017","10/12/2016","Lot Code/ Expiry Date  01282016:87@46 05/01/2016;  04012016:92@26 07/02/2016;"
"Veterinary","No","","74254","Terminated","Well Care Compounding Pharmacy","3430 E Tropicana Ave Ste 9","N/A","Las Vegas","NV","	89121-7345","United States","Voluntary: Firm initiated","Press Release","NV only","V-0002-2017","Class II","CYCLOSPORINE (A) (VET) 1% OIL OPTH Soln  15 mL  Sterile Droptainer  Room Temp  Well Care Compounding Pharmacy  Las Vegas, NV","N/A","Firm is performing a recall on all unexpired sterile compounded products due to concerns of lack of sterility assurance for compounding/compounded veterinary products.","05/17/2016","10/04/2016","01/13/2017","10/12/2016","Lot Code/ Expiry Date  02042016:52@15 05/04/2016;   02082016:44@20 05/08/2016;   02222016:67@18 05/22/2016;   02242016:53@45 05/24/2016;   04122016:56@48 07/11/2016;   04282016:66@27 07/27/2016"
"Veterinary","No","","74254","Terminated","Well Care Compounding Pharmacy","3430 E Tropicana Ave Ste 9","N/A","Las Vegas","NV","	89121-7345","United States","Voluntary: Firm initiated","Press Release","NV only","V-0003-2017","Class II","CYCLOSPORINE (A) (VET) 2% OIL OPTH SOLUTION (15mL)  Room Temp  Well Care Compounding Pharmacy  Las Vegas, NV","N/A","Firm is performing a recall on all unexpired sterile compounded products due to concerns of lack of sterility assurance for compounding/compounded veterinary products.","05/17/2016","10/04/2016","01/13/2017","10/12/2016","Lot Code/ Expiry Date  12242015:73@5 07/27/2016;   01292016:20@4 07/27/2016;   01292016:20@4 07/27/2016"
"Veterinary","No","","74254","Terminated","Well Care Compounding Pharmacy","3430 E Tropicana Ave Ste 9","N/A","Las Vegas","NV","	89121-7345","United States","Voluntary: Firm initiated","Press Release","NV only","V-0004-2017","Class II","CYCLOSPORINE (PF) l% OPTH SUSP (15 mL)   Sterile Droptainer  Room Temp  Well Care Compounding Pharmacy  Las Vegas, NV","N/A","Firm is performing a recall on all unexpired sterile compounded products due to concerns of lack of sterility assurance for compounding/compounded veterinary products.","05/17/2016","10/04/2016","01/13/2017","10/12/2016","Lot Code/ Expiry Date   01222016:24@42   02/05/2016;    01262016:51@7     02/09/2016;    01272016:66@40   02/10/2016;    02052016:45@1     02/19/2016;    02152016:78@49   02/29/2016;    04272016:37@17   05/16/2016"
"Veterinary","No","","74254","Terminated","Well Care Compounding Pharmacy","3430 E Tropicana Ave Ste 9","N/A","Las Vegas","NV","	89121-7345","United States","Voluntary: Firm initiated","Press Release","NV only","V-0005-2017","Class II","TACROLIMUS OPTH (AQ) 0.02 SOLUTION  Sterile Dropper  Refrigerated  Well Care Compounding Pharmacy  Las Vegas, NV","N/A","Firm is performing a recall on all unexpired sterile compounded products due to concerns of lack of sterility assurance for compounding/compounded veterinary products.","05/17/2016","10/04/2016","01/13/2017","10/12/2016","Lot Code/ Expiry Date  01042016:13@5    04/03/2016;   01182016:39@34  04/17/2016;   01262016 :62@48 04/26/2016;   01272016:71@3    04/26/2016;   02232016:42@35  05/23/2016;   03012016: 13@5   04/03/2016;   03072016: 16@43  06/05/2016;   03152016:20@68   06/13/2016;   03242016:92@3     06/22/2016;   04072016:17@9    07/06/2016"
"Veterinary","No","","74414","Terminated","Phibro Animal Health Corporation","300 Frank W Burr Blvd Ste 21","N/A","Teaneck","NJ","	07666-6704","United States","Voluntary: Firm initiated","Letter","CA and MN","V-0006-2017","Class II","Neo-Terramycin 100/100D (neomycin-oxytetracycline), Type A Medicated Article Antibiotic, Net Weight 50 lb (22.7 kg), packaged in a Multi-wall bag, Phibro Animal Health Corporation, NDC #66104-8851-0","49 bags (A40870006NK) and 55 bags (A40900007)","Out of Specification for Neo Terramycin 100/100 D Type A Medicated Article.","05/26/2016","10/07/2016","01/04/2018","10/19/2016","Lot numbers A40870006NK and A40900007NK"
"Veterinary","No","","74518","Terminated","Radagast Pet Food, Inc.","3617 SE 17th Ave","N/A","Portland","OR","	97202-3831","United States","Voluntary: Firm initiated","Two or more of the following: Email, Fax, Letter, Press Release, Telephone, Visit","distributed nationwide except HI and MS and in Canada","V-533-2016","Class I","Frozen Rad Cat Raw Diet Grass-Fed Beef, 8 oz, UPC 851536001241.  Frozen Rad Cat Raw Diet Grass-Fed Beef, 16oz, UPC 851536001258.   Frozen Rad Cat Raw Diet Grass-Fed Beef, 24oz, UPC 851536001265.   Frozen Rad Cat Raw Diet Grass-Fed Beef, 1oz samples.","7739 containers total and 3600/1 oz. sample cups","Frozen Rad Cat Raw Diet Grass-Fed Beef product is recalled due to the potential to be contaminated with Salmonella and/or Listeria monocytogenes.","06/22/2016","09/30/2016","12/01/2016","10/12/2016","Lot  62361, best by date 1/8/2017  Lot  62384, best by date  2/6/2017"
"Veterinary","No","","74518","Terminated","Radagast Pet Food, Inc.","3617 SE 17th Ave","N/A","Portland","OR","	97202-3831","United States","Voluntary: Firm initiated","Two or more of the following: Email, Fax, Letter, Press Release, Telephone, Visit","distributed nationwide except HI and MS and in Canada","V-534-2016","Class I","Frozen Rad Cat Raw Diet Free-Range Chicken, 8 oz, UPC 851536001036.  Frozen Rad Cat Raw Diet Free-Range Chicken, 16oz, UPC 851536001043.   Frozen Rad Cat Raw Diet Free-Range Chicken, 24oz, UPC 851536001050.   Frozen Rad Cat Raw Diet Free-Range Chicken, 1oz samples.","2833 containers total and 540/1 oz. sample cups","Frozen Rad Cat Raw Diet Free-Range Chicken product is recalled due to the potential to be contaminated with Salmonella and/or Listeria monocytogenes.","06/22/2016","09/30/2016","12/01/2016","10/12/2016","Lot code 62416, Best By Date: 03/14/2017"
"Veterinary","No","","74518","Terminated","Radagast Pet Food, Inc.","3617 SE 17th Ave","N/A","Portland","OR","	97202-3831","United States","Voluntary: Firm initiated","Two or more of the following: Email, Fax, Letter, Press Release, Telephone, Visit","distributed nationwide except HI and MS and in Canada","V-535-2016","Class I","Frozen Rad Cat Raw Diet Free-Range Turkey,  8 oz, UPC 851536001005.  Frozen Rad Cat Raw Diet Free-Range Turkey, 16oz, UPC 851536001012.   Frozen Rad Cat Raw Diet Free-Range Turkey, 24oz, UPC 851536001029.   ","3989 containers total.","Frozen Rad Cat Raw Diet Free-Range Turkey product is recalled due to the potential to be contaminated with Salmonella and/or Listeria monocytogenes.","06/22/2016","09/30/2016","12/01/2016","10/12/2016","Lot Code 62372, Best By Date: 01/21/2017"
"Veterinary","No","","74536","Terminated","Land O Lakes Purina LLC","1080 County Road F W","N/A","Shoreview","MN","	55126-2910","United States","Voluntary: Firm initiated","Two or more of the following: Email, Fax, Letter, Press Release, Telephone, Visit","OH, PA","V-539-2016","Class I","Product is in a White and Green 50lb. paper bag, PURINA LAMB GROWER B30 MEDICATED Type C Medicated Feed COMPLETE FEED FOR GROWER SHEEP. 30.00 g/ton Lasalocid. Manufactured by Purina Animal Nutrition LLC.","508   50 lb. bags","Elevated levels of copper","06/24/2016","09/30/2016","05/31/2017","10/12/2016","Lot Number: 6May06WCH2  Item No. 1850500-206  Product Code:  L329"
"Veterinary","No","","74592","Terminated","The Metrix Company","4400 Chavenelle Rd","N/A","Dubuque","IA","	52002-2655","United States","Voluntary: Firm initiated","Letter","Distributed throughout the US, Canada, and New Zealand.","V-0017-2017","Class II","Metrix Bleeding Bag 15 G Needle, Part # 2000, non-sterile, not for human use, packed in 200 units per case. The responsible firm name on the label is The Metrix Company, Dubuque, IA 52002.","2145 units","The hub of the needle on affected products may contain aluminum flakes.","07/07/2016","11/22/2016","10/16/2017","11/30/2016","Lot 2000-28212"
"Veterinary","No","","74708","Terminated","Northwest Farm Food Cooperative","1370 S Anacortes St","N/A","Burlington","WA","	98233-3038","United States","Voluntary: Firm initiated","Telephone","distributed on OR and WA","V-0043-2017","Class I","raw frozen ground spent hen. Product is sold in 50 lbs block.","45,000 lbs","raw frozen ground spent hen is recalled due to a potential contamination with Clostridium botulinum.","07/12/2016","12/21/2016","12/21/2016","12/28/2016","Lot numbers 02-24-16-c and 03-04-16-c"
"Veterinary","No","","74708","Terminated","Northwest Farm Food Cooperative","1370 S Anacortes St","N/A","Burlington","WA","	98233-3038","United States","Voluntary: Firm initiated","Telephone","distributed on OR and WA","V-0044-2017","Class I","Raw frozen mixed feed containing ground spent hen. Product is sold in 50 lbs. block or 1000# totes","1450 lbs.","Mixed feed containing ground spent hen are recalled due to a potential contamination with Clostridium botulinum.","07/12/2016","12/21/2016","12/21/2016","12/28/2016","Lot numbers 02-24-16-c and 03-04-16-c"
"Veterinary","No","","74810","Terminated","MFA Inc","201 Ray Young Dr","N/A","Columbia","MO","	65201","United States","Voluntary: Firm initiated","Visit","Product was distributed to one customer in Holden, MO.","V-488-2016","Class II","This is a custom horse feed, packaged in 50 pound bags, Net Weight 50 Lb (22.6 kg).  Most responsible firm listed on the label is West Central AgriServices Chilhowee, Missouri 64733.","21 - 50 pound bags","Product is misbranded and contains monensin and sulfamethazine which caused two horse deaths.","07/23/2016","08/29/2016","01/24/2018","09/07/2016","Lot number 10899"
"Veterinary","No","","74844","Terminated","Consumers Supply Distributing Co","5101 Harbor Dr","N/A","Sioux City","IA","	51102","United States","Voluntary: Firm initiated","Telephone","Product was distributed to customers is NE, WI, MO, MN, IL, MT, IN, IA, and KY.","V-516-2016","Class II","Fish meal, A Protein Source for Livestock Feeds, Stabilized with Ethoxyquin, Net Weight 50 LBS. Consumers Supply, North Sioux City, SD packaged in poly-woven bags","996 50lb bags = 49,800lbs","Fish meal is potentially contaminated with Salmonella","08/01/2016","09/16/2016","01/09/2018","09/28/2016","Lot 15318, exp N/A"
"Veterinary","No","","74926","Terminated","Phibro Animal Health Corporation","300 Frank W Burr Blvd Ste 21","N/A","Teaneck","NJ","	07666-6704","United States","Voluntary: Firm initiated","Letter","nationwide","V-0037-2017","Class II","Stafac 20 Type A Medicated Article   20 g/Ib equivalent to 44 g/KG  NDC 66104-1220      Phibro Animal Health Corporation  Teaneck, NJ     Packed in a 50 Ib/bag (22.6 kg/bag) Multi-wall bag, with the following  construction/configuration: 4 ply Natural Kraft and 1 ply of HDPE 2.0 or 0.5miL.","400 bags/units","Stafac 20 lot numbers N32704049VW and N32764167VW tested below the potency specification of 17.0-23.0 g/lb at the 18 month stability interval under VICH long-term condition.","04/22/2015","12/14/2016","04/04/2019","12/21/2016","N32704049VW; N32764167VW     April 30, 2015"
"Veterinary","No","","74592","Terminated","The Metrix Company","4400 Chavenelle Rd","N/A","Dubuque","IA","	52002-2655","United States","Voluntary: Firm initiated","Letter","Distributed throughout the US, Canada, and New Zealand.","V-0018-2017","Class II","Metrix Bleeding Bag, Part # 2150, non-sterile, not for human use, packed in 200 units per case. The responsible firm name on the label is The Metrix Company, Dubuque, IA 52002.","83120 units","The hub of the needle on affected products may contain aluminum flakes.","07/07/2016","11/22/2016","10/16/2017","11/30/2016","Lot numbers: 2150-27894, 2150-27971, 2150-28085, 2150-28086, 2150-28200, 2150-28201, 2150-28206B, 2150-28206, 2150-28207, 2150-28208, and 2150-28209  (Lots 2150-28202 and 2150-28460 were not distributed and remain in quarantine at firm's facility)"
"Veterinary","No","","74592","Terminated","The Metrix Company","4400 Chavenelle Rd","N/A","Dubuque","IA","	52002-2655","United States","Voluntary: Firm initiated","Letter","Distributed throughout the US, Canada, and New Zealand.","V-0019-2017","Class II","Metrix Bleeding Bag 15G Needle, Part # 2210, non-sterile, not for human use, packed in 200 units per case. The responsible firm name on the label is The Metrix Company, Dubuque, IA 52002.","2085 units","The hub of the needle on affected products may contain aluminum flakes.","07/07/2016","11/22/2016","10/16/2017","11/30/2016","Lot numbers: 2210-28019"
"Veterinary","No","","74592","Terminated","The Metrix Company","4400 Chavenelle Rd","N/A","Dubuque","IA","	52002-2655","United States","Voluntary: Firm initiated","Letter","Distributed throughout the US, Canada, and New Zealand.","V-0020-2017","Class II","Metrix 1L Defibro Bag, Part # 2560, non-sterile, not for human use, packed in 60 units per case. The responsible firm name on the label is The Metrix Company, Dubuque, IA 52002.","2400 units","The hub of the needle on affected products may contain aluminum flakes.","07/07/2016","11/22/2016","10/16/2017","11/30/2016","Lot numbers: 2560-27720"
"Veterinary","No","","74592","Terminated","The Metrix Company","4400 Chavenelle Rd","N/A","Dubuque","IA","	52002-2655","United States","Voluntary: Firm initiated","Letter","Distributed throughout the US, Canada, and New Zealand.","V-0021-2017","Class II","Metrix Donor Set W/15 Gauge Needle, Part # 3080, non-sterile, not for human use, packed in 25 per polybag, 400 units per case. The responsible firm name on the label is The Metrix Company, Dubuque, IA 52002.","4800 units","The hub of the needle on affected products may contain aluminum flakes.","07/07/2016","11/22/2016","10/16/2017","11/30/2016","Lot numbers: 3080-27804, 3080-27805, 3080-27984, and 30801-27985 (Lot 3080-28292 was scrapped by the firm)"
"Veterinary","No","","74592","Terminated","The Metrix Company","4400 Chavenelle Rd","N/A","Dubuque","IA","	52002-2655","United States","Voluntary: Firm initiated","Letter","Distributed throughout the US, Canada, and New Zealand.","V-0022-2017","Class II","Metrix Donor Goat Set, Part # 3120, non-sterile, not for human use, packed in 25 per polybag, 200 units per case. The responsible firm name on the label is The Metrix Company, Dubuque, IA 52002.","10000 units","The hub of the needle on affected products may contain aluminum flakes.","07/07/2016","11/22/2016","10/16/2017","11/30/2016","Lot numbers: 3120-27940 (Lot 3120-28392 was scrapped by the firm)"
"Veterinary","No","","74592","Terminated","The Metrix Company","4400 Chavenelle Rd","N/A","Dubuque","IA","	52002-2655","United States","Voluntary: Firm initiated","Letter","Distributed throughout the US, Canada, and New Zealand.","V-0023-2017","Class II","Metrix Bleeding Bag 12G Inner Seal, Part # 4630, non-sterile, not for human use, packed in 150 units per case. The responsible firm name on the label is The Metrix Company, Dubuque, IA 52002.","10186 units","The hub of the needle on affected products may contain aluminum flakes.","07/07/2016","11/22/2016","10/16/2017","11/30/2016","Lot numbers: 4630-27915 and 4630-28166"
"Veterinary","No","","74592","Terminated","The Metrix Company","4400 Chavenelle Rd","N/A","Dubuque","IA","	52002-2655","United States","Voluntary: Firm initiated","Letter","Distributed throughout the US, Canada, and New Zealand.","V-0024-2017","Class II","Metrix 1L Defibro Bag, Part # 4770, non-sterile, not for human use, packed in 60 units per case. The responsible firm name on the label is The Metrix Company, Dubuque, IA 52002.","8400 units","The hub of the needle on affected products may contain aluminum flakes.","07/07/2016","11/22/2016","10/16/2017","11/30/2016","Lot numbers: 4770-A1719   (Lots 4770-A1720, 4770-A1721, and 4770-A1722 are quarantined at the firm)"
"Veterinary","No","","74592","Terminated","The Metrix Company","4400 Chavenelle Rd","N/A","Dubuque","IA","	52002-2655","United States","Voluntary: Firm initiated","Letter","Distributed throughout the US, Canada, and New Zealand.","V-0025-2017","Class II","Metrix 12Gauge Donor Set, Part # 5350, non-sterile, not for human use, packed in 25 per polybag, 200 units per case. The responsible firm name on the label is The Metrix Company, Dubuque, IA 52002.","5000 units","The hub of the needle on affected products may contain aluminum flakes.","07/07/2016","11/22/2016","10/16/2017","11/30/2016","Lot numbers: 5350-28017, 5350-28018, and 5350-28101  (Lot 5350-28399 is quarantined at the firm)"
"Veterinary","No","","74592","Terminated","The Metrix Company","4400 Chavenelle Rd","N/A","Dubuque","IA","	52002-2655","United States","Voluntary: Firm initiated","Letter","Distributed throughout the US, Canada, and New Zealand.","V-0026-2017","Class II","Metrix 600ML Blood Donor Bag, Part # 7070, non-sterile, not for human use, packed individually in polybags, 125 units per case. The responsible firm name on the label is The Metrix Company, Dubuque, IA 52002.","500 units","The hub of the needle on affected products may contain aluminum flakes.","07/07/2016","11/22/2016","10/16/2017","11/30/2016","Lot numbers: 7070-27871"
"Veterinary","No","","74592","Terminated","The Metrix Company","4400 Chavenelle Rd","N/A","Dubuque","IA","	52002-2655","United States","Voluntary: Firm initiated","Letter","Distributed throughout the US, Canada, and New Zealand.","V-0027-2017","Class II","Metrix 2L Blood Donor Bag with Needle, Part # 7310, non-sterile, not for human use, packed individually in polybags, 100 units per case. The responsible firm name on the label is The Metrix Company, Dubuque, IA 52002.","500 units","The hub of the needle on affected products may contain aluminum flakes.","07/07/2016","11/22/2016","10/16/2017","11/30/2016","Lot numbers: 7310-27972"
"Veterinary","No","","74947","Terminated","Dechra Veterinary Products Inc","7015 College Blvd Ste 525","N/A","Overland Park","KS","	66211-1551","United States","Voluntary: Firm initiated","Two or more of the following: Email, Fax, Letter, Press Release, Telephone, Visit","Recalled product was distributed to 3 customers in MO and 1 customer in PA.","V-524-2016","Class III","Felimazole (methimazole) Coated Tablets, 5mg, packaged in 100 tablets per bottle, 144 bottles packed per case, most responsible firm on the label is: Distributed by: Dechra Veterinary Products, 7015 College Blvd, Ste 525, Overland Park, KS 66211.","3648 bottles","Batch of Felimazole 5mg tablets analyzed for Assay test at 3 months was found to be subpotent.","08/14/2016","09/27/2016","04/21/2017","10/05/2016","Lot GC60497, Exp Jan 2019"
"Veterinary","No","","75007","Terminated","The Scoular Grain Company","250 Marquette Ave Ste 1050","N/A","Minneapolis","MN","	55401-1877","United States","Voluntary: Firm initiated","Telephone","WI","V-0029-2017","Class II","IPC 600 - Fish Meal, Net Wgt. 50 lb(22.68kg).  Manufacturer Origin:  Gateway Co-Packing, 901 Kingshighway, Washington Park, IL  62204","800 lbs","Customer tested Fish Meal upon receipt and found it positive for Salmonella","07/19/2016","11/28/2016","03/09/2017","12/07/2016","Lot #:  19489"
"Veterinary","No","","75035","Terminated","Bayer Health Care LLC","12707 Shawnee Mission Pkwy","N/A","Shawnee","KS","	66216-1846","United States","Voluntary: Firm initiated","Letter","Distributed nationwide","V-0008-2017","Class II","Florfenicol Mometasone Furoate Terbinafine HCl Otic Solution Claro (15mg/mL Florfenicol, 2.0mg/mL Mometasone Furoate, and 13.3mg/mL Terbinafine HCl), packaged in a tube with foil seal which is in a blister package, most responsible firm name on the label is: Bayer Healthcare LLC, Animal Health Division, Shawnee Mission, Kansas 66201 USA.","8931-10pack units of lot 2218300, 3980-10pack units of lot 2287300","Multiple complaints for leaking tubes within the blister packing.","08/29/2016","10/14/2016","10/11/2018","10/26/2016","Lot 2218300, exp 3/2018  Lot 2287300, exp 3.2018"
"Veterinary","No","","75070","Terminated","PM Resources, Inc. dba Virbac Animal Health, Inc.","13001 Saint Charles Rock Rd","N/A","Bridgeton","MO","	63044-2421","United States","Voluntary: Firm initiated","Letter","CA, FL, GA, IA, IN, MN, MO, OR, PA, TN, TX, WI and Puerto Rico","V-0038-2017","Class III","RILEXINE (cephalexin) Chewable Tablets 150 mg, 100 Tablets, NDC 051311-026-10, NADA # 141-326, Virbac ANIMAL HEALTH label, Rx only --- Mfd. for Virbac AH, Inc. Fort Worth, TX 76137.","US: 28,968 bottles","Labeling Defects: missing label, double label, missing lot/expiration, partial or illegible lot/expiration date. The same lots may contain bottles with possible foil seal defects (loose or incompletely sealed to the bottle).","08/31/2016","12/19/2016","08/15/2017","12/28/2016","Lot C5484P11, exp. 02/18; Lot C5486P11, exp. 04/18;   Lot C5496P11, exp. 05/18"
"Veterinary","No","","75070","Terminated","PM Resources, Inc. dba Virbac Animal Health, Inc.","13001 Saint Charles Rock Rd","N/A","Bridgeton","MO","	63044-2421","United States","Voluntary: Firm initiated","Letter","CA, FL, GA, IA, IN, MN, MO, OR, PA, TN, TX, WI and Puerto Rico","V-0039-2017","Class III","RILEXINE (cephalexin) Chewable Tablets 300 mg, 100 Tablets, NDC 051311-036-10, NADA # 141326, Virbac ANIMAL HEALTH label, Rx only --- Mfd. for: Virbac AH, Inc. Fort Worth, TX 76137","US: 19,776 bottles","Labeling Defects: missing label, double label, missing lot/expiration, partial or illegible lot/expiration date.  The same lots may contain bottles with possible foil seal defects (loose or incompletely sealed to the bottle).","08/31/2016","12/19/2016","08/15/2017","12/28/2016","Lot C5473P31, exp. 02/18; Lot C5485P31, exp. 02/18;   Lot C5487P31, exp. 03/18; Lot C5497P31, exp. 05/18"
"Veterinary","No","","75070","Terminated","PM Resources, Inc. dba Virbac Animal Health, Inc.","13001 Saint Charles Rock Rd","N/A","Bridgeton","MO","	63044-2421","United States","Voluntary: Firm initiated","Letter","CA, FL, GA, IA, IN, MN, MO, OR, PA, TN, TX, WI and Puerto Rico","V-0040-2017","Class III","RILEXINE (cephalexin) Chewable Tablets 600 mg, 100 tablets, NDC 051311-046-10, NADA # 141-326, Virbac ANIMAL HEALTH label, Rx only --- Mfd. for: Virbac AH, Inc. Fort Worth, TX 76137","US: 44,737 bottles","Labeling Defects: missing label, double label, missing lot/expiration, partial or illegible lot/expiration date.  The same lots may contain bottles with possible foil seal defects (loose or incompletely sealed to the bottle).","08/31/2016","12/19/2016","08/15/2017","12/28/2016","Lot C5477P61, exp. 11/17; Lot C5478P61, exp. 11/17;   Lot C5479P61, exp. 12/17; Lot C5480P61, exp. 01/18;   Lot C5481P61, exp. 01/18; Lot C5482P61, exp. 01/18;  Lot C5483P61, exp. 01/18; Lot C5488P61, exp. 02/18;   Lot C5489P61, exp. 03/18; Lot C5490P61, exp. 03/18;   Lot C5491P61, exp. 03/18; Lot C5492P61, exp. 03/18;  Lot C5493P61, exp. 04/18; Lot C5495P61, exp. 04/18;    Lot C5501P61, exp. 05/18; Lot C5502P61, exp. 06/18;  Lot C5506P61, exp. 07/18"
"Veterinary","No","","75075","Terminated","Vetix Inc.","961 Beasley St Ste 270","N/A","Lexington","KY","	40509-4120","United States","Voluntary: Firm initiated","Letter","US nationwide.  The product was distributed to the followin states: CA, CO, FL, ID, IN, KY, LA, MA, MI, MN, MO, NE, NJ, NM, OH, PA, SC, TN, and TX.  The product was also distributed in Puerto Rico.","V-0045-2017","Class I","Hy-Optic Eye Irrigating Solution, Sodium Hyaluronate packaged in 14.78 mL bottles, NDC # 51031-011-15","6246 bottles","The products were found to contain microbial contamination.","08/31/2016","12/21/2016","02/26/2019","12/28/2016","10092015"
"Veterinary","No","","75075","Terminated","Vetix Inc.","961 Beasley St Ste 270","N/A","Lexington","KY","	40509-4120","United States","Voluntary: Firm initiated","Letter","US nationwide.  The product was distributed to the followin states: CA, CO, FL, ID, IN, KY, LA, MA, MI, MN, MO, NE, NJ, NM, OH, PA, SC, TN, and TX.  The product was also distributed in Puerto Rico.","V-0046-2017","Class I","OptiVet Eye Irrigating Solution with Sodium Hyaluronate, 0.1% per 14.78 mL bottle for animal use only, NDC # 51031-011-15","2041 bottles","The products were found to contain microbial contamination.","08/31/2016","12/21/2016","02/26/2019","12/28/2016","12032015"
"Veterinary","No","","75075","Terminated","Vetix Inc.","961 Beasley St Ste 270","N/A","Lexington","KY","	40509-4120","United States","Voluntary: Firm initiated","Letter","US nationwide.  The product was distributed to the followin states: CA, CO, FL, ID, IN, KY, LA, MA, MI, MN, MO, NE, NJ, NM, OH, PA, SC, TN, and TX.  The product was also distributed in Puerto Rico.","V-0047-2017","Class I","Optimend 0.2% Sodium Hyaluronate Gel Drops for Corneal Repair, packaged in 10 mL bottle gel drops for animal use only, NDC # 51031-013-10","3990 bottles","The products were found to contain microbial contamination.","08/31/2016","12/21/2016","02/26/2019","12/28/2016","01122015"
"Veterinary","No","","75116","Terminated","Addiction Foods Llc","8228 S 192nd St","N/A","Kent","WA","	98032-1195","United States","Voluntary: Firm initiated","Two or more of the following: Email, Fax, Letter, Press Release, Telephone, Visit","distributed in CA, FL, NC, PA, WA and in Canada","V-525-2016","Class II","New Zealand Venison & Apples Entr¿e, canned dog food, Addiction brand, net wt. 13.8 oz/390 g, UPC Code 8 885004 070462","347 cases of Venison & Apples Entree and 8 cases of Brushtail & Vegetables Entree","New Zealand Venison & Apple Canned Dog Food are recalled due to  elevated levels of Vitamin A and slight variance in calcium and phosphorous ratios.","08/30/2016","09/28/2016","11/08/2016","10/05/2016","Lot Number: 8936:01Dec2018  Expiration date: December 2018"
"Veterinary","No","","75116","Terminated","Addiction Foods Llc","8228 S 192nd St","N/A","Kent","WA","	98032-1195","United States","Voluntary: Firm initiated","Two or more of the following: Email, Fax, Letter, Press Release, Telephone, Visit","distributed in CA, FL, NC, PA, WA and in Canada","V-526-2016","Class II","New Zealand Brushtail & Vegetables Entr¿e, Canned Dog Food, net wt. 13.8 oz/390 g, UPC 8 885004 070028  ","will be provided","New Zealand Brushtail & Vegetables Entr¿e, Canned Dog Food, are recalled due to  elevated levels of Vitamin A and slight variance in calcium and phosphorous ratios.","08/30/2016","09/28/2016","11/08/2016","10/05/2016","Lot Number:  8940:02 Dec2018  Expiration date: December 2018"
"Veterinary","No","","75284","Terminated","Wedgewood Village Pharmacy, Inc.","405 Heron Dr Ste 200","N/A","Swedesboro","NJ","	08085-1749","United States","Voluntary: Firm initiated","Two or more of the following: Email, Fax, Letter, Press Release, Telephone, Visit","Nationwide","V-0014-2017","Class II","Wedgewood  Pharmacy Cyclosporine 0.2%  in Corn Oil Ophthalmic Solution 15 ml Drop-Tainers, white LPDE sterile     ","62 Units","Cyclosproine in Corn Oil 0.2% opthalmic solution is being recalled since one sterility sample did not meet specifications for compounding/compounded veterinary products.","09/02/2016","10/31/2016","10/01/2019","11/09/2016","Lot # 000-00731315 Beyond Use Date 02/12/2017 CYCLOS-OPH057VC"
"Veterinary","No","","75293","Terminated","Western Milling, LLC","31120 West Street","N/A","Goshen","CA","	93227","United States","Voluntary: Firm initiated","Visit","CA only.","V-0048-2017","Class I","Rumensin 1200GM Loose 50#;  50 pound poly woven bags.  Product code: 11005    Type B Medicated Feed. Important - must be mixed thoroughly into feed before use. This medicated feed is designed to be fed to dairy cattle.    Active ingredient: Monensin (as monensin Sodium) 1200 g/ton","926 bags","Preliminary findings indicate that mixing procedures were not correctly followed leading to the possibility that lot 6222 might not be completely uniform","09/16/2016","12/21/2016","04/17/2017","12/28/2016","Lot code 6222"
"Veterinary","No","","75402","Terminated","Mars Petcare USA","315 Cool Springs Blvd","N/A","Franklin","TN","	37067-1632","United States","Voluntary: Firm initiated","Letter","US nationwide.  The products were shipped to three government facilities. The products were distributed to the following states: AL, AR, AZ, CA, CO, CT, DE, FL, GA, IA, IL, IN, KS, KY, LA, MD, MI, MN, MO, MS, NC, NH, NJ, NV, NY, OH, OK, OR, PA SC, TN, TX, UT, VA, VT, and WI.","V-0049-2017","Class I","CESAR Classics Filet Mignon Flavor, 100 g (3.5 oz) in plastic trays, 24 or 30 trays/case","54,255 cases","There is a potential presence of white plastic in the finished product.","10/07/2016","12/21/2016","02/12/2019","12/28/2016","631FKKC, 631GKKC, 632D14JC, 633B24JC, 634A14JC, 634A24JC, 634B14JC, 634B24JC, 634E14JC, 635A24JC, 635B14JC, 636D24JC, and 636E14JC;    Best Before Dates 08/04/18 and 08/05/18.   Best Before: 08/04/2016 and 08/05/2016"
"Veterinary","No","","75410","Terminated","Norbrook Inc","9733 Loiret Blvd","N/A","Lenexa","KS","	66219-2409","United States","Voluntary: Firm initiated","N/A","Product was distributed to FL, IA, KS, KY, LA, MO, MN, ND, NE, OK, and Puerto Rico.","V-0030-2017","Class II","Hexasol Injection (oxytetracycline and flunixin meglumine) 300 mg oxytetracycline and 20 mg flunixin per mL; NADA 141-312; packaged in a 250 mL (NDC 55529-016-04) and 500 mL (NDC 55529-016-05)  vials; packed in boxes of 6 vials.  The responsible name on the label is Norbrook Laboratories Limited, Northern Ireland.","8907 vials","Crystallization; crystals observed suspended in the injectable solution.","10/10/2016","12/02/2016","11/02/2017","12/14/2016","Lot numbers: 5281-94A (250 ml) and 5281-95A (500 ml)  Expiration date:  July 2017"
"Veterinary","No","","75457","Terminated","Arrow Reliance Inc","350 Treck Dr","N/A","Tukwila","WA","	98188-7604","United States","Voluntary: Firm initiated","E-Mail","internet sale","V-0050-2017","Class I","Darwin's Natural Selections brand, frozen, raw Turkey  with Organic Vegetable Meals for Dogs, 2 lbs. packages","1192 packages","Several meals for dogs are recalled due to contamination with Listeria monocytogenes","10/17/2016","12/21/2016","07/24/2017","12/28/2016","Lot # 3142070, manufacturing date: 7/20/16."
"Veterinary","No","","75457","Terminated","Arrow Reliance Inc","350 Treck Dr","N/A","Tukwila","WA","	98188-7604","United States","Voluntary: Firm initiated","E-Mail","internet sale","V-0051-2017","Class I","Darwin's Natural Selections brand, frozen, raw Beef with Organic Vegetables Meals for Dogs, 2 lbs. packages","2391 packages","Several meals for dogs are recalled due to contamination with Listeria monocytogenes","10/17/2016","12/21/2016","07/24/2017","12/28/2016","Lot # 3146070, manufacturing date: 7/21/16."
"Veterinary","No","","75457","Terminated","Arrow Reliance Inc","350 Treck Dr","N/A","Tukwila","WA","	98188-7604","United States","Voluntary: Firm initiated","E-Mail","internet sale","V-0052-2017","Class I","ZooLogics brand, frozen, raw Turkey with Vegetable Meals for Dogs, 2 lbs. packages.","1337 units","Several meals for dogs are recalled due to contamination with Listeria monocytogenes","10/17/2016","12/21/2016","07/24/2017","12/28/2016","Lot # 3155070; manufacturing date 7/25/16."
"Veterinary","No","","75539","Terminated","Montana Compounding Pharmacy P.C.","111 N Higgins Ave","N/A","Missoula","MT","	59802-4437","United States","Voluntary: Firm initiated","Two or more of the following: Email, Fax, Letter, Press Release, Telephone, Visit","distributed in MT only","V-0031-2017","Class II","Cisapride Aqueous, 5mg/mL, suspension, RX #163848, RX #164496; RX 164045, RX 164302;","150 mL","Veterinary compounded prescription drugs made with ""Triple Fish"" Solution lot #08192016:21@4 were recalled due to FDA's concern over the quality of the water used for compounding/compounded veterinary products.","10/24/2016","12/02/2016","12/20/2016","12/14/2016","expiration dates: 10/22/16; 11/3/16; 11/4/16; 11/10/16; and 11/16/16."
"Veterinary","No","","75539","Terminated","Montana Compounding Pharmacy P.C.","111 N Higgins Ave","N/A","Missoula","MT","	59802-4437","United States","Voluntary: Firm initiated","Two or more of the following: Email, Fax, Letter, Press Release, Telephone, Visit","distributed in MT only","V-0032-2017","Class II","Cisapride Aqueous, 10mg/mL, suspension, RX # 163741, RX #163662, and RX #164342","160 mL","Veterinary compounded prescription drugs made with ""Triple Fish"" Solution lot #08192016:21@4 were recalled due to FDA's concern over the quality of the water used for compounding/compounded veterinary products.","10/24/2016","12/02/2016","12/20/2016","12/14/2016","expiration dates: 10/26/16; 11/13/16; 11/4/16; and 11/9/16"
"Veterinary","No","","75539","Terminated","Montana Compounding Pharmacy P.C.","111 N Higgins Ave","N/A","Missoula","MT","	59802-4437","United States","Voluntary: Firm initiated","Two or more of the following: Email, Fax, Letter, Press Release, Telephone, Visit","distributed in MT only","V-0033-2017","Class II","Methimazole Aqueous, 10mg/mL, suspension, RX # 163887 and RX #163700","60 mL","Veterinary compounded prescription drugs made with ""Triple Fish"" Solution lot #08192016:21@4 were recalled due to FDA's concern over the quality of the water used for compounding/compounded veterinary products.","10/24/2016","12/02/2016","12/20/2016","12/14/2016","expiration dates: 10/24/16 and 11/7/16"
"Veterinary","No","","75539","Terminated","Montana Compounding Pharmacy P.C.","111 N Higgins Ave","N/A","Missoula","MT","	59802-4437","United States","Voluntary: Firm initiated","Two or more of the following: Email, Fax, Letter, Press Release, Telephone, Visit","distributed in MT only","V-0034-2017","Class II","Methimazole Aqueous, 5mg/mL, suspension, RX # 162647","90 mL","Veterinary compounded prescription drugs made with ""Triple Fish"" Solution lot #08192016:21@4 were recalled due to FDA's concern over the quality of the water used for compounding/compounded veterinary products.","10/24/2016","12/02/2016","12/20/2016","12/14/2016","expiration dates: 10/26/16"
"Veterinary","No","","75539","Terminated","Montana Compounding Pharmacy P.C.","111 N Higgins Ave","N/A","Missoula","MT","	59802-4437","United States","Voluntary: Firm initiated","Two or more of the following: Email, Fax, Letter, Press Release, Telephone, Visit","distributed in MT only","V-0035-2017","Class II","Prednisolone, 20mg/mL, suspension, RX # 164219","15 mL","Veterinary compounded prescription drugs made with ""Triple Fish"" Solution lot #08192016:21@4 were recalled due to FDA's concern over the quality of the water used for compounding/compounded veterinary products.","10/24/2016","12/02/2016","12/20/2016","12/14/2016","expiration dates: 12/5/16"
"Veterinary","No","","75732","Terminated","ZOETIS SERVICES LLC","10 Sylvan Way","N/A","Parsippany","NJ","	07054-3825","United States","Voluntary: Firm initiated","Letter","Nationwide and Guam.","V-0036-2017","Class II","Veterinary IV sets.  PRIMARY PIGGYBACK IV SET, 106 INCH A.  PRIMARY PIGGYBACK IV SET, 80 INCH A.  PRIMARY IV SET, 78 INCH - VENTED A.  PRIMARY IV SET, 78 INCH A.  PRIMARY IV SET, 70 INCH, 60 DROPS/ML A.  PRIMARY IV SET, 103 INCH B.  PRIMARY IV SET, 105 INCH B.  PRIMARY PIGGYBACK IV SET, 106 INCH B.  PRIMARY PIGGYBACK IV SET, 100 INCH B.  PRIMARY IV SET, 78 INCH - VENTED B.  PRIMARY IV SET, 78 INCH B.  PRIMARY IV SET, 70 INCH, 60 DROPS/ML B.    Individually plastic wrapped and sterilized 50 units per case.","992,227 units","Cracks and leaking at the Y-site","11/17/2016","12/09/2016","12/01/2017","12/21/2016","lot numbers:  95264KY  96213KY  96215KY  96287KY  97196KY  97199KY  97200KY  97388KY  97389KY  97390KY  97391KY  98215KY  98216KY  99196KY  99197KY  99395KY      Exp dates 2020-10 to 2021-02"
"Veterinary","No","","75897","Terminated","Huvepharma, Inc","1301 Iowa Ave","N/A","Longmont","CO","	80501-6354","United States","Voluntary: Firm initiated","Two or more of the following: Email, Fax, Letter, Press Release, Telephone, Visit","Nationwide to AL, AR, CA, IL, LA, TX, KY, IN. No Canadian, other foreign, VA/govt/military consignees.","V-0053-2017","Class II","durvet.  NDC: 30798-279-27,  Duramycin-10. TETRACYCLINE HYDROCHLORIDE SOLUBLE POWDER. Antibiotic. Each pound contains 25 g of tetracycline hydrochloride activity. This packet contains 10 g of tetracycline hydrochloride activity. FOR ANIMAL USE ONLY. Store below 77¿F (25¿C). Net WT. 6.4 oz (181g)","14,876 bags","Huvepharma, Inc announces a voluntary field action for Duramycin   10 (tetracycline hydrochloride) due to failed 48 month stability.","12/08/2016","12/27/2016","03/31/2017","01/04/2017","Lot # TSH20002"





