Product Type,Recently Updated Record,Last Modified Date,Event ID,Status,Recalling Firm,Address1,Address2,City,State/Province,Postal Code,Country,Voluntary/Mandated,Initial Firm Notification of Consignee or Public,Distribution Pattern,Recall Number,Classification,Product Description,Product Quantity,Reason for Recall,Recall Initiation Date,Center Classification Date,Termination Date,Report Date,Code Info
Veterinary,No,,70669,Terminated,"Health Innovations Pharmacy, Inc",295 Pinehurst Ave Bldg 2,N/A,Southern Pines,NC,	28387-7051,United States,Voluntary: Firm initiated,Telephone,NC,V-001-2016,Class II,Atenolol 6.25 mg/0.1 mL Vet Gel,N/A,The products were produced under conditions that create a high potential for contamination for compounding/compounded veterinary products.,02/12/2015,10/09/2015,07/20/2017,10/21/2015,All lots
Veterinary,No,,70669,Terminated,"Health Innovations Pharmacy, Inc",295 Pinehurst Ave Bldg 2,N/A,Southern Pines,NC,	28387-7051,United States,Voluntary: Firm initiated,Telephone,NC,V-002-2016,Class II,"Protamine Zinc for insulin (PZI), 100 units/1mL Vet Insulin",N/A,The products were produced under conditions that create a high potential for contamination for compounding/compounded veterinary products.,02/12/2015,10/09/2015,07/20/2017,10/21/2015,All lots
Veterinary,No,,70669,Terminated,"Health Innovations Pharmacy, Inc",295 Pinehurst Ave Bldg 2,N/A,Southern Pines,NC,	28387-7051,United States,Voluntary: Firm initiated,Telephone,NC,V-003-2016,Class II,"Diazepam, 5mg/1ml Vet Injection",N/A,The products were produced under conditions that create a high potential for contamination for compounding/compounded veterinary products.,02/12/2015,10/09/2015,07/20/2017,10/21/2015,All lots
Veterinary,No,,70669,Terminated,"Health Innovations Pharmacy, Inc",295 Pinehurst Ave Bldg 2,N/A,Southern Pines,NC,	28387-7051,United States,Voluntary: Firm initiated,Telephone,NC,V-004-2016,Class II,"Medroxyprogesterone, 100mg/1ml Vet Injection",N/A,The products were produced under conditions that create a high potential for contamination for compounding/compounded veterinary products.,02/12/2015,10/09/2015,07/20/2017,10/21/2015,All lots
Veterinary,No,,70669,Terminated,"Health Innovations Pharmacy, Inc",295 Pinehurst Ave Bldg 2,N/A,Southern Pines,NC,	28387-7051,United States,Voluntary: Firm initiated,Telephone,NC,V-005-2016,Class II,Baytril (enrofloxacin) 0.68 mg/1mL Vet Suspension,N/A,The products were produced under conditions that create a high potential for contamination for compounding/compounded veterinary products.,02/12/2015,10/09/2015,07/20/2017,10/21/2015,All lots
Veterinary,No,,70669,Terminated,"Health Innovations Pharmacy, Inc",295 Pinehurst Ave Bldg 2,N/A,Southern Pines,NC,	28387-7051,United States,Voluntary: Firm initiated,Telephone,NC,V-006-2016,Class II,Tramadol 10mg/ml Vet Suspension,N/A,The products were produced under conditions that create a high potential for contamination for compounding/compounded veterinary products.,02/12/2015,10/09/2015,07/20/2017,10/21/2015,All lots
Veterinary,No,,70669,Terminated,"Health Innovations Pharmacy, Inc",295 Pinehurst Ave Bldg 2,N/A,Southern Pines,NC,	28387-7051,United States,Voluntary: Firm initiated,Telephone,NC,V-007-2016,Class II,Gabapentin 10mg/1ml Vet Suspension,N/A,The products were produced under conditions that create a high potential for contamination for compounding/compounded veterinary products.,02/12/2015,10/09/2015,07/20/2017,10/21/2015,All lots
Veterinary,No,,70669,Terminated,"Health Innovations Pharmacy, Inc",295 Pinehurst Ave Bldg 2,N/A,Southern Pines,NC,	28387-7051,United States,Voluntary: Firm initiated,Telephone,NC,V-008-2016,Class II,Methimazole 10mg/1ml Vet Suspension,N/A,The products were produced under conditions that create a high potential for contamination for compounding/compounded veterinary products.,02/12/2015,10/09/2015,07/20/2017,10/21/2015,All lots
Veterinary,No,,70669,Terminated,"Health Innovations Pharmacy, Inc",295 Pinehurst Ave Bldg 2,N/A,Southern Pines,NC,	28387-7051,United States,Voluntary: Firm initiated,Telephone,NC,V-009-2016,Class II,Sam-e 180mg/2ml Vet Suspension,N/A,The products were produced under conditions that create a high potential for contamination for compounding/compounded veterinary products.,02/12/2015,10/09/2015,07/20/2017,10/21/2015,All lots
Veterinary,No,,70669,Terminated,"Health Innovations Pharmacy, Inc",295 Pinehurst Ave Bldg 2,N/A,Southern Pines,NC,	28387-7051,United States,Voluntary: Firm initiated,Telephone,NC,V-010-2016,Class II,Enalapril 1.25mg/1ml Vet Suspension,N/A,The products were produced under conditions that create a high potential for contamination for compounding/compounded veterinary products.,02/12/2015,10/09/2015,07/20/2017,10/21/2015,All lots
Veterinary,No,,70669,Terminated,"Health Innovations Pharmacy, Inc",295 Pinehurst Ave Bldg 2,N/A,Southern Pines,NC,	28387-7051,United States,Voluntary: Firm initiated,Telephone,NC,V-011-2016,Class II,Ursodiol 100mg Vet Capsule,N/A,The products were produced under conditions that create a high potential for contamination for compounding/compounded veterinary products.,02/12/2015,10/09/2015,07/20/2017,10/21/2015,All lots
Veterinary,No,,70669,Terminated,"Health Innovations Pharmacy, Inc",295 Pinehurst Ave Bldg 2,N/A,Southern Pines,NC,	28387-7051,United States,Voluntary: Firm initiated,Telephone,NC,V-012-2016,Class II,Phenobarbital 10mg Capsule,N/A,The products were produced under conditions that create a high potential for contamination for compounding/compounded veterinary products.,02/12/2015,10/09/2015,07/20/2017,10/21/2015,All lots
Veterinary,No,,70669,Terminated,"Health Innovations Pharmacy, Inc",295 Pinehurst Ave Bldg 2,N/A,Southern Pines,NC,	28387-7051,United States,Voluntary: Firm initiated,Telephone,NC,V-013-2016,Class II,Doxycycline 150mg Vet Capsule,N/A,The products were produced under conditions that create a high potential for contamination for compounding/compounded veterinary products.,02/12/2015,10/09/2015,07/20/2017,10/21/2015,All lots
Veterinary,No,,70669,Terminated,"Health Innovations Pharmacy, Inc",295 Pinehurst Ave Bldg 2,N/A,Southern Pines,NC,	28387-7051,United States,Voluntary: Firm initiated,Telephone,NC,V-014-2016,Class II,Trilostane  140mg/1ml Vet Suspension,N/A,The products were produced under conditions that create a high potential for contamination for compounding/compounded veterinary products.,02/12/2015,10/09/2015,07/20/2017,10/21/2015,All lots
Veterinary,No,,70669,Terminated,"Health Innovations Pharmacy, Inc",295 Pinehurst Ave Bldg 2,N/A,Southern Pines,NC,	28387-7051,United States,Voluntary: Firm initiated,Telephone,NC,V-015-2016,Class II,Fluoxetine 2.5mg/1ml Vet Suspension,N/A,The products were produced under conditions that create a high potential for contamination for compounding/compounded veterinary products.,02/12/2015,10/09/2015,07/20/2017,10/21/2015,All lots
Veterinary,No,,70669,Terminated,"Health Innovations Pharmacy, Inc",295 Pinehurst Ave Bldg 2,N/A,Southern Pines,NC,	28387-7051,United States,Voluntary: Firm initiated,Telephone,NC,V-016-2016,Class II,Benazepril 2.5mg/1ml Vet Suspension,N/A,The products were produced under conditions that create a high potential for contamination for compounding/compounded veterinary products.,02/12/2015,10/09/2015,07/20/2017,10/21/2015,All lots
Veterinary,No,,70669,Terminated,"Health Innovations Pharmacy, Inc",295 Pinehurst Ave Bldg 2,N/A,Southern Pines,NC,	28387-7051,United States,Voluntary: Firm initiated,Telephone,NC,V-017-2016,Class II,Cisapride 3.5mg Vet Capsule,N/A,The products were produced under conditions that create a high potential for contamination for compounding/compounded veterinary products.,02/12/2015,10/09/2015,07/20/2017,10/21/2015,All lots
Veterinary,No,,70669,Terminated,"Health Innovations Pharmacy, Inc",295 Pinehurst Ave Bldg 2,N/A,Southern Pines,NC,	28387-7051,United States,Voluntary: Firm initiated,Telephone,NC,V-018-2016,Class II,Metronidazole 30mg/1ml Vet Suspension,N/A,The products were produced under conditions that create a high potential for contamination for compounding/compounded veterinary products.,02/12/2015,10/09/2015,07/20/2017,10/21/2015,All lots
Veterinary,No,,70669,Terminated,"Health Innovations Pharmacy, Inc",295 Pinehurst Ave Bldg 2,N/A,Southern Pines,NC,	28387-7051,United States,Voluntary: Firm initiated,Telephone,NC,V-019-2016,Class II,Theophylline 20mg SR Vet Capsules,N/A,The products were produced under conditions that create a high potential for contamination for compounding/compounded veterinary products.,02/12/2015,10/09/2015,07/20/2017,10/21/2015,All lots
Veterinary,No,,70669,Terminated,"Health Innovations Pharmacy, Inc",295 Pinehurst Ave Bldg 2,N/A,Southern Pines,NC,	28387-7051,United States,Voluntary: Firm initiated,Telephone,NC,V-020-2016,Class II,Glipizide 2.5mg/0.1ml Vet Gel,N/A,The products were produced under conditions that create a high potential for contamination for compounding/compounded veterinary products.,02/12/2015,10/09/2015,07/20/2017,10/21/2015,All lots
Veterinary,No,,70669,Terminated,"Health Innovations Pharmacy, Inc",295 Pinehurst Ave Bldg 2,N/A,Southern Pines,NC,	28387-7051,United States,Voluntary: Firm initiated,Telephone,NC,V-021-2016,Class II,Amlodipine 0.625mg/0.1ml Vet Gel,N/A,The products were produced under conditions that create a high potential for contamination for compounding/compounded veterinary products.,02/12/2015,10/09/2015,07/20/2017,10/21/2015,All lots
Veterinary,No,,70669,Terminated,"Health Innovations Pharmacy, Inc",295 Pinehurst Ave Bldg 2,N/A,Southern Pines,NC,	28387-7051,United States,Voluntary: Firm initiated,Telephone,NC,V-022-2016,Class II,Budesonide 0.5mg/1ml Vet Suspension,N/A,The products were produced under conditions that create a high potential for contamination for compounding/compounded veterinary products.,02/12/2015,10/09/2015,07/20/2017,10/21/2015,All lots
Veterinary,No,,70669,Terminated,"Health Innovations Pharmacy, Inc",295 Pinehurst Ave Bldg 2,N/A,Southern Pines,NC,	28387-7051,United States,Voluntary: Firm initiated,Telephone,NC,V-023-2016,Class II,Zonisamide 18.75mg Vet Capsule,N/A,The products were produced under conditions that create a high potential for contamination for compounding/compounded veterinary products.,02/12/2015,10/09/2015,07/20/2017,10/21/2015,All lots
Veterinary,No,,70669,Terminated,"Health Innovations Pharmacy, Inc",295 Pinehurst Ave Bldg 2,N/A,Southern Pines,NC,	28387-7051,United States,Voluntary: Firm initiated,Telephone,NC,V-024-2016,Class II,DES 0.25mg Vet Capsule,N/A,The products were produced under conditions that create a high potential for contamination for compounding/compounded veterinary products.,02/12/2015,10/09/2015,07/20/2017,10/21/2015,All lots
Veterinary,No,,70669,Terminated,"Health Innovations Pharmacy, Inc",295 Pinehurst Ave Bldg 2,N/A,Southern Pines,NC,	28387-7051,United States,Voluntary: Firm initiated,Telephone,NC,V-025-2016,Class II,Griseofulvin 25mg/1ml Vet Suspension,N/A,The products were produced under conditions that create a high potential for contamination for compounding/compounded veterinary products.,02/12/2015,10/09/2015,07/20/2017,10/21/2015,All lots
Veterinary,No,,70669,Terminated,"Health Innovations Pharmacy, Inc",295 Pinehurst Ave Bldg 2,N/A,Southern Pines,NC,	28387-7051,United States,Voluntary: Firm initiated,Telephone,NC,V-026-2016,Class II,PPA 25mg Vet Capsule,N/A,The products were produced under conditions that create a high potential for contamination for compounding/compounded veterinary products.,02/12/2015,10/09/2015,07/20/2017,10/21/2015,All lots
Veterinary,No,,70669,Terminated,"Health Innovations Pharmacy, Inc",295 Pinehurst Ave Bldg 2,N/A,Southern Pines,NC,	28387-7051,United States,Voluntary: Firm initiated,Telephone,NC,V-027-2016,Class II,Meloxicam 0.5mg/1ml Vet Suspension,N/A,The products were produced under conditions that create a high potential for contamination for compounding/compounded veterinary products.,02/12/2015,10/09/2015,07/20/2017,10/21/2015,All lots
Veterinary,No,,70669,Terminated,"Health Innovations Pharmacy, Inc",295 Pinehurst Ave Bldg 2,N/A,Southern Pines,NC,	28387-7051,United States,Voluntary: Firm initiated,Telephone,NC,V-028-2016,Class II,Chlorpheniramine 2mg/0.1ml Vet Gel,N/A,The products were produced under conditions that create a high potential for contamination for compounding/compounded veterinary products.,02/12/2015,10/09/2015,07/20/2017,10/21/2015,All lots
Veterinary,No,,70669,Terminated,"Health Innovations Pharmacy, Inc",295 Pinehurst Ave Bldg 2,N/A,Southern Pines,NC,	28387-7051,United States,Voluntary: Firm initiated,Telephone,NC,V-029-2016,Class II,Minocycline 360mg/5ml Vet Suspension,N/A,The products were produced under conditions that create a high potential for contamination for compounding/compounded veterinary products.,02/12/2015,10/09/2015,07/20/2017,10/21/2015,All lots
Veterinary,No,,70669,Terminated,"Health Innovations Pharmacy, Inc",295 Pinehurst Ave Bldg 2,N/A,Southern Pines,NC,	28387-7051,United States,Voluntary: Firm initiated,Telephone,NC,V-030-2016,Class II,Paroxetine 5mg/ml Vet Suspension Tuna,N/A,The products were produced under conditions that create a high potential for contamination for compounding/compounded veterinary products.,02/12/2015,10/09/2015,07/20/2017,10/21/2015,All lots
Veterinary,No,,70669,Terminated,"Health Innovations Pharmacy, Inc",295 Pinehurst Ave Bldg 2,N/A,Southern Pines,NC,	28387-7051,United States,Voluntary: Firm initiated,Telephone,NC,V-031-2016,Class II,Itraconazole  35mg Vet Treats (Tuna Flavor),N/A,The products were produced under conditions that create a high potential for contamination for compounding/compounded veterinary products.,02/12/2015,10/09/2015,07/20/2017,10/21/2015,All lots
Veterinary,No,,70669,Terminated,"Health Innovations Pharmacy, Inc",295 Pinehurst Ave Bldg 2,N/A,Southern Pines,NC,	28387-7051,United States,Voluntary: Firm initiated,Telephone,NC,V-032-2016,Class II,Furosemide 10m/1ml Vet Suspension,N/A,The products were produced under conditions that create a high potential for contamination for compounding/compounded veterinary products.,02/12/2015,10/09/2015,07/20/2017,10/21/2015,All lots
Veterinary,No,,70669,Terminated,"Health Innovations Pharmacy, Inc",295 Pinehurst Ave Bldg 2,N/A,Southern Pines,NC,	28387-7051,United States,Voluntary: Firm initiated,Telephone,NC,V-033-2016,Class II,Aluminum Hydroxide 30mg Vet Capsule,N/A,The products were produced under conditions that create a high potential for contamination for compounding/compounded veterinary products.,02/12/2015,10/09/2015,07/20/2017,10/21/2015,All lots
Veterinary,No,,70669,Terminated,"Health Innovations Pharmacy, Inc",295 Pinehurst Ave Bldg 2,N/A,Southern Pines,NC,	28387-7051,United States,Voluntary: Firm initiated,Telephone,NC,V-034-2016,Class II,Stanazol 4mg Vet Capsule,N/A,The products were produced under conditions that create a high potential for contamination for compounding/compounded veterinary products.,02/12/2015,10/09/2015,07/20/2017,10/21/2015,All lots
Veterinary,No,,70669,Terminated,"Health Innovations Pharmacy, Inc",295 Pinehurst Ave Bldg 2,N/A,Southern Pines,NC,	28387-7051,United States,Voluntary: Firm initiated,Telephone,NC,V-035-2016,Class II,Clindamycin 60mg/1ml Vet Suspension,N/A,The products were produced under conditions that create a high potential for contamination for compounding/compounded veterinary products.,02/12/2015,10/09/2015,07/20/2017,10/21/2015,All lots
Veterinary,No,,70669,Terminated,"Health Innovations Pharmacy, Inc",295 Pinehurst Ave Bldg 2,N/A,Southern Pines,NC,	28387-7051,United States,Voluntary: Firm initiated,Telephone,NC,V-036-2016,Class II,Prednisolone 5mg/1ml Vet Suspension,N/A,The products were produced under conditions that create a high potential for contamination for compounding/compounded veterinary products.,02/12/2015,10/09/2015,07/20/2017,10/21/2015,All lots
Veterinary,No,,70669,Terminated,"Health Innovations Pharmacy, Inc",295 Pinehurst Ave Bldg 2,N/A,Southern Pines,NC,	28387-7051,United States,Voluntary: Firm initiated,Telephone,NC,V-037-2016,Class II,Piroxicam 2.5mg/1ml Vet Suspension,N/A,The products were produced under conditions that create a high potential for contamination for compounding/compounded veterinary products.,02/12/2015,10/09/2015,07/20/2017,10/21/2015,All lots
Veterinary,No,,70669,Terminated,"Health Innovations Pharmacy, Inc",295 Pinehurst Ave Bldg 2,N/A,Southern Pines,NC,	28387-7051,United States,Voluntary: Firm initiated,Telephone,NC,V-038-2016,Class II,Azathioprine 10mg Vet Capsule,One Rx,The products were produced under conditions that create a high potential for contamination for compounding/compounded veterinary products.,02/12/2015,10/09/2015,07/20/2017,10/21/2015,All lots
Veterinary,No,,70669,Terminated,"Health Innovations Pharmacy, Inc",295 Pinehurst Ave Bldg 2,N/A,Southern Pines,NC,	28387-7051,United States,Voluntary: Firm initiated,Telephone,NC,V-039-2016,Class II,Diltiazem SR 30mg Vet Capsule,N/A,The products were produced under conditions that create a high potential for contamination for compounding/compounded veterinary products.,02/12/2015,10/09/2015,07/20/2017,10/21/2015,All lots
Veterinary,No,,70669,Terminated,"Health Innovations Pharmacy, Inc",295 Pinehurst Ave Bldg 2,N/A,Southern Pines,NC,	28387-7051,United States,Voluntary: Firm initiated,Telephone,NC,V-040-2016,Class II,Amitriptyline 10mg/0.1ml Vet Gel,N/A,The products were produced under conditions that create a high potential for contamination for compounding/compounded veterinary products.,02/12/2015,10/09/2015,07/20/2017,10/21/2015,All lots
Veterinary,No,,70669,Terminated,"Health Innovations Pharmacy, Inc",295 Pinehurst Ave Bldg 2,N/A,Southern Pines,NC,	28387-7051,United States,Voluntary: Firm initiated,Telephone,NC,V-041-2016,Class II,Clomipramine 10mg Vet Capsule,N/A,The products were produced under conditions that create a high potential for contamination for compounding/compounded veterinary products.,02/12/2015,10/09/2015,07/20/2017,10/21/2015,All lots
Veterinary,No,,70669,Terminated,"Health Innovations Pharmacy, Inc",295 Pinehurst Ave Bldg 2,N/A,Southern Pines,NC,	28387-7051,United States,Voluntary: Firm initiated,Telephone,NC,V-042-2016,Class II,Prazosin 0.5mg Vet Capsule,N/A,The products were produced under conditions that create a high potential for contamination for compounding/compounded veterinary products.,02/12/2015,10/09/2015,07/20/2017,10/21/2015,All lots
Veterinary,No,,70669,Terminated,"Health Innovations Pharmacy, Inc",295 Pinehurst Ave Bldg 2,N/A,Southern Pines,NC,	28387-7051,United States,Voluntary: Firm initiated,Telephone,NC,V-043-2016,Class II,Cyclosporin 0.2% Opth Drops,N/A,The products were produced under conditions that create a high potential for contamination for compounding/compounded veterinary products.,02/12/2015,10/09/2015,07/20/2017,10/21/2015,All lots
Veterinary,No,,70669,Terminated,"Health Innovations Pharmacy, Inc",295 Pinehurst Ave Bldg 2,N/A,Southern Pines,NC,	28387-7051,United States,Voluntary: Firm initiated,Telephone,NC,V-044-2016,Class II,Tacrolimus 0.02% Opth Drops,N/A,The products were produced under conditions that create a high potential for contamination for compounding/compounded veterinary products.,02/12/2015,10/09/2015,07/20/2017,10/21/2015,All lots
Veterinary,No,,70669,Terminated,"Health Innovations Pharmacy, Inc",295 Pinehurst Ave Bldg 2,N/A,Southern Pines,NC,	28387-7051,United States,Voluntary: Firm initiated,Telephone,NC,V-045-2016,Class II,Omeproazole 2gm/15mls,N/A,The products were produced under conditions that create a high potential for contamination for compounding/compounded veterinary products.,02/12/2015,10/09/2015,07/20/2017,10/21/2015,All lots
Veterinary,No,,70669,Terminated,"Health Innovations Pharmacy, Inc",295 Pinehurst Ave Bldg 2,N/A,Southern Pines,NC,	28387-7051,United States,Voluntary: Firm initiated,Telephone,NC,V-046-2016,Class II,Potassium Bromide 250 mg/1ml Suspension,N/A,The products were produced under conditions that create a high potential for contamination for compounding/compounded veterinary products.,02/12/2015,10/09/2015,07/20/2017,10/21/2015,All lots
Veterinary,No,,70669,Terminated,"Health Innovations Pharmacy, Inc",295 Pinehurst Ave Bldg 2,N/A,Southern Pines,NC,	28387-7051,United States,Voluntary: Firm initiated,Telephone,NC,V-047-2016,Class II,Pergolide 0.25mg/.5ml Suspension,N/A,The products were produced under conditions that create a high potential for contamination for compounding/compounded veterinary products.,02/12/2015,10/09/2015,07/20/2017,10/21/2015,All lots
Veterinary,No,,70669,Terminated,"Health Innovations Pharmacy, Inc",295 Pinehurst Ave Bldg 2,N/A,Southern Pines,NC,	28387-7051,United States,Voluntary: Firm initiated,Telephone,NC,V-048-2016,Class II,ACTH 80 Units/ml Injection,N/A,The products were produced under conditions that create a high potential for contamination for compounding/compounded veterinary products.,02/12/2015,10/09/2015,07/20/2017,10/21/2015,All lots
Veterinary,No,,70669,Terminated,"Health Innovations Pharmacy, Inc",295 Pinehurst Ave Bldg 2,N/A,Southern Pines,NC,	28387-7051,United States,Voluntary: Firm initiated,Telephone,NC,V-049-2016,Class II,Cefpodoxime 30 mg/ml,N/A,The products were produced under conditions that create a high potential for contamination for compounding/compounded veterinary products.,02/12/2015,10/09/2015,07/20/2017,10/21/2015,All lots
Veterinary,No,,70669,Terminated,"Health Innovations Pharmacy, Inc",295 Pinehurst Ave Bldg 2,N/A,Southern Pines,NC,	28387-7051,United States,Voluntary: Firm initiated,Telephone,NC,V-050-2016,Class II,Rimadyl 25mg/0.2ml Transdermal,N/A,The products were produced under conditions that create a high potential for contamination for compounding/compounded veterinary products.,02/12/2015,10/09/2015,07/20/2017,10/21/2015,All lots
Veterinary,No,,70669,Terminated,"Health Innovations Pharmacy, Inc",295 Pinehurst Ave Bldg 2,N/A,Southern Pines,NC,	28387-7051,United States,Voluntary: Firm initiated,Telephone,NC,V-051-2016,Class II,Aspirin 2.8mg Capsule,N/A,The products were produced under conditions that create a high potential for contamination for compounding/compounded veterinary products.,02/12/2015,10/09/2015,07/20/2017,10/21/2015,All lots
Veterinary,No,,70669,Terminated,"Health Innovations Pharmacy, Inc",295 Pinehurst Ave Bldg 2,N/A,Southern Pines,NC,	28387-7051,United States,Voluntary: Firm initiated,Telephone,NC,V-052-2016,Class II,Trazodone 13mg Caps,N/A,The products were produced under conditions that create a high potential for contamination for compounding/compounded veterinary products.,02/12/2015,10/09/2015,07/20/2017,10/21/2015,All lots
Veterinary,No,,70669,Terminated,"Health Innovations Pharmacy, Inc",295 Pinehurst Ave Bldg 2,N/A,Southern Pines,NC,	28387-7051,United States,Voluntary: Firm initiated,Telephone,NC,V-053-2016,Class II,Anastrozole 0.1mg Capsule,N/A,The products were produced under conditions that create a high potential for contamination for compounding/compounded veterinary products.,02/12/2015,10/09/2015,07/20/2017,10/21/2015,All lots
Veterinary,No,,70669,Terminated,"Health Innovations Pharmacy, Inc",295 Pinehurst Ave Bldg 2,N/A,Southern Pines,NC,	28387-7051,United States,Voluntary: Firm initiated,Telephone,NC,V-054-2016,Class II,Iodochlorhydroxyquin,N/A,The products were produced under conditions that create a high potential for contamination for compounding/compounded veterinary products.,02/12/2015,10/09/2015,07/20/2017,10/21/2015,All lots
Veterinary,No,,71274,Terminated,Montana Compounding Pharmacy,111 N Higgins Ave Ste 5,N/A,Missoula,MT,	59802-4494,United States,Voluntary: Firm initiated,Letter,distributed in MT,V-055-2016,Class II,"Desmopressin Opthalmic Use, sterile solution, 0.01%, eye drops, 5 mL droptainer, Rx only, dispensed by Montana Compounding Pharmacy in Missoula, MT.",3/5 mL. Droptainers,Desmopressin Opthalmic solution (0.01%) is recalled due to lack of sterility assurance for compounding/compounded veterinary products.,05/15/2015,10/15/2015,12/20/2016,10/21/2015,Lot 02172015:48@11; Expiry date: 10/15/2015;   Lot 04152015:29@7;   Expiry date: 12/11/2015;  Lot 05052015:31@9;   Expiry date: 12/31/2015;
Veterinary,No,,71290,Terminated,Boehringer Ingelheim Vetmedica Inc,2621 N Belt Hwy,N/A,Saint Joseph,MO,	64506-2002,United States,Voluntary: Firm initiated,Letter,"Distributed to distributors and retailers in AL,  AR,  CA,  FL,  GA,  HI,  IA,  ID,  IL,  IN,  KS,  KY,  LA,  MN,  MO,  MT,  NC,  ND,  NE,  OH,  OK,  OR,  PA,  PR,  TN,  TX,  VA,  WA,  and WI",V-056-2016,Class III,"Sulmet (sulfamethazine sodium) Drinking Water Solution, 12.5%, antibacterial for animal use only, packaged in plastic containers.  Net Contents:  16 fl oz (473 ml).  NADA 006-084.  NDC 0010-4708-01.  The responsible firm name on the label is Boehringer Ingelheim Vetmedica, Inc. St. Joseph, MO.","43,716 16-oz containers, 5,448 gallon containers",Presence of particulate matter not intrinsic to the manufacturing process.,05/21/2015,10/15/2015,10/27/2015,10/21/2015,"lot 120582, exp. 31 May 15;  lot 120566, exp. 31 May 15;  lot 120784, exp. 31 Jul 15;  lot 120922, exp. 31 Aug 15;  lot 121048, exp. 30 Sep 15; and   lot 121028, exp. 30 Sep 15"
Veterinary,No,,71402,Terminated,Pharmacy Creations,540 Route Ten West,N/A,Randolph,NJ,	07869,United States,Voluntary: Firm initiated,Telephone,NJ,V-057-2016,Class II,"Pharmacy Creations 540 Route 10 West Randolph, NJ 07869  Prazosin  0.5MG/ML SUSPENSION - 240 mL  1MG/ML SUSPENSION - 480 mL  ",5 bottles,API manufacturer Attix Pharmaceuticals notified Pharmacy Creations that finished compounding/compounded veterinary products may have been exposed to penicillin products.,03/16/2015,10/16/2015,10/11/2017,10/28/2015,0.5MG/ML SUSPENSION  250481  t01022015@16    1MG/ML SUSPENSION  247619  02232015@8  03052015@2
Veterinary,No,,71402,Terminated,Pharmacy Creations,540 Route Ten West,N/A,Randolph,NJ,	07869,United States,Voluntary: Firm initiated,Telephone,NJ,V-058-2016,Class II,"Pharmacy Creations 540 Route 10 West, Randolph, NJ 07869     Cetirizine 25mg/mL TDG - 3 mL  Cetirizine 20 mg/mL TDG - 3 mL  Cetirizine PF 10 mg/5mL Syrup - 300 mL      ",8 units,API manufacturer Attix Pharmaceuticals notified Pharmacy Creations that finished compounding/compounded veterinary products may have been exposed to penicillin products.,03/16/2015,10/16/2015,10/11/2017,10/28/2015,Cetirizine 25mg/mL TDG - 3 mL  01162015@19  02202015@17    Cetirizine 20 mg/mL TDG - 3 mL  01202015@24  02202015@16    Cetirizine PF 10 mg/5mL Syrup - 300 mL  T225128  01202015@8  02262015@9
Veterinary,No,,71402,Terminated,Pharmacy Creations,540 Route Ten West,N/A,Randolph,NJ,	07869,United States,Voluntary: Firm initiated,Telephone,NJ,V-059-2016,Class II,"Pharmacy Creations 540 Route 10 West Randolph, NJ 07869    Aminopentamide 0.2MG Capsule",1 unit,API manufacturer Attix Pharmaceuticals notified Pharmacy Creations that finished compounding/compounded veterinary products may have been exposed to penicillin products.,03/16/2015,10/16/2015,10/11/2017,10/28/2015,231312
Veterinary,No,,70301,Terminated,Miller Foods Inc.,308 Arch Rd,N/A,Avon,CT,	06001-4210,United States,Voluntary: Firm initiated,Press Release,"Nationwide in the following states:  VT, NY, NH, CT, OK, NJ, OH, IN, TN, DE, MT, PA, ME, VT, WA, CO, CA, NM, MI, SC",V-060-2016,Class I,"Oma's Purr, Complete Feline Poultry Meal.  Net Weight: 12 oz (340 g). and Net Weight: 2 lbs (907 g.).  Product is sold in frozen in a plastic container.",682 pounds,Product tested positive for Salmonella.,01/16/2015,10/23/2015,10/26/2015,11/04/2015,Code # 1524. UPC Codes: 12 oz. #879384000179 and 2 lb. #879384000186
Veterinary,No,,72076,Terminated,Vetbiotek Inc,11401 Belcher Rd S Ste 260,N/A,Largo,FL,	33773-5102,United States,Voluntary: Firm initiated,"Two or more of the following: Email, Fax, Letter, Press Release, Telephone, Visit","AL, CT, FL, GA, ID, MD, PA, and TX",V-061-2016,Class II,VetBioTek BioCalm Spray - Lidocaine Hydrochloride 2.4% Soothing Spray for Relief of Hot Spots 2.0 oz,"1,901 bottles / 2oz",OOS - 2-month stability testing revealed microbial and yeast growth,06/24/2015,10/26/2015,07/26/2017,11/04/2015,P-1276 and 1281
Veterinary,No,,71738,Terminated,Zoetis Inc,100 Campus Dr,4th Floor,Florham Park,NJ,	07932,United States,Voluntary: Firm initiated,Telephone,"AZ, UT, CA",V-062-2016,Class III,Excenel RTU EZ - Ceftiofur Hydrochloride Sterile Suspension;  100 mL container - glass vial  50 mg/mL;    NADA 141-288 -   WHOCC ATC Vet code ; QJ01DD90  Product Code 10002487    Zoetis LLC.,600 bottles shipped post expiry,Expired Excenel TRU EZ Sterile Suspension (6/2015) was shipped to seven customers in July 2015..,07/13/2015,10/26/2015,11/23/2015,11/04/2015,"lot 4F0757, expiry 6/30/2015."
Veterinary,No,,71478,Terminated,"Virbac AH, Inc",3200 Meacham Blvd,N/A,Fort Worth,TX,	76137-4611,United States,Voluntary: Firm initiated,Telephone,"Product was distributed nationwide, including Puerto Rico.  Product was distributed to an affiliate in Seoul, South Korea.  There was no government or military distribution.",V-063-2016,Class II,"Virbac Animal Health, KetoChlor Shampoo Medicated Shampoo for dogs, cats, and horses, Chlorhexidine Gluconate 2.3% w/w, Ketoconazole 1% w/w; Packaged in 8 oz bottles, NDC 51311-028-08.  The responsible name on the bottle is Virbac Animal Health, Fort Worth, TX 76161.","30,024 bottles",Some of the products may be missing labels.,06/05/2015,10/26/2015,03/10/2017,11/04/2015,"140434, Exp 04/2016"
Veterinary,No,,71478,Terminated,"Virbac AH, Inc",3200 Meacham Blvd,N/A,Fort Worth,TX,	76137-4611,United States,Voluntary: Firm initiated,Telephone,"Product was distributed nationwide, including Puerto Rico.  Product was distributed to an affiliate in Seoul, South Korea.  There was no government or military distribution.",V-064-2016,Class II,"Virbac UROEZE 400, each 0.65 g (1/4 level teaspoon) contains 400 mg ammonium chloride,  packaged in  4 oz bottles, NDC 051311-850-04. Mfg. by Virbac, AH, Inc., P.O. Box 162059, Fort Worth, TX 76161",948 bottles,Some of the products may be missing labels.,06/05/2015,10/26/2015,03/10/2017,11/04/2015,"131106, Exp 09/2015"
Veterinary,No,,71478,Terminated,"Virbac AH, Inc",3200 Meacham Blvd,N/A,Fort Worth,TX,	76137-4611,United States,Voluntary: Firm initiated,Telephone,"Product was distributed nationwide, including Puerto Rico.  Product was distributed to an affiliate in Seoul, South Korea.  There was no government or military distribution.",V-065-2016,Class II,"Virbac Virbantel (pyrantel pamoate/praziquantel) Flavored Chewables packaged 50 flavored chewable per bottle, 114 mg pyrantel pamoate and 114 mg praziquantel.  De-wormer for Dogs Only Medium and Large dogs - 25.1 to 200 lbs. NADA 141-261, NDC 051311-741-50, Mfd. by: Virbac AH, Inc., Fort Worth, TX",1740 bottles,Some of the products may be missing labels.,06/05/2015,10/26/2015,03/10/2017,11/04/2015,"140756, Exp 04/2017"
Veterinary,No,,71947,Terminated,US Compounding Inc,1270 Don's Lane,N/A,Conway,AR,	72032,United States,Voluntary: Firm initiated,Telephone,"FL, KY, MD, MO, NC, NJ, NY, PA, TX, WI, WV",V-066-2016,Class II,Misoprostol (F.O.B.) 2 mg/5 mL oral Suspension NDC: 22200899801; Misoprostol (F.O.B) 1.4 mg/10 mL Suspension NDC: 22200894701.,2350 containers,"Firm determined that formulation was developed with the intent of using an active pharmaceutical ingredient with a potency of greater than or equal 99%.  However, the active pharmaceutical ingredient used in the formulation acquired from the supplier was a 1% diluted product rendering the finished product as sub-potent for compounding/compounded veterinary products.",07/17/2015,11/12/2015,12/09/2016,11/18/2015,"03182015@32, 03312015@36, 04162015@5, 05082015@3, 07072015@67, 03262015@38"
Veterinary,No,,71947,Terminated,US Compounding Inc,1270 Don's Lane,N/A,Conway,AR,	72032,United States,Voluntary: Firm initiated,Telephone,"FL, KY, MD, MO, NC, NJ, NY, PA, TX, WI, WV",V-067-2016,Class II,Misoprostol 30 mL 1.4 mg/10 mL Paste NDC: 22200894630; Misoprostol 30 mL 1.4 mg/mL Paste NDC: 22200880730; Misoprostol 60 mL 1.4 mg/10 mL Paste NDC: 22200893660; Misoprostol 60 mL 1.6 mg/30 mL Paste NDC: 22200579460; Misoprostol 60 mL 1.6 mg/5 mL Paste NDC: 22200617260,35940 containers,"Firm determined that formulation was developed with the intent of using an active pharmaceutical ingredient with a potency of greater than or equal 99%.  However, the active pharmaceutical ingredient used in the formulation acquired from the supplier was a 1% diluted product rendering the finished product as sub-potent for compounding/compounded veterinary products.",07/17/2015,11/12/2015,12/09/2016,11/18/2015,"03042015@1, 03232015@11, 03262015@1, 06102015@64, 01062015@30, 01082015@41, 02202015@44, 04242015@52, 02262015@1, 04022015@33, 04072015@3, 06092015@30, 06102015@4, 07062015@1, 07132015@65, 01222015@23, 01222015@25, 01282015@12, 02182015@39, 03232015@23"
Veterinary,No,,71506,Terminated,Kent Pet Group,2905 N Highway 61,N/A,Muscatine,IA,	52761-5809,United States,Voluntary: Firm initiated,Telephone,"The recalled product was distributed to CA, GA, IL, MN, PA, NV and NY.",V-068-2016,Class II,"by Nature, Active Defense +, Grain Free, 95% Beef & Beef Liver, Made in New Zealand, Distributed By Kent Pet Group, Inc. 2905 N Hwy 61, Muscatine, IA 52761 USA, UPC 8-40673-10078-8",281 cases,"Analysis of product indicates it may contain more than the labeled amounts of vitamin A, calcium, and phosphorus.",06/26/2015,11/12/2015,03/28/2017,11/18/2015,7740
Veterinary,No,,71506,Terminated,Kent Pet Group,2905 N Highway 61,N/A,Muscatine,IA,	52761-5809,United States,Voluntary: Firm initiated,Telephone,"The recalled product was distributed to CA, GA, IL, MN, PA, NV and NY.",V-069-2016,Class II,"by Nature, Active Defense +, Grain Free, 95% Beef, Beef Liver & Chicken, Made in New Zealand, Distributed By Kent Pet Group, Inc. 2905 N Hwy 61, Muscatine, IA 52761 USA, UPC 8-40673-10081-8",219 cases,"Analysis of product indicates it may contain more than the labeled amounts of vitamin A, calcium, and phosphorus.",06/26/2015,11/12/2015,03/28/2017,11/18/2015,7758
Veterinary,No,,71506,Terminated,Kent Pet Group,2905 N Highway 61,N/A,Muscatine,IA,	52761-5809,United States,Voluntary: Firm initiated,Telephone,"The recalled product was distributed to CA, GA, IL, MN, PA, NV and NY.",V-070-2016,Class II,"by Nature, Active Defense +, Grain Free, 95% Chicken & Venison, Made in New Zealand, Distributed By Kent Pet Group, Inc. 2905 N Hwy 61, Muscatine, IA 52761 USA, UPC 8-40673-10084-9",109 cases,"Analysis of product indicates it may contain more than the labeled amounts of vitamin A, calcium, and phosphorus.",06/26/2015,11/12/2015,03/28/2017,11/18/2015,7594
Veterinary,No,,71186,Terminated,"Virbac AH, Inc",3200 Meacham Blvd,N/A,Fort Worth,TX,	76137-4611,United States,Voluntary: Firm initiated,Letter,"Product was distributed nationwide, including Puerto Rico,  Product was also distributed to Canada and the Netherlands.  No government or military distribution.",V-071-2016,Class II,"Virbac Animal Health C.E.T. AquaDent Drinking Water Additive, packaged in 500 ml (16.9 fl. oz.) plastic bottles and 2 tsp. / 10 ml foil packets.  No NDC is listed.  Virbac AH Inc., Fort Worth, TX.",89336 units,Product is being recalled due to a GMP deficiency; raw material used during manufacturing did not conform to USP or NF grade.,05/05/2015,11/12/2015,04/26/2017,11/18/2015,"lot 130668, exp. 5/2015; lot 130850, exp. 7/2015; lot 131074, exp. 8/2015; lot 131199, exp. date 10/2015; lot 131306, exp. date 10/2015; and lot 131472, exp. date 12/2015."
Veterinary,No,,71194,Terminated,"Virbac AH, Inc",3200 Meacham Blvd,N/A,Fort Worth,TX,	76137-4611,United States,Voluntary: Firm initiated,Letter,"Distribution pattern was nationwide, including Puerto Rico.  Foreign distribution was made to Mexico and Taiwan.  There was no military or government distribution.",V-072-2016,Class II,"Virbac Etiderm (Ethyl Lactate 10% w/w) Shampoo for Dogs, Cats and Horses, packaged in 8 oz. (NDC 051311-080-08) and 16 oz. (051311-080-16) plastic bottles.  The responsible name of the label is Virbac, Fort Worth, TX 76161.","17,352 /8 oz. bottles; 13,320 /16 oz. bottles",Active ingredients failed to meet their stability specifications throughout expiry.  Product failed stability (low potency for ethyl lactate).,05/05/2015,11/12/2015,04/24/2017,11/18/2015,"lot 130690, exp date 05/2015; lot 131172, exp. date 09/2015; lot 131443, exp. date 11/2015; and lot 140194, exp. date 01/2016."
Veterinary,No,,71194,Terminated,"Virbac AH, Inc",3200 Meacham Blvd,N/A,Fort Worth,TX,	76137-4611,United States,Voluntary: Firm initiated,Letter,"Distribution pattern was nationwide, including Puerto Rico.  Foreign distribution was made to Mexico and Taiwan.  There was no military or government distribution.",V-073-2016,Class II,"Virbac Pyoben Gel (Benzoyl Peroxide 3% w/w) for Dogs, Cats and Horses, packaged in 1 oz. plastic bottles.  NDC 051311-014-30.  The responsible name of the label is Virbac, Fort Worth, TX 76161.","6,840 /1 oz. bottles",Active ingredients failed to meet their stability specifications throughout expiry.  Product failed stability (high potency for benzoyl peroxide).,05/05/2015,11/12/2015,04/24/2017,11/18/2015,"lot 130622, exp. date 05/2015"
Veterinary,No,,71194,Terminated,"Virbac AH, Inc",3200 Meacham Blvd,N/A,Fort Worth,TX,	76137-4611,United States,Voluntary: Firm initiated,Letter,"Distribution pattern was nationwide, including Puerto Rico.  Foreign distribution was made to Mexico and Taiwan.  There was no military or government distribution.",V-074-2016,Class II,"Virbac Pyoben Shampoo (Benzoyl Peroxide 3% w/w) for Dogs, Cats and Horses, packaged in 8 oz. (NDC 0151311-012-08) and 16 oz. (NDC 051311-012-16) plastic bottles.  The responsible name of the label is Virbac, Fort Worth, TX 76161.","28,656 /8 oz.bottles; 19,980 /16 oz. bottles",Active ingredients failed to meet their stability specifications throughout expiry.  Product failed stability (low potency for benzoyl peroxide).,05/05/2015,11/12/2015,04/24/2017,11/18/2015,"lot 131197, exp. date 10/2015; and lot 140150, exp. date 01/2016."
Veterinary,No,,71194,Terminated,"Virbac AH, Inc",3200 Meacham Blvd,N/A,Fort Worth,TX,	76137-4611,United States,Voluntary: Firm initiated,Letter,"Distribution pattern was nationwide, including Puerto Rico.  Foreign distribution was made to Mexico and Taiwan.  There was no military or government distribution.",V-075-2016,Class II,"Virbac Resiketochlor (Chlorhexidine Gluconate 2.3% w/w; ketoconazole 1% w/w) Leave-on Lotion for Dogs, Cats and Horses, packaged in 8 oz. plastic bottles. NDC 0151311-780-08.  The responsible name of the label is Virbac, Fort Worth, TX 76161.","70,272 /8oz. bottles",Active ingredients failed to meet their stability specifications throughout expiry.  Product failed stability (low potency for chlorhexidine gluconate and ketoconazole).,05/05/2015,11/12/2015,04/24/2017,11/18/2015,"lot 130617, exp. date 05/2015; lot 130783, exp. date 06/2015; lot 131148, exp. date 09/2015; lot 131224, exp. date 10/2015; lot 140010, exp. date 12/2015; lot 140209, exp. date 02/2016; lot 140349, exp. date 03/2016; lot 140713, exp. date 06/2016; lot 140886, exp. date 07/2016; and lot 141146, exp. date 09/2016."
Veterinary,No,,70519,Terminated,Bayer Healthcare Animal Health Inc,3915 S 48th St Terr,N/A,Saint Joseph,MO,	64503,United States,Voluntary: Firm initiated,Letter,"Product was distributed to:  CA, KS, KY, MN, and MO.",V-076-2016,Class II,"BAYER Spectam Injectable (spectinomycin) 100 mg/ml, packaged in 500 ml rubber-stopped glass bottles, Net Contents:  500 ml (NDC 0859-2383-01), NADA 040-040. The responsible name on the firm is Bayer HealthCare, Shawnee Mission, KS 66201.  Product of China.",252 bottles,Product did not meet stability specifications; an out of specification result was reported for a known impurity at the 6 month time point.,02/27/2015,11/13/2015,12/08/2016,11/25/2015,Lot:  634238  Exp. 6/30/2016
Veterinary,No,,71965,Terminated,Sparhawk Laboratories Inc,12340 Santa Fe Trail Dr,N/A,Lenexa,KS,	66215-3587,United States,Voluntary: Firm initiated,"Two or more of the following: Email, Fax, Letter, Press Release, Telephone, Visit","Product was distributed to own-label distributors in MO.  There was no foreign, military, or government distribution.",V-077-2016,Class III,"Neomycin Oral Solution, Neomycin Sulfate Antibacterial, Contains per mL:  neomycin sulfate 200 mg equivalent to 140 mg neomycin, For Animal Use Only, OTC, ANADA 200-379, Net Contents:  1 Gallon (3.785L) packaged in plastic jugs.  The product is packaged under the following three labels:      (1) Neovet Antibacterial - Neomycin Sulfate Oral Solution for Cattle, Swine, Sheep and Goats, UPC 0 99355 00533 4.  Manufactured for:  Aspen Veterinary Resources Ltd., Liberty, MO 64068;     (2) Neomycin Oral Solution, NDC 57561-105-07, UPC 3 57561 01771 9.  Manufactured for Agri Laboratories, Ltd., St. Joseph, MO 64503;    (3) Neomycin Oral Solution Antibacterial, NDC 30798-340-35, UPC 7 45801 11313 8.  Manufactured for Durvet, Inc., Blue Springs, MO 64014.","1,486 units (1 Gallon):  Aspen - 814 units, AgriLabs - 480 units, and Durvet - 192 units.",Product failed to meet 18-month stability specifications; subpotent preservatives.,08/19/2015,11/24/2015,03/31/2017,12/02/2015,lot 140071; expiration date 2/2016
Veterinary,No,,68403,Terminated,Pet Center Inc,4105 W Jefferson Blvd,N/A,Los Angeles,CA,	90016-4124,United States,Voluntary: Firm initiated,Press Release,"US: CA, CO, WA, WI.",V-078-2016,Class I,"PCI Brand Lamb Crunchys Dog Treats, 3 oz.    Packaged in plastic bag/pouch with zip top.   Product labeling in English and Spanish, reads in part:""***100% Natural Lamb Crunchys***PCI BRAND***MADE IN U.S.A  NET WEIGHT 3 oz(85g)***PET CENTER, INC. 1-800-390-0575 www.petcenterinc.com***info@petcenterinc.com***"".",672 bags,"Pet Center, Inc of Los Angeles, CA. is voluntarily recalling its 3 oz bag of Lamb Crunchy s dog treats (LAM-003) (UPC# 727348200038) with date code 122015 product of USA, because it has the potential to be contaminated with Salmonella.",05/28/2014,11/25/2015,12/23/2015,12/02/2015,Item Number LAM-003. UPC# 727348200038). Date Code 122015
Veterinary,No,,68013,Terminated,Land O Lakes Purina LLC,1080 County Road F W,N/A,Shoreview,MN,	55126-2910,United States,Voluntary: Firm initiated,Telephone,WI only,V-079-2016,Class I,"Purina Honor Show Chow ShowLamb Grower DX Medicated Feed, Type C.   Item No. 0016970.  Complete Feed for Starter - Grower - Finisher Sheep.  Active Drug Ingredients:  Decoquinate (0.0017%)  For the prevention of coccidiosis in young sheep caused by Eimeria ovinoidalis, E. parva, E. bakuensis, and E. crandallis.  UPC 83576-01157.  Net Weight 50 lb (22.67 kg)  Manufactured by Purina Animal Nutrition LLC, 1080 County Road F West, Shoreview, MN  55126",146 - 50lb bags,"One lot of Honor Show Chow Showlamb Grower DX feed product is being recalled because of the potential for an elevated copper level.  Elevated copper can be harmful to sheep, and in some instances can result in mortality.",04/12/2014,11/25/2015,03/11/2016,12/02/2015,Lot No. 4MAR20LCW1
Veterinary,No,,68684,Terminated,"Cargill, Inc         Corporate Headquarters",15407 Mcginty Rd W,N/A,Wayzata,MN,	55391-2365,United States,Voluntary: Firm initiated,Telephone,Distribution was made to IA and IL.,V-080-2016,Class I,"Nutrena NatureWise Meatbird 22% Crumbles, 91585-40, packaged in 40 lb bag. UPC code 722304275754 Nutrena General Office, Minneapolis, MN.",465 bags,The product is being recalled due to elevated levels of sodium ranging between 1.16% and 1.2%.,06/19/2014,11/25/2015,11/25/2015,12/02/2015,Lot # 5941181016
Veterinary,No,,68433,Terminated,PGG/HSC  Feed Co. LLC,300 W Feedville Rd,N/A,Hermiston,OR,	97838-9573,United States,Voluntary: Firm initiated,"Two or more of the following: Email, Fax, Letter, Press Release, Telephone, Visit","OR, ID, and WA",V-081-2016,Class I,Champion Lamb Texturized B30,189 bags,CHS Nutrition was informed that one lamb died from high copper in Champion Lamb Texturized B30.  Analysis was performed on the feed and found to contain 54 ppm dry matter of copper.,05/14/2014,11/25/2015,11/25/2015,12/02/2015,"6701LOT88022114M908840 (6701-product code, 88-plant code, 22114-date, M908840-batch code)"
Veterinary,No,,68297,Terminated,BRAVO! LLC,349 Wetherell St.,N/A,Manchester,CT,	06040,United States,Voluntary: Firm initiated,Press Release,"Product was distributed in the following states: AZ, CA, CO, CT, FL, IL, IN, MA, MD, MN, MO, NH, NM, NY, OH, PA, RI, SC, TX, WA",V-082-2016,Class I,"RAW FOOD DIET BRAVO! BEEF BLEND FOR DOGS AND CATS (Made in New Zealand); 2 lb., 5 lb., and 10 lb. tubes.  Product Numbers: 52-102, 52-105, 52-110",N/A,Potential for contamination with Listeria monocytogenes,05/14/2014,11/25/2015,06/15/2016,12/02/2015,Best Used By Date: 10/10/15 or earlier
Veterinary,No,,68297,Terminated,BRAVO! LLC,349 Wetherell St.,N/A,Manchester,CT,	06040,United States,Voluntary: Firm initiated,Press Release,"Product was distributed in the following states: AZ, CA, CO, CT, FL, IL, IN, MA, MD, MN, MO, NH, NM, NY, OH, PA, RI, SC, TX, WA",V-083-2016,Class I,"BRAVO! BALANCE PREMIUM TURKEY FORMULA (Manufactured by: Bravo! Manchester, CT); 3 lb. box with (12) 4 oz. burgers. Product Number:  31-401  ",N/A,Potential for contamination with Listeria monocytogenes,05/14/2014,11/25/2015,06/15/2016,12/02/2015,Best Used By Dates:  1/07/16 and 2/11/16
Veterinary,No,,68297,Terminated,BRAVO! LLC,349 Wetherell St.,N/A,Manchester,CT,	06040,United States,Voluntary: Firm initiated,Press Release,"Product was distributed in the following states: AZ, CA, CO, CT, FL, IL, IN, MA, MD, MN, MO, NH, NM, NY, OH, PA, RI, SC, TX, WA",V-084-2016,Class I,"RAW FOOD DIET BRAVO! LAMB BLEND FOR DOGS AND CATS (Made in New Zealand); All 2lb., 5 lb., and 10 lb. tubes; Product numbers 42-102, 42-105, 42-110  ",N/A,Potential for contamination with Listeria monocytogenes,05/14/2014,11/25/2015,06/15/2016,12/02/2015,Best Used By Date: 10/10/15 or earlier
Veterinary,No,,68297,Terminated,BRAVO! LLC,349 Wetherell St.,N/A,Manchester,CT,	06040,United States,Voluntary: Firm initiated,Press Release,"Product was distributed in the following states: AZ, CA, CO, CT, FL, IL, IN, MA, MD, MN, MO, NH, NM, NY, OH, PA, RI, SC, TX, WA",V-085-2016,Class I,RAW FOOD DIET BRAVO! LAMB BASIC FOR DOGS AND CATS (Made in New Zealand); 2 lb. tubes; Product numbers 42-202  ,N/A,Potential for contamination with Listeria monocytogenes,05/14/2014,11/25/2015,06/15/2016,12/02/2015,Best Used By Date: 10/10/15 or earlier
Veterinary,No,,68297,Terminated,BRAVO! LLC,349 Wetherell St.,N/A,Manchester,CT,	06040,United States,Voluntary: Firm initiated,Press Release,"Product was distributed in the following states: AZ, CA, CO, CT, FL, IL, IN, MA, MD, MN, MO, NH, NM, NY, OH, PA, RI, SC, TX, WA",V-086-2016,Class I,RAW FOOD DIET BRAVO! BEEF & BEEF HEART FOR DOGS AND CATS (Made in New Zealand); 5 lb. tubes; Product numbers 53-130  ,N/A,Potential for contamination with Listeria monocytogenes,05/14/2014,11/25/2015,06/15/2016,12/02/2015,Best Used By Date: 10/10/15 or earlier
Veterinary,No,,68297,Terminated,BRAVO! LLC,349 Wetherell St.,N/A,Manchester,CT,	06040,United States,Voluntary: Firm initiated,Press Release,"Product was distributed in the following states: AZ, CA, CO, CT, FL, IL, IN, MA, MD, MN, MO, NH, NM, NY, OH, PA, RI, SC, TX, WA",V-087-2016,Class I,"RAW FOOD DIET BRAVO! 100% PURE & NATURAL PREMIUM GRASS-FED BUFFALO FOR DOGS AND CATS (Manufactured by: Bravo! Manchester, CT); NET WT 2LBS (32 OZ) .91KG (Tubes); Product Number:  72-222  ",N/A,Potential for contamination with Listeria monocytogenes,05/14/2014,11/25/2015,06/15/2016,12/02/2015,Best Used By Date:  1/7/16
Veterinary,No,,68297,Terminated,BRAVO! LLC,349 Wetherell St.,N/A,Manchester,CT,	06040,United States,Voluntary: Firm initiated,Press Release,"Product was distributed in the following states: AZ, CA, CO, CT, FL, IL, IN, MA, MD, MN, MO, NH, NM, NY, OH, PA, RI, SC, TX, WA",V-088-2016,Class I,"BRAVO! TURKEY BALANCE FORMULA (Manufactured by: Bravo! Manchester, CT) NET WT 2 LBS (32 OZ) .09 KG, Chub (tube); Product Number: 31-402 and NET WT 5 LBS (80 OZ) 2.3KG, Chub (tube); Product Number: 31-405  ",N/A,Potential for contamination with Listeria monocytogenes,05/14/2014,11/25/2015,06/15/2016,12/02/2015,Best Used By Dates:  1/7/16 and 2/11/16
Veterinary,No,,68297,Terminated,BRAVO! LLC,349 Wetherell St.,N/A,Manchester,CT,	06040,United States,Voluntary: Firm initiated,Press Release,"Product was distributed in the following states: AZ, CA, CO, CT, FL, IL, IN, MA, MD, MN, MO, NH, NM, NY, OH, PA, RI, SC, TX, WA",V-089-2016,Class I,"RAW FOOD DIET BRAVO! LAMB BLEND FOR DOGS AND CATS (Manufactured by: Bravo! Manchester, CT); 5 LBS (80 OZ) 2.3KG, Chub (tube); Product Number:  42-105  ",N/A,Potential for contamination with Listeria monocytogenes,05/14/2014,11/25/2015,06/15/2016,12/02/2015,Best Used By Date:  2/11/16
Veterinary,No,,68518,Terminated,Land O Lakes Purina LLC,1080 County Road F W,N/A,Shoreview,MN,	55126-2910,United States,Voluntary: Firm initiated,Telephone,AZ and NM,V-090-2016,Class I,"Purina Accuration Cattle Limiter 2 Supplement Feed for Cattle on Pasture, Manufactured by Purina Animal Nutrition LLC, 1080 County Road F West, Shoreview, MN 55126",187 bags,The feed has the potential to contain high protein/high urea cattle concentrate pellets.,06/06/2014,11/25/2015,02/09/2016,12/02/2015,4APR11LUB1
Veterinary,No,,68033,Terminated,Purina Animal Nutrition LLC,1080 County Road F West,N/A,Shoreview,MN,	55216,United States,Voluntary: Firm initiated,Letter,Retailers located in Oregon and Washington states.,V-091-2016,Class I,PURINA START & GROW SUNFRESH MP 0.0125% MEDICATED Packed in 50 LB paper bags; Formula No. 61V3; UPC Code:804273029559,950 / 50 LB bags of Lot 4APR07RIV3 and 937 / 50 LB bags of Lot 4APR10RIV1.,"The Purina Animal Nutrition LLC feed plant in Portland, Ore., has initiated a limited recall of certain poultry feeds due to the potential for lower-than-expected vitamin and trace mineral levels.",04/15/2014,11/25/2015,11/25/2015,12/02/2015,Item Number:  0057262; Lot Numbers: 4APR07RIV3 and 4APR10RIV1.
Veterinary,No,,68033,Terminated,Purina Animal Nutrition LLC,1080 County Road F West,N/A,Shoreview,MN,	55216,United States,Voluntary: Firm initiated,Letter,Retailers located in Oregon and Washington states.,V-092-2016,Class I,PURINA START & GROW SUNFRESH MP 0.0125% MEDICATED CRUMBLES packed in 25 LB paper bags.  Formula No. 61Y3; UPC Code: 804273029573.    ,909 / 50 LB Bags,"The Purina Animal Nutrition LLC feed plant in Portland, Ore., has initiated a limited recall of certain poultry feeds due to the potential for lower-than-expected vitamin and trace mineral levels.",04/15/2014,11/25/2015,11/25/2015,12/02/2015,Item Number: 0057265; Lot Number: 4APR08RIV2.
Veterinary,No,,68033,Terminated,Purina Animal Nutrition LLC,1080 County Road F West,N/A,Shoreview,MN,	55216,United States,Voluntary: Firm initiated,Letter,Retailers located in Oregon and Washington states.,V-093-2016,Class I,ALBERS CHICK STARTER/GROWER 18% AMP MEDICATED CRUMBLES packed in a 50 LB paper bag; Formula No.L55N; UPC Code: 883576003251.,118 /50 LB Bags,"The Purina Animal Nutrition LLC feed plant in Portland, Ore., has initiated a limited recall of certain poultry feeds due to the potential for lower-than-expected vitamin and trace mineral levels.",04/15/2014,11/25/2015,11/25/2015,12/02/2015,Item Number: 5052156; Lot Number: 4APR09RIV2.
Veterinary,No,,68033,Terminated,Purina Animal Nutrition LLC,1080 County Road F West,N/A,Shoreview,MN,	55216,United States,Voluntary: Firm initiated,Letter,Retailers located in Oregon and Washington states.,V-094-2016,Class I,PURINA GAME BIRD STARTENA CRUMBLE packed in a 50 LB paper bag; Formula No.5419; UPC Code: 804273001876.,91 / 50 LB Bag of Lot 4APR08RIV3 and 229  / 50 LB Bag  of Lot 4APR09RIV2.,"The Purina Animal Nutrition LLC feed plant in Portland, Ore., has initiated a limited recall of certain poultry feeds due to the potential for lower-than-expected vitamin and trace mineral levels.",04/15/2014,11/25/2015,11/25/2015,12/02/2015,Item Number:0001381 ; Lot Numbers 4APR08RIV3 and  4APR09RIV2.
Veterinary,No,,68033,Terminated,Purina Animal Nutrition LLC,1080 County Road F West,N/A,Shoreview,MN,	55216,United States,Voluntary: Firm initiated,Letter,Retailers located in Oregon and Washington states.,V-095-2016,Class I,DEL' S POULTRY LAYER PELLET packed in a 50 LB paper bag; Formula No 510M.; UPC Code: 749394513269.,949 / 50 LB Bags,"The Purina Animal Nutrition LLC feed plant in Portland, Ore., has initiated a limited recall of certain poultry feeds due to the potential for lower-than-expected vitamin and trace mineral levels.",04/15/2014,11/25/2015,11/25/2015,12/02/2015,Item Number 0010736 ; Lot Number 4APR09RIV3.
Veterinary,No,,68033,Terminated,Purina Animal Nutrition LLC,1080 County Road F West,N/A,Shoreview,MN,	55216,United States,Voluntary: Firm initiated,Letter,Retailers located in Oregon and Washington states.,V-096-2016,Class I,DEL'S LAYER CRUMBLE packed in a 50 LB paper bag; Formula No. 510T ; UPC Code: 749394513276.,685 / 50 LB bags,"The Purina Animal Nutrition LLC feed plant in Portland, Ore., has initiated a limited recall of certain poultry feeds due to the potential for lower-than-expected vitamin and trace mineral levels.",04/15/2014,11/25/2015,11/25/2015,12/02/2015,Item Number0010737; Lot Number 4APR08RIV1.
Veterinary,No,,68033,Terminated,Purina Animal Nutrition LLC,1080 County Road F West,N/A,Shoreview,MN,	55216,United States,Voluntary: Firm initiated,Letter,Retailers located in Oregon and Washington states.,V-097-2016,Class I,HOME GROWN LAYER 16% CRUMBLE packed in a 50 LB paper bag; Formula No. 6022  ; UPC Code: 883576010792.,311 / 50 LB bags,"The Purina Animal Nutrition LLC feed plant in Portland, Ore., has initiated a limited recall of certain poultry feeds due to the potential for lower-than-expected vitamin and trace mineral levels.",04/15/2014,11/25/2015,11/25/2015,12/02/2015,Item Number 0015219 ; Lot Number 4APR08RIV3.
Veterinary,No,,68033,Terminated,Purina Animal Nutrition LLC,1080 County Road F West,N/A,Shoreview,MN,	55216,United States,Voluntary: Firm initiated,Letter,Retailers located in Oregon and Washington states.,V-098-2016,Class I,PURINA LAYENA SUNFRESH RECIPE PELLET packed in a 40 LB paper bag; Formula No 61R3; UPC Code: 804273038728.,1113 / 40 LB bags,"The Purina Animal Nutrition LLC feed plant in Portland, Ore., has initiated a limited recall of certain poultry feeds due to the potential for lower-than-expected vitamin and trace mineral levels.",04/15/2014,11/25/2015,11/25/2015,12/02/2015,Item Number 0052070 ; Lot Number 4APR08RIV2.
Veterinary,No,,68033,Terminated,Purina Animal Nutrition LLC,1080 County Road F West,N/A,Shoreview,MN,	55216,United States,Voluntary: Firm initiated,Letter,Retailers located in Oregon and Washington states.,V-099-2016,Class I,PURINA START & GROW SUNFRESH CRUMBLES packed in a 25 LB paper bag; Formula No 61X3; UPC Code: 804273029542.,373 / 25 LB bags,"The Purina Animal Nutrition LLC feed plant in Portland, Ore., has initiated a limited recall of certain poultry feeds due to the potential for lower-than-expected vitamin and trace mineral levels.",04/15/2014,11/25/2015,11/25/2015,12/02/2015,Item Number 0057261; Lot Number 4APR09RIV2.
Veterinary,No,,68033,Terminated,Purina Animal Nutrition LLC,1080 County Road F West,N/A,Shoreview,MN,	55216,United States,Voluntary: Firm initiated,Letter,Retailers located in Oregon and Washington states.,V-100-2016,Class I,PURINA LAYENA SUNFRESH RECIPE PELLET packed in a 25 LB paper bag; Formula No 61Z3 ; UPC Code: 804273029634.,292 / 25 LB bags,"The Purina Animal Nutrition LLC feed plant in Portland, Ore., has initiated a limited recall of certain poultry feeds due to the potential for lower-than-expected vitamin and trace mineral levels.",04/15/2014,11/25/2015,11/25/2015,12/02/2015,Item Number 0057277; Lot Number 4APR10RIV1.
Veterinary,No,,68033,Terminated,Purina Animal Nutrition LLC,1080 County Road F West,N/A,Shoreview,MN,	55216,United States,Voluntary: Firm initiated,Letter,Retailers located in Oregon and Washington states.,V-101-2016,Class I,ALBERS BROILER STARTER/FINISHER CRUMBLES packed in a 50 LB paper bag; Formula No L55M ; UPC Code: 883576003237.,174 / 50 LB bags,"The Purina Animal Nutrition LLC feed plant in Portland, Ore., has initiated a limited recall of certain poultry feeds due to the potential for lower-than-expected vitamin and trace mineral levels.",04/15/2014,11/25/2015,11/25/2015,12/02/2015,Item Number 5052155; Lot Number 4APR09RIV1.
Veterinary,No,,70431,Terminated,Lloyd Inc. of Iowa,604 W Thomas Ave,N/A,Shenandoah,IA,	51601-1744,United States,Voluntary: Firm initiated,E-Mail,"Distribution was nationwide.  There was no foreign, military, or government distribution.",V-102-2016,Class II,"LLOYD Thyro-Tabs Canine (levothyroxine sodium tablets, USP), 0.1 mg, packaged in 1,000-tablet bottles (NDC 11789-251-20), Rx, Lloyd, Inc., Shenandoah, IA.",761 bottles,Super-potent product:  product tested out of specification (high) for assay at the 6-month stability time point.,02/06/2015,11/25/2015,10/20/2016,12/02/2015,"VKB12114, exp. 9/30/2016"
Veterinary,No,,70534,Terminated,"Virbac AH, Inc",3200 Meacham Blvd,N/A,Fort Worth,TX,	76137-4611,United States,Voluntary: Firm initiated,Letter,Distribution was nationwide including Puerto Rico.,V-103-2016,Class III,"Genesis Topical Spray, Solution of 0.015% Triamcinolone Acetonide, packaged in 8 oz and 16 oz spray bottles","30,396 8 oz bottles and 14,868 16 oz bottles.",Stability testing of a sample was out of specification for potency at the 9 month time point.,02/18/2015,11/25/2015,04/24/2017,12/02/2015,"140085, Exp Jan 2016 and 131154, Exp Sept 2015;"
Veterinary,No,,69853,Terminated,Ainsworth Pet Nutrition,18746 Mill St,N/A,Meadville,PA,	16335-3644,United States,Voluntary: Firm initiated,Letter,AL ;   AR ;   AZ ;   CA ;   CO ;   CT ;   DE ;   FL ;   GA ;   IA ;   IL ;   IN ;   KS ;   KY ;   LA ;   ME ;   MI ;   MN ;   MO ;   MS ;   NC ;   NE ;   NH ;   NJ ;   NV ;   NY ;   OH ;   OR ;   PA ;   SC ;   TN ;   TX ;   UT ;   VA ;   WA ;   WI ;,V-104-2016,Class I,"Rachael Ray Nutrish Natural Food For Cats  Paw Lickin Chicken and Liver  Net Wt. 2.8 oz.;     on side of cup: Best Before (up to and including) Aug 17 2015;     On bottom of cup: Distributed By: Ainsworth Pet Nutrition, Meadville, PA 16335  Product of Thailand.    In plastic cup with foil seal","2929 cases, 24 cups/cs.",Elevated levels of Vitamin D,06/03/2015,12/02/2015,04/27/2016,12/09/2015,Best Buy dates up to and including:  Aug 17 2015
Veterinary,No,,69853,Terminated,Ainsworth Pet Nutrition,18746 Mill St,N/A,Meadville,PA,	16335-3644,United States,Voluntary: Firm initiated,Letter,AL ;   AR ;   AZ ;   CA ;   CO ;   CT ;   DE ;   FL ;   GA ;   IA ;   IL ;   IN ;   KS ;   KY ;   LA ;   ME ;   MI ;   MN ;   MO ;   MS ;   NC ;   NE ;   NH ;   NJ ;   NV ;   NY ;   OH ;   OR ;   PA ;   SC ;   TN ;   TX ;   UT ;   VA ;   WA ;   WI ;,V-105-2016,Class I,"Rachael Ray Nutrish Natural Food For Cats  Ocean Fish & Chicken Catch-Iatore  Net Wt. 2.8 oz.;     on side of cup: Best Before (up to and including) DEC 1 2016;     On bottom of cup: Distributed by: Ainsworth Pet Nutrition, Inc., Meadville, PA 16335;    In plastic cup with foil seal","12,284 cs, 24 cups/cs.",Elevated levels of Vitamin D,06/03/2015,12/02/2015,04/27/2016,12/09/2015,Best Buy dates up to and including:  Dec 1 2016
Veterinary,No,,69853,Terminated,Ainsworth Pet Nutrition,18746 Mill St,N/A,Meadville,PA,	16335-3644,United States,Voluntary: Firm initiated,Letter,AL ;   AR ;   AZ ;   CA ;   CO ;   CT ;   DE ;   FL ;   GA ;   IA ;   IL ;   IN ;   KS ;   KY ;   LA ;   ME ;   MI ;   MN ;   MO ;   MS ;   NC ;   NE ;   NH ;   NJ ;   NV ;   NY ;   OH ;   OR ;   PA ;   SC ;   TN ;   TX ;   UT ;   VA ;   WA ;   WI ;,V-106-2016,Class I,"Rachael Ray Nutrish Natural Food For Cats; Ocean Fish-A-Licious;   Net Wt. 2.8 oz.;     on side of cup: Best Before (up to and including) DEC 1 2016;     On bottom of cup: Distributed by: Ainsworth Pet Nutrition, Inc., Meadville, PA 16335;    In plastic cup with foil seal    ","13,654 cs; 24 cups/cs",Elevated levels of Vitamin D,06/03/2015,12/02/2015,04/27/2016,12/09/2015,Best Buy dates up to and including:  Dec 1 2016
Veterinary,No,,69853,Terminated,Ainsworth Pet Nutrition,18746 Mill St,N/A,Meadville,PA,	16335-3644,United States,Voluntary: Firm initiated,Letter,AL ;   AR ;   AZ ;   CA ;   CO ;   CT ;   DE ;   FL ;   GA ;   IA ;   IL ;   IN ;   KS ;   KY ;   LA ;   ME ;   MI ;   MN ;   MO ;   MS ;   NC ;   NE ;   NH ;   NJ ;   NV ;   NY ;   OH ;   OR ;   PA ;   SC ;   TN ;   TX ;   UT ;   VA ;   WA ;   WI ;,V-107-2016,Class I,"Rachael Ray Nutrish Natural Food For Cats  12 Count  12 - 2.8 oz. cups  Net Wt. 33.6 oz.  Best Before (up to and including) DEC 1 2016  Distributed By: Ainsworth Pet Nutrition Inc., Meadville, PA 16335      Variety:  Chicken Lovers Variety Pack;   Ocean Lovers Variety Pack","Ocean lover's - 18006 cs 12 units/cs; Chicken Lovers - 33,117 cs 12 units/cs",Elevated levels of Vitamin D,06/03/2015,12/02/2015,04/27/2016,12/09/2015,Best Buy dates up to and including:  Dec 1 2016
Veterinary,No,,69853,Terminated,Ainsworth Pet Nutrition,18746 Mill St,N/A,Meadville,PA,	16335-3644,United States,Voluntary: Firm initiated,Letter,AL ;   AR ;   AZ ;   CA ;   CO ;   CT ;   DE ;   FL ;   GA ;   IA ;   IL ;   IN ;   KS ;   KY ;   LA ;   ME ;   MI ;   MN ;   MO ;   MS ;   NC ;   NE ;   NH ;   NJ ;   NV ;   NY ;   OH ;   OR ;   PA ;   SC ;   TN ;   TX ;   UT ;   VA ;   WA ;   WI ;,V-108-2016,Class I,"Rachael Ray Nutrish Natural Food For Cats; Lip Smackin' Sardine & Mackerel;   Net Wt. 2.8 oz. cups;     on side of cup: Best Before (up to and including) DEC 1 2016;     On bottom of cup: Distributed by: Ainsworth Pet Nutrition, Inc., Meadville, PA 16335;    In plastic cup with foil seal    ","5140 cs, 24 cups/cs.",Elevated levels of Vitamin D,06/03/2015,12/02/2015,04/27/2016,12/09/2015,Best Buy dates up to and including:  Dec 1 2016
Veterinary,No,,69853,Terminated,Ainsworth Pet Nutrition,18746 Mill St,N/A,Meadville,PA,	16335-3644,United States,Voluntary: Firm initiated,Letter,AL ;   AR ;   AZ ;   CA ;   CO ;   CT ;   DE ;   FL ;   GA ;   IA ;   IL ;   IN ;   KS ;   KY ;   LA ;   ME ;   MI ;   MN ;   MO ;   MS ;   NC ;   NE ;   NH ;   NJ ;   NV ;   NY ;   OH ;   OR ;   PA ;   SC ;   TN ;   TX ;   UT ;   VA ;   WA ;   WI ;,V-109-2016,Class I,"Rachael Ray Nutrish Natural Food For Cats; Tuna Purrfection;   Net Wt. 2.8 oz. cups;    on side of cup: Best Before (up to and including) DEC 1 2016;     On bottom of cup: Distributed by: Ainsworth Pet Nutrition, Inc., Meadville, PA 16335;    In plastic cup with foil seal  ","46,186 cs, 24 cups/cs.",Elevated levels of Vitamin D,06/03/2015,12/02/2015,04/27/2016,12/09/2015,Best Buy dates up to and including:  Dec 1 2016
Veterinary,No,,72012,Terminated,Burkmann Industries Inc.,1111 Perryville Rd,N/A,Danville,KY,	40422-1306,United States,Voluntary: Firm initiated,Other,"Product was shipped to the following states: KY, TN & WV.",V-110-2016,Class II,"711 Burkmann Feeds STRESS 700 MEDICATED PREMIX OR TOPDRESS FOR BEEF CATTLE, ***ACTIVE DRUG INGREDIENTS Chlortetracycline, Sulfamethazine**"" Manufactured By BURKMANN FEEDS Danville, Kentucky 40422 NET WT. 25 LBS. (11.36 KG) 825",425/25 lb bags,Unapproved indication of use for the drug combination of lasalocid and chlortetracycline.  Specifically the statement and reduction of liver condemnations due to abscesses.,08/20/2015,12/18/2015,02/04/2016,12/30/2015,"Batch #'s: 212104, 104095, 107215"
Veterinary,No,,72012,Terminated,Burkmann Industries Inc.,1111 Perryville Rd,N/A,Danville,KY,	40422-1306,United States,Voluntary: Firm initiated,Other,"Product was shipped to the following states: KY, TN & WV.",V-111-2016,Class II,"805 Burkmann Feeds Bovagard MEDICATED MIXING MINERAL FOR BEEF CATTLE, ""***ACTIVE DRUG INGREDIENT Lasalocid.***"" Manufactured By BURKMANN FEEDS Danville, Kentucky 40422 NET WT. 50 LBS. (22.67 KG) 825","2,104/50 lb bags",Unapproved indication of use for the drug combination of lasalocid and chlortetracycline.  Specifically the statement and reduction of liver condemnations due to abscesses.,08/20/2015,12/18/2015,02/04/2016,12/30/2015,"Batch #'s:101215, 201295, 102185, 203245, 204135, 205015, 205285, 107075, 107165 & 108135."
Veterinary,No,,72012,Terminated,Burkmann Industries Inc.,1111 Perryville Rd,N/A,Danville,KY,	40422-1306,United States,Voluntary: Firm initiated,Other,"Product was shipped to the following states: KY, TN & WV.",V-112-2016,Class II,"812 Burkmann Feeds PASTURE BALANCER-RUM MEDICATED MIXING MINERAL FOR BEEF CATTLE, ACTIVE DRUG INGREDIENT Monensin***"" Manufactured By BURKMANN FEEDS Danville, Kentucky 40422 NET WT. 50 LBS. (22.67 KG) 825",460/50 lb bags,Unapproved indication of use for the drug combination of lasalocid and chlortetracycline.  Specifically the statement and reduction of liver condemnations due to abscesses.,08/20/2015,12/18/2015,02/04/2016,12/30/2015,"Batch #'s: 212134, 102115, 206045 & 108135."
Veterinary,No,,72012,Terminated,Burkmann Industries Inc.,1111 Perryville Rd,N/A,Danville,KY,	40422-1306,United States,Voluntary: Firm initiated,Other,"Product was shipped to the following states: KY, TN & WV.",V-113-2016,Class II,"814 Burkmann Feeds RUMAGARD MEDICATED MIXING MINERAL FOR BEEF CATTLE, ""***ACTIVE DRUG INGREDIENT Monensin ***"" Manufactured By BURKMANN FEEDS Danville, Kentucky 40422 NET WT. 50 LBS. (22.67 KG) 825","5,408/50 lb bags",Unapproved indication of use for the drug combination of lasalocid and chlortetracycline.  Specifically the statement and reduction of liver condemnations due to abscesses.,08/20/2015,12/18/2015,02/04/2016,12/30/2015,"Batch #'s: 111204, 212154, 301095, 101215, 102105, 203195, 204135, 204165, 204575, 205135, 105295, 206125, 32206, 107145, 307285, 208215, 108275"
Veterinary,No,,72012,Terminated,Burkmann Industries Inc.,1111 Perryville Rd,N/A,Danville,KY,	40422-1306,United States,Voluntary: Firm initiated,Other,"Product was shipped to the following states: KY, TN & WV.",V-114-2016,Class II,"818 Burkmann Feeds RUMAMAG MEDICATED MIXING MINERAL FOR BEEF CATTLE, ""***ACTIVE DRUG INGREDIENT Monensin.***"" Manufactured By BURKMANN FEEDS Danville, Kentucky 40422 NET WT. 50 LBS. (22.67 KG) 825",644/50 lb bags,Unapproved indication of use for the drug combination of lasalocid and chlortetracycline.  Specifically the statement and reduction of liver condemnations due to abscesses.,08/20/2015,12/18/2015,02/04/2016,12/30/2015,"Batch #'s: 201295, 103225 & 61316."
Veterinary,No,,72012,Terminated,Burkmann Industries Inc.,1111 Perryville Rd,N/A,Danville,KY,	40422-1306,United States,Voluntary: Firm initiated,Other,"Product was shipped to the following states: KY, TN & WV.",V-115-2016,Class II,"825 Burkmann Feeds I-MAX MEDICATED MIXING MINERAL FOR BEEF CATTLE, ""***ACTIVE DRUG INGREDIENTS  Lasalocid, Chlortetracycline***"" Manufactured By BURKMANN FEEDS Danville, Kentucky 40422 NET WT. 50 LBS. (22.67 KG) 825","2,264/50 lb bags",Unapproved indication of use for the drug combination of lasalocid and chlortetracycline.  Specifically the statement and reduction of liver condemnations due to abscesses.,08/20/2015,12/18/2015,02/04/2016,12/30/2015,"Batch #'s: 203075, 203245, 204035, 205285, 106105, 206305, 207085, 208075"
Veterinary,No,,72012,Terminated,Burkmann Industries Inc.,1111 Perryville Rd,N/A,Danville,KY,	40422-1306,United States,Voluntary: Firm initiated,Other,"Product was shipped to the following states: KY, TN & WV.",V-116-2016,Class II,"827 Burkmann Feeds COPRODUCT FORTIFIER-RUM MEDICATED MIXING MINERAL FOR BEEF CATTLE""***ACTIVE DRUG INGREDIENTS Monensin***"" Manufactured By BURKMANN FEEDS Danville, Kentucky 40422 NET WT. 50 LBS. (22.67 KG) 825","1,523/50 lb bags",Unapproved indication of use for the drug combination of lasalocid and chlortetracycline.  Specifically the statement and reduction of liver condemnations due to abscesses.,08/20/2015,12/18/2015,02/04/2016,12/30/2015,"Batch #'s: 101125, 203065, 203245, 204135, 205045 & 106295."
Veterinary,No,,72012,Terminated,Burkmann Industries Inc.,1111 Perryville Rd,N/A,Danville,KY,	40422-1306,United States,Voluntary: Firm initiated,Other,"Product was shipped to the following states: KY, TN & WV.",V-117-2016,Class II,"830 Burkmann Feeds RUMAX MINERAL MEDICATED MIXING MINERAL FOR BEEF CATTLE""***ACTIVE DRUG INGREDIENTS Monensin***"" Manufactured By BURKMANN FEEDS Danville, Kentucky 40422 NET WT. 50 LBS. (22.67 KG) 825","2,080/50 lb bags",Unapproved indication of use for the drug combination of lasalocid and chlortetracycline.  Specifically the statement and reduction of liver condemnations due to abscesses.,08/20/2015,12/18/2015,02/04/2016,12/30/2015,"Batch #'s: 30195, 1234, 103075, 103195, 204025,304275, 205045, 105145, 160165, 107015 & 108195."
Veterinary,No,,69675,Terminated,Bartlett Grain Company,4900 Main St Suite 1200,N/A,Kansas City,MO,	64112-2683,United States,Voluntary: Firm initiated,Press Release,"NC, SC, TN and VA.",V-118-2016,Class I,"Bartlett Pasture Horse 10 Feed, Cleveland Carolina Champion Horse Feed, 50 lb bags, Manufactured by Bartlett Milling Co., Statesville, NC 28687",484 bags (50 lbs per bag),Product may be contaminated with Rumensin.,10/31/2014,12/23/2015,02/28/2017,12/30/2015,Lot 288
Veterinary,No,,69675,Terminated,Bartlett Grain Company,4900 Main St Suite 1200,N/A,Kansas City,MO,	64112-2683,United States,Voluntary: Firm initiated,Press Release,"NC, SC, TN and VA.",V-119-2016,Class I,"Cleveland Carolina Champion Horse Feed, 50 lb bags, Manufactured and Guaranteed by Eagle Roller Mill Co., Shelby, NC 28150.",N/A,Product may be contaminated with Rumensin.,10/31/2014,12/23/2015,02/28/2017,12/30/2015,Lot 288
Veterinary,No,,69811,Terminated,Westminster Pet Products,35 Martin St,N/A,Cumberland,RI,	02864-5361,United States,Voluntary: Firm initiated,E-Mail,"Walgreens Distribution Centers in PA, NY, CT, FL, and WI",V-120-2016,Class III,"Pet Shoppe Chicken Jerky, in a 20 oz resealable plastic bag.  Stored at room temperature.  UPC Code: 049022575875","30,352 bags",Presence of antibiotics (sulfaclozine) in product.,07/01/2014,12/23/2015,06/21/2016,12/30/2015,"Lot # 13042301, Best By: 4/22/2015"
Veterinary,No,,70302,Terminated,Land O Lakes Purina LLC,1080 County Road F W,N/A,Shoreview,MN,	55126-2910,United States,Voluntary: Firm initiated,Letter,"Colorado, New Mexico, and Oklahoma",V-121-2016,Class I,Purina Forage Balancer Block 3HL 33.3 lb. blocks; Formula No. 3117; Item No. 0030224; 90 units per pallet,891 blocks,Potential for an elevated urea level in some blocks.,01/19/2015,12/23/2015,03/03/2016,12/30/2015,Lot No. 4MAR12LUB1
Veterinary,No,,69691,Terminated,Norbrook Inc,9733 Loiret Blvd,N/A,Lenexa,KS,	66219-2409,United States,Voluntary: Firm initiated,Letter,Product was distributed nationwide.,V-210-2015,Class II,"PUTNEY Carprofen Caplets, Non-steroidal anti-Inflammatory drug, 100 mg, packaged in 180 ct bottles. Responsible firm name on label is Norbrook Laboratories Limited, Newry, Northern Ireland.","651,240 / 100mg caplets (3,618 x 180-ct bottles)",The potential that an unknown number of caplets may bear or contain metal fragments after a customer reported finding a metal fragment in a single caplet of the product.,11/24/2014,01/20/2015,08/19/2016,01/28/2015,Lot # 4202-220
Veterinary,No,,70026,Terminated,"Virbac AH, Inc",3200 Meacham Blvd,N/A,Fort Worth,TX,	76137-4611,United States,Voluntary: Firm initiated,Telephone,"Product distributed to: CA, FL, IA, IN, MI, MN, MO, MS, NE, PA, SD, TN, TX and WI",V-211-2015,Class III,"Virbac Virbantel (pyrantel pamoate/praziquantel) 50 Flavored Chewables, 114 mg pyrantel pomoate and 114 mg praziquantel, De-Wormer for Dogs Only, Medium and Large Dogs, 25.1 to 200 lbs, ANDA 141-261, NDC 051311-741-50, Mfd. by: Virbac AH, Inc., Fort Worth, TX",1800/50-count/bottles,Missing expiry date on product labeling.,12/17/2014,01/22/2015,03/10/2017,01/28/2015,"Lot: 131243, Expiration 08/2016"
Veterinary,No,,69617,Terminated,Animalgesic Labs,1121 Benfield Blvd,Suite Q,Millersville,MD,	21108,United States,Voluntary: Firm initiated,E-Mail,"Domestic Distribution only.    Animalgesic Labs has 22 direct end-user accounts and 1 direct distributor account Henry Schein Animal Health. The direct end-user accounts are animal research facilities including academia, private industry and the National Institutes of Health.    ALI distributed a total (B140001 and B140025) of 70 units to the 22 end-user accounts and 160 units to direct distributor Henry Schein Animal Health.    ALI estimates that less than 10 units of B140001 and approx. 25 units of B140025 remainin the market place at the end-user level. This is based on the timeframe of distribution toend-user and estimation that the drug product would be used within 1 month of purchase.",V-212-2015,Class III,Brand Name: Animalgesics for Mice    NDC: 86004-100-30    Active Ingredient: 1.3 mg/mL buprenorphine HCl    Dosage Form: Injectable suspension    Firm Product Number: n/a    Packaging: 5 mL Type 1 glass vial with 20 mm elastomeric stopper and flip-top seal    Size: 3.0 mL    Dose: 3.25 mg/kg; approx. 50 doses per vial    Rx: By or on the order of a licensed veterinarian,"Lot #  B140001, Quanty Distributed : 142 Lot #  B140025, Quanty Distributed : 88","The voluntary recall was initiated due to failure of two distributed batches of drug product to meet specifications established by Animalgesic Laboratories, Inc. (ALI).",10/16/2014,01/22/2015,04/01/2015,01/28/2015,"B140001, Expiration JAN 2015  B140025, Expiration MAR 2015"
Veterinary,No,,70031,Terminated,"Virbac AH, Inc",3200 Meacham Blvd,N/A,Fort Worth,TX,	76137-4611,United States,Voluntary: Firm initiated,Telephone,"Product was distributed to: CA, CO, FL, GA, IA, IL, IN, MD, MI, MN, MO, MS, OH, OR, PA, TN, TX, VA, WI and Puerto Rico",V-213-2015,Class III,"Virbac Clintabs Tablets, clindamycin hydrochloride tablets, USP, 25 mg., packaged in 400-count bottles, For Use in Dogs Only, RX, ANDA #200-316, NDC 051311-400-40.  Mfd. for Virbac AH, Inc., Fort Worth, TX.","8,034/400-count/bottles",Missing product labeling.,12/17/2014,01/23/2015,03/10/2017,02/04/2015,"Lot: 140129, Expiry 01/2016  Lot: 140294, Expiry 02/2016"
Veterinary,No,,70031,Terminated,"Virbac AH, Inc",3200 Meacham Blvd,N/A,Fort Worth,TX,	76137-4611,United States,Voluntary: Firm initiated,Telephone,"Product was distributed to: CA, CO, FL, GA, IA, IL, IN, MD, MI, MN, MO, MS, OH, OR, PA, TN, TX, VA, WI and Puerto Rico",V-214-2015,Class III,"Virbac Clintabs Tablets, clindamycin hydrochloride tablets, USP, 75 mg., packaged in 200-count bottles, For Use in Dogs Only, RX, ANDA #200-316, NDC 051311-402-75.  Mfd. for Virbac AH, Inc., Fort Worth, TX.",1152/200-count/bottles,Missing product labeling.,12/17/2014,01/23/2015,03/10/2017,02/04/2015,"Lot: 140697, Expiry 06/2016"
Veterinary,No,,70031,Terminated,"Virbac AH, Inc",3200 Meacham Blvd,N/A,Fort Worth,TX,	76137-4611,United States,Voluntary: Firm initiated,Telephone,"Product was distributed to: CA, CO, FL, GA, IA, IL, IN, MD, MI, MN, MO, MS, OH, OR, PA, TN, TX, VA, WI and Puerto Rico",V-215-2015,Class III,"Virbac Clintabs Tablets, clindamycin hydrochloride tablets, USP, 150 mg., packaged in 100-count bottles, For Use in Dogs Only, RX, ANDA #200-316, NDC 051311-404-15.  Mfd. for Virbac AH, Inc., Fort Worth, TX.",912/100-count/Bottles,Missing product labeling.,12/17/2014,01/23/2015,03/10/2017,02/04/2015,"Lot: 140955, Expiry 06/2016"
Veterinary,No,,69905,Terminated,Tri-Star Equine Marketing LLC,16060 Loch Katrine Trl,#7703,Delray Beach,FL,	33446-3143,United States,Voluntary: Firm initiated,"Two or more of the following: Email, Fax, Letter, Press Release, Telephone, Visit","PA, NY, MI, AL, NJ, FL, KY, OH, MN, MA, DE, VT, and MS  CA, IN, IL, MD, VA.",V-216-2015,Class II,Gastrotec (Omeprazole 2.28 g / Misoprostol 1.4 mg.)  ,"1,958","Gastrotec, must have an approved new animal drug application to be legally marketed in the United States. Gastrotec is not approved by the FDA.",10/31/2014,01/23/2015,07/26/2017,02/04/2015,"All lots, All expiration dates."
Veterinary,No,,70083,Terminated,"Virbac AH, Inc",3200 Meacham Blvd,N/A,Fort Worth,TX,	76137-4611,United States,Voluntary: Firm initiated,Telephone,"Product was distributed to: CA, FL, HI, IA, IN, MI, MN, MO, NE, OR, PA, TN, TX, WI, Guam and Puerto Rico.",V-217-2015,Class III,"Virbac Soloxine (levothyroxine sodium) Tablets, 0.1mg packaged in 250 and 1000 count bottles. NDC 051311-831-25. Virbac AH Inc., Fort Worth, TX.","0.1mg - 1,392/1000 and 1,344/250 count/bottles","Product missing expiration dates, lot numbers and the presence of a foreign tablet.",12/22/2014,01/23/2015,04/24/2017,02/04/2015,Lot Number: 130846
Veterinary,No,,70083,Terminated,"Virbac AH, Inc",3200 Meacham Blvd,N/A,Fort Worth,TX,	76137-4611,United States,Voluntary: Firm initiated,Telephone,"Product was distributed to: CA, FL, HI, IA, IN, MI, MN, MO, NE, OR, PA, TN, TX, WI, Guam and Puerto Rico.",V-218-2015,Class III,"Virbac Soloxine (levothyroxine sodium) Tablets, 0.2mg., packaged in 250 count bottles. NDC 051311-832-25. Virbac AH Inc., Fort Worth, TX.","0.2mg - 3,156/250 count/bottles",Product missing expiration dates and lot numbers,12/22/2014,01/23/2015,04/24/2017,02/04/2015,Lot Number: 141103
Veterinary,No,,70083,Terminated,"Virbac AH, Inc",3200 Meacham Blvd,N/A,Fort Worth,TX,	76137-4611,United States,Voluntary: Firm initiated,Telephone,"Product was distributed to: CA, FL, HI, IA, IN, MI, MN, MO, NE, OR, PA, TN, TX, WI, Guam and Puerto Rico.",V-219-2015,Class III,"Virbac Soloxine (levothyroxine sodium) Tablets, 0.8mg., packaged in 250 and 1000 count bottles. NDC 051311-838-25. Virbac AH, Inc., Fort Worth, TX.","0.8mg - 1,200/1000 and 3,648/250 count/bottles",Product missing expiration dates and lot numbers,12/22/2014,01/23/2015,04/24/2017,02/04/2015,Lot Number: 130921
Veterinary,No,,68413,Terminated,SUNSHINE MILLS INC,500 6th St Sw,N/A,Red Bay,AL,	35582-4084,United States,Voluntary: Firm initiated,E-Mail,"FL, IA, IN, GA, CT, PA, and TX",V-220-2015,Class I,"WHOLE PAWS (TM), MAINTENANCE FORMULA, CHICKEN AND BROWN RICE RECIPE, dog food, NET WT 6 LBS, UPC 0 99482 44710 6",2612 units,A sample of one lot of product was found to contain levels of thiamine below the FDA recommended limit.,05/28/2014,01/29/2015,01/30/2015,02/04/2015,Lot Number: BEST BY TD2 09 NOVEMBER 2014
Veterinary,No,,70289,Terminated,"Virbac AH, Inc",3200 Meacham Blvd,N/A,Fort Worth,TX,	76137-4611,United States,Voluntary: Firm initiated,Letter,Distribution was nationwide.,V-221-2015,Class II,"TUMIL-K- potassium gluconate powder, 2 mEq per 0.65 g (1/4 level teaspoon), 4 oz bottle, Manufactured for Virbac, Inc., P.O. Box 162059, Fort Worth, TX 76161    ",1885 bottles,These four lots of four different products may contain units that lack labels.,01/22/2015,02/12/2015,03/10/2017,02/18/2015,120103 Exp: 1/15.
Veterinary,No,,70289,Terminated,"Virbac AH, Inc",3200 Meacham Blvd,N/A,Fort Worth,TX,	76137-4611,United States,Voluntary: Firm initiated,Letter,Distribution was nationwide.,V-222-2015,Class II,"UROEZE ammonium chloride, 200 mg tablets, packaged in 500 count bottles, Manufactured by Virbac, Inc., P.O. Box 162059, Fort Worth, TX 76161    ",456 bottles,These four lots of four different products may contain units that lack labels.,01/22/2015,02/12/2015,03/10/2017,02/18/2015,140166 Exp: 1/16;
Veterinary,No,,70289,Terminated,"Virbac AH, Inc",3200 Meacham Blvd,N/A,Fort Worth,TX,	76137-4611,United States,Voluntary: Firm initiated,Letter,Distribution was nationwide.,V-223-2015,Class II,"Allerderm Efa-Caps, packaged in 60 capsule bottles, Distributed by Virbac AH, Inc., P.O. Box 162059, Fort Worth, TX 76161    ",9600 bottles,These four lots of four different products may contain units that lack labels.,01/22/2015,02/12/2015,03/10/2017,02/18/2015,131161 Exp: 11/15;
Veterinary,No,,70289,Terminated,"Virbac AH, Inc",3200 Meacham Blvd,N/A,Fort Worth,TX,	76137-4611,United States,Voluntary: Firm initiated,Letter,Distribution was nationwide.,V-224-2015,Class II,"Thyrosyn 0.7 mg, Levothyroxin Sodium Tablet packaged in 180 tablet bottles, Distributed by Vedco, Inc. St. Joseph, MO 64507",236 bottles,These four lots of four different products may contain units that lack labels.,01/22/2015,02/12/2015,03/10/2017,02/18/2015,"140621, Exp: 5/16;"
Veterinary,No,,70219,Terminated,Sogeval Laboratories Inc,4027 Tampa Rd Ste 3000,N/A,Oldsmar,FL,	34677-3215,United States,Voluntary: Firm initiated,"Two or more of the following: Email, Fax, Letter, Press Release, Telephone, Visit","AL, AZ, CA, CO, CT, FL, GA, IA, ID, IL, IN, KS, KY, LA, MA, MD, ME, MI, MN, MO, MS, NC, NE, NJ, NV, NY, OH, OK, OR, PA, RI, SC, SD, TN, TX, UT, VA, WA, and WI  CANADA, CHINA, ISRAEL, and LATVIA",V-225-2015,Class III,SOGEVAL Medicated Shampoo Antibacterial and Anti Fungal in 16 fl. oz.,"4,488 units","Labeling discrepancy listing the active ingredient, Chloroxylenol as 2% when the actual concentration is 0.25%.",05/16/2014,02/13/2015,08/06/2015,02/25/2015,"Lot numbers: 120625, 120833, 120863, 121277, 130198, 130464, 130905C, 130950A, 130950C, and 140098"
Veterinary,No,,70219,Terminated,Sogeval Laboratories Inc,4027 Tampa Rd Ste 3000,N/A,Oldsmar,FL,	34677-3215,United States,Voluntary: Firm initiated,"Two or more of the following: Email, Fax, Letter, Press Release, Telephone, Visit","AL, AZ, CA, CO, CT, FL, GA, IA, ID, IL, IN, KS, KY, LA, MA, MD, ME, MI, MN, MO, MS, NC, NE, NJ, NV, NY, OH, OK, OR, PA, RI, SC, SD, TN, TX, UT, VA, WA, and WI  CANADA, CHINA, ISRAEL, and LATVIA",V-226-2015,Class III,VET ONE Medicated Shampoo Veterinary Formula Antibacterial and Antifungal in 16 fl. oz.,"2,725 units","Labeling discrepancy listing the active ingredient, Chloroxylenol as 2% when the actual concentration is 0.25%.",05/16/2014,02/13/2015,08/06/2015,02/25/2015,"Lot numbers: 120625, 120833, 120863, 121277, 130198, 130464, 130905C, 130950A, 130950C, and 140098"
Veterinary,No,,70219,Terminated,Sogeval Laboratories Inc,4027 Tampa Rd Ste 3000,N/A,Oldsmar,FL,	34677-3215,United States,Voluntary: Firm initiated,"Two or more of the following: Email, Fax, Letter, Press Release, Telephone, Visit","AL, AZ, CA, CO, CT, FL, GA, IA, ID, IL, IN, KS, KY, LA, MA, MD, ME, MI, MN, MO, MS, NC, NE, NJ, NV, NY, OH, OK, OR, PA, RI, SC, SD, TN, TX, UT, VA, WA, and WI  CANADA, CHINA, ISRAEL, and LATVIA",V-227-2015,Class III,VET SELECTION Universal Medicated Shampoo for Dogs and Cats in 8 or 16 fl. oz.,"8,337 units","Labeling discrepancy listing the active ingredient, Chloroxylenol as 2% when the actual concentration is 0.25%.",05/16/2014,02/13/2015,08/06/2015,02/25/2015,"Lot numbers: 120625, 120833, 120863, 121277, 130198, 130464, 130905C, 130950A, 130950C, and 140098"
Veterinary,No,,70219,Terminated,Sogeval Laboratories Inc,4027 Tampa Rd Ste 3000,N/A,Oldsmar,FL,	34677-3215,United States,Voluntary: Firm initiated,"Two or more of the following: Email, Fax, Letter, Press Release, Telephone, Visit","AL, AZ, CA, CO, CT, FL, GA, IA, ID, IL, IN, KS, KY, LA, MA, MD, ME, MI, MN, MO, MS, NC, NE, NJ, NV, NY, OH, OK, OR, PA, RI, SC, SD, TN, TX, UT, VA, WA, and WI  CANADA, CHINA, ISRAEL, and LATVIA",V-228-2015,Class III,"Dr. SKIN MediSeb Shampoo All Purpose, Antiseborrheic, Antimicrobial, Cleansing Formulation  in 8 fl. oz.","1,008 units","Labeling discrepancy listing the active ingredient, Chloroxylenol as 2% when the actual concentration is 0.25%.",05/16/2014,02/13/2015,08/06/2015,02/25/2015,"Lot numbers: 120625, 120833, 120863, 121277, 130198, 130464, 130905C, 130950A, 130950C, and 140098"
Veterinary,No,,70219,Terminated,Sogeval Laboratories Inc,4027 Tampa Rd Ste 3000,N/A,Oldsmar,FL,	34677-3215,United States,Voluntary: Firm initiated,"Two or more of the following: Email, Fax, Letter, Press Release, Telephone, Visit","AL, AZ, CA, CO, CT, FL, GA, IA, ID, IL, IN, KS, KY, LA, MA, MD, ME, MI, MN, MO, MS, NC, NE, NJ, NV, NY, OH, OK, OR, PA, RI, SC, SD, TN, TX, UT, VA, WA, and WI  CANADA, CHINA, ISRAEL, and LATVIA",V-229-2015,Class III,"TALGAL PRO Medicated Shampoo Antibacterial, Antifungal in 16 fl.oz.","2,088","Labeling discrepancy listing the active ingredient, Chloroxylenol as 2% when the actual concentration is 0.25%.",05/16/2014,02/13/2015,08/06/2015,02/25/2015,"Lot numbers: 120625, 120833, 120863, 121277, 130198, 130464, 130905C, 130950A, 130950C, and 140098"
Veterinary,No,,70219,Terminated,Sogeval Laboratories Inc,4027 Tampa Rd Ste 3000,N/A,Oldsmar,FL,	34677-3215,United States,Voluntary: Firm initiated,"Two or more of the following: Email, Fax, Letter, Press Release, Telephone, Visit","AL, AZ, CA, CO, CT, FL, GA, IA, ID, IL, IN, KS, KY, LA, MA, MD, ME, MI, MN, MO, MS, NC, NE, NJ, NV, NY, OH, OK, OR, PA, RI, SC, SD, TN, TX, UT, VA, WA, and WI  CANADA, CHINA, ISRAEL, and LATVIA",V-230-2015,Class III,"VHS Veterinary Healthcare Solutions Medicated Shampoo Antibacterial Antifungal for dogs, cats, and horses in 16 fl.oz.",240,"Labeling discrepancy listing the active ingredient, Chloroxylenol as 2% when the actual concentration is 0.25%.",05/16/2014,02/13/2015,08/06/2015,02/25/2015,"Lot numbers: 120625, 120833, 120863, 121277, 130198, 130464, 130905C, 130950A, 130950C, and 140098"
Veterinary,No,,70219,Terminated,Sogeval Laboratories Inc,4027 Tampa Rd Ste 3000,N/A,Oldsmar,FL,	34677-3215,United States,Voluntary: Firm initiated,"Two or more of the following: Email, Fax, Letter, Press Release, Telephone, Visit","AL, AZ, CA, CO, CT, FL, GA, IA, ID, IL, IN, KS, KY, LA, MA, MD, ME, MI, MN, MO, MS, NC, NE, NJ, NV, NY, OH, OK, OR, PA, RI, SC, SD, TN, TX, UT, VA, WA, and WI  CANADA, CHINA, ISRAEL, and LATVIA",V-231-2015,Class III,DOC  WATSON'S REMEDIES Salon Medicated Shampoo Antibacterial Antifungal in 16 fl.oz,"1,404","Labeling discrepancy listing the active ingredient, Chloroxylenol as 2% when the actual concentration is 0.25%.",05/16/2014,02/13/2015,08/06/2015,02/25/2015,"Lot numbers: 120625, 120833, 120863, 121277, 130198, 130464, 130905C, 130950A, 130950C, and 140098"
Veterinary,No,,70358,Terminated,"Cox Veterinary Laboratory, Inc.",1865 Pressley Rd,N/A,Chester,SC,	29706-7023,United States,Voluntary: Firm initiated,Press Release,"AR, CO, FL, GA, IA, IL, IN, KY, LA, NC, NJ, OH, PA, SC, TN, TX & VA.",V-232-2015,Class II,"Gastroade Xtra (Omeprazole) paste, Net Contents 32 ml, Cox Cox Veterinary Laboratory, Inc., 1865 Pressley Rd., Chester, SC 29706.","10,571 units",Product is an unapproved new animal drug.,01/23/2015,02/13/2015,10/22/2015,02/25/2015,"Batch #005, UPC 091037382986, manufactured 5/29/2014."
Veterinary,No,,70372,Terminated,"BJB, LLC",340 Michigan St Se,N/A,Hutchinson,MN,	55350-1908,United States,Voluntary: Firm initiated,Telephone,IA,V-233-2015,Class II,Yellow Grease,"42,340 lbs.",Truck load of inedible grease did not contain the caution statement do not feed to ruminants.,01/13/2015,02/23/2015,03/25/2015,03/04/2015,none
Veterinary,No,,71192,Terminated,"Virbac AH, Inc",3200 Meacham Blvd,N/A,Fort Worth,TX,	76137-4611,United States,Voluntary: Firm initiated,Letter,"Nationwide, including Puerto Rico.  There was no government, military, or foreign distribution.",V-234-2015,Class II,"Virbac Animal Health Soloxine (Levothyroxine Sodium) 0.2 mg Tablets packaged as 250 tablets per plastic bottle. NDC 051311-832-25.  The responsible name on the label is Virbac AH Inc., Fort Worth, TX 76161.","3,828 /250 tablets/ bottles",Product may be missing label on immediate container.,05/05/2015,05/27/2015,03/10/2017,06/03/2015,lot 140977; exp. date 08/2016
Veterinary,No,,70691,Terminated,Quality Animal Care Mfg Inc,3720 S 6th St Ste D,N/A,Lincoln,NE,	68502-4311,United States,Voluntary: Firm initiated,Letter,Nationwide.,V-235-2015,Class II,"Pala-Tech Canine Thyroid Chewable Tablets (Levothyroxine Sodium, USP) 0.1 mg (100 mcg) packaged in 180-tablet and 1,000 tablet bottles. Manufactured for Pala-tech Laboratories Inc.","11,885 180-count bottles, 2343 1000-count bottles.",An FDA inspection revealed a failure to follow current good manufacturing practices in the manufacturing the various finished pharmaceuticals containing the active ingredient levothyroxine used in the treatment of hypothyroidism in dogs and horses.,03/13/2015,05/29/2015,03/23/2017,06/10/2015,All codes.
Veterinary,No,,70691,Terminated,Quality Animal Care Mfg Inc,3720 S 6th St Ste D,N/A,Lincoln,NE,	68502-4311,United States,Voluntary: Firm initiated,Letter,Nationwide.,V-236-2015,Class II,"Pala-Tech Canine Thyroid Chewable Tablets (Levothyroxine Sodium, USP) 0.2 mg (200 mcg) packaged in 180-tablet and 1,000-tablet bottles. Manufactured for Pala-tech Laboratories Inc.","17,036 180-count bottles, 3,664 1000-count bottles",An FDA inspection revealed a failure to follow current good manufacturing practices in the manufacturing the various finished pharmaceuticals containing the active ingredient levothyroxine used in the treatment of hypothyroidism in dogs and horses.,03/13/2015,05/29/2015,03/23/2017,06/10/2015,All codes.
Veterinary,No,,70691,Terminated,Quality Animal Care Mfg Inc,3720 S 6th St Ste D,N/A,Lincoln,NE,	68502-4311,United States,Voluntary: Firm initiated,Letter,Nationwide.,V-237-2015,Class II,"(1) Pala-Tech Canine Thyroid Chewable Tablets (Levothyroxine Sodium, USP) 0.3 mg (300 mcg) packaged in 180-tablet and 1,000-tablet bottles. Manufactured for Pala-tech Laboratories Inc.; (2) Caninthrox (Levothyroxine Sodium, USP) 0.3 mg (300 mcg) Manufactured for BET Laboratories, Lexington, KY;","11,870 180-count bottles, 2,290 1000-count bottles",An FDA inspection revealed a failure to follow current good manufacturing practices in the manufacturing the various finished pharmaceuticals containing the active ingredient levothyroxine used in the treatment of hypothyroidism in dogs and horses.,03/13/2015,05/29/2015,03/23/2017,06/10/2015,All codes.
Veterinary,No,,70691,Terminated,Quality Animal Care Mfg Inc,3720 S 6th St Ste D,N/A,Lincoln,NE,	68502-4311,United States,Voluntary: Firm initiated,Letter,Nationwide.,V-238-2015,Class II,"Pala-Tech Canine Thyroid Chewable Tablets (Levothyroxine Sodium, USP) 0.4 mg (400 mcg) packaged in 180-tablet and 1,000-tablet bottles. Manufactured for Pala-tech Laboratories Inc.","14,356 180-count bottles, 2,437 1000-count bottles",An FDA inspection revealed a failure to follow current good manufacturing practices in the manufacturing the various finished pharmaceuticals containing the active ingredient levothyroxine used in the treatment of hypothyroidism in dogs and horses.,03/13/2015,05/29/2015,03/23/2017,06/10/2015,All codes.
Veterinary,No,,70691,Terminated,Quality Animal Care Mfg Inc,3720 S 6th St Ste D,N/A,Lincoln,NE,	68502-4311,United States,Voluntary: Firm initiated,Letter,Nationwide.,V-239-2015,Class II,"Pala-Tech Canine Thyroid Chewable Tablets (Levothyroxine Sodium, USP) 0.5 mg (500 mcg) packaged in 180-tablet and 1,000-tablet bottles. Manufactured for Pala-tech Laboratories Inc.","16,125 180-count bottles, 2,752 1000-count bottles",An FDA inspection revealed a failure to follow current good manufacturing practices in the manufacturing the various finished pharmaceuticals containing the active ingredient levothyroxine used in the treatment of hypothyroidism in dogs and horses.,03/13/2015,05/29/2015,03/23/2017,06/10/2015,All codes.
Veterinary,No,,70691,Terminated,Quality Animal Care Mfg Inc,3720 S 6th St Ste D,N/A,Lincoln,NE,	68502-4311,United States,Voluntary: Firm initiated,Letter,Nationwide.,V-240-2015,Class II,"Pala-Tech Canine Thyroid Chewable Tablets (Levothyroxine Sodium, USP) 0.6 mg (600 mcg) packaged in 180-tablet and 1,000-tablet bottles. Manufactured for Pala-tech Laboratories Inc.","22,069 180-count bottles, 3,838 1000-count bottles",An FDA inspection revealed a failure to follow current good manufacturing practices in the manufacturing the various finished pharmaceuticals containing the active ingredient levothyroxine used in the treatment of hypothyroidism in dogs and horses.,03/13/2015,05/29/2015,03/23/2017,06/10/2015,All codes.
Veterinary,No,,70691,Terminated,Quality Animal Care Mfg Inc,3720 S 6th St Ste D,N/A,Lincoln,NE,	68502-4311,United States,Voluntary: Firm initiated,Letter,Nationwide.,V-241-2015,Class II,"Pala-Tech Canine Thyroid Chewable Tablets (Levothyroxine Sodium, USP) 0.7 mg (700 mcg) packaged in 180-tablet and 1,000-tablet bottles. Manufactured for Pala-tech Laboratories Inc.","12,693 180-count bottles, 1,814 1000-count bottles",An FDA inspection revealed a failure to follow current good manufacturing practices in the manufacturing the various finished pharmaceuticals containing the active ingredient levothyroxine used in the treatment of hypothyroidism in dogs and horses.,03/13/2015,05/29/2015,03/23/2017,06/10/2015,All codes.
Veterinary,No,,70691,Terminated,Quality Animal Care Mfg Inc,3720 S 6th St Ste D,N/A,Lincoln,NE,	68502-4311,United States,Voluntary: Firm initiated,Letter,Nationwide.,V-242-2015,Class II,"(1) Pala-Tech Canine Thyroid Chewable Tablets (Levothyroxine Sodium, USP) 0.8 mg (800 mcg) packaged in 180-tablet and 1,000-tablet bottles. Manufactured for Pala-tech Laboratories Inc.; (2) Caninthrox (Levothyroxine Sodium, USP) 0.8 mg (800 mcg) packaged in 1,000-tablet bottles. Manufactured for BET Laboratories, Lexington, KY;","30,720 180-count bottles, 5,857 1000-count bottles",An FDA inspection revealed a failure to follow current good manufacturing practices in the manufacturing the various finished pharmaceuticals containing the active ingredient levothyroxine used in the treatment of hypothyroidism in dogs and horses.,03/13/2015,05/29/2015,03/23/2017,06/10/2015,All codes.
Veterinary,No,,70691,Terminated,Quality Animal Care Mfg Inc,3720 S 6th St Ste D,N/A,Lincoln,NE,	68502-4311,United States,Voluntary: Firm initiated,Letter,Nationwide.,V-243-2015,Class II,"Pala-Tech Canine Thyroid Chewable Tablets (Levothyroxine Sodium, USP) 0.9 mg (900 mcg) packaged in 180-tablet and 1,000-tablet bottles. Manufactured for Pala-tech Laboratories Inc.","8,369 180-count bottles, 1,048 1000-count bottles",An FDA inspection revealed a failure to follow current good manufacturing practices in the manufacturing the various finished pharmaceuticals containing the active ingredient levothyroxine used in the treatment of hypothyroidism in dogs and horses.,03/13/2015,05/29/2015,03/23/2017,06/10/2015,All codes.
Veterinary,No,,70691,Terminated,Quality Animal Care Mfg Inc,3720 S 6th St Ste D,N/A,Lincoln,NE,	68502-4311,United States,Voluntary: Firm initiated,Letter,Nationwide.,V-244-2015,Class II,"Pala-Tech Canine Thyroid Chewable Tablets (Levothyroxine Sodium, USP) 1.0 mg (1,000 mcg) packaged in 180-tablet and 1,000-tablet bottles. Manufactured for Pala-tech Laboratories Inc.","12,621 180-count bottles, 2,248 1000-count bottles",An FDA inspection revealed a failure to follow current good manufacturing practices in the manufacturing the various finished pharmaceuticals containing the active ingredient levothyroxine used in the treatment of hypothyroidism in dogs and horses.,03/13/2015,05/29/2015,03/23/2017,06/10/2015,All codes.
Veterinary,No,,70691,Terminated,Quality Animal Care Mfg Inc,3720 S 6th St Ste D,N/A,Lincoln,NE,	68502-4311,United States,Voluntary: Firm initiated,Letter,Nationwide.,V-245-2015,Class II,"(1) Pala-Tech Equine Thyroid Supplement 0.22% Levothyroxine Sodium, USP (1.0 gram per 454 grams of product) powder packaged in 454 gram (1 pound) and 4,540 gram (10 pound) containers. Manufactured for Pala-tech Laboratories Inc. (2) Equithrox Equine Thyroid Supplement 0.22% Levothyroxine Sodium, USP (1.0 gram per 454 grams of product) powder packaged in 4,540 gram (10 pound) containers. Manufactured for BET Labs, Lexington, KY.","28,027 1 lb containers,  2,402 10 lb containers",An FDA inspection revealed a failure to follow current good manufacturing practices in the manufacturing the various finished pharmaceuticals containing the active ingredient levothyroxine used in the treatment of hypothyroidism in dogs and horses.,03/13/2015,05/29/2015,03/23/2017,06/10/2015,All codes.
Veterinary,No,,67798,Terminated,CHS INC Holland,13400 van Buren St,N/A,Holland,MI,	49424-9410,United States,Voluntary: Firm initiated,Telephone,Michigan,V-246-2015,Class I,"Bulk Feed Label:  F813, 3T #1 GROWER LARGE CRUMBLES W/ CIT, MEDICATED; For starting/growing female turkeys less than 13 weeks of age or male turkeys less than 16 weeks of age.  For increased rate of weight gain, improved feed efficiency and the prevention of coccidiosis caused by Eimeria adenoeides, Eimeria meleagrimitis and Eimeria gallopavonis.  List of Ingredients, ACTIVE DRUG INGREDIENTS  Bacitracin Methylene Disalicylate  50 g / ton, Monensin (as Monensin sodium) 59 g /ton;  Guaranteed Analysis, Crude Protein ,(Min) .. 24.07; Lysine ,(Min) .. 1.57; Methionine ,(Min) .. 0.53; Crude Fat ,{Min) .. 5.63'; rude Fiber ,(Max) .. 4.28  Calcium ,(Min) .. 1.27; Calcium ,(Max) .. 1.77; Phosphorus ,(Min) .. 0.84;   Salt {Min) .. 0.18; Salt ,(Max) .. 0.68; 50 g/ton; 59 g/ton  Grain products, Plant Protein Products, Animal protein products, Processed grain by-products, Animal and Vegetable Fat, Calcium Carbonate, L-Lysine  Liquid, Liquid Methionine, Salt, Mono-dicalcium phosphate, Liquid Choline Chloride, Sodium Sesquicarbonate, Propionic Acid, Copper Sulfate, Extracted  Citric Acid Presscake, Sodium Bicarbonate, Roughage Products, Dried Schizosaccharomyces Pombe, Manganous Oxide, Ferrous Sulfate, Zinc Sulfate,  Manganese Sulfate, Aspergillus Niger Fermentation Product, Xylanase, Beta-Giucanase, Beta-Mannanase, Alpha-Galactosidase, Sodium Bentonite, LLysine  Monohydrochloride, Zinc Oxide, DL-Methionine Hydroxy Analogue Calcium, Vitamin E Supplement (d-alpha tocopheryl acetate), Niacin  Supplement, Sodium Selenite, Riboflavin Supplement, Vitamin A Supplement, Vitamin 03 Supplement, Calcium Pantothenate, Menadione Sodium  Bisulfite Complex, Biotin, Propionic Acid (a preservative), Sodium Hydroxide, Calcium Hydroxide, AmorphousSi!icon Dioxide, Sorbic Acid, Benzoic Acid  (a preservative), Propylparaben (a preservative), Methylparaben (a preservative), Butylated Hydroxyanisole (a preservative), Pyridoxine Hydrochloride,  Calcium Iodate, Silicon Dioxide, Phosphoric Acid, Citric Acid (a preservative), Mono- and Diglycerides, Ethoxyquin (a preservative), Butylated  Hydroxytoluene (a preservative), Disodium EDTA, Thiamine Mononitrate, Folic Acid, Vitamin 812 Supplement, Mineral Oil.  Feeding Directions  Feed as the sole diet. Provide clean fresh water at all times. ¿-------------------¿ CAUTION: For growing turkeys only. Do not allow horses, or other equines, mature turkeys or guinea fowl access to feed containing Monensin.  Ingestion of Monensin by horses and guinea fowl has been fatal. Some strains of turkey coccidia may be Monensin tolerant or resistant. Monensin may  interfere with development of immunity to turkey coccidiosis.  LIMITATIONS: Feed to turkeys as the sole ration. The optimum level depends upon the severity of coccidiosis exposure . .. --------------------------------~",15 Tons,Excessively high level of salt in the turkey feed was confirmed  after complaints of ill and dying turkeys eating the product was investigated.,03/04/2014,07/31/2015,07/31/2015,08/12/2015,none
Veterinary,No,,67798,Terminated,CHS INC Holland,13400 van Buren St,N/A,Holland,MI,	49424-9410,United States,Voluntary: Firm initiated,Telephone,Michigan,V-247-2015,Class I,"Bulk Feed Label: F837 7T FINISHER #2 PELLETS W/ SAFEGUARD MEDICATED  For finishing female turkeys that are 13 weeks to 17 weeks of age and male turkeys that are at least 16 weeks of age.   LABEL Directions  For the removal and control of: Gastrointestinal worms, adults and larvae (Ascaridia dissimilis); Cecal worms, adults and larvae (Heterakis gallinarum), an important vector of Histomonas meleagridis (Blackhead).  ACTIVE DRUG INGREDIENT  Fenbendazole .......................... 14.49 g/ton  Guaranteed Analysis  Crude Protein ,(Min) 16.80 PCT  Lysine ,(Min) .. 0.97 PCT  Methionine ,(Min) .. 0.33 PCT  Crude Fat ,(Min) .. 10.22 PCT  Crude Fiber ,(Max) ..... 3.97 PCT  Calcium ,(Min) .. 0.79 PCT  Calcium ,(Max) .. 1.29 PCT  Phosphorus ,(Min) .. 0.66 PCT  Salt ,(Min) .. 0.25 PCT  Salt ,(Max) .. 0.75 PCT  List of Ingredients  Grain products, Plant Protein Products, Processed grain by-products, Animal protein products, Animal and Vegetable Fat, Dried Bakery Product,  Calcium Carbonate, L-Lysine Liquid, Salt, Liquid Methionine, Liquid Choline Chloride, Copper Sulfate, Extracted Citric Acid Presscake, Sodium  Bicarbonate, Roughage Products, Dried Schizosaccharomyces Pombe, Manganous Oxide, Ferrous Sulfate, Zinc Sulfate, Manganese Sulfate,  Aspergillus Niger Fermentation Product, Xylanase, Beta-Giucanase, Beta-Mannanase, Alpha-Galactosidase, Sodium Bentonite, L-Lysine  Monohydrochloride, Zinc Oxide, DL-Methionine Hydroxy Analogue Calcium, Vitamin E Supplement (d-alpha tocopheryl acetate), Niacin Supplement,  Sodium Selenite, Riboflavin Supplement, Vitamin A Supplement, Vitamin 03 Supplement, Calcium Pantothenate, Menadione Sodium Bisulfite Complex,  Biotin, Propionic Acid {a preservative), Sodium Hydroxide, Calcium Hydroxide, AmorphousSilicon Dioxide, Sorbic Acid, Benzoic Acid (a preservative),  Propylparaben (a preservative), Methylparaben (a preservative), Butylated Hydroxyanisole (a preservative), Pyridoxine Hydrochloride, Calcium Iodate,  Silicon Dioxide, Phosphoric Acid, Citric Acid (a preservative), Mono- and Diglycerides, Ethoxyquin (a preservative), Butylated Hydroxytoluene (a  preservative), Disodium EDTA, Thiamine Mononitrate, Folic Acid, Vitamin B12 Supplement.  Feeding Directions  Feed as the sole diet. Provide clean fresh water at all times . .. ----------------------------------.. LIMITATIONS: Feed continuously as sole ration for 6 consecutive days. For growing turkeys only.  NOTE: Consult veterinarian for assistance in the diagnosis, treatment and control of parasitism . .. ----------------------------------.. Do not feed to cattle or other ruminants.  Manufactured by:  CHS Inc.  West Michigan Mills  Holland, Ml 49464  BULK",128 tons,Excessively high level of salt in the turkey feed was confirmed  after complaints of ill and dying turkeys eating the product was investigated.,03/04/2014,07/31/2015,07/31/2015,08/12/2015,none
Veterinary,No,,71261,Terminated,Ceva Animal Health Llc,8735 Rosehill Rd Ste 300,N/A,Lenexa,KS,	66215-4612,United States,Voluntary: Firm initiated,Letter,Nationwide distribution.  Product was also distributed to Canada.  No military or government distribution.,V-248-2015,Class II,"Duoxo Maintenance Shampoo for regular hygiene packaged in 3 Liters (101.4 fl. oz.), 500 ml (16.9 fl. oz.), and 200 ml (6.8 fl. oz.) plastic bottles.  The responsible firm name on the label is Sogeval Laboratories, Inc. Irving, TX 75038.",3227 / 200 ml / bottles; 2110 / 500 ml / bottles; 174 / 3 L / bottles,Product contains an undeclared drug.,06/02/2015,08/05/2015,03/24/2017,08/12/2015,"Lot number and expiration date for 200 ml bottles:  142693F, 9/2017; 143520E, 11/2017;    Lot number and expiration date for 500 ml bottles:  131099A, 3/2016; 142693A, 9/2017; 150407B, 1/2018; and    Lot number and expiration date for 3 L bottles:  133109B, 9/2016; 141400A, 4/2017; 150407C, 1/2018."
Veterinary,No,,68425,Terminated,Hill's Pet Nutrition Inc,400 Sw 8th Ave,N/A,Topeka,KS,	66603-3925,United States,Voluntary: Firm initiated,Telephone,"The product was distributed in CA, HI and NV. Distribution was also made to a military customer.  There was no foreign distribution.",V-249-2015,Class I,"Hill's Science Diet Adult 1-6, Small & Toy Breeds, Premium Natural Dog Food, packaged in 15.5 lb (7.03 kg) bags. Manufactured by: Hill's Pet Nutrition, Inc., Topeka, KS.",62 bags,The product may be contaminated with Salmonella.,05/30/2014,08/10/2015,08/10/2015,08/19/2015,SKU 9097  Best Before 082015M094
Veterinary,No,,67366,Terminated,"Pmi Nutrition, Llc",1080 County Road F W,N/A,Shoreview,MN,	55126-2910,United States,Voluntary: Firm initiated,Press Release,"Product was shipped to the following states: AL, GA, IA, IL, IN, KY, MA, MD, MI, MN, MS, NC, ND, NJ, NY, OH, PA, SC, TN, VA, VT, WI & WV.",V-250-2015,Class I,"WHOLESOME NUTRITION PMI NUTRITION RED FLANNEL PET FOOD CAT FORMULA CAT FOOD NET WT. 20 LB (9.07 kg) Distributed exclusively through PMI Nutrition Dealers. made in the USA Manufactured for PMI Nutrition LLC Brentwood, Missouri 63144 800 332-4738 www.pminutrition.com UPC 7 42869 00058 5 Item Number: 0066520 9902 2890652","1,390/20 lb bags",The firm was notified by the FDA of a positive result for Salmonella.,01/26/2014,08/10/2015,10/19/2015,08/19/2015,"Best by 05 06 14, Lot #096 13 SM L2 1A"
Veterinary,No,,70725,Terminated,Phibro Animal Health Corporation,300 Frank W Burr Blvd Ste 21,N/A,Teaneck,NJ,	07666-6704,United States,Voluntary: Firm initiated,Letter,"KA, OH, OK & TX",V-251-2015,Class II,"V-Max 50 Type A Medicated Article # 66104-9601    Packed in a 50 lb Multi-wall bag, with the following construction/configuration:  4 ply Kraft and 1 ply of HDPE.  ",100 bags/units,This recall has been initiated because Vmax 50 lot N30360585VN tested below (41.4 g/lb) the potency specification of 42.5   57.5 g/lb at the 18-month stability interval under VICH long-term conditions.,02/27/2015,08/28/2015,11/07/2017,09/09/2015,Lot N30360585VN
Veterinary,No,,70305,Terminated,Farmers Cooperative Society,317 3rd St NW,N/A,Sioux Center,IA,	51250-1856,United States,Voluntary: Firm initiated,Telephone,Iowa and Minnesota.,V-252-2015,Class II,"Co Pro (P) BAL R850-TY250 PEL, 0.3125% Tylan",8200 lbs,Cattle feed was manufactured using a load of rendered animal fat which was not of sufficient grade to be used in ruminant feed.,01/14/2015,09/17/2015,11/06/2015,09/23/2015,W/O 853598
Veterinary,No,,70305,Terminated,Farmers Cooperative Society,317 3rd St NW,N/A,Sioux Center,IA,	51250-1856,United States,Voluntary: Firm initiated,Telephone,Iowa and Minnesota.,V-253-2015,Class II,Sick Pen Feed,3920 lbs,Cattle feed was manufactured using a load of rendered animal fat which was not of sufficient grade to be used in ruminant feed.,01/14/2015,09/17/2015,11/06/2015,09/23/2015,"W/O 853573, 853571"
Veterinary,No,,70305,Terminated,Farmers Cooperative Society,317 3rd St NW,N/A,Sioux Center,IA,	51250-1856,United States,Voluntary: Firm initiated,Telephone,Iowa and Minnesota.,V-254-2015,Class II,Moffatt Calf Ration,3880 lbs,Cattle feed was manufactured using a load of rendered animal fat which was not of sufficient grade to be used in ruminant feed.,01/14/2015,09/17/2015,11/06/2015,09/23/2015,W/O 853196
Veterinary,No,,70305,Terminated,Farmers Cooperative Society,317 3rd St NW,N/A,Sioux Center,IA,	51250-1856,United States,Voluntary: Firm initiated,Telephone,Iowa and Minnesota.,V-255-2015,Class II,"Jerry Helmers Cattle Mix, 0.2775 % Rumensin",7840 lbs,Cattle feed was manufactured using a load of rendered animal fat which was not of sufficient grade to be used in ruminant feed.,01/14/2015,09/17/2015,11/06/2015,09/23/2015,W/O 853065
Veterinary,No,,70305,Terminated,Farmers Cooperative Society,317 3rd St NW,N/A,Sioux Center,IA,	51250-1856,United States,Voluntary: Firm initiated,Telephone,Iowa and Minnesota.,V-256-2015,Class II,Cracked Corn,2050,Cattle feed was manufactured using a load of rendered animal fat which was not of sufficient grade to be used in ruminant feed.,01/14/2015,09/17/2015,11/06/2015,09/23/2015,W/O 853589
Veterinary,No,,70305,Terminated,Farmers Cooperative Society,317 3rd St NW,N/A,Sioux Center,IA,	51250-1856,United States,Voluntary: Firm initiated,Telephone,Iowa and Minnesota.,V-257-2015,Class II,Nelson Protein,8120 lbs,Cattle feed was manufactured using a load of rendered animal fat which was not of sufficient grade to be used in ruminant feed.,01/14/2015,09/17/2015,11/06/2015,09/23/2015,W/O 853593
Veterinary,No,,70305,Terminated,Farmers Cooperative Society,317 3rd St NW,N/A,Sioux Center,IA,	51250-1856,United States,Voluntary: Firm initiated,Telephone,Iowa and Minnesota.,V-258-2015,Class II,"Horizon Beef BAL. A R1440, 0.8 % Rumensin",3950 lbs,Cattle feed was manufactured using a load of rendered animal fat which was not of sufficient grade to be used in ruminant feed.,01/14/2015,09/17/2015,11/06/2015,09/23/2015,W/O 853965
Veterinary,No,,70305,Terminated,Farmers Cooperative Society,317 3rd St NW,N/A,Sioux Center,IA,	51250-1856,United States,Voluntary: Firm initiated,Telephone,Iowa and Minnesota.,V-259-2015,Class II,"HB BAL. R 1440 Amaize, 0.8 % Rumensin",16060 lbs,Cattle feed was manufactured using a load of rendered animal fat which was not of sufficient grade to be used in ruminant feed.,01/14/2015,09/17/2015,11/06/2015,09/23/2015,W/O 853897
Veterinary,No,,70305,Terminated,Farmers Cooperative Society,317 3rd St NW,N/A,Sioux Center,IA,	51250-1856,United States,Voluntary: Firm initiated,Telephone,Iowa and Minnesota.,V-260-2015,Class II,"FS Calf Aureo, 0.665 % Aureomycin 100 0.075 % Bovatec",6000 lbs,Cattle feed was manufactured using a load of rendered animal fat which was not of sufficient grade to be used in ruminant feed.,01/14/2015,09/17/2015,11/06/2015,09/23/2015,W/O 853595
Veterinary,No,,71703,Terminated,United Pet Group Div Of Spectrum Brans Inc,3001 Commerce St,N/A,Blacksburg,VA,	24060-6671,United States,Voluntary: Firm initiated,E-Mail,"Product was distributed to CA, IA, IL, MN, NY, OH, OK, PA, TX, VA, WA, and WI.  There was no foreign, military, or government distribution.",V-261-2015,Class III,"Dingo chip Twists ""Chicken in the Middle"" packed 6 per bag Net Wt. 3.9 oz. (UPC 615650300600) and 16 per bag Net Wt. 9.59 oz. (UPC 615650990429) for dogs.  The responsible name on the label is United Pet Group, Inc. Cincinnati, OH.  Product is made in China.","37,824 bags","Product may be contaminated with Amantadine, an antiviral human drug not approved for use in animal food.",07/17/2015,09/17/2015,03/02/2017,09/23/2015,6-pack:  Best by Date 5/16/2017  16-pack:  Best by Date 12/27/2015 & 5/16/2017
Veterinary,No,,70843,Terminated,"ADM Alliance Nutrition, Inc.",1000 N 30th St,P.O. Box C1,Quincy,IL,	62301-3400,United States,Voluntary: Firm initiated,Telephone,"Distribution was made to Arkansas, Missouri, and Oklahoma",V-262-2015,Class III,"ADM Alliance Nutrition Super Stressfighter 10 - 51797AWM, Medicated packaged in plain paper bag Net Weight 50 lb (22.67 kg).  The responsible name on the label is ADM Alliance Nutrition Quincy, IL.",100 / 50-lb. bags,Product may contain elevated levels of chlortetracycline and sulfamethazine.,03/24/2015,09/17/2015,10/27/2015,09/23/2015,lots:  1WS35414 and 2WS36414
Veterinary,No,,71082,Terminated,"South Coast Specialty Compounding, Inc.",9257 Research Dr,N/A,Irvine,CA,	92618-4286,United States,Voluntary: Firm initiated,Letter,"Distribution within the U.S. to the following: CA,",V-263-2015,Class II,-Cisapride 10mg Chicken Tablets  -Cisapride 2.5mg capsule  -Cisapride 2.5mg Chicken Tablets  -Cisapride 2mg capsules  -Cisapride 5mg Chicken Tablets      Veterinary non-sterile formulation,9 prescriptions/1 unit per prescription,"South Coast Specialty Compounding, Inc. dba Park Compounding is recalling Cisapride due to the manufacturer of the active pharmaceutical ingredient(API), Attix Pharmaceuticals, recalling because of the compounding/compounded veterinary products potentially being contaminated with penicillin.",04/23/2015,09/17/2015,05/31/2016,09/23/2015,"Discard Date: 04/14/2015, 04/26/2015, 04/27/2015, 05/16/2015, 06/13/2015, 06/30/2015"
Veterinary,No,,71080,Terminated,Huvepharma Inc,3360 Maury Ave,N/A,Saint Louis,MO,	63116-2029,United States,Voluntary: Firm initiated,"Two or more of the following: Email, Fax, Letter, Press Release, Telephone, Visit","Product was distributed to OLD in Georgia, where it was distributed nationwide.",V-264-2015,Class III,"CORID (amprolium) 9.6% Oral Solution Coccidiostat packaged in 16 oz plastic bottle, 12 bottles per case.  NADA 013-149.  OTC.  UPC 3 50604 66970 8.  Distributed by:  Merial Limited, Duluth, GA.","3,165 cases",Product container does not conform to approved application.,05/06/2015,09/21/2015,03/10/2017,09/30/2015,"Lot HSH066, expiration date:  10DEC2019"
Veterinary,No,,71802,Terminated,"JD & SN Inc., dba Moses Lake Professional Pharmacy",1555 Pilgrim St,N/A,Moses Lake,WA,	98837-4623,United States,Voluntary: Firm initiated,Press Release,dispensed or distributed in Oregon and Washington.,V-265-2016,Class II,"Cyclosporin drops, ophthalmic 1%, solution, Rx only, compounded by Moses Lake Pharmacy.",80 mL,The firm is recalling Cyclosporin opthalmic drops and Buprenorphine for injection due to lack of sterility assurance for compounding/compounded veterinary products.,07/24/2015,11/06/2015,04/18/2016,11/18/2015,t09242014@14;  t10062014@3;  t10062014@29;  t02032015@22;  t06252015@29;
Veterinary,No,,71802,Terminated,"JD & SN Inc., dba Moses Lake Professional Pharmacy",1555 Pilgrim St,N/A,Moses Lake,WA,	98837-4623,United States,Voluntary: Firm initiated,Press Release,dispensed or distributed in Oregon and Washington.,V-266-2016,Class II,"Buprenorphine, multidose sterile vial, 03.mg/mL, injectable solution, Rx only, compounded by Moses Lake Pharmacy.",20 mL,The firm is recalling Cyclosporin opthalmic drops and Buprenorphine for injection due to lack of sterility assurance for compounding/compounded veterinary products.,07/24/2015,11/06/2015,04/18/2016,11/18/2015,t03242015@21 and t06112015@37
