Product Type,Recently Updated Record,Last Modified Date,Event ID,Status,Recalling Firm,Address1,Address2,City,State/Province,Postal Code,Country,Voluntary/Mandated,Initial Firm Notification of Consignee or Public,Distribution Pattern,Recall Number,Classification,Product Description,Product Quantity,Reason for Recall,Recall Initiation Date,Center Classification Date,Termination Date,Report Date,Code Info
"Veterinary","No","","77619","Terminated","ADM Alliance Nutrition, Inc.","PO Box C1","1000 N 30th St","Quincy","IL","	62301-3400","United States","Voluntary: Firm initiated","Telephone","Domestic only: KS, MO","V-0028-2018","Class I","ADM Animal Nutrition Rough-N-Ready 14 BT Starting and Growing Cattle Feed 54783BHB24, 50 lb. Poly bags (22.67kg)","203 bags","ADM Animal Nutrition, a division of Archer Daniels Midland Company, initiated a voluntary recall on 06/16/2017, of  ADM Animal Nutrition Starting and Growing Cattle Feed 54783BHB24 Rough-N-Ready"" 14 BT, 50 lb. bags, due to elevated levels of monensin in the feed, which could result in cardiovascular illness or death to cattle. The monensin contamination came from a medicated article that contained 10,000 g/ton of monensin, which was inadvertently added in with the Rough-N-Ready cattle feed.","06/16/2017","02/26/2018","09/20/2018","09/27/2017","ADM Animal Nutrition Starting and Growing Cattle Feed 54783BHB24 Rough-N-Ready"" 14 BT, 50 lb. bags, manufactured on 01/17/2017, Product number 54783BHB24, Lot number 2WS01717"
"Veterinary","No","","77837","Terminated","Cache Commodities Incorporated","860 W 24th St","N/A","Ogden","UT","	84401-1231","United States","Voluntary: Firm initiated","Telephone","Utah and Idaho.  No foreign/govt/VA/military consignees.","V-0030-2018","Class I","Gamebird Starter, Medicated, Active Drug Ingredient Amprolium, Net Weight 50 lbs (22.7 kg) poly bags, Product Code CA025","1372 bags","Cache Commodities is recalling Gamebird Starter after reports of poor performance in pheasant chicks resulting from insufficient levels of vitamins and minerals.","05/30/2017","02/26/2018","05/30/2019","09/27/2017","Lots: 156140- 14,156207-46, 156541-59, 156466-12"
"Veterinary","No","","77858","Terminated","ADM Alliance Nutrition, Inc.","PO Box C1","1000 N 30th St","Quincy","IL","	62301-3400","United States","Voluntary: Firm initiated","Telephone","Domestic only: KS, MO, OK","V-0029-2018","Class I","ADM Animal Nutrition 54783BHB24 Rough-N-Ready 14 BT packaged in 50 lb. poly bags","81 bags","ADM Animal Nutrition, a division of Archer Daniels Midland Company, initiated a voluntary recall of ADM Animal Nutrition 54783BHB24 Rough-N-Read 14 BT, Starting and Growing Cattle Feed, 50 pound bags, on June 16, 2017, because the feed contained monensin, which can be toxic to cattle at elevated levels and cause cardiovascular issues and possibly death.","06/13/2017","02/26/2018","09/20/2018","09/27/2017","ADM Animal Nutrition 54783BHB24 Rough-N-Ready 14 BT, Starting and Growing Cattle Feed Lot 1WS02317"
"Veterinary","No","","77952","Terminated","Ridley USA Inc.","2015 3rd Ave","N/A","Mankato","MN","	56001-2804","United States","Voluntary: Firm initiated","Telephone","One customer in Kansas.","V-0077-2018","Class I","RFI Quail Starter 0-6 Weeks, Quail Starter, Hubbard Feeds, Mankato, MN, Delivered in bulk.","4,000 lbs","Quail feed was manufactured with insufficient vitamin D","08/10/2017","03/15/2018","06/20/2018","09/27/2017","B01214378"
"Veterinary","No","","78057","Terminated","Hartz Mountain Corp.","400 Plaza Dr","N/A","Secaucus","NJ","	07094-3605","United States","Voluntary: Firm initiated","E-Mail","These products were sent to 10 distribution centers.","V-0079-2018","Class I","Wardley Gold Fish Flake 1 ounce (28 grams)","4368","According to the firm (Hartz Mountain Corp)   2448, 1 oz units of Gold Fish Flake Food (Lot Number PP2157) has  tested positive for Salmonella.     Hartz Mountain Corp  mistakenly shipped the product to  10 distribution centers that are outside direct Hartz control.","08/17/2017","03/15/2018","03/20/2018","09/27/2017","SKU Number:  4332401525  Lot Code:  PP215"
"Veterinary","No","","78090","Terminated","Arrow Reliance, Inc","350 Treck Dr","N/A","Tukwila","WA","	98188-7604","United States","Voluntary: Firm initiated","E-Mail","distributed in AK, AR, AZ, CA, CO, FL, GA, HI, IA, ID, IL, IN, KS, KY, LA, MN, MO, MS, MT, NC, ND, NE, NJ, NM, NV, NY, OK, OR, PA, TX, UT, VA, WA, WI, WY.","V-0031-2018","Class I","Natural Selections Duck Meals for Cats, frozen, packaged in 2 lb. net weight flexible film, partitioned into 4 quadrants.  Darwin s Natural Pet Products, Seattle WA.     The label is read in parts: ""***DARWIN'S Natural Pet Products ***Natural Selections**DUCK MEALS FOR CATS***Net Wt. 2 lbs.***Darwin 's Natural Pet Products, Seattle WA***""  ","1560/2 lbs. packages","Natural Selections Frozen Duck Meals for Cats product is recalled due to a potential contamination with Salmonella.","09/08/2017","02/26/2018","03/21/2018","10/18/2017","mfg. Date:  06/01/17   Lot No. 38277"
"Veterinary","No","","78141","Terminated","Big Gain Wisconsin LLC","W9077 Schulz Rd","N/A","Lodi","WI","	53555","United States","Voluntary: Firm initiated","Two or more of the following: Email, Fax, Letter, Press Release, Telephone, Visit","WI only","V-0080-2018","Class I","Big Gain Wisconsin, 2205, 20% Total Calf B45 Fly, Medicated.  For dairy calves from birth to 5 weeks of age.  Active Drug Ingredient Lasalocid 45.0 g/ton and Diflubenzuron 4.56 g/ton.    Net Wt. Bulk or 50 Lb (22.67 kg).  Manufactured by:  Big Gain Wisconsin, LLC, W9077 Schutz Rd., Lodi, WI  53555","231 bags","Calf Starter Feed may contain excess Salt.","09/19/2017","03/15/2018","03/20/2018","12/13/2017","091117"
"Veterinary","No","","78492","Terminated","Ridley USA Inc.","2015 3rd Ave","N/A","Mankato","MN","	56001-2804","United States","Voluntary: Firm initiated","Telephone","To a grower in Kansas.","V-0078-2018","Class I","BLUE HILL STARTER M.B., AVT90 MEDICATED, Complete Turkey Starter Feed, Product Code: 30816-7; LASALOCID ... 90 g/ton, packaged in bulk, HUBBARD FEEDS, Mankato, MN","11,580 lbs","Pheasant feed manufactured with insufficient vitamin D.","11/07/2017","03/15/2018","06/20/2018","11/29/2017","B01190609"
"Veterinary","No","","78555","Terminated","Elanco Animal","250 Innovation Way","N/A","Greenfield","IN","	46140","United States","Voluntary: Firm initiated","Telephone","Nationwide in the USA","V-0082-2018","Class II","Galliprant (grapiprant tablets), 20mg, 90 tablets per bottle,   (NDC: 86026-001-26),  NADA: 141-455. Manufactured for: Aratana Therapuetics, Inc., Leawood, KS 66211.  Is potentially packaged in a 60mg/30 tablet carton (NDC: 86026-002-23)","11,174 bottles","Incorrect labeling:  Potential for bottles of product to be packaged in cartons that have incorrect strength listed.","11/13/2017","03/21/2018","09/13/2018","03/28/2018","Lot: 400179"
"Veterinary","No","","78598","Terminated","KRS Global Biotechnology, Inc","791 Park of Commerce Blvd Ste 600","N/A","Boca Raton","FL","	33487-3633","United States","Voluntary: Firm initiated","Letter","Nationwide","V-0032-2018","Class II","KRS Global Biotechnology Anastrozole 0.25 mg capsule Each capsule contains: Anastrozole 0.25 mg; Lactose 230 mg  Rx Only 791 Park of Commerce Blvd. Boca Raton, FL 33487 P 888-502-2050","90 capsules","Labeling: Incorrect or Missing Lot and/or Exp Date: Beyond Use Date (BUD) exceed the BUD/EXP of at least one ingredient used to make final product.","11/16/2017","03/10/2018","05/11/2020","03/21/2018","Lots: 07212017@37 BUD: 07/16/2018, 08162017@42 BUD: 08/11/2018"
"Veterinary","No","","78620","Terminated","Kassik Milling Co Inc","309 Main St","N/A","Milligan","NE","	68406-3949","United States","Voluntary: Firm initiated","Telephone","Single customer in Nebraska.","V-0025-2018","Class II","Pre-starter 12/15 Complete Pellet with Chlortetracycline and Denagard (Tiamulin); Type C Feed; labeled to contain 400 g CTC and 35 g Tiamulin; packaged in 50 lb. bags.","15 bags","Medicated feed labeled to contain chlortetracycline (CTC) and tiamulin.  Testing revealed the feed was subpotent for CTC and also contain oxytetracycline which is an unapproved drug combination.","11/16/2017","01/08/2018","03/09/2018","12/27/2017","Lot # 17101804 Expiration: April 2018"
"Veterinary","No","","78598","Terminated","KRS Global Biotechnology, Inc","791 Park of Commerce Blvd Ste 600","N/A","Boca Raton","FL","	33487-3633","United States","Voluntary: Firm initiated","Letter","Nationwide","V-0033-2018","Class II","KRS Global Biotechnology Piroxicam 1 mg capsule Each capsule contains: Cellulose 63 mg Rx Only 791 Park of Commerce Blvd. Boca Raton, FL 33487 P 888-502-2050","1895 capsules","Labeling: Incorrect or Missing Lot and/or Exp Date: Beyond Use Date (BUD) exceed the BUD/EXP of at least one ingredient used to make final product.","11/16/2017","03/10/2018","05/11/2020","03/21/2018","Lots: 01242017@11  BUD: 01/19/2018; 01242017@11  BUD: 01/19/2018; 01242017@11  BUD: 01/19/2018; 01242017@11  BUD: 01/19/2018; 01242017@11 BUD: 01/19/2018; 01242017@11 BUD: 01/19/2018; 01242017@11 BUD: 01/19/2018; 01242017@11  BUD: 01/19/2018; 01242017@11 BUD: 01/19/2018; 01242017@11  BUD: 01/19/2018; 02082017@14  BUD: 02/03/2018; 02082017@14  BUD: 02/03/2018; 02082017@14 BUD: 02/03/2018; 02082017@14 BUD: 02/03/2018; 02082017@14  BUD: 02/03/2018; 02082017@14  BUD: 02/03/2018; 02082017@14  BUD: 02/03/2018; 02082017@14  BUD: 02/03/2018"
"Veterinary","No","","78598","Terminated","KRS Global Biotechnology, Inc","791 Park of Commerce Blvd Ste 600","N/A","Boca Raton","FL","	33487-3633","United States","Voluntary: Firm initiated","Letter","Nationwide","V-0034-2018","Class II","KRS Global Biotechnology Piroxicam 3 mg capsule Each capsule contains: Cellulose 127 mg Rx Only 791 Park of Commerce Blvd. Boca Raton, FL 33487 P 888-502-2050","3820 capsules","Labeling: Incorrect or Missing Lot and/or Exp Date: Beyond Use Date (BUD) exceed the BUD/EXP of at least one ingredient used to make final product.","11/16/2017","03/10/2018","05/11/2020","03/21/2018","Lots: 01172017@29  BUD: 01/12/2018; 01172017@29 BUD: 01/12/2018; 01172017@29  BUD: 01/12/2018; 01172017@29  BUD: 01/12/2018; 01172017@29  BUD: 01/12/2018; 01172017@29  BUD: 01/12/2018; 01172017@29 BUD: 01/12/2018; 01172017@29  BUD: 01/12/2018; 01172017@29 BUD: 01/12/2018; 01172017@29  BUD: 01/12/2018; 01172017@29 BUD: 01/12/2018; 02142017@28  BUD: 02/09/2018; 02142017@28  BUD: 02/09/2018; 02142017@28 BUD: 02/09/2018; 02142017@28  BUD: 02/09/2018; 02142017@28  BUD: 02/09/2018; 02142017@28  BUD: 02/09/2018; 02142017@28  BUD: 02/09/2018; 12072016@28  BUD: 12/02/2017; 12072016@28 BUD: 12/02/2017; 12072016@28 BUD: 12/02/2017; 12072016@28  BUD: 12/02/2017; 12072016@28  BUD: 12/02/2017; 12072016@28  BUD: 12/02/2017; 12072016@28  BUD: 12/02/2017"
"Veterinary","No","","78598","Terminated","KRS Global Biotechnology, Inc","791 Park of Commerce Blvd Ste 600","N/A","Boca Raton","FL","	33487-3633","United States","Voluntary: Firm initiated","Letter","Nationwide","V-0035-2018","Class II","KRS Global Biotechnology Piroxicam 5 mg capsule Each capsule contains: Piroxiccam 5 mg Microcrystalline Cellulose 125 mg Rx Only 791 Park of Commerce Blvd. Boca Raton, FL 33487 P 888-502-2050","2700 capsules","Labeling: Incorrect or Missing Lot and/or Exp Date: Beyond Use Date (BUD) exceed the BUD/EXP of at least one ingredient used to make final product.","11/16/2017","03/10/2018","05/11/2020","03/21/2018","Lots: 01042017@49 BUD: 12/30/2017; 02212017@28 BUD: 2/16/2018; 12162016@27  BUD: 12/11/2017"
"Veterinary","No","","78598","Terminated","KRS Global Biotechnology, Inc","791 Park of Commerce Blvd Ste 600","N/A","Boca Raton","FL","	33487-3633","United States","Voluntary: Firm initiated","Letter","Nationwide","V-0036-2018","Class II","KRS Global Biotechnology Piroxicam 9 mg capsule Each capsule contains: Piroxiccam 9 mg Microcrystalline Cellulose 121 mg Rx Only 791 Park of Commerce Blvd. Boca Raton, FL 33487 P 888-502-2050","290 capsules","Labeling: Incorrect or Missing Lot and/or Exp Date: Beyond Use Date (BUD) exceed the BUD/EXP of at least one ingredient used to make final product.","11/16/2017","03/10/2018","05/11/2020","03/21/2018","Lot: 10242017@37 BUD: 4/22/2018"
"Veterinary","No","","78598","Terminated","KRS Global Biotechnology, Inc","791 Park of Commerce Blvd Ste 600","N/A","Boca Raton","FL","	33487-3633","United States","Voluntary: Firm initiated","Letter","Nationwide","V-0037-2018","Class II","KRS Global Biotechnology Cyclophosphamide, Compounded 5 mg capsule Rx Only 791 Park of Commerce Blvd. Boca Raton, FL 33487 P 888-502-2050","1500 capsules","Labeling: Incorrect or Missing Lot and/or Exp Date: Beyond Use Date (BUD) exceed the BUD/EXP of at least one ingredient used to make final product.","11/16/2017","03/10/2018","05/11/2020","03/21/2018","Lots: 02032017@28 BUD: 1/29/2018; 03032017@25 BUD: 2/26/2018; 11062017@35 BUD: 11/1/2018"
"Veterinary","No","","78598","Terminated","KRS Global Biotechnology, Inc","791 Park of Commerce Blvd Ste 600","N/A","Boca Raton","FL","	33487-3633","United States","Voluntary: Firm initiated","Letter","Nationwide","V-0038-2018","Class II","KRS Global Biotechnology Cyclophosphamide, Compounded 10 mg capsule Rx Only 791 Park of Commerce Blvd. Boca Raton, FL 33487 P 888-502-2050","1500 capsules","Labeling: Incorrect or Missing Lot and/or Exp Date: Beyond Use Date (BUD) exceed the BUD/EXP of at least one ingredient used to make final product.","11/16/2017","03/10/2018","05/11/2020","03/21/2018","Lots: 01242017@11 BUD: 1/19/2018; 02082017@14 BUD: 2/3/2018"
"Veterinary","No","","78598","Terminated","KRS Global Biotechnology, Inc","791 Park of Commerce Blvd Ste 600","N/A","Boca Raton","FL","	33487-3633","United States","Voluntary: Firm initiated","Letter","Nationwide","V-0039-2018","Class II","KRS Global Biotechnology Cyclophosphamide, Compounded 15 mg capsule Rx Only 791 Park of Commerce Blvd. Boca Raton, FL 33487 P 888-502-2050","600 capsules","Labeling: Incorrect or Missing Lot and/or Exp Date: Beyond Use Date (BUD) exceed the BUD/EXP of at least one ingredient used to make final product.","11/16/2017","03/10/2018","05/11/2020","03/21/2018","Lot: 02142017@21 BUD: 2/9/2018"
"Veterinary","No","","78598","Terminated","KRS Global Biotechnology, Inc","791 Park of Commerce Blvd Ste 600","N/A","Boca Raton","FL","	33487-3633","United States","Voluntary: Firm initiated","Letter","Nationwide","V-0040-2018","Class II","KRS Global Biotechnology Cyclophosphamide, Compounded 25 mg capsule Rx Only 791 Park of Commerce Blvd. Boca Raton, FL 33487 P 888-502-2050","1500 capsules","Labeling: Incorrect or Missing Lot and/or Exp Date: Beyond Use Date (BUD) exceed the BUD/EXP of at least one ingredient used to make final product.","11/16/2017","03/10/2018","05/11/2020","03/21/2018","Lots: 01262017@19 BUD: 1/21/2018; 04272017@39 BUD: 4/22/2018"
"Veterinary","No","","78598","Terminated","KRS Global Biotechnology, Inc","791 Park of Commerce Blvd Ste 600","N/A","Boca Raton","FL","	33487-3633","United States","Voluntary: Firm initiated","Letter","Nationwide","V-0041-2018","Class II","KRS Global Biotechnology Cyclophosphamide, Compounded 50 mg capsule Rx Only 791 Park of Commerce Blvd. Boca Raton, FL 33487 P 888-502-2050","3000 capsules","Labeling: Incorrect or Missing Lot and/or Exp Date: Beyond Use Date (BUD) exceed the BUD/EXP of at least one ingredient used to make final product.","11/16/2017","03/10/2018","05/11/2020","03/21/2018","Lots: 01132017@14 BUD: 1/8/2018; 02022017@13 BUD: 1/28/2018; 03172017@23  BUD: 3/12/2018"
"Veterinary","No","","78598","Terminated","KRS Global Biotechnology, Inc","791 Park of Commerce Blvd Ste 600","N/A","Boca Raton","FL","	33487-3633","United States","Voluntary: Firm initiated","Letter","Nationwide","V-0042-2018","Class II","KRS Global Biotechnology Lomustine, Compounded 2 mg capsule Rx Only 791 Park of Commerce Blvd. Boca Raton, FL 33487 P 888-502-2050","90 capsules","Labeling: Incorrect or Missing Lot and/or Exp Date: Beyond Use Date (BUD) exceed the BUD/EXP of at least one ingredient used to make final product.","11/16/2017","03/10/2018","05/11/2020","03/21/2018","Lot: 09142017@23 BUD: 9/14/2018"
"Veterinary","No","","78598","Terminated","KRS Global Biotechnology, Inc","791 Park of Commerce Blvd Ste 600","N/A","Boca Raton","FL","	33487-3633","United States","Voluntary: Firm initiated","Letter","Nationwide","V-0043-2018","Class II","KRS Global Biotechnology Lomustine, Compounded 2.5 mg capsule Rx Only 791 Park of Commerce Blvd. Boca Raton, FL 33487 P 888-502-2050","600 capsules","Labeling: Incorrect or Missing Lot and/or Exp Date: Beyond Use Date (BUD) exceed the BUD/EXP of at least one ingredient used to make final product.","11/16/2017","03/10/2018","05/11/2020","03/21/2018","Lots: 01162017@27 BUD: 1/16/2018; 07142017@29 BUD: 7/14/2018"
"Veterinary","No","","78598","Terminated","KRS Global Biotechnology, Inc","791 Park of Commerce Blvd Ste 600","N/A","Boca Raton","FL","	33487-3633","United States","Voluntary: Firm initiated","Letter","Nationwide","V-0044-2018","Class II","KRS Global Biotechnology Lomustine, Compounded 5 mg capsule Rx Only 791 Park of Commerce Blvd. Boca Raton, FL 33487 P 888-502-2050","1800 capsules","Labeling: Incorrect or Missing Lot and/or Exp Date: Beyond Use Date (BUD) exceed the BUD/EXP of at least one ingredient used to make final product.","11/16/2017","03/10/2018","05/11/2020","03/21/2018","Lots: 02202017@28 BUD: 2/20/2018; 06152017@16 BUD: 6/15/2018; 07252017@28  BUD: 7/25/2018; 09192017@35 BUD: 9/19/2018"
"Veterinary","No","","78598","Terminated","KRS Global Biotechnology, Inc","791 Park of Commerce Blvd Ste 600","N/A","Boca Raton","FL","	33487-3633","United States","Voluntary: Firm initiated","Letter","Nationwide","V-0045-2018","Class II","KRS Global Biotechnology Lomustine, Compounded 7.5 mg capsule Rx Only 791 Park of Commerce Blvd. Boca Raton, FL 33487 P 888-502-2050","100 capsules","Labeling: Incorrect or Missing Lot and/or Exp Date: Beyond Use Date (BUD) exceed the BUD/EXP of at least one ingredient used to make final product.","11/16/2017","03/10/2018","05/11/2020","03/21/2018","Lot: 10122017@16 BUD: 4/10/2018"
"Veterinary","No","","78598","Terminated","KRS Global Biotechnology, Inc","791 Park of Commerce Blvd Ste 600","N/A","Boca Raton","FL","	33487-3633","United States","Voluntary: Firm initiated","Letter","Nationwide","V-0046-2018","Class II","KRS Global Biotechnology Lomustine, Compounded 10 mg capsule Rx Only 791 Park of Commerce Blvd. Boca Raton, FL 33487 P 888-502-2050","1500 capsules","Labeling: Incorrect or Missing Lot and/or Exp Date: Beyond Use Date (BUD) exceed the BUD/EXP of at least one ingredient used to make final product.","11/16/2017","03/10/2018","05/11/2020","03/21/2018","Lots: 01272017@7 BUD: 1/27/2018; 08162017@17 BUD: 8/16/2018"
"Veterinary","No","","78598","Terminated","KRS Global Biotechnology, Inc","791 Park of Commerce Blvd Ste 600","N/A","Boca Raton","FL","	33487-3633","United States","Voluntary: Firm initiated","Letter","Nationwide","V-0047-2018","Class II","KRS Global Biotechnology Lomustine, Compounded 15 mg capsule Rx Only 791 Park of Commerce Blvd. Boca Raton, FL 33487 P 888-502-2050","900 capsules","Labeling: Incorrect or Missing Lot and/or Exp Date: Beyond Use Date (BUD) exceed the BUD/EXP of at least one ingredient used to make final product.","11/16/2017","03/10/2018","05/11/2020","03/21/2018","Lots: 01162017@26 BUD: 1/16/2018; 10092017@35 BUD: 4/7/2018"
"Veterinary","No","","78598","Terminated","KRS Global Biotechnology, Inc","791 Park of Commerce Blvd Ste 600","N/A","Boca Raton","FL","	33487-3633","United States","Voluntary: Firm initiated","Letter","Nationwide","V-0048-2018","Class II","KRS Global Biotechnology Lomustine, Compounded 20 mg capsule Rx Only 791 Park of Commerce Blvd. Boca Raton, FL 33487 P 888-502-2050","300 capsules","Labeling: Incorrect or Missing Lot and/or Exp Date: Beyond Use Date (BUD) exceed the BUD/EXP of at least one ingredient used to make final product.","11/16/2017","03/10/2018","05/11/2020","03/21/2018","Lot: 08022017@31 BUD: 8/2/2018"
"Veterinary","No","","78598","Terminated","KRS Global Biotechnology, Inc","791 Park of Commerce Blvd Ste 600","N/A","Boca Raton","FL","	33487-3633","United States","Voluntary: Firm initiated","Letter","Nationwide","V-0049-2018","Class II","KRS Global Biotechnology Lomustine, Compounded 25 mg capsule Rx Only 791 Park of Commerce Blvd. Boca Raton, FL 33487 P 888-502-2050","300 capsules","Labeling: Incorrect or Missing Lot and/or Exp Date: Beyond Use Date (BUD) exceed the BUD/EXP of at least one ingredient used to make final product.","11/16/2017","03/10/2018","05/11/2020","03/21/2018","Lots: 04272017@21 BUD: 4/27/2018"
"Veterinary","No","","78598","Terminated","KRS Global Biotechnology, Inc","791 Park of Commerce Blvd Ste 600","N/A","Boca Raton","FL","	33487-3633","United States","Voluntary: Firm initiated","Letter","Nationwide","V-0050-2018","Class II","KRS Global Biotechnology Lomustine, Compounded 30 mg capsule Rx Only 791 Park of Commerce Blvd. Boca Raton, FL 33487 P 888-502-2050","100 capsules","Labeling: Incorrect or Missing Lot and/or Exp Date: Beyond Use Date (BUD) exceed the BUD/EXP of at least one ingredient used to make final product.","11/16/2017","03/10/2018","05/11/2020","03/21/2018","Lot: 05082017@30 BUD: 5/8/2018"
"Veterinary","No","","78598","Terminated","KRS Global Biotechnology, Inc","791 Park of Commerce Blvd Ste 600","N/A","Boca Raton","FL","	33487-3633","United States","Voluntary: Firm initiated","Letter","Nationwide","V-0051-2018","Class II","KRS Global Biotechnology Lomustine, Compounded 40 mg capsule Rx Only 791 Park of Commerce Blvd. Boca Raton, FL 33487 P 888-502-2050","300 capsules","Labeling: Incorrect or Missing Lot and/or Exp Date: Beyond Use Date (BUD) exceed the BUD/EXP of at least one ingredient used to make final product.","11/16/2017","03/10/2018","05/11/2020","03/21/2018","Lot: 08022017@32 BUD: 8/2/2018"
"Veterinary","No","","78598","Terminated","KRS Global Biotechnology, Inc","791 Park of Commerce Blvd Ste 600","N/A","Boca Raton","FL","	33487-3633","United States","Voluntary: Firm initiated","Letter","Nationwide","V-0052-2018","Class II","KRS Global Biotechnology Lomustine, Compounded 50 mg capsule Rx Only 791 Park of Commerce Blvd. Boca Raton, FL 33487 P 888-502-2050","100 capsules","Labeling: Incorrect or Missing Lot and/or Exp Date: Beyond Use Date (BUD) exceed the BUD/EXP of at least one ingredient used to make final product.","11/16/2017","03/10/2018","05/11/2020","03/21/2018","Lot: 12082016@16 BUD: 12/8/2017"
"Veterinary","No","","78598","Terminated","KRS Global Biotechnology, Inc","791 Park of Commerce Blvd Ste 600","N/A","Boca Raton","FL","	33487-3633","United States","Voluntary: Firm initiated","Letter","Nationwide","V-0053-2018","Class II","KRS Global Biotechnology Lomustine, Compounded 60 mg capsule Rx Only 791 Park of Commerce Blvd. Boca Raton, FL 33487 P 888-502-2050","100 capsules","Labeling: Incorrect or Missing Lot and/or Exp Date: Beyond Use Date (BUD) exceed the BUD/EXP of at least one ingredient used to make final product.","11/16/2017","03/10/2018","05/11/2020","03/21/2018","Lot: 05082017@31 BUD: 5/8/2018"
"Veterinary","No","","78598","Terminated","KRS Global Biotechnology, Inc","791 Park of Commerce Blvd Ste 600","N/A","Boca Raton","FL","	33487-3633","United States","Voluntary: Firm initiated","Letter","Nationwide","V-0054-2018","Class II","KRS Global Biotechnology Melphalan, Compounded 2 mg capsule Rx Only 791 Park of Commerce Blvd. Boca Raton, FL 33487 P 888-502-2050","1200 capsules","Labeling: Incorrect or Missing Lot and/or Exp Date: Beyond Use Date (BUD) exceed the BUD/EXP of at least one ingredient used to make final product.","11/16/2017","03/10/2018","05/11/2020","03/21/2018","Lots: 12152016@35 BUD: 12/15/2017; 12222016@28 BUD: 12/22/2017"
"Veterinary","No","","78598","Terminated","KRS Global Biotechnology, Inc","791 Park of Commerce Blvd Ste 600","N/A","Boca Raton","FL","	33487-3633","United States","Voluntary: Firm initiated","Letter","Nationwide","V-0055-2018","Class II","KRS Global Biotechnology Melphalan, Compounded 2.5 mg capsule Rx Only 791 Park of Commerce Blvd. Boca Raton, FL 33487 P 888-502-2050","200 capsules","Labeling: Incorrect or Missing Lot and/or Exp Date: Beyond Use Date (BUD) exceed the BUD/EXP of at least one ingredient used to make final product.","11/16/2017","03/10/2018","05/11/2020","03/21/2018","Lots: 01232017@41 BUD: 1/23/2018; 12142016@42 BUD: 12/14/2017"
"Veterinary","No","","78555","Terminated","Elanco Animal","250 Innovation Way","N/A","Greenfield","IN","	46140","United States","Voluntary: Firm initiated","Telephone","Nationwide in the USA","V-0083-2018","Class II","Galliprant (grapiprant tablets), 60mg, 30 tablets per bottle,   (NDC: 86026-002-23),  NADA: 141-455. Manufactured for: Aratana Therapuetics, Inc., Leawood, KS 66211.  ***Is potentially packaged in a 100mg/7 tablet carton (NDC: 86026-003-21) OR in a 20mg/90 tablet carton (NDC: 86026-001-26)","50,045 bottles","Incorrect labeling:  Potential for bottles of product to be packaged in cartons that have incorrect strength listed.","11/13/2017","03/21/2018","09/13/2018","03/28/2018","Lot: 400163, 400176, 400185"
"Veterinary","No","","78676","Terminated","Arrow Reliance Inc","350 Treck Dr","N/A","Tukwila","WA","	98188-7604","United States","Voluntary: Firm initiated","E-Mail","nationwide","V-0072-2018","Class I","Natural Selections Chicken with Organic Vegetables Meals for Dogs, packaged in 2 lb. net weight flexible film, partitioned into 4 quadrants.","total 6,306 packages","Natural Selections brand Chicken with Organic Vegetables Meals for Dogs is recalled due to Salmonella and Listeria monocytogenes.","12/04/2017","03/15/2018","04/02/2018","12/20/2017","Lot #40727, manufacture date 09/26/17"
"Veterinary","No","","78676","Terminated","Arrow Reliance Inc","350 Treck Dr","N/A","Tukwila","WA","	98188-7604","United States","Voluntary: Firm initiated","E-Mail","nationwide","V-0073-2018","Class I","Natural Selections Duck With Organic Vegetables Meals for Dogs, packaged in 2 lb. net weight flexible film, partitioned into 4 quadrants.","3,924 packages","Natural Selections brand Duck With Organic Vegetables Meals for Dogs is recalled due to Salmonella.","12/04/2017","03/15/2018","04/02/2018","12/20/2017","Lot #40487, manufacture date 09/29/17"
"Veterinary","No","","78676","Terminated","Arrow Reliance Inc","350 Treck Dr","N/A","Tukwila","WA","	98188-7604","United States","Voluntary: Firm initiated","E-Mail","nationwide","V-0074-2018","Class I","Natural Selections Turkey With Organic Vegetables Meals for Dogs, packaged in 2 lb. net weight flexible film, partitioned into 4 quadrants.","total 7123 packages","Natural Selections brand Turkey With Organic Vegetables Meals for Dogs product is recalled due to Salmonella","12/04/2017","03/15/2018","04/02/2018","12/20/2017","Lot #39937, manufacture date 08/24/17.  Lot #40507, manufacture date 09/20/17."
"Veterinary","No","10/22/2018","78709","Terminated","Alabama Farmers Cooperative Inc.","800 Market St NE","N/A","Decatur","AL","	35601-2446","United States","Voluntary: Firm initiated","Other","Product was sold in Alabama","V-0011-2019","Class I","FORMAX ALL STOCK14% 50 lb bag Ingredients Processed Grain By-Products, Roughage Products, Calcium Carbonate, Salt, Ferrous Sulfate, Manganese Oxide, Zinc Oxide, Copper Sulfate, Sodium Selenite, Manganese Sulfate, Calcium Iodate, Cobalt  Carbonate, Mineral Oil, Kaolin, Vitamin A Supplement, Vitamin D3 Supplement and Vitamin E Supplement. Manufactured by ALABAMA FARMERS COOPERATIVE INC. Decatur, Alabama 35601 UPC 7 16374 33145 1  ","800/50lb bags","The firm was notified of the death of various animals due to consumption of the product.  They believe the problem is due to the presence of Monensin.","12/07/2017","10/22/2018","05/17/2019","03/07/2018","Item #233145 MANUFACTOR DATE 09-26-17"
"Veterinary","No","","78766","Terminated","Furst McNess Co","780 Rundell Rd","N/A","Gering","NE","	69341-3726","United States","Voluntary: Firm initiated","Telephone","Product was distributed to customers in Nebraska","V-0026-2018","Class II","Custom Corid 4.54 Add Pak, Medicated, For Beef and Dairy Calves, Amprolium 4.54 g/lb, Product Code No. 603906, Net weight 40 lbs Manufactured by Furst-McNess Company.","4,000 lbs","Medicated feed assayed low for amprolium","12/14/2017","01/11/2018","07/25/2018","01/17/2018","71Y26, 71Y27"
"Veterinary","No","","78807","Terminated","Schlotterbeck & Foss Company","3 Ledgeview Dr","N/A","Westbrook","ME","	04092-3939","United States","Voluntary: Firm initiated","Letter","Product was distributed to one customer.","V-0087-2018","Class II","MediGel FBZ 4 oz.  The cups are inside a cardboard box with protection barrier for sterility.","19 cases/72x 4 oz. plastic cup with foil lids","One lot of product had sub-potent assay results.","12/21/2017","04/27/2018","09/20/2018","05/09/2018","Lot # 060117  #74-01-5042"
"Veterinary","No","","78865","Terminated","Pet Apothecary Llc","8850 N Port Washington Rd","N/A","Milwaukee","WI","	53217-1676","United States","Voluntary: Firm initiated","Telephone","IL","V-0099-2018","Class I","Phenobarbital Capsule, 6 MG. The Pet Apothecary, 407 W. Silver Spring Dr., Milwaukee, WI 53217.  NDC: 38779-0852-05","60 capsules","Animal drug is superpotent.","10/20/2017","06/28/2018","08/07/2023","06/06/2018","Lot: 224590"
"Veterinary","No","","78311","Terminated","Med-Pharmex, Inc.","2727 Thompson Creek Rd","N/A","Pomona","CA","	91767-1861","United States","Voluntary: Firm initiated","Letter","Product was distributed to two customers in NE, CA and KS","V-0056-2018","Class II","Sulforal Sulfadimethoxine Antibacterial for use in drinking water, Concentrated Solution 12.5%, 3.75 g Sulfadimethoxine/fluid ounce, Rx, packaged in plastic 1 Gallon (3.8 L) containers, shipped in cardboard boxes of four.    Packaged under two Brand names:     1. Sulforal Sulfadimethoxine Antibacterial with NDC number 54925-034-11    2. MWI VETone Sulfadimethoxine Antibacterial with NDC number 13985-004-11","3,696 gallons (528 gallons x 7 lots)","Particulate Matter, ""fluffy flakes"" found in 1 gallon containers of Sulfadimethoxine Oral Solution.","01/10/2018","03/13/2018","01/14/2019","03/21/2018","Lot Numbers H6833, H6837, H6927, H6930, H6932, H6936, H6939"
"Veterinary","No","10/22/2018","78945","Terminated","JustFoodForDogs","10867 Portal Dr","N/A","Los Alamitos","CA","	90720-2508","United States","Voluntary: Firm initiated","Letter","Retail stores in CA and online","V-0012-2019","Class I","JustFoodForDogs Turducken:  USDA Certified Ground Turney, USDA Certified Ground Duck Breast, USDA Certified Ground Chicken Thigh; Butternut squash, Green Beans, Safflower Oil.    14 and 72 oz. packages, frozen    Turducken 14oz (UPC 799471558010);  Turducken 72oz (UPC 799471558034).    JustFoodForDogs, Los Alamitos, CA","1847 14  oz., 931 72 oz.","Consumer complaint initiated testing of dog food was positive for Listeria monocytogenes","01/12/2018","10/22/2018","06/26/2019","03/07/2018","14 oz.:  WH11.1.18 to WH12.31.18,   DM 12.1.18 to DM 12.31.18;    72 oz. ;  WH11.1.18 to WH12.31.18,   DM 12.1.18 to DM 12.31.18"
"Veterinary","No","10/22/2018","78945","Terminated","JustFoodForDogs","10867 Portal Dr","N/A","Los Alamitos","CA","	90720-2508","United States","Voluntary: Firm initiated","Letter","Retail stores in CA and online","V-0013-2019","Class I","JustFoodForDogs Beef and Russet Potato;  USDA certified lean ground beef, russet potatoes, sweet potatoes, carrots, green beans, USDA certified beef liver, green peas, apples, Safflower oil, Premium EPA/DHA.  7, 18 and 72 oz. packages, frozen;    7oz (UPC 799471556665);  18oz (UPC 799471556641);  72oz (UPC 799471556757).    JustFoodsForDogs, Loa Alamitos, CA  ","7 oz. 1703; 18 oz. 3,888; 72 oz. 2110.","Consumer complaint initiated testing of dog food was positive for Listeria monocytogenes","01/12/2018","10/22/2018","06/26/2019","03/07/2018","7 oz.:  WH11.1.18 to WH1.14.19,  DM11.1.18 to DM1.14.19,  CM11.1.18 to CM1.14.19,  MB11.1.18 to MB1.14.19,  SO11.1. 18 to SO1.14.19  Nov 1, 2018 to Jan 14, 2019;    18 oz.:  WH11.1.18 to WH1.14.19,  DM11.1.18 to DM1.14.19,  CM11.1.18 to CM1.14.19,  MB11.1.18 to MB1.14.19,  SO11.1. 18 to SO1.14.19  Nov 1, 2018 to Jan 14, 2019;    72 oz.;  WH11.1.18 to WH1.14.19,  DM11.1.18 to DM1.14.19,  CM11.1.18 to CM1.14.19,  MB11.1.18 to MB1.14.19,  SO11.1. 18 to SO1.14.19  Nov 1, 2018 to Jan 14, 2019"
"Veterinary","No","10/22/2018","78945","Terminated","JustFoodForDogs","10867 Portal Dr","N/A","Los Alamitos","CA","	90720-2508","United States","Voluntary: Firm initiated","Letter","Retail stores in CA and online","V-0014-2019","Class I","JustFoodForDogs Fish and Sweet Potato;  Wild Caught Pacific Cod;  Sweet Potatoes, Russet Potatoes, Green Beans, Broccoli, Safflower oil.  Sold in 7, 18 and 72 oz. packages, frozen.    7oz (UPC 799471556726);  18oz (UPC 799471556702);  72oz (UPC 799471556788)    JustFoodForDogs  Los Alamitos, CA","7 oz. 1104; 18 oz. 3192; 72 oz. 1446","Consumer complaint initiated testing of dog food was positive for Listeria monocytogenes","01/12/2018","10/22/2018","06/26/2019","03/07/2018","7 oz.  WH11.1.18 to WH1.14.19,  DM11.1.18 to DM1.14.19,  CM11.1.18 to CM1.14.19,  MB11.1.18 to MB1.14.19,  SO11.1. 18 to SO1.14.19;    18 oz.   WH11.1.18 to WH1.14.19,  DM11.1.18 to DM1.14.19,  CM11.1.18 to CM1.14.19,  MB11.1.18 to MB1.14.19,  SO11.1.18 to SO1.14.19;    72 oz.   WH11.1.18 to WH1.14.19,  DM11.1.18 to DM1.14.19,  CM11.1.18 to CM1.14.19,  MB11.1.18 to MB1.14.19,  SO11.1.18 to SO1.14.19"
"Veterinary","No","","79022","Terminated","NeuroLogica Corporation","14 Electronics Ave","N/A","Danvers","MA","	01923-1011","United States","Voluntary: Firm initiated","Letter","U.S. Nationwide","V-0096-2018","Class II","PT Electrolyte Test 3V","4940 cartridges (units)","Samsung has recently determined that the polymer used in the reagent was over oxidized and has caused issues with stability for the Sodium and Chloride tests. These values have tested on the lower end of the acceptable range.","07/28/2017","06/06/2018","09/25/2018","06/13/2018","Lot# 302QAHAA (Exp. 07/10) Lot# 302QAHB8 (Exp. 08/08)  Lot# 302QAHB9 (Exp. 08/09) Lot# 302QAJ1O (Exp. 10/24)  Lot# 302QAJ21 (Exp. 11/01) Lot# 302QAJ22 (Exp. 11/02)"
"Veterinary","No","","79047","Terminated","CHS Nutrition Inc.","300 W Feedville Rd","N/A","Hermiston","OR","	97838-9573","United States","Voluntary: Firm initiated","Two or more of the following: Email, Fax, Letter, Press Release, Telephone, Visit","distributed in Idaho","V-0027-2018","Class III","BEEF MIX H-1.0, Medicated, Beef Feedlot Cattle Supplement, packaged in 50 lb. bags, no UPC code on label.    The product tag is read in parts:""***BEEF MIX H-1.0 MEDICATED***ACTIVE DRUG INGREDIENTS Melengestrol Acetate 0.00022%***INGREDIENTS Processed Grain Byproducts, Roughage Products, Calcium Carbonate, Molasses Products, Salt, Grain Products***Manufactured by CHS Inc, Sioux Falls, SD 57107***""    ","50 bags (50 lbs)","Beef Mix H1.0, a pelleted feed supplement medicated with Melengestrol Acetate (MGA) to control estrus (heat) in feedlot heifers, was recalled because MGA assay results are found to be sub-par.","01/25/2018","02/06/2018","03/02/2018","02/14/2018","Code: 6250080317m619840.    6520 is product code, 080317 is date code, and m619840is  lot code."
"Veterinary","No","","79081","Terminated","Phibro Animal Health Corporation","300 Frank W Burr Blvd Ste 21","N/A","Teaneck","NJ","	07666-6712","United States","Voluntary: Firm initiated","Letter","Nationwide","V-0249-2018","Class II","Phibro Nicarb 25% (nicarbazin) Type A Medicated Article   Net Wt 50 lb. (22.68)  Distributed by: Phibro Animal Health Corporation Teaneck, NJ 07666    NDC 66104-8200-0","476 bags","The 18-month and 12-month stability samples  have confirmed  out of specification (OOS), results of 24.4% and 24.2% respectively for two lots of Nicarb 25% Type A Medicated Article.","02/06/2018","06/29/2018","09/10/2021","07/11/2018","KSC675 7/31/2019  LSC027 1/31/2020"
"Veterinary","No","10/30/2018","79137","Terminated","Cargill, Inc. dba Cargill Feed and Nutrition","9150 Statesville Blvd","N/A","Cleveland","NC","	27013-9022","United States","Voluntary: Firm initiated","Visit","NC","V-0016-2019","Class I","Bulk Pelleted Cattle Feed - Genetic Expression 14% Jumpstart (BVT) Medicated; Active Drug Ingredient: Lasalocid 40.00g/ton  ","9 Tons - in bulk","Comingling of pelleted cattle feed with unintended swine feed within non-contract 3rd party conveyance","02/02/2018","10/30/2018","10/21/2022","03/07/2018","N8010"
"Veterinary","No","","79151","Terminated","Christofersen Meats Co, Inc.","2700 26th Ave S","N/A","Minneapolis","MN","	55406-1527","United States","Voluntary: Firm initiated","Letter","MN, IA, and WI","V-0081-2018","Class I","Raws for Paws Ground Turkey Food for Pets, packaged in 1 lb. or 5 lbs.  chubs in the following package configurations:    1.  Product Code 9900008,  4 - 5 lb. Ground Turkey chubs  Net Wt. 20.00 lbs.  9.07 KG;     2.  Product Code 9900009,  10 - 1 lbs. Ground Turkey chubs, Net Wt. 10.00 lb. 4.54 KG  3.  Product Code 9900014, 5 - 1 lb. chubs of each Turkey, Chicken, and Beef, Net Wt. 15.00 lb 6.80 KG.     4.  Product Code 9900015, 4 - 5 lb. chubs.  1 Turkey, 1 Chicken, and 2 Beef, Net Wt. 20.00 lbs.  9.07 KG;       Keep Frozen.  Not intended for human consumption.  2700 26th Ave. S, Minneapolis, MN  55406","3925 lbs. of Turkey Chubs","Turkey Pet food was found to be contaminated with Salmonella.","02/05/2018","03/15/2018","05/04/2018","03/07/2018","Product Codes 9900008 and 9900009:  MANFU DATE:  10/12/17.    Product Code:  9900014 and 9900015:  MANFU DATE:  between 10/12/2017 and 2/2/18."
"Veterinary","No","11/02/2018","79164","Terminated","Redbarn Pet Products","3229 E Spring St Ste 310","N/A","Long Beach","CA","	90806-2478","United States","Voluntary: Firm initiated","Telephone","Product distributed to distribution centers and retail stores the following US States: AL, AR, AZ, CA, CO, DE, FL, GA, HI, IA, ID, IL, IN, KS, MA, MI, MN, MO, MT, NC, ND, NJ, NV, NY, OH, OR, PA, RI, SC, SD, TN, TX, UT, VA, WA, WI, and WY. Further distribution to retail stores in likely additional states.","V-0018-2019","Class I","Redbarn, 5 Inch Bully Sticks, Premium Dog Chews, 1 Count, Redbarn Pet Products, LLC Great Bend Kansas, UPC 785184205006; No packaging: the label is a tag on the stick.","354 cases","A sample collected by the Colorado Department of agriculture was positive for Salmonella.","02/06/2018","11/01/2018","05/17/2019","05/23/2018","All lot codes ending in ""BC"""
"Veterinary","No","","79173","Terminated","Smokehouse Pet Products","11850 Sheldon St","N/A","Sun Valley","CA","	91352-1507","United States","Voluntary: Firm initiated","Telephone","TM, NV, PA, MA, CA, NC, TX, VA, IL, OR, ND, TN,, FL, AZ, ID, OH,, HI, WA, MO, VT and foreign distribution to Canada,  Aruba, Bahamas and Arab Emirates.","V-0250-2018","Class I","Smokehouse Brand Beefy Munchies, Real  flavors of Beef, slow roasted to perfection. Beef Lungs dog treats, Made in the USA.     Ingredient: Beef Lungs    UPC 7 7856585795 7 4 oz.    All packaging configurations:    4 oz. Beefy Munchies / vinyl bag with header card - UPC - 0 78565 85795 7;  8 oz. Beefy Munchies / vinyl bag with header card - UPC - 0 78565 85793 3;  16 oz. Beefy Munchies / vinyl bag with header card -  16 oz. beefy Munchies / vinyl bag with label  6 oz. Beefy Bites / plastic tube with label      Smokehouse Pet Products, Inc.  11850 Sheldon Street  Sun Valley, CA 91352","350 x 4 oz. bags - expansion amount not yet provided","Colorado Department of Agriculture sampled Beefy Munchies at retail and had a positive result for Salmonella","02/06/2018","06/29/2018","07/05/2018","04/11/2018","Lot  449294, Use by 10-25-19  Expansion 2-15-18 - includes all lots"
"Veterinary","No","","79188","Terminated","Arrow Reliance Inc","350 Treck Dr","N/A","Tukwila","WA","	98188-7604","United States","Voluntary: Firm initiated","E-Mail","direct internet customers nationwide and in Canada.","V-0075-2018","Class I","ZooLogics Chicken Meals for Dogs, Darwin's Natural Pet Products, each package contains 4 /8 oz. quadrants, Net wt: 2 lbs. No UPC.","4974 packages","ZooLogics Chicken Meals for Dogs is recalled due to the potential for contamination with Salmonella.","02/10/2018","03/15/2018","04/02/2018","03/07/2018","Lot # 41567, manufacture date 11/2/2017"
"Veterinary","No","","79188","Terminated","Arrow Reliance Inc","350 Treck Dr","N/A","Tukwila","WA","	98188-7604","United States","Voluntary: Firm initiated","E-Mail","direct internet customers nationwide and in Canada.","V-0076-2018","Class I","ZooLogics Duck Meals for Dogs, Darwin's Natural Pet Products, each package contains 4 /8 oz. quadrants, Net wt: 2 lbs. No UPC.","3678 packages","ZooLogics Duck Meals for Dogs is recalled due to the potential for contamination with Salmonella.","02/10/2018","03/15/2018","04/02/2018","03/07/2018","Lot # 41957, manufacture date 11/16/2017."
"Veterinary","No","","79270","Terminated","CHS, Inc.","13400 Van Buren St","N/A","Holland","MI","	49424-9410","United States","Voluntary: Firm initiated","Telephone","MI only","V-0253-2018","Class II","F856 AKEY Turkey 6 Pellet, and Medicated Bulk turkey feed , Active Drug Ingredient Bambermycins, 2.0 g/ton","48 tons and 20 tons","CHS Inc. initiated a voluntary recall of turkey feed due to excessive levels of salt which could be potentially toxic to turkeys.","02/16/2018","07/25/2018","10/04/2018","08/01/2018","CHS Inc. F856 AKEY Turkey 6 Pellet, Medicated Bulk turkey Active Drug Ingredient Bambermycins, 2.0 g/ton  1. F856 run 41355 all product fed no issues reported, and    2. F856 run 41336"
"Veterinary","No","","79291","Terminated","The J.M. Smucker Company, Inc.","1 Strawberry Ln","N/A","Orrville","OH","	44667-1241","United States","Voluntary: Firm initiated","Two or more of the following: Email, Fax, Letter, Press Release, Telephone, Visit","Nationwide","V-0057-2018","Class III","Gravy Train With Lamb & Rice Chunks, packaged in metal cans with Net WT 13.2 OZ; UPC: 7910005430 on flat case and 7910052543 on cans; Distributed by: Big Heart Pet Brands, San Francisco, CA 94111  ","172,767 cs 12 cans/cs","A TV station notified the firm and stated that certain varieties of their canned pet food products may contain Pentobarbital in low levels.  The firm performed a safety assessment and concluded that no threat to pet safety was present. The firm agreed to conduct a product withdrawal, but the FDA considered this to be a recall once data indicated that the tallow was contaminated with pentobarbital.","02/12/2018","03/14/2018","12/07/2020","03/07/2018","Best By range 10 25 19 thru  02 09 2021;   Code range: 6299 through 8040, each with the suffix plant number 803"
"Veterinary","No","","79291","Terminated","The J.M. Smucker Company, Inc.","1 Strawberry Ln","N/A","Orrville","OH","	44667-1241","United States","Voluntary: Firm initiated","Two or more of the following: Email, Fax, Letter, Press Release, Telephone, Visit","Nationwide","V-0058-2018","Class III","Gravy Train; With T-Bone Flavor Chunks; packaged in metal cans with Net WT 13.2 OZ; UPC: 7910005410 on flat case and 7910052541 on cans; Distributed by: Big Heart Pet Brands, San Francisco, CA 94111  ","981,091 cs 12 cans/cs","A TV station notified the firm and stated that certain varieties of their canned pet food products may contain Pentobarbital in low levels.  The firm performed a safety assessment and concluded that no threat to pet safety was present. The firm agreed to conduct a product withdrawal, but the FDA considered this to be a recall once data indicated that the tallow was contaminated with pentobarbital.","02/12/2018","03/14/2018","12/07/2020","03/07/2018","Best By range 10 25 19 thru  02 09 2021;   Code range: 6299 through 8040, each with the suffix plant number 803"
"Veterinary","No","","79291","Terminated","The J.M. Smucker Company, Inc.","1 Strawberry Ln","N/A","Orrville","OH","	44667-1241","United States","Voluntary: Firm initiated","Two or more of the following: Email, Fax, Letter, Press Release, Telephone, Visit","Nationwide","V-0059-2018","Class III","Gravy Train With Beef Chunks; packaged in metal cans with Net WT 22 OZ and UPC: 7910051647 on flat case and 7910051647 on cans; or with Net WT 13.5 OZ and UPC: 7910052457 on flat case and 79100034417 on cans; and Gravy Train Chunks In Gravy With Beef Chunks; packaged in metal cans with Net WT 13.2 OZ; UPC: 7910052879 on flat case and 7910034417 on cans; Distributed by: Big Heart Pet Brands, San Francisco, CA 94111;","4,136,951 cs, 12 cans/cs.","A TV station notified the firm and stated that certain varieties of their canned pet food products may contain Pentobarbital in low levels.  The firm performed a safety assessment and concluded that no threat to pet safety was present. The firm agreed to conduct a product withdrawal, but the FDA considered this to be a recall once data indicated that the tallow was contaminated with pentobarbital.","02/12/2018","03/14/2018","12/07/2020","03/07/2018","Best By range 10 25 19 thru  02 09 2021;   Code range: 6299 through 8040, each with the suffix plant number 803"
"Veterinary","No","","79291","Terminated","The J.M. Smucker Company, Inc.","1 Strawberry Ln","N/A","Orrville","OH","	44667-1241","United States","Voluntary: Firm initiated","Two or more of the following: Email, Fax, Letter, Press Release, Telephone, Visit","Nationwide","V-0060-2018","Class III","Gravy Train With Chicken Chunks; packaged in metal cans; Net WT 22 OZ with UPC: 7910051645 on flat case and 7910051645 on cans; and Net WT 13.2 OZ with UPC: 7910052458 on flat case and 7910034418 on cans; Distributed by: Big Heart Pet Brands, San Francisco, CA 94111","881,890 cs, 12 cans/cs.","A TV station notified the firm and stated that certain varieties of their canned pet food products may contain Pentobarbital in low levels.  The firm performed a safety assessment and concluded that no threat to pet safety was present. The firm agreed to conduct a product withdrawal, but the FDA considered this to be a recall once data indicated that the tallow was contaminated with pentobarbital.","02/12/2018","03/14/2018","12/07/2020","03/07/2018","Best By range 10 25 19 thru  02 09 2021;   Code range: 6299 through 8040, each with the suffix plant number 803"
"Veterinary","No","","79291","Terminated","The J.M. Smucker Company, Inc.","1 Strawberry Ln","N/A","Orrville","OH","	44667-1241","United States","Voluntary: Firm initiated","Two or more of the following: Email, Fax, Letter, Press Release, Telephone, Visit","Nationwide","V-0061-2018","Class III","Gravy Train With Strips In Gravy; packaged in metal cans with Net WT 13.2 OZ; UPC: 7910005420 on flat case and 7910052542 on cans; Distributed by: Big Heart Pet Brands, San Francisco, CA 94111       ","169,843 cs, 12 cans/cs.","A TV station notified the firm and stated that certain varieties of their canned pet food products may contain Pentobarbital in low levels.  The firm performed a safety assessment and concluded that no threat to pet safety was present. The firm agreed to conduct a product withdrawal, but the FDA considered this to be a recall once data indicated that the tallow was contaminated with pentobarbital.","02/12/2018","03/14/2018","12/07/2020","03/07/2018","Best By range 10 25 19 thru  02 09 2021;   Code range: 6299 through 8040, each with the suffix plant number 803"
"Veterinary","No","11/02/2018","79323","Terminated","Northwest Naturals Inc","4050 NE 158th Ave","N/A","Portland","OR","	97230-5003","United States","Voluntary: Firm initiated","Telephone","California, Michigan, Pennsylvania, Rhode Island, Texas, and Washington.","V-0042-2019","Class I","Raw Diet for Dogs Chicken & Salmon Recipe, Northwest Natural brand, frozen product, Net wt. 5 lbs.  UPC 0 87316 38440 6","94 cases","Raw Diet for Dogs Chicken & Salmon Recipe, frozen, is recalled due to a potential for contamination with Listeria monocytogenes.","02/21/2018","11/01/2018","11/07/2018","03/21/2018","15 082218  The code is interpreted as follows:  -15 is the batch number made on 12-22-2016.  -082218 is the expiration date 8-22-2018."
"Veterinary","No","","79291","Terminated","The J.M. Smucker Company, Inc.","1 Strawberry Ln","N/A","Orrville","OH","	44667-1241","United States","Voluntary: Firm initiated","Two or more of the following: Email, Fax, Letter, Press Release, Telephone, Visit","Nationwide","V-0062-2018","Class III","Ol' Roy Dog Food Strips in Gravy With Turkey & Bacon; packaged in metal cans with Net Wt 13.2 OZ; UPC: 7910017570 on flat case and 8113117570 on cans; Distributed by: Wal-Mart Stores, Bentonville, AR 72712      ","107,003 cs, 12 cans/cs.","A TV station notified the firm and stated that certain varieties of their canned pet food products may contain Pentobarbital in low levels.  The firm performed a safety assessment and concluded that no threat to pet safety was present. The firm agreed to conduct a product withdrawal, but the FDA considered this to be a recall once data indicated that the tallow was contaminated with pentobarbital.","02/12/2018","03/14/2018","12/07/2020","03/07/2018","Code range: 6299 through 8040, each with the suffix plant number 803;   Best By range 10 25 19 thru  02 09 2021;"
"Veterinary","No","","79291","Terminated","The J.M. Smucker Company, Inc.","1 Strawberry Ln","N/A","Orrville","OH","	44667-1241","United States","Voluntary: Firm initiated","Two or more of the following: Email, Fax, Letter, Press Release, Telephone, Visit","Nationwide","V-0063-2018","Class III","Kibbles 'n Bits brand Dog Food; Chef's Choice Homestyle Tender Slices With Real Beef, Chicken & Vegetables in Gravy; packaged in metal cans with Net Wt. 13.2 OZ; UPC: 7910052489A on flat case and 7910010380 on cans; Distr. by: Big Heart Pet Brands, San Francisco CA 94111      ","3180 cs, 12 cans/cs","A TV station notified the firm and stated that certain varieties of their canned pet food products may contain Pentobarbital in low levels.  The firm performed a safety assessment and concluded that no threat to pet safety was present. The firm agreed to conduct a product withdrawal, but the FDA considered this to be a recall once data indicated that the tallow was contaminated with pentobarbital.","02/12/2018","03/14/2018","12/07/2020","03/07/2018","Code range: 6299 through 8040, each with the suffix plant number 803;  Best By range 10 25 19 thru  02 09 2021;"
"Veterinary","No","","79291","Terminated","The J.M. Smucker Company, Inc.","1 Strawberry Ln","N/A","Orrville","OH","	44667-1241","United States","Voluntary: Firm initiated","Two or more of the following: Email, Fax, Letter, Press Release, Telephone, Visit","Nationwide","V-0064-2018","Class III","Kibbles 'n Bits brand Dog Food; Chef's Choice Bistro Tender Cuts With Real Turkey, Bacon & Vegetables; packages in metal cans with Net Wt. 13.2 OZ; UPC: 7910052488A on flat case and 7910010378 on cans; Distr. by: Big Heart Pet Brands, San Francisco CA 94111      ","2732 cs, 12 cans/cs.","A TV station notified the firm and stated that certain varieties of their canned pet food products may contain Pentobarbital in low levels.  The firm performed a safety assessment and concluded that no threat to pet safety was present. The firm agreed to conduct a product withdrawal, but the FDA considered this to be a recall once data indicated that the tallow was contaminated with pentobarbital.","02/12/2018","03/14/2018","12/07/2020","03/07/2018","Code range: 6299 through 8040, each with the suffix plant number 803;   Best By range 10 25 19 thru  02 09 2021;"
"Veterinary","No","","79291","Terminated","The J.M. Smucker Company, Inc.","1 Strawberry Ln","N/A","Orrville","OH","	44667-1241","United States","Voluntary: Firm initiated","Two or more of the following: Email, Fax, Letter, Press Release, Telephone, Visit","Nationwide","V-0065-2018","Class III","Kibbles 'n Bits brand Dog Food; Chef's Choice Bistro Tender Cuts With Real Beef & Vegetables In Gravy; packaged in metal cans with Net Wt. 13.2 OZ; UPC: 7910052486A on flat case and 7910010375 on cans; Distr. by: Big Heart Pet Brands, San Francisco CA 94111      ","4148 cs, 12 cans/cs.","A TV station notified the firm and stated that certain varieties of their canned pet food products may contain Pentobarbital in low levels.  The firm performed a safety assessment and concluded that no threat to pet safety was present. The firm agreed to conduct a product withdrawal, but the FDA considered this to be a recall once data indicated that the tallow was contaminated with pentobarbital.","02/12/2018","03/14/2018","12/07/2020","03/07/2018","Code range: 6299 through 8040, each with the suffix plant number 803;   Best By range 10 25 19 thru  02 09 2021;"
"Veterinary","No","","79291","Terminated","The J.M. Smucker Company, Inc.","1 Strawberry Ln","N/A","Orrville","OH","	44667-1241","United States","Voluntary: Firm initiated","Two or more of the following: Email, Fax, Letter, Press Release, Telephone, Visit","Nationwide","V-0066-2018","Class III","Skippy Premium Chunks in gravy; Chunky Stew; packaged in metal cans with Net Wt. 13.2 OZ; UPC: 7910052469 on flat case and 7910050249 on cans; Distr. by: Big Heart Pet Brands, San Francisco CA 94111      ","26,880 cs, 12 cans/cs.","A TV station notified the firm and stated that certain varieties of their canned pet food products may contain Pentobarbital in low levels.  The firm performed a safety assessment and concluded that no threat to pet safety was present. The firm agreed to conduct a product withdrawal, but the FDA considered this to be a recall once data indicated that the tallow was contaminated with pentobarbital.","02/12/2018","03/14/2018","12/07/2020","03/07/2018","Code range: 6299 through 8040, each with the suffix plant number 803;   Best By range 10 25 19 thru  02 09 2021;"
"Veterinary","No","","79291","Terminated","The J.M. Smucker Company, Inc.","1 Strawberry Ln","N/A","Orrville","OH","	44667-1241","United States","Voluntary: Firm initiated","Two or more of the following: Email, Fax, Letter, Press Release, Telephone, Visit","Nationwide","V-0067-2018","Class III","Skippy Premium Chunks in gravy; With Beef; packaged in metal cans with Net Wt. 13.2 OZ; UPC: 7910052508 on flat case and 7910050250 on cans; Distr. by: Big Heart Pet Brands, San Francisco CA 94111    ","28,231 cs, 12 cans/cs.","A TV station notified the firm and stated that certain varieties of their canned pet food products may contain Pentobarbital in low levels.  The firm performed a safety assessment and concluded that no threat to pet safety was present. The firm agreed to conduct a product withdrawal, but the FDA considered this to be a recall once data indicated that the tallow was contaminated with pentobarbital.","02/12/2018","03/14/2018","12/07/2020","03/07/2018","Code range: 6299 through 8040, each with the suffix plant number 803;   Best By range 10 25 19 thru  02 09 2021;"
"Veterinary","No","","79291","Terminated","The J.M. Smucker Company, Inc.","1 Strawberry Ln","N/A","Orrville","OH","	44667-1241","United States","Voluntary: Firm initiated","Two or more of the following: Email, Fax, Letter, Press Release, Telephone, Visit","Nationwide","V-0068-2018","Class III","Skippy Premium Strips in Gravy; With Beef; packaged in metal cans with Net Wt. 13.2 OZ; UPC: 7910052509 on flat case and 7910050245 on cans; Distr. by: Big Heart Pet Brands, San Francisco CA 94111      ","7,471 cs, 12 cans/cs","A TV station notified the firm and stated that certain varieties of their canned pet food products may contain Pentobarbital in low levels.  The firm performed a safety assessment and concluded that no threat to pet safety was present. The firm agreed to conduct a product withdrawal, but the FDA considered this to be a recall once data indicated that the tallow was contaminated with pentobarbital.","02/12/2018","03/14/2018","12/07/2020","03/07/2018","Code range: 6299 through 8040, each with the suffix plant number 803;   Best By range 10 25 19 thru  02 09 2021;"
"Veterinary","No","","79291","Terminated","The J.M. Smucker Company, Inc.","1 Strawberry Ln","N/A","Orrville","OH","	44667-1241","United States","Voluntary: Firm initiated","Two or more of the following: Email, Fax, Letter, Press Release, Telephone, Visit","Nationwide","V-0069-2018","Class III","Kibbles 'n Bits 12 Can Variety Pack; Chef's Choice Bistro, containing 4 cans of Hearty Cuts with Real Beef, Chicken & Vegetables In Gravy; Chef's Choice Homestyle, 4 cans of Meatballs & Pasta Dinner with Real Beef in Tomato Sauce; Chef's Choice Bistro, and 4 cans of Bistro Tender Cuts With Real Turkey, Bacon & Vegetables in Gravy; packaged in metal cans with 12 - 13.2 OZ Cans per case; Total Net Wt 9 LB 14 OZ; Variety Pack paper box UPC: 7910027750; Distr By: Big Heart Pet Brands, San Francisco, CA 94111.     These packages are not meant for individual can sales and are sold as a 12 can Variety Pack.  ","343,676 packs.","A TV station notified the firm and stated that certain varieties of their canned pet food products may contain Pentobarbital in low levels.  The firm performed a safety assessment and concluded that no threat to pet safety was present. The firm agreed to conduct a product withdrawal, but the FDA considered this to be a recall once data indicated that the tallow was contaminated with pentobarbital.","02/12/2018","03/14/2018","12/07/2020","03/07/2018","Code range: 6299 through 8040, each with the suffix plant number 803;   Best By range 10 25 19 thru  02 09 2021;"
"Veterinary","No","","79291","Terminated","The J.M. Smucker Company, Inc.","1 Strawberry Ln","N/A","Orrville","OH","	44667-1241","United States","Voluntary: Firm initiated","Two or more of the following: Email, Fax, Letter, Press Release, Telephone, Visit","Nationwide","V-0070-2018","Class III","Kibbles 'n Bits 12 Can Variety Pack; containing 4 cans of Chef's Choice Bistro, Hearty Cuts with Real Beef, Chicken & Vegetables In Gravy; 4 cans of Chef's Choice Homestyle, Meatballs & Pasta Dinner with Real Beef in Tomato Sauce; and 4 cans of Chef's Choice Bistro, Bistro Tender Cuts With Real Turkey, Bacon & Vegetables in Gravy; packaged in metal cans with 12 - 13.2 OZ Cans per case; Total Net Wt 9 LB 14 OZ; Variety Pack paper box UPC: 7910027750; Distr By: Big Heart Pet Brands, San Francisco, CA 94111.     These packages are not meant for individual can sales and are sold as a 12 can Variety Pack.  ","451,348 packs.","A TV station notified the firm and stated that certain varieties of their canned pet food products may contain Pentobarbital in low levels.  The firm performed a safety assessment and concluded that no threat to pet safety was present. The firm agreed to conduct a product withdrawal, but the FDA considered this to be a recall once data indicated that the tallow was contaminated with pentobarbital.","02/12/2018","03/14/2018","12/07/2020","03/07/2018","Code range: 6299 through 8040, each with the suffix plant number 803;   Best By range 10 25 19 thru  02 09 2021;"
"Veterinary","No","","79291","Terminated","The J.M. Smucker Company, Inc.","1 Strawberry Ln","N/A","Orrville","OH","	44667-1241","United States","Voluntary: Firm initiated","Two or more of the following: Email, Fax, Letter, Press Release, Telephone, Visit","Nationwide","V-0071-2018","Class III","Kibbles 'n Bits 12 Can Variety Pack; containing 6 cans of Chef's Choice American Grill, Burger Dinner With Real Bacon & Cheese Bits In Gravy; and 6 cans of Chef's Choice Bistro, Tender Cuts With Real Turkey, Bacon & Vegetables In Gravy; packages in metal cans with 12 - 13.2 OZ cans per case; Total Net Wt 9 LB 14 OZ; Variety Pack paper box UPC: 7910027685; Distr By: Big Heart Pet Brands, San Francisco, CA 94111.    These packages are not meant for individual can sales and are sold as a 12 can Variety Pack.  ","203,331 packs","A TV station notified the firm and stated that certain varieties of their canned pet food products may contain Pentobarbital in low levels.  The firm performed a safety assessment and concluded that no threat to pet safety was present. The firm agreed to conduct a product withdrawal, but the FDA considered this to be a recall once data indicated that the tallow was contaminated with pentobarbital.","02/12/2018","03/14/2018","12/07/2020","03/07/2018","Code range: 6299 through 8040, each with the suffix plant number 803;   Best By range 10 25 19 thru  02 09 2021;"
"Veterinary","No","","79330","Terminated","Carnivore Meat Company, LLC","2878 Ontario Rd","N/A","Green Bay","WI","	54311-6877","United States","Voluntary: Firm initiated","Two or more of the following: Email, Fax, Letter, Press Release, Telephone, Visit","CO, FL, IL, MN, OH, PA, RI, TX, WA, and WI","V-0043-2019","Class I","Vital Essentials Freeze-Dried Beef Nibblets.  Purely raw.  Instinctively healthy.  Net Wt. 1 lb. (452g) UPC  33211-00894, Product # 3894.  Carnivore Meat Company LLC, PO Box 9227, Green Bay, WI  54308.","73 cases (438-1 lb. bags)","Pet food has the potential to be contaminated with Salmonella.","02/23/2018","11/01/2018","12/17/2018","03/07/2018","Lot 13753, Best by 6/14/19 (written as 20190614  13753 on label)"
"Veterinary","No","","79388","Terminated","Environmental Trade INC","106 Maddox Rd","N/A","Eatonton","GA","	31024-6009","United States","Voluntary: Firm initiated","Two or more of the following: Email, Fax, Letter, Press Release, Telephone, Visit","GA, TX (Direct Distribution)   Further distribution by distributor(s) to TN, FL, SC, and NC","V-0085-2018","Class I","Product label: Blue Ridge Beef Kitten Grind for Cats; Ingredients: Ground Beef; Keep Frozen until Ready for Use; Manufactured by Blue Ridge Beef; Statesville, NC; Net Wt. 2 lbs.    Case Label: Blue Ridge Beef; Kitten Grind; Lot # GA 1102; M.F.D. 11/02/17","600 lbs of kitten grind total; 20/30lb cases; 15-2 lb. tubes of kitten grind per case","May be contaminated with Listeria monocytogenes and Salmonella, as revealed by FDA sample analysis.","02/28/2018","04/11/2018","12/18/2025","03/21/2018","Lot #: GA1102  UPC: 854298001016"
"Veterinary","No","10/23/2018","79414","Terminated","STEVE'S REAL FOOD FOR PETS","2034 E Fort Union Blvd","N/A","Cottonwood Heights","UT","	84121-3144","United States","Voluntary: Firm initiated","Press Release","distributed in CA, CO, CT, IA, KS, FL, MD, MI, MN, MO, ND, NE, NJ, NV, NY, OR, PA, TX, UT, VA, and WA","V-0015-2019","Class I","Raw Frozen Dog Food Turkey Canine Recipe, Steve's Real Food brand, packaged in a flexible printed plastic bag. Net wt. 5 lb.  UPC 6 91730 15303 8.    The product label is read in parts ""***STEVE'S REAL FOOD***RAW FROZEN DOG FOOD***TURKEY CANINE RECIPE***Distributed by: Steve's Real Food, Inc. Aumsville, OR***.","52 cases (6/5 lbs. bags per case)","One lot of Raw Frozen Dog Food Turkey Canine Recipe, 5 lb. packages, is recalled due to potential to be contaminated with Salmonella.","03/02/2018","10/23/2018","10/25/2018","04/04/2018","Lot E 178. Best by date 9/27/18"
"Veterinary","No","","79434","Terminated","Raw Basics, LLC","10000 80th Ave","N/A","Pleasant Prairie","WI","	53158-2803","United States","Voluntary: Firm initiated","E-Mail","GA, KS, MN, PA","V-0090-2018","Class I","Tucker's Pork-Bison Formula, Raw Frozen, Complete & Balanced Formula, Dog Food for all life stages.  2 - 2-1/2 LB Pouches, Net Weight 5 LB (2.268 KG).  UPC code 072635520017. Keep Frozen, Raw Basics, LLC, 10,000 80th Ave., Pleasant Prairie, WI  53158","108 - 5 lb. boxes","Product has the potential to be contaminated with Salmonella.","03/06/2018","05/02/2018","07/01/2019","04/04/2018","Best By:  04/17/19  Lot:  27717"
"Veterinary","No","","79270","Terminated","CHS, Inc.","13400 Van Buren St","N/A","Holland","MI","	49424-9410","United States","Voluntary: Firm initiated","Telephone","MI only","V-0254-2018","Class II","CHS Inc. F854 AKEY Turkey 4 Pellet, Medicated Bulk turkey Active Drug Ingredient Bacitracin Methylene Disalicylate 50 g/ton and Monensin as Monensin Sodium 63 g/ton  ","20 tons F854 run 41337 all product fed; 23 tons of F854 run 41345 all product fed no reported issues","CHS Inc. initiated a voluntary recall of turkey feed due to excessive levels of salt which could be potentially toxic to turkeys.","02/16/2018","07/25/2018","10/04/2018","08/01/2018","CHS Inc. F854 AKEY Turkey 4 Pellet, Medicated Bulk turkey Active Drug Ingredient Bacitracin Methylene Disalicylate 50 g/ton and Monensin as Monensin Sodium 63 g/ton  F854 run 41337 all product fed; and F854 run 41345 all product fed no reported issues"
"Veterinary","No","","79270","Terminated","CHS, Inc.","13400 Van Buren St","N/A","Holland","MI","	49424-9410","United States","Voluntary: Firm initiated","Telephone","MI only","V-0255-2018","Class II","CHS Inc. F852 AKEY Turkey 2 Crumble, Medicated Bulk turkey Active Drug Ingredient Bacitracin Methylene Disalicylate 50 g/ton and Monensin as Monensin Sodium 72 g/ton  ","7 tons of  F852 run 41338 all product fed no issues reported","CHS Inc. initiated a voluntary recall of turkey feed due to excessive levels of salt which could be potentially toxic to turkeys.","02/16/2018","07/25/2018","10/04/2018","08/01/2018","CHS Inc. F852 AKEY Turkey 2 Crumble, Medicated Bulk turkey Active Drug Ingredient Bacitracin Methylene Disalicylate 50 g/ton and Monensin as Monensin Sodium 72 g/ton  F852 run 41338"
"Veterinary","No","","79270","Terminated","CHS, Inc.","13400 Van Buren St","N/A","Holland","MI","	49424-9410","United States","Voluntary: Firm initiated","Telephone","MI only","V-0256-2018","Class II","CHS Inc. F864 AKEY Turkey 4 Pellet, Medicated Bulk turkey Active Drug Ingredient Bacitracin Methylene Disalicylate 50 g/ton and Monensin as Monensin Sodium 63 g/ton  ","35 tons of  F864 run 41339 all product fed no issues","CHS Inc. initiated a voluntary recall of turkey feed due to excessive levels of salt which could be potentially toxic to turkeys.","02/16/2018","07/25/2018","10/04/2018","08/01/2018","CHS Inc. F864 AKEY Turkey 4 Pellet, Medicated Bulk turkey Active Drug Ingredient Bacitracin Methylene Disalicylate 50 g/ton and Monensin as Monensin Sodium 63 g/ton  F864 run 41339 all product fed no issues reported"
"Veterinary","No","","79270","Terminated","CHS, Inc.","13400 Van Buren St","N/A","Holland","MI","	49424-9410","United States","Voluntary: Firm initiated","Telephone","MI only","V-0257-2018","Class II","CHS Inc. F854S AKEY Turkey 5 Pellet with Safeguard, Medicated Bulk turkey Active Drug Ingredient Fenbendazole 14.49 g/ton","48 tons  of F854S run 41340 (feed to be retrieved from field and sent to landfill  tested high in sodium","CHS Inc. initiated a voluntary recall of turkey feed due to excessive levels of salt which could be potentially toxic to turkeys.","02/16/2018","07/25/2018","10/04/2018","08/01/2018","CHS Inc. F854S AKEY Turkey 5 Pellet with Safeguard, Medicated Bulk turkey Active Drug Ingredient Fenbendazole 14.49 g/ton  F854S run 41340"
"Veterinary","No","","79270","Terminated","CHS, Inc.","13400 Van Buren St","N/A","Holland","MI","	49424-9410","United States","Voluntary: Firm initiated","Telephone","MI only","V-0258-2018","Class II","CHS Inc. F857 AKEY Turkey 7 Pellet, and Medicated Bulk turkey feed , Active Drug Ingredient Bambermycins, 2.0 g/ton","32 tons of  F857 run 41341 ; and 23 tons of F857 run 41346","CHS Inc. initiated a voluntary recall of turkey feed due to excessive levels of salt which could be potentially toxic to turkeys.","02/16/2018","07/25/2018","10/04/2018","08/01/2018","CHS Inc. F857 AKEY Turkey 7 Pellet, and Medicated Bulk turkey feed , Active Drug Ingredient Bambermycins, 2.0 g/ton  F857 run 41341 all product fed tested high in sodium; F857 run 41346 all product fed no reported issues"
"Veterinary","No","","79270","Terminated","CHS, Inc.","13400 Van Buren St","N/A","Holland","MI","	49424-9410","United States","Voluntary: Firm initiated","Telephone","MI only","V-0259-2018","Class II","CHS Inc. F855 AKEY Turkey 5 Pellet, and Medicated Bulk turkey feed , Active Drug Ingredient Bambermycins, 2.0 g/ton","12 tons of 8. F855 run 41344 ; 23 tons of  F855 run 41347 ; and 23 tons of F855 run 41348","CHS Inc. initiated a voluntary recall of turkey feed due to excessive levels of salt which could be potentially toxic to turkeys.","02/16/2018","07/25/2018","10/04/2018","08/01/2018","CHS Inc. F855 AKEY Turkey 5 Pellet, and Medicated Bulk turkey feed , Active Drug Ingredient Bambermycins, 2.0 g/ton  F855 run 41344 all fed no reported issues; and F855 run 41347 ; and F855 run 41348"
"Veterinary","No","","79270","Terminated","CHS, Inc.","13400 Van Buren St","N/A","Holland","MI","	49424-9410","United States","Voluntary: Firm initiated","Telephone","MI only","V-0260-2018","Class II","CHS Inc. F851V Akey Turkey 1 Crumble Vaccination, Bulk turkey feed","14 tons of F851V run 41349","CHS Inc. initiated a voluntary recall of turkey feed due to excessive levels of salt which could be potentially toxic to turkeys.","02/16/2018","07/25/2018","10/04/2018","08/01/2018","CHS Inc. F851V Akey Tukey 1 Crumble Vaccination, Bulk turkey feed   F851V run 41349"
"Veterinary","No","","79270","Terminated","CHS, Inc.","13400 Van Buren St","N/A","Holland","MI","	49424-9410","United States","Voluntary: Firm initiated","Telephone","MI only","V-0261-2018","Class II","CHS Inc. F941 Akey Turkey 1 Crumble , Bulk Medicated turkey feed with Active Drug Ingredient Bacitracin Methylene Disalicyate 50 g/ton and Monensin as Monensin Sodium 72 g/ton","12 tons of F941 run 41350","CHS Inc. initiated a voluntary recall of turkey feed due to excessive levels of salt which could be potentially toxic to turkeys.","02/16/2018","07/25/2018","10/04/2018","08/01/2018","CHS Inc. F941 Akey Tukey 1 Crumble , Bulk Medicated turkey feed with Active Drug Ingredient Bacitracin Methylene Disalicyate 50 g/ton and Monensin as Monensin Sodium 72 g/ton   F941 run 41350"
"Veterinary","No","","79270","Terminated","CHS, Inc.","13400 Van Buren St","N/A","Holland","MI","	49424-9410","United States","Voluntary: Firm initiated","Telephone","MI only","V-0262-2018","Class II","CHS Inc. F943 Akey Turkey 3 Crumble , Bulk Medicated turkey feed with Active Drug Ingredient Bacitracin Methylene Disalicyate 50 g/ton and Monensin as Monensin Sodium 63 g/ton","12 tons of F943 run 41351","CHS Inc. initiated a voluntary recall of turkey feed due to excessive levels of salt which could be potentially toxic to turkeys.","02/16/2018","07/25/2018","10/04/2018","08/01/2018","CHS Inc. F943 Akey Tukey 3 Crumble, Bulk Medicated turkey feed with Active Drug Ingredient Bacitracin Methylene Disalicyate 50 g/ton and Monensin as Monensin Sodium 63 g/ton   F943 run 41351"
"Veterinary","No","","79270","Terminated","CHS, Inc.","13400 Van Buren St","N/A","Holland","MI","	49424-9410","United States","Voluntary: Firm initiated","Telephone","MI only","V-0263-2018","Class II","CHS Inc. F947 Akey Turkey 7 Pellet, Bulk Medicated turkey feed with Active Drug Ingredient Bambermycins 2.0 g/ton","14 tons of F947 run 41352","CHS Inc. initiated a voluntary recall of turkey feed due to excessive levels of salt which could be potentially toxic to turkeys.","02/16/2018","07/25/2018","10/04/2018","08/01/2018","CHS Inc. F947 Akey Tukey 7 Pellet, Bulk Medicated turkey feed with Active Drug Ingredient Bambermycins 2.0 g/ton   F947 run 41352"
"Veterinary","No","","79270","Terminated","CHS, Inc.","13400 Van Buren St","N/A","Holland","MI","	49424-9410","United States","Voluntary: Firm initiated","Telephone","MI only","V-0264-2018","Class II","CHS Inc. F824 4T Grower Number 2 Pellets W RSP","48 tons of F824 run 41353","CHS Inc. initiated a voluntary recall of turkey feed due to excessive levels of salt which could be potentially toxic to turkeys.","02/16/2018","07/25/2018","10/04/2018","08/01/2018","CHS Inc. F824 4T Grower Number 2 Pellets W RSP; F824 run 41353 all fed no reported issues"
"Veterinary","No","11/02/2018","79164","Terminated","Redbarn Pet Products","3229 E Spring St Ste 310","N/A","Long Beach","CA","	90806-2478","United States","Voluntary: Firm initiated","Telephone","Product distributed to distribution centers and retail stores the following US States: AL, AR, AZ, CA, CO, DE, FL, GA, HI, IA, ID, IL, IN, KS, MA, MI, MN, MO, MT, NC, ND, NJ, NV, NY, OH, OR, PA, RI, SC, SD, TN, TX, UT, VA, WA, WI, and WY. Further distribution to retail stores in likely additional states.","V-0019-2019","Class I","Redbarn, 7 Inch Bully Sticks, Premium Dog Chews, 1 Count, Redbarn Pet Products, LLC Great Bend Kansas, UPC 785184207000; No packaging: the label is a tag on the stick","5,110 cases","A sample collected by the Colorado Department of agriculture was positive for Salmonella.","02/06/2018","11/01/2018","05/17/2019","05/23/2018","All lot codes ending in ""BC"""
"Veterinary","No","","79500","Terminated","Cargill, Inc         Corporate Headquarters","15407 McGinty Rd W","N/A","Wayzata","MN","	55391-2365","United States","Voluntary: Firm initiated","Telephone","CA, CO, FL, ID, KS, LA, OK, SD, TX, WA","V-0084-2018","Class III","Reloader 250 Mineral Bolus.  A Vitamin-Mineral Bolus for Beef Cattle.  For Ruminants only.   20 Boluses Net wt. 67 oz (1.9 kg), UPC 22304-44851, Twelve 20 count boxes / carton.  40 Boluses  Net wt. 134 oz (3.8 kg)  UPC 22304-44850, Six 40 count boxes / carton.  Manufactured for:  Provimi North America, Inc., Brookville, Ohio  45309","169.75 cartons","The Reloader 250 Mineral Bolus may result in potentially releasing less vitamins and minerals per day than what the label states.","03/02/2018","03/30/2018","11/26/2018","04/04/2018","Batches 1170530016 and 1170612029"
"Veterinary","No","11/02/2018","79164","Terminated","Redbarn Pet Products","3229 E Spring St Ste 310","N/A","Long Beach","CA","	90806-2478","United States","Voluntary: Firm initiated","Telephone","Product distributed to distribution centers and retail stores the following US States: AL, AR, AZ, CA, CO, DE, FL, GA, HI, IA, ID, IL, IN, KS, MA, MI, MN, MO, MT, NC, ND, NJ, NV, NY, OH, OR, PA, RI, SC, SD, TN, TX, UT, VA, WA, WI, and WY. Further distribution to retail stores in likely additional states.","V-0020-2019","Class I","petco PRIME CUTS, 7'' Bully Stick, Net Wt. .74 OZ (20 g), Distributed by: International Pet Supplies and Distribution, Inc. San Diego, CA 92121, 800443104798; No packaging: the label is a tag on the stick.","367 cases","A sample collected by the Colorado Department of agriculture was positive for Salmonella.","02/06/2018","11/01/2018","05/17/2019","05/23/2018","All lot codes ending in ""BC"""
"Veterinary","No","11/02/2018","79164","Terminated","Redbarn Pet Products","3229 E Spring St Ste 310","N/A","Long Beach","CA","	90806-2478","United States","Voluntary: Firm initiated","Telephone","Product distributed to distribution centers and retail stores the following US States: AL, AR, AZ, CA, CO, DE, FL, GA, HI, IA, ID, IL, IN, KS, MA, MI, MN, MO, MT, NC, ND, NJ, NV, NY, OH, OR, PA, RI, SC, SD, TN, TX, UT, VA, WA, WI, and WY. Further distribution to retail stores in likely additional states.","V-0021-2019","Class I","Time for Joy Holiday, bully stick chew for dogs, Net Wt. .49 OZ (13.9 g), 800443287781; No packaging: the label is a tag on the stick.","699 cases","A sample collected by the Colorado Department of agriculture was positive for Salmonella.","02/06/2018","11/01/2018","05/17/2019","05/23/2018","All lot codes ending in ""BC"""
"Veterinary","No","11/02/2018","79164","Terminated","Redbarn Pet Products","3229 E Spring St Ste 310","N/A","Long Beach","CA","	90806-2478","United States","Voluntary: Firm initiated","Telephone","Product distributed to distribution centers and retail stores the following US States: AL, AR, AZ, CA, CO, DE, FL, GA, HI, IA, ID, IL, IN, KS, MA, MI, MN, MO, MT, NC, ND, NJ, NV, NY, OH, OR, PA, RI, SC, SD, TN, TX, UT, VA, WA, WI, and WY. Further distribution to retail stores in likely additional states.","V-0022-2019","Class I","petco, PRIME CUTS, 3 pk, 7'' Steer Stick Net Wt. 1 OZ (28 g), 800443120446; No packaging: the label is a tag on a stick.","342 cases","A sample collected by the Colorado Department of agriculture was positive for Salmonella.","02/06/2018","11/01/2018","05/17/2019","05/23/2018","All lot codes ending in ""BC"""
"Veterinary","No","11/02/2018","79164","Terminated","Redbarn Pet Products","3229 E Spring St Ste 310","N/A","Long Beach","CA","	90806-2478","United States","Voluntary: Firm initiated","Telephone","Product distributed to distribution centers and retail stores the following US States: AL, AR, AZ, CA, CO, DE, FL, GA, HI, IA, ID, IL, IN, KS, MA, MI, MN, MO, MT, NC, ND, NJ, NV, NY, OH, OR, PA, RI, SC, SD, TN, TX, UT, VA, WA, WI, and WY. Further distribution to retail stores in likely additional states.","V-0023-2019","Class I","Redbarn 7 Inch Bully Sticks, Premium Dog Chews, 6 Count, Redbarn Pet Products, LLC Great Bend Kansas Net Wt. 4.2 OZ (119 g), 785184207161; Packaged in plastic bags.","2,852 cases","A sample collected by the Colorado Department of agriculture was positive for Salmonella.","02/06/2018","11/01/2018","05/17/2019","05/23/2018","All lot codes ending in ""BC"""
"Veterinary","No","11/02/2018","79164","Terminated","Redbarn Pet Products","3229 E Spring St Ste 310","N/A","Long Beach","CA","	90806-2478","United States","Voluntary: Firm initiated","Telephone","Product distributed to distribution centers and retail stores the following US States: AL, AR, AZ, CA, CO, DE, FL, GA, HI, IA, ID, IL, IN, KS, MA, MI, MN, MO, MT, NC, ND, NJ, NV, NY, OH, OR, PA, RI, SC, SD, TN, TX, UT, VA, WA, WI, and WY. Further distribution to retail stores in likely additional states.","V-0024-2019","Class I","Redbarn 9 in Bully Sticks, Premium Dog Chews, 1 Count, Redbarn Pet Products, LLC Great Bend Kansas UPC 785184209004; No packaging: the label is a tag on the stick.","501 cases","A sample collected by the Colorado Department of agriculture was positive for Salmonella.","02/06/2018","11/01/2018","05/17/2019","05/23/2018","All lot codes ending in ""BC"""
"Veterinary","No","11/02/2018","79164","Terminated","Redbarn Pet Products","3229 E Spring St Ste 310","N/A","Long Beach","CA","	90806-2478","United States","Voluntary: Firm initiated","Telephone","Product distributed to distribution centers and retail stores the following US States: AL, AR, AZ, CA, CO, DE, FL, GA, HI, IA, ID, IL, IN, KS, MA, MI, MN, MO, MT, NC, ND, NJ, NV, NY, OH, OR, PA, RI, SC, SD, TN, TX, UT, VA, WA, WI, and WY. Further distribution to retail stores in likely additional states.","V-0025-2019","Class I","Redbarn 30 in Bully Sticks, Premium Dog Chews, 1 Count, Redbarn Pet Products, LLC Great Bend Kansas UPC 785184230015; No packaging: the label is a tag on the stick.","28 cases","A sample collected by the Colorado Department of agriculture was positive for Salmonella.","02/06/2018","11/01/2018","05/17/2019","05/23/2018","All lot codes ending in ""BC"""
"Veterinary","No","11/02/2018","79164","Terminated","Redbarn Pet Products","3229 E Spring St Ste 310","N/A","Long Beach","CA","	90806-2478","United States","Voluntary: Firm initiated","Telephone","Product distributed to distribution centers and retail stores the following US States: AL, AR, AZ, CA, CO, DE, FL, GA, HI, IA, ID, IL, IN, KS, MA, MI, MN, MO, MT, NC, ND, NJ, NV, NY, OH, OR, PA, RI, SC, SD, TN, TX, UT, VA, WA, WI, and WY. Further distribution to retail stores in likely additional states.","V-0026-2019","Class I","Redbarn 36 in Bully Sticks, Premium Dog Chews, 1 Count, Redbarn Pet Products, LLC Great Bend Kansas UPC 785184236017; No packaging: the label is a tag on the stick.","836 cases","A sample collected by the Colorado Department of agriculture was positive for Salmonella.","02/06/2018","11/01/2018","05/17/2019","05/23/2018","All lot codes ending in ""BC"""
"Veterinary","No","11/02/2018","79164","Terminated","Redbarn Pet Products","3229 E Spring St Ste 310","N/A","Long Beach","CA","	90806-2478","United States","Voluntary: Firm initiated","Telephone","Product distributed to distribution centers and retail stores the following US States: AL, AR, AZ, CA, CO, DE, FL, GA, HI, IA, ID, IL, IN, KS, MA, MI, MN, MO, MT, NC, ND, NJ, NV, NY, OH, OR, PA, RI, SC, SD, TN, TX, UT, VA, WA, WI, and WY. Further distribution to retail stores in likely additional states.","V-0027-2019","Class I","Redbarn, Steer Sticks, Premium Dog Chews, 6 Count, Redbarn Pet Products, LLC Great Bend Kansas Net Wt. 0.8 OZ (23 g) UPC 785184245026; Packaged in plastic bags.","30 cases","A sample collected by the Colorado Department of agriculture was positive for Salmonella.","02/06/2018","11/01/2018","05/17/2019","05/23/2018","All lot codes ending in ""BC"""
"Veterinary","No","11/02/2018","79164","Terminated","Redbarn Pet Products","3229 E Spring St Ste 310","N/A","Long Beach","CA","	90806-2478","United States","Voluntary: Firm initiated","Telephone","Product distributed to distribution centers and retail stores the following US States: AL, AR, AZ, CA, CO, DE, FL, GA, HI, IA, ID, IL, IN, KS, MA, MI, MN, MO, MT, NC, ND, NJ, NV, NY, OH, OR, PA, RI, SC, SD, TN, TX, UT, VA, WA, WI, and WY. Further distribution to retail stores in likely additional states.","V-0028-2019","Class I","Redbarn, 5 in Steer Sticks, 10 Count, Redbarn Pet Products, LLC Great Bend Kansas Net Wt. 1.1 OZ (31 g) UPC 785184245101; Packaged in plastic bags.","56 cases","A sample collected by the Colorado Department of agriculture was positive for Salmonella.","02/06/2018","11/01/2018","05/17/2019","05/23/2018","All lot codes ending in ""BC"""
"Veterinary","No","11/02/2018","79164","Terminated","Redbarn Pet Products","3229 E Spring St Ste 310","N/A","Long Beach","CA","	90806-2478","United States","Voluntary: Firm initiated","Telephone","Product distributed to distribution centers and retail stores the following US States: AL, AR, AZ, CA, CO, DE, FL, GA, HI, IA, ID, IL, IN, KS, MA, MI, MN, MO, MT, NC, ND, NJ, NV, NY, OH, OR, PA, RI, SC, SD, TN, TX, UT, VA, WA, WI, and WY. Further distribution to retail stores in likely additional states.","V-0029-2019","Class I","Redbarn, 7 in Steer Sticks, 1 Count, Redbarn Pet Products, LLC Great Bend Kansas; UPC 785184247006; No packaging: the label is a tag on the stick.","3,820 cases","A sample collected by the Colorado Department of agriculture was positive for Salmonella.","02/06/2018","11/01/2018","05/17/2019","05/23/2018","All lot codes ending in ""BC"""
"Veterinary","No","11/02/2018","79164","Terminated","Redbarn Pet Products","3229 E Spring St Ste 310","N/A","Long Beach","CA","	90806-2478","United States","Voluntary: Firm initiated","Telephone","Product distributed to distribution centers and retail stores the following US States: AL, AR, AZ, CA, CO, DE, FL, GA, HI, IA, ID, IL, IN, KS, MA, MI, MN, MO, MT, NC, ND, NJ, NV, NY, OH, OR, PA, RI, SC, SD, TN, TX, UT, VA, WA, WI, and WY. Further distribution to retail stores in likely additional states.","V-0030-2019","Class I","Redbarn, 7 in Steer Sticks, 3 Count, Redbarn Pet Products, LLC Great Bend Kansas; Net Wt. 2.4 OZ (68 g); UPC 785184251058; Packaged in plastic bags.  ","236 case","A sample collected by the Colorado Department of agriculture was positive for Salmonella.","02/06/2018","11/01/2018","05/17/2019","05/23/2018","All lot codes ending in ""BC"""
"Veterinary","No","11/02/2018","79164","Terminated","Redbarn Pet Products","3229 E Spring St Ste 310","N/A","Long Beach","CA","	90806-2478","United States","Voluntary: Firm initiated","Telephone","Product distributed to distribution centers and retail stores the following US States: AL, AR, AZ, CA, CO, DE, FL, GA, HI, IA, ID, IL, IN, KS, MA, MI, MN, MO, MT, NC, ND, NJ, NV, NY, OH, OR, PA, RI, SC, SD, TN, TX, UT, VA, WA, WI, and WY. Further distribution to retail stores in likely additional states.","V-0031-2019","Class I","Redbarn 9'' Bully 1-Lb. Redbarn Pet Products, LLC Great Bend Kansas; UPC 785184290095; Packaged in plastic bags.  ","96 cases","A sample collected by the Colorado Department of agriculture was positive for Salmonella.","02/06/2018","11/01/2018","05/17/2019","05/23/2018","All lot codes ending in ""BC"""
"Veterinary","No","11/02/2018","79164","Terminated","Redbarn Pet Products","3229 E Spring St Ste 310","N/A","Long Beach","CA","	90806-2478","United States","Voluntary: Firm initiated","Telephone","Product distributed to distribution centers and retail stores the following US States: AL, AR, AZ, CA, CO, DE, FL, GA, HI, IA, ID, IL, IN, KS, MA, MI, MN, MO, MT, NC, ND, NJ, NV, NY, OH, OR, PA, RI, SC, SD, TN, TX, UT, VA, WA, WI, and WY. Further distribution to retail stores in likely additional states.","V-0032-2019","Class I","Chewy Louie 7in Bully Stick Premium Dog Chew Redbarn Pet Products, LLC Great Bend Kansas; Net Wt. 0.63 oz (17 g) UPC 785184807019; Packaged in plastic bags.  ","947 cases","A sample collected by the Colorado Department of agriculture was positive for Salmonella.","02/06/2018","11/01/2018","05/17/2019","05/23/2018","All lot codes ending in ""BC"""
"Veterinary","No","11/02/2018","79164","Terminated","Redbarn Pet Products","3229 E Spring St Ste 310","N/A","Long Beach","CA","	90806-2478","United States","Voluntary: Firm initiated","Telephone","Product distributed to distribution centers and retail stores the following US States: AL, AR, AZ, CA, CO, DE, FL, GA, HI, IA, ID, IL, IN, KS, MA, MI, MN, MO, MT, NC, ND, NJ, NV, NY, OH, OR, PA, RI, SC, SD, TN, TX, UT, VA, WA, WI, and WY. Further distribution to retail stores in likely additional states.","V-0033-2019","Class I","Dentley 7 in Bully Stick, 1 stick / 7in / Net Wt 0.49 oz (13.9 g) UPC 737257479852; No packaging: the label is a tag on the stick.","46 cases","A sample collected by the Colorado Department of agriculture was positive for Salmonella.","02/06/2018","11/01/2018","05/17/2019","05/23/2018","All lot codes ending in ""BC"""
"Veterinary","No","11/02/2018","79164","Terminated","Redbarn Pet Products","3229 E Spring St Ste 310","N/A","Long Beach","CA","	90806-2478","United States","Voluntary: Firm initiated","Telephone","Product distributed to distribution centers and retail stores the following US States: AL, AR, AZ, CA, CO, DE, FL, GA, HI, IA, ID, IL, IN, KS, MA, MI, MN, MO, MT, NC, ND, NJ, NV, NY, OH, OR, PA, RI, SC, SD, TN, TX, UT, VA, WA, WI, and WY. Further distribution to retail stores in likely additional states.","V-0034-2019","Class I","Good Lovin' Dog Chews Traditional Beef Steer Chews, Net Wt. 1.05 Oz (29.8 g) 10 Count, UPC 800443272732; Packaged in plastic bags  ","289 cases","A sample collected by the Colorado Department of agriculture was positive for Salmonella.","02/06/2018","11/01/2018","05/17/2019","05/23/2018","All lot codes ending in ""BC"""
"Veterinary","No","11/02/2018","79164","Terminated","Redbarn Pet Products","3229 E Spring St Ste 310","N/A","Long Beach","CA","	90806-2478","United States","Voluntary: Firm initiated","Telephone","Product distributed to distribution centers and retail stores the following US States: AL, AR, AZ, CA, CO, DE, FL, GA, HI, IA, ID, IL, IN, KS, MA, MI, MN, MO, MT, NC, ND, NJ, NV, NY, OH, OR, PA, RI, SC, SD, TN, TX, UT, VA, WA, WI, and WY. Further distribution to retail stores in likely additional states.","V-0035-2019","Class I","Good Lovin' Dog Chews Traditional Beef Bully Sticks, Net Wt. 2.4 Oz (68 g) 6 Count, UPC 800443272862; Packaged in plastic bags.    ","1,040 cases","A sample collected by the Colorado Department of agriculture was positive for Salmonella.","02/06/2018","11/01/2018","05/17/2019","05/23/2018","All lot codes ending in ""BC"""
"Veterinary","No","11/02/2018","79164","Terminated","Redbarn Pet Products","3229 E Spring St Ste 310","N/A","Long Beach","CA","	90806-2478","United States","Voluntary: Firm initiated","Telephone","Product distributed to distribution centers and retail stores the following US States: AL, AR, AZ, CA, CO, DE, FL, GA, HI, IA, ID, IL, IN, KS, MA, MI, MN, MO, MT, NC, ND, NJ, NV, NY, OH, OR, PA, RI, SC, SD, TN, TX, UT, VA, WA, WI, and WY. Further distribution to retail stores in likely additional states.","V-0036-2019","Class I","Good Lovin' 7 Inch Dog Chews Traditional Beef Bully Sticks, Net Wt. .49 Oz (13.9 g) 1 Count, UPC 800443272893; No packaging: the label is a tag on the stick.   ","820 cases","A sample collected by the Colorado Department of agriculture was positive for Salmonella.","02/06/2018","11/01/2018","05/17/2019","05/23/2018","All lot codes ending in ""BC"""
"Veterinary","No","11/02/2018","79164","Terminated","Redbarn Pet Products","3229 E Spring St Ste 310","N/A","Long Beach","CA","	90806-2478","United States","Voluntary: Firm initiated","Telephone","Product distributed to distribution centers and retail stores the following US States: AL, AR, AZ, CA, CO, DE, FL, GA, HI, IA, ID, IL, IN, KS, MA, MI, MN, MO, MT, NC, ND, NJ, NV, NY, OH, OR, PA, RI, SC, SD, TN, TX, UT, VA, WA, WI, and WY. Further distribution to retail stores in likely additional states.","V-0037-2019","Class I","Good Lovin' 5 Inch Dog Chews Traditional Beef Bully Sticks, Net Wt. .38 Oz (10.8 g) 1 Count, UPC 800443272947; No packaging: the label is a tag on the stick.   ","623 cases","A sample collected by the Colorado Department of agriculture was positive for Salmonella.","02/06/2018","11/01/2018","05/17/2019","05/23/2018","All lot codes ending in ""BC"""
"Veterinary","No","11/02/2018","79164","Terminated","Redbarn Pet Products","3229 E Spring St Ste 310","N/A","Long Beach","CA","	90806-2478","United States","Voluntary: Firm initiated","Telephone","Product distributed to distribution centers and retail stores the following US States: AL, AR, AZ, CA, CO, DE, FL, GA, HI, IA, ID, IL, IN, KS, MA, MI, MN, MO, MT, NC, ND, NJ, NV, NY, OH, OR, PA, RI, SC, SD, TN, TX, UT, VA, WA, WI, and WY. Further distribution to retail stores in likely additional states.","V-0038-2019","Class I","Good Lovin' XL Dog Chews Traditional Beef Bully Sticks, Net Wt. 1.7 Oz (48.2 g) 1 Count, UPC 800443273012; No packaging: the label is a tag on the stick.","139 cases","A sample collected by the Colorado Department of agriculture was positive for Salmonella.","02/06/2018","11/01/2018","05/17/2019","05/23/2018","All lot codes ending in ""BC"""
"Veterinary","No","11/02/2018","79164","Terminated","Redbarn Pet Products","3229 E Spring St Ste 310","N/A","Long Beach","CA","	90806-2478","United States","Voluntary: Firm initiated","Telephone","Product distributed to distribution centers and retail stores the following US States: AL, AR, AZ, CA, CO, DE, FL, GA, HI, IA, ID, IL, IN, KS, MA, MI, MN, MO, MT, NC, ND, NJ, NV, NY, OH, OR, PA, RI, SC, SD, TN, TX, UT, VA, WA, WI, and WY. Further distribution to retail stores in likely additional states.","V-0039-2019","Class I","Dog Chew 7'' Bully Stick, 1 Count, UPC 785184207017; No packaging: the label is a tag on the stick.   ","74 cases","A sample collected by the Colorado Department of agriculture was positive for Salmonella.","02/06/2018","11/01/2018","05/17/2019","05/23/2018","All lot codes ending in ""BC"""
"Veterinary","No","","79586","Terminated","Radagast Pet Food, Inc.","3617 SE 17th Ave","N/A","Portland","OR","	97202-3831","United States","Voluntary: Firm initiated","Two or more of the following: Email, Fax, Letter, Press Release, Telephone, Visit","directly distributed in CA, CO, FL, GA, MD, MI, MN, NY, OH, PA, RI, TX, and WA.","V-0088-2018","Class I","Rad Cat Raw Diet Free-Range Chicken.  Product has the following UPCs:     UPC 851536001036 - 8 oz. tub  UPC 851536001043 - 16 oz. tub  UPC 851536001050 - 24 oz. tub  ","789/8 oz. pkgs; 660/16 oz. pkgs; 1860/24 oz. pkgs.","Rad Cat Raw Diet Free-Range Chicken is recalled because they have the potential to be contaminated with Listeria monocytogenes.","03/20/2018","05/02/2018","06/20/2018","04/11/2018","Lot 62762, BB Date: 10/19/18"
"Veterinary","No","","79586","Terminated","Radagast Pet Food, Inc.","3617 SE 17th Ave","N/A","Portland","OR","	97202-3831","United States","Voluntary: Firm initiated","Two or more of the following: Email, Fax, Letter, Press Release, Telephone, Visit","directly distributed in CA, CO, FL, GA, MD, MI, MN, NY, OH, PA, RI, TX, and WA.","V-0089-2018","Class I","Rad Cat Raw Diet Free-Range Turkey.  Product has the following UPCs:    UPC 851536001005 -   8 oz. tub  UPC 851536001012 - 16 oz. tub  UPC 851536001029 - 24 oz. tub        ","1277/8 oz. pkgs; 2232/16 oz. pkgs; 1200/24 oz. pkgs.","Rad Cat Raw Diet Free-Range Turkey Recipe is recalled because they have the potential to be contaminated with Listeria monocytogenes.","03/20/2018","05/02/2018","06/20/2018","04/11/2018","Lot 62926, BB Date: 05/03/19"
"Veterinary","No","11/02/2018","79164","Terminated","Redbarn Pet Products","3229 E Spring St Ste 310","N/A","Long Beach","CA","	90806-2478","United States","Voluntary: Firm initiated","Telephone","Product distributed to distribution centers and retail stores the following US States: AL, AR, AZ, CA, CO, DE, FL, GA, HI, IA, ID, IL, IN, KS, MA, MI, MN, MO, MT, NC, ND, NJ, NV, NY, OH, OR, PA, RI, SC, SD, TN, TX, UT, VA, WA, WI, and WY. Further distribution to retail stores in likely additional states.","V-0040-2019","Class I","Dog Chew 7'' Bully Stick, 6 Count, UPC 785184207062; Packaged in plastic bags; No packaging: the label is a tag on the stick.","180 cases","A sample collected by the Colorado Department of agriculture was positive for Salmonella.","02/06/2018","11/01/2018","05/17/2019","05/23/2018","All lot codes ending in ""BC"""
"Veterinary","No","11/02/2018","79164","Terminated","Redbarn Pet Products","3229 E Spring St Ste 310","N/A","Long Beach","CA","	90806-2478","United States","Voluntary: Firm initiated","Telephone","Product distributed to distribution centers and retail stores the following US States: AL, AR, AZ, CA, CO, DE, FL, GA, HI, IA, ID, IL, IN, KS, MA, MI, MN, MO, MT, NC, ND, NJ, NV, NY, OH, OR, PA, RI, SC, SD, TN, TX, UT, VA, WA, WI, and WY. Further distribution to retail stores in likely additional states.","V-0041-2019","Class I","Dog Chew 36'' Bully Stick, 1 Count, UPC 785184236116; No packaging: the label is a tag on the stick.     ","36 cases","A sample collected by the Colorado Department of agriculture was positive for Salmonella.","02/06/2018","11/01/2018","05/17/2019","05/23/2018","All lot codes ending in ""BC"""
"Veterinary","No","","79596","Terminated","The J.M. Smucker Company, Inc.","1 Strawberry Ln","N/A","Orrville","OH","	44667-1241","United States","Voluntary: Firm initiated","Two or more of the following: Email, Fax, Letter, Press Release, Telephone, Visit","Product was shipped to the following states: AL, AZ, CA, CO, CT, DE, FL, GA, IA, ID, IL, IN, KS, KY, LA, MA, MD, ME, MI, MN, NC, NH, NJ, NV, NY, OR, PA, SC, TN, TX, UT, VA, WA, WI.","V-0091-2018","Class I","Milo's Kitchen home-style dog treats Grilled Burger Bites with Sweet Potato and Bacon 15 oz. bag UPC 079100521265 DISTRIBUTED FOR: Milo's Kitchen, LLC A subsidiary of Del Monte Foods San Francisco, CA 94111","3,161cs/4/15 oz bags","The firm was notified that the product contains harmful, elevated levels of beef thyroid hormone.","03/22/2018","05/02/2018","07/09/2020","04/11/2018","Lot #7147 Best If Used By Nov 19 2018"
"Veterinary","No","","79596","Terminated","The J.M. Smucker Company, Inc.","1 Strawberry Ln","N/A","Orrville","OH","	44667-1241","United States","Voluntary: Firm initiated","Two or more of the following: Email, Fax, Letter, Press Release, Telephone, Visit","Product was shipped to the following states: AL, AZ, CA, CO, CT, DE, FL, GA, IA, ID, IL, IN, KS, KY, LA, MA, MD, ME, MI, MN, NC, NH, NJ, NV, NY, OR, PA, SC, TN, TX, UT, VA, WA, WI.","V-0092-2018","Class I","Milos Kitchen Steak HOMESTYLE DOG TREATS Grillers/Steak Grillers Recipe with Angus Steak 10 oz. bag UPC 079100527762, 18 oz. bag UPC 079100518227 & 22 oz. bag, UPC 079100518234, DISTRIBUTED BY: Milo's Kitchen, LLC San Francisco, CA 94111","1,489cs/5/10/oz bags, 8,638cs/4/ 18oz bags & 1,156cs/4/22oz bags","The firm was notified that the product contains harmful, elevated levels of beef thyroid hormone.","03/22/2018","05/02/2018","07/09/2020","04/11/2018","10 oz. bag, Lot Code 7305, Best If Used By 4/26/2019; 18 oz. bag, Lot Code 7143, Best If Used By 11/15/2018 & Lot Code, 7305, Best If Used By 4/26/2019 and 22 oz. bag, Lot Code 7305, Best If Used By 4/26/2019."
"Veterinary","No","","79388","Terminated","Environmental Trade INC","106 Maddox Rd","N/A","Eatonton","GA","	31024-6009","United States","Voluntary: Firm initiated","Two or more of the following: Email, Fax, Letter, Press Release, Telephone, Visit","GA, TX (Direct Distribution)   Further distribution by distributor(s) to TN, FL, SC, and NC","V-0086-2018","Class I","Blue Ridge Beef BRB Complete; Net Wt. 2 lbs. (.91kg); Keep Frozen Until Ready for Use; Manufactured by Blue Ridge Beef; Statesville, NC    Case Label: Blue Ridge Beef; Kitten Grind; Lot # GA 1102; M.F.D. 11/02/17","56 cases","May be contaminated with Listeria monocytogenes and Salmonella, as revealed by FDA sample analysis.","02/28/2018","04/11/2018","12/18/2025","03/21/2018","Lot #: GA0131  UPC: 854298001177"
"Veterinary","No","","79623","Terminated","Arrow Reliance Inc","350 Treck Dr","N/A","Tukwila","WA","	98188-7604","United States","Voluntary: Firm initiated","Two or more of the following: Email, Fax, Letter, Press Release, Telephone, Visit","nationwide","V-0093-2018","Class I","Natural Selections Chicken with Organic Vegetables Meals for Dogs, Net wt. 2 lbs.     ZooLogics Chicken with Vegetables Meals for Dogs, Net wt., 2 lbs.    The Natural Selections brand label is read in parts: ""***DARWIN'S Natural Pet Products *** Natural Selections *** CHICKEN MEALS FOR DOGS *** CHICKEN with Organic Vegetables Meals for Dogs***"".    The ZooLogics brand label is read in parts: ""***DARWIN'S Natural Pet Products *** ZooLogics *** CHICKEN MEALS FOR DOGS *** CHICKEN with Vegetables Meals for Dogs***"".  ","Natural Selections = 2422 pkgs; ZooLogics = 2226 pkgs.","Natural Selections Chicken Meals for Dogs and ZooLogics Chicken with Organic Vegetables Meals for Dogs are recalled due to potential to be contaminated with Salmonella.","03/26/2018","06/05/2018","06/05/2018","04/18/2018","Natural Selections brand: Lot #43887, manufacture date 1/30/2018.  ZooLogics brand: Lot #44037, manufacture date 2/7/2018."
"Veterinary","No","","79623","Terminated","Arrow Reliance Inc","350 Treck Dr","N/A","Tukwila","WA","	98188-7604","United States","Voluntary: Firm initiated","Two or more of the following: Email, Fax, Letter, Press Release, Telephone, Visit","nationwide","V-0094-2018","Class I","Natural Selections Duck with Organic Vegetables Meals for Dogs, Net wt. 2 lbs.    The label is read in parts: ""***DARWIN'S Natural Pet Products *** Natural Selections *** DUCK MEALS FOR DOGS *** DUCK with Organic Vegetables Meals for Dogs***"".","2,157 packages.","Natural Selections Duck with Organic Vegetables Meals for Dogs are recalled due to potential to be contaminated with Salmonella.","03/26/2018","06/05/2018","06/05/2018","04/18/2018","Lot #44147, manufacture date 2/5/2018"
"Veterinary","No","","79623","Terminated","Arrow Reliance Inc","350 Treck Dr","N/A","Tukwila","WA","	98188-7604","United States","Voluntary: Firm initiated","Two or more of the following: Email, Fax, Letter, Press Release, Telephone, Visit","nationwide","V-0095-2018","Class I","ZooLogics Turkey with Vegetables Meals for Dogs, Net wt. 2 lbs.    The ZooLogics brand label is read in parts: ""***DARWIN'S Natural Pet Products *** ZooLogics *** TURKEY MEALS FOR DOGS *** TURKEY WITH VEGETABLES Meals for Dogs***"".","1,543 packages","ZooLogics Turkey with Vegetables Meals for Dogs are recalled due to potential to be contaminated with Salmonella and E. coli O128.","03/26/2018","06/05/2018","06/05/2018","04/18/2018","Lot #44127, manufacture date 2/4/2018"
"Veterinary","No","","79694","Terminated","Furst-McNess Co","120 E Clark St","N/A","Freeport","IL","	61032-3328","United States","Voluntary: Firm initiated","Telephone","Product distributed to end users in AR, CO, IA, ID, IL, IN, KS, KY, LA, MN, MO, MS, ND, NE, OH, OK, SD, TN, WI, and WY","V-0100-2018","Class III","Custom Challenger Tri 9-R Medicated Vitamin and Mineral Supplement, Product Code No. 601500, Net Wt 50 lb, Manufactured for Antioch Cake & Mineral Company, Lakeside, NE 69351","N/A","Type B feed contains 13.2 ppm Se and bears mixing directions which allow for finished complete Type C feeds in excess of 0.3 ppm Se.","04/06/2018","06/28/2018","09/21/2018","06/20/2018","Unknown"
"Veterinary","No","","79782","Terminated","CHS, Inc.","4634 Washington Ave","PO Box 186","Hamilton","MI","	49419-9602","United States","Voluntary: Firm initiated","Telephone","Domestic only: MI","V-0265-2018","Class II","PHASE 6 LAY 22.5# MEAL, Bulk Poultry Layer Feed","955,810.89 lbs. or 477.91 tons","CHS Inc. is conducting a voluntary recall of bulk poultry animal feed due to excess sodium (S-Carb).","04/06/2018","07/25/2018","10/04/2018","08/01/2018","PHASE 6 LAY 22.5# MEAL, Bulk Poultry Layer Feed,   Finished product Lot Code & Formula Codes  HFB101534 VDH4M00  HFB101538 VDH1M00  HFB101541 JZH7M00  HFB101543 VDH2M00  HFB101594 VDH1M00  HFB101596 VDH5M00  HFB101599 JZH7M00  HFB101602 JZH6M00  HFB101603 VDH6M00  HFB101648 VDH4M00  HFB101653 VDH1M00  HFB101656 JZH7M00  HFB101669 VDH6M00"
"Veterinary","No","07/26/2018","79827","Terminated","TRUPET, LLC","100 Techne Center Dr Ste 21","N/A","Milford","OH","	45150-2780","United States","Voluntary: Firm initiated","E-Mail","nationwide","V-0276-2018","Class I","TruDog Boost Me, Mighty Meaty Beef Booster, Freeze-Dried Raw Super Boost for Dogs.  Net Wt. 3.5 oz. (99g), UPC 852990005028.  TruPet LLC, 100 Techne Center Drive, Suite 210, Milford, Ohio  45150","14400 packages","TruDog Boost Me, Freeze-Dried Raw Super Boost for Dogs, Lot 20190531 13815 has the potential to be contaminated with Salmonella.","04/03/2018","07/26/2018","04/30/2020","06/27/2018","Lot:  20190531 13815 (stamped on back of package)"
"Veterinary","No","07/26/2018","79829","Terminated","K9 Natural Food Ltd","6 Halwyn Drive","Sockburn","Christchurch","N/A","	N/A","New Zealand","Voluntary: Firm initiated","Two or more of the following: Email, Fax, Letter, Press Release, Telephone, Visit","U.S. consignees only.","V-0277-2018","Class I","K9 Natural, New Zealand Cage-Free Chicken Feast, Net Weight 1 KG/2.2 LB and 5 KG/11 LB","1528 units/304 cartons","Colorado Department of Agriculture tested one sample of K9 Natural New Zealand Cage Free Chicken Feast lot 170517, 1 KG/2.2 LB, that resulted positive for Listeria monocytogenes. The firm is withdrawing two additional lots of the product pack size 5 KG/11 LB.","04/13/2018","07/26/2018","02/11/2019","06/27/2018","Pack size 1 KG/2.2 LB: Lot #170517  Expiration Date 17 NOV 2018;   Pack size 5 KG/11 LB: Lot #150517 Expiration Date 15 NOV 2018; Lot #160517 Expiration Date 16 NOV 2018; Lot # 170517 Expiration Date 17 NOV 2018"
"Veterinary","No","","79782","Terminated","CHS, Inc.","4634 Washington Ave","PO Box 186","Hamilton","MI","	49419-9602","United States","Voluntary: Firm initiated","Telephone","Domestic only: MI","V-0266-2018","Class II","PHASE1LAY17.5# MEAL, Bulk Poultry Layer Feed","955,810.89 lbs. or 477.91 tons","CHS Inc. is conducting a voluntary recall of bulk poultry animal feed due to excess sodium (S-Carb).","04/06/2018","07/25/2018","10/04/2018","08/01/2018","PHASE1LAY17.5# MEAL, Bulk Poultry Layer Feed,   Finished product Lot Code & Formula Codes  HFB101534 VDH4M00  HFB101538 VDH1M00  HFB101541 JZH7M00  HFB101543 VDH2M00  HFB101594 VDH1M00  HFB101596 VDH5M00  HFB101599 JZH7M00  HFB101602 JZH6M00  HFB101603 VDH6M00  HFB101648 VDH4M00  HFB101653 VDH1M00  HFB101656 JZH7M00  HFB101669 VDH6M00"
"Veterinary","No","","79782","Terminated","CHS, Inc.","4634 Washington Ave","PO Box 186","Hamilton","MI","	49419-9602","United States","Voluntary: Firm initiated","Telephone","Domestic only: MI","V-0267-2018","Class II","PHASE 1 LAY 175# MEAL, Bulk Poultry Layer Feed","955,810.89 lbs. or 477.91 tons","CHS Inc. is conducting a voluntary recall of bulk poultry animal feed due to excess sodium (S-Carb).","04/06/2018","07/25/2018","10/04/2018","08/01/2018","PHASE 1 LAY 175# MEAL, Bulk Poultry Layer Feed,   Finished product Lot Code & Formula Codes  HFB101534 VDH4M00  HFB101538 VDH1M00  HFB101541 JZH7M00  HFB101543 VDH2M00  HFB101594 VDH1M00  HFB101596 VDH5M00  HFB101599 JZH7M00  HFB101602 JZH6M00  HFB101603 VDH6M00  HFB101648 VDH4M00  HFB101653 VDH1M00  HFB101656 JZH7M00  HFB101669 VDH6M00"
"Veterinary","No","","79782","Terminated","CHS, Inc.","4634 Washington Ave","PO Box 186","Hamilton","MI","	49419-9602","United States","Voluntary: Firm initiated","Telephone","Domestic only: MI","V-0268-2018","Class II","PHASE 2 LAY 21.0 MEAL, Bulk Poultry Layer Feed","955,810.89 lbs. or 477.91 tons","CHS Inc. is conducting a voluntary recall of bulk poultry animal feed due to excess sodium (S-Carb).","04/06/2018","07/25/2018","10/04/2018","08/01/2018","PHASE 2 LAY 21.0 MEAL, Bulk Poultry Layer Feed,   Finished product Lot Code & Formula Codes  HFB101534 VDH4M00  HFB101538 VDH1M00  HFB101541 JZH7M00  HFB101543 VDH2M00  HFB101594 VDH1M00  HFB101596 VDH5M00  HFB101599 JZH7M00  HFB101602 JZH6M00  HFB101603 VDH6M00  HFB101648 VDH4M00  HFB101653 VDH1M00  HFB101656 JZH7M00  HFB101669 VDH6M00"
"Veterinary","No","","79782","Terminated","CHS, Inc.","4634 Washington Ave","PO Box 186","Hamilton","MI","	49419-9602","United States","Voluntary: Firm initiated","Telephone","Domestic only: MI","V-0269-2018","Class II","PHASE2 LAY 220 MEAL, Bulk Poultry Layer Feed","955,810.89 lbs. or 477.91 tons","CHS Inc. is conducting a voluntary recall of bulk poultry animal feed due to excess sodium (S-Carb).","04/06/2018","07/25/2018","10/04/2018","08/01/2018","PHASE2 LAY 220 MEAL, Bulk Poultry Layer Feed,   Finished product Lot Code & Formula Codes  HFB101534 VDH4M00  HFB101538 VDH1M00  HFB101541 JZH7M00  HFB101543 VDH2M00  HFB101594 VDH1M00  HFB101596 VDH5M00  HFB101599 JZH7M00  HFB101602 JZH6M00  HFB101603 VDH6M00  HFB101648 VDH4M00  HFB101653 VDH1M00  HFB101656 JZH7M00  HFB101669 VDH6M00"
"Veterinary","No","","79782","Terminated","CHS, Inc.","4634 Washington Ave","PO Box 186","Hamilton","MI","	49419-9602","United States","Voluntary: Firm initiated","Telephone","Domestic only: MI","V-0270-2018","Class II","PHASE 4 LAY 230# MEAL, Bulk Poultry Layer Feed","955,810.89 lbs. or 477.91 tons","CHS Inc. is conducting a voluntary recall of bulk poultry animal feed due to excess sodium (S-Carb).","04/06/2018","07/25/2018","10/04/2018","08/01/2018","PHASE 4 LAY 230# MEAL, Bulk Poultry Layer Feed,   Finished product Lot Code & Formula Codes  HFB101534 VDH4M00  HFB101538 VDH1M00  HFB101541 JZH7M00  HFB101543 VDH2M00  HFB101594 VDH1M00  HFB101596 VDH5M00  HFB101599 JZH7M00  HFB101602 JZH6M00  HFB101603 VDH6M00  HFB101648 VDH4M00  HFB101653 VDH1M00  HFB101656 JZH7M00  HFB101669 VDH6M00"
"Veterinary","No","","79782","Terminated","CHS, Inc.","4634 Washington Ave","PO Box 186","Hamilton","MI","	49419-9602","United States","Voluntary: Firm initiated","Telephone","Domestic only: MI","V-0271-2018","Class II","PHASE 4 LAY 240# MEAL, Bulk Poultry Layer Feed","955,810.89 lbs. or 477.91 tons","CHS Inc. is conducting a voluntary recall of bulk poultry animal feed due to excess sodium (S-Carb).","04/06/2018","07/25/2018","10/04/2018","08/01/2018","PHASE 4 LAY 240# MEAL, Bulk Poultry Layer Feed,   Finished product Lot Code & Formula Codes  HFB101534 VDH4M00  HFB101538 VDH1M00  HFB101541 JZH7M00  HFB101543 VDH2M00  HFB101594 VDH1M00  HFB101596 VDH5M00  HFB101599 JZH7M00  HFB101602 JZH6M00  HFB101603 VDH6M00  HFB101648 VDH4M00  HFB101653 VDH1M00  HFB101656 JZH7M00  HFB101669 VDH6M00"
"Veterinary","No","11/02/2018","79832","Terminated","Vitakraft Sun Seed Inc","20584 Long Judson Rd","N/A","Weston","OH","	43569-9639","United States","Voluntary: Firm initiated","Other","Product was shipped to the following states: CA, FL, IL, MI, NJ, NV, OH, PA & TX.    Product was also sent to Canada.","V-0044-2019","Class I","Sunseed Vita Prima Exotics Sugar Glider Formula, 28oz bag UPC 0 87535 20060 0","156 cases, 12 - 28 oz bags per case","The firm was notified by the Michigan Dept. of Agriculture that they found Salmonella in the product.","04/13/2018","11/01/2018","09/10/2019","06/27/2018","Lot #271391 Exp: 12/20/19"
"Veterinary","No","","79897","Terminated","Carnivore Meat Company, LLC","2878 Ontario Rd","N/A","Green Bay","WI","	54311-6877","United States","Voluntary: Firm initiated","Two or more of the following: Email, Fax, Letter, Press Release, Telephone, Visit","CA, CO, FL, GA, IL, IN, KS,OH,  PA, RI, TX, VT, WA, WI, and Hong Kong","V-0097-2018","Class I","Vital Essentials Freeze-Dried Beef Toppers.  Purely raw, Instinctively healthy.   Entr¿e for Dogs and Cats. Packaged in poly bags, Net Wt. 6 oz. (170 g) UPC 033211006059.  Product #3605","302 cases (1812 units)","Raw dog food may have the potential to be contaminated with Salmonella","04/16/2018","06/28/2018","12/19/2018","05/02/2018","lot codes 20190601 13815, 20190604 13815, and 20190620 13815"
"Veterinary","No","","79897","Terminated","Carnivore Meat Company, LLC","2878 Ontario Rd","N/A","Green Bay","WI","	54311-6877","United States","Voluntary: Firm initiated","Two or more of the following: Email, Fax, Letter, Press Release, Telephone, Visit","CA, CO, FL, GA, IL, IN, KS,OH,  PA, RI, TX, VT, WA, WI, and Hong Kong","V-0098-2018","Class I","Vital Essentials Frozen Beef Entr¿e For Dogs.  Purely raw, Instinctively healthy. Packaged in chubs, Net Wt. 5 lbs. (2.27kg) UPC 033211008817,  Product # 3881","295 cases (1475 units)","Raw dog food may have the potential to be contaminated with Salmonella","04/16/2018","06/28/2018","12/19/2018","05/02/2018","Lot code 20181227 13816"
"Veterinary","No","08/29/2018","79913","Terminated","OC Raw Dog, LLC","30052 Aventura Ste A","N/A","Rancho Santa Margarita","CA","	92688-2042","United States","Voluntary: Firm initiated","Press Release","U.S. distribution to the following: CA, CO, FL, MD, MN, PA, GA, and TX.","V-0283-2018","Class I","OC Raw Dog Freeze Dried Sardines  packaged in 3.2 oz. poly printed bags  UPC No. 095225853043","544 cases","Potential C. bot. contamination due to fish being un-eviscerated and greater than 5 inches.","04/20/2018","08/29/2018","12/11/2018","08/15/2018","Lot Codes: 17219, 17266, 17268, 18021, 18047, 18059  Product Code: OCRDFDSAR"
"Veterinary","No","07/26/2018","79914","Terminated","OC Raw Dog, LLC","30052 Aventura Ste A","N/A","Rancho Santa Margarita","CA","	92688-2042","United States","Voluntary: Firm initiated","Press Release","U.S. distribution to the following: CA, CO, FL, MD, MN, PA, and VT.    No foreign distribution.","V-0272-2018","Class I","OC Raw Dog Chicken, Fish & Produce Meaty Rox packages in 3 lb. Bags, UPC 022099069171","N/A","Potential Listeria monocytogenes contamination.","04/20/2018","07/26/2018","12/10/2018","06/27/2018","Lot #3652, with Use By date 10/11/18"
"Veterinary","No","07/26/2018","79914","Terminated","OC Raw Dog, LLC","30052 Aventura Ste A","N/A","Rancho Santa Margarita","CA","	92688-2042","United States","Voluntary: Firm initiated","Press Release","U.S. distribution to the following: CA, CO, FL, MD, MN, PA, and VT.    No foreign distribution.","V-0273-2018","Class I","OC Raw Dog Chicken, Fish & Produce Slider packages in 4 lb. Bags, UPC 095225852640","N/A","Potential Listeria monocytogenes contamination.","04/20/2018","07/26/2018","12/10/2018","06/27/2018","Lot #3652 with Use By date 10/11/18"
"Veterinary","No","07/26/2018","79914","Terminated","OC Raw Dog, LLC","30052 Aventura Ste A","N/A","Rancho Santa Margarita","CA","	92688-2042","United States","Voluntary: Firm initiated","Press Release","U.S. distribution to the following: CA, CO, FL, MD, MN, PA, and VT.    No foreign distribution.","V-0274-2018","Class I","OC Raw Dog Chicken, Fish & Produce Doggie Dozen Patty packages in 6.5 lb. Bags, UPC 022099069225","N/A","Potential Listeria monocytogenes contamination.","04/20/2018","07/26/2018","12/10/2018","06/27/2018","Lot #3652 with Use By date 10/11/18"
"Veterinary","No","07/26/2018","79914","Terminated","OC Raw Dog, LLC","30052 Aventura Ste A","N/A","Rancho Santa Margarita","CA","	92688-2042","United States","Voluntary: Firm initiated","Press Release","U.S. distribution to the following: CA, CO, FL, MD, MN, PA, and VT.    No foreign distribution.","V-0275-2018","Class I","OC Raw Dog Chicken, Fish & Produce Meaty Rox packaged in 7 lb. Bags, UPC 095225852756","N/A","Potential Listeria monocytogenes contamination.","04/20/2018","07/26/2018","12/10/2018","06/27/2018","Lot #3652 with Use By date 10/11/18"
"Veterinary","No","11/02/2018","79949","Terminated","Mercer Milling Co. Inc.","4698 Crossroads Park Dr","N/A","Liverpool","NY","	13088-3516","United States","Voluntary: Firm initiated","Other","NY","V-0045-2019","Class I","CCF LEWIS MARTIN O LACT MIN, Net Weight 50 lbs. (22.67 kg) CCFOLMAR, vitamin and mineral premix for lactating dairy cattle feed","42 - 50 lb bags","Selenium levels are above 1900 ppm in one lot of custom cattle feed.","04/11/2018","11/01/2018","11/07/2018","05/30/2018","Lot Code: 511120"
"Veterinary","No","","80013","Terminated","TRUPET, LLC","100 Techne Center Dr Ste 21","N/A","Milford","OH","	45150-2780","United States","Voluntary: Firm initiated","E-Mail","nationwide","V-0046-2019","Class I","TruDog, Treat Me Crunchy Beef Delight, Freeze-Dried Raw Super Treats for Dogs.  Net Wt. 2.5 oz. (71g), UPC 52990-00522.  TruPet, LLC, 100 Techne Center Drive, Suite 210, Milford, OH  45150.","6,000 units","Pet food has the potential to be contaminated with Salmonella.","02/23/2018","11/01/2018","04/24/2020","11/07/2018","20190514 13753"
"Veterinary","No","","79694","Terminated","Furst-McNess Co","120 E Clark St","N/A","Freeport","IL","	61032-3328","United States","Voluntary: Firm initiated","Telephone","Product distributed to end users in AR, CO, IA, ID, IL, IN, KS, KY, LA, MN, MO, MS, ND, NE, OH, OK, SD, TN, WI, and WY","V-0101-2018","Class III","Furst-McNess Custom Challenger WR 80 Stage 2-R - 602362 Medicated, A Protein, Vitamin, & Mineral Supplement, Manufactured by Furst-McNess Company Freeport, IL 61032","N/A","Type B feed contains 13.2 ppm Se and bears mixing directions which allow for finished complete Type C feeds in excess of 0.3 ppm Se.","04/06/2018","06/28/2018","09/21/2018","06/20/2018","Unknown"
"Veterinary","No","","79694","Terminated","Furst-McNess Co","120 E Clark St","N/A","Freeport","IL","	61032-3328","United States","Voluntary: Firm initiated","Telephone","Product distributed to end users in AR, CO, IA, ID, IL, IN, KS, KY, LA, MN, MO, MS, ND, NE, OH, OK, SD, TN, WI, and WY","V-0102-2018","Class III","Furst-McNess Custom Beef Developer-0.35-R-602855 Medicated, A protein, Vitamin & Mineral Supplement, Manufactured by Furst-McNess Company Freeport, IL 61032","N/A","Type B feed contains 13.2 ppm Se and bears mixing directions which allow for finished complete Type C feeds in excess of 0.3 ppm Se.","04/06/2018","06/28/2018","09/21/2018","06/20/2018","Unknown"
"Veterinary","No","","79694","Terminated","Furst-McNess Co","120 E Clark St","N/A","Freeport","IL","	61032-3328","United States","Voluntary: Firm initiated","Telephone","Product distributed to end users in AR, CO, IA, ID, IL, IN, KS, KY, LA, MN, MO, MS, ND, NE, OH, OK, SD, TN, WI, and WY","V-0103-2018","Class III","Custom Bio-Balancer Developer-R - 603003, Medicated, A mixing vitamin & mineral supplement, Manufactured by Furst-McNess Company Freeport, IL 61032","N/A","Type B feed contains 13.2 ppm Se and bears mixing directions which allow for finished complete Type C feeds in excess of 0.3 ppm Se.","04/06/2018","06/28/2018","09/21/2018","06/20/2018","Unknown"
"Veterinary","No","","79694","Terminated","Furst-McNess Co","120 E Clark St","N/A","Freeport","IL","	61032-3328","United States","Voluntary: Firm initiated","Telephone","Product distributed to end users in AR, CO, IA, ID, IL, IN, KS, KY, LA, MN, MO, MS, ND, NE, OH, OK, SD, TN, WI, and WY","V-0104-2018","Class III","Custom Co-Product Fortifier 0.5 R300-NS-603102, Medicated, A mixing vitamin & mineral supplement, Manufactured by Furst-McNess Company Freeport, IL 61032","N/A","Type B feed contains 13.2 ppm Se and bears mixing directions which allow for finished complete Type C feeds in excess of 0.3 ppm Se.","04/06/2018","06/28/2018","09/21/2018","06/20/2018","Unknown"
"Veterinary","No","","79694","Terminated","Furst-McNess Co","120 E Clark St","N/A","Freeport","IL","	61032-3328","United States","Voluntary: Firm initiated","Telephone","Product distributed to end users in AR, CO, IA, ID, IL, IN, KS, KY, LA, MN, MO, MS, ND, NE, OH, OK, SD, TN, WI, and WY","V-0105-2018","Class III","Furst-McNess Maxi-Growth Dairy Heifer Premix-R-1145, Medicated, A mixing vitamin & mineral supplement, Manufactured by Furst-McNess Company Freeport, IL 61032","N/A","Type B feed contains 13.2 ppm Se and bears mixing directions which allow for finished complete Type C feeds in excess of 0.3 ppm Se.","04/06/2018","06/28/2018","09/21/2018","06/20/2018","Unknown"
"Veterinary","No","","80054","Terminated","CHS Nutrition Inc.","300 W Feedville Rd","N/A","Hermiston","OR","	97838-9573","United States","Voluntary: Firm initiated","Telephone","distributed in ID only","V-0252-2018","Class III","BEEF MIX H-1.0, brand name Payback, Medicated, Beef Feedlot Cattle Supplement, packaged in 50 lb. bags, no UPC code on label.     The product tag is read in parts:""***BEEF MIX H-1.0 MEDICATED***ACTIVE DRUG INGREDIENTS Melengestrol Acetate 0.00022%***INGREDIENTS Processed Grain Byproducts, Roughage Products, Calcium Carbonate, Molasses Products, Salt, Grain Products***Manufactured by CHS Inc, Sioux Falls, SD 57107***"".","40/50 lb. bags","Beef Mix H1.0, a pelleted feed supplement medicated with Melengestrol Acetate (MGA) to control estrus (heat) in feedlot heifers, was recalled because MGA assay results are found to be sub-par.","05/07/2018","07/19/2018","07/19/2018","07/25/2018","6250.lot88020918m900240    6250= Product code, 88=plant code, 020918= manufacture date, m900240= batch number"
"Veterinary","No","","79694","Terminated","Furst-McNess Co","120 E Clark St","N/A","Freeport","IL","	61032-3328","United States","Voluntary: Firm initiated","Telephone","Product distributed to end users in AR, CO, IA, ID, IL, IN, KS, KY, LA, MN, MO, MS, ND, NE, OH, OK, SD, TN, WI, and WY","V-0106-2018","Class III","Furst-McNess Custom Tote Co-Product Fortifier 0.6-Z-R300 - 101779, Medicated, A protein, vitamin & mineral supplement, Manufactured by Furst-McNess Company Freeport, IL 61032","N/A","Type B feed contains 13.2 ppm Se and bears mixing directions which allow for finished complete Type C feeds in excess of 0.3 ppm Se.","04/06/2018","06/28/2018","09/21/2018","06/20/2018","Unknown"
"Veterinary","No","","79694","Terminated","Furst-McNess Co","120 E Clark St","N/A","Freeport","IL","	61032-3328","United States","Voluntary: Firm initiated","Telephone","Product distributed to end users in AR, CO, IA, ID, IL, IN, KS, KY, LA, MN, MO, MS, ND, NE, OH, OK, SD, TN, WI, and WY","V-0107-2018","Class III","Furst-McNess Custom Tote Beef Developer-R  - 102076, Medicated, A mixing, vitamin & mineral supplement, Manufactured by Furst-McNess Company Freeport, IL 61032","N/A","Type B feed contains 13.2 ppm Se and bears mixing directions which allow for finished complete Type C feeds in excess of 0.3 ppm Se.","04/06/2018","06/28/2018","09/21/2018","06/20/2018","Unknown"
"Veterinary","No","","79694","Terminated","Furst-McNess Co","120 E Clark St","N/A","Freeport","IL","	61032-3328","United States","Voluntary: Firm initiated","Telephone","Product distributed to end users in AR, CO, IA, ID, IL, IN, KS, KY, LA, MN, MO, MS, ND, NE, OH, OK, SD, TN, WI, and WY","V-0108-2018","Class III","Furst-McNess Custom Tote Beef Corn Co-Product Fortifier-AZ-R 103358, Medicated, A mixing, vitamin & mineral supplement, Manufactured by Furst-McNess Company Freeport, IL 61032","N/A","Type B feed contains 13.2 ppm Se and bears mixing directions which allow for finished complete Type C feeds in excess of 0.3 ppm Se.","04/06/2018","06/28/2018","09/21/2018","06/20/2018","Unknown"
"Veterinary","No","","79694","Terminated","Furst-McNess Co","120 E Clark St","N/A","Freeport","IL","	61032-3328","United States","Voluntary: Firm initiated","Telephone","Product distributed to end users in AR, CO, IA, ID, IL, IN, KS, KY, LA, MN, MO, MS, ND, NE, OH, OK, SD, TN, WI, and WY","V-0109-2018","Class III","Furst-McNess Custom Tote Bova Min 2-T-R 103392, Medicated, A mixing, vitamin & mineral supplement, Manufactured by Furst-McNess Company Freeport, IL 61032","N/A","Type B feed contains 13.2 ppm Se and bears mixing directions which allow for finished complete Type C feeds in excess of 0.3 ppm Se.","04/06/2018","06/28/2018","09/21/2018","06/20/2018","Unknown"
"Veterinary","No","","79694","Terminated","Furst-McNess Co","120 E Clark St","N/A","Freeport","IL","	61032-3328","United States","Voluntary: Firm initiated","Telephone","Product distributed to end users in AR, CO, IA, ID, IL, IN, KS, KY, LA, MN, MO, MS, ND, NE, OH, OK, SD, TN, WI, and WY","V-0110-2018","Class III","Furst-McNess Custom Tote Bova Min 2-T-R2400 103575, Medicated, A mixing, vitamin & mineral supplement, Manufactured by Furst-McNess Company Freeport, IL 61032","N/A","Type B feed contains 13.2 ppm Se and bears mixing directions which allow for finished complete Type C feeds in excess of 0.3 ppm Se.","04/06/2018","06/28/2018","09/21/2018","06/20/2018","Unknown"
"Veterinary","No","","79694","Terminated","Furst-McNess Co","120 E Clark St","N/A","Freeport","IL","	61032-3328","United States","Voluntary: Firm initiated","Telephone","Product distributed to end users in AR, CO, IA, ID, IL, IN, KS, KY, LA, MN, MO, MS, ND, NE, OH, OK, SD, TN, WI, and WY","V-0111-2018","Class III","Furst-McNess Custom Tote Beef Developer - 0.35-R 103629, Medicated, A protein, vitamin & mineral supplement, Manufactured by Furst-McNess Company Freeport, IL 61032","N/A","Type B feed contains 13.2 ppm Se and bears mixing directions which allow for finished complete Type C feeds in excess of 0.3 ppm Se.","04/06/2018","06/28/2018","09/21/2018","06/20/2018","Unknown"
"Veterinary","No","","79694","Terminated","Furst-McNess Co","120 E Clark St","N/A","Freeport","IL","	61032-3328","United States","Voluntary: Firm initiated","Telephone","Product distributed to end users in AR, CO, IA, ID, IL, IN, KS, KY, LA, MN, MO, MS, ND, NE, OH, OK, SD, TN, WI, and WY","V-0112-2018","Class III","Furst-McNess Custom Tote Co-Product Fortifier Premier 0.5-R250 103904, Medicated, A protein, vitamin & mineral supplement, Manufactured by Furst-McNess Company Freeport, IL 61032","N/A","Type B feed contains 13.2 ppm Se and bears mixing directions which allow for finished complete Type C feeds in excess of 0.3 ppm Se.","04/06/2018","06/28/2018","09/21/2018","06/20/2018","Unknown"
"Veterinary","No","","79694","Terminated","Furst-McNess Co","120 E Clark St","N/A","Freeport","IL","	61032-3328","United States","Voluntary: Firm initiated","Telephone","Product distributed to end users in AR, CO, IA, ID, IL, IN, KS, KY, LA, MN, MO, MS, ND, NE, OH, OK, SD, TN, WI, and WY","V-0113-2018","Class III","Furst-McNess Custom Tote Ruffage-mate 52-R1000 104083, Medicated, A protein, vitamin & mineral supplement, Manufactured by Furst-McNess Company Freeport, IL 61032","N/A","Type B feed contains 13.2 ppm Se and bears mixing directions which allow for finished complete Type C feeds in excess of 0.3 ppm Se.","04/06/2018","06/28/2018","09/21/2018","06/20/2018","Unknown"
"Veterinary","No","","79694","Terminated","Furst-McNess Co","120 E Clark St","N/A","Freeport","IL","	61032-3328","United States","Voluntary: Firm initiated","Telephone","Product distributed to end users in AR, CO, IA, ID, IL, IN, KS, KY, LA, MN, MO, MS, ND, NE, OH, OK, SD, TN, WI, and WY","V-0114-2018","Class III","Furst-McNess Custom Tote Bova Min 6-YC-R 104084, Medicated, A mixing vitamin & mineral supplement, Manufactured by Furst-McNess Company Freeport, IL 61032","N/A","Type B feed contains 13.2 ppm Se and bears mixing directions which allow for finished complete Type C feeds in excess of 0.3 ppm Se.","04/06/2018","06/28/2018","09/21/2018","06/20/2018","Unknown"
"Veterinary","No","","79694","Terminated","Furst-McNess Co","120 E Clark St","N/A","Freeport","IL","	61032-3328","United States","Voluntary: Firm initiated","Telephone","Product distributed to end users in AR, CO, IA, ID, IL, IN, KS, KY, LA, MN, MO, MS, ND, NE, OH, OK, SD, TN, WI, and WY","V-0115-2018","Class III","Furst-McNess Custom Tote Co-Product 0.5-R250-MOS - 104103, Medicated, A mixing vitamin & mineral supplement, Manufactured by Furst-McNess Company Freeport, IL 61032","N/A","Type B feed contains 13.2 ppm Se and bears mixing directions which allow for finished complete Type C feeds in excess of 0.3 ppm Se.","04/06/2018","06/28/2018","09/21/2018","06/20/2018","Unknown"
"Veterinary","No","","79694","Terminated","Furst-McNess Co","120 E Clark St","N/A","Freeport","IL","	61032-3328","United States","Voluntary: Firm initiated","Telephone","Product distributed to end users in AR, CO, IA, ID, IL, IN, KS, KY, LA, MN, MO, MS, ND, NE, OH, OK, SD, TN, WI, and WY","V-0116-2018","Class III","Furst-McNess Custom Tote Co-Product 0.5-R250-156231, Medicated, A mixing vitamin & mineral supplement, Manufactured by Furst-McNess Company Freeport, IL 61032","N/A","Type B feed contains 13.2 ppm Se and bears mixing directions which allow for finished complete Type C feeds in excess of 0.3 ppm Se.","04/06/2018","06/28/2018","09/21/2018","06/20/2018","Unknown"
"Veterinary","No","","79694","Terminated","Furst-McNess Co","120 E Clark St","N/A","Freeport","IL","	61032-3328","United States","Voluntary: Firm initiated","Telephone","Product distributed to end users in AR, CO, IA, ID, IL, IN, KS, KY, LA, MN, MO, MS, ND, NE, OH, OK, SD, TN, WI, and WY","V-0117-2018","Class III","Furst-McNess Custom Tote Co-Product 0.5-R250-156231, Medicated, A mixing vitamin & mineral supplement, Manufactured by Furst-McNess Company Freeport, IL 61032","N/A","Type B feed contains 13.2 ppm Se and bears mixing directions which allow for finished complete Type C feeds in excess of 0.3 ppm Se.","04/06/2018","06/28/2018","09/21/2018","06/20/2018","Unknown"
"Veterinary","No","","79694","Terminated","Furst-McNess Co","120 E Clark St","N/A","Freeport","IL","	61032-3328","United States","Voluntary: Firm initiated","Telephone","Product distributed to end users in AR, CO, IA, ID, IL, IN, KS, KY, LA, MN, MO, MS, ND, NE, OH, OK, SD, TN, WI, and WY","V-0118-2018","Class III","Furst-McNess Custom Tote Co-Product Fortifier 0.5-R300-156241, Medicated, A mixing vitamin & mineral supplement, Manufactured by Furst-McNess Company Freeport, IL 61032","N/A","Type B feed contains 13.2 ppm Se and bears mixing directions which allow for finished complete Type C feeds in excess of 0.3 ppm Se.","04/06/2018","06/28/2018","09/21/2018","06/20/2018","Unknown"
"Veterinary","No","","79694","Terminated","Furst-McNess Co","120 E Clark St","N/A","Freeport","IL","	61032-3328","United States","Voluntary: Firm initiated","Telephone","Product distributed to end users in AR, CO, IA, ID, IL, IN, KS, KY, LA, MN, MO, MS, ND, NE, OH, OK, SD, TN, WI, and WY","V-0119-2018","Class III","Furst-McNess Custom Bova Min 2-T-R-510245, Medicated, A mixing vitamin & mineral supplement, Manufactured by Furst-McNess Company Freeport, IL 61032","N/A","Type B feed contains 13.2 ppm Se and bears mixing directions which allow for finished complete Type C feeds in excess of 0.3 ppm Se.","04/06/2018","06/28/2018","09/21/2018","06/20/2018","Unknown"
"Veterinary","No","","79694","Terminated","Furst-McNess Co","120 E Clark St","N/A","Freeport","IL","	61032-3328","United States","Voluntary: Firm initiated","Telephone","Product distributed to end users in AR, CO, IA, ID, IL, IN, KS, KY, LA, MN, MO, MS, ND, NE, OH, OK, SD, TN, WI, and WY","V-0120-2018","Class III","Furst-McNess Co-Product Developer-R-551141, Medicated, A mixing vitamin & mineral supplement, Manufactured by Furst-McNess Company Freeport, IL 61032","N/A","Type B feed contains 13.2 ppm Se and bears mixing directions which allow for finished complete Type C feeds in excess of 0.3 ppm Se.","04/06/2018","06/28/2018","09/21/2018","06/20/2018","Unknown"
"Veterinary","No","","79694","Terminated","Furst-McNess Co","120 E Clark St","N/A","Freeport","IL","	61032-3328","United States","Voluntary: Firm initiated","Telephone","Product distributed to end users in AR, CO, IA, ID, IL, IN, KS, KY, LA, MN, MO, MS, ND, NE, OH, OK, SD, TN, WI, and WY","V-0121-2018","Class III","Furst-McNess Custom Beef Grower/feedlot Mineral-R-552140, Medicated, A mixing vitamin & mineral supplement, Manufactured by Furst-McNess Company Freeport, IL 61032","N/A","Type B feed contains 13.2 ppm Se and bears mixing directions which allow for finished complete Type C feeds in excess of 0.3 ppm Se.","04/06/2018","06/28/2018","09/21/2018","06/20/2018","Unknown"
"Veterinary","No","","79694","Terminated","Furst-McNess Co","120 E Clark St","N/A","Freeport","IL","	61032-3328","United States","Voluntary: Firm initiated","Telephone","Product distributed to end users in AR, CO, IA, ID, IL, IN, KS, KY, LA, MN, MO, MS, ND, NE, OH, OK, SD, TN, WI, and WY","V-0122-2018","Class III","Furst-McNess Beef Balancer-R-554141, Medicated, A protein, vitamin & mineral supplement, Manufactured by Furst-McNess Company Freeport, IL 61032","N/A","Type B feed contains 13.2 ppm Se and bears mixing directions which allow for finished complete Type C feeds in excess of 0.3 ppm Se.","04/06/2018","06/28/2018","09/21/2018","06/20/2018","Unknown"
"Veterinary","No","","79694","Terminated","Furst-McNess Co","120 E Clark St","N/A","Freeport","IL","	61032-3328","United States","Voluntary: Firm initiated","Telephone","Product distributed to end users in AR, CO, IA, ID, IL, IN, KS, KY, LA, MN, MO, MS, ND, NE, OH, OK, SD, TN, WI, and WY","V-0123-2018","Class III","Furst-McNess Co-Product Fortifier 0.5-R250 556131, Medicated, A mixing vitamin & mineral supplement, Manufactured by Furst-McNess Company Freeport, IL 61032","N/A","Type B feed contains 13.2 ppm Se and bears mixing directions which allow for finished complete Type C feeds in excess of 0.3 ppm Se.","04/06/2018","06/28/2018","09/21/2018","06/20/2018","Unknown"
"Veterinary","No","","79694","Terminated","Furst-McNess Co","120 E Clark St","N/A","Freeport","IL","	61032-3328","United States","Voluntary: Firm initiated","Telephone","Product distributed to end users in AR, CO, IA, ID, IL, IN, KS, KY, LA, MN, MO, MS, ND, NE, OH, OK, SD, TN, WI, and WY","V-0124-2018","Class III","Furst-McNess Bulk Co-Product Fortifier 0.5-R250 556231, Medicated, A mixing vitamin & mineral supplement, Manufactured by Furst-McNess Company Freeport, IL 61032","N/A","Type B feed contains 13.2 ppm Se and bears mixing directions which allow for finished complete Type C feeds in excess of 0.3 ppm Se.","04/06/2018","06/28/2018","09/21/2018","06/20/2018","Unknown"
"Veterinary","No","","79694","Terminated","Furst-McNess Co","120 E Clark St","N/A","Freeport","IL","	61032-3328","United States","Voluntary: Firm initiated","Telephone","Product distributed to end users in AR, CO, IA, ID, IL, IN, KS, KY, LA, MN, MO, MS, ND, NE, OH, OK, SD, TN, WI, and WY","V-0125-2018","Class III","Furst-McNess Bulk Co-Product Fortifier 0.5-R300 556341, Medicated, A protein, vitamin & mineral supplement, Manufactured by Furst-McNess Company Freeport, IL 61032","N/A","Type B feed contains 13.2 ppm Se and bears mixing directions which allow for finished complete Type C feeds in excess of 0.3 ppm Se.","04/06/2018","06/28/2018","09/21/2018","06/20/2018","Unknown"
"Veterinary","No","","79694","Terminated","Furst-McNess Co","120 E Clark St","N/A","Freeport","IL","	61032-3328","United States","Voluntary: Firm initiated","Telephone","Product distributed to end users in AR, CO, IA, ID, IL, IN, KS, KY, LA, MN, MO, MS, ND, NE, OH, OK, SD, TN, WI, and WY","V-0126-2018","Class III","Furst-McNess Custom Beef Feedlot Premix 0.5-R300 601121, Medicated, A protein, vitamin & mineral supplement, Manufactured by Furst-McNess Company Freeport, IL 61032","N/A","Type B feed contains 13.2 ppm Se and bears mixing directions which allow for finished complete Type C feeds in excess of 0.3 ppm Se.","04/06/2018","06/28/2018","09/21/2018","06/20/2018","Unknown"
"Veterinary","No","","79694","Terminated","Furst-McNess Co","120 E Clark St","N/A","Freeport","IL","	61032-3328","United States","Voluntary: Firm initiated","Telephone","Product distributed to end users in AR, CO, IA, ID, IL, IN, KS, KY, LA, MN, MO, MS, ND, NE, OH, OK, SD, TN, WI, and WY","V-0127-2018","Class III","Furst-McNess Custom Bulk Co-Product Fortifier 0.5-R250 -  601218, Medicated, A mixing vitamin & mineral supplement, Manufactured by Furst-McNess Company Freeport, IL 61032","N/A","Type B feed contains 13.2 ppm Se and bears mixing directions which allow for finished complete Type C feeds in excess of 0.3 ppm Se.","04/06/2018","06/28/2018","09/21/2018","06/20/2018","Unknown"
"Veterinary","No","","79694","Terminated","Furst-McNess Co","120 E Clark St","N/A","Freeport","IL","	61032-3328","United States","Voluntary: Firm initiated","Telephone","Product distributed to end users in AR, CO, IA, ID, IL, IN, KS, KY, LA, MN, MO, MS, ND, NE, OH, OK, SD, TN, WI, and WY","V-0128-2018","Class III","Furst-McNess Custom Corn Co-Product Fortifier-R - 601253, Medicated, A mixing vitamin & mineral supplement, Manufactured by Furst-McNess Company Freeport, IL 61032","N/A","Type B feed contains 13.2 ppm Se and bears mixing directions which allow for finished complete Type C feeds in excess of 0.3 ppm Se.","04/06/2018","06/28/2018","09/21/2018","06/20/2018","Unknown"
"Veterinary","No","","79694","Terminated","Furst-McNess Co","120 E Clark St","N/A","Freeport","IL","	61032-3328","United States","Voluntary: Firm initiated","Telephone","Product distributed to end users in AR, CO, IA, ID, IL, IN, KS, KY, LA, MN, MO, MS, ND, NE, OH, OK, SD, TN, WI, and WY","V-0129-2018","Class III","Furst-McNess Custom Ruffage Mate 52-R - 601615, Medicated, A protein, vitamin & mineral supplement, Manufactured by Furst-McNess Company Freeport, IL 61032","N/A","Type B feed contains 13.2 ppm Se and bears mixing directions which allow for finished complete Type C feeds in excess of 0.3 ppm Se.","04/06/2018","06/28/2018","09/21/2018","06/20/2018","Unknown"
"Veterinary","No","","79694","Terminated","Furst-McNess Co","120 E Clark St","N/A","Freeport","IL","	61032-3328","United States","Voluntary: Firm initiated","Telephone","Product distributed to end users in AR, CO, IA, ID, IL, IN, KS, KY, LA, MN, MO, MS, ND, NE, OH, OK, SD, TN, WI, and WY","V-0130-2018","Class III","Furst-McNess Custom Bulk Co-Product Fortifier 0.6-Z-R300- 601779, Medicated, A protein, vitamin & mineral supplement, Manufactured by Furst-McNess Company Freeport, IL 61032","N/A","Type B feed contains 13.2 ppm Se and bears mixing directions which allow for finished complete Type C feeds in excess of 0.3 ppm Se.","04/06/2018","06/28/2018","09/21/2018","06/20/2018","Unknown"
"Veterinary","No","","79694","Terminated","Furst-McNess Co","120 E Clark St","N/A","Freeport","IL","	61032-3328","United States","Voluntary: Firm initiated","Telephone","Product distributed to end users in AR, CO, IA, ID, IL, IN, KS, KY, LA, MN, MO, MS, ND, NE, OH, OK, SD, TN, WI, and WY","V-0131-2018","Class III","Furst-McNess Custom Bulk Co-Product Fortifier 0.5-R300TY-Z- 601841, Medicated, A protein, vitamin & mineral supplement, Manufactured by Furst-McNess Company Freeport, IL 61032","N/A","Type B feed contains 13.2 ppm Se and bears mixing directions which allow for finished complete Type C feeds in excess of 0.3 ppm Se.","04/06/2018","06/28/2018","09/21/2018","06/20/2018","Unknown"
"Veterinary","No","","79694","Terminated","Furst-McNess Co","120 E Clark St","N/A","Freeport","IL","	61032-3328","United States","Voluntary: Firm initiated","Telephone","Product distributed to end users in AR, CO, IA, ID, IL, IN, KS, KY, LA, MN, MO, MS, ND, NE, OH, OK, SD, TN, WI, and WY","V-0132-2018","Class III","Furst-McNess Custom Bova Breeder 9-R- 601918, Medicated, A protein, vitamin & mineral supplement, Manufactured by Furst-McNess Company Freeport, IL 61032","N/A","Type B feed contains 13.2 ppm Se and bears mixing directions which allow for finished complete Type C feeds in excess of 0.3 ppm Se.","04/06/2018","06/28/2018","09/21/2018","06/20/2018","Unknown"
"Veterinary","No","","79694","Terminated","Furst-McNess Co","120 E Clark St","N/A","Freeport","IL","	61032-3328","United States","Voluntary: Firm initiated","Telephone","Product distributed to end users in AR, CO, IA, ID, IL, IN, KS, KY, LA, MN, MO, MS, ND, NE, OH, OK, SD, TN, WI, and WY","V-0133-2018","Class III","Furst-McNess Custom Corn Co-Product Fortifier-0.6-Z-R- 601935, Medicated, A protein, vitamin & mineral supplement, Manufactured by Furst-McNess Company Freeport, IL 61032","N/A","Type B feed contains 13.2 ppm Se and bears mixing directions which allow for finished complete Type C feeds in excess of 0.3 ppm Se.","04/06/2018","06/28/2018","09/21/2018","06/20/2018","Unknown"
"Veterinary","No","","79694","Terminated","Furst-McNess Co","120 E Clark St","N/A","Freeport","IL","	61032-3328","United States","Voluntary: Firm initiated","Telephone","Product distributed to end users in AR, CO, IA, ID, IL, IN, KS, KY, LA, MN, MO, MS, ND, NE, OH, OK, SD, TN, WI, and WY","V-0134-2018","Class III","Furst-McNess Custom Bulk Co-Product Fortifier 0.5-R300-Z- 602054, Medicated, A mixing vitamin & mineral supplement, Manufactured by Furst-McNess Company Freeport, IL 61032","N/A","Type B feed contains 13.2 ppm Se and bears mixing directions which allow for finished complete Type C feeds in excess of 0.3 ppm Se.","04/06/2018","06/28/2018","09/21/2018","06/20/2018","Unknown"
"Veterinary","No","","79694","Terminated","Furst-McNess Co","120 E Clark St","N/A","Freeport","IL","	61032-3328","United States","Voluntary: Firm initiated","Telephone","Product distributed to end users in AR, CO, IA, ID, IL, IN, KS, KY, LA, MN, MO, MS, ND, NE, OH, OK, SD, TN, WI, and WY","V-0135-2018","Class III","Furst-McNess Custom Bulk Beef Developer-R- 602076, Medicated, A mixing vitamin & mineral supplement, Manufactured by Furst-McNess Company Freeport, IL 61032","N/A","Type B feed contains 13.2 ppm Se and bears mixing directions which allow for finished complete Type C feeds in excess of 0.3 ppm Se.","04/06/2018","06/28/2018","09/21/2018","06/20/2018","Unknown"
"Veterinary","No","","79694","Terminated","Furst-McNess Co","120 E Clark St","N/A","Freeport","IL","	61032-3328","United States","Voluntary: Firm initiated","Telephone","Product distributed to end users in AR, CO, IA, ID, IL, IN, KS, KY, LA, MN, MO, MS, ND, NE, OH, OK, SD, TN, WI, and WY","V-0136-2018","Class III","Furst-McNess Beef Developer-R- 602096, Medicated, A mixing vitamin & mineral supplement, Manufactured by Furst-McNess Company Freeport, IL 61032","N/A","Type B feed contains 13.2 ppm Se and bears mixing directions which allow for finished complete Type C feeds in excess of 0.3 ppm Se.","04/06/2018","06/28/2018","09/21/2018","06/20/2018","Unknown"
"Veterinary","No","","79694","Terminated","Furst-McNess Co","120 E Clark St","N/A","Freeport","IL","	61032-3328","United States","Voluntary: Firm initiated","Telephone","Product distributed to end users in AR, CO, IA, ID, IL, IN, KS, KY, LA, MN, MO, MS, ND, NE, OH, OK, SD, TN, WI, and WY","V-0137-2018","Class III","Furst-McNess Custom Dairy Blend-R- 602241, Medicated, A protein, vitamin & mineral supplement, Manufactured by Furst-McNess Company Freeport, IL 61032","N/A","Type B feed contains 13.2 ppm Se and bears mixing directions which allow for finished complete Type C feeds in excess of 0.3 ppm Se.","04/06/2018","06/28/2018","09/21/2018","06/20/2018","Unknown"
"Veterinary","No","","79694","Terminated","Furst-McNess Co","120 E Clark St","N/A","Freeport","IL","	61032-3328","United States","Voluntary: Firm initiated","Telephone","Product distributed to end users in AR, CO, IA, ID, IL, IN, KS, KY, LA, MN, MO, MS, ND, NE, OH, OK, SD, TN, WI, and WY","V-0138-2018","Class III","Furst-McNess Custom Beef Range Mineral (NS)-R- 602317, Medicated, A mixing, vitamin & mineral supplement, Manufactured by Furst-McNess Company Freeport, IL 61032","N/A","Type B feed contains 13.2 ppm Se and bears mixing directions which allow for finished complete Type C feeds in excess of 0.3 ppm Se.","04/06/2018","06/28/2018","09/21/2018","06/20/2018","Unknown"
"Veterinary","No","","79694","Terminated","Furst-McNess Co","120 E Clark St","N/A","Freeport","IL","	61032-3328","United States","Voluntary: Firm initiated","Telephone","Product distributed to end users in AR, CO, IA, ID, IL, IN, KS, KY, LA, MN, MO, MS, ND, NE, OH, OK, SD, TN, WI, and WY","V-0139-2018","Class III","Furst-McNess Custom Beef Mineral -ZnCu-R- 602333, Medicated, A mixing, vitamin & mineral supplement, Manufactured by Furst-McNess Company Freeport, IL 61032","N/A","Type B feed contains 13.2 ppm Se and bears mixing directions which allow for finished complete Type C feeds in excess of 0.3 ppm Se.","04/06/2018","06/28/2018","09/21/2018","06/20/2018","Unknown"
"Veterinary","No","","79694","Terminated","Furst-McNess Co","120 E Clark St","N/A","Freeport","IL","	61032-3328","United States","Voluntary: Firm initiated","Telephone","Product distributed to end users in AR, CO, IA, ID, IL, IN, KS, KY, LA, MN, MO, MS, ND, NE, OH, OK, SD, TN, WI, and WY","V-0140-2018","Class III","Furst-McNess Custom Beef Developer-R - 602508, Medicated, A mixing vitamin & mineral supplement, Manufactured by Furst-McNess Company Freeport, IL 61032","N/A","Type B feed contains 13.2 ppm Se and bears mixing directions which allow for finished complete Type C feeds in excess of 0.3 ppm Se.","04/06/2018","06/28/2018","09/21/2018","06/20/2018","Unknown"
"Veterinary","No","","79694","Terminated","Furst-McNess Co","120 E Clark St","N/A","Freeport","IL","	61032-3328","United States","Voluntary: Firm initiated","Telephone","Product distributed to end users in AR, CO, IA, ID, IL, IN, KS, KY, LA, MN, MO, MS, ND, NE, OH, OK, SD, TN, WI, and WY","V-0141-2018","Class III","Furst-McNess Custom Bulk Beef Developer-R-NS- 602679, Medicated, A mixing vitamin & mineral supplement, Manufactured by Furst-McNess Company Freeport, IL 61032","N/A","Type B feed contains 13.2 ppm Se and bears mixing directions which allow for finished complete Type C feeds in excess of 0.3 ppm Se.","04/06/2018","06/28/2018","09/21/2018","06/20/2018","Unknown"
"Veterinary","No","","79694","Terminated","Furst-McNess Co","120 E Clark St","N/A","Freeport","IL","	61032-3328","United States","Voluntary: Firm initiated","Telephone","Product distributed to end users in AR, CO, IA, ID, IL, IN, KS, KY, LA, MN, MO, MS, ND, NE, OH, OK, SD, TN, WI, and WY","V-0142-2018","Class III","Furst-McNess Custom Bulk Range Mineral-R- 602737, Medicated, A mixing vitamin & mineral supplement, Manufactured by Furst-McNess Company Freeport, IL 61032","N/A","Type B feed contains 13.2 ppm Se and bears mixing directions which allow for finished complete Type C feeds in excess of 0.3 ppm Se.","04/06/2018","06/28/2018","09/21/2018","06/20/2018","Unknown"
"Veterinary","No","","79694","Terminated","Furst-McNess Co","120 E Clark St","N/A","Freeport","IL","	61032-3328","United States","Voluntary: Firm initiated","Telephone","Product distributed to end users in AR, CO, IA, ID, IL, IN, KS, KY, LA, MN, MO, MS, ND, NE, OH, OK, SD, TN, WI, and WY","V-0143-2018","Class III","Furst-McNess Custom Beef Range Mineral-NS-6 P-R- 602807, Medicated, A mixing vitamin & mineral supplement, Manufactured by Furst-McNess Company Freeport, IL 61032","N/A","Type B feed contains 13.2 ppm Se and bears mixing directions which allow for finished complete Type C feeds in excess of 0.3 ppm Se.","04/06/2018","06/28/2018","09/21/2018","06/20/2018","Unknown"
"Veterinary","No","","79694","Terminated","Furst-McNess Co","120 E Clark St","N/A","Freeport","IL","	61032-3328","United States","Voluntary: Firm initiated","Telephone","Product distributed to end users in AR, CO, IA, ID, IL, IN, KS, KY, LA, MN, MO, MS, ND, NE, OH, OK, SD, TN, WI, and WY","V-0144-2018","Class III","Furst-McNess Custom Grassland Yearling Mineral-R- 602883, Medicated, A mixing vitamin & mineral supplement, Manufactured by Furst-McNess Company Freeport, IL 61032","N/A","Type B feed contains 13.2 ppm Se and bears mixing directions which allow for finished complete Type C feeds in excess of 0.3 ppm Se.","04/06/2018","06/28/2018","09/21/2018","06/20/2018","Unknown"
"Veterinary","No","","79694","Terminated","Furst-McNess Co","120 E Clark St","N/A","Freeport","IL","	61032-3328","United States","Voluntary: Firm initiated","Telephone","Product distributed to end users in AR, CO, IA, ID, IL, IN, KS, KY, LA, MN, MO, MS, ND, NE, OH, OK, SD, TN, WI, and WY","V-0145-2018","Class III","Furst-McNess Custom Ruffage Mate 52-MG-R- 602889, Medicated, A protein, vitamin & mineral supplement, Manufactured by Furst-McNess Company Freeport, IL 61032","N/A","Type B feed contains 13.2 ppm Se and bears mixing directions which allow for finished complete Type C feeds in excess of 0.3 ppm Se.","04/06/2018","06/28/2018","09/21/2018","06/20/2018","Unknown"
"Veterinary","No","","79694","Terminated","Furst-McNess Co","120 E Clark St","N/A","Freeport","IL","	61032-3328","United States","Voluntary: Firm initiated","Telephone","Product distributed to end users in AR, CO, IA, ID, IL, IN, KS, KY, LA, MN, MO, MS, ND, NE, OH, OK, SD, TN, WI, and WY","V-0146-2018","Class III","Furst-McNess Custom Bulk Co-product Fortifier-R- 602973, Medicated, A protein, vitamin & mineral supplement, Manufactured by Furst-McNess Company Freeport, IL 61032","N/A","Type B feed contains 13.2 ppm Se and bears mixing directions which allow for finished complete Type C feeds in excess of 0.3 ppm Se.","04/06/2018","06/28/2018","09/21/2018","06/20/2018","Unknown"
"Veterinary","No","","79694","Terminated","Furst-McNess Co","120 E Clark St","N/A","Freeport","IL","	61032-3328","United States","Voluntary: Firm initiated","Telephone","Product distributed to end users in AR, CO, IA, ID, IL, IN, KS, KY, LA, MN, MO, MS, ND, NE, OH, OK, SD, TN, WI, and WY","V-0147-2018","Class III","Furst-McNess Custom Bova Min 2-R- 603076, Medicated, A mixing vitamin & mineral supplement, Manufactured by Furst-McNess Company Freeport, IL 61032","N/A","Type B feed contains 13.2 ppm Se and bears mixing directions which allow for finished complete Type C feeds in excess of 0.3 ppm Se.","04/06/2018","06/28/2018","09/21/2018","06/20/2018","Unknown"
"Veterinary","No","","79694","Terminated","Furst-McNess Co","120 E Clark St","N/A","Freeport","IL","	61032-3328","United States","Voluntary: Firm initiated","Telephone","Product distributed to end users in AR, CO, IA, ID, IL, IN, KS, KY, LA, MN, MO, MS, ND, NE, OH, OK, SD, TN, WI, and WY","V-0148-2018","Class III","Furst-McNess Custom Ruffage Mat R-800-w/o PHOS- 603111, Medicated, A protein, vitamin & mineral supplement, Manufactured by Furst-McNess Company Freeport, IL 61032","N/A","Type B feed contains 13.2 ppm Se and bears mixing directions which allow for finished complete Type C feeds in excess of 0.3 ppm Se.","04/06/2018","06/28/2018","09/21/2018","06/20/2018","Unknown"
"Veterinary","No","","79694","Terminated","Furst-McNess Co","120 E Clark St","N/A","Freeport","IL","	61032-3328","United States","Voluntary: Firm initiated","Telephone","Product distributed to end users in AR, CO, IA, ID, IL, IN, KS, KY, LA, MN, MO, MS, ND, NE, OH, OK, SD, TN, WI, and WY","V-0149-2018","Class III","Furst-McNess Custom Ruffage Mate 48-R-Buffer- 603221, Medicated, A protein, vitamin & mineral supplement, Manufactured by Furst-McNess Company Freeport, IL 61032","N/A","Type B feed contains 13.2 ppm Se and bears mixing directions which allow for finished complete Type C feeds in excess of 0.3 ppm Se.","04/06/2018","06/28/2018","09/21/2018","06/20/2018","Unknown"
"Veterinary","No","","79694","Terminated","Furst-McNess Co","120 E Clark St","N/A","Freeport","IL","	61032-3328","United States","Voluntary: Firm initiated","Telephone","Product distributed to end users in AR, CO, IA, ID, IL, IN, KS, KY, LA, MN, MO, MS, ND, NE, OH, OK, SD, TN, WI, and WY","V-0150-2018","Class III","Furst-McNess Custom Bova Min 6-R- 603274, Medicated, A mixing vitamin & mineral supplement, Manufactured by Furst-McNess Company Freeport, IL 61032","N/A","Type B feed contains 13.2 ppm Se and bears mixing directions which allow for finished complete Type C feeds in excess of 0.3 ppm Se.","04/06/2018","06/28/2018","09/21/2018","06/20/2018","Unknown"
"Veterinary","No","","79694","Terminated","Furst-McNess Co","120 E Clark St","N/A","Freeport","IL","	61032-3328","United States","Voluntary: Firm initiated","Telephone","Product distributed to end users in AR, CO, IA, ID, IL, IN, KS, KY, LA, MN, MO, MS, ND, NE, OH, OK, SD, TN, WI, and WY","V-0151-2018","Class III","Furst-McNess Custom Corn Co-product Fortifier 0.5-R-Rabon- 603312, Medicated, A mixing vitamin & mineral supplement, Manufactured by Furst-McNess Company Freeport, IL 61032","N/A","Type B feed contains 13.2 ppm Se and bears mixing directions which allow for finished complete Type C feeds in excess of 0.3 ppm Se.","04/06/2018","06/28/2018","09/21/2018","06/20/2018","Unknown"
"Veterinary","No","","79694","Terminated","Furst-McNess Co","120 E Clark St","N/A","Freeport","IL","	61032-3328","United States","Voluntary: Firm initiated","Telephone","Product distributed to end users in AR, CO, IA, ID, IL, IN, KS, KY, LA, MN, MO, MS, ND, NE, OH, OK, SD, TN, WI, and WY","V-0152-2018","Class III","Furst-McNess Custom Bulk Beef Developer-R-0.3- 603371, Medicated, A protein, vitamin & mineral supplement, Manufactured by Furst-McNess Company Freeport, IL 61032","N/A","Type B feed contains 13.2 ppm Se and bears mixing directions which allow for finished complete Type C feeds in excess of 0.3 ppm Se.","04/06/2018","06/28/2018","09/21/2018","06/20/2018","Unknown"
"Veterinary","No","","79694","Terminated","Furst-McNess Co","120 E Clark St","N/A","Freeport","IL","	61032-3328","United States","Voluntary: Firm initiated","Telephone","Product distributed to end users in AR, CO, IA, ID, IL, IN, KS, KY, LA, MN, MO, MS, ND, NE, OH, OK, SD, TN, WI, and WY","V-0153-2018","Class III","Furst-McNess Custom Bova Min 2-R-T-MOS- 603407, Medicated, A mixing vitamin & mineral supplement, Manufactured by Furst-McNess Company Freeport, IL 61032","N/A","Type B feed contains 13.2 ppm Se and bears mixing directions which allow for finished complete Type C feeds in excess of 0.3 ppm Se.","04/06/2018","06/28/2018","09/21/2018","06/20/2018","Unknown"
"Veterinary","No","","79694","Terminated","Furst-McNess Co","120 E Clark St","N/A","Freeport","IL","	61032-3328","United States","Voluntary: Firm initiated","Telephone","Product distributed to end users in AR, CO, IA, ID, IL, IN, KS, KY, LA, MN, MO, MS, ND, NE, OH, OK, SD, TN, WI, and WY","V-0154-2018","Class III","Furst-McNess Custom Breeder V & M Mix-R- 603624, Medicated, A mixing vitamin & mineral supplement, Manufactured by Furst-McNess Company Freeport, IL 61032","N/A","Type B feed contains 13.2 ppm Se and bears mixing directions which allow for finished complete Type C feeds in excess of 0.3 ppm Se.","04/06/2018","06/28/2018","09/21/2018","06/20/2018","Unknown"
"Veterinary","No","","79694","Terminated","Furst-McNess Co","120 E Clark St","N/A","Freeport","IL","	61032-3328","United States","Voluntary: Firm initiated","Telephone","Product distributed to end users in AR, CO, IA, ID, IL, IN, KS, KY, LA, MN, MO, MS, ND, NE, OH, OK, SD, TN, WI, and WY","V-0155-2018","Class III","Furst-McNess Custom Bulk Beef Developer-0.35-R- 603629, Medicated, A mixing vitamin & mineral supplement, Manufactured by Furst-McNess Company Freeport, IL 61032","N/A","Type B feed contains 13.2 ppm Se and bears mixing directions which allow for finished complete Type C feeds in excess of 0.3 ppm Se.","04/06/2018","06/28/2018","09/21/2018","06/20/2018","Unknown"
"Veterinary","No","","79694","Terminated","Furst-McNess Co","120 E Clark St","N/A","Freeport","IL","	61032-3328","United States","Voluntary: Firm initiated","Telephone","Product distributed to end users in AR, CO, IA, ID, IL, IN, KS, KY, LA, MN, MO, MS, ND, NE, OH, OK, SD, TN, WI, and WY","V-0156-2018","Class III","Furst-McNess Custom Co-product Fortifier-0.5-NS-R- 603638, Medicated, A mixing vitamin & mineral supplement, Manufactured by Furst-McNess Company Freeport, IL 61032","N/A","Type B feed contains 13.2 ppm Se and bears mixing directions which allow for finished complete Type C feeds in excess of 0.3 ppm Se.","04/06/2018","06/28/2018","09/21/2018","06/20/2018","Unknown"
"Veterinary","No","","79694","Terminated","Furst-McNess Co","120 E Clark St","N/A","Freeport","IL","	61032-3328","United States","Voluntary: Firm initiated","Telephone","Product distributed to end users in AR, CO, IA, ID, IL, IN, KS, KY, LA, MN, MO, MS, ND, NE, OH, OK, SD, TN, WI, and WY","V-0157-2018","Class III","Furst-McNess Custom Co-product Fortifier-0.5-R300-AF- 603738, Medicated, A mixing vitamin & mineral supplement, Manufactured by Furst-McNess Company Freeport, IL 61032","N/A","Type B feed contains 13.2 ppm Se and bears mixing directions which allow for finished complete Type C feeds in excess of 0.3 ppm Se.","04/06/2018","06/28/2018","09/21/2018","06/20/2018","Unknown"
"Veterinary","No","","79694","Terminated","Furst-McNess Co","120 E Clark St","N/A","Freeport","IL","	61032-3328","United States","Voluntary: Firm initiated","Telephone","Product distributed to end users in AR, CO, IA, ID, IL, IN, KS, KY, LA, MN, MO, MS, ND, NE, OH, OK, SD, TN, WI, and WY","V-0158-2018","Class III","Furst-McNess Custom Beef Range Mineral-NS-MAG-6 P-R- 603822, Medicated, A mixing vitamin & mineral supplement, Manufactured by Furst-McNess Company Freeport, IL 61032","N/A","Type B feed contains 13.2 ppm Se and bears mixing directions which allow for finished complete Type C feeds in excess of 0.3 ppm Se.","04/06/2018","06/28/2018","09/21/2018","06/20/2018","Unknown"
"Veterinary","No","","79694","Terminated","Furst-McNess Co","120 E Clark St","N/A","Freeport","IL","	61032-3328","United States","Voluntary: Firm initiated","Telephone","Product distributed to end users in AR, CO, IA, ID, IL, IN, KS, KY, LA, MN, MO, MS, ND, NE, OH, OK, SD, TN, WI, and WY","V-0159-2018","Class III","Furst-McNess Bulk Co-product Fortifier Premier 0.5-R250- 603904, Medicated, A mixing vitamin & mineral supplement, Manufactured by Furst-McNess Company Freeport, IL 61032","N/A","Type B feed contains 13.2 ppm Se and bears mixing directions which allow for finished complete Type C feeds in excess of 0.3 ppm Se.","04/06/2018","06/28/2018","09/21/2018","06/20/2018","Unknown"
"Veterinary","No","","79694","Terminated","Furst-McNess Co","120 E Clark St","N/A","Freeport","IL","	61032-3328","United States","Voluntary: Firm initiated","Telephone","Product distributed to end users in AR, CO, IA, ID, IL, IN, KS, KY, LA, MN, MO, MS, ND, NE, OH, OK, SD, TN, WI, and WY","V-0160-2018","Class III","Furst-McNess Bulk Co-product Fortifier 0.5-R373-Z- 603939, Medicated, A mixing vitamin & mineral supplement, Manufactured by Furst-McNess Company Freeport, IL 61032","N/A","Type B feed contains 13.2 ppm Se and bears mixing directions which allow for finished complete Type C feeds in excess of 0.3 ppm Se.","04/06/2018","06/28/2018","09/21/2018","06/20/2018","Unknown"
"Veterinary","No","","79694","Terminated","Furst-McNess Co","120 E Clark St","N/A","Freeport","IL","	61032-3328","United States","Voluntary: Firm initiated","Telephone","Product distributed to end users in AR, CO, IA, ID, IL, IN, KS, KY, LA, MN, MO, MS, ND, NE, OH, OK, SD, TN, WI, and WY","V-0161-2018","Class III","Furst-McNess Custom Beef Developer-R-0.3- 603946, Medicated, A protein, vitamin & mineral supplement, Manufactured by Furst-McNess Company Freeport, IL 61032","N/A","Type B feed contains 13.2 ppm Se and bears mixing directions which allow for finished complete Type C feeds in excess of 0.3 ppm Se.","04/06/2018","06/28/2018","09/21/2018","06/20/2018","Unknown"
"Veterinary","No","","79694","Terminated","Furst-McNess Co","120 E Clark St","N/A","Freeport","IL","	61032-3328","United States","Voluntary: Firm initiated","Telephone","Product distributed to end users in AR, CO, IA, ID, IL, IN, KS, KY, LA, MN, MO, MS, ND, NE, OH, OK, SD, TN, WI, and WY","V-0162-2018","Class III","Furst-McNess Custom Co-Product Fortifier 0.5-NS-R-Z- 604024, Medicated, A mixing vitamin & mineral supplement, Manufactured by Furst-McNess Company Freeport, IL 61032","N/A","Type B feed contains 13.2 ppm Se and bears mixing directions which allow for finished complete Type C feeds in excess of 0.3 ppm Se.","04/06/2018","06/28/2018","09/21/2018","06/20/2018","Unknown"
"Veterinary","No","","79694","Terminated","Furst-McNess Co","120 E Clark St","N/A","Freeport","IL","	61032-3328","United States","Voluntary: Firm initiated","Telephone","Product distributed to end users in AR, CO, IA, ID, IL, IN, KS, KY, LA, MN, MO, MS, ND, NE, OH, OK, SD, TN, WI, and WY","V-0163-2018","Class III","Furst-McNess Custom Co-Product Fortifier 0.5-NS-R-OPT-Z- 604043, Medicated, A mixing vitamin & mineral supplement, Manufactured by Furst-McNess Company Freeport, IL 61032","N/A","Type B feed contains 13.2 ppm Se and bears mixing directions which allow for finished complete Type C feeds in excess of 0.3 ppm Se.","04/06/2018","06/28/2018","09/21/2018","06/20/2018","Unknown"
"Veterinary","No","","79694","Terminated","Furst-McNess Co","120 E Clark St","N/A","Freeport","IL","	61032-3328","United States","Voluntary: Firm initiated","Telephone","Product distributed to end users in AR, CO, IA, ID, IL, IN, KS, KY, LA, MN, MO, MS, ND, NE, OH, OK, SD, TN, WI, and WY","V-0164-2018","Class III","Furst-McNess Custom Beef Developer-R- 604063, Medicated, A mixing vitamin & mineral supplement, Manufactured by Furst-McNess Company Freeport, IL 61032","N/A","Type B feed contains 13.2 ppm Se and bears mixing directions which allow for finished complete Type C feeds in excess of 0.3 ppm Se.","04/06/2018","06/28/2018","09/21/2018","06/20/2018","Unknown"
"Veterinary","No","","79694","Terminated","Furst-McNess Co","120 E Clark St","N/A","Freeport","IL","	61032-3328","United States","Voluntary: Firm initiated","Telephone","Product distributed to end users in AR, CO, IA, ID, IL, IN, KS, KY, LA, MN, MO, MS, ND, NE, OH, OK, SD, TN, WI, and WY","V-0165-2018","Class III","Furst-McNess Custom Ruffage Mate 52 Step 1.5-R- 604075, Medicated, A protein, vitamin & mineral supplement, Manufactured by Furst-McNess Company Freeport, IL 61032","N/A","Type B feed contains 13.2 ppm Se and bears mixing directions which allow for finished complete Type C feeds in excess of 0.3 ppm Se.","04/06/2018","06/28/2018","09/21/2018","06/20/2018","Unknown"
"Veterinary","No","","79694","Terminated","Furst-McNess Co","120 E Clark St","N/A","Freeport","IL","	61032-3328","United States","Voluntary: Firm initiated","Telephone","Product distributed to end users in AR, CO, IA, ID, IL, IN, KS, KY, LA, MN, MO, MS, ND, NE, OH, OK, SD, TN, WI, and WY","V-0166-2018","Class III","Furst-McNess Custom Bova Min 2-T-R2400-AZ 604082, Medicated, A mixing vitamin & mineral supplement, Manufactured by Furst-McNess Company Freeport, IL 61032","N/A","Type B feed contains 13.2 ppm Se and bears mixing directions which allow for finished complete Type C feeds in excess of 0.3 ppm Se.","04/06/2018","06/28/2018","09/21/2018","06/20/2018","Unknown"
"Veterinary","No","","79694","Terminated","Furst-McNess Co","120 E Clark St","N/A","Freeport","IL","	61032-3328","United States","Voluntary: Firm initiated","Telephone","Product distributed to end users in AR, CO, IA, ID, IL, IN, KS, KY, LA, MN, MO, MS, ND, NE, OH, OK, SD, TN, WI, and WY","V-0167-2018","Class III","Furst-McNess Custom Bulk Co-Product Fortifier Premier 0.5-R250-MOS- 604103, Medicated, A mixing vitamin & mineral supplement, Manufactured by Furst-McNess Company Freeport, IL 61032","N/A","Type B feed contains 13.2 ppm Se and bears mixing directions which allow for finished complete Type C feeds in excess of 0.3 ppm Se.","04/06/2018","06/28/2018","09/21/2018","06/20/2018","Unknown"
"Veterinary","No","","79694","Terminated","Furst-McNess Co","120 E Clark St","N/A","Freeport","IL","	61032-3328","United States","Voluntary: Firm initiated","Telephone","Product distributed to end users in AR, CO, IA, ID, IL, IN, KS, KY, LA, MN, MO, MS, ND, NE, OH, OK, SD, TN, WI, and WY","V-0168-2018","Class III","Furst-McNess Custom Ruffage Mate 52 Step 1.5-MAG-R- 604129, Medicated, A protein, vitamin & mineral supplement, Manufactured by Furst-McNess Company Freeport, IL 61032","N/A","Type B feed contains 13.2 ppm Se and bears mixing directions which allow for finished complete Type C feeds in excess of 0.3 ppm Se.","04/06/2018","06/28/2018","09/21/2018","06/20/2018","Unknown"
"Veterinary","No","","79694","Terminated","Furst-McNess Co","120 E Clark St","N/A","Freeport","IL","	61032-3328","United States","Voluntary: Firm initiated","Telephone","Product distributed to end users in AR, CO, IA, ID, IL, IN, KS, KY, LA, MN, MO, MS, ND, NE, OH, OK, SD, TN, WI, and WY","V-0169-2018","Class III","Furst-McNess Custom Bova Min 6-R-X- 604160, Medicated, A mixing vitamin & mineral supplement, Manufactured by Furst-McNess Company Freeport, IL 61032","N/A","Type B feed contains 13.2 ppm Se and bears mixing directions which allow for finished complete Type C feeds in excess of 0.3 ppm Se.","04/06/2018","06/28/2018","09/21/2018","06/20/2018","Unknown"
"Veterinary","No","","79694","Terminated","Furst-McNess Co","120 E Clark St","N/A","Freeport","IL","	61032-3328","United States","Voluntary: Firm initiated","Telephone","Product distributed to end users in AR, CO, IA, ID, IL, IN, KS, KY, LA, MN, MO, MS, ND, NE, OH, OK, SD, TN, WI, and WY","V-0170-2018","Class III","Furst-McNess Custom Ruffage-Mate 52-AF-R1000- 604209, Medicated, A protein, vitamin & mineral supplement, Manufactured by Furst-McNess Company Freeport, IL 61032","N/A","Type B feed contains 13.2 ppm Se and bears mixing directions which allow for finished complete Type C feeds in excess of 0.3 ppm Se.","04/06/2018","06/28/2018","09/21/2018","06/20/2018","Unknown"
"Veterinary","No","","79694","Terminated","Furst-McNess Co","120 E Clark St","N/A","Freeport","IL","	61032-3328","United States","Voluntary: Firm initiated","Telephone","Product distributed to end users in AR, CO, IA, ID, IL, IN, KS, KY, LA, MN, MO, MS, ND, NE, OH, OK, SD, TN, WI, and WY","V-0171-2018","Class III","Furst-McNess Custom Beef Starter-R- 604213, Medicated, A mixing vitamin & mineral supplement, Manufactured by Furst-McNess Company Freeport, IL 61032","N/A","Type B feed contains 13.2 ppm Se and bears mixing directions which allow for finished complete Type C feeds in excess of 0.3 ppm Se.","04/06/2018","06/28/2018","09/21/2018","06/20/2018","Unknown"
"Veterinary","No","","79694","Terminated","Furst-McNess Co","120 E Clark St","N/A","Freeport","IL","	61032-3328","United States","Voluntary: Firm initiated","Telephone","Product distributed to end users in AR, CO, IA, ID, IL, IN, KS, KY, LA, MN, MO, MS, ND, NE, OH, OK, SD, TN, WI, and WY","V-0172-2018","Class III","Furst-McNess Custom Beef VTM-R- 604218, Medicated, A protein, vitamin & mineral supplement, Manufactured by Furst-McNess Company Freeport, IL 61032","N/A","Type B feed contains 13.2 ppm Se and bears mixing directions which allow for finished complete Type C feeds in excess of 0.3 ppm Se.","04/06/2018","06/28/2018","09/21/2018","06/20/2018","Unknown"
"Veterinary","No","","79694","Terminated","Furst-McNess Co","120 E Clark St","N/A","Freeport","IL","	61032-3328","United States","Voluntary: Firm initiated","Telephone","Product distributed to end users in AR, CO, IA, ID, IL, IN, KS, KY, LA, MN, MO, MS, ND, NE, OH, OK, SD, TN, WI, and WY","V-0173-2018","Class III","Furst-McNess Custom Ruffage Mate 35-R-Buffer- 604233, Medicated, A protein, vitamin & mineral supplement, Manufactured by Furst-McNess Company Freeport, IL 61032","N/A","Type B feed contains 13.2 ppm Se and bears mixing directions which allow for finished complete Type C feeds in excess of 0.3 ppm Se.","04/06/2018","06/28/2018","09/21/2018","06/20/2018","Unknown"
"Veterinary","No","","79694","Terminated","Furst-McNess Co","120 E Clark St","N/A","Freeport","IL","	61032-3328","United States","Voluntary: Firm initiated","Telephone","Product distributed to end users in AR, CO, IA, ID, IL, IN, KS, KY, LA, MN, MO, MS, ND, NE, OH, OK, SD, TN, WI, and WY","V-0174-2018","Class III","Furst-McNess Custom Premier Bova MIN 6-R-AF- 604240, Medicated, A mixing vitamin & mineral supplement, Manufactured by Furst-McNess Company Freeport, IL 61032","N/A","Type B feed contains 13.2 ppm Se and bears mixing directions which allow for finished complete Type C feeds in excess of 0.3 ppm Se.","04/06/2018","06/28/2018","09/21/2018","06/20/2018","Unknown"
"Veterinary","No","","79694","Terminated","Furst-McNess Co","120 E Clark St","N/A","Freeport","IL","	61032-3328","United States","Voluntary: Firm initiated","Telephone","Product distributed to end users in AR, CO, IA, ID, IL, IN, KS, KY, LA, MN, MO, MS, ND, NE, OH, OK, SD, TN, WI, and WY","V-0175-2018","Class III","Furst-McNess Custom Premier Bova MIN 6-R-AF-MAG- 604241, Medicated, A mixing vitamin & mineral supplement, Manufactured by Furst-McNess Company Freeport, IL 61032","N/A","Type B feed contains 13.2 ppm Se and bears mixing directions which allow for finished complete Type C feeds in excess of 0.3 ppm Se.","04/06/2018","06/28/2018","09/21/2018","06/20/2018","Unknown"
"Veterinary","No","","79694","Terminated","Furst-McNess Co","120 E Clark St","N/A","Freeport","IL","	61032-3328","United States","Voluntary: Firm initiated","Telephone","Product distributed to end users in AR, CO, IA, ID, IL, IN, KS, KY, LA, MN, MO, MS, ND, NE, OH, OK, SD, TN, WI, and WY","V-0176-2018","Class III","Furst-McNess Custom SSNS Ruffage Mate 52-R- 604246, Medicated, A protein, vitamin & mineral supplement, Manufactured by Furst-McNess Company Freeport, IL 61032","N/A","Type B feed contains 13.2 ppm Se and bears mixing directions which allow for finished complete Type C feeds in excess of 0.3 ppm Se.","04/06/2018","06/28/2018","09/21/2018","06/20/2018","Unknown"
"Veterinary","No","","79694","Terminated","Furst-McNess Co","120 E Clark St","N/A","Freeport","IL","	61032-3328","United States","Voluntary: Firm initiated","Telephone","Product distributed to end users in AR, CO, IA, ID, IL, IN, KS, KY, LA, MN, MO, MS, ND, NE, OH, OK, SD, TN, WI, and WY","V-0177-2018","Class III","Furst-McNess Custom Ruffage Mate 52 STEP 1.5 Premier-R- 604251, Medicated, A protein, vitamin & mineral supplement, Manufactured by Furst-McNess Company Freeport, IL 61032","N/A","Type B feed contains 13.2 ppm Se and bears mixing directions which allow for finished complete Type C feeds in excess of 0.3 ppm Se.","04/06/2018","06/28/2018","09/21/2018","06/20/2018","Unknown"
"Veterinary","No","","79694","Terminated","Furst-McNess Co","120 E Clark St","N/A","Freeport","IL","	61032-3328","United States","Voluntary: Firm initiated","Telephone","Product distributed to end users in AR, CO, IA, ID, IL, IN, KS, KY, LA, MN, MO, MS, ND, NE, OH, OK, SD, TN, WI, and WY","V-0178-2018","Class III","Furst-McNess Custom Bova Breeder Premier 6-AVAILA 4-R- 604274, Medicated, A mixing vitamin & mineral supplement, Manufactured by Furst-McNess Company Freeport, IL 61032","N/A","Type B feed contains 13.2 ppm Se and bears mixing directions which allow for finished complete Type C feeds in excess of 0.3 ppm Se.","04/06/2018","06/28/2018","09/21/2018","06/20/2018","Unknown"
"Veterinary","No","","79694","Terminated","Furst-McNess Co","120 E Clark St","N/A","Freeport","IL","	61032-3328","United States","Voluntary: Firm initiated","Telephone","Product distributed to end users in AR, CO, IA, ID, IL, IN, KS, KY, LA, MN, MO, MS, ND, NE, OH, OK, SD, TN, WI, and WY","V-0179-2018","Class III","Furst-McNess Custom Bova MIN 2-T-AF-R- 604275, Medicated, A mixing vitamin & mineral supplement, Manufactured by Furst-McNess Company Freeport, IL 61032","N/A","Type B feed contains 13.2 ppm Se and bears mixing directions which allow for finished complete Type C feeds in excess of 0.3 ppm Se.","04/06/2018","06/28/2018","09/21/2018","06/20/2018","Unknown"
"Veterinary","No","","79694","Terminated","Furst-McNess Co","120 E Clark St","N/A","Freeport","IL","	61032-3328","United States","Voluntary: Firm initiated","Telephone","Product distributed to end users in AR, CO, IA, ID, IL, IN, KS, KY, LA, MN, MO, MS, ND, NE, OH, OK, SD, TN, WI, and WY","V-0180-2018","Class III","Furst-McNess Custom Bova Breeder 9-R YC20- 604281, Medicated, A mixing vitamin & mineral supplement, Manufactured by Furst-McNess Company Freeport, IL 61032","N/A","Type B feed contains 13.2 ppm Se and bears mixing directions which allow for finished complete Type C feeds in excess of 0.3 ppm Se.","04/06/2018","06/28/2018","09/21/2018","06/20/2018","Unknown"
"Veterinary","No","","79694","Terminated","Furst-McNess Co","120 E Clark St","N/A","Freeport","IL","	61032-3328","United States","Voluntary: Firm initiated","Telephone","Product distributed to end users in AR, CO, IA, ID, IL, IN, KS, KY, LA, MN, MO, MS, ND, NE, OH, OK, SD, TN, WI, and WY","V-0181-2018","Class III","Furst-McNess Custom Co-product Fort 0.6-NS-R-Z- 604282, Medicated, A mixing vitamin & mineral supplement, Manufactured by Furst-McNess Company Freeport, IL 61032","N/A","Type B feed contains 13.2 ppm Se and bears mixing directions which allow for finished complete Type C feeds in excess of 0.3 ppm Se.","04/06/2018","06/28/2018","09/21/2018","06/20/2018","Unknown"
"Veterinary","No","","79694","Terminated","Furst-McNess Co","120 E Clark St","N/A","Freeport","IL","	61032-3328","United States","Voluntary: Firm initiated","Telephone","Product distributed to end users in AR, CO, IA, ID, IL, IN, KS, KY, LA, MN, MO, MS, ND, NE, OH, OK, SD, TN, WI, and WY","V-0182-2018","Class III","Furst-McNess Custom Balancer PAK-R- 6491, Medicated, A vitamin & mineral supplement, Manufactured by Furst-McNess Company Freeport, IL 61032","N/A","Type B feed contains 13.2 ppm Se and bears mixing directions which allow for finished complete Type C feeds in excess of 0.3 ppm Se.","04/06/2018","06/28/2018","09/21/2018","06/20/2018","Unknown"
"Veterinary","No","","79694","Terminated","Furst-McNess Co","120 E Clark St","N/A","Freeport","IL","	61032-3328","United States","Voluntary: Firm initiated","Telephone","Product distributed to end users in AR, CO, IA, ID, IL, IN, KS, KY, LA, MN, MO, MS, ND, NE, OH, OK, SD, TN, WI, and WY","V-0183-2018","Class III","Furst-McNess Custom Tote Dairy Blend-R-Yell- 101915, Medicated, A vitamin & mineral supplement, Manufactured by Furst-McNess Company Freeport, IL 61032","N/A","Type B feed contains 13.2 ppm Se and bears mixing directions which allow for finished complete Type C feeds in excess of 0.3 ppm Se.","04/06/2018","06/28/2018","09/21/2018","06/20/2018","Unknown"
"Veterinary","No","","79694","Terminated","Furst-McNess Co","120 E Clark St","N/A","Freeport","IL","	61032-3328","United States","Voluntary: Firm initiated","Telephone","Product distributed to end users in AR, CO, IA, ID, IL, IN, KS, KY, LA, MN, MO, MS, ND, NE, OH, OK, SD, TN, WI, and WY","V-0184-2018","Class III","Furst-McNess Custom Tote Dairy Blend-R- 102691, Medicated, A protein, vitamin & mineral supplement, Manufactured by Furst-McNess Company Freeport, IL 61032","N/A","Type B feed contains 13.2 ppm Se and bears mixing directions which allow for finished complete Type C feeds in excess of 0.3 ppm Se.","04/06/2018","06/28/2018","09/21/2018","06/20/2018","Unknown"
"Veterinary","No","","79694","Terminated","Furst-McNess Co","120 E Clark St","N/A","Freeport","IL","	61032-3328","United States","Voluntary: Firm initiated","Telephone","Product distributed to end users in AR, CO, IA, ID, IL, IN, KS, KY, LA, MN, MO, MS, ND, NE, OH, OK, SD, TN, WI, and WY","V-0185-2018","Class III","Furst-McNess Custom Tote Heifer MIN-R-Valley View- 102957, Medicated, A mixing vitamin & mineral supplement, Manufactured by Furst-McNess Company Freeport, IL 61032","N/A","Type B feed contains 13.2 ppm Se and bears mixing directions which allow for finished complete Type C feeds in excess of 0.3 ppm Se.","04/06/2018","06/28/2018","09/21/2018","06/20/2018","Unknown"
"Veterinary","No","","79694","Terminated","Furst-McNess Co","120 E Clark St","N/A","Freeport","IL","	61032-3328","United States","Voluntary: Firm initiated","Telephone","Product distributed to end users in AR, CO, IA, ID, IL, IN, KS, KY, LA, MN, MO, MS, ND, NE, OH, OK, SD, TN, WI, and WY","V-0186-2018","Class III","Furst-McNess Custom Tote Dairy Premix-R- 103232, Medicated, A protein, vitamin & mineral supplement, Manufactured by Furst-McNess Company Freeport, IL 61032","N/A","Type B feed contains 13.2 ppm Se and bears mixing directions which allow for finished complete Type C feeds in excess of 0.3 ppm Se.","04/06/2018","06/28/2018","09/21/2018","06/20/2018","Unknown"
"Veterinary","No","","79694","Terminated","Furst-McNess Co","120 E Clark St","N/A","Freeport","IL","	61032-3328","United States","Voluntary: Firm initiated","Telephone","Product distributed to end users in AR, CO, IA, ID, IL, IN, KS, KY, LA, MN, MO, MS, ND, NE, OH, OK, SD, TN, WI, and WY","V-0187-2018","Class III","Furst-McNess Custom Tote Lactation Mineral-R-Valley View 103348, Medicated, A protein, vitamin & mineral supplement, Manufactured by Furst-McNess Company Freeport, IL 61032","N/A","Type B feed contains 13.2 ppm Se and bears mixing directions which allow for finished complete Type C feeds in excess of 0.3 ppm Se.","04/06/2018","06/28/2018","09/21/2018","06/20/2018","Unknown"
"Veterinary","No","","79694","Terminated","Furst-McNess Co","120 E Clark St","N/A","Freeport","IL","	61032-3328","United States","Voluntary: Firm initiated","Telephone","Product distributed to end users in AR, CO, IA, ID, IL, IN, KS, KY, LA, MN, MO, MS, ND, NE, OH, OK, SD, TN, WI, and WY","V-0188-2018","Class III","Furst-McNess Custom Tote Dairy Blend-R-Rabon-103363, Medicated, A protein, vitamin & mineral supplement, Manufactured by Furst-McNess Company Freeport, IL 61032","N/A","Type B feed contains 13.2 ppm Se and bears mixing directions which allow for finished complete Type C feeds in excess of 0.3 ppm Se.","04/06/2018","06/28/2018","09/21/2018","06/20/2018","Unknown"
"Veterinary","No","","79694","Terminated","Furst-McNess Co","120 E Clark St","N/A","Freeport","IL","	61032-3328","United States","Voluntary: Firm initiated","Telephone","Product distributed to end users in AR, CO, IA, ID, IL, IN, KS, KY, LA, MN, MO, MS, ND, NE, OH, OK, SD, TN, WI, and WY","V-0189-2018","Class III","Furst-McNess Custom Tote Dairy Blend BM-R-103909, Medicated, A vitamin & mineral supplement, Manufactured by Furst-McNess Company Freeport, IL 61032","N/A","Type B feed contains 13.2 ppm Se and bears mixing directions which allow for finished complete Type C feeds in excess of 0.3 ppm Se.","04/06/2018","06/28/2018","09/21/2018","06/20/2018","Unknown"
"Veterinary","No","","79694","Terminated","Furst-McNess Co","120 E Clark St","N/A","Freeport","IL","	61032-3328","United States","Voluntary: Firm initiated","Telephone","Product distributed to end users in AR, CO, IA, ID, IL, IN, KS, KY, LA, MN, MO, MS, ND, NE, OH, OK, SD, TN, WI, and WY","V-0190-2018","Class III","Furst-McNess Custom Tote Co-product Fortifier 0.5-R300-Rabon-104004, Medicated, A mixing vitamin & mineral supplement, Manufactured by Furst-McNess Company Freeport, IL 61032","N/A","Type B feed contains 13.2 ppm Se and bears mixing directions which allow for finished complete Type C feeds in excess of 0.3 ppm Se.","04/06/2018","06/28/2018","09/21/2018","06/20/2018","Unknown"
"Veterinary","No","","79694","Terminated","Furst-McNess Co","120 E Clark St","N/A","Freeport","IL","	61032-3328","United States","Voluntary: Firm initiated","Telephone","Product distributed to end users in AR, CO, IA, ID, IL, IN, KS, KY, LA, MN, MO, MS, ND, NE, OH, OK, SD, TN, WI, and WY","V-0191-2018","Class III","Furst-McNess Custom Tote Ultimate Force Fortifier-R- 187141, Medicated, A mixing vitamin & mineral supplement, Manufactured by Furst-McNess Company Freeport, IL 61032","N/A","Type B feed contains 13.2 ppm Se and bears mixing directions which allow for finished complete Type C feeds in excess of 0.3 ppm Se.","04/06/2018","06/28/2018","09/21/2018","06/20/2018","Unknown"
"Veterinary","No","","79694","Terminated","Furst-McNess Co","120 E Clark St","N/A","Freeport","IL","	61032-3328","United States","Voluntary: Firm initiated","Telephone","Product distributed to end users in AR, CO, IA, ID, IL, IN, KS, KY, LA, MN, MO, MS, ND, NE, OH, OK, SD, TN, WI, and WY","V-0192-2018","Class III","Furst-McNess Dry Cow 20-R- 210242, Medicated, A vitamin & mineral supplement, Manufactured by Furst-McNess Company Freeport, IL 61032","N/A","Type B feed contains 13.2 ppm Se and bears mixing directions which allow for finished complete Type C feeds in excess of 0.3 ppm Se.","04/06/2018","06/28/2018","09/21/2018","06/20/2018","Unknown"
"Veterinary","No","","79694","Terminated","Furst-McNess Co","120 E Clark St","N/A","Freeport","IL","	61032-3328","United States","Voluntary: Firm initiated","Telephone","Product distributed to end users in AR, CO, IA, ID, IL, IN, KS, KY, LA, MN, MO, MS, ND, NE, OH, OK, SD, TN, WI, and WY","V-0193-2018","Class III","Furst-McNess Transition Dairy PMX Plus-R- 212440, Medicated, A protein, vitamin & mineral supplement, Manufactured by Furst-McNess Company Freeport, IL 61032","N/A","Type B feed contains 13.2 ppm Se and bears mixing directions which allow for finished complete Type C feeds in excess of 0.3 ppm Se.","04/06/2018","06/28/2018","09/21/2018","06/20/2018","Unknown"
"Veterinary","No","","79694","Terminated","Furst-McNess Co","120 E Clark St","N/A","Freeport","IL","	61032-3328","United States","Voluntary: Firm initiated","Telephone","Product distributed to end users in AR, CO, IA, ID, IL, IN, KS, KY, LA, MN, MO, MS, ND, NE, OH, OK, SD, TN, WI, and WY","V-0194-2018","Class III","Furst-McNess Ultimate Force Premier Fortifier-R- 587041, Medicated, A mixing, vitamin & mineral supplement, Manufactured by Furst-McNess Company Freeport, IL 61032","N/A","Type B feed contains 13.2 ppm Se and bears mixing directions which allow for finished complete Type C feeds in excess of 0.3 ppm Se.","04/06/2018","06/28/2018","09/21/2018","06/20/2018","Unknown"
"Veterinary","No","","79694","Terminated","Furst-McNess Co","120 E Clark St","N/A","Freeport","IL","	61032-3328","United States","Voluntary: Firm initiated","Telephone","Product distributed to end users in AR, CO, IA, ID, IL, IN, KS, KY, LA, MN, MO, MS, ND, NE, OH, OK, SD, TN, WI, and WY","V-0195-2018","Class III","Furst-McNess Ultimate Force Premier Fortifier-R- 587041B, Medicated, A mixing, vitamin & mineral supplement, Manufactured by Furst-McNess Company Freeport, IL 61032","N/A","Type B feed contains 13.2 ppm Se and bears mixing directions which allow for finished complete Type C feeds in excess of 0.3 ppm Se.","04/06/2018","06/28/2018","09/21/2018","06/20/2018","Unknown"
"Veterinary","No","","79694","Terminated","Furst-McNess Co","120 E Clark St","N/A","Freeport","IL","	61032-3328","United States","Voluntary: Firm initiated","Telephone","Product distributed to end users in AR, CO, IA, ID, IL, IN, KS, KY, LA, MN, MO, MS, ND, NE, OH, OK, SD, TN, WI, and WY","V-0196-2018","Class III","Furst-McNess Custom Beef Premix-R- 601486, Medicated, A protein, vitamin & mineral supplement, Manufactured by Furst-McNess Company Freeport, IL 61032","N/A","Type B feed contains 13.2 ppm Se and bears mixing directions which allow for finished complete Type C feeds in excess of 0.3 ppm Se.","04/06/2018","06/28/2018","09/21/2018","06/20/2018","Unknown"
"Veterinary","No","","79694","Terminated","Furst-McNess Co","120 E Clark St","N/A","Freeport","IL","	61032-3328","United States","Voluntary: Firm initiated","Telephone","Product distributed to end users in AR, CO, IA, ID, IL, IN, KS, KY, LA, MN, MO, MS, ND, NE, OH, OK, SD, TN, WI, and WY","V-0197-2018","Class III","Furst-McNess Custom Dairy Blend-R- 602143, Medicated, A vitamin & mineral supplement, Manufactured by Furst-McNess Company Freeport, IL 61032","N/A","Type B feed contains 13.2 ppm Se and bears mixing directions which allow for finished complete Type C feeds in excess of 0.3 ppm Se.","04/06/2018","06/28/2018","09/21/2018","06/20/2018","Unknown"
"Veterinary","No","","79694","Terminated","Furst-McNess Co","120 E Clark St","N/A","Freeport","IL","	61032-3328","United States","Voluntary: Firm initiated","Telephone","Product distributed to end users in AR, CO, IA, ID, IL, IN, KS, KY, LA, MN, MO, MS, ND, NE, OH, OK, SD, TN, WI, and WY","V-0198-2018","Class III","Furst-McNess Custom Sumption Bull & Heifer Developer-R- 602149, Medicated, A protein, vitamin & mineral supplement, Manufactured by Furst-McNess Company Freeport, IL 61032","N/A","Type B feed contains 13.2 ppm Se and bears mixing directions which allow for finished complete Type C feeds in excess of 0.3 ppm Se.","04/06/2018","06/28/2018","09/21/2018","06/20/2018","Unknown"
"Veterinary","No","","79694","Terminated","Furst-McNess Co","120 E Clark St","N/A","Freeport","IL","	61032-3328","United States","Voluntary: Firm initiated","Telephone","Product distributed to end users in AR, CO, IA, ID, IL, IN, KS, KY, LA, MN, MO, MS, ND, NE, OH, OK, SD, TN, WI, and WY","V-0199-2018","Class III","Furst-McNess Custom Dairy Balancer Pak-R- 602259, Medicated, A vitamin & mineral supplement, Manufactured by Furst-McNess Company Freeport, IL 61032","N/A","Type B feed contains 13.2 ppm Se and bears mixing directions which allow for finished complete Type C feeds in excess of 0.3 ppm Se.","04/06/2018","06/28/2018","09/21/2018","06/20/2018","Unknown"
"Veterinary","No","","79694","Terminated","Furst-McNess Co","120 E Clark St","N/A","Freeport","IL","	61032-3328","United States","Voluntary: Firm initiated","Telephone","Product distributed to end users in AR, CO, IA, ID, IL, IN, KS, KY, LA, MN, MO, MS, ND, NE, OH, OK, SD, TN, WI, and WY","V-0200-2018","Class III","Furst-McNess Custom Beef Premix -R- 602465, Medicated, A mixing vitamin & mineral supplement, Manufactured by Furst-McNess Company Freeport, IL 61032","N/A","Type B feed contains 13.2 ppm Se and bears mixing directions which allow for finished complete Type C feeds in excess of 0.3 ppm Se.","04/06/2018","06/28/2018","09/21/2018","06/20/2018","Unknown"
"Veterinary","No","","79694","Terminated","Furst-McNess Co","120 E Clark St","N/A","Freeport","IL","	61032-3328","United States","Voluntary: Firm initiated","Telephone","Product distributed to end users in AR, CO, IA, ID, IL, IN, KS, KY, LA, MN, MO, MS, ND, NE, OH, OK, SD, TN, WI, and WY","V-0201-2018","Class III","Furst-McNess Custom Bulk Balancer PAK 17-0 MS-R- 602485, Medicated, A vitamin & mineral supplement, Manufactured by Furst-McNess Company Freeport, IL 61032","N/A","Type B feed contains 13.2 ppm Se and bears mixing directions which allow for finished complete Type C feeds in excess of 0.3 ppm Se.","04/06/2018","06/28/2018","09/21/2018","06/20/2018","Unknown"
"Veterinary","No","","79694","Terminated","Furst-McNess Co","120 E Clark St","N/A","Freeport","IL","	61032-3328","United States","Voluntary: Firm initiated","Telephone","Product distributed to end users in AR, CO, IA, ID, IL, IN, KS, KY, LA, MN, MO, MS, ND, NE, OH, OK, SD, TN, WI, and WY","V-0202-2018","Class III","Furst-McNess Custom Beef Developer-R- 602672, Medicated, A mixing vitamin & mineral supplement, Manufactured by Furst-McNess Company Freeport, IL 61032","N/A","Type B feed contains 13.2 ppm Se and bears mixing directions which allow for finished complete Type C feeds in excess of 0.3 ppm Se.","04/06/2018","06/28/2018","09/21/2018","06/20/2018","Unknown"
"Veterinary","No","","79694","Terminated","Furst-McNess Co","120 E Clark St","N/A","Freeport","IL","	61032-3328","United States","Voluntary: Firm initiated","Telephone","Product distributed to end users in AR, CO, IA, ID, IL, IN, KS, KY, LA, MN, MO, MS, ND, NE, OH, OK, SD, TN, WI, and WY","V-0203-2018","Class III","Furst-McNess Custom Bulk Beef Mineral-R-AF-Bieber- 602730, Medicated, A mixing vitamin & mineral supplement, Manufactured by Furst-McNess Company Freeport, IL 61032","N/A","Type B feed contains 13.2 ppm Se and bears mixing directions which allow for finished complete Type C feeds in excess of 0.3 ppm Se.","04/06/2018","06/28/2018","09/21/2018","06/20/2018","Unknown"
"Veterinary","No","","79694","Terminated","Furst-McNess Co","120 E Clark St","N/A","Freeport","IL","	61032-3328","United States","Voluntary: Firm initiated","Telephone","Product distributed to end users in AR, CO, IA, ID, IL, IN, KS, KY, LA, MN, MO, MS, ND, NE, OH, OK, SD, TN, WI, and WY","V-0204-2018","Class III","Furst-McNess Custom Beef Balancer 80-R- 602759, Medicated, A protein, vitamin & mineral supplement, Manufactured by Furst-McNess Company Freeport, IL 61032","N/A","Type B feed contains 13.2 ppm Se and bears mixing directions which allow for finished complete Type C feeds in excess of 0.3 ppm Se.","04/06/2018","06/28/2018","09/21/2018","06/20/2018","Unknown"
"Veterinary","No","","79694","Terminated","Furst-McNess Co","120 E Clark St","N/A","Freeport","IL","	61032-3328","United States","Voluntary: Firm initiated","Telephone","Product distributed to end users in AR, CO, IA, ID, IL, IN, KS, KY, LA, MN, MO, MS, ND, NE, OH, OK, SD, TN, WI, and WY","V-0205-2018","Class III","Furst-McNess Custom Corn Co-product-R- 602782, Medicated, A mixing vitamin & mineral supplement, Manufactured by Furst-McNess Company Freeport, IL 61032","N/A","Type B feed contains 13.2 ppm Se and bears mixing directions which allow for finished complete Type C feeds in excess of 0.3 ppm Se.","04/06/2018","06/28/2018","09/21/2018","06/20/2018","Unknown"
"Veterinary","No","","79694","Terminated","Furst-McNess Co","120 E Clark St","N/A","Freeport","IL","	61032-3328","United States","Voluntary: Firm initiated","Telephone","Product distributed to end users in AR, CO, IA, ID, IL, IN, KS, KY, LA, MN, MO, MS, ND, NE, OH, OK, SD, TN, WI, and WY","V-0206-2018","Class III","Furst-McNess Custom Dairy Heifer Premix-R- 602941, Medicated, A vitamin & mineral supplement, Manufactured by Furst-McNess Company Freeport, IL 61032","N/A","Type B feed contains 13.2 ppm Se and bears mixing directions which allow for finished complete Type C feeds in excess of 0.3 ppm Se.","04/06/2018","06/28/2018","09/21/2018","06/20/2018","Unknown"
"Veterinary","No","","79694","Terminated","Furst-McNess Co","120 E Clark St","N/A","Freeport","IL","	61032-3328","United States","Voluntary: Firm initiated","Telephone","Product distributed to end users in AR, CO, IA, ID, IL, IN, KS, KY, LA, MN, MO, MS, ND, NE, OH, OK, SD, TN, WI, and WY","V-0207-2018","Class III","Furst-McNess Custom Bulk Terwilliger 0.33 R-1200 Mineral-NS- 602960, Medicated, A protein, vitamin & mineral supplement, Manufactured by Furst-McNess Company Freeport, IL 61032","N/A","Type B feed contains 13.2 ppm Se and bears mixing directions which allow for finished complete Type C feeds in excess of 0.3 ppm Se.","04/06/2018","06/28/2018","09/21/2018","06/20/2018","Unknown"
"Veterinary","No","","79694","Terminated","Furst-McNess Co","120 E Clark St","N/A","Freeport","IL","	61032-3328","United States","Voluntary: Firm initiated","Telephone","Product distributed to end users in AR, CO, IA, ID, IL, IN, KS, KY, LA, MN, MO, MS, ND, NE, OH, OK, SD, TN, WI, and WY","V-0208-2018","Class III","Furst-McNess Custom Breeder Vit & Min Mix-6-R- 603097, Medicated, A mixing vitamin & mineral supplement, Manufactured by Furst-McNess Company Freeport, IL 61032","N/A","Type B feed contains 13.2 ppm Se and bears mixing directions which allow for finished complete Type C feeds in excess of 0.3 ppm Se.","04/06/2018","06/28/2018","09/21/2018","06/20/2018","Unknown"
"Veterinary","No","","79694","Terminated","Furst-McNess Co","120 E Clark St","N/A","Freeport","IL","	61032-3328","United States","Voluntary: Firm initiated","Telephone","Product distributed to end users in AR, CO, IA, ID, IL, IN, KS, KY, LA, MN, MO, MS, ND, NE, OH, OK, SD, TN, WI, and WY","V-0209-2018","Class III","Furst-McNess Custom Bulk Dairy Balancer PAK-R-Equalize- 603115, Medicated, A vitamin & mineral supplement, Manufactured by Furst-McNess Company Freeport, IL 61032","N/A","Type B feed contains 13.2 ppm Se and bears mixing directions which allow for finished complete Type C feeds in excess of 0.3 ppm Se.","04/06/2018","06/28/2018","09/21/2018","06/20/2018","Unknown"
"Veterinary","No","","79694","Terminated","Furst-McNess Co","120 E Clark St","N/A","Freeport","IL","	61032-3328","United States","Voluntary: Firm initiated","Telephone","Product distributed to end users in AR, CO, IA, ID, IL, IN, KS, KY, LA, MN, MO, MS, ND, NE, OH, OK, SD, TN, WI, and WY","V-0210-2018","Class III","Furst-McNess Custom HH Beef VTM-R- 603169, Medicated, A mixing vitamin & mineral supplement, Manufactured by Furst-McNess Company Freeport, IL 61032","N/A","Type B feed contains 13.2 ppm Se and bears mixing directions which allow for finished complete Type C feeds in excess of 0.3 ppm Se.","04/06/2018","06/28/2018","09/21/2018","06/20/2018","Unknown"
"Veterinary","No","","79694","Terminated","Furst-McNess Co","120 E Clark St","N/A","Freeport","IL","	61032-3328","United States","Voluntary: Firm initiated","Telephone","Product distributed to end users in AR, CO, IA, ID, IL, IN, KS, KY, LA, MN, MO, MS, ND, NE, OH, OK, SD, TN, WI, and WY","V-0211-2018","Class III","Furst-McNess Custom Hagel HH Beef Mineral-R- 603187, Medicated, A mixing vitamin & mineral supplement, Manufactured by Furst-McNess Company Freeport, IL 61032","N/A","Type B feed contains 13.2 ppm Se and bears mixing directions which allow for finished complete Type C feeds in excess of 0.3 ppm Se.","04/06/2018","06/28/2018","09/21/2018","06/20/2018","Unknown"
"Veterinary","No","","79694","Terminated","Furst-McNess Co","120 E Clark St","N/A","Freeport","IL","	61032-3328","United States","Voluntary: Firm initiated","Telephone","Product distributed to end users in AR, CO, IA, ID, IL, IN, KS, KY, LA, MN, MO, MS, ND, NE, OH, OK, SD, TN, WI, and WY","V-0212-2018","Class III","Furst-McNess Custom Bova Min 9-R-MOS- 603261, Medicated, A mixing vitamin & mineral supplement, Manufactured by Furst-McNess Company Freeport, IL 61032","N/A","Type B feed contains 13.2 ppm Se and bears mixing directions which allow for finished complete Type C feeds in excess of 0.3 ppm Se.","04/06/2018","06/28/2018","09/21/2018","06/20/2018","Unknown"
"Veterinary","No","","79694","Terminated","Furst-McNess Co","120 E Clark St","N/A","Freeport","IL","	61032-3328","United States","Voluntary: Firm initiated","Telephone","Product distributed to end users in AR, CO, IA, ID, IL, IN, KS, KY, LA, MN, MO, MS, ND, NE, OH, OK, SD, TN, WI, and WY","V-0213-2018","Class III","Furst-McNess Custom Cu Mineral-R Valley View- 603350, Medicated, A protein, mixing vitamin & mineral supplement, Manufactured by Furst-McNess Company Freeport, IL 61032","N/A","Type B feed contains 13.2 ppm Se and bears mixing directions which allow for finished complete Type C feeds in excess of 0.3 ppm Se.","04/06/2018","06/28/2018","09/21/2018","06/20/2018","Unknown"
"Veterinary","No","","79694","Terminated","Furst-McNess Co","120 E Clark St","N/A","Freeport","IL","	61032-3328","United States","Voluntary: Firm initiated","Telephone","Product distributed to end users in AR, CO, IA, ID, IL, IN, KS, KY, LA, MN, MO, MS, ND, NE, OH, OK, SD, TN, WI, and WY","V-0214-2018","Class III","Furst-McNess Custom Dairy Balancer PAK 15-3 MS-R- 603465, Medicated, A mixing vitamin & mineral supplement, Manufactured by Furst-McNess Company Freeport, IL 61032","N/A","Type B feed contains 13.2 ppm Se and bears mixing directions which allow for finished complete Type C feeds in excess of 0.3 ppm Se.","04/06/2018","06/28/2018","09/21/2018","06/20/2018","Unknown"
"Veterinary","No","","79694","Terminated","Furst-McNess Co","120 E Clark St","N/A","Freeport","IL","	61032-3328","United States","Voluntary: Firm initiated","Telephone","Product distributed to end users in AR, CO, IA, ID, IL, IN, KS, KY, LA, MN, MO, MS, ND, NE, OH, OK, SD, TN, WI, and WY","V-0215-2018","Class III","Furst-McNess Custom Beef Premix-R-Altosid- 603647, Medicated, A mixing vitamin & mineral supplement, Manufactured by Furst-McNess Company Freeport, IL 61032","N/A","Type B feed contains 13.2 ppm Se and bears mixing directions which allow for finished complete Type C feeds in excess of 0.3 ppm Se.","04/06/2018","06/28/2018","09/21/2018","06/20/2018","Unknown"
"Veterinary","No","","79694","Terminated","Furst-McNess Co","120 E Clark St","N/A","Freeport","IL","	61032-3328","United States","Voluntary: Firm initiated","Telephone","Product distributed to end users in AR, CO, IA, ID, IL, IN, KS, KY, LA, MN, MO, MS, ND, NE, OH, OK, SD, TN, WI, and WY","V-0216-2018","Class III","Furst-McNess Custom Bulk Co-product Fortifier 0.5-R300-Zn- 603703, Medicated, A mixing vitamin & mineral supplement, Manufactured by Furst-McNess Company Freeport, IL 61032","N/A","Type B feed contains 13.2 ppm Se and bears mixing directions which allow for finished complete Type C feeds in excess of 0.3 ppm Se.","04/06/2018","06/28/2018","09/21/2018","06/20/2018","Unknown"
"Veterinary","No","","79694","Terminated","Furst-McNess Co","120 E Clark St","N/A","Freeport","IL","	61032-3328","United States","Voluntary: Firm initiated","Telephone","Product distributed to end users in AR, CO, IA, ID, IL, IN, KS, KY, LA, MN, MO, MS, ND, NE, OH, OK, SD, TN, WI, and WY","V-0217-2018","Class III","Furst-McNess Custom Ruminant 200-Z-I-R- 603710, Medicated, A mixing vitamin & mineral supplement, Manufactured by Furst-McNess Company Freeport, IL 61032","N/A","Type B feed contains 13.2 ppm Se and bears mixing directions which allow for finished complete Type C feeds in excess of 0.3 ppm Se.","04/06/2018","06/28/2018","09/21/2018","06/20/2018","Unknown"
"Veterinary","No","","79694","Terminated","Furst-McNess Co","120 E Clark St","N/A","Freeport","IL","	61032-3328","United States","Voluntary: Firm initiated","Telephone","Product distributed to end users in AR, CO, IA, ID, IL, IN, KS, KY, LA, MN, MO, MS, ND, NE, OH, OK, SD, TN, WI, and WY","V-0218-2018","Class III","Furst-McNess Custom Bova Beef Mineral 6-R-Z-X- 603739, Medicated, A mixing vitamin & mineral supplement, Manufactured by Furst-McNess Company Freeport, IL 61032","N/A","Type B feed contains 13.2 ppm Se and bears mixing directions which allow for finished complete Type C feeds in excess of 0.3 ppm Se.","04/06/2018","06/28/2018","09/21/2018","06/20/2018","Unknown"
"Veterinary","No","","79694","Terminated","Furst-McNess Co","120 E Clark St","N/A","Freeport","IL","	61032-3328","United States","Voluntary: Firm initiated","Telephone","Product distributed to end users in AR, CO, IA, ID, IL, IN, KS, KY, LA, MN, MO, MS, ND, NE, OH, OK, SD, TN, WI, and WY","V-0219-2018","Class III","Furst-McNess Custom Dairy Balancer PAK 25-R- 603768, Medicated, A protein, vitamin & mineral supplement, Manufactured by Furst-McNess Company Freeport, IL 61032","N/A","Type B feed contains 13.2 ppm Se and bears mixing directions which allow for finished complete Type C feeds in excess of 0.3 ppm Se.","04/06/2018","06/28/2018","09/21/2018","06/20/2018","Unknown"
"Veterinary","No","","79694","Terminated","Furst-McNess Co","120 E Clark St","N/A","Freeport","IL","	61032-3328","United States","Voluntary: Firm initiated","Telephone","Product distributed to end users in AR, CO, IA, ID, IL, IN, KS, KY, LA, MN, MO, MS, ND, NE, OH, OK, SD, TN, WI, and WY","V-0220-2018","Class III","Furst-McNess Custom Bulk Co-product Fortifier 0.5-R-YC- 603812, Medicated, A mixing vitamin & mineral supplement, Manufactured by Furst-McNess Company Freeport, IL 61032","N/A","Type B feed contains 13.2 ppm Se and bears mixing directions which allow for finished complete Type C feeds in excess of 0.3 ppm Se.","04/06/2018","06/28/2018","09/21/2018","06/20/2018","Unknown"
"Veterinary","No","","79694","Terminated","Furst-McNess Co","120 E Clark St","N/A","Freeport","IL","	61032-3328","United States","Voluntary: Firm initiated","Telephone","Product distributed to end users in AR, CO, IA, ID, IL, IN, KS, KY, LA, MN, MO, MS, ND, NE, OH, OK, SD, TN, WI, and WY","V-0221-2018","Class III","Furst-McNess Custom Co-product Developer-R- 603918, Medicated, A mixing vitamin & mineral supplement, Manufactured by Furst-McNess Company Freeport, IL 61032","N/A","Type B feed contains 13.2 ppm Se and bears mixing directions which allow for finished complete Type C feeds in excess of 0.3 ppm Se.","04/06/2018","06/28/2018","09/21/2018","06/20/2018","Unknown"
"Veterinary","No","","79694","Terminated","Furst-McNess Co","120 E Clark St","N/A","Freeport","IL","	61032-3328","United States","Voluntary: Firm initiated","Telephone","Product distributed to end users in AR, CO, IA, ID, IL, IN, KS, KY, LA, MN, MO, MS, ND, NE, OH, OK, SD, TN, WI, and WY","V-0222-2018","Class III","Furst-McNess Custom Pekarek Beef Developer-R- 603930, Medicated, A protein, vitamin & mineral supplement, Manufactured by Furst-McNess Company Freeport, IL 61032","N/A","Type B feed contains 13.2 ppm Se and bears mixing directions which allow for finished complete Type C feeds in excess of 0.3 ppm Se.","04/06/2018","06/28/2018","09/21/2018","06/20/2018","Unknown"
"Veterinary","No","","79694","Terminated","Furst-McNess Co","120 E Clark St","N/A","Freeport","IL","	61032-3328","United States","Voluntary: Firm initiated","Telephone","Product distributed to end users in AR, CO, IA, ID, IL, IN, KS, KY, LA, MN, MO, MS, ND, NE, OH, OK, SD, TN, WI, and WY","V-0223-2018","Class III","Furst-McNess Custom Co-product Fortifier 0.5-AF-R- 603940, Medicated, A mixing vitamin & mineral supplement, Manufactured by Furst-McNess Company Freeport, IL 61032","N/A","Type B feed contains 13.2 ppm Se and bears mixing directions which allow for finished complete Type C feeds in excess of 0.3 ppm Se.","04/06/2018","06/28/2018","09/21/2018","06/20/2018","Unknown"
"Veterinary","No","","79694","Terminated","Furst-McNess Co","120 E Clark St","N/A","Freeport","IL","	61032-3328","United States","Voluntary: Firm initiated","Telephone","Product distributed to end users in AR, CO, IA, ID, IL, IN, KS, KY, LA, MN, MO, MS, ND, NE, OH, OK, SD, TN, WI, and WY","V-0224-2018","Class III","Furst-McNess Custom Dairy Heifer Premix-R-Urea- 603948, Medicated, A protein, vitamin & mineral supplement, Manufactured by Furst-McNess Company Freeport, IL 61032","N/A","Type B feed contains 13.2 ppm Se and bears mixing directions which allow for finished complete Type C feeds in excess of 0.3 ppm Se.","04/06/2018","06/28/2018","09/21/2018","06/20/2018","Unknown"
"Veterinary","No","","79694","Terminated","Furst-McNess Co","120 E Clark St","N/A","Freeport","IL","	61032-3328","United States","Voluntary: Firm initiated","Telephone","Product distributed to end users in AR, CO, IA, ID, IL, IN, KS, KY, LA, MN, MO, MS, ND, NE, OH, OK, SD, TN, WI, and WY","V-0225-2018","Class III","Furst-McNess Custom Co-Product Fortifier-R- 603965, Medicated, A mixing vitamin & mineral supplement, Manufactured by Furst-McNess Company Freeport, IL 61032","N/A","Type B feed contains 13.2 ppm Se and bears mixing directions which allow for finished complete Type C feeds in excess of 0.3 ppm Se.","04/06/2018","06/28/2018","09/21/2018","06/20/2018","Unknown"
"Veterinary","No","","79694","Terminated","Furst-McNess Co","120 E Clark St","N/A","Freeport","IL","	61032-3328","United States","Voluntary: Firm initiated","Telephone","Product distributed to end users in AR, CO, IA, ID, IL, IN, KS, KY, LA, MN, MO, MS, ND, NE, OH, OK, SD, TN, WI, and WY","V-0226-2018","Class III","Furst-McNess Custom Dairy Premix-R-Fly 604032, Medicated, A vitamin & mineral supplement, Manufactured by Furst-McNess Company Freeport, IL 61032","N/A","Type B feed contains 13.2 ppm Se and bears mixing directions which allow for finished complete Type C feeds in excess of 0.3 ppm Se.","04/06/2018","06/28/2018","09/21/2018","06/20/2018","Unknown"
"Veterinary","No","","79694","Terminated","Furst-McNess Co","120 E Clark St","N/A","Freeport","IL","	61032-3328","United States","Voluntary: Firm initiated","Telephone","Product distributed to end users in AR, CO, IA, ID, IL, IN, KS, KY, LA, MN, MO, MS, ND, NE, OH, OK, SD, TN, WI, and WY","V-0227-2018","Class III","Furst-McNess Custom Ultimate Force Premier Fort-R-Heat 604036, Medicated, A mixing vitamin & mineral supplement, Manufactured by Furst-McNess Company Freeport, IL 61032","N/A","Type B feed contains 13.2 ppm Se and bears mixing directions which allow for finished complete Type C feeds in excess of 0.3 ppm Se.","04/06/2018","06/28/2018","09/21/2018","06/20/2018","Unknown"
"Veterinary","No","","79694","Terminated","Furst-McNess Co","120 E Clark St","N/A","Freeport","IL","	61032-3328","United States","Voluntary: Firm initiated","Telephone","Product distributed to end users in AR, CO, IA, ID, IL, IN, KS, KY, LA, MN, MO, MS, ND, NE, OH, OK, SD, TN, WI, and WY","V-0228-2018","Class III","Furst-McNess Custom Co-Product Fortifier 0.4-R325- 604055, Medicated, A mixing vitamin & mineral supplement, Manufactured by Furst-McNess Company Freeport, IL 61032","N/A","Type B feed contains 13.2 ppm Se and bears mixing directions which allow for finished complete Type C feeds in excess of 0.3 ppm Se.","04/06/2018","06/28/2018","09/21/2018","06/20/2018","Unknown"
"Veterinary","No","","79694","Terminated","Furst-McNess Co","120 E Clark St","N/A","Freeport","IL","	61032-3328","United States","Voluntary: Firm initiated","Telephone","Product distributed to end users in AR, CO, IA, ID, IL, IN, KS, KY, LA, MN, MO, MS, ND, NE, OH, OK, SD, TN, WI, and WY","V-0229-2018","Class III","Furst-McNess Custom Dairy Blend-Equalize-R- 604065, Medicated, A protein, vitamin & mineral supplement, Manufactured by Furst-McNess Company Freeport, IL 61032","N/A","Type B feed contains 13.2 ppm Se and bears mixing directions which allow for finished complete Type C feeds in excess of 0.3 ppm Se.","04/06/2018","06/28/2018","09/21/2018","06/20/2018","Unknown"
"Veterinary","No","","79694","Terminated","Furst-McNess Co","120 E Clark St","N/A","Freeport","IL","	61032-3328","United States","Voluntary: Firm initiated","Telephone","Product distributed to end users in AR, CO, IA, ID, IL, IN, KS, KY, LA, MN, MO, MS, ND, NE, OH, OK, SD, TN, WI, and WY","V-0230-2018","Class III","Furst-McNess Custom Bulk Chapman Dairy Base-R- 604076, Medicated, A protein, vitamin & mineral supplement, Manufactured by Furst-McNess Company Freeport, IL 61032","N/A","Type B feed contains 13.2 ppm Se and bears mixing directions which allow for finished complete Type C feeds in excess of 0.3 ppm Se.","04/06/2018","06/28/2018","09/21/2018","06/20/2018","Unknown"
"Veterinary","No","","79694","Terminated","Furst-McNess Co","120 E Clark St","N/A","Freeport","IL","	61032-3328","United States","Voluntary: Firm initiated","Telephone","Product distributed to end users in AR, CO, IA, ID, IL, IN, KS, KY, LA, MN, MO, MS, ND, NE, OH, OK, SD, TN, WI, and WY","V-0231-2018","Class III","Furst-McNess Custom Co-Product Fortifier 0.5-R300-Fly- 604167, Medicated, A mixing vitamin & mineral supplement, Manufactured by Furst-McNess Company Freeport, IL 61032","N/A","Type B feed contains 13.2 ppm Se and bears mixing directions which allow for finished complete Type C feeds in excess of 0.3 ppm Se.","04/06/2018","06/28/2018","09/21/2018","06/20/2018","Unknown"
"Veterinary","No","","79694","Terminated","Furst-McNess Co","120 E Clark St","N/A","Freeport","IL","	61032-3328","United States","Voluntary: Firm initiated","Telephone","Product distributed to end users in AR, CO, IA, ID, IL, IN, KS, KY, LA, MN, MO, MS, ND, NE, OH, OK, SD, TN, WI, and WY","V-0232-2018","Class III","Furst-McNess Custom Force Premier Mate 52-R- 604206, Medicated, A protein, vitamin & mineral supplement, Manufactured by Furst-McNess Company Freeport, IL 61032","N/A","Type B feed contains 13.2 ppm Se and bears mixing directions which allow for finished complete Type C feeds in excess of 0.3 ppm Se.","04/06/2018","06/28/2018","09/21/2018","06/20/2018","Unknown"
"Veterinary","No","","79694","Terminated","Furst-McNess Co","120 E Clark St","N/A","Freeport","IL","	61032-3328","United States","Voluntary: Firm initiated","Telephone","Product distributed to end users in AR, CO, IA, ID, IL, IN, KS, KY, LA, MN, MO, MS, ND, NE, OH, OK, SD, TN, WI, and WY","V-0233-2018","Class III","Furst-McNess Custom Transition Dairy PMX EQ Plus-R- 604207, Medicated, A protein, vitamin & mineral supplement, Manufactured by Furst-McNess Company Freeport, IL 61032","N/A","Type B feed contains 13.2 ppm Se and bears mixing directions which allow for finished complete Type C feeds in excess of 0.3 ppm Se.","04/06/2018","06/28/2018","09/21/2018","06/20/2018","Unknown"
"Veterinary","No","","79694","Terminated","Furst-McNess Co","120 E Clark St","N/A","Freeport","IL","	61032-3328","United States","Voluntary: Firm initiated","Telephone","Product distributed to end users in AR, CO, IA, ID, IL, IN, KS, KY, LA, MN, MO, MS, ND, NE, OH, OK, SD, TN, WI, and WY","V-0234-2018","Class III","Furst-McNess Custom Close-up Mineral-R-Animate- 604217, Medicated, A protein, vitamin & mineral supplement, Manufactured by Furst-McNess Company Freeport, IL 61032","N/A","Type B feed contains 13.2 ppm Se and bears mixing directions which allow for finished complete Type C feeds in excess of 0.3 ppm Se.","04/06/2018","06/28/2018","09/21/2018","06/20/2018","Unknown"
"Veterinary","No","","79694","Terminated","Furst-McNess Co","120 E Clark St","N/A","Freeport","IL","	61032-3328","United States","Voluntary: Firm initiated","Telephone","Product distributed to end users in AR, CO, IA, ID, IL, IN, KS, KY, LA, MN, MO, MS, ND, NE, OH, OK, SD, TN, WI, and WY","V-0235-2018","Class III","Furst-McNess Custom Ultimate Force Premier Fort-R-YC- 604221, Medicated, A mixing vitamin & mineral supplement, Manufactured by Furst-McNess Company Freeport, IL 61032","N/A","Type B feed contains 13.2 ppm Se and bears mixing directions which allow for finished complete Type C feeds in excess of 0.3 ppm Se.","04/06/2018","06/28/2018","09/21/2018","06/20/2018","Unknown"
"Veterinary","No","","79694","Terminated","Furst-McNess Co","120 E Clark St","N/A","Freeport","IL","	61032-3328","United States","Voluntary: Firm initiated","Telephone","Product distributed to end users in AR, CO, IA, ID, IL, IN, KS, KY, LA, MN, MO, MS, ND, NE, OH, OK, SD, TN, WI, and WY","V-0236-2018","Class III","Furst-McNess Custom Ultimate Force Premier Fort-R-YC-15- 604230, Medicated, A mixing vitamin & mineral supplement, Manufactured by Furst-McNess Company Freeport, IL 61032","N/A","Type B feed contains 13.2 ppm Se and bears mixing directions which allow for finished complete Type C feeds in excess of 0.3 ppm Se.","04/06/2018","06/28/2018","09/21/2018","06/20/2018","Unknown"
"Veterinary","No","","79694","Terminated","Furst-McNess Co","120 E Clark St","N/A","Freeport","IL","	61032-3328","United States","Voluntary: Firm initiated","Telephone","Product distributed to end users in AR, CO, IA, ID, IL, IN, KS, KY, LA, MN, MO, MS, ND, NE, OH, OK, SD, TN, WI, and WY","V-0237-2018","Class III","Furst-McNess Custom Dairy Blend-R- 604234, Medicated, A vitamin & mineral supplement, Manufactured by Furst-McNess Company Freeport, IL 61032","N/A","Type B feed contains 13.2 ppm Se and bears mixing directions which allow for finished complete Type C feeds in excess of 0.3 ppm Se.","04/06/2018","06/28/2018","09/21/2018","06/20/2018","Unknown"
"Veterinary","No","","79694","Terminated","Furst-McNess Co","120 E Clark St","N/A","Freeport","IL","	61032-3328","United States","Voluntary: Firm initiated","Telephone","Product distributed to end users in AR, CO, IA, ID, IL, IN, KS, KY, LA, MN, MO, MS, ND, NE, OH, OK, SD, TN, WI, and WY","V-0238-2018","Class III","Furst-McNess Custom Beef Mineral-ZnCu-R-12% Salt- 604236, Medicated, A mixing vitamin & mineral supplement, Manufactured by Furst-McNess Company Freeport, IL 61032","N/A","Type B feed contains 13.2 ppm Se and bears mixing directions which allow for finished complete Type C feeds in excess of 0.3 ppm Se.","04/06/2018","06/28/2018","09/21/2018","06/20/2018","Unknown"
"Veterinary","No","","79694","Terminated","Furst-McNess Co","120 E Clark St","N/A","Freeport","IL","	61032-3328","United States","Voluntary: Firm initiated","Telephone","Product distributed to end users in AR, CO, IA, ID, IL, IN, KS, KY, LA, MN, MO, MS, ND, NE, OH, OK, SD, TN, WI, and WY","V-0239-2018","Class III","Furst-McNess Custom Beef Mineral-R-AF-Bieber- 604257, Medicated, A protein, vitamin & mineral supplement, Manufactured by Furst-McNess Company Freeport, IL 61032","N/A","Type B feed contains 13.2 ppm Se and bears mixing directions which allow for finished complete Type C feeds in excess of 0.3 ppm Se.","04/06/2018","06/28/2018","09/21/2018","06/20/2018","Unknown"
"Veterinary","No","","79694","Terminated","Furst-McNess Co","120 E Clark St","N/A","Freeport","IL","	61032-3328","United States","Voluntary: Firm initiated","Telephone","Product distributed to end users in AR, CO, IA, ID, IL, IN, KS, KY, LA, MN, MO, MS, ND, NE, OH, OK, SD, TN, WI, and WY","V-0240-2018","Class III","Furst-McNess Custom Feedlot Heifer Premix R-NS- 604261, Medicated, A mixing vitamin & mineral supplement, Manufactured by Furst-McNess Company Freeport, IL 61032","N/A","Type B feed contains 13.2 ppm Se and bears mixing directions which allow for finished complete Type C feeds in excess of 0.3 ppm Se.","04/06/2018","06/28/2018","09/21/2018","06/20/2018","Unknown"
"Veterinary","No","","79694","Terminated","Furst-McNess Co","120 E Clark St","N/A","Freeport","IL","	61032-3328","United States","Voluntary: Firm initiated","Telephone","Product distributed to end users in AR, CO, IA, ID, IL, IN, KS, KY, LA, MN, MO, MS, ND, NE, OH, OK, SD, TN, WI, and WY","V-0241-2018","Class III","Furst-McNess Custom Bulk Co-Product Fortifier 0.5-R300-Zn-YC- 604266, Medicated, A mixing vitamin & mineral supplement, Manufactured by Furst-McNess Company Freeport, IL 61032","N/A","Type B feed contains 13.2 ppm Se and bears mixing directions which allow for finished complete Type C feeds in excess of 0.3 ppm Se.","04/06/2018","06/28/2018","09/21/2018","06/20/2018","Unknown"
"Veterinary","No","","79694","Terminated","Furst-McNess Co","120 E Clark St","N/A","Freeport","IL","	61032-3328","United States","Voluntary: Firm initiated","Telephone","Product distributed to end users in AR, CO, IA, ID, IL, IN, KS, KY, LA, MN, MO, MS, ND, NE, OH, OK, SD, TN, WI, and WY","V-0242-2018","Class III","Furst-McNess Custom Bulk Co-Product Fortifier 0.5-YC- 604267, Medicated, A mixing vitamin & mineral supplement, Manufactured by Furst-McNess Company Freeport, IL 61032","N/A","Type B feed contains 13.2 ppm Se and bears mixing directions which allow for finished complete Type C feeds in excess of 0.3 ppm Se.","04/06/2018","06/28/2018","09/21/2018","06/20/2018","Unknown"
"Veterinary","No","","79694","Terminated","Furst-McNess Co","120 E Clark St","N/A","Freeport","IL","	61032-3328","United States","Voluntary: Firm initiated","Telephone","Product distributed to end users in AR, CO, IA, ID, IL, IN, KS, KY, LA, MN, MO, MS, ND, NE, OH, OK, SD, TN, WI, and WY","V-0243-2018","Class III","Furst-McNess Custom Bulk Ultimate Force Premier Fortifier-R-YC- 604268, Medicated, A mixing vitamin & mineral supplement, Manufactured by Furst-McNess Company Freeport, IL 61032","N/A","Type B feed contains 13.2 ppm Se and bears mixing directions which allow for finished complete Type C feeds in excess of 0.3 ppm Se.","04/06/2018","06/28/2018","09/21/2018","06/20/2018","Unknown"
"Veterinary","No","","79694","Terminated","Furst-McNess Co","120 E Clark St","N/A","Freeport","IL","	61032-3328","United States","Voluntary: Firm initiated","Telephone","Product distributed to end users in AR, CO, IA, ID, IL, IN, KS, KY, LA, MN, MO, MS, ND, NE, OH, OK, SD, TN, WI, and WY","V-0244-2018","Class III","Furst-McNess Custom Bulk Ultimate Force Premier Fort-R-YC-15 604272, Medicated, A mixing vitamin & mineral supplement, Manufactured by Furst-McNess Company Freeport, IL 61032","N/A","Type B feed contains 13.2 ppm Se and bears mixing directions which allow for finished complete Type C feeds in excess of 0.3 ppm Se.","04/06/2018","06/28/2018","09/21/2018","06/20/2018","Unknown"
"Veterinary","No","","79694","Terminated","Furst-McNess Co","120 E Clark St","N/A","Freeport","IL","	61032-3328","United States","Voluntary: Firm initiated","Telephone","Product distributed to end users in AR, CO, IA, ID, IL, IN, KS, KY, LA, MN, MO, MS, ND, NE, OH, OK, SD, TN, WI, and WY","V-0245-2018","Class III","Furst-McNess Custom Co-Product Fortifier 0.5-R300-YC- 604273, Medicated, A mixing vitamin & mineral supplement, Manufactured by Furst-McNess Company Freeport, IL 61032","N/A","Type B feed contains 13.2 ppm Se and bears mixing directions which allow for finished complete Type C feeds in excess of 0.3 ppm Se.","04/06/2018","06/28/2018","09/21/2018","06/20/2018","Unknown"
"Veterinary","No","","79694","Terminated","Furst-McNess Co","120 E Clark St","N/A","Freeport","IL","	61032-3328","United States","Voluntary: Firm initiated","Telephone","Product distributed to end users in AR, CO, IA, ID, IL, IN, KS, KY, LA, MN, MO, MS, ND, NE, OH, OK, SD, TN, WI, and WY","V-0246-2018","Class III","Furst-McNess Custom Co-Product Fort 0.5-R300-YC20- 604280, Medicated, A mixing vitamin & mineral supplement, Manufactured by Furst-McNess Company Freeport, IL 61032","N/A","Type B feed contains 13.2 ppm Se and bears mixing directions which allow for finished complete Type C feeds in excess of 0.3 ppm Se.","04/06/2018","06/28/2018","09/21/2018","06/20/2018","Unknown"
"Veterinary","No","","79694","Terminated","Furst-McNess Co","120 E Clark St","N/A","Freeport","IL","	61032-3328","United States","Voluntary: Firm initiated","Telephone","Product distributed to end users in AR, CO, IA, ID, IL, IN, KS, KY, LA, MN, MO, MS, ND, NE, OH, OK, SD, TN, WI, and WY","V-0247-2018","Class III","Furst-McNess Custom Bulk Ultimate Force Premier Fortifier-R- 587141, Medicated, A mixing vitamin & mineral supplement, Manufactured by Furst-McNess Company Freeport, IL 61032","N/A","Type B feed contains 13.2 ppm Se and bears mixing directions which allow for finished complete Type C feeds in excess of 0.3 ppm Se.","04/06/2018","06/28/2018","09/21/2018","06/20/2018","Unknown"
"Veterinary","No","","79694","Terminated","Furst-McNess Co","120 E Clark St","N/A","Freeport","IL","	61032-3328","United States","Voluntary: Firm initiated","Telephone","Product distributed to end users in AR, CO, IA, ID, IL, IN, KS, KY, LA, MN, MO, MS, ND, NE, OH, OK, SD, TN, WI, and WY","V-0248-2018","Class III","Furst-McNess Custom Tote Dairy Blend-R-Rabon 103463, Medicated, A protein, vitamin & mineral supplement, Manufactured by Furst-McNess Company Freeport, IL 61032","N/A","Type B feed contains 13.2 ppm Se and bears mixing directions which allow for finished complete Type C feeds in excess of 0.3 ppm Se.","04/06/2018","06/28/2018","09/21/2018","06/20/2018","Unknown"
"Veterinary","No","","80170","Terminated","Farmers Ranchers Coop Assn","102 S Main St","N/A","Ainsworth","NE","	69210-1358","United States","Voluntary: Firm initiated","Telephone","Retail customers in Nebraska","V-0251-2018","Class III","Western Choice, Pig Grow/Finish 95 PLT, Manufactured for Farmers Coop, Gordon, NE, 50 lb Net Weight","N/A","A routine sample collected by the Nebraska Department of Agriculture found chlortetracycline at a level of 57 g/ton in a product labeled to be an unmedicated swine feed.","05/22/2018","07/05/2018","08/21/2018","06/20/2018","Lot # 112217"
"Veterinary","No","08/01/2018","80325","Terminated","Smiths Medical ASD Inc.","6000 Nathan Ln N","N/A","Minneapolis","MN","	55442-1690","United States","Voluntary: Firm initiated","Letter","Distribution was made to AZ, CA, CT, GA, HI, ID, IL, IN, MA, MD, MN, MO, NC, NJ, NY, OH, PA, TX, VA, WA, and WI.  There was no government distribution but there was military distribution.  Foreign distribution was made to Canada, China, Colombia, Germany, Japan, Switzerland, and United Kingdom.","V-0278-2018","Class III","SurgiVet Advisor Monitor Vital Signs Monitor System, Models V9200P, V9201P, V9204, V9204EU, and V9204UK.  (The model number differences designate whether certain functions have been installed.)  ","264 devices","Some printing modes on the devices may not function properly (tabular data printing, real-time continuous printouts, and automatic interrupt print feature).","12/08/2017","08/01/2018","08/06/2018","07/11/2018","Model V9200P - Serial numbers 4061957, 4066409, 4066410, 4055501, 4061955, 4064238, 4067896, 4055502, 4055503, 4060265, 4061956, 4061958, 4061959, 4064687, 4064688, 4065634, 4065635, 4066411, 4067894, 4067895, 4067897, and 4069081.    Model V9201P - Serial numbers 4061521, 4061522, 4067313, 4068755, 4068756, and 4068757.    Model V9204 - Serial numbers 4069308, 4058178, 4065972, 4061525, 4056066, 4061638, 4068671, 4068677, 4069554, 4069555, 4069556, 4065971, 4056059, 4065054, 4065055, 4065056, 4065057, 4065058, 4065059, 4065060, 4065061, 4065403, 4065404, 4058146, 4065405, 4063315, 4058145, 4061632, 4061590, 4069051, 4069052, 4069053, 4069054, 4056065, 4069551, 4065398, 4065399, 4065400, 4065401, 4065402, 4056062, 4069309, 4062229, 4062872,   4062881, 4064485, 4065052, 4065053, 4065963, 4065964, 4065965, 4065966,   4066864, 4066865, 4066866, 4066867, 4067998, 4069553, 4070978, 4070979, 4070980, 4070981, 4062880, 4069550, 4058139, 4058143, 4058179, 4058181, 4058182, 4058184, 4058185, 4058794, 4058796, 4058797, 4058798, 4058799,   4058800, 4061585, 4061586, 4061587, 4068773, 4068774, 4068775, 4068776, 4068777, 4068778, 4068779, 4068780, 4068781, 4068782, 4061528, 4061853,   4062233, 4062234, 4062235, 4066860, 4065397, 4067997, 4055837, 4055839,   4056058, 4056063, 4056064, 4056067, 4058137, 4058138, 4058142, 4058791,   4058792, 4058793, 4058795, 4061523, 4061527, 4061529, 4061530, 4061531,   4061532, 4061588, 4061589, 4061591, 4061592, 4061593, 4061594, 4061633,   4061634, 4061635, 4061636, 4061637, 4061639, 4061640, 4061641, 4061855,   4061856, 4062228, 4062230, 4062231, 4062232, 4062236, 4062873, 4062874, 4062876, 4062877, 4062878, 4062879, 4063316, 4063317, 4063318, 4063319, 4063320, 4063321, 4063322, 4063323, 4063324, 4064482, 4064483, 4064484, 4064487, 4064488, 4064489, 4064490, 4064491, 4065968, 4065969, 4065970,   4066857, 4066858, 4066861, 4066862, 4066863, 4066868, 4066869, 4066870, 4066871, 4066872, 4066873, 4066874, 4066875, 4066876, 4067386, 4067387, 4067388, 4067390, 4067391, 4067392, 4067393, 4067394, 4067395, 4067999,   4068000, 4068001, 4068002, 4068003, 4068004, 4068005, 4068006, 4068668,   4068669, 4068670, 4068672, 4068673, 4068674, 4068675, 4068676, 4069050,   4069306, 4069307, 4069310, 4069311, 4069312, 4069313, 4069314, 4069315,   4069548, 4069552, 4069557, 4070310, 4062875, 4055842, 4056061, 4069549,   4061854, 4061526, and 4061857.  .  Model V9204EU - Serial numbers 4056096, 4056097, 4056427, 4056428, 4056429, 4056430, 4056431, 4056432, 4066659, 4062871, and 4062870.    Model V9204UK - Serial numbers 4062957 and 4064505."
"Veterinary","No","08/10/2018","80455","Terminated","Radagast Pet Food Inc.","3617 SE 17th Ave","N/A","Portland","OR","	97202-3831","United States","Voluntary: Firm initiated","Two or more of the following: Email, Fax, Letter, Press Release, Telephone, Visit","Nationwide and to Canada, 13 US pet food distributors at 18 warehouse locations and one Canadian distributor","V-0279-2018","Class I","Rad Cat Raw Diet Free-Range Chicken Recipe, packaged in plastic tubs.  Product has the following UPCs:  UPC 8 51536 00103 6 - 8oz tub, UPC 8 51536 00104 3 - 16oz tub, UPC 8 51536 00105 0 - 24oz tub","Lot 63057: 1272 (8 oz.), 900 (16 oz), 2340 (24 oz.); Lot 63069: 1565 (8oz), 1260 (16 oz), 1080 (24 oz); Lot 63076: 837 (8oz), 1380 (16oz), 1800 (24oz)","Rad Cat Raw Diet Free-Range Chicken Recipe is recalled because it has the potential to be contaminated with Listeria monocytogenes.","07/06/2018","08/10/2018","09/20/2018","07/25/2018","Lot 63057 BB Date: 10/9/2019; Lot 63069 BB Date: 10/23/2019; Lot 63076 BB Date: 10/31/2019"
"Veterinary","No","08/10/2018","80455","Terminated","Radagast Pet Food Inc.","3617 SE 17th Ave","N/A","Portland","OR","	97202-3831","United States","Voluntary: Firm initiated","Two or more of the following: Email, Fax, Letter, Press Release, Telephone, Visit","Nationwide and to Canada, 13 US pet food distributors at 18 warehouse locations and one Canadian distributor","V-0280-2018","Class I","Rad Cat Raw Diet Pasture-Raised Venison Recipe, packaged in plastic tubs.  Product has the following UPCs:  UPC 8 51536 00121 0 - 8oz tub,  UPC 8 51536 00122 7 - 16oz tub, UPC 8 51536 00123 4 - 24oz tub;  1oz Samples","758 (8 oz), 600 (16 oz), 3120 (24 oz), 540 (1 oz samples)","Rad Cat Raw Diet Pasture-Raised Venison Recipe is recalled because it has the potential to be contaminated with shiga-toxin producing Escherichia coli O121 (STEC).","07/06/2018","08/10/2018","09/20/2018","07/25/2018","Lot 63063 BB Date: 10/15/2019"
"Veterinary","No","12/20/2018","80683","Terminated","G & C Raw, LLC","225 N West St","N/A","Versailles","OH","	45380-1359","United States","Voluntary: Firm initiated","E-Mail","Product distributed to individual consumers in: OH, MI, IN, PA, KY, NC, SC, GA","V-0049-2019","Class I","Ground Lamb Dog Food packaged in clear plastic containers","N/A","Positive for Listeria monocytogenes","07/30/2018","12/20/2018","12/20/2019","10/31/2018","All products with lot numbers that end in 022718 through 072018."
"Veterinary","No","12/20/2018","80683","Terminated","G & C Raw, LLC","225 N West St","N/A","Versailles","OH","	45380-1359","United States","Voluntary: Firm initiated","E-Mail","Product distributed to individual consumers in: OH, MI, IN, PA, KY, NC, SC, GA","V-0050-2019","Class I","Ground Lamb Dog Food packaged in clear plastic containers","N/A","Positive for Listeria monocytogenes","07/30/2018","12/20/2018","12/20/2019","10/31/2018","All products with lot numbers that end in 022718 through 072018."
"Veterinary","No","08/27/2018","80792","Terminated","Ranier's Compounding Laboratory","1107 Lowry Ave","N/A","Jeannette","PA","	15644-3030","United States","Voluntary: Firm initiated","Letter","Prescriptions were dispensed only in Pennsylvania","V-0281-2018","Class II","0.03% Tacrolimus Ophthalmic drops, packaged in a 5 mL sterile droptainer","10 mL","Practices at firm may pose a significant contamination risk to products intended to be sterile.","07/27/2018","08/27/2018","09/01/2022","08/22/2018","Lot # 062218-1, expires on 8/21/2018;   Lot # 070318-3, expires on 9/01/2018"
"Veterinary","No","08/27/2018","80792","Terminated","Ranier's Compounding Laboratory","1107 Lowry Ave","N/A","Jeannette","PA","	15644-3030","United States","Voluntary: Firm initiated","Letter","Prescriptions were dispensed only in Pennsylvania","V-0282-2018","Class II","1 % Cyclosporine Ophthalmic drops, packaged in 5 mL or 10 mL sterile droptainers","15 mL","Practices at firm may pose a significant contamination risk to products intended to be sterile.","07/27/2018","08/27/2018","09/01/2022","08/22/2018","Lot # 070218-2, expires on 8/31/2018;   Lot # 070218-3, expires on 08/31/2018"
"Veterinary","No","12/20/2018","80683","Terminated","G & C Raw, LLC","225 N West St","N/A","Versailles","OH","	45380-1359","United States","Voluntary: Firm initiated","E-Mail","Product distributed to individual consumers in: OH, MI, IN, PA, KY, NC, SC, GA","V-0051-2019","Class I","Turkey Veggie Mix Dog Food packaged in clear plastic containers","N/A","positive for Listeria monocytogenes","07/30/2018","12/20/2018","12/20/2019","10/31/2018","All products with lot numbers that end in 022718 through 072018."
"Veterinary","No","12/20/2018","80683","Terminated","G & C Raw, LLC","225 N West St","N/A","Versailles","OH","	45380-1359","United States","Voluntary: Firm initiated","E-Mail","Product distributed to individual consumers in: OH, MI, IN, PA, KY, NC, SC, GA","V-0052-2019","Class I","Lamb Veggie Mix Dog Food packaged in clear plastic containers","N/A","positive for Listeria monocytogenes","07/30/2018","12/20/2018","12/20/2019","10/31/2018","All products with lot numbers that end in 022718 through 072018."
"Veterinary","No","09/18/2018","80817","Terminated","Med-Pharmex, Inc.","2727 Thompson Creek Rd","N/A","Pomona","CA","	91767-1861","United States","Voluntary: Firm initiated","Letter","Products were distributed in CA, MO, CO, NY, and MS.","V-0284-2018","Class II","Mometavet Otic Suspension 15g bottle, 7.5 g bottle and 30 g bottle, polyethylene bottles in paper boxes, packed in paper cartons, shipped in cardboard boxes.    Labeler- Med-Pharmex, Inc: Mometavet Otic Suspension  Labeler - Patterson Veterinary: PattOtic Otic Suspension  Labeler - Vedco: Malmetazone Otic Suspension  Labeler - Phoenix: Mometavet Otic Suspension  Each gram contains gentamicin sulfate, USP equivalent to 3mg gentamicin basze; mometasone furoate anhydrous, USP equivalent to 1 mg mometasone; and 10 mg clotrimazole, USP.","103,486 bottles","Packaging defect that may cause leaking of the product through the applicator cap.","08/09/2018","09/18/2018","12/18/2019","09/12/2018","Lot # H7561, Mfg. date 05/11/2018, exp. date 05/2020  Lot # H7573, Mfg. date 05/18/2018, exp. date 05/2020  Lot # H7597, Mfg. date 06/01/2018, exp. date 06/2020  Lot # H7663, Mfg. date 07/12/2018, exp. date 07/2020"
"Veterinary","No","10/22/2018","80859","Terminated","Radagast Pet Food Inc","3617 SE 17th Ave","N/A","Portland","OR","	97202-3831","United States","Voluntary: Firm initiated","Two or more of the following: Email, Fax, Letter, Press Release, Telephone, Visit","distributed in AZ, CA, CO, FL, GA, IL, KS, MD, MI, MN, NY, OH, PA, RI, TX, WA  and CANADA.","V-0005-2019","Class I","Rad Cat Raw Diet Free-Range Chicken, packaged in plastic tubs including 8 oz tubs with UPC 851536001036, 16 oz tubs with UPC 851536001043, 24 oz tubs with UPC 851536001050, and 1 oz samples  ","71683/8 oz pkgs; 76563/16 oz. pkgs.; 211464/24 oz. pkgs; 15288/1 oz sample pkgs.","Radagast Pet Food, Inc. of Portland, OR is expanding its voluntary recall to include an additional quantity of Rad Cat Raw Diet across all varieties with the Best By dates of 10/19/18 through 12/3/19 because it has the potential to be contaminated with Listeria monocytogenes.","08/21/2018","10/22/2018","11/20/2018","09/12/2018","Lot Number 62763 through and including Lot Number 63101.    These Lots have Best By (BB) dates of 10/19/18 through 12/3/19."
"Veterinary","No","09/18/2018","80929","Terminated","Bimeda, Inc.","291 Forest Prairie Rd","N/A","Le Sueur","MN","	56058-4520","United States","Voluntary: Firm initiated","Letter","CO, MO, OH, ID, MA, KS, FL","V-0285-2018","Class II","Griseofulvin Powder (microsize) For Oral Use In Horses, packaged in pre-printed pouches with Net Weight of 15 grams and Product No. 1GRI001  Contains 2.5 g Active Ingredient, Bimeda, Inc, One Tower Lane, Oakbrook Terrace, IL 60181. NDC: 61133-5434-1","10,050 pouches","Griseofulvic Acid (specification is NMT 1.0%) and Single Unknown Impurity (specification is NMT 0.10%) results were above the specification limits, with results of 1.2% and 0.18%, respectively.","08/24/2018","09/18/2018","06/26/2020","09/19/2018","Lot 54340006, exp 09/2018;"
"Veterinary","No","10/22/2018","80859","Terminated","Radagast Pet Food Inc","3617 SE 17th Ave","N/A","Portland","OR","	97202-3831","United States","Voluntary: Firm initiated","Two or more of the following: Email, Fax, Letter, Press Release, Telephone, Visit","distributed in AZ, CA, CO, FL, GA, IL, KS, MD, MI, MN, NY, OH, PA, RI, TX, WA  and CANADA.","V-0006-2019","Class I","Rad Cat Raw Diet Free-Range Turkey Recipe, packaged in plastic tubs including 8 oz tubs with UPC 8515360010005, 16 oz tubs with UPC 851536001012, 24 oz tubs with UPC 851536001029, and 1 oz samples.","57576/8 oz pkgs; 70048/16 oz. pkgs.; 198249/24 oz. pkgs; 16178/1 oz sample pkgs.","Radagast Pet Food, Inc. of Portland, OR is expanding its voluntary recall to include an additional quantity of Rad Cat Raw Diet across all varieties with the Best By dates of 10/19/18 through 12/3/19 because it has the potential to be contaminated with Listeria monocytogenes.","08/21/2018","10/22/2018","11/20/2018","09/12/2018","Lot Number 62763 through and including Lot Number 63101.    These Lots have Best By (BB) dates of 10/19/18 through 12/3/19."
"Veterinary","No","10/22/2018","80859","Terminated","Radagast Pet Food Inc","3617 SE 17th Ave","N/A","Portland","OR","	97202-3831","United States","Voluntary: Firm initiated","Two or more of the following: Email, Fax, Letter, Press Release, Telephone, Visit","distributed in AZ, CA, CO, FL, GA, IL, KS, MD, MI, MN, NY, OH, PA, RI, TX, WA  and CANADA.","V-0007-2019","Class I","Rad Cat Raw Diet Grass-Fed Beef Recipe, packaged in plastic tubs including 8 oz tubs with UPC 851536001241, 16 oz tubs with UPC 851536001258, 24 oz tubs with UPC 851536001265, and 1 oz samples.","20685/8 oz pkgs; 15266/16 oz. pkgs.; 31359/24 oz. pkgs; 15662/1 oz sample pkgs.","Radagast Pet Food, Inc. of Portland, OR is expanding its voluntary recall to include an additional quantity of Rad Cat Raw Diet across all varieties with the Best By dates of 10/19/18 through 12/3/19 because it has the potential to be contaminated with Listeria monocytogenes.","08/21/2018","10/22/2018","11/20/2018","09/12/2018","Lot Number 62763 through and including Lot Number 63101.    These Lots have Best By (BB) dates of 10/19/18 through 12/3/19."
"Veterinary","No","10/22/2018","80859","Terminated","Radagast Pet Food Inc","3617 SE 17th Ave","N/A","Portland","OR","	97202-3831","United States","Voluntary: Firm initiated","Two or more of the following: Email, Fax, Letter, Press Release, Telephone, Visit","distributed in AZ, CA, CO, FL, GA, IL, KS, MD, MI, MN, NY, OH, PA, RI, TX, WA  and CANADA.","V-0008-2019","Class I","Rad Cat Raw Diet Pasture-Raised Lamb Recipe, packaged in plastic tubs including 8 oz tubs with UPC 851536001067, 16 oz tubs with UPC 851536001074, 24 oz tubs with UPC 851536001081, and 1 oz samples.","24092/8 oz pkgs; 14927/16 oz. pkgs.; 30951/24 oz. pkgs; 15750/1 oz sample pkgs.","Radagast Pet Food, Inc. of Portland, OR is expanding its voluntary recall to include an additional quantity of Rad Cat Raw Diet across all varieties with the Best By dates of 10/19/18 through 12/3/19 because it has the potential to be contaminated with Listeria monocytogenes.","08/21/2018","10/22/2018","11/20/2018","09/12/2018","Lot Number 62763 through and including Lot Number 63101.    These Lots have Best By (BB) dates of 10/19/18 through 12/3/19."
"Veterinary","No","10/22/2018","80859","Terminated","Radagast Pet Food Inc","3617 SE 17th Ave","N/A","Portland","OR","	97202-3831","United States","Voluntary: Firm initiated","Two or more of the following: Email, Fax, Letter, Press Release, Telephone, Visit","distributed in AZ, CA, CO, FL, GA, IL, KS, MD, MI, MN, NY, OH, PA, RI, TX, WA  and CANADA.","V-0009-2019","Class I","Rad Cat Raw Diet Natural Pork Recipe, packaged in plastic tubs including 8 oz tubs with UPC 851536001296, 16 oz tubs with UPC 851536001289, 24 oz tubs with UPC 851536001272, and 1 oz samples.","14511/8 oz pkgs; 13979/16 oz. pkgs.; 28680/24 oz. pkgs; 15750/1 oz sample pkgs.","Radagast Pet Food, Inc. of Portland, OR is expanding its voluntary recall to include an additional quantity of Rad Cat Raw Diet across all varieties with the Best By dates of 10/19/18 through 12/3/19 because it has the potential to be contaminated with Listeria monocytogenes.","08/21/2018","10/22/2018","11/20/2018","09/12/2018","Lot Number 62763 through and including Lot Number 63101.    These Lots have Best By (BB) dates of 10/19/18 through 12/3/19."
"Veterinary","No","10/22/2018","80859","Terminated","Radagast Pet Food Inc","3617 SE 17th Ave","N/A","Portland","OR","	97202-3831","United States","Voluntary: Firm initiated","Two or more of the following: Email, Fax, Letter, Press Release, Telephone, Visit","distributed in AZ, CA, CO, FL, GA, IL, KS, MD, MI, MN, NY, OH, PA, RI, TX, WA  and CANADA.","V-0010-2019","Class I","Rad Cat Raw Diet Pasture-Raised Venison Recipe, packaged in plastic tubs including 8 oz tubs with UPC 851536001210, 16 oz tubs with UPC 851536001227, 24 oz tubs with UPC  851536001234, and 1 oz samples.","38297/8 oz pkgs; 37375/16 oz. pkgs.; 101067/24 oz. pkgs; 14130/1 oz sample pkgs.","Radagast Pet Food, Inc. of Portland, OR is expanding its voluntary recall to include an additional quantity of Rad Cat Raw Diet across all varieties with the Best By dates of 10/19/18 through 12/3/19 because it has the potential to be contaminated with Listeria monocytogenes.","08/21/2018","10/22/2018","11/20/2018","09/12/2018","Lot Number 62763 through and including Lot Number 63101.    These Lots have Best By (BB) dates of 10/19/18 through 12/3/19."
"Veterinary","No","11/02/2018","80942","Terminated","Bravo Packing, Inc.","59 N Golfwood Ave","N/A","Carneys Point","NJ","	08069-9710","United States","Voluntary: Firm initiated","Telephone","Distributed to one distributor, Tefco of Brooklyn, NY.  Distributor doesn't directly handle the product, but he brokers it for sale to Tefco sub-distributors. Distributor stated that none of his customers/distributors are retail outlets.","V-0017-2019","Class I","Ground frozen dog food packaged in 2-pound bags, labeled in part, ""PERFORMANCE DOG FOOD"".  Please note that there are no code dates on the bags, only on the 40-pound case boxes.","15,000 pounds","Potential for Salmonella contamination","08/31/2018","11/01/2018","02/11/2019","10/10/2018","071418  Please note that there are no code dates on the individual bags of product, only on the 40-pound case boxes."
"Veterinary","No","12/20/2018","80683","Terminated","G & C Raw, LLC","225 N West St","N/A","Versailles","OH","	45380-1359","United States","Voluntary: Firm initiated","E-Mail","Product distributed to individual consumers in: OH, MI, IN, PA, KY, NC, SC, GA","V-0053-2019","Class I","Beef Veggie Mix Dog Food packaged in clear plastic containers","N/A","positive for Listeria monocytogenes","07/30/2018","12/20/2018","12/20/2019","10/31/2018","All products with lot numbers that end in 022718 through 072018."
"Veterinary","No","12/20/2018","80683","Terminated","G & C Raw, LLC","225 N West St","N/A","Versailles","OH","	45380-1359","United States","Voluntary: Firm initiated","E-Mail","Product distributed to individual consumers in: OH, MI, IN, PA, KY, NC, SC, GA","V-0054-2019","Class I","Ground beef Dog Food packaged in clear plastic containers","N/A","positive for Listeria monocytogenes","07/30/2018","12/20/2018","12/20/2019","10/31/2018","All products with lot numbers that end in 022718 through 072018."
"Veterinary","No","12/20/2018","80683","Terminated","G & C Raw, LLC","225 N West St","N/A","Versailles","OH","	45380-1359","United States","Voluntary: Firm initiated","E-Mail","Product distributed to individual consumers in: OH, MI, IN, PA, KY, NC, SC, GA","V-0055-2019","Class I","Sliced Beef Heart Dog Food packaged in clear plastic containers","N/A","positive for Listeria monocytogenes","07/30/2018","12/20/2018","12/20/2019","10/31/2018","All products with lot numbers that end in 022718 through 072018."
"Veterinary","No","12/20/2018","80683","Terminated","G & C Raw, LLC","225 N West St","N/A","Versailles","OH","	45380-1359","United States","Voluntary: Firm initiated","E-Mail","Product distributed to individual consumers in: OH, MI, IN, PA, KY, NC, SC, GA","V-0056-2019","Class I","Ground Beef Heart Dog Food packaged in clear plastic containers","N/A","positive for Listeria monocytogenes","07/30/2018","12/20/2018","12/20/2019","10/31/2018","All products with lot numbers that end in 022718 through 072018."
"Veterinary","No","12/20/2018","80683","Terminated","G & C Raw, LLC","225 N West St","N/A","Versailles","OH","	45380-1359","United States","Voluntary: Firm initiated","E-Mail","Product distributed to individual consumers in: OH, MI, IN, PA, KY, NC, SC, GA","V-0057-2019","Class I","Kim's Special Beef Organ Dog Food packaged in clear plastic containers","N/A","positive for Listeria monocytogenes","07/30/2018","12/20/2018","12/20/2019","10/31/2018","All products with lot numbers that end in 022718 through 072018."
"Veterinary","No","12/20/2018","80683","Terminated","G & C Raw, LLC","225 N West St","N/A","Versailles","OH","	45380-1359","United States","Voluntary: Firm initiated","E-Mail","Product distributed to individual consumers in: OH, MI, IN, PA, KY, NC, SC, GA","V-0058-2019","Class I","Ground Chicken Dog Food packaged in clear plastic containers","N/A","positive for Listeria monocytogenes","07/30/2018","12/20/2018","12/20/2019","10/31/2018","All products with lot numbers that end in 022718 through 072018."
"Veterinary","No","12/20/2018","80683","Terminated","G & C Raw, LLC","225 N West St","N/A","Versailles","OH","	45380-1359","United States","Voluntary: Firm initiated","E-Mail","Product distributed to individual consumers in: OH, MI, IN, PA, KY, NC, SC, GA","V-0059-2019","Class I","Chicken Mix Patties Dog Food packaged in clear plastic containers","N/A","positive for Listeria monocytogenes","07/30/2018","12/20/2018","12/20/2019","10/31/2018","All products with lot numbers that end in 022718 through 072018."
"Veterinary","No","12/20/2018","80683","Terminated","G & C Raw, LLC","225 N West St","N/A","Versailles","OH","	45380-1359","United States","Voluntary: Firm initiated","E-Mail","Product distributed to individual consumers in: OH, MI, IN, PA, KY, NC, SC, GA","V-0060-2019","Class I","Duck Veggie Mix Dog Food packaged in clear plastic containers","N/A","positive for Listeria monocytogenes","07/30/2018","12/20/2018","12/20/2019","10/31/2018","All products with lot numbers that end in 022718 through 072018."
"Veterinary","No","12/20/2018","80683","Terminated","G & C Raw, LLC","225 N West St","N/A","Versailles","OH","	45380-1359","United States","Voluntary: Firm initiated","E-Mail","Product distributed to individual consumers in: OH, MI, IN, PA, KY, NC, SC, GA","V-0061-2019","Class I","Ground Duck Dog Food packaged in clear plastic containers","N/A","positive for Listeria monocytogenes","07/30/2018","12/20/2018","12/20/2019","10/31/2018","All products with lot numbers that end in 022718 through 072018."
"Veterinary","No","12/20/2018","80683","Terminated","G & C Raw, LLC","225 N West St","N/A","Versailles","OH","	45380-1359","United States","Voluntary: Firm initiated","E-Mail","Product distributed to individual consumers in: OH, MI, IN, PA, KY, NC, SC, GA","V-0062-2019","Class I","Ground Rabbit Dog Food packaged in clear plastic containers","N/A","positive for Listeria monocytogenes","07/30/2018","12/20/2018","12/20/2019","10/31/2018","All products with lot numbers that end in 022718 through 072018."
"Veterinary","No","12/20/2018","80683","Terminated","G & C Raw, LLC","225 N West St","N/A","Versailles","OH","	45380-1359","United States","Voluntary: Firm initiated","E-Mail","Product distributed to individual consumers in: OH, MI, IN, PA, KY, NC, SC, GA","V-0063-2019","Class I","Rabbit Veggie Mix Dog Food packaged in clear plastic containers","N/A","positive for Listeria monocytogenes","07/30/2018","12/20/2018","12/20/2019","10/31/2018","All products with lot numbers that end in 022718 through 072018."
"Veterinary","No","12/20/2018","80683","Terminated","G & C Raw, LLC","225 N West St","N/A","Versailles","OH","	45380-1359","United States","Voluntary: Firm initiated","E-Mail","Product distributed to individual consumers in: OH, MI, IN, PA, KY, NC, SC, GA","V-0064-2019","Class I","Ground Beef Pancreas Dog Food packaged in clear plastic containers","N/A","positive for Listeria monocytogenes","07/30/2018","12/20/2018","12/20/2019","10/31/2018","All products with lot numbers that end in 022718 through 072018."
"Veterinary","No","12/20/2018","80683","Terminated","G & C Raw, LLC","225 N West St","N/A","Versailles","OH","	45380-1359","United States","Voluntary: Firm initiated","E-Mail","Product distributed to individual consumers in: OH, MI, IN, PA, KY, NC, SC, GA","V-0065-2019","Class I","Beef Liver Chunks Dog Food packaged in clear plastic containers","N/A","positive for Listeria monocytogenes","07/30/2018","12/20/2018","12/20/2019","10/31/2018","All products with lot numbers that end in 022718 through 072018."
"Veterinary","No","12/20/2018","80683","Terminated","G & C Raw, LLC","225 N West St","N/A","Versailles","OH","	45380-1359","United States","Voluntary: Firm initiated","E-Mail","Product distributed to individual consumers in: OH, MI, IN, PA, KY, NC, SC, GA","V-0066-2019","Class I","Beef Sweet Breads Dog Food packaged in clear plastic containers","N/A","positive for Listeria monocytogenes","07/30/2018","12/20/2018","12/20/2019","10/31/2018","All products with lot numbers that end in 022718 through 072018."
"Veterinary","No","12/20/2018","80683","Terminated","G & C Raw, LLC","225 N West St","N/A","Versailles","OH","	45380-1359","United States","Voluntary: Firm initiated","E-Mail","Product distributed to individual consumers in: OH, MI, IN, PA, KY, NC, SC, GA","V-0067-2019","Class I","Ground Pork Dog Food packaged in clear plastic containers","N/A","positive for Listeria monocytogenes","07/30/2018","12/20/2018","12/20/2019","10/31/2018","All products with lot numbers that end in 022718 through 072018."
"Veterinary","No","12/20/2018","80683","Terminated","G & C Raw, LLC","225 N West St","N/A","Versailles","OH","	45380-1359","United States","Voluntary: Firm initiated","E-Mail","Product distributed to individual consumers in: OH, MI, IN, PA, KY, NC, SC, GA","V-0068-2019","Class I","Pork Veggie Mix Dog Food packaged in clear plastic containers","N/A","positive for Listeria monocytogenes","07/30/2018","12/20/2018","12/20/2019","10/31/2018","All products with lot numbers that end in 022718 through 072018."
"Veterinary","No","12/20/2018","80683","Terminated","G & C Raw, LLC","225 N West St","N/A","Versailles","OH","	45380-1359","United States","Voluntary: Firm initiated","E-Mail","Product distributed to individual consumers in: OH, MI, IN, PA, KY, NC, SC, GA","V-0069-2019","Class I","Shelby's Pork Organ Mix Dog Food packaged in clear plastic containers","N/A","positive for Listeria monocytogenes","07/30/2018","12/20/2018","12/20/2019","10/31/2018","All products with lot numbers that end in 022718 through 072018."
"Veterinary","No","12/20/2018","80683","Terminated","G & C Raw, LLC","225 N West St","N/A","Versailles","OH","	45380-1359","United States","Voluntary: Firm initiated","E-Mail","Product distributed to individual consumers in: OH, MI, IN, PA, KY, NC, SC, GA","V-0070-2019","Class I","Tripe Dog Food packaged in clear plastic containers","N/A","positive for Listeria monocytogenes","07/30/2018","12/20/2018","12/20/2019","10/31/2018","All products with lot numbers that end in 022718 through 072018."
"Veterinary","No","12/20/2018","80683","Terminated","G & C Raw, LLC","225 N West St","N/A","Versailles","OH","	45380-1359","United States","Voluntary: Firm initiated","E-Mail","Product distributed to individual consumers in: OH, MI, IN, PA, KY, NC, SC, GA","V-0071-2019","Class I","Pat's Cat Beef cat food packaged in clear plastic containers","N/A","positive for Listeria monocytogenes","07/30/2018","12/20/2018","12/20/2019","10/31/2018","All products with lot numbers that end in 022718 through 072018."
"Veterinary","No","12/20/2018","80683","Terminated","G & C Raw, LLC","225 N West St","N/A","Versailles","OH","	45380-1359","United States","Voluntary: Firm initiated","E-Mail","Product distributed to individual consumers in: OH, MI, IN, PA, KY, NC, SC, GA","V-0072-2019","Class I","Pat's Cat Rabbit cat food packaged in clear plastic containers","N/A","positive for Listeria monocytogenes","07/30/2018","12/20/2018","12/20/2019","10/31/2018","All products with lot numbers that end in 022718 through 072018."
"Veterinary","No","12/20/2018","80683","Terminated","G & C Raw, LLC","225 N West St","N/A","Versailles","OH","	45380-1359","United States","Voluntary: Firm initiated","E-Mail","Product distributed to individual consumers in: OH, MI, IN, PA, KY, NC, SC, GA","V-0073-2019","Class I","Pat's Cat Duck cat food packaged in clear plastic containers","N/A","positive for Listeria monocytogenes","07/30/2018","12/20/2018","12/20/2019","10/31/2018","All products with lot numbers that end in 022718 through 072018."
"Veterinary","No","12/20/2018","80683","Terminated","G & C Raw, LLC","225 N West St","N/A","Versailles","OH","	45380-1359","United States","Voluntary: Firm initiated","E-Mail","Product distributed to individual consumers in: OH, MI, IN, PA, KY, NC, SC, GA","V-0074-2019","Class I","Ground Pollock Dog Food packaged in clear plastic containers","N/A","positive for Listeria monocytogenes","07/30/2018","12/20/2018","12/20/2019","10/31/2018","All products with lot numbers that end in 022718 through 072018."
"Veterinary","No","10/01/2018","80974","Terminated","CHS  Farmers Alliance","120 East Main St","N/A","Corsica","SD","	57328","United States","Voluntary: Firm initiated","Telephone","One farm in NE","V-0001-2019","Class II","Van Vuuren #4 Chicken Layer Feed","58,137.17 lbs.","Foreign pellets were noted in Chicken layer feed.","08/28/2018","10/01/2018","10/05/2018","09/26/2018","Batch # 166704"
"Veterinary","No","10/22/2018","80983","Terminated","STEVE'S REAL FOOD FOR PETS","2034 E Fort Union Blvd","N/A","Cottonwood Heights","UT","	84121-3144","United States","Voluntary: Firm initiated","Press Release","nationwide.  no foreign/VA/govt/military consignees.","V-0002-2019","Class I","Raw Frozen Pet Food Turducken Recipe for cats and dogs, packaged in 5 lb bags with UPC 6-91730-15304-5","52 Cases","Steves Real Food is voluntarily recalling one lot of 5lb Turducken Recipe, one lot of Quest Emu Diet, and one lot of Quest Beef Diet, due to their potential to be contaminated with Salmonella and/or Listeria.","09/07/2018","10/22/2018","08/26/2020","09/26/2018","Lot J155; Best By 6/4/19"
"Veterinary","No","10/22/2018","80983","Terminated","STEVE'S REAL FOOD FOR PETS","2034 E Fort Union Blvd","N/A","Cottonwood Heights","UT","	84121-3144","United States","Voluntary: Firm initiated","Press Release","nationwide.  no foreign/VA/govt/military consignees.","V-0003-2019","Class I","Super Premium Food for Your Feline, Quest Cat Food, Emu Diet, packages in 2 lb bags with UPC 6-91730-17103-2","69 Cases","Steves Real Food is voluntarily recalling one lot of 5lb Turducken Recipe, one lot of Quest Emu Diet, and one lot of Quest Beef Diet, due to their potential to be contaminated with Salmonella and/or Listeria.","09/07/2018","10/22/2018","08/26/2020","09/26/2018","Lot B138; Best By 8/18/19"
"Veterinary","No","10/22/2018","80983","Terminated","STEVE'S REAL FOOD FOR PETS","2034 E Fort Union Blvd","N/A","Cottonwood Heights","UT","	84121-3144","United States","Voluntary: Firm initiated","Press Release","nationwide.  no foreign/VA/govt/military consignees.","V-0004-2019","Class I","Super Premium Food For Your Feline, Quest Cat Food, Beef Diet, packages in 2 lb bags with UPC 6-91730-17101-8","67 Cases","Steve s Real Food is voluntarily recalling one lot of 5lb Turducken Recipe, one lot of Quest Emu Diet, and one lot of Quest Beef Diet, due to their potential to be contaminated with Salmonella and/or Listeria.","09/07/2018","10/22/2018","08/26/2020","09/26/2018","Lot A138; Best By 8/18/19"
"Veterinary","No","12/17/2018","81298","Terminated","NORBROOK INC","9401 Indian Creek Pkwy Ste 680","N/A","Overland Park","KS","	66210-2180","United States","Voluntary: Firm initiated","Letter","IA, ID, MO, KY, AR, VA, NC, NE, Puerto Rico","V-0047-2019","Class II","300 Pro LA (oxytetracycline injection), 300 mg/mL, [100, 250 or 500 mL] per vial, Distributed by:  Norbrook, Inc., Lenexa, KS 66219, NADA 141-143","8,305 vials","Cloudy appearance observed.","10/01/2018","12/17/2018","08/19/2022","12/19/2018","Lot, exp:  8081-603B, exp February 2021; 8133-601C, 8133-601D, 8133-602B, exp March 2021; 8232-601B, exp June 2021"
"Veterinary","No","12/17/2018","81298","Terminated","NORBROOK INC","9401 Indian Creek Pkwy Ste 680","N/A","Overland Park","KS","	66210-2180","United States","Voluntary: Firm initiated","Letter","IA, ID, MO, KY, AR, VA, NC, NE, Puerto Rico","V-0048-2019","Class II","Noromycin 300LA (oxytetracycline injection), 300 mg/mL, [100, 250 or 500 mL] per vial, Distributed by:  Norbrook, Inc., Lenexa, KS 66219, NADA 141-143","54,427 vials","Cloudy appearance observed.","10/01/2018","12/17/2018","08/19/2022","12/19/2018","Lot, exp:  8133-601A, 8133-601B, 8133-601E, 8133-602A, exp March 2021; 7311-601A, exp July 2020; 7312-601A, exp August 2020; 8081-603A, 8082-600A, exp February 2021; 8223-601A, 8224-600A, 8224-600B, exp May 2021; 8232-602A, 8251-600A, exp June 2021"
"Veterinary","No","12/20/2018","80683","Terminated","G & C Raw, LLC","225 N West St","N/A","Versailles","OH","	45380-1359","United States","Voluntary: Firm initiated","E-Mail","Product distributed to individual consumers in: OH, MI, IN, PA, KY, NC, SC, GA","V-0075-2019","Class I","Chicken Veggie Mix Dog Food packaged in clear plastic containers","N/A","positive for Listeria monocytogenes","07/30/2018","12/20/2018","12/20/2019","10/31/2018","All products with lot numbers that end in 022718 through 072018."
"Veterinary","No","12/20/2018","80683","Terminated","G & C Raw, LLC","225 N West St","N/A","Versailles","OH","	45380-1359","United States","Voluntary: Firm initiated","E-Mail","Product distributed to individual consumers in: OH, MI, IN, PA, KY, NC, SC, GA","V-0076-2019","Class I","Pat's Cat Chicken cat food packaged in clear plastic containers","N/A","positive for Listeria monocytogenes","07/30/2018","12/20/2018","12/20/2019","10/31/2018","All products with lot numbers that end in 022718 through 072018."
"Veterinary","No","12/20/2018","80683","Terminated","G & C Raw, LLC","225 N West St","N/A","Versailles","OH","	45380-1359","United States","Voluntary: Firm initiated","E-Mail","Product distributed to individual consumers in: OH, MI, IN, PA, KY, NC, SC, GA","V-0077-2019","Class I","Pat's Cat Turkey cat food packaged in clear plastic containers","N/A","positive for Listeria monocytogenes","07/30/2018","12/20/2018","12/20/2019","10/31/2018","All products with lot numbers that end in 022718 through 072018."





