Product Type,Recently Updated Record,Last Modified Date,Event ID,Status,Recalling Firm,Address1,Address2,City,State/Province,Postal Code,Country,Voluntary/Mandated,Initial Firm Notification of Consignee or Public,Distribution Pattern,Recall Number,Classification,Product Description,Product Quantity,Reason for Recall,Recall Initiation Date,Center Classification Date,Termination Date,Report Date,Code Info
"Veterinary","No","01/20/2026","98110","Terminated","Cargill, Inc         Corporate Headquarters","15407 McGinty Rd W","N/A","Wayzata","MN","	55391-2365","United States","Voluntary: Firm initiated","Two or more of the following: Email, Fax, Letter, Press Release, Telephone, Visit","Distributed to retail stores in TX","V-0031-2026","Class II","Nutrena Country Feeds Cracked Corn Net Weight 50 LB (22.67 kg) UPC 722304334765. Packaged in a 50 lb bag.","553 bags","Elevated aflatoxin levels","12/05/2025","01/20/2026","04/23/2026","01/14/2026","Lot number 8152551407RG 12SEPT25"
"Veterinary","No","01/30/2026","98192","Ongoing","Central Valley Ag Cooperative","2803 N Nebraska Ave","POB429","York","NE","	68467-8096","United States","Voluntary: Firm initiated","Telephone","Retail and wholesale accounts","V-0032-2026","Class I","CVA DDGS BALANCER PELLET R1200, Medicated, Active Drug Ingredient: Monensin (as Monensin sodium) 1200 g/ton, in bulk ","65,620 lbs","Potential selenium toxicity. Cattle feed formulation contains incorrect levels of thiamine (low) and selenium (high).","12/18/2025","01/30/2026","N/A","01/14/2026","Order Number/Lot Code: 0000221989, 0000218651, 0000220825 Formula Code: BGSA262K"
"Veterinary","No","01/30/2026","98192","Ongoing","Central Valley Ag Cooperative","2803 N Nebraska Ave","POB429","York","NE","	68467-8096","United States","Voluntary: Firm initiated","Telephone","Retail and wholesale accounts","V-0033-2026","Class I","Balancer R1200 Pellet Fortified, Medicated, Active Drug Ingredient: Monensin (as Monensin sodium) 1200 g/ton, packaged in 50 LBS (22.68 kg) Net Weight bags ","32,550 lbs","Potential selenium toxicity. Cattle feed formulation contains incorrect levels of thiamine (low) and selenium (high).","12/18/2025","01/30/2026","N/A","01/14/2026","Order Number/Lot Code: 0000222100, 0000222515, 0000220538 Formula Code: BGSA041Z"
"Veterinary","No","01/30/2026","98192","Ongoing","Central Valley Ag Cooperative","2803 N Nebraska Ave","POB429","York","NE","	68467-8096","United States","Voluntary: Firm initiated","Telephone","Retail and wholesale accounts","V-0034-2026","Class I","GNC MORTON 1.5 LB FLS MASH W/SODA, in bulk ","191,220 lbs","Potential selenium toxicity. Cattle feed formulation contains incorrect levels of thiamine (low) and selenium (high).","12/18/2025","01/30/2026","N/A","01/14/2026","Order Number/Lot Code: 0000222112, 0000221240, 0000218777, 0000219524 Formula Code: BGSA167K"
"Veterinary","No","01/30/2026","98192","Ongoing","Central Valley Ag Cooperative","2803 N Nebraska Ave","POB429","York","NE","	68467-8096","United States","Voluntary: Firm initiated","Telephone","Retail and wholesale accounts","V-0035-2026","Class I","JOHNSON TAYLOR BAL PELL R715 E80, Medicated, Active Drug Ingredients: Monensin 715 g/ton, Lubabegron 80.0 g/ton, in bulk  ","18,153 lbs.","Potential selenium toxicity. Cattle feed formulation contains incorrect levels of thiamine (low) and selenium (high).","12/18/2025","01/30/2026","N/A","01/14/2026","Order Number/Lot Code: 0000222247 Formula Code: BFSA001K"
"Veterinary","No","01/30/2026","98192","Ongoing","Central Valley Ag Cooperative","2803 N Nebraska Ave","POB429","York","NE","	68467-8096","United States","Voluntary: Firm initiated","Telephone","Retail and wholesale accounts","V-0036-2026","Class I","GPLC Westco DDG Bal R1200 Pell AV4, Medicated, Active Drug Ingredient: Monensin (as Monensin sodium) 1200 g/ton, in bulk ","143,720 lbs","Potential selenium toxicity. Cattle feed formulation contains incorrect levels of thiamine (low) and selenium (high).","12/18/2025","01/30/2026","N/A","01/14/2026","Order Number/Lot Code: 0000222649, 0000218903, 0000218904, 0000219124, 0000219836 Formula Code: BGSA237K"
"Veterinary","No","01/20/2026","98221","Terminated","Consumers Supply Distributing, LLC","5101 Harbor Dr","N/A","Sioux City","IA","	51111-1109","United States","Voluntary: Firm initiated","Press Release","CO, IA, KS, MO, MT, NE, TX","V-0030-2026","Class I","1) Country Vet Biscuits Original Meaty Flavor with Chicken, Medium Size, Net Weight 4 LBS. (1.81 KG.) bag, UPC 899623000463, Manufactured by Consumers Supply Distributing, North Sioux City, SD 57049, packed 8 bags per case  2) Heartland Harvest Dog Biscuits, Meaty Flavor with Chicken, Medium Size, Net Weight 4 LBS. (1,8 KG.) bag, UPC 840227340691, Manufactured for Mid-States Distributing, LLC, Fort Worth, TX 76137, packed 8 bags per case","1) 113 cases; 2) 432 cases; 545 cases TOTAL","Potential contamination with Salmonella","12/24/2025","01/20/2026","02/24/2026","01/28/2026","1) Lot 40906513; Best By 090626; Product Code (on case): P1035 2) Lot 40906513; Best By 090626; Item Code (on case): P1150"
"Veterinary","No","01/15/2026","98224","Ongoing","GOLD STAR DISTRIBUTION INC","1000 Humboldt Ave N","N/A","Minneapolis","MN","	55411-3964","United States","Voluntary: Firm initiated","Press Release","IN, MN, ND","V-0029-2026","Class II","Pet food and treats purchased from this distributor August 1 thru November 24, 2025.","unknown","Potential exposure of rodents and rodent activity in the distribution center.","12/26/2025","01/14/2026","N/A","01/14/2026","All pet food and treats purchased from this firm between 8/1/2025 and 11/24/2025."
"Veterinary","No","01/30/2026","98192","Ongoing","Central Valley Ag Cooperative","2803 N Nebraska Ave","POB429","York","NE","	68467-8096","United States","Voluntary: Firm initiated","Telephone","Retail and wholesale accounts","V-0037-2026","Class I","CVA DDGS BALANCER PELLET R800 AMA, Medicated, Active Drug Ingredient: Monensin (as Monensin sodium) 800 g/ton, in bulk ","15,636 lbs","Potential selenium toxicity. Cattle feed formulation contains incorrect levels of thiamine (low) and selenium (high).","12/18/2025","01/30/2026","N/A","01/14/2026","Order Number/Lot Code: 0000221566, 0000222411 Formula Code: BWSA007K"
"Veterinary","No","01/30/2026","98192","Ongoing","Central Valley Ag Cooperative","2803 N Nebraska Ave","POB429","York","NE","	68467-8096","United States","Voluntary: Firm initiated","Telephone","Retail and wholesale accounts","V-0038-2026","Class I","CVA Gamebird Pellet BOV113, Medicated, Active Drug Ingredient: Lasalocid, 113 g/ton, 50lb bags ","4,150 lbs","Potential selenium toxicity. Feed formulation contains incorrect levels of thiamine (low) and selenium (high).","12/18/2025","01/30/2026","N/A","01/14/2026","Order Number/Lot Code: 0000220994 Formula Code: YDCA002Z"
"Veterinary","No","01/30/2026","98192","Ongoing","Central Valley Ag Cooperative","2803 N Nebraska Ave","POB429","York","NE","	68467-8096","United States","Voluntary: Firm initiated","Telephone","Retail and wholesale accounts","V-0039-2026","Class I","CVA-GANT BALANCER R900 PELLET, MEDICATED, ACTIVE DRUG INGRENDIENT: Monensin (as monensin sodium), 900 g/ton, 50lb bags ","8,249 lbs","Potential selenium toxicity. Feed formulation contains incorrect levels of thiamine (low) and selenium (high).","12/18/2025","01/30/2026","N/A","01/14/2026","Order Number/Lot Code: 0000219335, 0000222666 Formula Code: BGSA109T"
"Veterinary","No","01/30/2026","98192","Ongoing","Central Valley Ag Cooperative","2803 N Nebraska Ave","POB429","York","NE","	68467-8096","United States","Voluntary: Firm initiated","Telephone","Retail and wholesale accounts","V-0040-2026","Class I","CVA DDGS BALANCER PELLET R800, MEDICATED, ACTIVE DRUG INGRENDIENT: Monensin (as monensin sodium), 800 g/ton, Supersack bulk ","24,100 lbs","Potential selenium toxicity. Feed formulation contains incorrect levels of thiamine (low) and selenium (high).","12/18/2025","01/30/2026","N/A","01/14/2026","Order Number/Lot Code: 0000219845 Formula Code: BWSA001T"
"Veterinary","No","01/30/2026","98192","Ongoing","Central Valley Ag Cooperative","2803 N Nebraska Ave","POB429","York","NE","	68467-8096","United States","Voluntary: Firm initiated","Telephone","Retail and wholesale accounts","V-0041-2026","Class I","CVA GANT R1200 W PELLET, MEDICATED, ACTIVE DRUG INGRENDIENT: Monensin (as monensin sodium), 1200 g/ton, Supersack bulk/bagged ","160,128 lbs","Potential selenium toxicity. Feed formulation contains incorrect levels of thiamine (low) and selenium (high).","12/18/2025","01/30/2026","N/A","01/14/2026","Order Number/Lot Code: 0000221983, 0000220098, 0000220775, 0000220999, 0000221235, 0000222665, 0000219336, 0000219844, 0000219591, 0000221364 Formula Code: BGSA110T, BGSA110K"
"Veterinary","No","01/30/2026","98192","Ongoing","Central Valley Ag Cooperative","2803 N Nebraska Ave","POB429","York","NE","	68467-8096","United States","Voluntary: Firm initiated","Telephone","Retail and wholesale accounts","V-0042-2026","Class I","CVA FRIZZEL DIST BAL R700 PELLET, MEDICATED, ACTIVE DRUG INGRENDIENT: Monensin (as monensin sodium), 600 g/ton, bulk ","28,220 lbs","Potential selenium toxicity. Feed formulation contains incorrect levels of thiamine (low) and selenium (high).","12/18/2025","01/30/2026","N/A","01/14/2026","Order Number/Lot Code: 0000220177 Formula Code: BGSA060K"
"Veterinary","No","01/30/2026","98192","Ongoing","Central Valley Ag Cooperative","2803 N Nebraska Ave","POB429","York","NE","	68467-8096","United States","Voluntary: Firm initiated","Telephone","Retail and wholesale accounts","V-0043-2026","Class I","CVA NICHOLS CUSTOM PELL R150, MEDICATED, ACTIVE DRUG INGRENDIENT: Monensin (as monensin sodium), 150 g/ton, bulk ","44,660 lbs","Potential selenium toxicity. Feed formulation contains incorrect levels of thiamine (low) and selenium (high).","12/18/2025","01/30/2026","N/A","01/14/2026","Order Number/Lot Code: 0000218645, 0000221653 Formula Code: BGSA131K"
"Veterinary","No","01/30/2026","98192","Ongoing","Central Valley Ag Cooperative","2803 N Nebraska Ave","POB429","York","NE","	68467-8096","United States","Voluntary: Firm initiated","Telephone","Retail and wholesale accounts","V-0044-2026","Class I","CVA DDGS BALANCER MEAL R1200, MEDICATED, ACTIVE DRUG INGRENDIENT: Monensin (as monensin sodium), 1200 g/ton, 50lb bag ","1,530 lbs","Potential selenium toxicity. Feed formulation contains incorrect levels of thiamine (low) and selenium (high).","12/18/2025","01/30/2026","N/A","01/14/2026","Order Number/Lot Code: 0000220394 Formula Code: BGSA259K"
"Veterinary","No","01/30/2026","98192","Ongoing","Central Valley Ag Cooperative","2803 N Nebraska Ave","POB429","York","NE","	68467-8096","United States","Voluntary: Firm initiated","Telephone","Retail and wholesale accounts","V-0045-2026","Class I","CVA GRAFF MIN R1280 THIAMIN PELLET, MEDICATED, ACTIVE DRUG INGRENDIENT: Monensin (as monensin sodium), 1280 g/ton, Supersack ","13,573 lbs","Potential selenium toxicity. Feed formulation contains incorrect levels of thiamine (low) and selenium (high).","12/18/2025","01/30/2026","N/A","01/14/2026","Order Number/Lot Code: 0000220998 Formula Code: BGSA062T"
"Veterinary","No","01/30/2026","98192","Ongoing","Central Valley Ag Cooperative","2803 N Nebraska Ave","POB429","York","NE","	68467-8096","United States","Voluntary: Firm initiated","Telephone","Retail and wholesale accounts","V-0046-2026","Class I","CVA GANT BALANCER R900 PELLET, MEDICATED, ACTIVE DRUG INGRENDIENT: Monensin (as monensin sodium), 900 g/ton, Bulk ","39,600 lbs","Potential selenium toxicity. Feed formulation contains incorrect levels of thiamine (low) and selenium (high).","12/18/2025","01/30/2026","N/A","01/14/2026","Order Number/Lot Code: 0000222500, 0000218377 Formula Code: BGSA109K"
"Veterinary","No","01/30/2026","98192","Ongoing","Central Valley Ag Cooperative","2803 N Nebraska Ave","POB429","York","NE","	68467-8096","United States","Voluntary: Firm initiated","Telephone","Retail and wholesale accounts","V-0047-2026","Class I","CVA WAGONHOUND CALF PELLET,  bulk ","122,500 lbs","Potential selenium toxicity. Feed formulation contains incorrect levels of thiamine (low) and selenium (high).","12/18/2025","01/30/2026","N/A","01/14/2026","Order Number/Lot Code: 0000219340, 0000220180, 0000221568 Formula Code: BGSA179K"
"Veterinary","No","01/30/2026","98192","Ongoing","Central Valley Ag Cooperative","2803 N Nebraska Ave","POB429","York","NE","	68467-8096","United States","Voluntary: Firm initiated","Telephone","Retail and wholesale accounts","V-0048-2026","Class I","CVA DDGS BALANCER MEAL R1200, MEDICATED, ACTIVE DRUG INGREDIENT: Monensin (as Monensin soduim), 1200 g/ton, 50lb bag ","21,410 lbs","Potential selenium toxicity. Feed formulation contains incorrect levels of thiamine (low) and selenium (high).","12/18/2025","01/30/2026","N/A","01/14/2026","Order Number/Lot Code: 0000221987, 0000220542, 0000222267, 000222516 Formula Code: BGSA259Z"
"Veterinary","No","01/30/2026","98192","Ongoing","Central Valley Ag Cooperative","2803 N Nebraska Ave","POB429","York","NE","	68467-8096","United States","Voluntary: Firm initiated","Telephone","Retail and wholesale accounts","V-0049-2026","Class I","CVA SCS JOHNSON BALANCER OPTA R715, MEDICATED, ACTIVE DRUG INGREDIENT: Monensin (as Monensin soduim), 715 g/ton, bulk ","10,100 lbs","Potential selenium toxicity. Feed formulation contains incorrect levels of thiamine (low) and selenium (high).","12/18/2025","01/30/2026","N/A","01/14/2026","Order Number/Lot Code: 0000218776 Formula Code: BGSA133K"
"Veterinary","No","01/30/2026","98192","Ongoing","Central Valley Ag Cooperative","2803 N Nebraska Ave","POB429","York","NE","	68467-8096","United States","Voluntary: Firm initiated","Telephone","Retail and wholesale accounts","V-0050-2026","Class I","CVA TCR GROWER PELLET R400 BULK, MEDICATED, ACTIVE DRUG INGREDIENT: Monensin (as Monensin soduim), 400 g/ton, bulk ","24,140 lbs","Potential selenium toxicity. Feed formulation contains incorrect levels of thiamine (low) and selenium (high).","12/18/2025","01/30/2026","N/A","01/14/2026","Order Number/Lot Code: 0000220004 Formula Code: BGSA010K"
"Veterinary","No","01/30/2026","98192","Ongoing","Central Valley Ag Cooperative","2803 N Nebraska Ave","POB429","York","NE","	68467-8096","United States","Voluntary: Firm initiated","Telephone","Retail and wholesale accounts","V-0051-2026","Class I","CVA GNC HARKINS FLS R1000 PELLET, MEDICATED, ACTIVE DRUG INGREDIENT: Monensin (as Monensin soduim), 1000 g/ton, bulk ","47,800 lbs","Potential selenium toxicity. Feed formulation contains incorrect levels of thiamine (low) and selenium (high).","12/18/2025","01/30/2026","N/A","01/14/2026","Order Number/Lot Code: 0000220700 Formula Code: BGSA032K"
"Veterinary","No","01/30/2026","98192","Ongoing","Central Valley Ag Cooperative","2803 N Nebraska Ave","POB429","York","NE","	68467-8096","United States","Voluntary: Firm initiated","Telephone","Retail and wholesale accounts","V-0052-2026","Class I","CVA SCS Johnson Balancer R715, MEDICATED, ACTIVE DRUG INGREDIENT: Monensin (as Monensin soduim), 715 g/ton, bulk ","96,180 lbs","Potential selenium toxicity. Feed formulation contains incorrect levels of thiamine (low) and selenium (high).","12/18/2025","01/30/2026","N/A","01/14/2026","Order Number/Lot Code: 0000221652, 0000220983, 0000219778 Formula Code: BGSA026K"
"Veterinary","No","01/30/2026","98192","Ongoing","Central Valley Ag Cooperative","2803 N Nebraska Ave","POB429","York","NE","	68467-8096","United States","Voluntary: Firm initiated","Telephone","Retail and wholesale accounts","V-0053-2026","Class I","CVA HAUDER GM MON, MEDICATED, ACTIVE DRUG INGREDIENT: Monensin (as Monensin soduim), 38 g/ton, bulk ","86,840 lbs","Potential selenium toxicity. Feed formulation contains incorrect levels of thiamine (low) and selenium (high).","12/18/2025","01/30/2026","N/A","01/14/2026","Order Number/Lot Code: 0000222244, 0000222202 Formula Code: BGXA018K"
"Veterinary","No","01/30/2026","98192","Ongoing","Central Valley Ag Cooperative","2803 N Nebraska Ave","POB429","York","NE","	68467-8096","United States","Voluntary: Firm initiated","Telephone","Retail and wholesale accounts","V-0054-2026","Class I","CVA GANT BALANCER B800 W MGA Pellet, MEDICATED, ACTIVE DRUG INGREDIENTS: Melengestrol Acetate(0.000022%) and Lasalocid Sodium, 800 g/ton, supersack ","11,524 lbs","Potential selenium toxicity. Feed formulation contains incorrect levels of thiamine (low) and selenium (high).","12/18/2025","01/30/2026","N/A","01/14/2026","Order Number/Lot Code: 0000221984, 0000219337, 0000220677 Formula Code: BGSA080T"
"Veterinary","No","01/30/2026","98192","Ongoing","Central Valley Ag Cooperative","2803 N Nebraska Ave","POB429","York","NE","	68467-8096","United States","Voluntary: Firm initiated","Telephone","Retail and wholesale accounts","V-0055-2026","Class I","CVA GANT BALANCER R1200 Pellet, MEDICATED, ACTIVE DRUG INGREDIENTS: Monensin (as monensin sodium), 1200 g/ton, bulk ","22,534 lbs","Potential selenium toxicity. Feed formulation contains incorrect levels of thiamine (low) and selenium (high).","12/18/2025","01/30/2026","N/A","01/14/2026","Order Number/Lot Code: 0000218619, 0000221324, 0000222667, 0000221688 Formula Code: BGSA212K, BGSA212T, BGSA212Z"
"Veterinary","No","01/30/2026","98192","Ongoing","Central Valley Ag Cooperative","2803 N Nebraska Ave","POB429","York","NE","	68467-8096","United States","Voluntary: Firm initiated","Telephone","Retail and wholesale accounts","V-0056-2026","Class I","CVA VALENTINE GRAIN MIX BAL R100 AMA, MEDICATED, ACTIVE DRUG INGREDIENTS: Monensin (as monensin sodium), 100 g/ton, bulk ","44,080 lbs","Potential selenium toxicity. Feed formulation contains incorrect levels of thiamine (low) and selenium (high).","12/18/2025","01/30/2026","N/A","01/14/2026","Order Number/Lot Code: 0000222383 Formula Code: BGXA098K"
"Veterinary","No","01/30/2026","98192","Ongoing","Central Valley Ag Cooperative","2803 N Nebraska Ave","POB429","York","NE","	68467-8096","United States","Voluntary: Firm initiated","Telephone","Retail and wholesale accounts","V-0057-2026","Class I","CVA GANT R1200 W PELLET NO SE, MEDICATED, ACTIVE DRUG INGREDIENTS: Monensin (as monensin sodium), 1200 g/ton, bulk ","8,080 lbs","Potential selenium toxicity. Feed formulation contains incorrect levels of thiamine (low) and selenium (high).","12/18/2025","01/30/2026","N/A","01/14/2026","Order Number/Lot Code: 0000220726 Formula Code: BGSA033T"
"Veterinary","No","01/30/2026","98192","Ongoing","Central Valley Ag Cooperative","2803 N Nebraska Ave","POB429","York","NE","	68467-8096","United States","Voluntary: Firm initiated","Telephone","Retail and wholesale accounts","V-0058-2026","Class I","CVA DDGS BALANCER MEAL B1600, MEDICATED, ACTIVE DRUG INGREDIENTS: Lasalocid, 1600 g/ton, bulk ","6,000 lbs","Potential selenium toxicity. Feed formulation contains incorrect levels of thiamine (low) and selenium (high).","12/18/2025","01/30/2026","N/A","01/14/2026","Order Number/Lot Code: 0000221371 Formula Code: BGSA261Z"
"Veterinary","No","01/30/2026","98192","Ongoing","Central Valley Ag Cooperative","2803 N Nebraska Ave","POB429","York","NE","	68467-8096","United States","Voluntary: Firm initiated","Telephone","Retail and wholesale accounts","V-0059-2026","Class I","CVA CO PRODUCT BALANCER PELLET R800, MEDICATED, ACTIVE DRUG INGREDIENTS: Monensin (as Monensin sodium), 800 g/ton, bulk ","12,200 lbs","Potential selenium toxicity. Feed formulation contains incorrect levels of thiamine (low) and selenium (high).","12/18/2025","01/30/2026","N/A","01/14/2026","Order Number/Lot Code: 0000219593 Formula Code: BWSA001Z"
"Veterinary","No","","98192","Ongoing","Central Valley Ag Cooperative","2803 N Nebraska Ave","POB429","York","NE","	68467-8096","United States","Voluntary: Firm initiated","Telephone","Retail and wholesale accounts","V-0060-2026","Class I","CVA Balancer R1200 Pellet Fortified, Medicated, ACTIVE DRUG: Monensin (as Monensin sodium), 1200 g/ton ","6,045","Potential selenium toxicity. Feed formulation contains incorrect levels of thiamine (low) and selenium (high).","12/18/2025","01/30/2026","N/A","01/14/2026","Order Number/Lot Code: 0000221692 Formula Code: BGSA041T"
"Veterinary","No","02/03/2026","98293","Terminated","ADM Animal Nutrition","2174 E 59th Ave","N/A","Columbus","NE","	68601-7974","United States","Voluntary: Firm initiated","Two or more of the following: Email, Fax, Letter, Press Release, Telephone, Visit","Anson's Feed & Trucking: 416 S. Sandy Lane Atkinson, NE 68713","V-0061-2026","Class I","ADM Animal Nutrition MasterPlex 75P 30/30 RU 55010CDH, MEDICATED, for Cattle Fed in Confinement for slaughter, ACTIVE DRUG INGREDIENTL Monensin 700gm/ton  FEDING INSTRUCTIONS: Feed this product continuously at the rate of 0.75 lb per head per day by thoroughly mixing with a grain-roughage mixture to provide 262.5 mg monensin per day. To achieve appropriate drug levels, blend 86 lb of this product with 1914 lb of grain and/or roughage to produce a ration with 30 gm per ton monensin, then feed 17.5 lb of this blended ration. No additional improvement in feed efficiency has been shown from feeding monensin at levels greater than 30 grams per ton (360 mg per head per day). Provide clean, fresh water at all limes","17,600 lbs","Incorrect labeling on product resulted in monensin and/or urea toxicity in feed","01/12/2026","02/03/2026","05/14/2026","01/21/2026","Batch # NE 218009 32925"
"Veterinary","No","02/19/2026","98309","Ongoing","Stratford Care USA, Inc.","4027 Tampa Rd Ste 3200","N/A","Oldsmar","FL","	34677-3221","United States","Voluntary: Firm initiated","Two or more of the following: Email, Fax, Letter, Press Release, Telephone, Visit","US Nationwide, including PR and Israel.","V-0062-2026","Class II","Airport Road Animal Clinic, Keto-C Antiseptic Wipes, 50ct, Airport Road Animal Clinic, 4851 SW 60th Ave, Ocala, FL 34474, Stratford Pharmaceuticals, Oldsmar, FL 34677.","N/A","The product labeled as medicated wipes was found to contain a non-medicated otic flush due to a product mix-up that occurred at the manufacturing level. As a result, the product is misbranded and does not contain the labeled active ingredient.","01/27/2026","02/19/2026","N/A","02/11/2026","Lot # 251086, Exp Date: 03/2027"
"Veterinary","No","04/09/2026","98343","Completed","Raaw Energy, LLC","967 Route 524","N/A","Adelphia","NJ","	07710","United States","Voluntary: Firm initiated","Telephone","The adulterate product was distributed to the following states: CT, MA, MD, ME, NH, NJ, PA, VA, RI, DE, NH, VT, WV","V-0114-2026","Class I","Dog Food - Chicken Medley 2-lb and 5-lb tubes, 10 per Case ","182 Cases","Product tested positive for positive for one or more types of pathogenic (harmful) bacteria, specifically: Listeria monocytogenes, Salmonella, Campylobacter jejuni.  Chicken medley 2lb (Listeria monocytogenes, Salmonella, Campylobacter jejuni) Chicken medley 5lb Date code 11.22.25 (Listeria monocytogenes) Chicken medley 5lb Date code 12.12.25  (Listeria monocytogenes, Salmonella)","01/26/2026","04/09/2026","N/A","03/25/2026","(2 lb) Date Code 7.17.25, (5 lb) Date Code 11.22.25 and 12.12.25."
"Veterinary","No","04/09/2026","98343","Completed","Raaw Energy, LLC","967 Route 524","N/A","Adelphia","NJ","	07710","United States","Voluntary: Firm initiated","Telephone","The adulterate product was distributed to the following states: CT, MA, MD, ME, NH, NJ, PA, VA, RI, DE, NH, VT, WV","V-0115-2026","Class I","Dog Food - Salmon 5-lb tubes, 10 per Case ","27 Cases","Product tested positive for positive for one or more types of pathogenic (harmful) bacteria, specifically: Listeria monocytogenes (L. monocytogenes).","01/26/2026","04/09/2026","N/A","03/25/2026","Date Code: 12.5.25 and 12.12.25"
"Veterinary","No","04/09/2026","98343","Completed","Raaw Energy, LLC","967 Route 524","N/A","Adelphia","NJ","	07710","United States","Voluntary: Firm initiated","Telephone","The adulterate product was distributed to the following states: CT, MA, MD, ME, NH, NJ, PA, VA, RI, DE, NH, VT, WV","V-0116-2026","Class I","Dog Food - Beef Chicken Medley 5-lb tubes, 10 per Case ","227 Cases","Product tested positive for positive for one or more types of pathogenic (harmful) bacteria, specifically: Listeria monocytogenes.","01/26/2026","04/09/2026","N/A","03/25/2026","Date Code: 11/22//2025, 12/12/2025, 7/17/2025"
"Veterinary","No","04/09/2026","98343","Completed","Raaw Energy, LLC","967 Route 524","N/A","Adelphia","NJ","	07710","United States","Voluntary: Firm initiated","Telephone","The adulterate product was distributed to the following states: CT, MA, MD, ME, NH, NJ, PA, VA, RI, DE, NH, VT, WV","V-0117-2026","Class I","Dog Food - Beef Turkey Medley 5-lb tubes ","50 Cases","Product tested positive for positive for one or more types of pathogenic (harmful) bacteria, specifically: Listeria monocytogenes.","01/26/2026","04/09/2026","N/A","03/25/2026","Date Code: 12.18.25"
"Veterinary","No","04/09/2026","98343","Completed","Raaw Energy, LLC","967 Route 524","N/A","Adelphia","NJ","	07710","United States","Voluntary: Firm initiated","Telephone","The adulterate product was distributed to the following states: CT, MA, MD, ME, NH, NJ, PA, VA, RI, DE, NH, VT, WV","V-0118-2026","Class I","Dog Food - Beef Chicken Tripe Medley 5-lb tubes ","14 Cases","Product tested positive for positive for one or more types of pathogenic (harmful) bacteria, specifically: Listeria monocytogenes.","01/26/2026","04/09/2026","N/A","03/25/2026","Date Code: 12/23/2025"
"Veterinary","No","03/19/2026","98352","Ongoing","Neogen Corporation","740 E Shiawassee St","N/A","Lansing","MI","	48912-1218","United States","Voluntary: Firm initiated","Two or more of the following: Email, Fax, Letter, Press Release, Telephone, Visit","Nationwide in the USA, Chile, Columbia and Brasil","V-0105-2026","Class I","HYCOAT, Hyaluronate Sodium Sterile Solution, 50mg/10mL vial, 6 x 10mL Vials per carton, Sterile when unopened, For Veterinary Use Only, Distributed by: Neogen Corporation, Lexington, KY 40511","102,995 cartons","Microbial contamination of a sterile product.","01/28/2026","03/19/2026","N/A","02/11/2026","Lot, expiry:  0136731 , exp 2/1/2026; 0736777 , exp 7/1/2026; 0346843 , exp 3/5/2027; 5A001, exp 1/1/2028;"
"Veterinary","No","02/20/2026","98290","Ongoing","Central Valley Ag Cooperative","102 Maple St","N/A","Elgin","NE","	68636","United States","Voluntary: Firm initiated","Telephone","Retail customers located in NE","V-0098-2026","Class I","CVA Balancer w/Rumensin, BWXE007K, MEDICATED, ACTIVE DRUG INGREDIENT: Monensin (as Monensin sodium, 50 g/ton, 50 LBS Net Weight or BULK  Directions for Use: Limitations: Feed continuously in complete feed at a rate of 50 to 480 milligrams of monensin per head per day. No additional improvement in feed efficiency has been shown from feeding monensin at levels greater than 30 grams per ton (360 milligrams per head per day).  Feed this supplement at the rate of 1. to 16. lbs per head per day to provide between 25 mg and 400 mg monensin per head per day. Feed as part of the total mixed ration such as grain and hay. DO NOT FREE CHOICE FEEDS WITH MONENSIN. Always provide clean fresh drinking water at all times.  MIXING DIRECTIONS: Thoroughly mix monensin Type B Medicated Feed into the appropriate amount of non-medicated feed to obtain the correct concentration in the Type C medicated feed. Amount of Type B needed to produce the Type C medicated feed with desired level of monensin is as follows: (Desired level of monensin in Type C medicated feed / monensin g/ton in Type B) * 2000","12,055 lbs","Potential selenium toxicity. Cattle feed formulation contains incorrect levels of thiamine (low) and selenium (high).","12/18/2025","02/20/2026","N/A","02/11/2026","BWXE007K"
"Veterinary","No","02/20/2026","98290","Ongoing","Central Valley Ag Cooperative","102 Maple St","N/A","Elgin","NE","	68636","United States","Voluntary: Firm initiated","Telephone","Retail customers located in NE","V-0099-2026","Class I","Lowery Custom Mox R60, BWXE017K, MEDICATED, ACTIVE DRUG INGREDIENT: Monensin (as Monensin sodium, 60 g/ton, 50 LBS Net Weight or BULK  Directions for Use: Limitations: Feed continuously in complete feed at a rate of 50 to 480 milligrams of monensin per head per day. No additional improvement in feed efficiency has been shown from feeding monensin at levels greater than 30 grams per ton (360 milligrams per head per day). Feed this supplement at the rate of .83 to 13.33 lbs per head per day to provide between 25 mg and 400 mg monensin per head per day. Feed as part of the total mixed ration such as grain and hay. DO NOT FREE CHOICE FEEDS WITH MONENSIN. Always provide clean fresh drinking water at all times.  MIXING DIRECTIONS: Thoroughly mix monensin Type B Medicated Feed into the appropriate amount of non-medicated feed to obtain the correct concentration in the Type C medicated feed. Amount of Type B needed to produce the Type C medicated feed with desired level of monensin is as follows: (Desired level of monensin in Type C medicated feed / monensin g/ton in Type B) * 2000  MIXING DIRECTIONS: Thoroughly mix monensin Type B Medicated Feed into the appropriate amount of non-medicated feed to obtain the correct concentration in the Type C medicated feed. Amount of Type B needed to produce the Type C medicated feed with desired level of monensin is as follows: (Desired level of monensin in Type C medicated feed / monensin g/ton in Type B) * 2000","138,341 lbs","Potential selenium toxicity. Cattle feed formulation contains incorrect levels of thiamine (low) and selenium (high).","12/18/2025","02/20/2026","N/A","02/11/2026","BWXE017K"
"Veterinary","No","02/20/2026","98290","Ongoing","Central Valley Ag Cooperative","102 Maple St","N/A","Elgin","NE","	68636","United States","Voluntary: Firm initiated","Telephone","Retail customers located in NE","V-0100-2026","Class I","ELGIN Grower Mix MON, BWXE016K, MEDICATED, ACTIVE DRUG INGREDIENT: Monensin (as Monensin sodium, 36 g/ton, 50 LBS Net Weight or BULK  Directions for Use: Limitations: Feed continuously in complete feed at a rate of 50 to 480 milligrams of monensin per head per day. No additional improvement in feed efficiency has been shown from feeding monensin at levels greater than 30 grams per ton (360 milligrams per head per day).  Feed this calf feed at the rate of 2.78 to 13.89 lbs. per head per day to provide between 50 mg and 250 mg of monensin per head per day. Provide plenty of forage such as grass and hay at all times. DO NOT FREE CHOICE FEEDS WITH MONENSIN. Always provide clean and fresh drinking water at all times.","48,151 lbs","Potential selenium toxicity. Cattle feed formulation contains incorrect levels of thiamine (low) and selenium (high).","12/18/2025","02/20/2026","N/A","02/11/2026","BWXE016K"
"Veterinary","No","02/20/2026","98290","Ongoing","Central Valley Ag Cooperative","102 Maple St","N/A","Elgin","NE","	68636","United States","Voluntary: Firm initiated","Telephone","Retail customers located in NE","V-0101-2026","Class I","SCOTT BULL MIX R25, BWXE002K, MEDICATED, ACTIVE DRUG INGREDIENT: Monensin (as Monensin sodium, 25 g/ton, 50 LBS Net Weight or BULK  Directions for Use: Limitations: Limitations: Feed continuously in complete feed at a rate of 50 to 480 milligrams of monensin per head per day. No additional improvement in feed efficiency has been shown from feeding monensin at levels greater than 30 grams per ton (360 milligrams per head per day).  Feed this supplement at the rate of 20. to 28.8 lbs per head per day to provide between 250 mg and 360 mg monensin per head per day. This feed must be blended into the total mixed ration such as grain, grain byproducts, and hay. DO NOT FREE CHOICE FEEDS WITH MONENSIN. Always provide clean fresh drinking water at all times","3,002 lbs","Potential selenium toxicity. Cattle feed formulation contains incorrect levels of thiamine (low) and selenium (high).","12/18/2025","02/20/2026","N/A","02/11/2026","BWXE002K"
"Veterinary","No","02/20/2026","98290","Ongoing","Central Valley Ag Cooperative","102 Maple St","N/A","Elgin","NE","	68636","United States","Voluntary: Firm initiated","Telephone","Retail customers located in NE","V-0102-2026","Class I","K BORER BALANCER GM R50, BWXE013K, MEDICATED, ACTIVE DRUG INGREDIENT: Monensin (as Monensin sodium, 50 g/ton, 50 LBS Net Weight or BULK  Directions for Use: Limitations: Limitations: Limitations: Feed continuously in complete feed at a rate of 50 to 480 milligrams of monensin per head per day. No additional improvement in feed efficiency has been shown from feeding monensin at levels greater than 30 grams per ton (360 milligrams per head per day). Feed this supplement at the rate of 1. to 16. lbs per head per day to provide between 25 mg and 400 mg monensin per head per day. Feed as part of the total mixed ration such as grain and hay. DO NOT FREE CHOICE FEEDS WITH MONENSIN. Always provide clean fresh drinking water at all times.  MIXING DIRECTIONS: Thoroughly mix monensin Type B Medicated Feed into the appropriate amount of non-medicated feed to obtain the correct concentration in the Type C medicated feed. Amount of Type B needed to produce the Type C medicated feed with desired level of monensin is as follows: (Desired level of monensin in Type C medicated feed / monensin g/ton in Type B) * 2000","30,041 lbs","Potential selenium toxicity. Cattle feed formulation contains incorrect levels of thiamine (low) and selenium (high).","12/18/2025","02/20/2026","N/A","02/11/2026","BWXE013K"
"Veterinary","No","02/20/2026","98290","Ongoing","Central Valley Ag Cooperative","102 Maple St","N/A","Elgin","NE","	68636","United States","Voluntary: Firm initiated","Telephone","Retail customers located in NE","V-0103-2026","Class I","K BORER BALANCER GM R50 CTC700, BWXE014K, MEDICATED, ACTIVE DRUG INGREDIENT: Monensin (as Monensin sodium) 50 g/ton and Chlortetracycline 700 g/ton, 50 LBS Net Weight or BULK  Directions for Use: Limitations: Limitations: Limitations: Feeding Directions: Feed as the sole ration to provide 10 mg chlortetracycline per lb. body weight per day and 0.14 to 1.00 mg monensin per lb. body weight per day to provide, depending upon severity of coccidiosis challenge, up to 200 mg of monensin per head per day. Feed for not more than 5 days, then continue to feed monensin Type C medicated feed alone.  Feed this supplement at the rate of 1. to 16. lbs per head per day to provide between 25 mg and 400 mg monensin per head per day. Feed as part of the total mixed ration such as grain and hay. DO NOT FREE CHOICE FEEDS WITH MONENSIN. Always provide clean fresh drinking water at all times.","13,029 lbs","Potential selenium toxicity. Cattle feed formulation contains incorrect levels of thiamine (low) and selenium (high).","12/18/2025","02/20/2026","N/A","02/11/2026","BWXE014K"
"Veterinary","No","02/19/2026","98309","Ongoing","Stratford Care USA, Inc.","4027 Tampa Rd Ste 3200","N/A","Oldsmar","FL","	34677-3221","United States","Voluntary: Firm initiated","Two or more of the following: Email, Fax, Letter, Press Release, Telephone, Visit","US Nationwide, including PR and Israel.","V-0063-2026","Class II","Animal Medical Clinic, Keto-C Wipes, Ketoconazole 2% Chlorhexidine 1%, For Dogs & Cats, 50 wipes, Manufactured for: Stratford Animal Care, 4027 Tampa Road, Oldsmar, FL 34677 877-498-2002 "" www.stratfordrx.com, www.Animal-Medical-Clinic.com 4020 South Babcock St. | Melbourne, Florida 32901, UPC 1 69682 51004 4.   ","N/A","The product labeled as medicated wipes was found to contain a non-medicated otic flush due to a product mix-up that occurred at the manufacturing level. As a result, the product is misbranded and does not contain the labeled active ingredient.","01/27/2026","02/19/2026","N/A","02/11/2026","Lot # 251086, Exp Date: 03/2027"
"Veterinary","No","02/19/2026","98309","Ongoing","Stratford Care USA, Inc.","4027 Tampa Rd Ste 3200","N/A","Oldsmar","FL","	34677-3221","United States","Voluntary: Firm initiated","Two or more of the following: Email, Fax, Letter, Press Release, Telephone, Visit","US Nationwide, including PR and Israel.","V-0064-2026","Class II","Curaseb, Chlorhexidine Antiseptic Pads, for dogs & cats, 50 Pads, Anti-Fungal, Anti-Bacterial, Anti-Yeast, Manufactured for: Bexley Labs, Los Angeles, CA, Tel: 888.935.4512, www.curaseb.com   ","N/A","The product labeled as medicated wipes was found to contain a non-medicated otic flush due to a product mix-up that occurred at the manufacturing level. As a result, the product is misbranded and does not contain the labeled active ingredient.","01/27/2026","02/19/2026","N/A","02/11/2026","Lot # 251086, Exp Date: 03/2027"
"Veterinary","No","02/19/2026","98309","Ongoing","Stratford Care USA, Inc.","4027 Tampa Rd Ste 3200","N/A","Oldsmar","FL","	34677-3221","United States","Voluntary: Firm initiated","Two or more of the following: Email, Fax, Letter, Press Release, Telephone, Visit","US Nationwide, including PR and Israel.","V-0065-2026","Class II","Boca Village Animal Hospital, Chlorhexidine 2%, Ketoconazole 1%, Antiseptic Wipes, 50 ct, For Dogs & Cats, Distributed by: Stratford Animal Care, 4027 Tampa Road, Oldsmar, FL 34677, 877-498-2002, www.stratfordrx.com","N/A","The product labeled as medicated wipes was found to contain a non-medicated otic flush due to a product mix-up that occurred at the manufacturing level. As a result, the product is misbranded and does not contain the labeled active ingredient.","01/27/2026","02/19/2026","N/A","02/11/2026","Lot # 251086, Exp Date: 03/2027"
"Veterinary","No","02/19/2026","98309","Ongoing","Stratford Care USA, Inc.","4027 Tampa Rd Ste 3200","N/A","Oldsmar","FL","	34677-3221","United States","Voluntary: Firm initiated","Two or more of the following: Email, Fax, Letter, Press Release, Telephone, Visit","US Nationwide, including PR and Israel.","V-0066-2026","Class II","Clint Moore Animal Hospital, Antiseptic Wipes, 50 Wipes, Distributed by: Stratford Animal Care "" Oldsmar, FL 34677 "" 877-498-2002","N/A","The product labeled as medicated wipes was found to contain a non-medicated otic flush due to a product mix-up that occurred at the manufacturing level. As a result, the product is misbranded and does not contain the labeled active ingredient.","01/27/2026","02/19/2026","N/A","02/11/2026","Lot # 251086, Exp Date: 03/2027"
"Veterinary","No","02/19/2026","98309","Ongoing","Stratford Care USA, Inc.","4027 Tampa Rd Ste 3200","N/A","Oldsmar","FL","	34677-3221","United States","Voluntary: Firm initiated","Two or more of the following: Email, Fax, Letter, Press Release, Telephone, Visit","US Nationwide, including PR and Israel.","V-0067-2026","Class II","Deer Park Animal Hospital, Keto-C Wipes, Formulated for Dogs, Cats, & Horses, 50 Wipes, Manufactured for: Stratford Animal Care, Odessa, FL 33556, 877-498-2002, www.stratfordrx.com","N/A","The product labeled as medicated wipes was found to contain a non-medicated otic flush due to a product mix-up that occurred at the manufacturing level. As a result, the product is misbranded and does not contain the labeled active ingredient.","01/27/2026","02/19/2026","N/A","02/11/2026","Lot # 251086, Exp Date: 03/2027"
"Veterinary","No","02/19/2026","98309","Ongoing","Stratford Care USA, Inc.","4027 Tampa Rd Ste 3200","N/A","Oldsmar","FL","	34677-3221","United States","Voluntary: Firm initiated","Two or more of the following: Email, Fax, Letter, Press Release, Telephone, Visit","US Nationwide, including PR and Israel.","V-0068-2026","Class II","Duke Animal Clinic, Medicated Ketoconazole & Chlorhexidine Wipes, For Dogs, Cats, & Horses, 50 Wipes- Cucumber Melon Scent, Duke Animal Clinic 1962 Schillinger Road South, Mobile, Alabama 36695.","N/A","The product labeled as medicated wipes was found to contain a non-medicated otic flush due to a product mix-up that occurred at the manufacturing level. As a result, the product is misbranded and does not contain the labeled active ingredient.","01/27/2026","02/19/2026","N/A","02/11/2026","Lot # 251086, Exp Date: 03/2027"
"Veterinary","No","02/19/2026","98309","Ongoing","Stratford Care USA, Inc.","4027 Tampa Rd Ste 3200","N/A","Oldsmar","FL","	34677-3221","United States","Voluntary: Firm initiated","Two or more of the following: Email, Fax, Letter, Press Release, Telephone, Visit","US Nationwide, including PR and Israel.","V-0069-2026","Class II","Eco Deco Pet Hospital, Keto-C Wipes, Net Contents: 50 Wipes, For Dogs & Cats, Manufactured for: Stratford Animal Care, 4027 Tampa Road, Oldsmar, FL 33556, Eco Deco Pet Hospital, 1539 Alton Road, Miami Beach, FL 33139.","N/A","The product labeled as medicated wipes was found to contain a non-medicated otic flush due to a product mix-up that occurred at the manufacturing level. As a result, the product is misbranded and does not contain the labeled active ingredient.","01/27/2026","02/19/2026","N/A","02/11/2026","Lot # 251086, Exp Date: 03/2027"
"Veterinary","No","02/19/2026","98309","Ongoing","Stratford Care USA, Inc.","4027 Tampa Rd Ste 3200","N/A","Oldsmar","FL","	34677-3221","United States","Voluntary: Firm initiated","Two or more of the following: Email, Fax, Letter, Press Release, Telephone, Visit","US Nationwide, including PR and Israel.","V-0070-2026","Class II","Emancipet, Ketoconazole & Chlorhexidine wipes, For Dogs & Cats, 50 Wipes, 1-866-441-9248, www.emancipet.org","N/A","The product labeled as medicated wipes was found to contain a non-medicated otic flush due to a product mix-up that occurred at the manufacturing level. As a result, the product is misbranded and does not contain the labeled active ingredient.","01/27/2026","02/19/2026","N/A","02/11/2026","Lot # 251086, Exp Date: 03/2027"
"Veterinary","No","02/19/2026","98309","Ongoing","Stratford Care USA, Inc.","4027 Tampa Rd Ste 3200","N/A","Oldsmar","FL","	34677-3221","United States","Voluntary: Firm initiated","Two or more of the following: Email, Fax, Letter, Press Release, Telephone, Visit","US Nationwide, including PR and Israel.","V-0071-2026","Class II","ChloraSeb, Antiseptic Wipes, Chlorhexidine 2% Ketoconazole 1%, With Soothing Aloe Vera, 50 Pledget Wipes, For Dogs & Cats, Distributed by: PHS Pet Health Solutions, 34485 7th St., Union City, CA 94587, pethealthsolutions.com, UPC 8 14087 00590 8.","N/A","The product labeled as medicated wipes was found to contain a non-medicated otic flush due to a product mix-up that occurred at the manufacturing level. As a result, the product is misbranded and does not contain the labeled active ingredient.","01/27/2026","02/19/2026","N/A","02/11/2026","Lot # 251086, Exp Date: 03/2027"
"Veterinary","No","02/19/2026","98309","Ongoing","Stratford Care USA, Inc.","4027 Tampa Rd Ste 3200","N/A","Oldsmar","FL","	34677-3221","United States","Voluntary: Firm initiated","Two or more of the following: Email, Fax, Letter, Press Release, Telephone, Visit","US Nationwide, including PR and Israel.","V-0072-2026","Class II","Island Animal Hospital, Keto-C Wipes, For Dogs, Cats, & Horses, Antiseptic Wipes, Chlorhexidine 2%, Ketoconazole 1%, 50ct Wipes, Visit: Island Animal Hospital at Viera, 5485 Lorkey Lane, Melbourne, FL 32940, Stratford Animal Care, 4027 Tampa Road, Oldsmar, FL 34677.","N/A","The product labeled as medicated wipes was found to contain a non-medicated otic flush due to a product mix-up that occurred at the manufacturing level. As a result, the product is misbranded and does not contain the labeled active ingredient.","01/27/2026","02/19/2026","N/A","02/11/2026","Lot # 251086, Exp Date: 03/2027"
"Veterinary","No","02/19/2026","98309","Ongoing","Stratford Care USA, Inc.","4027 Tampa Rd Ste 3200","N/A","Oldsmar","FL","	34677-3221","United States","Voluntary: Firm initiated","Two or more of the following: Email, Fax, Letter, Press Release, Telephone, Visit","US Nationwide, including PR and Israel.","V-0073-2026","Class II","King's Crossing Animal Hospital, Keto-C Wipes, 50 Wipes, Formulate for Dogs, Cats & Horses, For Veterinary Use Only, King s Crossing Animal Hospital, 7607 NC Hwy 68 N Suite E Oak Ridge, NC 27310, 336-644-7606, Manufactured for:  Stratford Animal Care, 4027 Tampa Road, Oldsmar, FL 34677.","N/A","The product labeled as medicated wipes was found to contain a non-medicated otic flush due to a product mix-up that occurred at the manufacturing level. As a result, the product is misbranded and does not contain the labeled active ingredient.","01/27/2026","02/19/2026","N/A","02/11/2026","Lot # 251086, Exp Date: 03/2027"
"Veterinary","No","02/19/2026","98309","Ongoing","Stratford Care USA, Inc.","4027 Tampa Rd Ste 3200","N/A","Oldsmar","FL","	34677-3221","United States","Voluntary: Firm initiated","Two or more of the following: Email, Fax, Letter, Press Release, Telephone, Visit","US Nationwide, including PR and Israel.","V-0074-2026","Class II","Lake Forest Animal Clinic, KC Medicated, Chlorhexidine 2%, Ketoconazole 1%, 50 Wipes, For Dogs, Cats & Horses, Distributed by: Stratford Animal Care, 4027 Tampa Road, Oldsmar, FL 34677.","N/A","The product labeled as medicated wipes was found to contain a non-medicated otic flush due to a product mix-up that occurred at the manufacturing level. As a result, the product is misbranded and does not contain the labeled active ingredient.","01/27/2026","02/19/2026","N/A","02/11/2026","Lot # 251086, Exp Date: 03/2027"
"Veterinary","No","02/19/2026","98309","Ongoing","Stratford Care USA, Inc.","4027 Tampa Rd Ste 3200","N/A","Oldsmar","FL","	34677-3221","United States","Voluntary: Firm initiated","Two or more of the following: Email, Fax, Letter, Press Release, Telephone, Visit","US Nationwide, including PR and Israel.","V-0075-2026","Class II","Lake Oconee Animal Hospital, Keto-C Wipes, 50 Wipes, For Dogs, Cats & Horses, For Veterinary Use Only, Lake Oconee Animal Hospital, 613 Old Phoenix Road, Eatonton, Georgia 31024, Distributed by: Stratford Animal Care, 4027 Tampa Road, Oldsmar, FL 34677.","N/A","The product labeled as medicated wipes was found to contain a non-medicated otic flush due to a product mix-up that occurred at the manufacturing level. As a result, the product is misbranded and does not contain the labeled active ingredient.","01/27/2026","02/19/2026","N/A","02/11/2026","Lot # 251086, Exp Date: 03/2027"
"Veterinary","No","02/19/2026","98309","Ongoing","Stratford Care USA, Inc.","4027 Tampa Rd Ste 3200","N/A","Oldsmar","FL","	34677-3221","United States","Voluntary: Firm initiated","Two or more of the following: Email, Fax, Letter, Press Release, Telephone, Visit","US Nationwide, including PR and Israel.","V-0076-2026","Class II","Mills Animal Hospital, Ketoconazole & Chlorhexidine Wipes, 50 Wipes, Cucumber Melon, For Dogs & Cats, Mills Animal Hospital, 4514 N. Cobb Pkwy NW, Suite 112, Acworth, GA 30101, 415 Villa Rica Way SW, Marietta, GA 30064, Distributed by: Stratford Animal Care, 4027 Tampa Road, Oldsmar, FL 34677.","N/A","The product labeled as medicated wipes was found to contain a non-medicated otic flush due to a product mix-up that occurred at the manufacturing level. As a result, the product is misbranded and does not contain the labeled active ingredient.","01/27/2026","02/19/2026","N/A","02/11/2026","Lot # 251086, Exp Date: 03/2027"
"Veterinary","No","02/19/2026","98309","Ongoing","Stratford Care USA, Inc.","4027 Tampa Rd Ste 3200","N/A","Oldsmar","FL","	34677-3221","United States","Voluntary: Firm initiated","Two or more of the following: Email, Fax, Letter, Press Release, Telephone, Visit","US Nationwide, including PR and Israel.","V-0077-2026","Class II","Mt Orab Veterinary Clinic, Dr. Hayes's Keto-C Wipes, Net Contents: 50 Wipes, Distributed by: Stratford Animal Care, 4027 Tampa Road, Oldsmar, FL 34677, Mt Orab Veterinary Clinic, 463 W Main St., Mt Orab, OH 45154.","N/A","The product labeled as medicated wipes was found to contain a non-medicated otic flush due to a product mix-up that occurred at the manufacturing level. As a result, the product is misbranded and does not contain the labeled active ingredient.","01/27/2026","02/19/2026","N/A","02/11/2026","Lot # 251086, Exp Date: 03/2027"
"Veterinary","No","02/19/2026","98309","Ongoing","Stratford Care USA, Inc.","4027 Tampa Rd Ste 3200","N/A","Oldsmar","FL","	34677-3221","United States","Voluntary: Firm initiated","Two or more of the following: Email, Fax, Letter, Press Release, Telephone, Visit","US Nationwide, including PR and Israel.","V-0078-2026","Class II","VetOne, KetoHex, Wipes, Chlorhexidine & Ketoconazole, Net Contents: 50 Wipes, Cucumber Melon, Antiseptic cleansing pads for use on dogs, cats, and horses, Distributed by: MWI, Boise, ID 83705, UPC 3 86136 01650 5, NDC 86136-016-50. ","N/A","The product labeled as medicated wipes was found to contain a non-medicated otic flush due to a product mix-up that occurred at the manufacturing level. As a result, the product is misbranded and does not contain the labeled active ingredient.","01/27/2026","02/19/2026","N/A","02/11/2026","Lot # 251086, Exp Date: 03/2027"
"Veterinary","No","02/19/2026","98309","Ongoing","Stratford Care USA, Inc.","4027 Tampa Rd Ste 3200","N/A","Oldsmar","FL","	34677-3221","United States","Voluntary: Firm initiated","Two or more of the following: Email, Fax, Letter, Press Release, Telephone, Visit","US Nationwide, including PR and Israel.","V-0079-2026","Class II","Noah's Animal Hospital, Keto-C Wipes, 50 Wipes, For Dogs, Cats & Horses, Manufactured for: Stratford Animal Care, 4027 Tampa Road, 4027 Tampa Road, Oldsmar, FL 34667.","N/A","The product labeled as medicated wipes was found to contain a non-medicated otic flush due to a product mix-up that occurred at the manufacturing level. As a result, the product is misbranded and does not contain the labeled active ingredient.","01/27/2026","02/19/2026","N/A","02/11/2026","Lot # 251086, Exp Date: 03/2027"
"Veterinary","No","02/19/2026","98309","Ongoing","Stratford Care USA, Inc.","4027 Tampa Rd Ste 3200","N/A","Oldsmar","FL","	34677-3221","United States","Voluntary: Firm initiated","Two or more of the following: Email, Fax, Letter, Press Release, Telephone, Visit","US Nationwide, including PR and Israel.","V-0080-2026","Class II","OBT & Orange Ave Pet Doc Hospital, Keto-C, Antiseptic Wipes, 50 wipes, Distributed By: Stratford Animal Care, 4027 Tampa Road, 4027 Tampa Road, Oldsmar, FL 34667, OBT & Orange Ave, 737 W. Oak Ridge Rd., Orlando, FL 32809","N/A","The product labeled as medicated wipes was found to contain a non-medicated otic flush due to a product mix-up that occurred at the manufacturing level. As a result, the product is misbranded and does not contain the labeled active ingredient.","01/27/2026","02/19/2026","N/A","02/11/2026","Lot # 251086, Exp Date: 03/2027"
"Veterinary","No","02/19/2026","98309","Ongoing","Stratford Care USA, Inc.","4027 Tampa Rd Ste 3200","N/A","Oldsmar","FL","	34677-3221","United States","Voluntary: Firm initiated","Two or more of the following: Email, Fax, Letter, Press Release, Telephone, Visit","US Nationwide, including PR and Israel.","V-0081-2026","Class II","Old Shell Animal Hospital, Keto-C Antiseptic Wipes, 50 Wipes, For Dogs Cats, Distributed By: Stratford Animal Care, 4027 Tampa Road, Oldsmar, FL 34677, Old Shell Road Small Animal Hospital, 2658 Old Shell Road, Mobile, AL 36607.","N/A","The product labeled as medicated wipes was found to contain a non-medicated otic flush due to a product mix-up that occurred at the manufacturing level. As a result, the product is misbranded and does not contain the labeled active ingredient.","01/27/2026","02/19/2026","N/A","02/11/2026","Lot # 251086, Exp Date: 03/2027"
"Veterinary","No","02/19/2026","98309","Ongoing","Stratford Care USA, Inc.","4027 Tampa Rd Ste 3200","N/A","Oldsmar","FL","	34677-3221","United States","Voluntary: Firm initiated","Two or more of the following: Email, Fax, Letter, Press Release, Telephone, Visit","US Nationwide, including PR and Israel.","V-0082-2026","Class II","Oxford Animal Hospital, Ketoconazole & Chlorhexidine Wipes, 50 Wipes, Chlorhexidine 2% & Ketoconazole 1%, Made for Dogs, Cats & Horses, Oxford Animal Hospital, 3935 County Road 201, Oxford, FL 34484. ","N/A","The product labeled as medicated wipes was found to contain a non-medicated otic flush due to a product mix-up that occurred at the manufacturing level. As a result, the product is misbranded and does not contain the labeled active ingredient.","01/27/2026","02/19/2026","N/A","02/11/2026","Lot # 251086, Exp Date: 03/2027"
"Veterinary","No","02/19/2026","98309","Ongoing","Stratford Care USA, Inc.","4027 Tampa Rd Ste 3200","N/A","Oldsmar","FL","	34677-3221","United States","Voluntary: Firm initiated","Two or more of the following: Email, Fax, Letter, Press Release, Telephone, Visit","US Nationwide, including PR and Israel.","V-0083-2026","Class II","Pamlico Animal Hospital, Ketoconazole & Chlorhexidine, Antiseptic Wipes, 50 Wipes, For Dogs & Cats, Manufactured for: Pamlico Animal Hospital, 3005 John Small Ave., Washington, NC 27889.","N/A","The product labeled as medicated wipes was found to contain a non-medicated otic flush due to a product mix-up that occurred at the manufacturing level. As a result, the product is misbranded and does not contain the labeled active ingredient.","01/27/2026","02/19/2026","N/A","02/11/2026","Lot # 251086, Exp Date: 03/2027"
"Veterinary","No","02/19/2026","98309","Ongoing","Stratford Care USA, Inc.","4027 Tampa Rd Ste 3200","N/A","Oldsmar","FL","	34677-3221","United States","Voluntary: Firm initiated","Two or more of the following: Email, Fax, Letter, Press Release, Telephone, Visit","US Nationwide, including PR and Israel.","V-0084-2026","Class II","Pet Wellness Clinics, Keto-C Wipes, Formulated for Dogs, Cats & Horses, For Veterinary Use Only, 50 Wipes, Pet Wellness Clinics, 317-516-5921, www.PetWellnessClinics.com, Manufactured for: Stratford Animal Care, 4027 Tampa Road Suite 3200 Oldsmar, FL 34677.","N/A","The product labeled as medicated wipes was found to contain a non-medicated otic flush due to a product mix-up that occurred at the manufacturing level. As a result, the product is misbranded and does not contain the labeled active ingredient.","01/27/2026","02/19/2026","N/A","02/11/2026","Lot # 251086, Exp Date: 03/2027"
"Veterinary","No","02/19/2026","98309","Ongoing","Stratford Care USA, Inc.","4027 Tampa Rd Ste 3200","N/A","Oldsmar","FL","	34677-3221","United States","Voluntary: Firm initiated","Two or more of the following: Email, Fax, Letter, Press Release, Telephone, Visit","US Nationwide, including PR and Israel.","V-0085-2026","Class II","DermatoVet Professional Formula, Keto-C Wipes, For Dogs, Cats & Horses, 50 Wipes, For Veterinary Use Only, Distributed By: Pet-Vet Biomed, Petach Tikva, Israel, Made in the USA.","N/A","The product labeled as medicated wipes was found to contain a non-medicated otic flush due to a product mix-up that occurred at the manufacturing level. As a result, the product is misbranded and does not contain the labeled active ingredient.","01/27/2026","02/19/2026","N/A","02/11/2026","Lot # 251086, Exp Date: 03/2027"
"Veterinary","No","02/19/2026","98309","Ongoing","Stratford Care USA, Inc.","4027 Tampa Rd Ste 3200","N/A","Oldsmar","FL","	34677-3221","United States","Voluntary: Firm initiated","Two or more of the following: Email, Fax, Letter, Press Release, Telephone, Visit","US Nationwide, including PR and Israel.","V-0086-2026","Class II","PICCARDMEDS4PETS, Keto-Itch Antiseptic Wipes, Net Contents 50 Wipes, Cucumber Melon Scent, For Veterinary Use Only, Formulated for Dogs, Cats, & Horses, Distributed by: PiccardMeds4Pets, Stone Brook LLC - DBA PetPals Club, 1200 Riverplace Blvd, Suite 105-1394, Jacksonville, FL 32207, UPC 8 50053 06632 0.","N/A","The product labeled as medicated wipes was found to contain a non-medicated otic flush due to a product mix-up that occurred at the manufacturing level. As a result, the product is misbranded and does not contain the labeled active ingredient.","01/27/2026","02/19/2026","N/A","02/11/2026","Lot # 251086, Exp Date: 03/2027"
"Veterinary","No","02/19/2026","98309","Ongoing","Stratford Care USA, Inc.","4027 Tampa Rd Ste 3200","N/A","Oldsmar","FL","	34677-3221","United States","Voluntary: Firm initiated","Two or more of the following: Email, Fax, Letter, Press Release, Telephone, Visit","US Nationwide, including PR and Israel.","V-0087-2026","Class II","Sanum PR Inc, Chlorhexidine & Ketoconazole Medicated Wipes, 50 Ct Wipes, For Dogs & Cats, Solution for Topical Management of Skin Conditions, Chlorhexidine 2%, Ketoconazole 1%, Sanum PR INC, Trujillo Alto, 00976, Puerto Rico, 787-755-6225, Distributed by: Stratford Animal Care, 4027 Tampa Road, Oldsmar, FL 34677.","N/A","The product labeled as medicated wipes was found to contain a non-medicated otic flush due to a product mix-up that occurred at the manufacturing level. As a result, the product is misbranded and does not contain the labeled active ingredient.","01/27/2026","02/19/2026","N/A","02/11/2026","Lot # 251086, Exp Date: 03/2027"
"Veterinary","No","02/19/2026","98309","Ongoing","Stratford Care USA, Inc.","4027 Tampa Rd Ste 3200","N/A","Oldsmar","FL","	34677-3221","United States","Voluntary: Firm initiated","Two or more of the following: Email, Fax, Letter, Press Release, Telephone, Visit","US Nationwide, including PR and Israel.","V-0088-2026","Class II","Southport Animal Hospital, Antiseptic medicated wipes, Chlorhexidine 2%, Ketoconazole 1%, 50 CT, For Dogs, Cats & Horses, Distributed by: Stratford Animal Care, 4027 Tampa Road, Oldsmar, FL 34677, Southport Animal Hospital, 2200 S Andrews Ave West, Fort Lauderdale, FL 33316.","N/A","The product labeled as medicated wipes was found to contain a non-medicated otic flush due to a product mix-up that occurred at the manufacturing level. As a result, the product is misbranded and does not contain the labeled active ingredient.","01/27/2026","02/19/2026","N/A","02/11/2026","Lot # 251086, Exp Date: 03/2027"
"Veterinary","No","02/19/2026","98309","Ongoing","Stratford Care USA, Inc.","4027 Tampa Rd Ste 3200","N/A","Oldsmar","FL","	34677-3221","United States","Voluntary: Firm initiated","Two or more of the following: Email, Fax, Letter, Press Release, Telephone, Visit","US Nationwide, including PR and Israel.","V-0089-2026","Class II","Stratford, Keto-C, Antiseptic Wipes, Chlorhexidine 2%, Ketoconazole 1%, 50 CT, For Dogs, Cats & Horses, Distributed by: Stratford Animal Care, 4027 Tampa Road, Oldsmar, FL 34677, Southport Animal Hospital, 2200 S Andrews Ave West, Fort Lauderdale, FL 33316.","N/A","The product labeled as medicated wipes was found to contain a non-medicated otic flush due to a product mix-up that occurred at the manufacturing level. As a result, the product is misbranded and does not contain the labeled active ingredient.","01/27/2026","02/19/2026","N/A","02/11/2026","Lot # 251086, Exp Date: 03/2027"
"Veterinary","No","02/19/2026","98309","Ongoing","Stratford Care USA, Inc.","4027 Tampa Rd Ste 3200","N/A","Oldsmar","FL","	34677-3221","United States","Voluntary: Firm initiated","Two or more of the following: Email, Fax, Letter, Press Release, Telephone, Visit","US Nationwide, including PR and Israel.","V-0090-2026","Class II","Tavares Crossroads Veterinary Clinic, Antiseptic Wipes, Chlorhexidine 2%, Ketoconazole 1%, 50 CT, Formulated for Dogs & Cats, Cucumber Melon Scent, Tavares Crossroads Veterinary Clinic, 2030 State Road 19, Tavares, FL 32778.","N/A","The product labeled as medicated wipes was found to contain a non-medicated otic flush due to a product mix-up that occurred at the manufacturing level. As a result, the product is misbranded and does not contain the labeled active ingredient.","01/27/2026","02/19/2026","N/A","02/11/2026","Lot # 251086, Exp Date: 03/2027"
"Veterinary","No","02/19/2026","98309","Ongoing","Stratford Care USA, Inc.","4027 Tampa Rd Ste 3200","N/A","Oldsmar","FL","	34677-3221","United States","Voluntary: Firm initiated","Two or more of the following: Email, Fax, Letter, Press Release, Telephone, Visit","US Nationwide, including PR and Israel.","V-0091-2026","Class II","SensoVet, Animal Health & Wellness, Antiseptic, Chlorhexidine, Medicated Wipes, 50 Wipes, Veterinarian Developed, Chlorhexidine 2%, Ketoconazole 1%, For Dogs and Cats, Manufactured for: SensoVet, Jersey City, NJ 07307, UPC 5 060934 420171.","N/A","The product labeled as medicated wipes was found to contain a non-medicated otic flush due to a product mix-up that occurred at the manufacturing level. As a result, the product is misbranded and does not contain the labeled active ingredient.","01/27/2026","02/19/2026","N/A","02/11/2026","Lot # 251086, Exp Date: 03/2027"
"Veterinary","No","02/19/2026","98309","Ongoing","Stratford Care USA, Inc.","4027 Tampa Rd Ste 3200","N/A","Oldsmar","FL","	34677-3221","United States","Voluntary: Firm initiated","Two or more of the following: Email, Fax, Letter, Press Release, Telephone, Visit","US Nationwide, including PR and Israel.","V-0092-2026","Class II","PetScy, Keto Skin Wipes, 50 Wipes, For Dogs & Cats, Cucumber Melon Scent, Antibacterial/Antifungal, Medicated Wipes, Manufactured For: PetScy Inc, Po Box #2685, Oldsmar, FL 33556, UPC 199284989214.","N/A","The product labeled as medicated wipes was found to contain a non-medicated otic flush due to a product mix-up that occurred at the manufacturing level. As a result, the product is misbranded and does not contain the labeled active ingredient.","01/27/2026","02/19/2026","N/A","02/11/2026","Lot # 251086, Exp Date: 03/2027"
"Veterinary","No","02/19/2026","98309","Ongoing","Stratford Care USA, Inc.","4027 Tampa Rd Ste 3200","N/A","Oldsmar","FL","	34677-3221","United States","Voluntary: Firm initiated","Two or more of the following: Email, Fax, Letter, Press Release, Telephone, Visit","US Nationwide, including PR and Israel.","V-0093-2026","Class II","Warsaw Animal Hospital, Wipes for Dogs & Cats, Ketoconazole & Chlorhexidine, 50 Wipes, Manufactured for: Warsaw Animal Hospital, 1472 NC 24 50 HWY. Warsaw, NC 28398.","N/A","The product labeled as medicated wipes was found to contain a non-medicated otic flush due to a product mix-up that occurred at the manufacturing level. As a result, the product is misbranded and does not contain the labeled active ingredient.","01/27/2026","02/19/2026","N/A","02/11/2026","Lot # 251086, Exp Date: 03/2027"
"Veterinary","No","02/19/2026","98309","Ongoing","Stratford Care USA, Inc.","4027 Tampa Rd Ste 3200","N/A","Oldsmar","FL","	34677-3221","United States","Voluntary: Firm initiated","Two or more of the following: Email, Fax, Letter, Press Release, Telephone, Visit","US Nationwide, including PR and Israel.","V-0094-2026","Class II","Weakley County Animal Clinic, Keto-C Antiseptic Wipes, Net Contents: 50 Wipes, Formulated for Dogs, Cats & Horses, Distributed By: Stratford Animal Care, 4027 Tampa Road, Oldsmar, FL 34677, Weakley County Animal Clinic, 110 Weldon Dr., Martin, TN 38237.","N/A","The product labeled as medicated wipes was found to contain a non-medicated otic flush due to a product mix-up that occurred at the manufacturing level. As a result, the product is misbranded and does not contain the labeled active ingredient.","01/27/2026","02/19/2026","N/A","02/11/2026","Lot # 251086, Exp Date: 03/2027"
"Veterinary","No","02/19/2026","98309","Ongoing","Stratford Care USA, Inc.","4027 Tampa Rd Ste 3200","N/A","Oldsmar","FL","	34677-3221","United States","Voluntary: Firm initiated","Two or more of the following: Email, Fax, Letter, Press Release, Telephone, Visit","US Nationwide, including PR and Israel.","V-0095-2026","Class II","West Orange Animal Hospital, Keto-C Wipes, 50 Wipes, West Orange Animal Hospital, 360 Northfield Ave, West Orange, NJ 07052, Manufactured for: Stratford Animal Care, 4027 Tampa Road, Oldsmar, FL 34677.","N/A","The product labeled as medicated wipes was found to contain a non-medicated otic flush due to a product mix-up that occurred at the manufacturing level. As a result, the product is misbranded and does not contain the labeled active ingredient.","01/27/2026","02/19/2026","N/A","02/11/2026","Lot # 251086, Exp Date: 03/2027"
"Veterinary","No","02/19/2026","98309","Ongoing","Stratford Care USA, Inc.","4027 Tampa Rd Ste 3200","N/A","Oldsmar","FL","	34677-3221","United States","Voluntary: Firm initiated","Two or more of the following: Email, Fax, Letter, Press Release, Telephone, Visit","US Nationwide, including PR and Israel.","V-0096-2026","Class II","Wheatland Animal Hospital, Ketoconazole & Chlorhexidine Wipes, Cucumber Melon, 50 Wipes, Formulated for Dogs, Cats & Horses, Wheatland Animal Hospital, 24041 103rd St., Naperville, IL 60564.","N/A","The product labeled as medicated wipes was found to contain a non-medicated otic flush due to a product mix-up that occurred at the manufacturing level. As a result, the product is misbranded and does not contain the labeled active ingredient.","01/27/2026","02/19/2026","N/A","02/11/2026","Lot # 251086, Exp Date: 03/2027"
"Veterinary","No","02/19/2026","98309","Ongoing","Stratford Care USA, Inc.","4027 Tampa Rd Ste 3200","N/A","Oldsmar","FL","	34677-3221","United States","Voluntary: Firm initiated","Two or more of the following: Email, Fax, Letter, Press Release, Telephone, Visit","US Nationwide, including PR and Israel.","V-0097-2026","Class II","Wilson Veterinary Hospital, Medicated CK Antiseptic Wipes, Chlorhexidine 2%, Ketoconazole 1%, 50 CT, For Dogs, Cats & Horses, Distributed by: Stratford Animal Care, 4027 Tampa Road, Oldsmar, FL 34677, Wilson Veterinary Hospital, 12000 Durham St, Washington, MI 48095.","N/A","The product labeled as medicated wipes was found to contain a non-medicated otic flush due to a product mix-up that occurred at the manufacturing level. As a result, the product is misbranded and does not contain the labeled active ingredient.","01/27/2026","02/19/2026","N/A","02/11/2026","Lot # 251086, Exp Date: 03/2027"
"Veterinary","No","03/19/2026","98352","Ongoing","Neogen Corporation","740 E Shiawassee St","N/A","Lansing","MI","	48912-1218","United States","Voluntary: Firm initiated","Two or more of the following: Email, Fax, Letter, Press Release, Telephone, Visit","Nationwide in the USA, Chile, Columbia and Brasil","V-0106-2026","Class I","HYCOAT, Hyaluronate Sodium Sterile Solution, 20mg/2mL vial, 10 x 2mL Vials per carton, Sterile when unopened, For Veterinary Use Only, Distributed by: Neogen Corporation, Lexington, KY 40511","100,438 cartons","Microbial contamination of a sterile product.","01/28/2026","03/19/2026","N/A","02/11/2026","Lot, expiry:  0236735 exp,  2/1/2026 ; 0236736 exp,  2/1/2026 ; 0336746 exp,  3/1/2026 ; 0336747 exp,  3/2/2026 ; 0536760 exp,  5/1/2026 ; 0536761 exp,  5/2/2026 ; 0636768 exp,  6/1/2026 ; 0636769 exp,  6/2/2026 ; 0836792 exp,  7/1/2026 ; 0836785 exp,  8/1/2026 ; 0836788 exp,  8/1/2026 ; 0836789 exp,  8/2/2026 ; 0936794 exp,  9/1/2026 ; 0936795 exp,  9/2/2026 ; 1036801 exp,  10/1/2026 ; 1036802 exp,  10/2/2026 ; 1036803 exp,  10/1/2026 ; 1036804 exp,  10/2/2026 ; 1136807 exp,  11/1/2026 ; 1136808 exp,  11/2/2026 ; 0246837 exp,  2/5/2027 ; 0246838 exp,  2/5/2027 ; 4L001B exp,  11/1/2027 ; 4L002 exp,  12/1/2027 ;"
"Veterinary","No","03/23/2026","98446","Terminated","Go Raw, LLC DBA Steve's Real Food","2034 E Fort Union Blvd","N/A","Cottonwood","UT","	84121-3144","United States","Voluntary: Firm initiated","Two or more of the following: Email, Fax, Letter, Press Release, Telephone, Visit","Distributed in the following states: CO, UT, WA, OR, PA, RI, MI, CA, TX, IL, GA, NC, SC, FL, MN, NY, OH, WI, PA, ID & MT.","V-0108-2026","Class I","Quest Cat Food Chicken Freeze Dried Nuggets - shelf stable 10 oz bag - UPC 6-9173018103-1  Distributed by Steves Real Food Aumsville OR 97086.","total of 60 cases 10/10 oz bags/case","Inadequate levels of thiamine for cats.","02/13/2026","03/23/2026","06/11/2026","03/25/2026","Lot # C25288  BBD 10/15/27"
"Veterinary","No","04/09/2026","98465","Ongoing","Pretty Bird International, Inc","31008 Foxhill Ave","N/A","Stacy","MN","	55079-9511","United States","Voluntary: Firm initiated","E-Mail","Nationwide","V-0113-2026","Class I","Young Again Pet Food, Core Health, Dog Food.  For Breeds 30 lbs & up.  Medium - Large Dog & Puppy Formula.  Packaged in the following sized containers:   1.  Net Weight 10 lbs.  UPC 7 16432-92570;    2.  Net Weight 25 lbs. (11.34 kg)   UPC 7 16432-92574 2.  Young Again Pet Foods, LLC., 31008 Fox Hill Avenue, Stacy, Minnesota  55079-9511","4,375 lbs. total","Dog food tested presumptive Salmonella positive.","02/18/2026","04/09/2026","N/A","03/18/2026","Best By Date of 102826"
"Veterinary","No","03/19/2026","98474","Terminated","elite treats LLC","9458 Royal Woods Manor","N/A","Boca Raton","FL","	33434","United States","Voluntary: Firm initiated","Two or more of the following: Email, Fax, Letter, Press Release, Telephone, Visit","Product was distributed to Alabama, Florida, Georgia, North Carolina and South Carolina","V-0107-2026","Class I","All Natural Chicken Chips for Dogs 100 % Real Whole Chicken Breast, Nt Wt. 6oz (170g), 6- 6oz (170g) bags per case. manufactured by: Elite Treats, LLC Boca Raton, FL elite.treats@yahoo.com. UPC 976446 391820","60 - 6-ounce bags","Potential contamination with Salmonella","02/19/2026","03/19/2026","04/15/2026","03/04/2026","Lot 24045   EXP 04/27"
"Veterinary","No","03/18/2026","98491","Ongoing","Huvepharma EAD","Floor 5, Iztok District","Nikolay Haytov 3A","Sofia","N/A","	N/A","Bulgaria","Voluntary: Firm initiated","Two or more of the following: Email, Fax, Letter, Press Release, Telephone, Visit","MS","V-0104-2026","Class II","BioCox 60 Type A Medicated Article, Brand of Salinomycin Sodium, 60g/lb, Net wt 50 lbs (22.68) per bag, Distributed by: Huvepharma, Inc., Peachtree City, GA 30269. NDC 23243-6807-5","80 bags","Failed to meet stability specification requirements for assay at the 6M and 9M timepoints.","02/19/2026","03/18/2026","N/A","03/18/2026","Lot HSK50067"
"Veterinary","No","03/23/2026","98446","Terminated","Go Raw, LLC DBA Steve's Real Food","2034 E Fort Union Blvd","N/A","Cottonwood","UT","	84121-3144","United States","Voluntary: Firm initiated","Two or more of the following: Email, Fax, Letter, Press Release, Telephone, Visit","Distributed in the following states: CO, UT, WA, OR, PA, RI, MI, CA, TX, IL, GA, NC, SC, FL, MN, NY, OH, WI, PA, ID & MT.","V-0109-2026","Class I","Quest Cat Food Chicken Recipe Frozen. Sold in beige, zip-lock, keep frozen refrigerate upon opening 2 lb bag - UPC 6-91730-17104-9. Distributed by Steves Real Food Aumsville OR 97086","MCC25321 total of 74 cases 10 /2lb bags/case, MCD25350 total of 66 cases 10/ 2lb bags/case","Inadequate levels of thiamine for cats.","02/13/2026","03/23/2026","06/11/2026","03/25/2026","MCD25350 Best By Date: 6/16/2027  MCC25321 Best By Date: 5/17/2027"
"Veterinary","No","04/03/2026","98527","Ongoing","Smartpak Equine Co.","40 Grissom Rd Ste 500","N/A","Plymouth","MA","	02360-7251","United States","Voluntary: Firm initiated","Letter","Nationwide in the US","V-0112-2026","Class II","smart & simple Turmeric Pellets, Turmeric (Curcuma longa) 10,000 mg, Net Contents [1.85 lb (0.84 kg); 3 lb (1.3 kg); 6 lb (2.7 kg), 12 lbs (5.4 kg) or 50 lb] per unit,  For use in horses only, Distributed by SmartPak Equine, LLC, 40 Grissom Rd., Ste 500, Plymouth, MA 02360.","1,001 units","Presence of elevated aflatoxins levels.","02/09/2026","04/03/2026","N/A","04/08/2026","Lot #5SST001, Lot #4SST003"
"Veterinary","No","03/26/2026","98532","Ongoing","MWI Animal Health","3041 W Pasadena Dr","N/A","Boise","ID","	83705-4776","United States","Voluntary: Firm initiated","Letter","Within U.S","V-0110-2026","Class II","Carton: Noromycin 300 LA (oxytetracycline injection) ANTIBIOTIC, Manufactured by: Norbrook Laboratories Limited, Newry, Northern Ireland, NADA# 141-143. ","196 units. See 4b in Attach. B","Lack of assurance of Sterility","03/13/2026","03/26/2026","N/A","03/25/2026","Lot: 4501-600A, Expires: December 2026."
"Veterinary","No","04/02/2026","98577","Terminated","PURINA ANIMAL NUTRITION","4001 Lexington Ave N Ste 350","N/A","Arden Hills","MN","	55126-2934","United States","Voluntary: Firm initiated","E-Mail","1 distributor in AR","V-0111-2026","Class II","Purina Nature's Match Sow & Pig Complete Feed, Net Wt. 50 lb. (22.67 kg), packaged in a bag with UPC 804273051451","542 bags","Product was found to have Deoxynivalenol (DON) level of 2.1 ppm","02/13/2026","04/02/2026","05/18/2026","03/25/2026","Product Number: 3005010-206, Formula Code: 218M, Lot Number: 25356ARC20"
"Veterinary","No","05/12/2026","98620","Terminated","Producers Cooperative Association","1800 N Texas Ave","N/A","Bryan","TX","	77803-1831","United States","Voluntary: Firm initiated","Telephone","Texas and Oklahoma","V-0121-2026","Class I","12254 Double Down Deer Feed 50 lb Bags 2/12/2026, 2/16/2026, 2/17/2026, 2/20/2026, 2/21/2026, 2/23/2026, 2/24/2026 2/27/2026, 3/2/2026, 3/3/2026, 3/4/2026 12750 Double Down Bulk Deer Feed 2/18/2026, 3/4/2026, 3/5/2026 13380 Double Down Pen & Pasture Deer Feed 50 lb Bags 2/14/2026, 2/16/2026, 2/17/2026, 2/27/2026, 3/4/2026 13381 Double Down Pen & Pasture Bulk Deer Feed  2/16/2026, 2/18/2026, 3/4/2026,  ","409.97 Tons","The aflatoxin level in a lot of peanuts used to make certain feeds was found to be over the 300 ppb (362.5 ppb) allowed for use in any animal feed.","03/12/2026","05/12/2026","07/14/2026","04/08/2026","12254 Double Down 50 lb Bags 2/12/2026, 2/16/2026, 2/17/2026, 2/20/2026, 2/21/2026, 2/23/2026, 2/24/2026 2/27/2026, 3/2/2026, 3/3/2026, 3/4/2026 12750 Double Down Bulk 2/18/2026, 3/4/2026, 3/5/2026 13380 Double Down Pen & Pasture 50 lb Bags 2/14/2026, 2/16/2026, 2/17/2026, 2/27/2026, 3/4/2026 13381 Double Down Pen & Pasture Bulk 2/16/2026, 2/18/2026, 3/4/2026,"
"Veterinary","No","04/10/2026","98645","Terminated","Farmina Pet Food USA  LLC","248 Sands Rd","N/A","Reidsville","NC","	27320-6522","United States","Voluntary: Firm initiated","E-Mail","Product was shipped to the following states: IL, MN, PA & TN.","V-0119-2026","Class III","Farmina Pet Foods N&D TROPICAL SELECTION salmon, spelt, oats and tropical fruits recipe Net Wt 22lb UPC 8 01027 60423 85. Dog Food. Ingredients: lamb***Manufactured by: Famina Pet Food USA, LLC, Reidsville, North Carolina","805122lb bags","Mislabeled Dog Food. The ingredient panel on the back list lamb while the front panel of the product list salmon.","03/25/2026","04/09/2026","08/28/2026","04/08/2026","273-03-01-02 Lot 25260A3453 EXP 2027/3 17"
"Veterinary","No","05/12/2026","98620","Terminated","Producers Cooperative Association","1800 N Texas Ave","N/A","Bryan","TX","	77803-1831","United States","Voluntary: Firm initiated","Telephone","Texas and Oklahoma","V-0122-2026","Class I","13376 Double Down Dewormer 16 50 lb Bags for Antelope and Gazelle 13367 Double Down Dewormer 50 lb Bags for Antelope and Gazelle 13338 Double Down Dewormer Bulk for Antelope and Gazelle","21.65 Tons","The aflatoxin level in a lot of peanuts used to make certain feeds was found to be over the 300 ppb (362.5 ppb) allowed for use in any animal feed.","03/12/2026","05/12/2026","07/14/2026","04/08/2026","13376 Double Down Dewormer 16 50 lb Bags 3/2/2026 13367 Double Down Dewormer 50 lb Bags 3/2/2026 13338 Double Down Dewormer Bulk 3/2/2026"
"Veterinary","No","04/21/2026","98712","Ongoing","HUVEPHARMA EOOD","5th Floor, 3 ""A"" Nikola","N/A","Sofia","N/A","	N/A","Bulgaria","Voluntary: Firm initiated","Letter","Within U.S Nationwide.","V-0120-2026","Class III","AMPROL 25% (amprolium), Type A medicated article, Net Wt.: 50lb (22.68 kg), Manufactured by: HUVEPHARMA, INC., St Louis, MO 63116, Distributed by: HUVEPHARMA, INC., Peachtree City, GA 30269. NADA# 012-350. (Intended for use in chickens, turkeys, and pheasants.) NDC#:  23243-9561-5.","241 bags @ 50.0 lbs each, 12,050.0 lbs","Missing lot number and expiration date on one (1) bag of material.","04/02/2026","04/21/2026","N/A","04/15/2026","Lot #: XSC442, Exp Date: 30Jun2028, Product # 956150."
"Veterinary","No","05/26/2026","98774","Completed","Revival Animal Health LLC","1700 Albany Pl SE","N/A","Orange City","IA","	51041-9680","United States","Voluntary: Firm initiated","Two or more of the following: Email, Fax, Letter, Press Release, Telephone, Visit","Nationwide.  Outside the US to Canada.","V-0125-2026","Class I","Breeder's Edge Foster Care, Puppy Milk Replacer, Provides complete nutrition with digestive and immune support.  Newborn Health.  For use in Dogs/Puppies only.    Packaged in the following sizes:   1.  Net Contents:  12 oz (340 grams) Powder  UPC 8 17160-01018 9.  Manufactured For:  Revival Animal Health, 1700 Albany Place SE, Orange City, IA  51041.   2.  Net Contents:  4.5 LB (2.04 kg) Powder UPC 8 17160-01007 3.  Marketed Exclusively By:  Breeder's Edge, 1700 Albany Place SE, Orange Ciy, IA  51041. 3.  Net Contents:  18 LB (8.16Kg) Powder  UPC 8 17160-01102 5.   Manufactured For:  Revival Animal Health, 1700 Albany Place SE, Orange City, IA  51041.   4.  Net Contents:  20 lb (9.07Kg) Powder, UPC 8 17160-01017 2.  Marketed Exclusively By:  Breeder's Edge, 1700 Albany Place SE, Orange Ciy, IA  51041.","48,526 lbs. total","Milk Replacer may contain vitamin D levels higher or lower than labeled claim.","04/15/2026","05/26/2026","N/A","05/13/2026","1.  Best By Dates:  7/11/2026, 8/15/2026, 9/9/2026, 4/3/2027, 5/1/2027, 2/5/2028.   2.  Best By Dates:  5/22/2026, 9/9/2026, 10/31/2026, 3/7/2027, 4/29/2027, 11/14/2027, 2/5/2028.   3.  Bes By Dates:  7/11/2026, 9/9/2026, 1/16/2027, 4/3/2027, 4/29/2027, 11/14/2027, 1/20/2028.   4.  Best By:  6/19/2026"
"Veterinary","No","05/26/2026","98774","Completed","Revival Animal Health LLC","1700 Albany Pl SE","N/A","Orange City","IA","	51041-9680","United States","Voluntary: Firm initiated","Two or more of the following: Email, Fax, Letter, Press Release, Telephone, Visit","Nationwide.  Outside the US to Canada.","V-0126-2026","Class I","Shelter's Choice Milk Replacer, puppies.  Provides complete nutrition and minimizes the potential for loose stools.  Exclusively Marketed By:  Shelter's Choice, 1700 Albany Place SE, Orange City, IA  51041.  Packaged in the following sizes:   1.  Net Contents:  1 LB Powder (454 GM).  UPC 8 17160-01108 7.   2.  Net Contents:  3.5 LB Powder 1.59 KG) UPC 8 17160-01107 0.   3.  Net Contents:  8 LB Powder (3.63 KG)  UPC 8 17160-01105 6.     ","48,526 lbs. total","Milk Replacer may contain vitamin D levels higher or lower than labeled claim.","04/15/2026","05/26/2026","N/A","05/13/2026","1.  Best By Dates:  6/19/2026, 9/9/2026, 1/16/2027, 11/14/2027 2.  Best By Dates:  6/19/2026, 10/31/2026, 11/14/2027, 1/20/2028 3.  Best By Dates:  6/19/2026, 9/9/2026, 11/14/2027, 1/20/2028"
"Veterinary","No","05/27/2026","98789","Terminated","Heritage Cooperative dba Heritage Animal Nutrition","3770 Renkenberger Rd","N/A","Columbiana","OH","	44408-9733","United States","Voluntary: Firm initiated","Telephone","Distributed to one consignee in PA.","V-0127-2026","Class I","Heritage Animal Nutrition Medicated Feed. Packaged in 50 lb bags ","2 tons","Potential rumensin contamination","04/17/2026","05/27/2026","06/01/2026","04/29/2026","Run Serial Number 245815 Product Number 25413S Lot Number 04-15-26-1"
"Veterinary","No","05/20/2026","98847","Ongoing","Cronus Pharma","2 Tower Center Blvd","N/A","East Brunswick","NJ","	08816-1100","United States","Voluntary: Firm initiated","E-Mail","US Nationwide.","V-0123-2026","Class II","covetrus, Amoxicillin and Clavulanate Potassium for Oral Suspension Drops, 62.5mg/mL, 15 mL, For use in dogs and cats, Distributed by: Covetrus Noth America, 400 Metro Place North, Dublin, OH 43017, Made in India, NDC 11695-7007-1","53400","This voluntary recall is due to market complaints pertaining to product discoloration following reconstitution.","04/25/2026","05/20/2026","N/A","05/13/2026","Lot# FZ6224017A, Exp Date: Nov 2026"
"Veterinary","No","05/20/2026","98847","Ongoing","Cronus Pharma","2 Tower Center Blvd","N/A","East Brunswick","NJ","	08816-1100","United States","Voluntary: Firm initiated","E-Mail","US Nationwide.","V-0124-2026","Class II","VETONE, Betacilin Clav Drops, Amoxicillin and Clavulanate Potassium for Oral Suspension Drops, 15 mL, For use in dogs and cats, Distributed by: MWI, Boise, ID 83705, Made in India, NDC 86136-011-15.","N/A","This voluntary recall is due to market complaints pertaining to product discoloration following reconstitution.","04/25/2026","05/20/2026","N/A","05/13/2026","Lot# FZ6224018A, Exp Date: Nov 2026"
"Veterinary","No","05/29/2026","98896","Ongoing","Dechra Veterinary Products Inc","7015 College Blvd Ste 525","N/A","Overland Park","KS","	66211-1551","United States","Voluntary: Firm initiated","Letter","US Nationwide.","V-0129-2026","Class II","Ophthavet Ophthalmic Solution, 0.18% Viscoadaptive Sodium Hyaluronate, 10 mL (0.33 fl oz), Manufactured for: Dechra Veterinary Products, 7015 College Boulevard, Suite 525, Overland Park, KS 66211 USA, NDC 17033-045-10. For use in dogs and cats.","N/A","Lack of sterility assurance: The recall of this lot is being initiated due a potential quality concern at the manufacturing site.","04/30/2026","05/29/2026","N/A","05/27/2026","Lot # 9T84, Exp 05/2027."
"Veterinary","No","06/12/2026","98912","Terminated","Hoosier Processing LLC","1025 Osage St","N/A","Fort Wayne","IN","	46808-3401","United States","Voluntary: Firm initiated","Two or more of the following: Email, Fax, Letter, Press Release, Telephone, Visit","Distributed to consignees in NV, WI, NC, FL, TN, MN, GA, IN, MI, MA, NY, OH, PA, and VT.","V-0139-2026","Class I","Albright's All Natural Raw Pet Food Chicken Recipe for Dogs Compete and Balanced Net Weight 1 LB (456G). Packaged in 1 lb pouches, 30 pouches per case. UPC 20855404008367","36 cases/1080 lbs","Potential Salmonella contamination","05/01/2026","06/12/2026","09/04/2026","05/27/2026","Lots C001876-1  and C001730"
"Veterinary","No","05/27/2026","98950","Terminated","Allprovide Pet Foods LLC","1755 Young Ct","N/A","Norcross","GA","	30093-1218","United States","Voluntary: Firm initiated","E-Mail","Distributed nationwide.","V-0128-2026","Class II","AllProvide Holistic Pet Food Gently Cooked Chicken Recipe For Dogs 16 oz UPC: 859125005809. Frozen product, packaged in a plastic vacuum sealed package. 2 packages per box, 32 packages per case.","1,500lbs","Potential foreign material (plastic) contamination.","05/11/2026","05/27/2026","09/04/2026","05/27/2026","048-01, 048-2, 048-3, 048-4, 048-5, 048-6, 048-7, 048-8, 048-9, 048-10, 048-11, 048-12, 048-13, 048-14."
"Veterinary","No","06/12/2026","98983","Terminated","Montgomery Meats","9348 S 550 E","N/A","Ladoga","IN","	47954-7242","United States","Voluntary: Firm initiated","E-Mail","Distributed nationwide","V-0131-2026","Class I","My Pet Carnivore Coarse Ground Whole Goat Net Wt. 2lbs (907 grams). Packaged in a plastic tub. Frozen product. Manufactured Mar 9   Apr 3, 2026","527 units/1054lbs","Potential Listeria monocytogenes contamination","05/13/2026","06/12/2026","07/20/2026","06/03/2026","Lots ranging from 20260330 to 20260403 AND 20260309 to 20260313"
"Veterinary","No","06/12/2026","98983","Terminated","Montgomery Meats","9348 S 550 E","N/A","Ladoga","IN","	47954-7242","United States","Voluntary: Firm initiated","E-Mail","Distributed nationwide","V-0132-2026","Class I","My Pet Carnivore Coarse Ground Whole Mutton, Net Wt. 2lbs (907 grams). Packaged in a plastic tub. Frozen product. Manufactured Mar 16   Mar 20, 2026","552 units / 1104lbs","Potential Listeria monocytogenes contamination","05/13/2026","06/12/2026","07/20/2026","06/03/2026","Lots ranging from 20260316 to 20260320"
"Veterinary","No","06/12/2026","98983","Terminated","Montgomery Meats","9348 S 550 E","N/A","Ladoga","IN","	47954-7242","United States","Voluntary: Firm initiated","E-Mail","Distributed nationwide","V-0133-2026","Class I","My Pet Carnivore Coarse Ground Whole Lamb, Net Wt. 2lbs (907 grams). Packaged in a plastic tub. Frozen product. Manufactured Mar 23   Mar 27, 2026","90 units/180lbs","Potential Listeria monocytogenes contamination","05/13/2026","06/12/2026","07/20/2026","06/03/2026","Lots ranging from 20260323 to 20260327"
"Veterinary","No","06/12/2026","98983","Terminated","Montgomery Meats","9348 S 550 E","N/A","Ladoga","IN","	47954-7242","United States","Voluntary: Firm initiated","E-Mail","Distributed nationwide","V-0134-2026","Class I","My Pet Carnivore Fine Ground Whole Mutton, Net Wt. 1lbs (454 grams). Packaged in a plastic tub. Frozen product. Manufactured Jan 22 27, 2026","994 units / 994lbs","Potential Listeria monocytogenes contamination","05/13/2026","06/12/2026","07/20/2026","06/03/2026","Lots ranging from 20260122 to 20260127"
"Veterinary","No","06/12/2026","98983","Terminated","Montgomery Meats","9348 S 550 E","N/A","Ladoga","IN","	47954-7242","United States","Voluntary: Firm initiated","E-Mail","Distributed nationwide","V-0135-2026","Class I","The Butcher's Hound Ground Whole Pork, Net Wt. 3lbs (1361 grams). Packaged in a 3 lb chub. Frozen product. Manufactured Mar 30   Apr 3, 2026","37 units/111lbs","Potential Listeria monocytogenes contamination","05/13/2026","06/12/2026","07/20/2026","06/03/2026","Lots ranging from 20260330 to 20260403"
"Veterinary","No","06/12/2026","98983","Terminated","Montgomery Meats","9348 S 550 E","N/A","Ladoga","IN","	47954-7242","United States","Voluntary: Firm initiated","E-Mail","Distributed nationwide","V-0136-2026","Class I","The Butcher's Hound Turkey B.A.R.F. Blend, 3 lb Net Wt. 3lbs (1361 grams). Packaged in a 3 lb chub. Frozen product. Manufactured Feb 16 20, 2026","100 units / 300lbs","Potential Listeria monocytogenes contamination","05/13/2026","06/12/2026","07/20/2026","06/03/2026","Lots ranging from 20260216 to 20260220"
"Veterinary","No","06/12/2026","98983","Terminated","Montgomery Meats","9348 S 550 E","N/A","Ladoga","IN","	47954-7242","United States","Voluntary: Firm initiated","E-Mail","Distributed nationwide","V-0137-2026","Class I","The Butcher's Hound Ground Whole Chicken, 3 lb Net Wt. 3lbs (1361 grams). Packaged in a 3 lb chub. Frozen product. Manufactured Mar 2   Mar 6, 2026","314 units/942lbs","Potential Listeria monocytogenes contamination","05/13/2026","06/12/2026","07/20/2026","06/03/2026","Lots ranging from 20260302 to 20260306"
"Veterinary","No","06/12/2026","98983","Terminated","Montgomery Meats","9348 S 550 E","N/A","Ladoga","IN","	47954-7242","United States","Voluntary: Firm initiated","E-Mail","Distributed nationwide","V-0138-2026","Class I","The Butcher's Hound Beef & Turkey Blend, Net Wt. 5lbs (2268 grams). Packaged in a 5 lb chub. Frozen product. Manufactured Mar 2   Mar 27, 2026","493 units/2465lbs","Potential Listeria monocytogenes contamination","05/13/2026","06/12/2026","07/20/2026","06/03/2026","Lots ranging from 20260302 to 20260306 AND 20260323 to 20260327"
"Veterinary","No","06/11/2026","98996","Ongoing","Lloyd Inc. of Iowa","604 W Thomas Ave","N/A","Shenandoah","IA","	51601-1744","United States","Voluntary: Firm initiated","Letter","Nationwide in the USA","V-0130-2026","Class II","ToxiBan Charcoal-Kaolin Suspension, Net Volume: 240 mL (8.1 fl oz) per bottle, LLOYD, Inc., Shenandoah, IA 51601 USA.  NDC: 11789-105-50, For use in domestic animals.","6,224 bottles","Microbial levels in oral medication exceeded the specification limits.","05/15/2026","06/11/2026","N/A","06/03/2026","Lot, expiry: Lot KA12625, exp 2027-NOV; Lot KA28225, 2028-MAY"
"Veterinary","No","07/10/2026","99033","Ongoing","Raaw Energy, LLC","967 Route 524","N/A","Adelphia","NJ","	07710","United States","Voluntary: Firm initiated","Telephone","Distributed to customers in CT, DE, MA, MD, NH, NJ, NY, PA, and VA","V-0142-2026","Class I","4411 (Beef, Tripe, Duck Necks, and Chicken) packaged in 5-lb and 2-lb tubes. Frozen. Product sold in 50 lb boxes containing 5-lb tubes, 20 lb boxes containing 2-lb tubes, and 10 lb boxes containing 2-lb tubes.","Approximately 8,010 lbs/236 boxes","Potential Listeria monocytogenes contamination","05/19/2026","07/10/2026","N/A","06/24/2026","Production dates: 9.9.25, 9.23.25, 10.14.25, 10.15.25"
"Veterinary","No","07/10/2026","99033","Ongoing","Raaw Energy, LLC","967 Route 524","N/A","Adelphia","NJ","	07710","United States","Voluntary: Firm initiated","Telephone","Distributed to customers in CT, DE, MA, MD, NH, NJ, NY, PA, and VA","V-0143-2026","Class I","60/30/10 Chicken Medley packaged in 5-lb and 2-lb tubes. Frozen. Product sold in 50 lb boxes containing 5-lb tubes, 40 lb boxes containing 2-lb tubes, and 20 lb boxes containing 2-lb tubes.","Approximately 9,130 lbs/201 boxes","Potential Listeria monocytogenes contamination","05/19/2026","07/10/2026","N/A","06/24/2026","Production dates: 7.29.25 8.6.25, 8.7.25, 10.9.25, and 10.10.25"
"Veterinary","No","07/10/2026","99033","Ongoing","Raaw Energy, LLC","967 Route 524","N/A","Adelphia","NJ","	07710","United States","Voluntary: Firm initiated","Telephone","Distributed to customers in CT, DE, MA, MD, NH, NJ, NY, PA, and VA","V-0144-2026","Class I","60/30/10 Turkey Medley packaged in 5-lb and 2-lb tubes. Frozen. Product sold in 50 lb boxes containing 5-lb tubes and 20 lb boxes containing 2-lb tubes","Approximately 5,210 lbs/106 boxes","Potential Listeria monocytogenes contamination","05/19/2026","07/10/2026","N/A","06/24/2026","Production dates: 7.24.25, 7.29.25"
"Veterinary","No","07/10/2026","99033","Ongoing","Raaw Energy, LLC","967 Route 524","N/A","Adelphia","NJ","	07710","United States","Voluntary: Firm initiated","Telephone","Distributed to customers in CT, DE, MA, MD, NH, NJ, NY, PA, and VA","V-0145-2026","Class I","70/30 Beef Heart packaged in 5-lb and 2-lb tubes. Frozen. Product sold in 50 lb boxes containing 5-lb tubes, 20 lb boxes containing 2-lb tubes, and 10 lb boxes containing 2-lb tubes","Approximately 4,480 lbs/203 boxes","Potential Listeria monocytogenes contamination","05/19/2026","07/10/2026","N/A","06/24/2026","Production dates: 8.19.25, 8.20.25"
"Veterinary","No","07/10/2026","99033","Ongoing","Raaw Energy, LLC","967 Route 524","N/A","Adelphia","NJ","	07710","United States","Voluntary: Firm initiated","Telephone","Distributed to customers in CT, DE, MA, MD, NH, NJ, NY, PA, and VA","V-0146-2026","Class I","American Bully packaged in 5-lb and 2-lb tubes. Frozen. Product sold in 50 lb boxes containing 5-lb tubes, 20 lb boxes containing 2-lb tubes, and 10 lb boxes containing 2-lb tubes.","Approximately 5,710 lbs/162 boxes","Potential Listeria monocytogenes contamination","05/19/2026","07/10/2026","N/A","06/24/2026","Production dates: 10.21.25, 10.22.25, 11.7.25"
"Veterinary","No","07/10/2026","99033","Ongoing","Raaw Energy, LLC","967 Route 524","N/A","Adelphia","NJ","	07710","United States","Voluntary: Firm initiated","Telephone","Distributed to customers in CT, DE, MA, MD, NH, NJ, NY, PA, and VA","V-0147-2026","Class I","Beef and Chicken packaged in 5-lb and 2-lb tubes. Frozen. Product sold in 50 lb boxes containing 5-lb tubes, 40 lb boxes containing 2-lb tubes, 20 lb boxes containing 2-lb tubes, and 10 lb boxes containing 2-lb tubes.","Approximately 57,310 lbs/1,426 boxes","Potential Listeria monocytogenes contamination","05/19/2026","07/10/2026","N/A","06/24/2026","Production dates: 7.30.25, 8.8.25, 8.12.25, 8.13.25, 8.15.25, 8.27.25, 8.28.25, 8.29.25, 9.2.25, 9.5.25, 9.16.25, 9.17.25, 9.24.25, 10.7.25, 10.8.25, 10.17.25, 10.22.25, 10.30.25, 11.22.25, 12.17.25"
"Veterinary","No","07/10/2026","99033","Ongoing","Raaw Energy, LLC","967 Route 524","N/A","Adelphia","NJ","	07710","United States","Voluntary: Firm initiated","Telephone","Distributed to customers in CT, DE, MA, MD, NH, NJ, NY, PA, and VA","V-0148-2026","Class I","Beef and Chicken Tripe Medley packaged in 5-lb and 2-lb tubes. Frozen. Product sold in 50 lb boxes containing 5-lb tubes, 40 lb boxes containing 2-lb tubes, and 10 lb boxes containing 2-lb tubes.","Approximately 80,750 lbs/1,779 boxes","Potential Listeria monocytogenes contamination","05/19/2026","07/10/2026","N/A","06/24/2026","Production dates: 7.30.25, 7.31.25, 8.5.25, 8.6.25, 8.13.25, 8.14.25, 8.15.25, 9.17.25, 9.18.25, 10.8.25, 10.9.25, 10.11.25, 10.14.25, 10.29.25, 11.5.25, 11.18.25, 11.19.25, 11.20.25, 11.25.25, 12.9.25"
"Veterinary","No","07/10/2026","99033","Ongoing","Raaw Energy, LLC","967 Route 524","N/A","Adelphia","NJ","	07710","United States","Voluntary: Firm initiated","Telephone","Distributed to customers in CT, DE, MA, MD, NH, NJ, NY, PA, and VA","V-0149-2026","Class I","Beef and Pork packaged in 5-lb and 2-lb tubes. Frozen. Product sold in 50 lb boxes containing 5-lb tubes and 20 lb boxes containing 2-lb tubes","Approximately 4,640 lbs/148 boxes","Potential Listeria monocytogenes contamination","05/19/2026","07/10/2026","N/A","06/24/2026","Production dates: 7.17.25, 10.31.25, 11.1.25"
"Veterinary","No","07/10/2026","99033","Ongoing","Raaw Energy, LLC","967 Route 524","N/A","Adelphia","NJ","	07710","United States","Voluntary: Firm initiated","Telephone","Distributed to customers in CT, DE, MA, MD, NH, NJ, NY, PA, and VA","V-0150-2026","Class I","Beef and Salmon packaged in 5-lb and 2-lb tubes. Frozen. Product sold in 50 lb boxes containing 5-lb tubes, 40 lb boxes containing 2-lb tubes, 20 lb boxes containing 2-lb tubes, and 10 lb boxes containing 2-lb tubes.","Approximately 46,800 lbs/1,172 boxes","Potential Listeria monocytogenes contamination","05/19/2026","07/10/2026","N/A","06/24/2026","Production dates: 7.18.25, 7.26.25, 8.1.25, 8.13.25, 8.15.25, 8.29.25, 9.2.25, 9.5.25, 9.6.25, 9.12.25, 9.18.25, 9.19.25, 9.20.25, 10.25.25, 10.31.25, 11.4.25, 11.5.25, 11.6.25, 11.7.25, 11.8.25, 11.12.25, 11.14.25, 11.19.25, 11.20.25, 11.21.25, 12.2.25, 12.10.25, 12.13.25, 12.17.25"
"Veterinary","No","07/10/2026","99033","Ongoing","Raaw Energy, LLC","967 Route 524","N/A","Adelphia","NJ","	07710","United States","Voluntary: Firm initiated","Telephone","Distributed to customers in CT, DE, MA, MD, NH, NJ, NY, PA, and VA","V-0151-2026","Class I","Beef and Turkey Medley packaged in 5-lb and 2-lb tubes. Frozen. Product sold in 50 lb boxes containing 5-lb tubes, 40 lb boxes containing 2-lb tubes, and 20 lb boxes containing 2-lb tubes","Approximately 26,950 lbs/552 boxes","Potential Listeria monocytogenes contamination","05/19/2026","07/10/2026","N/A","06/24/2026","Production dates: 7.24.25, 7.25.25, 7.26.25, 10.22.25, 12.17.25, 12.19.25, 12.23.25, 3.31.26"
"Veterinary","No","07/10/2026","99033","Ongoing","Raaw Energy, LLC","967 Route 524","N/A","Adelphia","NJ","	07710","United States","Voluntary: Firm initiated","Telephone","Distributed to customers in CT, DE, MA, MD, NH, NJ, NY, PA, and VA","V-0152-2026","Class I","Beef Liver and Kidney packaged in 2-lb tubes. Frozen. Product sold in 20 lb boxes containing 2-lb tubes and 10 lb boxes containing 2-lb tubes","Approximately 570 lbs/29 boxes","Potential Listeria monocytogenes contamination","05/19/2026","07/10/2026","N/A","06/24/2026","Production dates: 9.13.25"
"Veterinary","No","07/10/2026","99033","Ongoing","Raaw Energy, LLC","967 Route 524","N/A","Adelphia","NJ","	07710","United States","Voluntary: Firm initiated","Telephone","Distributed to customers in CT, DE, MA, MD, NH, NJ, NY, PA, and VA","V-0153-2026","Class I","Beefturducken packaged in 5-lb and 2-lb tubes. Frozen. Product sold in 50 lb boxes containing 5-lb tubes, 20 lb boxes containing 2-lb tubes, and 10 lb boxes containing 2-lb tubes.","Approximately 6,860 lbs/210 boxes","Potential Listeria monocytogenes contamination","05/19/2026","07/10/2026","N/A","06/24/2026","Production dates: 7.29.25, 11.25.25"
"Veterinary","No","07/10/2026","99033","Ongoing","Raaw Energy, LLC","967 Route 524","N/A","Adelphia","NJ","	07710","United States","Voluntary: Firm initiated","Telephone","Distributed to customers in CT, DE, MA, MD, NH, NJ, NY, PA, and VA","V-0154-2026","Class I","Chicken Hearts packaged in 2-lb tubes. Frozen. Product sold in 10 lb boxes containing 2-lb tubes.","Approximately 350 lbs/35 boxes","Potential Listeria monocytogenes contamination","05/19/2026","07/10/2026","N/A","06/24/2026","Production dates: 11.7.25"
"Veterinary","No","07/10/2026","99033","Ongoing","Raaw Energy, LLC","967 Route 524","N/A","Adelphia","NJ","	07710","United States","Voluntary: Firm initiated","Telephone","Distributed to customers in CT, DE, MA, MD, NH, NJ, NY, PA, and VA","V-0155-2026","Class I","Chicken Medley packaged in 5-lb and 2-lb tubes. Frozen. Product sold in 50 lb boxes containing 5-lb tubes, 40 lb boxes containing 2-lb tubes, and 20 lb boxes containing 2-lb tubes.","Approximately 43,650 lbs/922 boxes","Potential Listeria monocytogenes contamination","05/19/2026","07/10/2026","N/A","06/24/2026","Production dates: 7.23.25, 7.24.25, 8.5.25, 8.7.25, 8.26.25, 9.10.25, 9.11.25, 9.26.25, 10.10.25, 10.11.25, 10.15.25, 10.16.25, 10.25.25, 11.14.25, 11.15.25, 11.25.25, 12.5.25, 12.19.25"
"Veterinary","No","07/10/2026","99033","Ongoing","Raaw Energy, LLC","967 Route 524","N/A","Adelphia","NJ","	07710","United States","Voluntary: Firm initiated","Telephone","Distributed to customers in CT, DE, MA, MD, NH, NJ, NY, PA, and VA","V-0156-2026","Class I","Chips Agility packaged in 2-lb tubes. Frozen. Product sold in 20 lb boxes containing 2-lb tubes and 10 lb boxes containing 2-lb tubes.","Approximately 2,770 lbs/173 boxes","Potential Listeria monocytogenes contamination","05/19/2026","07/10/2026","N/A","06/24/2026","Production dates: 9.23.25, 11.1.25, 11.7.25, 11.8.25"
"Veterinary","No","07/10/2026","99033","Ongoing","Raaw Energy, LLC","967 Route 524","N/A","Adelphia","NJ","	07710","United States","Voluntary: Firm initiated","Telephone","Distributed to customers in CT, DE, MA, MD, NH, NJ, NY, PA, and VA","V-0157-2026","Class I","Chips Beef packaged in 5-lb and 2-lb tubes. Frozen. Product sold in 50 lb boxes containing 5-lb tubes and 10 lb boxes containing 2-lb tubes.","Approximately 1,210 lbs/49 boxes","Potential Listeria monocytogenes contamination","05/19/2026","07/10/2026","N/A","06/24/2026","Production dates: 7.22.25"
"Veterinary","No","07/10/2026","99033","Ongoing","Raaw Energy, LLC","967 Route 524","N/A","Adelphia","NJ","	07710","United States","Voluntary: Firm initiated","Telephone","Distributed to customers in CT, DE, MA, MD, NH, NJ, NY, PA, and VA","V-0158-2026","Class I","Country Soul packaged in 2-lb tubes. Frozen. Product sold in 20 lb boxes containing 2-lb tubes","Approximately 2,020 lbs/101 boxes","Potential Listeria monocytogenes contamination","05/19/2026","07/10/2026","N/A","06/24/2026","Production dates: 9.4.25, 9.5.25"
"Veterinary","No","07/10/2026","99033","Ongoing","Raaw Energy, LLC","967 Route 524","N/A","Adelphia","NJ","	07710","United States","Voluntary: Firm initiated","Telephone","Distributed to customers in CT, DE, MA, MD, NH, NJ, NY, PA, and VA","V-0159-2026","Class I","Dog's Best Friend (DBF) packaged in 5-lb and 2-lb tubes. Frozen. Product sold in 50 lb boxes containing 5-lb tubes, 20 lb boxes containing 2-lb tubes, and 10 lb boxes containing 2-lb tubes","Approximately 10,590 lbs/375 boxes","Potential Listeria monocytogenes contamination","05/19/2026","07/10/2026","N/A","06/24/2026","Production dates: 7.29.25, 9.3.25, 11.13.25, 11.14.25"
"Veterinary","No","07/10/2026","99033","Ongoing","Raaw Energy, LLC","967 Route 524","N/A","Adelphia","NJ","	07710","United States","Voluntary: Firm initiated","Telephone","Distributed to customers in CT, DE, MA, MD, NH, NJ, NY, PA, and VA","V-0160-2026","Class I","Duck packaged in 5-lb and 2-lb tubes. Frozen. Product sold in 50 lb boxes containing 5-lb tubes, 20 lb boxes containing 2-lb tubes, and 10 lb boxes containing 2-lb tubes","Approximately 3,800 lbs/130 boxes","Potential Listeria monocytogenes contamination","05/19/2026","07/10/2026","N/A","06/24/2026","Production dates: 9.11.25, 9.12.25"
"Veterinary","No","07/10/2026","99033","Ongoing","Raaw Energy, LLC","967 Route 524","N/A","Adelphia","NJ","	07710","United States","Voluntary: Firm initiated","Telephone","Distributed to customers in CT, DE, MA, MD, NH, NJ, NY, PA, and VA","V-0161-2026","Class I","Green Tripe packaged in 5-lb and 2-lb tubes. Frozen. Product sold in 50 lb boxes containing 5-lb tubes, 40 lb boxes containing 2-lb tubes, and 20 lb boxes containing 2-lb tubes","Approximately 1,950 lbs/68 boxes","Potential Listeria monocytogenes contamination","05/19/2026","07/10/2026","N/A","06/24/2026","Production dates:10.17.25, 10.18.25, 11.1.25, 11.5.25"
"Veterinary","No","07/10/2026","99033","Ongoing","Raaw Energy, LLC","967 Route 524","N/A","Adelphia","NJ","	07710","United States","Voluntary: Firm initiated","Telephone","Distributed to customers in CT, DE, MA, MD, NH, NJ, NY, PA, and VA","V-0162-2026","Class I","Heart Chunks packaged in 2-lb tubes. Frozen. Product sold in 10 lb boxes containing 2-lb tubes","Approximately 200 lbs/20 boxes","Potential Listeria monocytogenes contamination","05/19/2026","07/10/2026","N/A","06/24/2026","Production dates: 7.19.25"
"Veterinary","No","07/10/2026","99033","Ongoing","Raaw Energy, LLC","967 Route 524","N/A","Adelphia","NJ","	07710","United States","Voluntary: Firm initiated","Telephone","Distributed to customers in CT, DE, MA, MD, NH, NJ, NY, PA, and VA","V-0163-2026","Class I","Heart Corazon packaged in 5-lb and 2-lb tubes. Frozen. Product sold in 50 lb boxes containing 5-lb tubes, 20 lb boxes containing 2-lb tubes, and 10 lb boxes containing 2-lb tubes","Approximately 3,010 lbs/103 boxes","Potential Listeria monocytogenes contamination","05/19/2026","07/10/2026","N/A","06/24/2026","Production dates: 8.9.25, 10.14.25"
"Veterinary","No","07/10/2026","99033","Ongoing","Raaw Energy, LLC","967 Route 524","N/A","Adelphia","NJ","	07710","United States","Voluntary: Firm initiated","Telephone","Distributed to customers in CT, DE, MA, MD, NH, NJ, NY, PA, and VA","V-0164-2026","Class I","Hybrid Beef and Chicken packaged in 2-lb tubes. Frozen. Product sold in 20 lb boxes containing 2-lb tubes","Approximately 300 lbs/15 boxes","Potential Listeria monocytogenes contamination","05/19/2026","07/10/2026","N/A","06/24/2026","Production dates: 10.17.25"
"Veterinary","No","07/10/2026","99033","Ongoing","Raaw Energy, LLC","967 Route 524","N/A","Adelphia","NJ","	07710","United States","Voluntary: Firm initiated","Telephone","Distributed to customers in CT, DE, MA, MD, NH, NJ, NY, PA, and VA","V-0165-2026","Class I","Hybrid Dog's Best Friend packaged in 2-lb tubes. Frozen. Product sold in 20 lb boxes containing 2-lb tubes","Approximately 660 lbs/33 boxes","Potential Listeria monocytogenes contamination","05/19/2026","07/10/2026","N/A","06/24/2026","Production dates: 7.29.25"
"Veterinary","No","07/10/2026","99033","Ongoing","Raaw Energy, LLC","967 Route 524","N/A","Adelphia","NJ","	07710","United States","Voluntary: Firm initiated","Telephone","Distributed to customers in CT, DE, MA, MD, NH, NJ, NY, PA, and VA","V-0166-2026","Class I","Italian packaged in 5-lb and 2-lb tubes. Frozen. Product sold in 50 lb boxes containing 5-lb tubes, 20 lb boxes containing 2-lb tubes, and 10 lb boxes containing 2-lb tubes.","Approximately 4,130 lbs/144 boxes","Potential Listeria monocytogenes contamination","05/19/2026","07/10/2026","N/A","06/24/2026","Production dates: 8.7.25, 8.8.25, 10.14.25"
"Veterinary","No","07/10/2026","99033","Ongoing","Raaw Energy, LLC","967 Route 524","N/A","Adelphia","NJ","	07710","United States","Voluntary: Firm initiated","Telephone","Distributed to customers in CT, DE, MA, MD, NH, NJ, NY, PA, and VA","V-0167-2026","Class I","Kidney and Liver packaged in 2-lb tubes. Frozen. Product sold in 20 lb boxes containing 2-lb tubes and 10 lb boxes containing 2-lb tubes","Approximately 830 lbs/65 boxes","Potential Listeria monocytogenes contamination","05/19/2026","07/10/2026","N/A","06/24/2026","Production dates: 10.18.25"
"Veterinary","No","07/10/2026","99033","Ongoing","Raaw Energy, LLC","967 Route 524","N/A","Adelphia","NJ","	07710","United States","Voluntary: Firm initiated","Telephone","Distributed to customers in CT, DE, MA, MD, NH, NJ, NY, PA, and VA","V-0168-2026","Class I","Lamb Beef and Chicken packaged in 5-lb tubes. Frozen. Product sold in 50 lb boxes containing 5-lb tubes","Approximately 2,800 lbs/56 boxes","Potential Listeria monocytogenes contamination","05/19/2026","07/10/2026","N/A","06/24/2026","Production dates: 12.2.25"
"Veterinary","No","07/10/2026","99033","Ongoing","Raaw Energy, LLC","967 Route 524","N/A","Adelphia","NJ","	07710","United States","Voluntary: Firm initiated","Telephone","Distributed to customers in CT, DE, MA, MD, NH, NJ, NY, PA, and VA","V-0169-2026","Class I","Natural Remedies packaged in 2-lb tubes. Frozen. Product sold in 20 lb boxes containing 2-lb tubes and 10 lb boxes containing 2-lb tubes.","Approximately 1,300 lbs/74 boxes","Potential Listeria monocytogenes contamination","05/19/2026","07/10/2026","N/A","06/24/2026","Production dates: 9.4.25, 9.9.25"
"Veterinary","No","07/10/2026","99033","Ongoing","Raaw Energy, LLC","967 Route 524","N/A","Adelphia","NJ","	07710","United States","Voluntary: Firm initiated","Telephone","Distributed to customers in CT, DE, MA, MD, NH, NJ, NY, PA, and VA","V-0170-2026","Class I","Pork packaged in 5-lb and 2-lb tubes. Frozen. Product sold in 50 lb boxes containing 5-lb tubes, 20 lb boxes containing 2-lb tubes, and 10 lb boxes containing 2-lb tubes","Approximately 7,660 lbs/231 boxes","Potential Listeria monocytogenes contamination","05/19/2026","07/10/2026","N/A","06/24/2026","Production dates: 8.1.25, 10.14.25, 11.1.25, 12.13.25"
"Veterinary","No","07/10/2026","99033","Ongoing","Raaw Energy, LLC","967 Route 524","N/A","Adelphia","NJ","	07710","United States","Voluntary: Firm initiated","Telephone","Distributed to customers in CT, DE, MA, MD, NH, NJ, NY, PA, and VA","V-0171-2026","Class I","R Chicken packaged in 5-lb and 2-lb tubes. Frozen. Product sold in 50 lb boxes containing 5-lb tubes and 20 lb boxes containing 2-lb tubes.","Approximately 1,870 lbs/38 boxes","Potential Listeria monocytogenes contamination","05/19/2026","07/10/2026","N/A","06/24/2026","Production dates: 11.5.25"
"Veterinary","No","07/10/2026","99033","Ongoing","Raaw Energy, LLC","967 Route 524","N/A","Adelphia","NJ","	07710","United States","Voluntary: Firm initiated","Telephone","Distributed to customers in CT, DE, MA, MD, NH, NJ, NY, PA, and VA","V-0172-2026","Class I","R Chicken with Pork packaged in 5-lb and 2-lb tubes. Frozen. Product sold in 50 lb boxes containing 5-lb tubes and 20 lb boxes containing 2-lb tubes.","Approximately 4,740 lbs/96 boxes","Potential Listeria monocytogenes contamination","05/19/2026","07/10/2026","N/A","06/24/2026","Production dates: 11.4.25, 12.10.25"
"Veterinary","No","07/10/2026","99033","Ongoing","Raaw Energy, LLC","967 Route 524","N/A","Adelphia","NJ","	07710","United States","Voluntary: Firm initiated","Telephone","Distributed to customers in CT, DE, MA, MD, NH, NJ, NY, PA, and VA","V-0173-2026","Class I","Salmon packaged in 5-lb and 2-lb tubes. Frozen. Product sold in 50 lb boxes containing 5-lb tubes, 20 lb boxes containing 2-lb tubes, and 10 lb boxes containing 2-lb tubes","Approximately 7,690 lbs/284 boxes","Potential Listeria monocytogenes contamination","05/19/2026","07/10/2026","N/A","06/24/2026","Production dates:7.23.25, 7.31.25, 8.8.25, 9.10.25, 10.24.25, 10.25.25, 10.29.25, 11.14.25, 11.22.25, 12.20.25"
"Veterinary","No","07/10/2026","99033","Ongoing","Raaw Energy, LLC","967 Route 524","N/A","Adelphia","NJ","	07710","United States","Voluntary: Firm initiated","Telephone","Distributed to customers in CT, DE, MA, MD, NH, NJ, NY, PA, and VA","V-0174-2026","Class I","Terrestrial packaged in 5-lb and 2-lb tubes. Frozen. Product sold in 50 lb boxes containing 5-lb tubes and 10 lb boxes containing 2-lb tubes","Approximately 1,550 lbs/55 boxes","Potential Listeria monocytogenes contamination","05/19/2026","07/10/2026","N/A","06/24/2026","Production dates: 10.7.25"
"Veterinary","No","07/10/2026","99033","Ongoing","Raaw Energy, LLC","967 Route 524","N/A","Adelphia","NJ","	07710","United States","Voluntary: Firm initiated","Telephone","Distributed to customers in CT, DE, MA, MD, NH, NJ, NY, PA, and VA","V-0175-2026","Class I","Turkey Chicken packaged in 5-lb and 2-lb tubes. Frozen. Product sold in 50 lb boxes containing 5-lb tubes and 10 lb boxes containing 2-lb tubes","Approximately 18,490 lbs/397 boxes","Potential Listeria monocytogenes contamination","05/19/2026","07/10/2026","N/A","06/24/2026","Production dates: 9.25.25, 10.24.25, 12.19.25, 12.20.25"
"Veterinary","No","07/10/2026","99033","Ongoing","Raaw Energy, LLC","967 Route 524","N/A","Adelphia","NJ","	07710","United States","Voluntary: Firm initiated","Telephone","Distributed to customers in CT, DE, MA, MD, NH, NJ, NY, PA, and VA","V-0176-2026","Class I","Turkey Medley packaged in 5-lb and 2-lb tubes. Frozen. Product sold in 50 lb boxes containing 5-lb tubes and 20 lb boxes containing 2-lb tubes.","Approximately 11,840 lbs/349 boxes","Potential Listeria monocytogenes contamination","05/19/2026","07/10/2026","N/A","06/24/2026","Production dates: 9.24.25, 9.25.25, 9.26.25, 10.23.25, 10.24.25, 11.13.25"
"Veterinary","No","07/10/2026","99033","Ongoing","Raaw Energy, LLC","967 Route 524","N/A","Adelphia","NJ","	07710","United States","Voluntary: Firm initiated","Telephone","Distributed to customers in CT, DE, MA, MD, NH, NJ, NY, PA, and VA","V-0177-2026","Class I","White Meat Turkey Breast packaged in 2-lb tubes. Frozen. Product sold in 20 lb boxes containing 2-lb tubes and 10 lb boxes containing 2-lb tubes","Approximately 2,420 lbs/136 boxes","Potential Listeria monocytogenes contamination","05/19/2026","07/10/2026","N/A","06/24/2026","Production dates: 9.3.25, 11.13.25"
"Veterinary","No","07/10/2026","99033","Ongoing","Raaw Energy, LLC","967 Route 524","N/A","Adelphia","NJ","	07710","United States","Voluntary: Firm initiated","Telephone","Distributed to customers in CT, DE, MA, MD, NH, NJ, NY, PA, and VA","V-0178-2026","Class I","Whole Chicken packaged in 5-lb and 2-lb tubes. Frozen. Product sold in 50 lb boxes containing 5-lb tubes, 20 lb boxes containing 2-lb tubes, and 10 lb boxes containing 2-lb tubes","Approximately 8,640 lbs/234 boxes","Potential Listeria monocytogenes contamination","05/19/2026","07/10/2026","N/A","06/24/2026","Production dates: 9.5.25, 9.6.25"
"Veterinary","No","07/02/2026","99206","Terminated","Go Raw, LLC DBA Steve's Real Food","2034 E Fort Union Blvd","N/A","Cottonwood","UT","	84121-3144","United States","Voluntary: Firm initiated","Two or more of the following: Email, Fax, Letter, Press Release, Telephone, Visit","Distributed to distributors in IL, CA, FL, GA, MN, PA, RI, CO, and WA.","V-0140-2026","Class I","Steves Real Food Chicken Recipe Freeze Dried Net Wt 1.25 lbs (20oz) UPC: 6-91730-18103-1. Packaged in plastic bags, 6 bags per case.","203 cases","Inadequate levels of thiamine for cats.","06/08/2026","07/02/2026","08/14/2026","06/17/2026","Lot C26022, Best By: 1/22/2028"
"Veterinary","No","07/15/2026","99212","Terminated","Midwest Legacy Beef, L.L.C.","522 Elm St","N/A","La Motte","IA","	52054-9771","United States","Voluntary: Firm initiated","E-Mail","Distributed to consumers nationwide.","V-0179-2026","Class I","Midwest Legacy Raw Beef Dog Food BLT & Bones Net Weight 5 lb-2.26 kg UPC: 850039082429. Packaged in a Styrofoam cooler wrapped in a plastic bag sealed. 6 packages per case. Frozen product.  ","1,586 lbs","Potential contamination with Salmonella, Listeria monocytogenes, and E. coli O8:H19","06/16/2026","07/15/2026","09/04/2026","07/08/2026","Batch A6062"
"Veterinary","No","07/21/2026","99258","Completed","Revival Animal Health LLC","1700 Albany Pl SE","N/A","Orange City","IA","	51041-9680","United States","Voluntary: Firm initiated","Two or more of the following: Email, Fax, Letter, Press Release, Telephone, Visit","Distributed to distributors, institutions, retailers, and consumers nationwide.","V-0180-2026","Class I","Breeder's Edge Foster Care GM Enriched Goat Milk Formula Net Contents 1 LB (454 GRAM) Powder Newborn Health  UPC:817160010080, 12 packages per case. Breeder's Edge Foster Care GM Enriched Goat Milk Formula  Net Contents 5 LB (2.27 Kg) Powder Newborn Health  UPC:817160010097, 6 packages per case.","4,109 packages","Elevated Vitamin D levels","06/11/2026","07/21/2026","N/A","07/08/2026","Best by dates: 01/08/2028 and 06/25/2027"
"Veterinary","No","07/10/2026","99287","Terminated","Doggone Raw, LLC","55 Cooper Ave","N/A","Tonawanda","NY","	14150-6649","United States","Voluntary: Firm initiated","Telephone","Distributed to a customer in NJ","V-0141-2026","Class I","Bosco's Blend Chicken Doggone Raw Net Weight 2 lbs and 10 lbs Frozen. Packaged in a white plastic tubs","40 lbs","Potential Salmonella contamination","06/18/2026","07/09/2026","07/10/2026","07/08/2026","4 24-27"
"Veterinary","No","07/21/2026","99305","Ongoing","MFV COMPOUNDING PHARMACY","9550 S State St","N/A","Sandy","UT","	84070-3211","United States","Voluntary: Firm initiated","Telephone","AL, CO, FL, GA, IN, MD, MO, WA","V-0181-2026","Class I","Diclofenac Sodium 0.1% Eye Ointment, 5.000 GM per tube","54 tubes","Presence of Bacillus cereus in eye ointment.","06/09/2026","07/21/2026","N/A","07/08/2026","Lot 19926"
"Veterinary","No","07/21/2026","99362","Ongoing","MARS PETCARE U.S. INC","2013 Ovation Pkwy","N/A","Franklin","TN","	37067-1513","United States","Voluntary: Firm initiated","Two or more of the following: Email, Fax, Letter, Press Release, Telephone, Visit","Complete distribution unknown.","V-0182-2026","Class II","Pedigree High Protein Chopped Ground Dinner Chicken & Duck Flavor Net Wt. 375g (13.2oz) UPC:023100137230. Packaged in cans and sold as single units.","unknown","Potential fraudulent distribution of product which may contain foreign material (plastic & metal)","07/02/2026","07/21/2026","N/A","07/22/2026","613C3KKCFC & 613C1KKCFC"
"Veterinary","No","08/06/2026","99455","Ongoing","Pegasus Laboratories, Inc.","8809 Ely St","N/A","Pensacola","FL","	32514-7064","United States","Voluntary: Firm initiated","Letter","Nationwide","V-0183-2026","Class II","Proin ER, phenylpropanolamine hydrochloride extended-release tablets, 145mg Tablets, Net Contents 30 Tablets, Manufactured by: Pegasus Laboratories, Inc., Employee-owned Pensacola, FL 32514, USA, NDC 49427-347-57, for use in dogs","7,248 bottles","Failed dissolution specifications","07/20/2026","08/06/2026","N/A","08/05/2026","Lot# 25108A1"
"Veterinary","No","08/24/2026","99468","Ongoing","Fundamental Feed","302 5th St Se Ste 1","N/A","Kasson","MN","	55944-2203","United States","Voluntary: Firm initiated","Two or more of the following: Email, Fax, Letter, Press Release, Telephone, Visit","Distributed to consignees in SC, NH, FL, TX, HI, KY, GA, NC, MT, MA, VA, and ND.","V-0184-2026","Class I","Sainforage Sainfoin + Grass + Alfalfa Forage Pellet 40 lb (18.14 KG) UPC: 720260672693. Packaged BOPP woven plastic bags.","549 bags","Elevated aflatoxin levels","07/17/2026","08/24/2026","N/A","08/05/2026","Lot numbers 05/13/2026"
"Veterinary","No","08/24/2026","99468","Ongoing","Fundamental Feed","302 5th St Se Ste 1","N/A","Kasson","MN","	55944-2203","United States","Voluntary: Firm initiated","Two or more of the following: Email, Fax, Letter, Press Release, Telephone, Visit","Distributed to consignees in SC, NH, FL, TX, HI, KY, GA, NC, MT, MA, VA, and ND.","V-0185-2026","Class I","Sainfoin Premium Equine Forage Pellet 40 lb (18.14 KG) UPC: 680140560949. Packaged BOPP woven plastic bags.","400 bags","Elevated aflatoxin levels","07/17/2026","08/24/2026","N/A","08/05/2026","Lot numbers 05/13/2026"
"Veterinary","No","08/24/2026","99468","Ongoing","Fundamental Feed","302 5th St Se Ste 1","N/A","Kasson","MN","	55944-2203","United States","Voluntary: Firm initiated","Two or more of the following: Email, Fax, Letter, Press Release, Telephone, Visit","Distributed to consignees in SC, NH, FL, TX, HI, KY, GA, NC, MT, MA, VA, and ND.","V-0186-2026","Class I","Seasons Biome Blend Functional Food For Horses 40 lb (18.14 KG) UPC: 680140560956. Packaged BOPP woven plastic bags.","1093 bags","Elevated aflatoxin levels","07/17/2026","08/24/2026","N/A","08/05/2026","SP90429623 04/30/2026"
"Veterinary","No","09/01/2026","99522","Ongoing","American Regent, Inc.","5 Ramsay Rd","N/A","Shirley","NY","	11967-4701","United States","Voluntary: Firm initiated","Press Release","Nationwide within the U.S","V-0188-2026","Class II","Vial Label: Adequan i.m. polysulfated glycosaminoglycan, 500mg/5mL (100 mg/mL), 5mL Single Dose Vial, For Intramuscular Use In Horses, American Regent, INC., Animal Health, Shirley, NY 11967, NDC 10797-995-01.  Carton Label: Adequan i.m. polysulfated glycosaminoglycan, PSGAG Injection, 500mg/5mL (100 mg/mL), Single Dose Vial, 7 Vials (5mL), For Intramuscular use in Horses, American Regent, INC., Animal Health, Shirley, NY 11967, NDC 10797-995-01.","109,837 units","Presence of particulate matter: products contaminated with particulate matter including glass.","07/31/2026","09/01/2026","N/A","08/26/2026","Lot #: 24416, Exp.: 12/30/2027; 25265P, Exp.: 3/31/2027."
"Veterinary","No","09/01/2026","99522","Ongoing","American Regent, Inc.","5 Ramsay Rd","N/A","Shirley","NY","	11967-4701","United States","Voluntary: Firm initiated","Press Release","Nationwide within the U.S","V-0189-2026","Class II","Vial Label: Adequan Canine, polysulfated glycosaminoglycan, 100 mg/mL, 5mL Preserved Multiple Dose Vial, For intramuscular Use In Dogs, AMERICAN REGENT, INC., ANIMAL HEALTH, Shirley, NY 11967, NDC 10797-975-01.  Packer Labeling: Adequan Canine, polysulfated glycosaminoglycan, 100 mg/mL, (500mg/5mL), PSGAG Sterile Injection, Multiple Dose Vials, 2 Preserved Vials (5ml), AMERICAN REGENT, INC., ANIMAL HEALTH, Shirley, NY 11967, NDC 10797-975-02","153,818 units","Presence of particulate matter: products contaminated with particulate matter including glass.","07/31/2026","09/01/2026","N/A","08/26/2026","Lot #: 3369, Exp.: 10/31/2026; 25011, Exp.: 12/31/2027."
"Veterinary","No","09/09/2026","99567","Ongoing","Westwood Laboratories, LLC.","710 S Ayon Ave","N/A","Azusa","CA","	91702-5123","United States","Voluntary: Firm initiated","Letter","US Nationwide.","V-0194-2026","Class II","Remedy Recovery Dogswell, Pet Wormer, for dogs, cats, puppies, & kittens, Net Contents 236 ml (8 fl oz), Distributed by Whitebridge Pet Brands, St. Louis, MO 63141, NDC 86131-300-08.","N/A","Firm received complaints related to adverse events after administration of the product.","08/05/2026","09/09/2026","N/A","08/12/2026","Lot # 24I19C-5, Exp Date: 09/2026; Lot # 25B17A-5, Exp Date: 02/2027."
"Veterinary","No","08/26/2026","99620","Ongoing","Raw Bistro, Inc.","305 Cannon St W","N/A","Cannon Falls","MN","	55009-1509","United States","Voluntary: Firm initiated","Telephone","Distributed to one customer in IL","V-0187-2026","Class I","Raw Bistro Dog Fare Free Range Turkey Entree Premium Raw Food For Dogs Net Wt. 18 lb (8.16 kg) bulk box (36 8 oz patties) Keep Frozen UPC: 858833002612","1 box/18 lbs","Potential Salmonella contamination","08/10/2026","08/26/2026","N/A","08/26/2026","Best by: 7/20/2027 Lot # 201"
"Veterinary","No","09/03/2026","99623","Ongoing","Miller Foods, Inc.","308 Arch Rd","N/A","Avon","CT","	06001-4210","United States","Voluntary: Firm initiated","Telephone","Distributed to wholesalers, retailers, and consumers nationwide.","V-0191-2026","Class I","Oma's Pride Pet Food Woof Complete Canine Chicken Recipe  Net Wt. 6 LB (2.76 KG) 12 individual 8 oz. portions. UPC:  8 7938400145 9. Frozen. Item Number: F-WOOFC-6, Product Number: 879384001459. Packaged in flexible packaging bag.","639 bags","Potential Salmonella contamination","08/10/2026","09/03/2026","N/A","08/26/2026","BB012729"
"Veterinary","No","09/02/2026","99688","Ongoing","ICU Medical, Inc.","951 Calle Amanecer","N/A","San Clemente","CA","	92673-6212","United States","Voluntary: Firm initiated","Letter","US: AZ, MO, FL, NC, WA, MN, CO, PA, KS, CA, AL, IN, ID, TX.  OUS: CA, PE  ","V-0190-2026","Class II","IV Sets with drip chambers","1,721,800","Product may have black specks which could result in a delay in therapy.","05/12/2026","09/02/2026","N/A","09/02/2026","All products manufactured on or before 7/4/2026. UDI-DI: 10887709053783 10887709053905 10887709078267 10887709054100 10887709054230 10887709054230 10887709054414 10887709054445 10887709054476 10887709054636 10887709054711 10887709054742 10887709054803 10887709054810 10887709054827 10887709054834 10887709072050 10887709051512 10887709064192 10887709065205 10887709071060 10887709071367 10887709075655 10887709076270 10887709077802 10887709078458 10887709078489 10887709078519 10887709078700 10887709078809 10887709081465 10887709095301 10887709095318 10887709098319"
"Veterinary","Yes","09/22/2026","99714","Ongoing","A Place for Paws LLC","5529 W Middletown Rd Unit B","N/A","Canfield","OH","	44406-9492","United States","Voluntary: Firm initiated","Telephone","Distributed to consignees in OH and PA","V-0197-2026","Class I","Beef Lung Treats For Dogs A Place for Paws Nothing But... the Basic Treat Net Weight 5 oz. (141.747g). Packaged in plastic bags.","19 bags","Product may be contaminated with Salmonella","08/20/2026","09/22/2026","N/A","09/09/2026","Batch 559"
"Veterinary","No","09/03/2026","99719","Ongoing","Fromm Family Foods, LLC","13145 Green Bay Rd","N/A","Mequon","WI","	53097-2206","United States","Voluntary: Firm initiated","Two or more of the following: Email, Fax, Letter, Press Release, Telephone, Visit","Distributed nationwide and in Canada.","V-0192-2026","Class I","Fromm Pate Turkey Pate Net Wt 12.2 oz.(345 G). Wet dog food packaged in cans, 12 cans per case.  Individual can- item code: 11870, UPC: 072705118700 Case- item code: 11871, UPC: 072705118717 ","3,852 cases","Potential foreign material (metal) contamination.","08/21/2026","09/03/2026","N/A","09/02/2026","EP2A3306 551006  Best By 032029"
"Veterinary","No","09/03/2026","99719","Ongoing","Fromm Family Foods, LLC","13145 Green Bay Rd","N/A","Mequon","WI","	53097-2206","United States","Voluntary: Firm initiated","Two or more of the following: Email, Fax, Letter, Press Release, Telephone, Visit","Distributed nationwide and in Canada.","V-0193-2026","Class I","Fromm Diner Classics Milo's Meatloaf Pate, Net Wt 12.5 oz.(354G). Wet dog food packaged in cans, 12 cans per case.  Individual can- item code: 13232, UPC: 072705132324 Case- item code: 13233, UPC: 072705132331","1,973 cases","Potential foreign material (metal) contamination.","08/21/2026","09/03/2026","N/A","09/02/2026","EP2A3306 551029  Best By 032029"
"Veterinary","Yes","09/25/2026","99743","Ongoing","Revival Animal Health LLC","1700 Albany Pl SE","N/A","Orange City","IA","	51041-9680","United States","Voluntary: Firm initiated","Telephone","Distributed nationwide.","V-0198-2026","Class I","Breeder's Edge Foster Care Feline Milk Replacer 12 oz., UPC: 817160010196 Breeder's Edge Foster Care Feline Milk Replacer 18 lbs, UPC: 817160011278 Breeder's Edge Foster Care Feline Milk Replacer 4.5 lbs, UPC: 817160010103  Shelter's Choice Feline Milk Replacer 1 lb,  UPC: 817160011032 Shelter's Choice Feline Milk Replacer 3.5 lbs,  UPC: 817160011049 Shelter's Choice Feline Milk Replacer 8 lbs,  UPC: 817160011063    ","80411.25 lbs","Product may contain low levels of potassium, copper, folic acid, choline and/or pyridoxine (vitamin B6).","08/21/2026","09/24/2026","N/A","09/09/2026","Best by dates: 9/09/2026, 10/31/2026, 4/16/2027, 4/18/2027, 4/23/2027, 5/01/2027, 5/20/2027, 6/25/2027, 8/06/2027, 11/14/2027, 2/05/2028 and 3/12/2028."
"Veterinary","Yes","09/22/2026","99786","Ongoing","Morasch Meats Inc","4050 Ne 158th Ave","N/A","Portland","OR","	97230-5003","United States","Voluntary: Firm initiated","E-Mail","Distributed nationwide.","V-0195-2026","Class I","Northwest Naturals Chicken Recipe Raw Diet for Cats, Complete and Balanced Topper for Dogs Raw Frozen Net Weight 2 lbs (907.18 g) UPC 087316384956. Packaged in plastic bags, 12 bags per case.","52 cases","Product may be contaminated with Salmonella","08/28/2026","09/22/2026","N/A","09/09/2026","Lot B-5  Best By 01/26/2028"
"Veterinary","Yes","09/22/2026","99786","Ongoing","Morasch Meats Inc","4050 Ne 158th Ave","N/A","Portland","OR","	97230-5003","United States","Voluntary: Firm initiated","E-Mail","Distributed nationwide.","V-0196-2026","Class I","Northwest Naturals Raw Diet for Dogs Chicken Recipe Raw Frozen Net Weight 6 lbs (2.72 kg) UPC: 087316380392. Packaged in plastic bags, 6 bags per case.","18 cases","Product may be contaminated with Salmonella and Listeria monocytogenes","08/28/2026","09/22/2026","N/A","09/09/2026","Lot B-19  Best By 01/25/2028"





